вид,d,π₀,α,m,m̂,SE,z
virtual,17,0.31665052577402086,0.7759581740987462,0.7095086548666566,0.7122348276890191,0.0032009297948784256,0.8516815416334618
prior,35,0.2298112215100464,0.8414913703029,0.3392277307994645,0.34369999999999995,0.006494504677032729,0.6886236014813039
prior,17,0.08304704341629293,0.15913004248748033,0.24155899360034633,0.24509999999999998,0.005469395487620181,0.6474218965640028
real,37,0.3175091109855129,0.6654828623760239,0.036736277461220004,0.0372,0.0018925157859315204,0.2450296807176921
virtual,14,0.1288119018401872,0.3671810081335545,0.6858720593936065,0.6889431178942322,0.0033878618856070567,0.906488695325144
prior,11,0.15697064835440466,0.4229120311673573,0.16430005711739673,0.15969999999999998,0.005895691901719424,-0.7802404186106106
prior,12,0.08190324309029581,0.8786284957498958,0.293237635360269,0.2971,0.0055542379315258,0.6953905625483298
real,21,0.31736496274950204,0.2248748481567026,0.18221765502153645,0.1792,0.0038351969962441305,-0.7868318171117898
virtual,13,0.4896135164192516,0.20599406990342428,0.22123668393126508,0.22102496377497638,0.005414663167996943,-0.039101260728472025
real,34,0.05162244598773563,0.18337326768228185,0.03861982352274222,0.0381,0.0019143769221341969,-0.27153666382621633
real,4,0.15744029227682652,0.6866243125105024,0.1843916643476684,0.1853,0.0038854074432419566,0.2337813126681198
virtual,34,0.12705758185819527,0.7658141744261536,0.28071638705665025,0.2775602309151435,0.005283898099104191,-0.5973158608115196
real,39,0.42309369953691256,0.3023413953529193,0.18970607842535311,0.1901,0.003923799051939332,0.10039290224411009
prior,6,0.36637378751514,0.952769334416699,0.30116089780496735,0.3007,0.006739083839810868,-0.06839176005566147
virtual,35,0.3773758848611094,0.5891014685327763,0.5921850968558765,0.5936018570778634,0.004037823701711719,0.35087223381899896
real,9,0.17063480291892613,0.4949893317430247,0.0934416691088028,0.0952,0.002934909879365975,0.5991089891922173
real,10,0.47409584266357674,0.6252142267887838,0.2737879124427798,0.2805,0.0044924353083823036,1.4940866359714429
virtual,12,0.26385455789198775,0.21737456103557595,0.09028678666335722,0.08875964096110911,0.005632665985542464,-0.271123071413765
virtual,34,0.35408223059459126,0.8067306907724784,0.1617365725211362,0.16195826368222765,0.00550713269133134,0.040255278657149694
virtual,8,0.22737798870591452,0.5424839083153005,0.0620198728221657,0.05748757718218234,0.00561523030719244,-0.8071433212949493
prior,16,0.36550654649177644,0.21879643665591586,0.07437465120893554,0.07450000000000001,0.006924295993095615,0.01810274881222055
prior,40,0.3095496975295981,0.9772078741805099,0.17377451341607356,0.17159999999999997,0.006791879121421405,-0.320163739253725
real,3,0.12297579806076034,0.8476766078820502,0.14963585304114604,0.1471,0.003542055759019048,-0.715926911847465
virtual,11,0.20672866349571012,0.4928343925647205,0.5394498993556665,0.5426193422525285,0.004283750120538787,0.7398757648504989
virtual,23,0.36167773072133585,0.8493125883812022,0.30245854600283306,0.2982590798070208,0.005269393616231109,-0.7969543559768978
prior,21,0.30826360642778694,0.9785292929807555,0.37615729354242905,0.36950000000000005,0.006570310114446654,-1.0132388618599735
prior,38,0.2297693720794155,0.12443288137819056,0.582012179949699,0.5813,0.005743840439984384,-0.12399020431370163
virtual,3,0.06926201356768687,0.8389635426765469,0.43615200348022587,0.43150282988595134,0.004806239236873418,-0.9673204693195696
real,29,0.0879937825880136,0.6103743265086814,0.10508012387207427,0.1047,0.003061664743240187,-0.12415594258435414
virtual,36,0.13369294054748618,0.09821438023497278,0.5025336631558444,0.49873897537728906,0.0044933036088925715,-0.8445206709480602
real,8,0.28416380860991614,0.6730655232049447,0.28714433631584146,0.2798,0.004489008353745847,-1.636070984299461
virtual,17,0.4456669293244442,0.7868028430885137,0.5657993549322117,0.5737026632451112,0.004118952309119768,1.9187666473828382
prior,32,0.2890892952032835,0.488690482868381,0.43118977221557375,0.4318,0.0063778413275966655,0.09567936125752041
prior,34,0.329379719516975,0.6624976450913643,0.08026324833895097,0.07979999999999998,0.006794486441225709,-0.06818003729321194
real,39,0.27960530729103367,0.3446174454007643,0.19427073035600115,0.2,0.004,1.4323174109997159
virtual,38,0.2586718207771763,0.9799307479301735,0.5921941215241829,0.5938737195346806,0.003944780407991206,0.4257773150300555
virtual,38,0.27707680116832745,0.22761902490757763,0.5398347305840501,0.5414423766158034,0.004289973877485073,0.37474494662792596
prior,6,0.3625002308303837,0.7385586211887327,0.43995071993190654,0.45020000000000004,0.0062060156300157675,1.6515072921380094
real,32,0.3782842106782967,0.7076537115077768,0.30841344621076583,0.3047,0.004602802515859225,-0.8067793910277287
prior,40,0.43961691138858144,0.31069229679489707,0.07672056783196142,0.0857,0.0070364930896008124,1.2761232127562554
real,27,0.1085987984883359,0.3068293014787856,0.09900608685985977,0.1025,0.003033047147671793,1.1519481795138575
virtual,13,0.26144952549714995,0.4336540244547908,0.11796531039529692,0.1194184021910134,0.005599328501279546,0.2595117959920417
prior,22,0.23357899025645612,0.25703617270068846,0.26924538897141614,0.2625,0.006569754561625571,-1.026733785584085
real,30,0.40296314656464044,0.4281477244989531,0.34355319532862294,0.347,0.004760157560417512,0.7240946602353047
prior,7,0.4902717611036378,0.8145799345266127,0.028894535779243134,0.025100000000000067,0.007068304959465175,-0.5368381529947714
prior,5,0.2713785964667412,0.6496348198077363,0.03348044240636439,0.035499999999999976,0.006376665507928105,0.31671060542922763
prior,25,0.17629328023394542,0.5043108536585644,0.14022488604358999,0.14200000000000002,0.006040844311849131,0.2938519625357897
real,16,0.059183200967341476,0.27715071316075535,0.02969979649062075,0.0301,0.0017086248856902442,0.23422549485902874
prior,36,0.14489668641134185,0.23759608156014156,0.33763796794903667,0.3366,0.006146184182075899,-0.16888005928355984
real,12,0.10610758006943435,0.8439444571106145,0.1200185960924668,0.118,0.0032260812141048155,-0.6257114928295247
virtual,20,0.11531150282835552,0.1858447367858202,0.5021761838036538,0.5095100243699542,0.004452934865175333,1.6469678511705803
real,11,0.36101548662196375,0.42378580759552215,0.03775481795288374,0.037,0.0018876175460087246,-0.39987864834153924
real,34,0.09769276451141717,0.42880555096755574,0.10298001949204875,0.1021,0.0030277977145113243,-0.2906467257806193
real,11,0.2536577482355801,0.4963553802918893,0.22149079869778754,0.2271,0.00418957742499169,1.338846554965763
real,13,0.242044373781099,0.9947589460833276,0.411983599637695,0.4153,0.004927736904502918,0.6730067831491819
prior,5,0.47796142400969044,0.9662795000198581,0.09383914431255237,0.09119999999999995,0.007036252980102406,-0.37507808772873513
real,16,0.21781586366763744,0.5005384286920302,0.0915597344128029,0.0855,0.0027962430151902036,-2.167098631944445
real,23,0.2546292479895175,0.47922229894303003,0.10858624736081796,0.1069,0.0030898606764707044,-0.5457357264224688
real,25,0.3950678628106363,0.7796845664090118,0.4152227745472829,0.4143,0.004926007612661596,-0.18732706480417144
virtual,37,0.21642576633054061,0.5081032754279158,0.03151653527995896,0.03530539406300659,0.005610200494886509,0.6753517608686246
real,13,0.16850207215922813,0.8112079076484309,0.27825908679526634,0.2728,0.004453988774121461,-1.2256624504724187
virtual,19,0.4771458299424321,0.3153454282092353,0.46946206864782314,0.47213688090583483,0.004607913436847485,0.5804823147549563
virtual,36,0.27479633831424377,0.8674373021647787,0.4389333135158112,0.438062870325157,0.00480545592151006,-0.18113644259183762
real,16,0.14437502873054137,0.4007320348428557,0.1921975625782747,0.1987,0.003990216911397173,1.6295949734342805
virtual,3,0.31711832818102875,0.8472898940656113,0.07030523186122185,0.0680469940663957,0.005628512384162588,-0.40121396928615644
prior,36,0.32165508775301366,0.528212392685059,0.44292746236311364,0.4494,0.006296931792547859,1.027887525246238
real,29,0.27074927303838076,0.9300474399887342,0.27224227395071693,0.2759,0.004469666542372037,0.818344280184693
prior,40,0.1013906685916903,0.8004444055843744,0.040330255406587044,0.043,0.004592201868385143,0.5813648158180322
virtual,12,0.08032650631543777,0.6155113899225905,0.07364970717330986,0.07085333258932303,0.00564482142163506,-0.49538760841381
real,11,0.2409573749915701,0.3132038892590971,0.0635747154466001,0.0614,0.002400625751757237,-0.9058952421085287
prior,40,0.23787641876483723,0.22914925657602964,0.5073557210829686,0.5051,0.006101777364014522,-0.36968262661823276
real,40,0.06629262731038456,0.7237738953390472,0.10259257457994651,0.0983,0.0029771985153832117,-1.4418167138559095
real,12,0.3635574681505494,0.8409624143669263,0.09048773635872928,0.0901,0.002863249727145713,-0.1354182819099767
prior,7,0.303327260486487,0.7563665907405288,0.04404919270414797,0.040000000000000036,0.006634527262736961,-0.6103212096045422
virtual,33,0.15147439021329223,0.9021684792949083,0.383458832961016,0.380631223545016,0.004986658378349826,-0.5670349162630481
prior,21,0.2378885711557734,0.5711563856483739,0.43923195855353764,0.4406,0.006322970029978001,0.21636057738314368
prior,15,0.19249998064113738,0.631654497439429,0.4302038610333305,0.4454,0.006214410028313227,2.445306778509137
prior,38,0.4094561572581106,0.3693263501434623,0.38328176717112133,0.38189999999999996,0.006378207820383403,-0.21663878161911523
real,9,0.49877817038458166,0.609374425878464,0.23694715095030747,0.2333,0.004229315665683989,-0.8623501385578467
virtual,21,0.4897284086827279,0.4461804506145931,0.4012787249950073,0.4021530667910844,0.00492739523477588,0.1774450301665152
virtual,19,0.33992450441120753,0.48220532102944524,0.5859195107800507,0.5837784799893249,0.004045634146152906,-0.5292200711628277
real,32,0.4057567258285689,0.8314145525546703,0.39411507608357105,0.3836,0.004862623160393986,-2.162428742004158
prior,3,0.43967155100820904,0.937572070733661,0.23645196798355173,0.24340000000000006,0.0068135152454514986,1.019742638880369
virtual,7,0.4089747294614675,0.9388309426637109,0.5579383127865183,0.5567955037677095,0.004183312513594022,-0.27318279834345566
virtual,6,0.2521660548252026,0.8733543383227658,0.08961869715438689,0.08937384688095751,0.005588375399929093,-0.04381421359640369
real,39,0.2140947365031458,0.6174416580191815,0.2196959362353168,0.2237,0.004167233014843302,0.960844702089156
virtual,35,0.413410879105416,0.33244204061407057,0.22211598329517612,0.21876211150287617,0.005431264203446892,-0.6175121788719942
prior,15,0.4713058269259977,0.571385424110822,0.3949407725067235,0.3978,0.006058217229515627,0.47195856222294935
prior,20,0.3470846143174918,0.692929758653889,0.09063233335092487,0.09079999999999999,0.006891937318345256,0.024327941670163125
virtual,11,0.2820709248248063,0.7892236973954323,0.26366040895049725,0.2590630704175245,0.005320897136159612,-0.8640156754262841
real,3,0.3335888933155419,0.9774101805537062,0.40042256636300844,0.4009,0.004900807994606604,0.09741937197232853
prior,15,0.3214669611847648,0.8399919231370272,0.4268959938369816,0.4316,0.006360307382509119,0.7395878658245988
real,5,0.4715793811327634,0.7401366123405071,0.07784666546961244,0.079,0.0026973876250921,0.42757463542088414
virtual,4,0.13731007529319547,0.6797755695361203,0.4424505623485415,0.44414440167788793,0.004726399424418561,0.35837837161948893
prior,36,0.33589135814539844,0.6503229351238953,0.06878128122900039,0.06530000000000002,0.006827453039018284,-0.509894569630161
prior,38,0.3210312042862733,0.2971379615062361,0.4709024979176739,0.4734,0.006168502411444774,0.40487980967508697
virtual,4,0.3141062015407568,0.7835609422258847,0.6943210559029334,0.6926257244165668,0.0033641852154832497,-0.5039352407126769
virtual,29,0.10479750601311613,0.22402473131562428,0.08452732392059882,0.09081974492066669,0.005603722132993145,1.122900252855126
virtual,33,0.06297964059231094,0.6081545309340934,0.5886931493750367,0.5877956912670603,0.004036723692605418,-0.22232339300813583
virtual,24,0.3873420214106657,0.9552484480217216,0.3471044041965772,0.34030602150618416,0.005105465077371436,-1.33158930427807
real,31,0.08069966769455612,0.729927639793036,0.012767369410152453,0.0134,0.001149801722037326,0.5502084209150374
prior,37,0.30362987686975507,0.11613981665226203,0.05975359057938577,0.06109999999999999,0.006682189386720493,0.20149225690758402
prior,24,0.4295055367975891,0.8756519669468162,0.2970419672401876,0.2915,0.006682639224138918,-0.8293081601905168
prior,30,0.15600831263066928,0.7506598278741898,0.4731712977590505,0.4667,0.006054822127858093,-1.068784123199291
real,27,0.23246236697424638,0.8612075605349011,0.08342689964919618,0.0904,0.002867539712017952,2.4317362795637396
prior,19,0.1422817881780748,0.8693111796288405,0.1491307575379759,0.14750000000000002,0.005710028633903687,-0.2855953345475597
prior,38,0.4318625016036027,0.8919731077126036,0.22013912122521578,0.21949999999999997,0.006875795444892177,-0.09295233261928913
real,34,0.45401365620136713,0.8334827690511262,0.21606130533729476,0.2206,0.004146512269365665,1.0945812692360766
real,17,0.44332042728706045,0.148402920108083,0.18371497090889674,0.1798,0.0038402078068771224,-1.01946850425275
real,18,0.11282499559966282,0.3714412894301925,0.016505251447457018,0.0169,0.001288968192004752,0.3062515855639711
virtual,34,0.2961448587211564,0.38480381202289876,0.33514955280201986,0.34066159594092604,0.0050837469218165555,1.0842481389566476
real,7,0.3612272839592303,0.962298323026314,0.0794103543866151,0.0789,0.0026958262184347123,-0.18931279142742166
real,35,0.1770050362455169,0.1480069853604336,0.09178172767000087,0.0989,0.0029852770390702437,2.3844595449057886
virtual,37,0.19758685950238492,0.499237014211221,0.5036355488283052,0.5030300014397504,0.004491258824769668,-0.13482798747093777
real,22,0.21394246577054432,0.635203087980733,0.2929973270708366,0.2946,0.004558627425004153,0.35156918513952135
real,24,0.4869374767085968,0.17287399636363826,0.07848887031503621,0.0817,0.0027390711929411397,1.172342541967945
real,8,0.21008151855435914,0.6116488180383755,0.15479489011106565,0.1544,0.003613317589141591,-0.10928740729913283
prior,24,0.3926290152990524,0.3925413067245383,0.44278505344113434,0.45220000000000005,0.006095759673740426,1.5445075040316665
real,15,0.42060674428728223,0.3815157913300934,0.03715630076512154,0.0366,0.0018777763445096437,-0.29625507145623814
prior,26,0.26839480737423893,0.4873774482334228,0.18585436791951176,0.18669999999999998,0.006653333224782899,0.1270990121670639
real,23,0.1124386579382683,0.5671920526782918,0.14324983358802384,0.1518,0.0035882692206689287,2.382810733020254
prior,13,0.27355560476499874,0.9638729523660942,0.0594394511388668,0.065,0.006495502136093867,0.8560614321461981
virtual,6,0.26071622570938957,0.8746145561624143,0.6946449732509817,0.695113348306539,0.003352261636279991,0.13971912290147442
virtual,9,0.4378944175348883,0.9805277014905672,0.6978121829492628,0.6976428562474499,0.003339734822880537,-0.05070064265367802
real,36,0.44168681780143093,0.20128773247841375,0.1378347956939856,0.1389,0.003458421460724531,0.308003034942779
real,8,0.3278668000952565,0.6541119432822007,0.06665791893090403,0.0725,0.0025931399885081407,2.2528984532211744
prior,32,0.4986424819166995,0.289131451835146,0.06686681293459365,0.0756,0.007035650218707579,1.241276469683651
virtual,10,0.10076696784269742,0.581119893477639,0.4977054553161557,0.49887240885194606,0.004505528455032897,0.2590048087448739
virtual,28,0.42192184813295547,0.48136459454433816,0.6568086971507201,0.6556701892542374,0.003609421973142731,-0.3154266541718399
real,20,0.2757527679552679,0.4535087478992795,0.06590949782682475,0.0656,0.0024758158251372417,-0.12500842093437348
virtual,36,0.24091234973897596,0.6372149412470445,0.1998641476051907,0.201154525152206,0.005491357438091564,0.23498334638798415
prior,17,0.4829875035596145,0.44424421982991436,0.01716081059807668,0.015000000000000013,0.007068742320950736,-0.3056852973225994
virtual,26,0.1496364652279592,0.6798610890594272,0.4896395423526612,0.48642927699224603,0.004561174172295351,-0.7038243310054665
prior,26,0.24176452974828055,0.991314753565532,0.2572503359186151,0.25880000000000003,0.006568095462156439,0.23593811787810384
real,11,0.2723151634286181,0.6813632111874985,0.3994193541238013,0.3953,0.00488915033518095,-0.8425501040865135
virtual,15,0.06319326527974523,0.575080106077638,0.2112346187228468,0.21343541235480057,0.005425532994574673,0.405636392618842
prior,13,0.4379122588192991,0.4304808670725194,0.4113479987127047,0.4082,0.00612359093996325,-0.5140772372890744
real,7,0.24217058526159396,0.9335934992229042,0.12408006726446309,0.1201,0.0032507843668874744,-1.224340594535923
virtual,37,0.4602986544793079,0.43660440331002126,0.14136797894416153,0.14066976783984897,0.005545096934239345,-0.1259150403667994
virtual,40,0.4641809213867531,0.8304391375247565,0.6269637973041258,0.6283182380713384,0.0038048902516307076,0.3559736753595178
prior,6,0.23612847991745717,0.5697707718352938,0.33127044350123525,0.3112999999999999,0.006569977397221395,-3.039651781706483
real,10,0.23361379758452205,0.6053447157148222,0.2469298064053318,0.2454,0.004303241104098165,-0.3555009743411516
prior,33,0.2819992737137301,0.11837407370965825,0.24508118040588325,0.2513,0.0067059900834999745,0.9273529362081995
prior,31,0.2199958289075491,0.16290050438885406,0.5162575898050732,0.5193,0.006037303288720884,0.5039352918729024
prior,12,0.15262144625003082,0.23383289103760688,0.13576351303033624,0.1277,0.005816639493728316,-1.3862837879209398
prior,7,0.4670756840978465,0.9615993707780255,0.09210974926414178,0.09099999999999997,0.007039254363922361,-0.15765153619529762
virtual,35,0.3516116781199969,0.41725160474882916,0.7167111633010556,0.7165550831151966,0.0031649395464624047,-0.049315376666026874
real,22,0.4599658794707524,0.3264125393354068,0.12753299421770126,0.1259,0.0033173662746220833,-0.49225623055062756
virtual,34,0.40751507501551354,0.9878022315628696,0.04569066096471681,0.04334036629049698,0.005687528755454207,-0.41323653475438715
prior,6,0.45045512542985283,0.4792942956103167,0.20829438461965266,0.21450000000000002,0.006861494225021253,0.9044116597399222
virtual,13,0.14928112061499757,0.5184981154307672,0.359348808549971,0.35148695849402234,0.005009617442756785,-1.5693513817738294
real,16,0.33275551392771213,0.5096601223562331,0.04264764423109188,0.0418,0.0020013185653463567,-0.4235428810631087
real,7,0.23146241863973077,0.40796265017601424,0.12540828335375645,0.128,0.003340898082851376,0.7757544773804009
real,32,0.1964024860650962,0.3901488048895461,0.013165636360519727,0.0146,0.0011994515413304534,1.1958495946316026
real,3,0.16178829366645697,0.8410059992601933,0.20032339167317373,0.1941,0.003955062452098576,-1.5735255128200494
prior,17,0.15283837827541596,0.4165135760741896,0.3452989304333018,0.3555,0.00611881875855136,1.667163217155547
virtual,25,0.43704924416344204,0.39410350956436024,0.0581305622618184,0.07459859505118671,0.0056133354130417715,2.9337339705564762
prior,13,0.21743053934235979,0.9548159829267149,0.04240162805731277,0.03940000000000002,0.005978230841979924,-0.5020930333159642
virtual,31,0.24439767615481423,0.8732864276216951,0.6593239164427684,0.6589410698931992,0.0035653095036352078,-0.10738101395653404
prior,39,0.14973187760009438,0.5875151406171962,0.17280745186950827,0.16849999999999998,0.005880735243147748,-0.7324682529327171
virtual,22,0.1437604128812517,0.846341623320074,0.4941722280915748,0.4924623207469936,0.004511717103428621,-0.3789925887156767
prior,22,0.45001144479929195,0.8119173000561309,0.34299878506678877,0.3545,0.0064001783568897515,1.7970147536326433
real,3,0.1430171932552796,0.9257085206848695,0.016270618069538275,0.0139,0.0011707600095664354,-2.0248539838802495
real,29,0.3022065787807865,0.4717282777580563,0.20306929826107878,0.2025,0.004018628497385645,-0.14166481461252955
prior,32,0.2696322106045274,0.9975019150592357,0.1712345773034783,0.16460000000000002,0.006668529972940063,-0.9949085226279907
virtual,24,0.294142242651964,0.7972924432262342,0.5113270659125261,0.5150407589161872,0.00442738979925616,0.8387996476580901
real,23,0.3331913925515971,0.4479116100498233,0.11003689753811634,0.1045,0.003059080744275966,-1.809987378880656
virtual,9,0.4841643363110729,0.6912172301339321,0.33671942707873703,0.337960907258398,0.005136317369556075,0.24170628299167374
real,22,0.37716008329553646,0.738396039014262,0.5198019866727465,0.5231,0.004994661049560821,0.6603077355056034
real,6,0.09776794246095391,0.43908239331956656,0.029121868643567944,0.0301,0.0017086248856902442,0.572466996485839
prior,28,0.21163198802543043,0.36464150915208343,0.28833970036334505,0.281,0.006454401753842102,-1.1371619932050143
prior,8,0.1702566537535521,0.41543216575504227,0.2979537079002986,0.2933,0.0062667888906520535,-0.7425984793010008
real,22,0.3604559445582347,0.2884927870347568,0.10896886730060695,0.1086,0.003111366902183026,-0.11855474208076934
real,13,0.44146451413002996,0.9057438746058633,0.2827662844839851,0.2798,0.004489008353745847,-0.6607883635391106
prior,33,0.47418522086461634,0.7483088975104901,0.08613666773883302,0.08649999999999997,0.007039782880174644,0.051611287926244906
real,40,0.18373779403152446,0.7501929939485269,0.13955484282280708,0.1362,0.003430008163255592,-0.9780859587292785
prior,35,0.44505442518585425,0.8674657604276945,0.16208123462747256,0.16059999999999997,0.006968120263026464,-0.21257305723211714
real,14,0.3595020491343738,0.7332913364447806,0.42307107955451345,0.4228,0.004940042105083721,-0.05487393604084443
prior,39,0.23931452562759387,0.5650913790289035,0.39862627414479357,0.3933,0.006441330840750225,-0.8268903238283646
virtual,29,0.45356240252697816,0.5026229791479098,0.7188445109672768,0.7202085873993211,0.0031457890633068814,0.43361980240673315
virtual,34,0.3410153963396704,0.61805678608843,0.5307727821852087,0.5323209834871183,0.00432183079723285,0.3582281154784798
real,9,0.2716145631655384,0.4686124967556469,0.3276976065617155,0.3277,0.0046937480758984075,0.000509920482694654
prior,11,0.18913217411842453,0.44601662245982726,0.5033068540422979,0.5042,0.006039032869590958,0.14789552847102883
prior,14,0.25141312640906727,0.5072755635192456,0.24423989418605282,0.2515,0.00663021771889883,1.0950026261208448
prior,21,0.40556868350450737,0.443697280186078,0.5225644824284535,0.5301,0.005522209249928872,1.3645838523130083
virtual,35,0.07555493913782416,0.7900901645503102,0.7004798181515846,0.7017399562302011,0.0032914022639096248,0.38285751104751026
virtual,18,0.16040400085051512,0.25846051538693166,0.37722402519613096,0.3796416118132533,0.0049665286020863396,0.48677593764520855
real,17,0.2545940768978406,0.5198152892773683,0.17443303051141437,0.1694,0.0037510483867846866,-1.3417663523473171
virtual,26,0.07845799014649357,0.18614872841624297,0.2904712814274243,0.29264092690524723,0.005246613840513906,0.41353252664968937
prior,3,0.45062128682767116,0.998965882800074,0.4626372321254398,0.4641,0.0057224958715581436,0.25561711312549107
prior,32,0.3123313925897788,0.3889508396149944,0.4072175357769527,0.4094,0.006446789898856639,0.33853503174259886
virtual,16,0.43254055942757463,0.4323065755325643,0.5964382576298698,0.5978815769952823,0.003963959646938202,0.3641105091792155
real,18,0.3427987116753849,0.9170448209006918,0.34030565385576106,0.3496,0.0047684362216559,1.9491392381486823
real,7,0.12184422959375885,0.8553041462344272,0.08508835992975923,0.0821,0.002745170122232865,-1.0885882465195102
prior,27,0.0882917807650063,0.3000636595673214,0.1233683961784842,0.11739999999999999,0.004964128725164166,-1.2023048774358358
real,16,0.3963766522895642,0.7585463931056724,0.10033542885979474,0.1015,0.00301989652140599,0.3856327963393498
prior,9,0.26637041669041917,0.3416758536724406,0.3360234295029319,0.3426,0.006575825727617788,1.0001132586965007
prior,26,0.3278685838196831,0.7531527411875839,0.11900880506788368,0.11130000000000001,0.006842516423071266,-1.1266038093663164
prior,11,0.20131819856455024,0.48716063107579854,0.5111096645229262,0.5072,0.006067998022412334,-0.6443087997863081
prior,39,0.4996040109535009,0.687527550566909,0.1478938195424212,0.14890000000000003,0.006908369923505834,0.14564658070137312
real,20,0.3048156965929371,0.9378614680450221,0.05977559470682224,0.0617,0.0024060987095295984,0.7998031359045887
prior,13,0.19100145390944911,0.5442145801896254,0.11627733908948686,0.11329999999999998,0.006079715042664417,-0.489716881234299
real,33,0.3629427901477754,0.7738357902443905,0.3158149242986516,0.3215,0.004670521919443265,1.2172249267649469
real,8,0.2239689137093656,0.5181510084331233,0.29693798770500335,0.2985,0.004575999890734265,0.34134884884055344
virtual,32,0.2589479780706675,0.7873131301890328,0.32517844499835935,0.3265113116956573,0.005166934069313368,0.25796084862276053
real,17,0.3172208197945717,0.5995054083887477,0.18035357490874018,0.1799,0.0038410413952468673,-0.11808644116709055
real,11,0.4351855085819307,0.8553624611029936,0.5037931391081731,0.4929,0.004999495874585757,-2.1788475041147435
prior,17,0.3901631730279967,0.35882755974024294,0.18992554546114535,0.19090000000000001,0.0069378064977339915,0.1404557101978763
prior,10,0.27855866817530767,0.25089226528158964,0.12048474046149765,0.11550000000000005,0.006655274224252521,-0.748990994741086
real,3,0.2942349152932164,0.8648851975508778,0.0355089589485014,0.0332,0.0017915847733222115,-1.2887801810348063
real,35,0.28000924909772296,0.400580348137742,0.21648015035966003,0.2175,0.004125454520413478,0.24720903728148466
virtual,20,0.2966906343465819,0.6008249101954287,0.7132941195938103,0.7142414421592949,0.003195682995355209,0.2964382158247454
prior,28,0.28037546171218475,0.6800309163220978,0.05801936588832766,0.058499999999999996,0.006533062604934993,0.07356949423831845
real,31,0.4119875548176991,0.4424719987980834,0.16826272617232954,0.1675,0.0037342167853513806,-0.20425331901499666
prior,32,0.21345168703411288,0.21409246657887754,0.07077827119194328,0.06189999999999998,0.006091188636054543,-1.4575597182119187
virtual,9,0.24710800059552213,0.5354526796747393,0.5279065324583717,0.5320400987199403,0.004337125096800244,0.9530659525172922
real,39,0.28730287238062063,0.18436370360720403,0.04380804825839419,0.0439,0.002048726189611486,0.044882396716590396
prior,36,0.34222618741768085,0.7286360114364466,0.23739745061584275,0.2526,0.006817979466088176,2.2297734189099465
prior,20,0.43844569277574624,0.5331978052933861,0.09674949801660951,0.08829999999999993,0.007040482582891602,-1.200130519055879
prior,3,0.10748165196297343,0.8778890421425889,0.7105368251135532,0.7077,0.004969428840420195,-0.5708553648015089
prior,26,0.2074938483112025,0.1087331089583271,0.28760267854091776,0.29479999999999995,0.00640004687482834,1.1245732413913359
virtual,31,0.33711890207388195,0.4514539604958222,0.09635587123544638,0.09566527386759338,0.005592491342773291,-0.12348653319694458
virtual,35,0.06185953766357122,0.298588272771235,0.14959890977199963,0.14791456405689396,0.005499038851934768,-0.3062982023691389
virtual,14,0.2463409194668188,0.9423231132014322,0.2473972327252744,0.24513135210639003,0.0053598109205343246,-0.4227538345062498
virtual,7,0.10736768621514989,0.9844131359834873,0.23402644787477006,0.22530561717591824,0.005435419185579947,-1.6044449197199002
prior,29,0.09957946861754469,0.3824303841518124,0.6346644066227229,0.6314,0.005354647700829627,-0.6096398502962591
real,23,0.30683580876962196,0.7149603104539822,0.36560097155203214,0.369,0.00482533936630368,0.7044123096717214
real,40,0.4813841621226132,0.187283906948975,0.05987360031003461,0.0587,0.0023506235342989315,-0.49927191356255596
virtual,16,0.19292888834697902,0.22879030650392845,0.4857657977560442,0.4910605189591395,0.004516266500283981,1.1723668660302344
real,17,0.403586637662402,0.26807075616979115,0.09122233174619039,0.0904,0.002867539712017952,-0.2867725746722801
prior,27,0.2688244048859201,0.504077932974874,0.2996358624355455,0.2905,0.006662159334630177,-1.3713065053933717
real,25,0.3923833648301633,0.9596926781796037,0.4738005899058363,0.4696,0.004990749843460399,-0.8416751064653123
virtual,7,0.18383059656849593,0.8474592636688629,0.2541643136614976,0.2532675855090889,0.005356873324956046,-0.16739767734120684
virtual,10,0.17892904966807738,0.6912451954966274,0.6163554214139203,0.6207168678332735,0.0038499787027870365,1.1328494924389885
real,34,0.2395985405424121,0.08021817042694407,0.09037847456580479,0.0901,0.002863249727145713,-0.09725821787902363
virtual,29,0.40220507174042314,0.4016293357370829,0.5169860126059903,0.5238048556829451,0.0043823251983834055,1.5559874651635153
real,3,0.27811920420246933,0.9125816874041707,0.08590085985886226,0.0818,0.002740597745018411,-1.496337748331143
virtual,30,0.1395943572194401,0.6743857060520915,0.6719660163171097,0.6709768937394873,0.0034870268871711463,-0.2836578580054569
real,37,0.4336376080935895,0.38107469548596884,0.29577019001265,0.2993,0.004579514275553686,0.7707826146962407
virtual,33,0.11905253641434059,0.9851074637918295,0.1189446620666169,0.12411784780836443,0.005607720254545031,0.9225113784081316
prior,26,0.2031281267100879,0.751223815745025,0.027150204935911058,0.039599999999999996,0.0058362556489585,2.1331819256941986
virtual,25,0.3588059098380319,0.2297583951926158,0.6294906902235528,0.6273607587982517,0.003764236591625858,-0.5658335690268291
prior,36,0.23356500776845895,0.39079349878288094,0.28324185176198036,0.2777,0.006548291609267259,-0.8463049742832812
prior,9,0.15279524806705733,0.8784703274069104,0.2677555386048335,0.2678,0.006093826876438156,0.007296136905105839
virtual,29,0.18769862572880014,0.6297530815262193,0.5887802348065725,0.5947774104363703,0.003957525971446456,1.5153850342530812
virtual,9,0.3298872995491667,0.7082436900887219,0.15073573553138997,0.15013692674506918,0.005527237087054768,-0.10833781451554714
virtual,20,0.29544757807627375,0.3618870318981625,0.48819839879973836,0.4947892853435336,0.004537762539987047,1.452452940345808
real,14,0.19954984105573564,0.34832776887397265,0.08370832692470773,0.0842,0.0027768752222597256,0.17705983738519002
real,5,0.33497083686307233,0.6281798106407145,0.3014241355229259,0.2905,0.0045399311668790744,-2.406233733811344
virtual,16,0.44840553443816933,0.8207493165132056,0.06657602806839769,0.068847673750565,0.005621669634145273,0.4040873672777991
virtual,13,0.49058136306393857,0.7156499002773173,0.14347537567059085,0.14245029962803013,0.0055537704969976145,-0.18457299290902962
prior,12,0.4599695325582753,0.5768841710811936,0.32129548637647315,0.3212,0.00646345418487669,-0.014773273507002608
virtual,14,0.22913592199436855,0.3574663136392095,0.6422548548023767,0.6375394487055146,0.0037488847633710106,-1.25781569573292
virtual,8,0.053306803678129074,0.8511589911973704,0.41610422730369667,0.42092663921951257,0.004816280629666068,1.001273033409237
prior,10,0.4267118921809708,0.34502721728329255,0.4998291804337941,0.4988,0.005583935529713788,-0.18431094490928454
prior,16,0.23666207199031913,0.9466367743489517,0.3196561168442175,0.3129,0.006555346443934142,-1.030626970214388
prior,7,0.2144817985595272,0.7191201579973132,0.2622762394237845,0.2568,0.006480461094706147,-0.8450385464481858
real,31,0.4371178082106408,0.698728205568026,0.32266796175639634,0.3209,0.004668224394777955,-0.378722530642277
prior,11,0.15187136035500615,0.7219351021131534,0.20654140850322936,0.2126,0.006002271403393885,1.0093831300838751
real,7,0.47631840430957156,0.9380930542410006,0.14441419868006297,0.1452,0.0035230237013111334,0.22304741226821126
prior,12,0.13767856201707498,0.9686980064401441,0.5229900967397851,0.5154,0.005888798009780943,-1.288904242797676
real,21,0.2982502659168634,0.4098673983307498,0.34314255796250026,0.3468,0.004759514260930416,0.7684485930681422
virtual,27,0.17534300972539107,0.14091602352863547,0.1738717144310996,0.1632818311349724,0.005520371512555867,-1.918328009635027
virtual,20,0.3318334063446127,0.897389226102404,0.18925165907893352,0.18950127834224828,0.005468894229737426,0.04564346151685404
virtual,32,0.10319943261546491,0.494477989894895,0.09330285633321711,0.09688783260450728,0.005597010483401981,0.6405162688048335
virtual,40,0.3737072226953349,0.6776046601904725,0.49731305511673807,0.4952582605855569,0.004530578402555376,-0.4535391176592857
prior,6,0.30301663605039736,0.6845688466189601,0.2049651210266842,0.197,0.00678935843802638,-1.1731772743168953
real,30,0.42210782997752955,0.5902114139032572,0.03923612886848622,0.0384,0.0019215993338883108,-0.43512133551500504
real,13,0.09619949866345084,0.3566199061864823,0.014981057770053608,0.0129,0.0011284320980900887,-1.844202919764399
virtual,9,0.15667269993326224,0.4067445361347434,0.36634420889634944,0.3592783528195085,0.005103887530505835,-1.3844066967793622
real,33,0.449563910088538,0.38571629987169825,0.31965206518790706,0.3182,0.004657775864079335,-0.31175076480286995
virtual,14,0.07846577923906531,0.6756348873989444,0.26431168855410203,0.2663365430999529,0.0053627351545757936,0.37757869584947945
real,28,0.4594099711343027,0.5666786785804373,0.2604135600017123,0.2555,0.004361418920489065,-1.1265966629872146
prior,39,0.1992947414870903,0.26367710136722694,0.46820784728272896,0.4724,0.006149053910968744,0.6817557266481306
real,16,0.31013464433370225,0.20462248568203895,0.2202720598588934,0.2204,0.004145163929207143,0.030864917115857204
virtual,33,0.4036134749498376,0.9797262673326345,0.12266917321546489,0.12914733329582218,0.00554653467732573,1.1679653075712386
virtual,37,0.08172236355248574,0.46208071345458945,0.3994081352799415,0.4023879607297334,0.004931764840131381,0.6042107737060066
virtual,9,0.32042823310601753,0.9699755642962808,0.10297617928906991,0.10342098324448656,0.005591079953863514,0.0795559997508693
prior,25,0.24361648714685707,0.14887851404887284,0.36460130597956286,0.36119999999999997,0.006506431894671611,-0.5227605598005826
real,5,0.09174349693190156,0.9705868724327125,0.042694794000861194,0.0408,0.001978265907303667,-0.9578055173804991
real,36,0.16952571653682863,0.9328037886752483,0.03213026292229182,0.0319,0.0017573386127892369,-0.13102934210632824
real,25,0.31241530857505845,0.8970292170932149,0.3198577328118024,0.3125,0.004635124054434789,-1.5873863839227096
virtual,32,0.2610712498239891,0.6115885225228133,0.130856025158069,0.14048816345414994,0.005612432447991975,1.71621456210616
real,29,0.25506541712361264,0.4004819331084314,0.02106061256073614,0.0198,0.0013931245457603565,-0.9048814512474954
real,19,0.4632436857246285,0.24927190559136872,0.2788842863161264,0.283,0.0045045643518546825,0.9136762986145398
virtual,34,0.27168287266960633,0.25322155648865563,0.08297783819513728,0.07647727452879849,0.005610064192926851,-1.1587324926753384
prior,39,0.35948211798898716,0.9470474735833233,0.25708179889893396,0.25389999999999996,0.006835150254383585,-0.4655053335357791
real,4,0.35178885158066103,0.9129038406266479,0.5273190629592114,0.5288,0.004991698708856535,0.29667997352506653
real,23,0.4458181514620252,0.2912896042860266,0.26698768193482697,0.2725,0.004452457186767774,1.2380395439972043
prior,38,0.1074628085345575,0.09158230147997609,0.5354003831560921,0.5382,0.005697078198515447,0.4914127463859416
prior,24,0.10959102555688861,0.5150219285163475,0.7217873522953994,0.7242999999999999,0.004859114219690663,0.5170999468212825
prior,21,0.17946341394259585,0.9113931473206053,0.7067236645569432,0.7005,0.005029533477371436,-1.2374238256777403
virtual,19,0.36602958909199035,0.17081006817305855,0.3283282051331322,0.3274062565848901,0.005125664431441463,-0.17986908050140332
virtual,17,0.3972120395353035,0.943107422439061,0.31158399784981816,0.31417389438721677,0.005218514303736187,0.49629001410312773
prior,34,0.24834225576538305,0.883383300612376,0.19173097533590294,0.20629999999999998,0.006558518963912509,2.2213894240851344
real,35,0.05130366215094357,0.8890916578573731,0.06011899406801229,0.0603,0.0023804182405619398,0.07603955006872135
real,40,0.16644515520841724,0.16113441797677996,0.04803849701975387,0.0474,0.00212492917529032,-0.300479200520478
real,20,0.4102381782200411,0.4258982884542516,0.38169673716651603,0.3746,0.004840194624186098,-1.4662090509861252
virtual,10,0.2251901577940555,0.9831814354729473,0.2791118951018043,0.28686638735399184,0.005241287057015086,1.4795015361367623
real,28,0.3892737034899962,0.37136391648656364,0.34070509599368953,0.3395,0.0047353959707716105,-0.2544868478006379
real,28,0.32400609591898305,0.485981697181181,0.3223820718477903,0.3241,0.004680375946438491,0.36704917978158863
real,22,0.22757477579064955,0.8032071372073103,0.22767671090071254,0.2274,0.004191530030907568,-0.06601668094278954
prior,13,0.21849657322044608,0.8220279658911783,0.6716921154339438,0.6713,0.005185141753124981,-0.07562289569180551
prior,22,0.49556552080325267,0.1296621479130556,0.26746069874963774,0.2661,0.006563698576260187,-0.2073067088362584
prior,40,0.3124486584404551,0.7149687913474849,0.4152611057728912,0.4144,0.006426755168823533,-0.13398764232819782
virtual,29,0.48371233219798637,0.1532233021374398,0.05393439561385349,0.054168904690605535,0.005613620513165577,0.041775014218016854
real,13,0.23085415527318487,0.9823751989403673,0.01627354902351823,0.0156,0.001239219108955313,-0.543526982961106
virtual,31,0.17159532217391818,0.6569728913882857,0.4246545726258985,0.43579338641090914,0.004757255473278636,2.341436958258186
real,37,0.05358205622181844,0.7012112166433899,0.07297303827039206,0.0743,0.002622584793672075,0.5059747668825486
real,23,0.3125852749408906,0.9079965302513848,0.19333237478289722,0.1927,0.003944194594590891,-0.16033052318576158
real,40,0.06586231390357904,0.798917728391055,0.03452152731450387,0.0324,0.001770599898339543,-1.1981969029216746
virtual,6,0.1313975689385673,0.7251311314576923,0.6145493648480788,0.6178856953558516,0.0038593606828516746,0.8644775085669406
real,17,0.26003734576750476,0.9652457640323958,0.22133057200266512,0.2196,0.004139756514579088,-0.4180371470086541
prior,36,0.2544144318008895,0.43618911372333813,0.6503131291891678,0.6462000000000001,0.005277391401061702,-0.7793867986255962
real,39,0.1286770864031795,0.9036818716619941,0.1746398962947751,0.1775,0.0038209128490453693,0.7485393721920299
virtual,25,0.3636350647211813,0.3214995944469152,0.3008634427157142,0.31184650569620387,0.00518999348975706,2.11619976059041
prior,22,0.06803157775035758,0.48690496600075445,0.7367179783435726,0.7392,0.004675190477403032,0.530892092723059
real,39,0.37750425779832764,0.4798962120426557,0.20344087343678774,0.2045,0.004033357782295044,0.2625917710205189
virtual,27,0.14660717337956286,0.7007472117644149,0.3855863675651877,0.38599408981574035,0.005001157021284909,0.0815255847431642
prior,25,0.3820841015724133,0.9455047479995735,0.5220680323123444,0.5323,0.005641915897990682,1.8135626040259794
prior,16,0.309933914011433,0.3101507199894018,0.49122911264243235,0.5014000000000001,0.006069613167245504,1.675706025625261
prior,39,0.14058140842736053,0.06958716620115821,0.22845757473312372,0.2301,0.005948274960019921,0.27611791282606973
prior,13,0.2514508123496536,0.5053493353678143,0.3756721228908883,0.38780000000000003,0.006458847420399401,1.8777153754720168
virtual,40,0.4742182036325506,0.15966081231372767,0.3826828976116513,0.377131864114546,0.004995194624316395,-1.1112747179225189
prior,34,0.38195087863744254,0.8377951994006404,0.33370625201325566,0.335,0.00663175255871327,0.1950838749320564
prior,3,0.4298861880101466,0.9258754015487847,0.26853069111774513,0.26920000000000005,0.006757672380339254,0.09904429285477054
prior,10,0.09924674042257764,0.5994059028647634,0.041174043359540266,0.03849999999999999,0.00450599411894867,-0.593441378073564
real,12,0.23364754876788418,0.9076853482726419,0.3225082496212069,0.3252,0.004684495276974884,0.5746084091542425
real,37,0.12146508403000592,0.8613329625827828,0.14058116513320537,0.1396,0.003465715510540356,-0.2831060801792099
prior,11,0.48490064045687997,0.9981405651203369,0.3234538233769192,0.3327,0.006311545848680812,1.464962284162661
virtual,40,0.3445422284858217,0.6085727258374741,0.5916587574967088,0.5894220495186135,0.00401271852705806,-0.5574046529835042
prior,13,0.1674667344475121,0.9785654068827551,0.5595603091591278,0.5582999999999999,0.005818627931050412,-0.21659902885393367
prior,21,0.21486179300280328,0.483380068887003,0.36036240498042577,0.3534,0.0064584193112556575,-1.0780354518468283
real,37,0.28957031767390934,0.8568910307418914,0.024930261267762883,0.024,0.0015304901175767194,-0.6078191927405578
prior,32,0.16741056495735518,0.1431879857893661,0.40468001866223213,0.398,0.006188137684311815,-1.0794877236114695
real,18,0.05273091915315429,0.4858311901977187,0.030540102431777197,0.0293,0.0016864610876032686,-0.7353282212633684
prior,36,0.4174619077803807,0.5992415455903352,0.15768033032730905,0.1482,0.006992902544723472,-1.3557074857939324
prior,20,0.3227807723514146,0.5442445877781011,0.5400806304657176,0.5449,0.005787273537685946,0.8327530231462758
virtual,16,0.17196032690514143,0.560600339565201,0.2485638553769597,0.24517083547189866,0.005391103508947742,-0.6293739119327937
virtual,19,0.13499633561433755,0.4180801107091089,0.44010900683623294,0.4489137627248012,0.004734195337243947,1.8598209962527732
virtual,14,0.37819888972355215,0.631166177861769,0.328525474878186,0.3302338119803858,0.00523231816456218,0.3264971755292246
prior,25,0.48339001237940904,0.5979428983201278,0.40196132362899656,0.40590000000000004,0.005921834090887721,0.6651108947925705
prior,24,0.22494670207127154,0.4089689705854553,0.47069940557747925,0.484,0.006170147324010992,2.1556364417364513
real,18,0.2648801707192114,0.9457117214378952,0.22957353232557687,0.2319,0.004220454833308846,0.5512362449805372
virtual,34,0.19209660203705986,0.5394832101241255,0.48132232665728814,0.4885442613108604,0.004570645890667391,1.5800687312745887
real,11,0.11756948525590913,0.9457120103133841,0.10550024039564954,0.1053,0.0030693958688966794,-0.06523772240610641
prior,10,0.31420223638179823,0.34294575165300334,0.402551770866648,0.40269999999999995,0.006467986626454943,0.02291735309805111
prior,35,0.2549134110502738,0.9463670862454375,0.39006396397320886,0.3902,0.0064782459045639815,0.020998898281291287
virtual,7,0.1747885142730636,0.8259122288600815,0.4196777164238323,0.4224449429099808,0.004843046067199468,0.5713814090867596
virtual,23,0.49034087592605285,0.9678867838888362,0.41313080965086596,0.4090224543083363,0.004880625687795496,-0.8417681677173158
real,5,0.29589542303866434,0.871835779731584,0.23301206688548948,0.2314,0.004217274475297997,-0.38225325264739196
virtual,29,0.34117052071020737,0.23782711093184833,0.5831847016294808,0.5819921231291554,0.004050436928064832,-0.29443206288739016
prior,16,0.08704627745910579,0.9673550985815095,0.1738797084714497,0.1753,0.005252735953767332,0.27039080986579056
virtual,36,0.06773138864093114,0.49557120943000954,0.4502950991715635,0.4469675096313974,0.004699049320221847,-0.7081410118098099
prior,35,0.4554622835462067,0.6560800378683954,0.0948936951939979,0.09870000000000001,0.007036319705641579,0.5409510888128478
virtual,30,0.30719067651797877,0.6082123792657624,0.6228862288170427,0.6263225575102851,0.00378851916397802,0.9070374319115713
real,19,0.09201204669765875,0.3911846225643606,0.10347612649792447,0.1029,0.003038282244953553,-0.18962244172060758
prior,18,0.078158864013325,0.16504375536076873,0.2847359747441129,0.28690000000000004,0.005504495889725052,0.39313777305686226
prior,23,0.3168062927549498,0.39997867215103344,0.15770332092258393,0.1598,0.006829225139062264,0.3070156620585455
virtual,22,0.3551188041088863,0.13256233797405143,0.2783744839633469,0.2754072409975019,0.005302280600297919,-0.559616359360211
prior,18,0.16989639144873972,0.2607914848997841,0.6127867405995759,0.6082000000000001,0.005602541923091697,-0.8186892061746016
virtual,14,0.4248893393562206,0.938681633450468,0.4234982428296693,0.4304705893357619,0.004866082915674575,1.4328458077919974
prior,34,0.22663881596348434,0.6009441545801111,0.1432866588398461,0.14289999999999997,0.006361046690600534,-0.060785411372230876
virtual,38,0.42141204700775675,0.6012407504531154,0.36383690395317636,0.3672651466253427,0.005062054628135897,0.6772433179822872
prior,40,0.16109405155795575,0.8536324702623909,0.566859612366214,0.5615,0.005797974042715265,-0.9243939911990339
virtual,4,0.3767258141985041,0.8512334344010423,0.5244710157867999,0.520385136745559,0.004419009984985883,-0.9246141228743947
virtual,15,0.09363564299256857,0.861228048866245,0.03859287089131808,0.03396534641527493,0.005624647765662449,-0.8227225363859098
virtual,11,0.06124336824816158,0.4153506931282544,0.1337284910428753,0.13758465692311694,0.005544884725621734,0.695445635221798
virtual,38,0.47449828896735213,0.7800058387410967,0.6671862551199452,0.6628638172339283,0.0035490552034926947,-1.2179122719091953
real,31,0.2399892833683238,0.16126381368607828,0.044330051782807155,0.0411,0.0019852151016955316,-1.6270538039169842
prior,20,0.15901315113202394,0.13581367902586544,0.620904620675088,0.6196999999999999,0.005532915596681373,-0.2177189682435449
virtual,40,0.41174074587361187,0.6355321615247211,0.679157377796686,0.6792296842221175,0.003441259615266443,0.021011615953290087
real,35,0.3167545300803256,0.821564049049836,0.4400530199053783,0.4472,0.0049720434430925884,1.4374331552856021
real,18,0.07916767848691754,0.31855928732644345,0.06294333593832176,0.0644,0.0024546413179933235,0.5934325520394439
virtual,38,0.11194079718649068,0.5279657663795198,0.04639470681284352,0.03865408646250601,0.005650382015686356,-1.3699286754149231
real,24,0.12549540356425215,0.8688580899858832,0.05613310752654301,0.0595,0.0023655813239032808,1.4232833339677837
real,3,0.2599165218100193,0.9967352987150402,0.19196598430837858,0.1942,0.003955835689206517,0.5647392528756784
prior,8,0.3068098287488999,0.31649453576832104,0.5771632761932273,0.5811,0.005593078490420102,0.7038563491493194
real,25,0.24198376491605267,0.27023739391478896,0.12148364653675015,0.117,0.003214202856074893,-1.3949482150063979
virtual,16,0.2909518166275995,0.3928888266891525,0.2056118364817798,0.19989819300619738,0.005471095768247428,-1.0443325647382504
prior,37,0.17315520757003608,0.4408189692249086,0.5741266554987958,0.5751,0.005753926919939112,0.16916177677390812
real,30,0.14886151490709143,0.9268120128298027,0.08003528720389082,0.0769,0.002664327119555705,-1.1767651129917007
prior,10,0.4500071932617236,0.37784070285761284,0.44138453057559146,0.43860000000000005,0.005912940892652319,-0.47092142914054763
virtual,40,0.14120428488826814,0.6171511809499617,0.2217014999627357,0.21165590225353115,0.005421858081529901,-1.8527961370707717
real,9,0.1960144503220097,0.8988713369024697,0.017596926571050036,0.0164,0.0012700803124212265,-0.9424022712140662
prior,12,0.4317471509182034,0.47345491787097704,0.4747101489808004,0.4878,0.0057059712582521824,2.2940618567379936
real,35,0.39667346589119207,0.5970451958555458,0.27985842361932683,0.2788,0.004484089205178684,-0.23603982233548496
prior,4,0.4733379699737319,0.7530225017385082,0.062426665846114004,0.06790000000000007,0.007054401392038874,0.775875067169116
virtual,27,0.3400745087612699,0.9043911935188119,0.4146127096015785,0.41970129017393276,0.004863062120501064,1.0463737551084344
real,27,0.19026926192398524,0.19647183316133565,0.05092296751671477,0.0511,0.0022020170299068987,0.0803956013422461
virtual,39,0.4498361256860873,0.3147095831538687,0.3222657089330836,0.3124839455981121,0.005189116695304351,-1.885053643874119
virtual,22,0.35514232220251696,0.42952140152180524,0.12195418008747082,0.12789515050485534,0.005568533539426478,1.0668823982689706
virtual,28,0.2072083373740699,0.37972249402605257,0.6165580364644212,0.6096468632190932,0.003884041583109326,-1.7793767387514194
real,3,0.26828586656212616,0.9969012860657188,0.18358126545387682,0.1835,0.0038707589695045597,-0.02099470788986473
real,22,0.4158386093334841,0.6577281459333758,0.24549472248347307,0.2412,0.004278113602979705,-1.00388229066236
prior,27,0.35533132827986863,0.24507988794314356,0.11307134891999922,0.11120000000000002,0.006923880848194891,-0.2702745701476177
prior,11,0.20853397952541936,0.946801200288625,0.278935683019073,0.28990000000000005,0.00640135821525401,1.712811033570938
virtual,38,0.1863803149001111,0.6732796596755374,0.5098777937156553,0.5081107496348691,0.00446069568116734,-0.3961364341097083
real,8,0.21261764188596982,0.8949535240552441,0.2327125222727994,0.2381,0.004259206381475309,1.2649017785643168
prior,18,0.220360650790617,0.591297718277269,0.09416296669391537,0.09259999999999999,0.006227246903728806,-0.25098839311791143
virtual,4,0.3712436935070144,0.7782400885558488,0.5974427189206142,0.5970831418752269,0.003986440758408449,-0.09020002232036362
virtual,5,0.45459053753865336,0.578467530326306,0.3793790666509711,0.38145027754554817,0.004984543526302259,0.41552669439995427
virtual,32,0.2596687616773392,0.13857690987086896,0.5163156724584684,0.5183811688931721,0.004394985682150341,0.4699665901284742
real,34,0.4711784879317212,0.3728613142426333,0.17309713891862138,0.1724,0.0037772773263291116,-0.18456122185206106
virtual,38,0.07314614541477038,0.9773026290975172,0.061335486401655204,0.06523133145220505,0.0057045025864509895,0.6829421130955468
prior,18,0.47019191483944756,0.872282530144455,0.14068446010772975,0.1311,0.0069901097988515175,-1.3711458594405048
real,9,0.35445718699219136,0.9403194602260547,0.17987354082659726,0.1775,0.0038209128490453693,-0.6211973212606208
real,39,0.26341150464320934,0.12338303342427212,0.04828262506220259,0.0466,0.002107805493872715,-0.7982828904725303
real,3,0.41606764831943466,0.962980891186726,0.16459475102257703,0.1681,0.0037395506414541306,0.9373449682874043
real,8,0.21161169014938985,0.32900421910217686,0.028313049721038895,0.0287,0.0016696200166504951,0.23175948724990986
virtual,17,0.289299285479738,0.6294174350926556,0.3166955525386399,0.3130608715279477,0.005225266241335041,-0.6955972849650522
prior,34,0.08674460349870033,0.5824102783296242,0.19562445217465524,0.201,0.005365141377447569,1.0019396409460797
real,26,0.35147789082267983,0.3359310772255907,0.0399456914183797,0.0407,0.0019759430659814065,0.3817461113160437
real,37,0.34948607627530426,0.17194193847092393,0.1677173134649108,0.1683,0.0037413247653738913,0.1557433721023048
real,35,0.4972647709193045,0.27020067388655933,0.1391219859896767,0.1459,0.003530059347943034,1.9200850020475848
real,21,0.20381668353150317,0.20020257866897878,0.10432408442176033,0.1018,0.0030238511868145895,-0.8347250793182296
real,29,0.146443660934288,0.7641217678362417,0.14393115856335295,0.1386,0.003455286384657573,-1.5428991897820015
virtual,14,0.22670487747518603,0.6928116320814226,0.40247466689706857,0.41361721949330144,0.004854599552698032,2.2952567920952807
virtual,37,0.25950018777539036,0.541139510387574,0.5901587466243501,0.5906699214017344,0.004015898749020772,0.12728776528763702
virtual,24,0.39452660519723104,0.411261013820777,0.600270781775723,0.6009961981205616,0.00398140562157719,0.18220106509801307
virtual,26,0.10213338349026216,0.3424851258207435,0.4222699360892234,0.42312623347697564,0.004821538726151629,0.17759836359039047
virtual,14,0.34739868961215586,0.8240555771524891,0.2577855775377298,0.2569703720511054,0.005363789887634932,-0.15198311337729214
real,21,0.32004472318274524,0.9806797245194915,0.22819726250984268,0.2239,0.004168558383902041,-1.0308749726134758
virtual,3,0.3740721371603415,0.9256122480245575,0.47288218417421546,0.4689057869866917,0.004614472168574054,-0.8617230838673603
real,4,0.22698686526750544,0.7808368201626805,0.17964956869145704,0.1819,0.0038576208989479516,0.5833728527229575
prior,31,0.2806899556023094,0.9812776037633711,0.43106678450380687,0.4314,0.00637922722592635,0.052234461070596615
prior,19,0.4071533710439001,0.860811564470292,0.34089768297977846,0.34169999999999995,0.006551948946687543,0.1224547118345777
real,10,0.24184036558474642,0.315049383257745,0.21339632409324222,0.2098,0.004071657647690925,-0.8832579760927936
prior,14,0.4671757187332781,0.7727041888547483,0.02165072737835215,0.02799999999999997,0.007059518255518573,0.8993917703498338
virtual,18,0.07573960832106579,0.3879554091149302,0.6657631772959922,0.663800356483661,0.003540024979797261,-0.5544652434751028
virtual,38,0.08902170099448845,0.07101757636935421,0.6279822859408205,0.627871109556438,0.00382634336537645,-0.029055516916887694
virtual,31,0.4105493971452997,0.8036196167450249,0.4218282546362752,0.43020409532457493,0.0048106222869142385,1.7411137663174092
prior,36,0.11214126062224336,0.6173442302352666,0.2416768787081878,0.2479,0.005724575006059401,1.0870887856696967
virtual,15,0.37154367894627094,0.21714182654096298,0.4404216601255714,0.44800762603725475,0.004724678209827402,1.6056047787348657
prior,38,0.1968103767542807,0.16800876186919783,0.29150155817217466,0.2981,0.006371712407194787,1.0355837498840208
prior,31,0.2382023935331789,0.1125181031640912,0.2789208258325607,0.2825000000000001,0.006550354723219193,0.5464092127334994
prior,18,0.4956720584315236,0.4142676934909086,0.29374674434209785,0.2954,0.006472564715783072,0.2554251259737502
prior,21,0.40486246179554475,0.7707754421442987,0.5055273957688748,0.5061,0.005669786151170078,0.10099220955749492
prior,32,0.21490133015240892,0.547183915070222,0.08729341103452669,0.0902,0.006157062611343172,0.4720739659392935
real,33,0.23479677005079747,0.9725823115065149,0.09672265188894287,0.0922,0.0028930807109377368,-1.5632650246653281
real,29,0.2506147340007586,0.9444178155592822,0.3677422230799461,0.3589,0.004796777981103566,-1.8433671757957433
prior,25,0.39182066556190726,0.6218000072456272,0.43456863420916286,0.4387,0.006165723882886746,0.6700536497107686
prior,25,0.28062131857493,0.6779532447407786,0.6062826345088469,0.6073999999999999,0.005481460936648185,0.20384446848512852
virtual,18,0.3937048662873469,0.852074016937673,0.5846356344864421,0.5885861200773974,0.004044367582434327,0.9767869785410367
virtual,31,0.3613718905968372,0.5297365357053648,0.6919358166923146,0.6938336303376091,0.0033474016715918146,0.5669512748949633
real,14,0.4249837834701674,0.6033242391411899,0.31752745336272764,0.3223,0.0046735715464727825,1.0211776132697166
prior,38,0.17822211653028658,0.1658853411067806,0.36497227388998993,0.369,0.006276039196818324,0.6417624211225362
real,21,0.19246781478025288,0.31880375497614905,0.20352953454700418,0.2044,0.004032624951566907,0.21585579205861835
real,36,0.17209213614120372,0.3565704955983552,0.08821218228589935,0.0853,0.0027932760336207376,-1.042568743957781
prior,23,0.2861159902392415,0.548929243569156,0.5115047546542675,0.5086,0.006053959861115698,-0.4798106893513667
real,10,0.23614012137485874,0.4059776231210525,0.09999361848975617,0.097,0.0029595776725742477,-1.0115019171476292
prior,38,0.3022214396104524,0.5104546307787606,0.14171871592021798,0.1316,0.006783367157982826,-1.4916951544204773
real,38,0.46384393882122193,0.25972202576756653,0.1533067731466404,0.1561,0.0036295012053999924,0.7695897301821552
virtual,18,0.3944216942341431,0.7717046372460119,0.16369192331957003,0.1686521605436515,0.00554534156200731,0.8944872319615905
prior,20,0.26205392911237524,0.6807342001708316,0.5184173250420159,0.5195000000000001,0.006037091601094023,0.17933717583281306
real,38,0.22114314672628582,0.12902752513893803,0.05807235534337264,0.0553,0.0022856489231725856,-1.2129401480978468
prior,7,0.09264171893988116,0.6838422674238691,0.23117519557016641,0.2294,0.005491090055717535,-0.3232865518783505
real,19,0.13792154632748846,0.5387620325698537,0.1879882869860391,0.1873,0.0039015216262376397,-0.17641501239167312
prior,8,0.11434214260813036,0.5191088629407563,0.7027154857810037,0.695,0.005057460034444168,-1.5255653487040837
prior,24,0.2340220777608617,0.9896549963361054,0.29332039763051426,0.2986,0.006532708779671722,0.8081796613855825
virtual,30,0.0517432702458262,0.0916528472970268,0.589143420309063,0.5947601859825213,0.0039720771236388406,1.414062592096102
prior,19,0.14011088151896833,0.976170718752551,0.33323892275936234,0.34520000000000006,0.006096492106121354,1.9619605885535163
prior,30,0.4496395257304885,0.4215346900783484,0.08842284436925751,0.09689999999999999,0.007036653963355026,1.2047140124964486
virtual,39,0.09442862346259104,0.5296421285197375,0.42031655711927157,0.41896093072587925,0.004846905373113362,-0.2796890570449788
prior,8,0.31353182698158166,0.8996367216756264,0.29968603438013214,0.2974,0.006730814363804724,-0.3396371161898922
prior,12,0.2764942829150183,0.3080128063109348,0.3558966208567453,0.33419999999999994,0.006632947308700711,-3.271037722293525
real,23,0.43514393754685904,0.5119249355487656,0.129478040104973,0.1351,0.0034183035266049737,1.6446637495093022
virtual,17,0.4222474645164798,0.9467064282653379,0.4563170658933518,0.46079135396588833,0.004725007420626003,0.9469377874424035
prior,25,0.4216241237525613,0.647228824547315,0.1572512058471357,0.15160000000000007,0.006989298534187819,-0.8085512186227315
prior,26,0.1591533545429672,0.43514866988629597,0.5040508527965888,0.5006999999999999,0.005988117483817431,-0.559583676446624
virtual,12,0.3829104263403346,0.6088052649265262,0.26872438744498367,0.26653086724966446,0.0052819070441251165,-0.4152894356137878
virtual,24,0.19734390127145535,0.3105915620841507,0.6551349016890712,0.6547739500115681,0.0036102508729196074,-0.09997966629148698
virtual,32,0.3963928283070952,0.37653945764694835,0.539744101227257,0.5476103140419575,0.004246178875621156,1.8525391993877651
real,28,0.3769557532907871,0.4787480035635389,0.17226550822336625,0.173,0.003782472736187268,0.19418296650410252
prior,10,0.46841643465283644,0.4756876830887402,0.16390524649321978,0.1632,0.006946657901466,-0.10152313576157686
prior,25,0.1127136649654978,0.9620789768670542,0.5909015712827782,0.5946,0.005540987457123505,0.667467440747787
real,21,0.3923051013366588,0.1285089226295462,0.13824204912449675,0.138,0.0034489998550304404,-0.07017951135709866
virtual,11,0.06266617823553343,0.9333142034327045,0.47490379361667356,0.4761810954692609,0.004571883549811489,0.2793819743374717
prior,6,0.15231120303932766,0.644240685748904,0.258422984913395,0.2616,0.006059824419898649,0.5242751054259328
real,24,0.14109531978908801,0.5795171518803937,0.14342453020832055,0.151,0.003580488793447062,2.115764139673867
prior,4,0.3312273648315044,0.8149508095405225,0.3742011546367632,0.38360000000000005,0.006524939846466019,1.4404493503993596
virtual,12,0.21499271212466303,0.9171325538051647,0.4184742602543427,0.42328298979060053,0.004842573100576616,0.993011243482363
real,9,0.48580306658036393,0.2849322726177845,0.27311657171851533,0.2771,0.004475662967650715,0.8900197155764814
prior,36,0.4542885014713199,0.6502742175442517,0.18101696554947333,0.18570000000000003,0.006923663120054297,0.6763810383787096
prior,17,0.20443700432939893,0.42207719030716384,0.48831830309184304,0.483,0.0061515471224725254,-0.8645472408744944
prior,14,0.4852221224823097,0.3642262812652107,0.35457106699505314,0.3501,0.006200772129340023,-0.7210500405098736
prior,6,0.07088657288576353,0.9723151673487112,0.49682247715687494,0.4939,0.005586035714171544,-0.5231755231103753
virtual,8,0.3894207037139733,0.46373158366068756,0.59162015853595,0.5935318220990189,0.004018059976659263,0.47576780191776724
virtual,22,0.06773535586826479,0.20363052680230004,0.5459159409961395,0.5479429194816037,0.004276750121449201,0.47395298483731113
real,8,0.4938922451377502,0.3567469697211,0.059108678949495154,0.0634,0.002436810210090232,1.7610403275296282
prior,12,0.15793602993079203,0.7606193161796061,0.3970858527595347,0.41459999999999997,0.006101107276552348,2.8706505961262656
prior,6,0.3539909679851157,0.5897088156808843,0.523081003901113,0.5263,0.005790170550165168,0.5559414996498091
virtual,10,0.062117632880651884,0.3444918034326766,0.29320322034875057,0.29457116187030574,0.005316259173511092,0.2573127977603324
real,30,0.24545224730382065,0.1322454769094207,0.10341006495999872,0.1066,0.00308604018120309,1.033666074547899
virtual,12,0.4326919205470996,0.422208826460435,0.5539996940506627,0.5574360915817622,0.004187113545634586,0.8207079874110907
virtual,23,0.11922604863031941,0.17597292431602196,0.2343383892424095,0.2346147825355529,0.005427568515190219,0.05092396205959739
prior,20,0.09218231321636591,0.8517102004534289,0.3337186441549827,0.3343,0.005716219292504443,0.10170285905224168
real,36,0.3031851120096192,0.4621499380609323,0.053759266912429306,0.0515,0.0022101527096560544,-1.022222085631765
virtual,7,0.17562708845910685,0.9090934836854845,0.570561167201362,0.5744229068483087,0.004084349704767194,0.9454968173854766
virtual,32,0.11214289552067365,0.530766088856629,0.6370211554114156,0.6352817710328067,0.003741010647811766,-0.4649503950560251
virtual,9,0.20963898554532173,0.4358286768469929,0.3769226380620667,0.3770809698439357,0.004997017016880292,0.031685259692755416
virtual,6,0.28111931669506934,0.64468164753863,0.33151779669950826,0.3326625091094513,0.005178271200997833,0.2210607296354881
real,3,0.30158721591547566,0.9317222529745826,0.43389355689284403,0.4377,0.004961035275020728,0.7672678979570527
virtual,29,0.3690156553018719,0.30602405953690787,0.2188367199709044,0.2183317753843701,0.005444059521558078,-0.09275148159838385
virtual,39,0.4834701040932019,0.5116552990661917,0.42663569350921793,0.41982397629461854,0.004873809710781804,-1.3976165707763601
prior,20,0.29963191138480355,0.7886929242523855,0.17682583379774214,0.1799,0.00676442599190796,0.45446076369752303
virtual,26,0.07414747152347503,0.3855777867746052,0.5745305373669679,0.5675861539833824,0.004120495108433239,-1.6853274183902625
prior,21,0.1392519891796159,0.7794423399385221,0.5136972163440868,0.52,0.005870259789821912,1.0736805323064587
prior,32,0.45852741439623323,0.14000552619785223,0.24205235634237718,0.24229999999999996,0.006782773990042717,0.036510675128837926
real,23,0.17229387398168183,0.9229827497831264,0.20802940904740339,0.2079,0.004058048669003367,-0.03188947643527545
real,27,0.292427385293783,0.10830341623884798,0.007234769562215551,0.0079,0.0008853016435091489,0.7514166980958223
prior,7,0.28679375959429393,0.40714227603400255,0.03680521064840397,0.04090000000000005,0.0065103977605058825,0.6289614709006504
real,37,0.4798775776413801,0.5268026999923455,0.14823737048811256,0.1423,0.003493575675436271,-1.6995110567831337
real,29,0.312972752450817,0.847708411035671,0.3143209399175905,0.3199,0.0046643755209030925,1.1961001118814945
real,21,0.1977501498803232,0.2888426101333748,0.12516875028999752,0.1276,0.0033364388200594957,0.7286960262496633
virtual,15,0.08954724207377421,0.4716207551547211,0.1041013629198469,0.10219420802063173,0.00555700749057008,-0.3431981875949421
real,35,0.1850513534669268,0.09014149757086148,0.08186597222405342,0.0841,0.0027753772716515497,0.804945619021072
virtual,19,0.39042452256531496,0.2658550935397101,0.4049508090991915,0.40355475749147174,0.004934293358250152,-0.28292837623559014
real,11,0.49615157600163595,0.5485471691770725,0.26306039500609285,0.2676,0.004427078494899317,1.0254177781436413
virtual,5,0.4241779039938811,0.8376206490001524,0.6773550188596059,0.683556246798986,0.003384867981618229,1.8320442549181437
virtual,32,0.32716583600565746,0.4579464558733146,0.3537370158155005,0.3600334671799894,0.005068218856395675,1.2423400691434854
prior,27,0.13435730398945678,0.15760978340555173,0.30049955503812054,0.302,0.006042372216274003,0.24832051190727475
virtual,23,0.30248604868588286,0.9360550279451492,0.11287034461354593,0.11758357714561063,0.005575616555324125,0.8453293882923237
prior,5,0.2879204445697249,0.6692615727599243,0.3026054836643218,0.29810000000000003,0.0066832407558010355,-0.6741465449095176
prior,22,0.4835336759710302,0.1690879071521867,0.29571484237475204,0.28519999999999995,0.006523269732273839,-1.6118975308854646
prior,13,0.05787263419443723,0.6031397304181559,0.5637660747350757,0.5598,0.005389197157276769,-0.7359305327548672
virtual,4,0.3296057204811876,0.9159232703854276,0.554515775458338,0.5508557912240826,0.00421545497441466,-0.868229943498236
virtual,15,0.2492458523104596,0.7709396900120299,0.16532748864013666,0.15814325610452196,0.00551972185884626,-1.3015569840898402
real,16,0.4043808099465334,0.6855008783939343,0.5183103903009981,0.518,0.004996758949559204,-0.062118325925146045
prior,6,0.2371449153248798,0.7008590495782026,0.38283231915700117,0.39060000000000006,0.006438759973783772,1.206393913521546
virtual,6,0.1332610013321786,0.8270629899939905,0.5718033858200234,0.5687737988822716,0.004116343914785962,-0.7359897521850585
real,6,0.2592078314114559,0.8441284938697085,0.015128129561923316,0.0167,0.0012814487894566838,1.226635391916937
real,17,0.3833962391282026,0.22580648484506421,0.019476829370960326,0.0199,0.0013965668619869225,0.30300778327048516
prior,23,0.28561702361154834,0.13731886559361162,0.11672395854775548,0.11620000000000003,0.00666296315463323,-0.07863746738432909
prior,32,0.3493872201674263,0.23995624826883422,0.41503083633238275,0.41419999999999996,0.006375199291002596,-0.1303231937478974
prior,36,0.11441893681181044,0.9831884809110385,0.11910356780936834,0.11960000000000001,0.005284424661209581,0.09394252401320773
real,18,0.4665307379177617,0.5952650880940342,0.20221655252668297,0.2062,0.0040457577782165854,0.9845986071546213
prior,13,0.217915379416465,0.1984647399735117,0.12172258549925165,0.12809999999999996,0.0062845142214812445,1.014782412131319
virtual,23,0.37414587373344027,0.31010465152675054,0.2567031475205863,0.26639878281160057,0.005355968324906146,1.8102488108318204
real,5,0.41579598044057436,0.965337867370653,0.7440903237986883,0.7437,0.0043658940665114625,-0.0894029476533299
virtual,9,0.06218945201842581,0.8410686182418678,0.688867522722839,0.6914647674304792,0.0033773156914167816,0.7690263348022052
virtual,12,0.05472588711403646,0.8589856776693348,0.55869253729666,0.5585248724307206,0.004187795600222393,-0.04003654474696407
virtual,12,0.45534982013538877,0.6179168762708538,0.1742318217362906,0.17867397564758347,0.005493617695695223,0.808602665375447
real,25,0.13774898814218905,0.43562598701298194,0.18763224311602275,0.1864,0.003894291206368625,-0.31642295111561297
real,9,0.13612689549482326,0.34834646389943325,0.014420844048048352,0.0149,0.0012115275481803952,0.395497364192252
prior,30,0.43546416344101807,0.339552233190285,0.25140688613290363,0.25220000000000004,0.006783871313637958,0.11691169104313195
prior,33,0.39098960796952564,0.9224770193721701,0.49870899679334596,0.49520000000000003,0.00580028671705115,-0.6049695410798408
real,24,0.4010674703646353,0.7576119039320016,0.1375046808375234,0.132,0.0033849076796864047,-1.6262425325683854
real,20,0.09379204597240336,0.9668917144435454,0.07395694627048068,0.0752,0.002637137842434483,0.4713647157600978
prior,3,0.3864303491768516,0.8461011227547897,0.12166142227616035,0.11779999999999996,0.006975899941942975,-0.5535375088944983
real,33,0.05179819976552366,0.6856417391267652,0.010601045012430175,0.0109,0.0010383250936002654,0.287920410873665
prior,40,0.06290434002623048,0.5359000554635708,0.15197056569819295,0.1603,0.004750948852597763,1.7532148966942913
prior,40,0.15132658177275052,0.8584851362072402,0.5811019124955977,0.5821000000000001,0.005695684243354788,0.17523575074703496
virtual,9,0.3157433765267886,0.5417889175352004,0.4627228528842146,0.46219030992886,0.004627817722988519,-0.11507431520243545
virtual,21,0.26460187433354,0.805235337541288,0.16869414416847847,0.1731515247530513,0.005484298045255162,0.8127531632656616
real,33,0.4547700346154295,0.3023486047151926,0.2537764644920827,0.2514,0.004338179802636124,-0.5478022120333971
prior,30,0.39134767593851577,0.3033708506927197,0.47534181977105266,0.47250000000000003,0.005929791480313621,-0.4792444693016984
prior,18,0.2693329652897789,0.5154226018984538,0.6105424538714747,0.6123000000000001,0.005481937157611349,0.32060676326527404
prior,3,0.41254110765530405,0.9250515017184939,0.026185946139195653,0.03310000000000002,0.006991486179633054,0.9889247698072754
real,14,0.17262473119612617,0.7557389986504983,0.028341398824258776,0.0313,0.0017412728103315689,1.6991026094169908
prior,9,0.34949033827141285,0.5374083410159399,0.39660885849599486,0.3914,0.006473050285607243,-0.8046992169328082
virtual,18,0.14310445692092572,0.5618346925416846,0.40154759518790445,0.3975568981623412,0.004879166365361121,-0.8179055040825398
real,22,0.17446179539657228,0.526413247704991,0.22109191271393772,0.2211,0.004149876986128625,0.0019488013956335305
prior,32,0.26986803844266904,0.28588364817741074,0.6200444641073831,0.6162000000000001,0.005456463140166898,-0.7045707097483385
real,24,0.19927919914364628,0.34115714455363805,0.07631409668034689,0.0769,0.002664327119555705,0.21990667563028513
prior,9,0.05246046933013329,0.7394257080287111,0.1498457015048819,0.13949999999999999,0.004557887997746325,-2.2698454876463443
prior,20,0.19594632537333045,0.5357606026519418,0.5719212591850725,0.5747,0.005780099912631269,0.4807426959618934
real,6,0.478258258354626,0.7545258239774411,0.29132876829730475,0.2918,0.004545907610147835,0.1036606422979914
real,32,0.21572865168659766,0.31314685318688484,0.11902588701529769,0.1208,0.0032589470692234324,0.5443822642768676
prior,40,0.3627326077674149,0.2313029935872265,0.1694262231607385,0.18179999999999996,0.006919459950025001,1.788257599383426
real,17,0.15088329343685275,0.49669054100156873,0.07634837176605912,0.0779,0.002680141600736797,0.5789351702590348
virtual,5,0.2156243365022294,0.7965831292203404,0.22896987493924748,0.22386672674367847,0.0053887599101280674,-0.9469986194741653
prior,24,0.08408069642248017,0.9332123508743483,0.14377655712758153,0.1456,0.005013485015435869,0.36370765381851855
prior,13,0.3783732033453942,0.9804845273389009,0.23785020388746395,0.23769999999999997,0.006868313839655261,-0.021869106591599484
real,16,0.31493863804506667,0.2734424981672082,0.23194588172931246,0.2302,0.004209607582661358,-0.4147374060478843
prior,20,0.1674826444009575,0.9101966960545714,0.7184231250225203,0.7283,0.00483115834971283,2.0444113528315175
real,38,0.4503162869396713,0.30794306473758964,0.3201765398691528,0.3218,0.004671667368295821,0.3475119272970434
real,32,0.19397331646821692,0.9640455641066774,0.1984005025422211,0.1966,0.003974272763663813,-0.45303949912115715
virtual,17,0.26467788609255066,0.24817790326461076,0.13668012124203593,0.13624519465370843,0.005482039659795282,-0.07933663660210397
real,4,0.22438478412862617,0.9611669717345059,0.15533979353582256,0.1546,0.0036152294532989186,-0.20463252620037806
prior,25,0.2441139299821672,0.10987063132115008,0.504809515282982,0.5012000000000001,0.006117745172855764,-0.5900074587933516
prior,30,0.4062446504274271,0.8903558450153695,0.1822205124910009,0.17899999999999994,0.006956839224820421,-0.46292754323125856
real,39,0.07225451954585385,0.33552869789349143,0.07335153176446177,0.0742,0.0026209608924972535,0.3237241112475401
prior,9,0.16042972690415913,0.7127842548850507,0.6624119845282243,0.6603000000000001,0.005309924199082319,-0.39774287711849887
real,34,0.16236724527156138,0.48864968920201374,0.21911420803968398,0.2181,0.004129556755875866,-0.24559731216695302
prior,32,0.49947723548353107,0.10676603642972221,0.18669221442499212,0.1855,0.006815962661282704,-0.1749150463755266
prior,36,0.48378270693511843,0.8541209207513858,0.0647398965828738,0.06670000000000004,0.007053397124790295,0.27789494656938335
prior,26,0.1019431738776434,0.24428343275584102,0.25051807788277336,0.25429999999999997,0.005633376518572143,0.671341974881024
prior,26,0.34792665329482797,0.620442881419264,0.22519901311255816,0.22350000000000003,0.006870713718384721,-0.2472833510748517
prior,30,0.10187120550247897,0.20230845758625154,0.6188214905996785,0.627,0.005385048746297474,1.518743800777047
prior,4,0.47726166204958803,0.6956044216576742,0.43114354608989797,0.4331,0.005792769544872297,0.33774067739909525
real,15,0.12907899573117748,0.8971475200509705,0.23137551086971775,0.2304,0.004210888742296572,-0.2316638907884615
real,39,0.30731451924254105,0.6028317910027964,0.3079256326202298,0.309,0.004620811617021409,0.23250620644490183
prior,10,0.2713846241594686,0.7604298784958015,0.11138334612276947,0.11179999999999995,0.006614913907225097,0.06298704458955968
real,4,0.2202085834162676,0.81237451288886,0.04147641188208381,0.0405,0.001971287650242856,-0.49531679557953984
virtual,32,0.2792157035778548,0.43225466761614867,0.6665833515608092,0.6637127205300115,0.0035387414171402635,-0.8112011284275967
prior,27,0.43607243041847715,0.49784707315920773,0.1511463754176164,0.1496,0.006988809197567208,-0.22126450642760329
virtual,5,0.35925728109293487,0.7072833680192583,0.6971237544876211,0.7010444216519711,0.0032990681666079332,1.1884165365340755
prior,25,0.21032047021394779,0.9587743955091821,0.6024810165651493,0.5937,0.005688677438561621,-1.5435954419960163
virtual,22,0.10055272079227331,0.8596991007018555,0.6152658199777631,0.611561451735759,0.0039007994040524767,-0.9496433572450903
real,31,0.1672730161800126,0.1262200511740026,0.0841548587135812,0.0827,0.0027542823021614905,-0.5282169922957648
virtual,10,0.2547921003731327,0.912169138044445,0.6179409919050349,0.6094039302345533,0.003943064060739219,-2.165083178709797
prior,3,0.18443868311032036,0.9148720865878206,0.3318738984900741,0.3287,0.00635072397447724,-0.4997695542791025
real,29,0.4368546936096201,0.7726622564895524,0.3360627823031234,0.339,0.004733698342733724,0.6204911010827853
real,14,0.07438348871867005,0.9295736062243893,0.11841113748565928,0.1212,0.0032635955631787465,0.8545368016202259
real,10,0.43939329822427303,0.8512354528564879,0.5711639841589874,0.5735,0.00494568246049016,0.4723343764332776
real,25,0.21870478959473316,0.9289511142822169,0.03197938762181525,0.0298,0.0017003517283197614,-1.2817275305556093
prior,28,0.35884442392945637,0.37891839455090714,0.48682860980745585,0.489,0.00599556486079502,0.36216607491695346
real,10,0.14167007255881764,0.8122071487803929,0.15115167918684208,0.1486,0.00355693744673701,-0.7173809562445013
prior,20,0.39373912040332204,0.4130883810295893,0.4648957688005344,0.4715,0.005973815112639494,1.1055298958771311
real,22,0.07057153049542236,0.4345620718977836,0.09603889782978184,0.095,0.00293214938227915,-0.35431272228507865
virtual,26,0.453344838961562,0.36061796896962256,0.4397106315381808,0.43935187523979136,0.004752765780622114,-0.07548368990791725
prior,40,0.21681161047244024,0.156407773942643,0.4086248494288572,0.40940000000000004,0.0063611620007668415,0.12185675683930274
prior,6,0.32934727810751374,0.7847804632111292,0.33040636622340475,0.32870000000000005,0.0066781281059889825,-0.2555156469481949
real,27,0.24200888063476717,0.8291046511090934,0.03451295942607269,0.0363,0.0018703558484951465,0.9554548538798815
virtual,11,0.4030270224819402,0.4753789984482134,0.1600372048761587,0.1507383282468009,0.005539833815709554,-1.6785479382050343
real,19,0.19094339406751404,0.6076357847950056,0.22533595061755998,0.2225,0.004159251735588987,-0.6818415421442104
virtual,7,0.3703487021098324,0.4692139925594117,0.17619728730940704,0.17533024637507633,0.005517069587243358,-0.1571560627648223
prior,9,0.34607858578623996,0.39057268411488894,0.35489812390041536,0.3543,0.006604889325340736,-0.090557747594734
virtual,8,0.38046488223532376,0.8505419702567648,0.5524247194146044,0.5551202388051897,0.004256471450274754,0.6332755715796771
virtual,23,0.10101365927775541,0.49353789849360247,0.22319612232537642,0.2366251058113713,0.00540464477578723,2.484711584775495
prior,26,0.43397103589623476,0.28537749024805786,0.4908507057587161,0.48990000000000006,0.005607502028532847,-0.16954175921444548
virtual,18,0.39612478720980226,0.7966823328538215,0.03570220776863403,0.041173815440831874,0.0056061298504848,0.9760044483672948
prior,32,0.31487747300967717,0.996051021798866,0.3162280179035765,0.3197,0.0066876216250622315,0.5191654508999164
prior,5,0.10001832148015793,0.954392254766552,0.27755433195635437,0.2775,0.005741565553052581,-0.009462916664856557
prior,15,0.1168131271539931,0.2261964827588259,0.6804241151487067,0.6813,0.005139954377229432,0.17040712563005891
real,34,0.3991139997701245,0.3456527511040797,0.21198305558741415,0.2149,0.004107529549498092,0.7101456915732443
prior,23,0.3934152654850886,0.705835348985826,0.3003571973060112,0.29760000000000003,0.006727412578398919,-0.4098451334565458
real,13,0.2816360138978575,0.9007102170576512,0.27305556557483324,0.2721,0.0044504111046059554,-0.21471400110526082
virtual,23,0.16930987015553756,0.5446387582610178,0.3982540090656203,0.39241437660339384,0.004954876548448629,-1.1785626554217281
prior,9,0.26802183854980627,0.2782128185380685,0.29639089734856744,0.2991,0.006629067732343666,0.4086702324996084
prior,4,0.4366231103596264,0.9680686688203762,0.09721615961605275,0.09870000000000001,0.007031754475235892,0.21101993665634708
virtual,19,0.4049226096097232,0.4954005119028366,0.2136825486395304,0.21751721548645842,0.00545691156951823,0.7027174250629394
virtual,23,0.4163419572591016,0.8892531056318073,0.4725003894726285,0.46742220557966885,0.004628075785197039,-1.0972559933444266
virtual,31,0.38587949327334276,0.5348477701149857,0.19395347630688164,0.19348916488922097,0.005435923881651054,-0.0854153641164772
real,16,0.2971643434264272,0.18635507719309338,0.05799235302113779,0.0579,0.002335542549387615,-0.039542427159806826
virtual,11,0.41293633809869756,0.4280081516234252,0.5482010039142781,0.5442487797510052,0.004288862017143081,-0.9215088169018726
real,7,0.4391265935183469,0.6499299030669758,0.3570916080267099,0.3563,0.004789053246728418,-0.16529530701098144
prior,21,0.2508629321543587,0.5424433340036908,0.36369386048816676,0.3588,0.006532892008903867,-0.7491108809845277
prior,10,0.3005243428382977,0.6021146603984079,0.21407120395235596,0.22299999999999998,0.006751949940572723,1.322402583880331
real,25,0.29300447382183653,0.21934270896718372,0.07227132722866737,0.0709,0.002566577292816252,-0.5343019407619863
virtual,26,0.31147544374026614,0.26696001168467365,0.1448408617009169,0.1427176470211564,0.005564875802300613,-0.3815385563290936
prior,34,0.18201243451770566,0.3262498724062627,0.38769252366551593,0.39679999999999993,0.006251557885839337,1.4568330807771486
prior,39,0.1312679482973762,0.5820362007277592,0.6748651343620233,0.6720999999999999,0.005219367298820807,-0.5297834399675476
prior,40,0.15635669129676635,0.7305916663756042,0.05664373959981558,0.059100000000000014,0.0055170277323935936,0.445214437796341
prior,12,0.052281912809587626,0.7124077035930119,0.5594996930810245,0.5573,0.005382340661831059,-0.40868707858342673
prior,13,0.3116711724197134,0.8801817446017544,0.49190527697005637,0.4834,0.00612820071472859,-1.3878913837816524
prior,13,0.06246529277704149,0.9768829000740719,0.2903284048582376,0.2883,0.005304427867357609,-0.3823984242900115
prior,27,0.3290668326121094,0.39364861322711786,0.2569235192248109,0.2523,0.006815424491548564,-0.6783904994537363
virtual,8,0.17705326672310245,0.9957372839124387,0.25225579148026106,0.24886274936023467,0.005364092910705769,-0.6325472314721631
real,25,0.3520353484406516,0.49494260762531317,0.3387656545243981,0.3449,0.004753356603496102,1.2905291959559808
virtual,8,0.215846446436595,0.3228234868533433,0.30154465196341795,0.29914677244860965,0.005237238883424794,-0.45785185059961414
prior,15,0.38283831049956846,0.16819573583725222,0.20712199847626367,0.21349999999999997,0.0069045294553647905,0.9237416633483427
real,15,0.21150820409580706,0.4795736171032988,0.10604157947017055,0.1067,0.0030873145288421782,0.2132664241619643
virtual,38,0.2725260027099892,0.6284375726625393,0.5210732981294798,0.5220961409258198,0.004413732790723201,0.23174098769409698
virtual,9,0.11135951602576712,0.7777421705553326,0.11522811774878472,0.11882688290172405,0.005593204412205655,0.6434174200903512
prior,34,0.44019563096876185,0.7770079973519461,0.2739265087029302,0.2882,0.006694688939749181,2.1320619113939814
virtual,36,0.46750621663367226,0.8317446232500354,0.5926773706740657,0.5899335553219942,0.004009215370319456,-0.6843771408201594
real,10,0.34867850174933324,0.44233912905955486,0.2089418675989763,0.2084,0.0040616430173022345,-0.13341093657615388
prior,37,0.3478784652379349,0.7145672789800263,0.21994131418033777,0.2167,0.006873583854147703,-0.471561015201971
virtual,15,0.07084416208412324,0.9435863281967787,0.5565660216669587,0.5592604154460687,0.004203888808247669,0.6409288879914955
virtual,14,0.46062815660561746,0.734061652716353,0.22888608791034548,0.22284070806545198,0.005411042674575313,-1.1172301178289967
real,28,0.2689398776550728,0.32996676967912986,0.023780731011614254,0.0234,0.0015117023516552457,-0.251855804284071
prior,29,0.19929074648375478,0.22528892670808623,0.34531850333162667,0.3428,0.006383541806865528,-0.3945307178717016
real,24,0.1459718542703648,0.7780003017017519,0.05342115592950619,0.0538,0.0022562260525044917,0.1679105114814528
real,11,0.22277438489061802,0.5835264837266746,0.2704177722619088,0.2656,0.004416521708313002,-1.0908521637832131
virtual,6,0.13703218926554167,0.9044577881931751,0.5825465568628799,0.5827033137012203,0.004039075688295023,0.038810076967522124
real,6,0.4622780567671066,0.514840985073935,0.37201630841306926,0.3735,0.00483733139241049,0.30671696159964706
virtual,25,0.3857507939944674,0.11338012677862473,0.1237923985952343,0.11445700077625376,0.00563374343806404,-1.657050577757323
virtual,8,0.13779020707903786,0.40866504919578184,0.06300115824427903,0.07585419518620706,0.005639667124129161,2.279041769493215
virtual,11,0.1512845985782021,0.8234827805392928,0.08005425824938237,0.08514412540711547,0.005587601062082625,0.910921717778469
real,7,0.32977327179011273,0.9382421534525043,0.41339571500330047,0.4118,0.004921592831594259,-0.324227350352257
prior,12,0.46206593385078515,0.4215675793729367,0.3363780043089342,0.35359999999999997,0.006323257388403544,2.723595551028779
virtual,3,0.05314815103208079,0.996955206089568,0.6995018426171857,0.6977999472206122,0.0033122250614278114,-0.513822389786479
virtual,29,0.4573177484078587,0.22907863230430758,0.24958418299486873,0.2506123024961795,0.0053454975672810575,0.1923337328977046
virtual,37,0.35916177390951526,0.2751968899538032,0.4881707479330417,0.4910554965453362,0.004551672031997246,0.6337777836398014
prior,29,0.44683623433984704,0.7765629725371992,0.27436196166383464,0.27099999999999996,0.006700233727266534,-0.5017678189573013
prior,25,0.4730952154710281,0.40719515785797367,0.36065442874874803,0.3599,0.006224665372532084,-0.12119988844334437
real,40,0.05549799348691822,0.6768689204344183,0.024982706553919255,0.0234,0.0015117023516552457,-1.0469696975639826
real,8,0.28116706831627175,0.8073440158924944,0.04199269988943236,0.0433,0.002035315945989713,0.6423081945304246
prior,38,0.4160873144946391,0.7650052674832065,0.404366594323906,0.4076,0.006227699414711663,0.5191974533092876
virtual,25,0.10858539004208828,0.27368497800270347,0.3216635719016496,0.3233312486615256,0.005148170944372943,0.32393577794824535
virtual,31,0.09159721037829112,0.8025967347806926,0.453750131159982,0.4510208293862381,0.004687098704838811,-0.5823008956321359
virtual,5,0.36587465590829715,0.6608381158332661,0.49792542880692836,0.5003974829003259,0.004467794309099944,0.5533052603524119
real,36,0.4435754799341061,0.1672917409808573,0.09360237326645764,0.0947,0.0029280011953549475,0.3748723652448202
virtual,35,0.24832511440987448,0.19795857202030495,0.2151663593102013,0.21366917061278667,0.005408930393515297,-0.2767994018206628
prior,18,0.06502432036378926,0.24285397498798533,0.24551724558465265,0.2393,0.005257067909015443,-1.1826450965167432
virtual,23,0.052165456936885526,0.2987063587303362,0.6644798841643365,0.6684882823188021,0.0035337772722924157,1.1343097896674517
virtual,20,0.27356064737007274,0.44620497185440955,0.292644187323699,0.29696882529784885,0.00523823623907005,0.8255904806075708
virtual,29,0.26190371845213295,0.9537805710405536,0.3412284685641603,0.3365299779614481,0.005151630360607678,-0.9120395435665402
virtual,7,0.16227779522571917,0.5400197402421563,0.250746349305966,0.24610094586877573,0.005382189156176223,-0.8631066843608678
real,35,0.10717017267939552,0.8130929986130049,0.007270004504988886,0.0079,0.0008853016435091489,0.7116167688494802
prior,23,0.1257844952928702,0.7272113100882497,0.7636493367858758,0.7599,0.004595830610455524,-0.8158126579656779
virtual,30,0.42063773821447614,0.7912661456882016,0.28365774824913165,0.2745133794805259,0.00530177157864259,-1.7247760739905316
virtual,18,0.15474878748830345,0.16370815173433578,0.05656007303689048,0.05276511573477638,0.005682063522000778,-0.6678836460416431
prior,3,0.33711800777798545,0.9327746278203987,0.2238999987143663,0.2223,0.006863843748221546,-0.23310535219874062
real,22,0.2585140675385401,0.8217230413585332,0.3442478592089955,0.3457,0.0047559595246385354,0.3053307715260459
real,15,0.2002176866261507,0.6686194047647335,0.02209354764899518,0.0208,0.0014271425997425763,-0.906389907517655
real,25,0.4787109032057403,0.9963578071655091,0.3842283344311645,0.394,0.004886348329785751,1.9997889854209332
virtual,33,0.22357412004069466,0.3084567431436233,0.5740545103317971,0.5699092531561281,0.004128170239859147,-1.0041391063878422
prior,16,0.1387213671262473,0.7451020712304071,0.4159612570338034,0.41919999999999996,0.006024642727996408,0.5375825774939653
prior,6,0.36254384722936206,0.9074890799608378,0.08429910757497742,0.09050000000000002,0.006921479249409045,0.8958912107627905
prior,12,0.19596874436504047,0.5773586602925703,0.2842561399377709,0.2842,0.00639323611326846,-0.008781145694644263
real,12,0.48564175143711075,0.6746783578471626,0.28764135977754135,0.2864,0.00452078577240727,-0.2745893833585375
real,35,0.07857895084827335,0.8059503278588178,0.03864348605059599,0.0392,0.001940705026530307,0.28675864791208006
prior,6,0.10308019279552252,0.7914818236905913,0.06789700608644035,0.06190000000000001,0.004843746380643809,-1.2380925042659323
virtual,37,0.2742076171559595,0.8960460178576671,0.3507268498998406,0.34923913639871373,0.005088236621790305,-0.2923829239300214
virtual,32,0.37700516694663944,0.5447027162066431,0.6450635408784826,0.6443171263460237,0.0036949848067910343,-0.2020074699866422
virtual,40,0.25369744947107215,0.4813191182426672,0.5817417323474823,0.5775365517406033,0.004063367027255539,-1.0349005095213528
prior,10,0.42581825909480564,0.656463691656302,0.1413457134672748,0.1259,0.00701471018645817,-2.20190329417922
prior,40,0.4578866563600191,0.6776258646444266,0.10125269359203301,0.08710000000000001,0.007044181925532588,-2.009132322482282
real,3,0.07391975475424808,0.9267529652071653,0.05813131714992245,0.0554,0.002287593495357075,-1.1939696259260943
real,3,0.4513262896230614,0.9024761925483755,0.8105207716879101,0.8151,0.0038821642160011723,1.1795555410087055
virtual,18,0.39711554681050193,0.9628497186823683,0.5874967465329252,0.5844179695372684,0.004045053925437782,-0.7611213725224996
real,8,0.1122826099803948,0.9147057674320833,0.07951617319025141,0.0785,0.0026895678091470383,-0.37782025305161326
virtual,5,0.39793757107080746,0.5601790303374352,0.04704176021307302,0.05892684098184464,0.005638850185008106,2.1077135193927017
real,11,0.2709597431384286,0.8959527518561731,0.03865266876531122,0.0378,0.0019071224396980913,-0.4470970230134781
prior,8,0.35686881462733816,0.6550443345897977,0.2780883871085124,0.2813,0.00678465201760562,0.4733644235774667
prior,12,0.22917344823763758,0.7810681119197795,0.28764940845643,0.27759999999999996,0.006565165649090661,-1.5307166633064289
virtual,7,0.400767017115127,0.7010168352673842,0.6087052640952731,0.6123117223468724,0.003853368844449993,0.9359234470361181
prior,12,0.2053277375042199,0.3911168659291254,0.09476823406869898,0.10010000000000002,0.006117220528965749,0.8715994308288393
real,23,0.06110212246642444,0.5520143397997574,0.09607837973791739,0.099,0.0029866201633284403,0.9782363013402474
real,20,0.13995443846377148,0.6808263501458959,0.23412749238975974,0.2304,0.004210888742296572,-0.8852032475516839
real,40,0.27202043145453536,0.8489783283286875,0.1399599934848467,0.143,0.0035007284956134485,0.8683925414274605
virtual,15,0.4325309981474331,0.2661625140267687,0.5406817969282213,0.5405256069198776,0.004292776300711097,-0.03638438096990676
virtual,24,0.35897122984401486,0.19188496950270245,0.6858402867866644,0.6844877030200027,0.0034125802083849735,-0.3963522273669331
real,32,0.43183365729422885,0.9330522710808906,0.2288534571812698,0.2303,0.004210248329968198,0.34357660293665954
virtual,29,0.35094393565606263,0.46474666177422386,0.3653673947034981,0.37256023088020607,0.005072324431460462,1.4180552277167622
virtual,39,0.4385689711456867,0.48708017676113297,0.15617903727625437,0.15516765391405807,0.005519209295645439,-0.1832478726607214
real,11,0.4988617006752079,0.7972880020457725,0.07579905382901117,0.0768,0.002662738440027484,0.3759085593771243
virtual,28,0.23166419752068057,0.3504103913205884,0.33320214528361014,0.3299340639577961,0.005196304723566744,-0.6289241104341566
real,18,0.05467527895473022,0.723363688999904,0.031826087261257414,0.0285,0.001663963641429704,-1.9988941936252804
prior,8,0.07907087761574028,0.6460818313736552,0.2167338163003829,0.2142,0.00531620823519922,-0.4766209652222088
real,22,0.42278231235353364,0.8175496107958881,0.3359755618283095,0.343,0.004747114913292072,1.4797278557596882
prior,6,0.348438623748536,0.837356418840796,0.26778058229383983,0.27640000000000003,0.0067909862317633955,1.2692438788705989
virtual,18,0.4681166896076476,0.9876921835334664,0.7042624537335511,0.7017508841373825,0.003289282347516577,-0.7635615708286193
prior,25,0.22549955671308103,0.13862849026217433,0.6191634974579756,0.6293,0.005474354299823862,1.8516343639560386
real,16,0.37150589910708653,0.9340331951216393,0.04367391733909188,0.044,0.002050950998927083,0.15899095642884806
real,32,0.12088734802985261,0.12067011317996862,0.05078770947536413,0.05,0.0021794494717703367,-0.36142589473491304
virtual,4,0.12934417151142596,0.9543619503732406,0.44038146073895323,0.4410294898042013,0.004725502010738562,0.1371344385793197
real,5,0.17922115907934488,0.7153187849900411,0.25310238441136645,0.2522,0.004342754425476992,-0.2077907988700881
prior,22,0.2773689116891953,0.531458218737155,0.2848516829698059,0.28709999999999997,0.006688581239695008,0.3361425913242836
real,38,0.20048139065472803,0.3608464300611242,0.08589957195008158,0.0855,0.0027962430151902036,-0.14289600292640908
prior,6,0.3441308477980279,0.8634767198317351,0.1775047249488502,0.16829999999999995,0.006902458619941159,-1.333542938201448
virtual,40,0.3848223396070138,0.11335668695283735,0.6055748175780644,0.6035866021951772,0.003919160907530341,-0.5073063928217368
prior,40,0.31186590936401565,0.0854153794572694,0.3010093092342601,0.2946,0.006738792473433204,-0.9511064867374969
prior,17,0.10674213574985952,0.6742279141668914,0.7042257250536902,0.6951,0.00505135377893887,-1.8065899663846479
virtual,33,0.13919705131057655,0.19938316391101224,0.6532942839774455,0.6475744291606564,0.0036663775091915467,-1.5600834345207142
real,16,0.257946028520725,0.5104393406472421,0.07954268981484056,0.0786,0.0026911343333248902,-0.35029459628492854
real,31,0.3175002884148975,0.9547429547963096,0.507077572227789,0.5109,0.004998811758808287,0.7646672762733204
real,7,0.18941806070444805,0.3968748037385028,0.026063891967633892,0.0263,0.0016002596664291707,0.14754357515800012
prior,12,0.1783457197387449,0.7235627132618061,0.24366397500284478,0.2442,0.006261722287038926,0.08560344464089825
virtual,18,0.49156091543810565,0.8990846948876272,0.40856057852073796,0.40902677118957986,0.0049312196699576654,0.09453901875069073
real,20,0.06887979164608782,0.2853463357401479,0.028478898467339208,0.0275,0.0016353516441426292,-0.5985859193313852
real,31,0.18717782037635222,0.15314554191538488,0.04171577346858678,0.0454,0.0020817982611194582,1.7697327355015096
real,27,0.43242942111689564,0.3285916336887835,0.10336260270221923,0.1003,0.003003995838878609,-1.0195096353270894
real,12,0.07819950856328553,0.578196546020347,0.026121400591620644,0.0281,0.0016525855499791835,1.1972750266419059
real,40,0.22677099267714618,0.0989924375898077,0.06411119524656587,0.0622,0.0024151844650046918,-0.7913247514873211
real,40,0.32593284359677416,0.10965717868847176,0.06227587771392423,0.0556,0.0022914763799786373,-2.9133521830089615
prior,18,0.36790576286713195,0.8043623473649515,0.14651039033222946,0.1508,0.006941746610183924,0.6179438560141968
virtual,20,0.43135400124310247,0.8771770346805645,0.141646072447792,0.15248288572338842,0.005534057396218755,1.9582039902587307
virtual,20,0.21271685871665957,0.9743403480834483,0.030165805904388734,0.0381168548791444,0.005648363961696051,1.407672917091586
prior,37,0.10184344616281196,0.8350625795365652,0.5115027304324374,0.5125,0.005728889508447513,0.17407729126072333
virtual,19,0.3494336842924053,0.15026464020784536,0.4872453409399755,0.48625931512090603,0.004562003338278139,-0.21613877631261033
virtual,8,0.06034670092833486,0.45939097129749873,0.4452592927394308,0.4417899642524805,0.004779003646435422,-0.7259522577552374
prior,33,0.06399496879157417,0.7089567594854792,0.2739490616151025,0.27890000000000004,0.005308170965596342,0.932701380001861
virtual,10,0.4037064125016925,0.9969868605641805,0.08161140306348433,0.07379147074738701,0.005609584610989516,-1.3940305492099354
virtual,23,0.41227507450742323,0.2977442389130028,0.05309649326452151,0.062335353704866314,0.005588103141624242,1.6533088610206699
real,15,0.378414518264388,0.753661807502321,0.34912434404692405,0.3533,0.004779948849098702,0.8735775391954885
real,23,0.19048249084814384,0.5755696893744102,0.27274953196259233,0.2785,0.004482608057816343,1.2828398029090633
real,25,0.2858892876458697,0.29546252762765063,0.10633564266853625,0.1109,0.003140082642224564,1.4535787275427157
prior,30,0.37187465111640206,0.24094515184812215,0.34840485929491505,0.35420000000000007,0.006575790446782805,0.881284273272468
prior,14,0.3764572665616188,0.3038949417542735,0.03051226228579131,0.033499999999999974,0.006896142037400333,0.43324770545691443
prior,30,0.16174606853425477,0.8153146364751244,0.29416795930982653,0.29290000000000005,0.006191432709801504,-0.20479255275103095
virtual,36,0.4059685857529023,0.17733345522978072,0.15959930701232272,0.15078483704970358,0.0055557908695714545,-1.5865373930640851
prior,23,0.21596546278242662,0.9410454528156776,0.09553782592519262,0.09850000000000003,0.006214105486713273,0.47668551509802953
virtual,15,0.10447158455326158,0.2983682047913184,0.07997417600630488,0.09180556908557613,0.005643427340847284,2.0964907253497
prior,37,0.22330722200251868,0.9616332337330068,0.4545513252232524,0.4478,0.006284233923080839,-1.074327484604936
real,18,0.23510943179969856,0.8164323974235292,0.3854028232661534,0.3887,0.004874549312500592,0.6764064783160827
real,39,0.4028028292806076,0.19176328000964807,0.17494829737629733,0.1687,0.0037448672873681386,-1.6684963436150475
virtual,13,0.47280853060231764,0.9608892317951878,0.2053942614189749,0.20666225822602402,0.00543474868135283,0.23331286898320436
virtual,35,0.4196014714741115,0.6726309012275745,0.22704826604116857,0.2322988653605942,0.005405555504282359,0.9713339018100949
virtual,15,0.07144703788348372,0.6142849460532944,0.5480564415444659,0.546299773998578,0.004301074426218926,-0.40842528443111975
prior,27,0.14001369600013225,0.1239134192447694,0.2045422774770265,0.1991,0.00588452606417883,-0.9248455045777679
prior,36,0.31321124661160166,0.8020441365280739,0.09424837826911277,0.09219999999999995,0.006758500277428418,-0.30308177628605776
prior,10,0.35032790543882386,0.6953122565990981,0.3406212961552707,0.3359,0.006655957857438702,-0.7093338414085966
real,33,0.3799099399567325,0.8265397990995219,0.39798132276843456,0.4019,0.004902819494943701,0.7992701415189288
virtual,12,0.1325928221786053,0.6742799726025787,0.5650623066303289,0.5711161188978244,0.004137591188645614,1.463124796888696
prior,31,0.11532619851852718,0.7220525699139999,0.6740638201161887,0.6732,0.005182273632296929,-0.1666874768644387
real,12,0.4830213593188183,0.33327054348940505,0.33702099261580143,0.3353,0.0047209523403652365,-0.3645435267555142
real,28,0.29176627046606507,0.5182063969617742,0.05580490263943772,0.0541,0.0022621491993235106,-0.7536649837011483
real,21,0.42599006272075507,0.5580907770366004,0.2028470581310429,0.2029,0.0040215866271908155,0.013164423364437832
prior,13,0.24892688434258453,0.9149903026992946,0.42201345418745484,0.4293,0.006358571773598219,1.1459406407583617
prior,38,0.4948595880201916,0.5801930046262033,0.026116912599034675,0.03080000000000005,0.007066462764353889,0.6627201695010368
prior,14,0.3173330152301983,0.7713161027089418,0.20454379573153203,0.20209999999999995,0.00682580215066332,-0.3580232297378557
real,12,0.07415062723267349,0.7396584252939482,0.06108078830862729,0.058,0.0023374344910606585,-1.3180212409843042
real,12,0.16528526969097662,0.2900409770273137,0.13720858480164352,0.1319,0.003383820178437382,-1.5688140981814793
prior,25,0.15674944857507664,0.9868453108280901,0.678036368850965,0.6824,0.005168763875434822,0.8442310877797549
virtual,35,0.4336254290360783,0.8780824402672905,0.24012135819509162,0.23025075290534192,0.0054197824407644975,-1.8212179912441993
prior,4,0.17307033084481316,0.8679758132415489,0.5410197355313199,0.5383,0.005902935117380166,-0.4607429147090046
prior,13,0.1546739835042277,0.48948486910263256,0.35773608798515977,0.36589999999999995,0.006145843717505351,1.3283631003480805
real,12,0.47171123416619687,0.23280306885951577,0.027502827378750656,0.0303,0.001714115223664967,1.6318463208492375
virtual,31,0.3089489360026894,0.9174990330358683,0.45921340568825175,0.46174682119700305,0.004615156580118131,0.54893381508769
prior,33,0.23323236923224466,0.9761342606317928,0.38353346906998076,0.389,0.0064236671769325035,0.8509984685460756
prior,26,0.08832607155573327,0.368931370699912,0.6916889250497339,0.6793,0.005099691265164981,-2.4293480537459717
prior,19,0.45351461990514536,0.5996684639929897,0.42276001568257976,0.4196,0.006004795916598664,-0.5262486396656316
prior,16,0.23829664492590946,0.5805684824659896,0.5109988893959067,0.5174,0.006050934142758455,1.0578714712593495
prior,11,0.4658281321849192,0.342495225130084,0.45272908616061575,0.45630000000000004,0.005655140581806964,0.6314456356526673
virtual,12,0.4504082617656198,0.266318730277431,0.45771025197129256,0.45288062660126993,0.004749253966851095,-1.0169229533169861
prior,39,0.22357900632459887,0.396105309991907,0.3330502201536025,0.33310000000000006,0.006477927060410607,0.00768453332884237
prior,24,0.06234316557951088,0.5991561187919369,0.1776672305089771,0.1671,0.004928743754751306,-2.144000791031242
virtual,27,0.23058078706598822,0.3642308912477161,0.25861728268928524,0.2506221649094733,0.005310632139151881,-1.5054926740018506
virtual,23,0.2678503707654508,0.8244288070723053,0.6691937954424922,0.6699228088009237,0.0034999112853312943,0.2082948106390202
virtual,6,0.05212432065983686,0.5290204792188264,0.3172571416131509,0.31782220309373543,0.005237260673648045,0.10789256365025517
prior,20,0.2742810831263684,0.9364170877474488,0.30730119885459056,0.295,0.0066750661419944,-1.8428579721781126
virtual,37,0.15138328636549642,0.1677541394984457,0.232885888795649,0.23287640886758032,0.005382329532870955,-0.0017613057711885417
virtual,19,0.49025491229242163,0.7564766121255403,0.4453570714161814,0.4411119419631806,0.004753728037241557,-0.8930105844810038
prior,37,0.3699304584016843,0.6734448831094637,0.301553250399347,0.3044,0.006725384003906394,0.42328432086546935
prior,23,0.3133865156768912,0.33261136372836125,0.5375200906619851,0.5297,0.005880882841886922,-1.3297477389425532
prior,28,0.1102009368716553,0.4668650377178621,0.3140820514459302,0.32099999999999995,0.005854668906095374,1.1816122593828275
real,4,0.4226969394851132,0.9500731970339273,0.27944482088472605,0.2781,0.004480629308478888,-0.3001410721884929
prior,5,0.47785691386270157,0.6221280154474937,0.16933184337802107,0.17329999999999995,0.006905287177228764,0.5746548289931354
prior,34,0.11274442203608737,0.9995507854778047,0.47635551427237033,0.4737,0.005854178934743966,-0.45361002831842173
prior,27,0.23073136804852828,0.4738034197629085,0.37923087461174176,0.37559999999999993,0.006465770023748139,-0.5615533182290715
real,8,0.2004853599297608,0.772586063293053,0.12751107377503934,0.1286,0.0033475668775993107,0.3252888634570219
virtual,34,0.07414487237717646,0.6317415215783371,0.44088687485177547,0.4424923710209727,0.004804716351893454,0.33415004166990075
prior,35,0.2766954438602105,0.2700749170156924,0.3236611819776858,0.3217,0.006637984859880293,-0.295448395723091
prior,10,0.20989348885764558,0.38224427625828467,0.35789734290416625,0.35640000000000005,0.006410902432575308,-0.23356195479716654
real,26,0.43046913340342935,0.5507625678874369,0.03167126719535697,0.0317,0.0017520019977157561,0.016399983950070213
prior,37,0.06633719710863513,0.2645636644484536,0.5220943041774673,0.5162,0.005536824721805811,-1.0645639827198428
prior,8,0.46858912204502506,0.6033346138814513,0.3874997823578031,0.38310000000000005,0.006138272965582421,-0.7167785438140029
prior,23,0.3031791331734126,0.16271070235904794,0.023687515275063437,0.018199999999999994,0.006594074612862672,-0.8321888357707191
prior,7,0.2900327020222329,0.5113643153077507,0.5330231591861906,0.5282,0.005947502837325931,-0.8109553401002049
real,35,0.38804048378831807,0.10112669861733203,0.10812373054152385,0.1072,0.0030936735445098278,-0.2985869479225256
real,9,0.4990084612728006,0.8980172061950475,0.43797570905810396,0.4388,0.004962404256003334,0.1661071729291038
real,18,0.36873495758903,0.5909762011353482,0.018434029222316205,0.0208,0.0014271425997425763,1.657837680768944
prior,23,0.06936927572300818,0.32702317633384564,0.4302048434624057,0.4252,0.005597586622822373,-0.8941073715590212
virtual,32,0.27184862344691463,0.5761599928380686,0.08594061841885176,0.08987696632329767,0.005583521992520146,0.704993713594961
real,13,0.0796403085441688,0.8670220777517897,0.0926944284129627,0.0973,0.0029636583811228985,1.5540156775060878
prior,39,0.4167381032121959,0.12471024359285414,0.054698569629586684,0.062100000000000044,0.007019811892066624,1.0543630633148473
virtual,16,0.05194317648053118,0.8787244817591207,0.5891702808707138,0.5863113265194939,0.0040493095297378,-0.7060350240513666
virtual,24,0.27572671426324485,0.46735192706974243,0.2477147637347221,0.2483347594140155,0.0053500268470914785,0.11588646132317441
prior,24,0.1751717512250126,0.33903787649696526,0.32123483938418634,0.3238,0.006260449664361179,0.4097406341937874
virtual,9,0.46851274386196917,0.41314997034722223,0.5223240934065346,0.5160511434648363,0.00436921805069689,-1.4357145532477655
real,38,0.0863443520276795,0.7398837863159693,0.14131181752846025,0.1391,0.0034605084886472973,-0.6391596887325787
real,5,0.11139086307877324,0.7071398810573006,0.131313811085173,0.1316,0.0033805538007847177,0.08465740576604713
prior,23,0.43240298664543786,0.6956189006481411,0.038647580885409955,0.039500000000000035,0.007041542657685175,0.1210557339533754
virtual,19,0.09960310589007823,0.8101703241390398,0.6576149118744555,0.6594972466464828,0.003598484652101557,0.5230909546683645
prior,7,0.37980606648556053,0.9040935343991683,0.4991671141094693,0.4991,0.005864503303776032,-0.011444125101965304
real,16,0.43073113374438415,0.574721968348709,0.14990102215629927,0.1495,0.0035658063604183557,-0.1124632455510653
real,32,0.47778438790946404,0.6519633277655615,0.13812027731092363,0.1412,0.003482277415715181,0.8843990071491341
prior,29,0.15343808252933872,0.8704081486018074,0.18445617990622928,0.182,0.005933452789059671,-0.41395457140201536
prior,5,0.3123766327902106,0.8157826575382208,0.3881629875900007,0.3888,0.006513596241708569,0.09779734364256681
virtual,37,0.27456632038837137,0.9002921145349296,0.6076663020978935,0.6150934824120644,0.0038328076321488477,1.9377910469268376
prior,29,0.36883437337468933,0.7205146543232717,0.0896793944793387,0.09299999999999997,0.006924156843977468,0.4795682124892193
virtual,20,0.31426631386360293,0.4350090395842651,0.09814665126415192,0.09546946357859287,0.005648237961380883,-0.4739863482848962
prior,40,0.08599677809977982,0.5507267115980465,0.4691513329488117,0.47639999999999993,0.005713630544583715,1.2686621920382477
prior,21,0.24730000100222366,0.41694256181207545,0.6422058169898772,0.6417999999999999,0.005340678421324392,-0.07598603732756844
prior,29,0.08958388349672661,0.23684908370860625,0.24243680160964065,0.2435,0.005474035348808044,0.19422570783925464
prior,29,0.17346024498010362,0.1027274781396749,0.46856709608214137,0.47459999999999997,0.006092728452836217,0.9901809943704668
real,8,0.27907721563122495,0.36659671930448356,0.2139967578941753,0.2146,0.004105445651814185,0.1469370579922652
real,5,0.14834152227032138,0.6514609477965931,0.14375469070359562,0.1418,0.003488448938998534,-0.5603323247026689
virtual,30,0.20884615174090332,0.5061914183788405,0.394157698106889,0.39458631309603764,0.004945688421581249,0.08666437361446391
virtual,25,0.2121377835557129,0.6719747212448564,0.3202012189524357,0.31446554391930204,0.005225738228429752,-1.0975817736008437
virtual,37,0.11319346803658742,0.6432870061760957,0.26516471103083267,0.269500630626917,0.005304219704678998,0.8174472094848335
virtual,19,0.28718866579436,0.3262353098187123,0.20324960187572969,0.21404495671742518,0.005461838136996724,1.9765058156101805
virtual,30,0.11389871485279127,0.6576587188762845,0.6277128126708592,0.6253157804279281,0.0037996561274002503,-0.6308550464989447
real,18,0.0969247871142983,0.6790053964181075,0.04766071413084285,0.0468,0.0021121022702511355,-0.40751536654544074
virtual,13,0.3081577101264071,0.7071370558013428,0.35738274218506316,0.3544688096521065,0.005069242828131998,-0.5748259911294213
virtual,37,0.20619457423383553,0.5010129901953821,0.18304145525464224,0.17601781314265752,0.005491178996432384,-1.279077246716594
prior,10,0.1580304413542707,0.6095979903686971,0.140205154899641,0.1391,0.00585438425455658,-0.18877389176852108
real,34,0.24449902553383773,0.3439447906200493,0.016587800673728465,0.0168,0.00128521437900453,0.16510811716555335
virtual,5,0.26880686898332995,0.745299943532173,0.05096015713785893,0.05067759094899782,0.005613234323813202,-0.050339282588359575
real,28,0.1954470077610922,0.8825733374757472,0.22491377553293018,0.2301,0.004208966500223066,1.2321847814172335
prior,19,0.36443261789488635,0.15366877649116384,0.23573580067578107,0.22849999999999998,0.006881814804250403,-1.0514378665511384
virtual,24,0.1247179623972198,0.16307840165430462,0.08236413053628265,0.08457291778046594,0.005624146433515581,0.3927328831661668
virtual,23,0.33538348849624977,0.7784951788187249,0.5271054645770967,0.5265186905578285,0.0043925089004153255,-0.13358516341599877
prior,26,0.18083883952134266,0.19724683548808167,0.6986438986212667,0.7,0.0050326064817348875,0.2694630274898271
virtual,34,0.19014577546074712,0.9691336685641475,0.03813799393683859,0.04158615661386689,0.005652944095688167,0.6099764332816268
real,24,0.2689157020931806,0.7554575071546336,0.28241620159982644,0.2756,0.004468161143020694,-1.5255048736264576
prior,23,0.060268899320772625,0.9517202493246231,0.5512047346202279,0.5533,0.005403549111463687,0.3877572566754298
virtual,18,0.2648641275009603,0.4178150674277324,0.34150223947444786,0.3366367555317251,0.005123274603210705,-0.9496824432704791
virtual,31,0.1911908537594938,0.40170442074464763,0.43345515472462337,0.43391402477251106,0.004760233863180835,0.09639653451418298
real,10,0.2945021376179068,0.47039325613518046,0.0777052195730609,0.0734,0.002607919477284527,-1.650825345859091
virtual,6,0.3952500143938917,0.9910723390639722,0.5224976295136491,0.5235386546473766,0.004384249176843044,0.23744661668092293
real,13,0.3919921547952258,0.3436818104418631,0.19500151503481178,0.194,0.00395428881089887,-0.2532731124877329
prior,40,0.4396831083699469,0.9652709798796766,0.4494120682334856,0.4572,0.005853260288078773,1.3305288648064932
virtual,15,0.16874533078226503,0.5862068660354699,0.42215599344922805,0.42296157397030276,0.004842501816039377,0.1663562661776317
prior,5,0.2918739908287241,0.62430024286852,0.19602007968311175,0.19190000000000002,0.006753977124628125,-0.6100227476471627
virtual,38,0.19848584494441673,0.46540027135557377,0.4336437096181633,0.4331959169422015,0.004785998889138585,-0.09356305472155793
prior,3,0.2127410815818674,0.8613446966298576,0.387998157329973,0.38849999999999996,0.006384257748556209,0.07860626713268962
virtual,21,0.3968076240283465,0.32844105218829217,0.05952404771453852,0.058596005955249275,0.005612480064749737,-0.16535323931357765
prior,35,0.15711954562161262,0.7288605103710541,0.18580775313327494,0.1818,0.005973010966003662,-0.6709770258393482
virtual,31,0.27758110850087636,0.8583358856984157,0.3129753807202817,0.3108926791862632,0.005198675879344691,-0.4006215394757496
prior,7,0.09399451735373934,0.9476444666670261,0.3028769911665321,0.2889,0.005694398563500802,-2.4545157861130362
virtual,14,0.19079804505911102,0.3807324928408483,0.6343349795560633,0.6359132360495399,0.0037079605836792067,0.4256400406259227
real,16,0.3412641165865521,0.4310072941101013,0.36168097681781963,0.3595,0.004798538840105392,-0.45450852655216706
real,8,0.4931017935092961,0.3330569717266938,0.27709519148553835,0.2794,0.004487044015830466,0.5136585481065434
virtual,10,0.19514720007084246,0.3186843834626856,0.2278336205074342,0.22818237481460968,0.005413664527544402,0.06442111538331292
real,10,0.3066676236053977,0.8142749224847768,0.12414621087072901,0.1238,0.0032935324501209944,-0.10511840280070643
