scenario_id,seed,detector,accuracy,runtime_s,n_resets,n_events,n_detections,tp,fn,fp_out,fp_red,precision,recall,f1,mdr,mtd,median_delay,mtfa,mtfa_capped,mtr,mtr_capped,far,t_stable,family,n,d,pi0,eta,K,kind,form,width,magnitude,alpha,recurring,severity,speed,signature,delta_accuracy,oracle_gap
scn-ef9480c52071,681555473,ADWIN,0.7169918068855688,0.09317074000000503,0,5.0,0.0,0.0,5.0,0.0,0.0,,0.0,0.0,1.0,,,inf,35018.0,,,0.0,35018.0,hyperplane_gauss,48723,27,0.15886300713755191,0.24695917507633566,5,virtual,gradual,541,0.24731842771172521,0.6243781223893166,False,medium,fast,virtual/gradual/K=5/medium/fast/partial/imbalanced/noisy,0.0,-0.0
scn-ef9480c52071,681555473,PageHinkley,0.7169918068855688,0.10963238900012584,0,5.0,5.0,2.0,3.0,3.0,0.0,0.4,0.4,0.4000000000000001,0.6,914.0,914.0,11672.666666666666,11672.666666666666,5.10838803792852,5.10838803792852,0.08567022674053344,35018.0,hyperplane_gauss,48723,27,0.15886300713755191,0.24695917507633566,5,virtual,gradual,541,0.24731842771172521,0.6243781223893166,False,medium,fast,virtual/gradual/K=5/medium/fast/partial/imbalanced/noisy,0.0,-0.0
scn-ef9480c52071,681555473,PageHinkley-up,0.7169918068855688,0.10354455700007748,0,5.0,3.0,0.0,5.0,3.0,0.0,0.0,0.0,0.0,1.0,,,11672.666666666666,11672.666666666666,,,0.08567022674053344,35018.0,hyperplane_gauss,48723,27,0.15886300713755191,0.24695917507633566,5,virtual,gradual,541,0.24731842771172521,0.6243781223893166,False,medium,fast,virtual/gradual/K=5/medium/fast/partial/imbalanced/noisy,0.0,-0.0
scn-ef9480c52071,681555473,DDM,0.7169918068855688,0.10157312499995896,0,5.0,0.0,0.0,5.0,0.0,0.0,,0.0,0.0,1.0,,,inf,35018.0,,,0.0,35018.0,hyperplane_gauss,48723,27,0.15886300713755191,0.24695917507633566,5,virtual,gradual,541,0.24731842771172521,0.6243781223893166,False,medium,fast,virtual/gradual/K=5/medium/fast/partial/imbalanced/noisy,0.0,-0.0
scn-ef9480c52071,681555473,EDDM,0.7169918068855688,0.09664751600030286,0,5.0,40.0,1.0,4.0,26.0,13.0,0.025,0.2,0.04444444444444445,0.8,131.0,131.0,1346.8461538461538,1346.8461538461538,2.0562536699941276,2.0562536699941276,0.7424752984179565,35018.0,hyperplane_gauss,48723,27,0.15886300713755191,0.24695917507633566,5,virtual,gradual,541,0.24731842771172521,0.6243781223893166,False,medium,fast,virtual/gradual/K=5/medium/fast/partial/imbalanced/noisy,0.0,-0.0
scn-ef9480c52071,681555473,HDDM_A,0.7169918068855688,0.18672657200022513,0,5.0,0.0,0.0,5.0,0.0,0.0,,0.0,0.0,1.0,,,inf,35018.0,,,0.0,35018.0,hyperplane_gauss,48723,27,0.15886300713755191,0.24695917507633566,5,virtual,gradual,541,0.24731842771172521,0.6243781223893166,False,medium,fast,virtual/gradual/K=5/medium/fast/partial/imbalanced/noisy,0.0,-0.0
scn-ef9480c52071,681555473,HDDM_W,0.7169918068855688,0.21791967199987994,0,5.0,18.0,4.0,1.0,13.0,1.0,0.2222222222222222,0.8,0.3478260869565218,0.19999999999999996,653.5,444.5,2693.6923076923076,2693.6923076923076,3.2975575304573006,3.2975575304573006,0.3712376492089782,35018.0,hyperplane_gauss,48723,27,0.15886300713755191,0.24695917507633566,5,virtual,gradual,541,0.24731842771172521,0.6243781223893166,False,medium,fast,virtual/gradual/K=5/medium/fast/partial/imbalanced/noisy,0.0,-0.0
scn-ef9480c52071,681555473,FHDDM,0.7169918068855688,0.0951399149998906,0,5.0,4.0,2.0,3.0,2.0,0.0,0.5,0.4,0.4444444444444445,0.6,1067.0,1067.0,17509.0,17509.0,6.5638238050609194,6.5638238050609194,0.05711348449368896,35018.0,hyperplane_gauss,48723,27,0.15886300713755191,0.24695917507633566,5,virtual,gradual,541,0.24731842771172521,0.6243781223893166,False,medium,fast,virtual/gradual/K=5/medium/fast/partial/imbalanced/noisy,0.0,-0.0
scn-ef9480c52071,681555473,NoDrift,0.7169918068855688,0.07959646799963593,0,5.0,0.0,0.0,5.0,0.0,0.0,,0.0,0.0,1.0,,,inf,35018.0,,,0.0,35018.0,hyperplane_gauss,48723,27,0.15886300713755191,0.24695917507633566,5,virtual,gradual,541,0.24731842771172521,0.6243781223893166,False,medium,fast,virtual/gradual/K=5/medium/fast/partial/imbalanced/noisy,0.0,-0.0
scn-ef9480c52071,681555473,Periodic(2000),0.7169918068855688,0.08077254399995581,0,5.0,23.0,5.0,0.0,16.0,2.0,0.21739130434782608,1.0,0.3571428571428571,0.0,1009.4,954.0,2188.625,2188.625,2.1682435109966316,2.1682435109966316,0.45690787594951165,35018.0,hyperplane_gauss,48723,27,0.15886300713755191,0.24695917507633566,5,virtual,gradual,541,0.24731842771172521,0.6243781223893166,False,medium,fast,virtual/gradual/K=5/medium/fast/partial/imbalanced/noisy,0.0,-0.0
scn-ef9480c52071,681555473,Oracle,0.7169918068855688,0.08072759899960147,0,5.0,5.0,5.0,0.0,0.0,0.0,1.0,1.0,1.0,0.0,271.0,271.0,inf,35018.0,inf,129.21771217712177,0.0,35018.0,hyperplane_gauss,48723,27,0.15886300713755191,0.24695917507633566,5,virtual,gradual,541,0.24731842771172521,0.6243781223893166,False,medium,fast,virtual/gradual/K=5/medium/fast/partial/imbalanced/noisy,0.0,-0.0
scn-ef9480c52071,681555474,ADWIN,0.7201558996710181,0.09132497600012357,0,5.0,0.0,0.0,5.0,0.0,0.0,,0.0,0.0,1.0,,,inf,35018.0,,,0.0,35018.0,hyperplane_gauss,48723,27,0.15886300713755191,0.24695917507633566,5,virtual,gradual,541,0.24731842771172521,0.6243781223893166,False,medium,fast,virtual/gradual/K=5/medium/fast/partial/imbalanced/noisy,0.0,-0.0
scn-ef9480c52071,681555474,PageHinkley,0.7201558996710181,0.10469595899985507,0,5.0,4.0,1.0,4.0,3.0,0.0,0.25,0.2,0.22222222222222224,0.8,2187.0,2187.0,11672.666666666666,11672.666666666666,1.0674592287761009,1.0674592287761009,0.08567022674053344,35018.0,hyperplane_gauss,48723,27,0.15886300713755191,0.24695917507633566,5,virtual,gradual,541,0.24731842771172521,0.6243781223893166,False,medium,fast,virtual/gradual/K=5/medium/fast/partial/imbalanced/noisy,0.0,-0.0
scn-ef9480c52071,681555474,PageHinkley-up,0.7201558996710181,0.10291629199991803,0,5.0,1.0,0.0,5.0,1.0,0.0,0.0,0.0,0.0,1.0,,,35018.0,35018.0,,,0.02855674224684448,35018.0,hyperplane_gauss,48723,27,0.15886300713755191,0.24695917507633566,5,virtual,gradual,541,0.24731842771172521,0.6243781223893166,False,medium,fast,virtual/gradual/K=5/medium/fast/partial/imbalanced/noisy,0.0,-0.0
scn-ef9480c52071,681555474,DDM,0.7201558996710181,0.106014545999642,0,5.0,0.0,0.0,5.0,0.0,0.0,,0.0,0.0,1.0,,,inf,35018.0,,,0.0,35018.0,hyperplane_gauss,48723,27,0.15886300713755191,0.24695917507633566,5,virtual,gradual,541,0.24731842771172521,0.6243781223893166,False,medium,fast,virtual/gradual/K=5/medium/fast/partial/imbalanced/noisy,0.0,-0.0
scn-ef9480c52071,681555474,EDDM,0.7201558996710181,0.0939061799999763,0,5.0,15.0,0.0,5.0,15.0,0.0,0.0,0.0,0.0,1.0,,,2334.5333333333333,2334.5333333333333,,,0.4283511337026672,35018.0,hyperplane_gauss,48723,27,0.15886300713755191,0.24695917507633566,5,virtual,gradual,541,0.24731842771172521,0.6243781223893166,False,medium,fast,virtual/gradual/K=5/medium/fast/partial/imbalanced/noisy,0.0,-0.0
scn-ef9480c52071,681555474,HDDM_A,0.7201558996710181,0.18629042499969728,0,5.0,0.0,0.0,5.0,0.0,0.0,,0.0,0.0,1.0,,,inf,35018.0,,,0.0,35018.0,hyperplane_gauss,48723,27,0.15886300713755191,0.24695917507633566,5,virtual,gradual,541,0.24731842771172521,0.6243781223893166,False,medium,fast,virtual/gradual/K=5/medium/fast/partial/imbalanced/noisy,0.0,-0.0
scn-ef9480c52071,681555474,HDDM_W,0.7201558996710181,0.21580836200018894,0,5.0,17.0,1.0,4.0,16.0,0.0,0.058823529411764705,0.2,0.0909090909090909,0.8,1413.0,1413.0,2188.625,2188.625,0.3097841472045293,0.3097841472045293,0.45690787594951165,35018.0,hyperplane_gauss,48723,27,0.15886300713755191,0.24695917507633566,5,virtual,gradual,541,0.24731842771172521,0.6243781223893166,False,medium,fast,virtual/gradual/K=5/medium/fast/partial/imbalanced/noisy,0.0,-0.0
scn-ef9480c52071,681555474,FHDDM,0.7201558996710181,0.09305860499989649,0,5.0,8.0,0.0,5.0,8.0,0.0,0.0,0.0,0.0,1.0,,,4377.25,4377.25,,,0.22845393797475583,35018.0,hyperplane_gauss,48723,27,0.15886300713755191,0.24695917507633566,5,virtual,gradual,541,0.24731842771172521,0.6243781223893166,False,medium,fast,virtual/gradual/K=5/medium/fast/partial/imbalanced/noisy,0.0,-0.0
scn-ef9480c52071,681555474,NoDrift,0.7201558996710181,0.07860556500008897,0,5.0,0.0,0.0,5.0,0.0,0.0,,0.0,0.0,1.0,,,inf,35018.0,,,0.0,35018.0,hyperplane_gauss,48723,27,0.15886300713755191,0.24695917507633566,5,virtual,gradual,541,0.24731842771172521,0.6243781223893166,False,medium,fast,virtual/gradual/K=5/medium/fast/partial/imbalanced/noisy,0.0,-0.0
scn-ef9480c52071,681555474,Periodic(2000),0.7201558996710181,0.07982304400002249,0,5.0,23.0,5.0,0.0,16.0,2.0,0.21739130434782608,1.0,0.3571428571428571,0.0,1009.4,954.0,2188.625,2188.625,2.1682435109966316,2.1682435109966316,0.45690787594951165,35018.0,hyperplane_gauss,48723,27,0.15886300713755191,0.24695917507633566,5,virtual,gradual,541,0.24731842771172521,0.6243781223893166,False,medium,fast,virtual/gradual/K=5/medium/fast/partial/imbalanced/noisy,0.0,-0.0
scn-ef9480c52071,681555474,Oracle,0.7201558996710181,0.08243527900003755,0,5.0,5.0,5.0,0.0,0.0,0.0,1.0,1.0,1.0,0.0,271.0,271.0,inf,35018.0,inf,129.21771217712177,0.0,35018.0,hyperplane_gauss,48723,27,0.15886300713755191,0.24695917507633566,5,virtual,gradual,541,0.24731842771172521,0.6243781223893166,False,medium,fast,virtual/gradual/K=5/medium/fast/partial/imbalanced/noisy,0.0,-0.0
scn-ef9480c52071,681555475,ADWIN,0.7174108920227145,0.09437985199974719,0,5.0,0.0,0.0,5.0,0.0,0.0,,0.0,0.0,1.0,,,inf,35018.0,,,0.0,35018.0,hyperplane_gauss,48723,27,0.15886300713755191,0.24695917507633566,5,virtual,gradual,541,0.24731842771172521,0.6243781223893166,False,medium,fast,virtual/gradual/K=5/medium/fast/partial/imbalanced/noisy,0.0,-0.0
scn-ef9480c52071,681555475,PageHinkley,0.7174108920227145,0.1049838069998259,0,5.0,4.0,1.0,4.0,3.0,0.0,0.25,0.2,0.22222222222222224,0.8,2300.0,2300.0,11672.666666666666,11672.666666666666,1.0150144927536229,1.0150144927536229,0.08567022674053344,35018.0,hyperplane_gauss,48723,27,0.15886300713755191,0.24695917507633566,5,virtual,gradual,541,0.24731842771172521,0.6243781223893166,False,medium,fast,virtual/gradual/K=5/medium/fast/partial/imbalanced/noisy,0.0,-0.0
scn-ef9480c52071,681555475,PageHinkley-up,0.7174108920227145,0.10361472300019159,0,5.0,2.0,1.0,4.0,1.0,0.0,0.5,0.2,0.28571428571428575,0.8,807.0,807.0,35018.0,35018.0,8.678562577447334,8.678562577447334,0.02855674224684448,35018.0,hyperplane_gauss,48723,27,0.15886300713755191,0.24695917507633566,5,virtual,gradual,541,0.24731842771172521,0.6243781223893166,False,medium,fast,virtual/gradual/K=5/medium/fast/partial/imbalanced/noisy,0.0,-0.0
scn-ef9480c52071,681555475,DDM,0.7174108920227145,0.10295561400016595,0,5.0,0.0,0.0,5.0,0.0,0.0,,0.0,0.0,1.0,,,inf,35018.0,,,0.0,35018.0,hyperplane_gauss,48723,27,0.15886300713755191,0.24695917507633566,5,virtual,gradual,541,0.24731842771172521,0.6243781223893166,False,medium,fast,virtual/gradual/K=5/medium/fast/partial/imbalanced/noisy,0.0,-0.0
scn-ef9480c52071,681555475,EDDM,0.7174108920227145,0.09734944499996345,0,5.0,12.0,1.0,4.0,9.0,2.0,0.08333333333333333,0.2,0.11764705882352941,0.8,49.0,49.0,3890.8888888888887,3890.8888888888887,15.88117913832199,15.88117913832199,0.25701068022160034,35018.0,hyperplane_gauss,48723,27,0.15886300713755191,0.24695917507633566,5,virtual,gradual,541,0.24731842771172521,0.6243781223893166,False,medium,fast,virtual/gradual/K=5/medium/fast/partial/imbalanced/noisy,0.0,-0.0
scn-ef9480c52071,681555475,HDDM_A,0.7174108920227145,0.18658142899994345,0,5.0,0.0,0.0,5.0,0.0,0.0,,0.0,0.0,1.0,,,inf,35018.0,,,0.0,35018.0,hyperplane_gauss,48723,27,0.15886300713755191,0.24695917507633566,5,virtual,gradual,541,0.24731842771172521,0.6243781223893166,False,medium,fast,virtual/gradual/K=5/medium/fast/partial/imbalanced/noisy,0.0,-0.0
scn-ef9480c52071,681555475,HDDM_W,0.7174108920227145,0.2170916939999188,0,5.0,16.0,3.0,2.0,11.0,2.0,0.1875,0.6,0.2857142857142857,0.4,860.3333333333334,898.0,3183.4545454545455,3183.4545454545455,2.2201542742418368,2.2201542742418368,0.31412416471528926,35018.0,hyperplane_gauss,48723,27,0.15886300713755191,0.24695917507633566,5,virtual,gradual,541,0.24731842771172521,0.6243781223893166,False,medium,fast,virtual/gradual/K=5/medium/fast/partial/imbalanced/noisy,0.0,-0.0
scn-ef9480c52071,681555475,FHDDM,0.7174108920227145,0.09575810499973159,0,5.0,7.0,1.0,4.0,6.0,0.0,0.14285714285714285,0.2,0.16666666666666666,0.8,1470.0,1470.0,5836.333333333333,5836.333333333333,0.7940589569160996,0.7940589569160996,0.17134045348106688,35018.0,hyperplane_gauss,48723,27,0.15886300713755191,0.24695917507633566,5,virtual,gradual,541,0.24731842771172521,0.6243781223893166,False,medium,fast,virtual/gradual/K=5/medium/fast/partial/imbalanced/noisy,0.0,-0.0
scn-ef9480c52071,681555475,NoDrift,0.7174108920227145,0.08045445399966411,0,5.0,0.0,0.0,5.0,0.0,0.0,,0.0,0.0,1.0,,,inf,35018.0,,,0.0,35018.0,hyperplane_gauss,48723,27,0.15886300713755191,0.24695917507633566,5,virtual,gradual,541,0.24731842771172521,0.6243781223893166,False,medium,fast,virtual/gradual/K=5/medium/fast/partial/imbalanced/noisy,0.0,-0.0
scn-ef9480c52071,681555475,Periodic(2000),0.7174108920227145,0.08208878100003858,0,5.0,23.0,5.0,0.0,16.0,2.0,0.21739130434782608,1.0,0.3571428571428571,0.0,1009.4,954.0,2188.625,2188.625,2.1682435109966316,2.1682435109966316,0.45690787594951165,35018.0,hyperplane_gauss,48723,27,0.15886300713755191,0.24695917507633566,5,virtual,gradual,541,0.24731842771172521,0.6243781223893166,False,medium,fast,virtual/gradual/K=5/medium/fast/partial/imbalanced/noisy,0.0,-0.0
scn-ef9480c52071,681555475,Oracle,0.7174108920227145,0.08219771599988235,0,5.0,5.0,5.0,0.0,0.0,0.0,1.0,1.0,1.0,0.0,271.0,271.0,inf,35018.0,inf,129.21771217712177,0.0,35018.0,hyperplane_gauss,48723,27,0.15886300713755191,0.24695917507633566,5,virtual,gradual,541,0.24731842771172521,0.6243781223893166,False,medium,fast,virtual/gradual/K=5/medium/fast/partial/imbalanced/noisy,0.0,-0.0
scn-6f2990ed562a,1185068650,ADWIN,0.7760806916426513,0.008398328000112087,0,2.0,3.0,2.0,0.0,0.0,1.0,0.6666666666666666,1.0,0.8,0.0,1065.5,1065.5,inf,4720.0,inf,4.429845143125293,0.0,4720.0,hyperplane_gauss,11410,4,0.30631794477812946,0.06604361291974782,2,real,gradual,845,0.35212456831044137,0.5703603252768517,True,high,fast,real/gradual/K=2/recurring/high/fast/partial/imbalanced/noisy,0.0,-0.0
scn-6f2990ed562a,1185068650,PageHinkley,0.7760806916426513,0.010709538999890356,0,2.0,3.0,2.0,0.0,0.0,1.0,0.6666666666666666,1.0,0.8,0.0,971.5,971.5,inf,4720.0,inf,4.858466289243438,0.0,4720.0,hyperplane_gauss,11410,4,0.30631794477812946,0.06604361291974782,2,real,gradual,845,0.35212456831044137,0.5703603252768517,True,high,fast,real/gradual/K=2/recurring/high/fast/partial/imbalanced/noisy,0.0,-0.0
scn-6f2990ed562a,1185068650,PageHinkley-up,0.7760806916426513,0.010929402000328992,0,2.0,2.0,2.0,0.0,0.0,0.0,1.0,1.0,1.0,0.0,1102.0,1102.0,inf,4720.0,inf,4.283121597096189,0.0,4720.0,hyperplane_gauss,11410,4,0.30631794477812946,0.06604361291974782,2,real,gradual,845,0.35212456831044137,0.5703603252768517,True,high,fast,real/gradual/K=2/recurring/high/fast/partial/imbalanced/noisy,0.0,-0.0
scn-6f2990ed562a,1185068650,DDM,0.7760806916426513,0.010635524000008445,0,2.0,2.0,1.0,1.0,1.0,0.0,0.5,0.5,0.5,0.5,697.0,697.0,4720.0,4720.0,3.3859397417503585,3.3859397417503585,0.211864406779661,4720.0,hyperplane_gauss,11410,4,0.30631794477812946,0.06604361291974782,2,real,gradual,845,0.35212456831044137,0.5703603252768517,True,high,fast,real/gradual/K=2/recurring/high/fast/partial/imbalanced/noisy,0.0,-0.0
scn-6f2990ed562a,1185068650,EDDM,0.7760806916426513,0.009214048000103503,0,2.0,18.0,1.0,1.0,4.0,13.0,0.05555555555555555,0.5,0.09999999999999999,0.5,98.0,98.0,1180.0,1180.0,6.020408163265306,6.020408163265306,0.847457627118644,4720.0,hyperplane_gauss,11410,4,0.30631794477812946,0.06604361291974782,2,real,gradual,845,0.35212456831044137,0.5703603252768517,True,high,fast,real/gradual/K=2/recurring/high/fast/partial/imbalanced/noisy,0.0,-0.0
scn-6f2990ed562a,1185068650,HDDM_A,0.7760806916426513,0.04219140500026697,0,2.0,1.0,1.0,1.0,0.0,0.0,1.0,0.5,0.6666666666666666,0.5,650.0,650.0,inf,4720.0,inf,3.6307692307692307,0.0,4720.0,hyperplane_gauss,11410,4,0.30631794477812946,0.06604361291974782,2,real,gradual,845,0.35212456831044137,0.5703603252768517,True,high,fast,real/gradual/K=2/recurring/high/fast/partial/imbalanced/noisy,0.0,-0.0
scn-6f2990ed562a,1185068650,HDDM_W,0.7760806916426513,0.034207567000066774,0,2.0,1.0,1.0,1.0,0.0,0.0,1.0,0.5,0.6666666666666666,0.5,704.0,704.0,inf,4720.0,inf,3.352272727272727,0.0,4720.0,hyperplane_gauss,11410,4,0.30631794477812946,0.06604361291974782,2,real,gradual,845,0.35212456831044137,0.5703603252768517,True,high,fast,real/gradual/K=2/recurring/high/fast/partial/imbalanced/noisy,0.0,-0.0
scn-6f2990ed562a,1185068650,FHDDM,0.7760806916426513,0.00921463099984976,0,2.0,1.0,1.0,1.0,0.0,0.0,1.0,0.5,0.6666666666666666,0.5,591.0,591.0,inf,4720.0,inf,3.993231810490694,0.0,4720.0,hyperplane_gauss,11410,4,0.30631794477812946,0.06604361291974782,2,real,gradual,845,0.35212456831044137,0.5703603252768517,True,high,fast,real/gradual/K=2/recurring/high/fast/partial/imbalanced/noisy,0.0,-0.0
scn-6f2990ed562a,1185068650,NoDrift,0.7760806916426513,0.005786316000012448,0,2.0,0.0,0.0,2.0,0.0,0.0,,0.0,0.0,1.0,,,inf,4720.0,,,0.0,4720.0,hyperplane_gauss,11410,4,0.30631794477812946,0.06604361291974782,2,real,gradual,845,0.35212456831044137,0.5703603252768517,True,high,fast,real/gradual/K=2/recurring/high/fast/partial/imbalanced/noisy,0.0,-0.0
scn-6f2990ed562a,1185068650,Periodic(2000),0.7760806916426513,0.006051358000149776,0,2.0,5.0,2.0,0.0,2.0,1.0,0.4,1.0,0.5714285714285715,0.0,1217.5,1217.5,2360.0,2360.0,1.9383983572895278,1.9383983572895278,0.423728813559322,4720.0,hyperplane_gauss,11410,4,0.30631794477812946,0.06604361291974782,2,real,gradual,845,0.35212456831044137,0.5703603252768517,True,high,fast,real/gradual/K=2/recurring/high/fast/partial/imbalanced/noisy,0.0,-0.0
scn-6f2990ed562a,1185068650,Oracle,0.7760806916426513,0.00615736999998262,0,2.0,2.0,2.0,0.0,0.0,0.0,1.0,1.0,1.0,0.0,423.0,423.0,inf,4720.0,inf,11.15839243498818,0.0,4720.0,hyperplane_gauss,11410,4,0.30631794477812946,0.06604361291974782,2,real,gradual,845,0.35212456831044137,0.5703603252768517,True,high,fast,real/gradual/K=2/recurring/high/fast/partial/imbalanced/noisy,0.0,-0.0
scn-6f2990ed562a,1185068651,ADWIN,0.7761767531219981,0.008831297000142513,0,2.0,2.0,1.0,1.0,1.0,0.0,0.5,0.5,0.5,0.5,644.0,644.0,4720.0,4720.0,3.6645962732919255,3.6645962732919255,0.211864406779661,4720.0,hyperplane_gauss,11410,4,0.30631794477812946,0.06604361291974782,2,real,gradual,845,0.35212456831044137,0.5703603252768517,True,high,fast,real/gradual/K=2/recurring/high/fast/partial/imbalanced/noisy,0.0,-0.0
scn-6f2990ed562a,1185068651,PageHinkley,0.7761767531219981,0.010770820999823627,0,2.0,3.0,2.0,0.0,0.0,1.0,0.6666666666666666,1.0,0.8,0.0,1363.5,1363.5,inf,4720.0,inf,3.4616795012834616,0.0,4720.0,hyperplane_gauss,11410,4,0.30631794477812946,0.06604361291974782,2,real,gradual,845,0.35212456831044137,0.5703603252768517,True,high,fast,real/gradual/K=2/recurring/high/fast/partial/imbalanced/noisy,0.0,-0.0
scn-6f2990ed562a,1185068651,PageHinkley-up,0.7761767531219981,0.010801308000282006,0,2.0,2.0,2.0,0.0,0.0,0.0,1.0,1.0,1.0,0.0,1516.5,1516.5,inf,4720.0,inf,3.1124299373557536,0.0,4720.0,hyperplane_gauss,11410,4,0.30631794477812946,0.06604361291974782,2,real,gradual,845,0.35212456831044137,0.5703603252768517,True,high,fast,real/gradual/K=2/recurring/high/fast/partial/imbalanced/noisy,0.0,-0.0
scn-6f2990ed562a,1185068651,DDM,0.7761767531219981,0.010816445999807911,0,2.0,1.0,1.0,1.0,0.0,0.0,1.0,0.5,0.6666666666666666,0.5,607.0,607.0,inf,4720.0,inf,3.8879736408566723,0.0,4720.0,hyperplane_gauss,11410,4,0.30631794477812946,0.06604361291974782,2,real,gradual,845,0.35212456831044137,0.5703603252768517,True,high,fast,real/gradual/K=2/recurring/high/fast/partial/imbalanced/noisy,0.0,-0.0
scn-6f2990ed562a,1185068651,EDDM,0.7761767531219981,0.009400638999977673,0,2.0,12.0,1.0,1.0,5.0,6.0,0.08333333333333333,0.5,0.14285714285714285,0.5,172.0,172.0,944.0,944.0,2.744186046511628,2.744186046511628,1.0593220338983051,4720.0,hyperplane_gauss,11410,4,0.30631794477812946,0.06604361291974782,2,real,gradual,845,0.35212456831044137,0.5703603252768517,True,high,fast,real/gradual/K=2/recurring/high/fast/partial/imbalanced/noisy,0.0,-0.0
scn-6f2990ed562a,1185068651,HDDM_A,0.7761767531219981,0.03935489899959066,0,2.0,2.0,1.0,1.0,0.0,1.0,0.5,0.5,0.5,0.5,752.0,752.0,inf,4720.0,inf,3.1382978723404253,0.0,4720.0,hyperplane_gauss,11410,4,0.30631794477812946,0.06604361291974782,2,real,gradual,845,0.35212456831044137,0.5703603252768517,True,high,fast,real/gradual/K=2/recurring/high/fast/partial/imbalanced/noisy,0.0,-0.0
scn-6f2990ed562a,1185068651,HDDM_W,0.7761767531219981,0.035984298000130366,0,2.0,3.0,2.0,0.0,1.0,0.0,0.6666666666666666,1.0,0.8,0.0,1248.0,1248.0,4720.0,4720.0,3.782051282051282,3.782051282051282,0.211864406779661,4720.0,hyperplane_gauss,11410,4,0.30631794477812946,0.06604361291974782,2,real,gradual,845,0.35212456831044137,0.5703603252768517,True,high,fast,real/gradual/K=2/recurring/high/fast/partial/imbalanced/noisy,0.0,-0.0
scn-6f2990ed562a,1185068651,FHDDM,0.7761767531219981,0.020761885999945662,0,2.0,2.0,1.0,1.0,0.0,1.0,0.5,0.5,0.5,0.5,641.0,641.0,inf,4720.0,inf,3.6817472698907956,0.0,4720.0,hyperplane_gauss,11410,4,0.30631794477812946,0.06604361291974782,2,real,gradual,845,0.35212456831044137,0.5703603252768517,True,high,fast,real/gradual/K=2/recurring/high/fast/partial/imbalanced/noisy,0.0,-0.0
scn-6f2990ed562a,1185068651,NoDrift,0.7761767531219981,0.006154393000088021,0,2.0,0.0,0.0,2.0,0.0,0.0,,0.0,0.0,1.0,,,inf,4720.0,,,0.0,4720.0,hyperplane_gauss,11410,4,0.30631794477812946,0.06604361291974782,2,real,gradual,845,0.35212456831044137,0.5703603252768517,True,high,fast,real/gradual/K=2/recurring/high/fast/partial/imbalanced/noisy,0.0,-0.0
scn-6f2990ed562a,1185068651,Periodic(2000),0.7761767531219981,0.005838327999754256,0,2.0,5.0,2.0,0.0,2.0,1.0,0.4,1.0,0.5714285714285715,0.0,1217.5,1217.5,2360.0,2360.0,1.9383983572895278,1.9383983572895278,0.423728813559322,4720.0,hyperplane_gauss,11410,4,0.30631794477812946,0.06604361291974782,2,real,gradual,845,0.35212456831044137,0.5703603252768517,True,high,fast,real/gradual/K=2/recurring/high/fast/partial/imbalanced/noisy,0.0,-0.0
scn-6f2990ed562a,1185068651,Oracle,0.7761767531219981,0.006057190000319679,0,2.0,2.0,2.0,0.0,0.0,0.0,1.0,1.0,1.0,0.0,423.0,423.0,inf,4720.0,inf,11.15839243498818,0.0,4720.0,hyperplane_gauss,11410,4,0.30631794477812946,0.06604361291974782,2,real,gradual,845,0.35212456831044137,0.5703603252768517,True,high,fast,real/gradual/K=2/recurring/high/fast/partial/imbalanced/noisy,0.0,-0.0
scn-6f2990ed562a,1185068652,ADWIN,0.7831892411143132,0.008029725999676884,0,2.0,3.0,2.0,0.0,1.0,0.0,0.6666666666666666,1.0,0.8,0.0,1545.5,1545.5,4720.0,4720.0,3.0540278227110966,3.0540278227110966,0.211864406779661,4720.0,hyperplane_gauss,11410,4,0.30631794477812946,0.06604361291974782,2,real,gradual,845,0.35212456831044137,0.5703603252768517,True,high,fast,real/gradual/K=2/recurring/high/fast/partial/imbalanced/noisy,0.0,-0.0
scn-6f2990ed562a,1185068652,PageHinkley,0.7831892411143132,0.010869954000099824,0,2.0,4.0,2.0,0.0,1.0,1.0,0.5,1.0,0.6666666666666666,0.0,1016.5,1016.5,4720.0,4720.0,4.6433841613379245,4.6433841613379245,0.211864406779661,4720.0,hyperplane_gauss,11410,4,0.30631794477812946,0.06604361291974782,2,real,gradual,845,0.35212456831044137,0.5703603252768517,True,high,fast,real/gradual/K=2/recurring/high/fast/partial/imbalanced/noisy,0.0,-0.0
scn-6f2990ed562a,1185068652,PageHinkley-up,0.7831892411143132,0.01091749199986225,0,2.0,2.0,2.0,0.0,0.0,0.0,1.0,1.0,1.0,0.0,1407.5,1407.5,inf,4720.0,inf,3.3534635879218473,0.0,4720.0,hyperplane_gauss,11410,4,0.30631794477812946,0.06604361291974782,2,real,gradual,845,0.35212456831044137,0.5703603252768517,True,high,fast,real/gradual/K=2/recurring/high/fast/partial/imbalanced/noisy,0.0,-0.0
scn-6f2990ed562a,1185068652,DDM,0.7831892411143132,0.010696101999656094,0,2.0,3.0,1.0,1.0,1.0,1.0,0.3333333333333333,0.5,0.4,0.5,547.0,547.0,4720.0,4720.0,4.3144424131627055,4.3144424131627055,0.211864406779661,4720.0,hyperplane_gauss,11410,4,0.30631794477812946,0.06604361291974782,2,real,gradual,845,0.35212456831044137,0.5703603252768517,True,high,fast,real/gradual/K=2/recurring/high/fast/partial/imbalanced/noisy,0.0,-0.0
scn-6f2990ed562a,1185068652,EDDM,0.7831892411143132,0.009656885999902443,0,2.0,8.0,1.0,1.0,2.0,5.0,0.125,0.5,0.2,0.5,324.0,324.0,2360.0,2360.0,3.6419753086419755,3.6419753086419755,0.423728813559322,4720.0,hyperplane_gauss,11410,4,0.30631794477812946,0.06604361291974782,2,real,gradual,845,0.35212456831044137,0.5703603252768517,True,high,fast,real/gradual/K=2/recurring/high/fast/partial/imbalanced/noisy,0.0,-0.0
scn-6f2990ed562a,1185068652,HDDM_A,0.7831892411143132,0.04068204399982278,0,2.0,2.0,1.0,1.0,0.0,1.0,0.5,0.5,0.5,0.5,563.0,563.0,inf,4720.0,inf,4.191829484902309,0.0,4720.0,hyperplane_gauss,11410,4,0.30631794477812946,0.06604361291974782,2,real,gradual,845,0.35212456831044137,0.5703603252768517,True,high,fast,real/gradual/K=2/recurring/high/fast/partial/imbalanced/noisy,0.0,-0.0
scn-6f2990ed562a,1185068652,HDDM_W,0.7831892411143132,0.0335584900003596,0,2.0,1.0,1.0,1.0,0.0,0.0,1.0,0.5,0.6666666666666666,0.5,760.0,760.0,inf,4720.0,inf,3.1052631578947367,0.0,4720.0,hyperplane_gauss,11410,4,0.30631794477812946,0.06604361291974782,2,real,gradual,845,0.35212456831044137,0.5703603252768517,True,high,fast,real/gradual/K=2/recurring/high/fast/partial/imbalanced/noisy,0.0,-0.0
scn-6f2990ed562a,1185068652,FHDDM,0.7831892411143132,0.009177482000268355,0,2.0,2.0,2.0,0.0,0.0,0.0,1.0,1.0,1.0,0.0,1650.5,1650.5,inf,4720.0,inf,2.859739472887004,0.0,4720.0,hyperplane_gauss,11410,4,0.30631794477812946,0.06604361291974782,2,real,gradual,845,0.35212456831044137,0.5703603252768517,True,high,fast,real/gradual/K=2/recurring/high/fast/partial/imbalanced/noisy,0.0,-0.0
scn-6f2990ed562a,1185068652,NoDrift,0.7831892411143132,0.005788415000097302,0,2.0,0.0,0.0,2.0,0.0,0.0,,0.0,0.0,1.0,,,inf,4720.0,,,0.0,4720.0,hyperplane_gauss,11410,4,0.30631794477812946,0.06604361291974782,2,real,gradual,845,0.35212456831044137,0.5703603252768517,True,high,fast,real/gradual/K=2/recurring/high/fast/partial/imbalanced/noisy,0.0,-0.0
scn-6f2990ed562a,1185068652,Periodic(2000),0.7831892411143132,0.005816328000037174,0,2.0,5.0,2.0,0.0,2.0,1.0,0.4,1.0,0.5714285714285715,0.0,1217.5,1217.5,2360.0,2360.0,1.9383983572895278,1.9383983572895278,0.423728813559322,4720.0,hyperplane_gauss,11410,4,0.30631794477812946,0.06604361291974782,2,real,gradual,845,0.35212456831044137,0.5703603252768517,True,high,fast,real/gradual/K=2/recurring/high/fast/partial/imbalanced/noisy,0.0,-0.0
scn-6f2990ed562a,1185068652,Oracle,0.7831892411143132,0.006385711000348238,0,2.0,2.0,2.0,0.0,0.0,0.0,1.0,1.0,1.0,0.0,423.0,423.0,inf,4720.0,inf,11.15839243498818,0.0,4720.0,hyperplane_gauss,11410,4,0.30631794477812946,0.06604361291974782,2,real,gradual,845,0.35212456831044137,0.5703603252768517,True,high,fast,real/gradual/K=2/recurring/high/fast/partial/imbalanced/noisy,0.0,-0.0
scn-6af19ddb139b,771769208,ADWIN,0.781323394261207,0.03537519900010011,0,1.0,0.0,0.0,1.0,0.0,0.0,,0.0,0.0,1.0,,,inf,17586.0,,,0.0,17586.0,hyperplane_gauss,20586,14,0.22723008417524398,0.17084331046789883,1,virtual,sudden,0,0.34749491199851035,0.42702200114727024,False,high,abrupt,virtual/sudden/K=1/high/abrupt/partial/imbalanced/noisy,0.0,-0.0
scn-6af19ddb139b,771769208,PageHinkley,0.781323394261207,0.03385410500004582,0,1.0,1.0,0.0,1.0,1.0,0.0,0.0,0.0,0.0,1.0,,,17586.0,17586.0,,,0.05686341407938133,17586.0,hyperplane_gauss,20586,14,0.22723008417524398,0.17084331046789883,1,virtual,sudden,0,0.34749491199851035,0.42702200114727024,False,high,abrupt,virtual/sudden/K=1/high/abrupt/partial/imbalanced/noisy,0.0,-0.0
scn-6af19ddb139b,771769208,PageHinkley-up,0.781323394261207,0.03259311500005424,0,1.0,1.0,1.0,0.0,0.0,0.0,1.0,1.0,1.0,0.0,469.0,469.0,inf,17586.0,inf,37.49680170575693,0.0,17586.0,hyperplane_gauss,20586,14,0.22723008417524398,0.17084331046789883,1,virtual,sudden,0,0.34749491199851035,0.42702200114727024,False,high,abrupt,virtual/sudden/K=1/high/abrupt/partial/imbalanced/noisy,0.0,-0.0
scn-6af19ddb139b,771769208,DDM,0.781323394261207,0.03219860599983804,0,1.0,2.0,0.0,1.0,2.0,0.0,0.0,0.0,0.0,1.0,,,8793.0,8793.0,,,0.11372682815876266,17586.0,hyperplane_gauss,20586,14,0.22723008417524398,0.17084331046789883,1,virtual,sudden,0,0.34749491199851035,0.42702200114727024,False,high,abrupt,virtual/sudden/K=1/high/abrupt/partial/imbalanced/noisy,0.0,-0.0
scn-6af19ddb139b,771769208,EDDM,0.781323394261207,0.02896869300002436,0,1.0,4.0,0.0,1.0,4.0,0.0,0.0,0.0,0.0,1.0,,,4396.5,4396.5,,,0.22745365631752532,17586.0,hyperplane_gauss,20586,14,0.22723008417524398,0.17084331046789883,1,virtual,sudden,0,0.34749491199851035,0.42702200114727024,False,high,abrupt,virtual/sudden/K=1/high/abrupt/partial/imbalanced/noisy,0.0,-0.0
scn-6af19ddb139b,771769208,HDDM_A,0.781323394261207,0.0741315269997358,0,1.0,0.0,0.0,1.0,0.0,0.0,,0.0,0.0,1.0,,,inf,17586.0,,,0.0,17586.0,hyperplane_gauss,20586,14,0.22723008417524398,0.17084331046789883,1,virtual,sudden,0,0.34749491199851035,0.42702200114727024,False,high,abrupt,virtual/sudden/K=1/high/abrupt/partial/imbalanced/noisy,0.0,-0.0
scn-6af19ddb139b,771769208,HDDM_W,0.781323394261207,0.07279346400036957,0,1.0,2.0,0.0,1.0,2.0,0.0,0.0,0.0,0.0,1.0,,,8793.0,8793.0,,,0.11372682815876266,17586.0,hyperplane_gauss,20586,14,0.22723008417524398,0.17084331046789883,1,virtual,sudden,0,0.34749491199851035,0.42702200114727024,False,high,abrupt,virtual/sudden/K=1/high/abrupt/partial/imbalanced/noisy,0.0,-0.0
scn-6af19ddb139b,771769208,FHDDM,0.781323394261207,0.026344020000124146,0,1.0,0.0,0.0,1.0,0.0,0.0,,0.0,0.0,1.0,,,inf,17586.0,,,0.0,17586.0,hyperplane_gauss,20586,14,0.22723008417524398,0.17084331046789883,1,virtual,sudden,0,0.34749491199851035,0.42702200114727024,False,high,abrupt,virtual/sudden/K=1/high/abrupt/partial/imbalanced/noisy,0.0,-0.0
scn-6af19ddb139b,771769208,NoDrift,0.781323394261207,0.019634485000096902,0,1.0,0.0,0.0,1.0,0.0,0.0,,0.0,0.0,1.0,,,inf,17586.0,,,0.0,17586.0,hyperplane_gauss,20586,14,0.22723008417524398,0.17084331046789883,1,virtual,sudden,0,0.34749491199851035,0.42702200114727024,False,high,abrupt,virtual/sudden/K=1/high/abrupt/partial/imbalanced/noisy,0.0,-0.0
scn-6af19ddb139b,771769208,Periodic(2000),0.781323394261207,0.020316993000051298,0,1.0,9.0,1.0,0.0,8.0,0.0,0.1111111111111111,1.0,0.19999999999999998,0.0,1207.0,1207.0,2198.25,2198.25,1.8212510356255178,1.8212510356255178,0.45490731263505063,17586.0,hyperplane_gauss,20586,14,0.22723008417524398,0.17084331046789883,1,virtual,sudden,0,0.34749491199851035,0.42702200114727024,False,high,abrupt,virtual/sudden/K=1/high/abrupt/partial/imbalanced/noisy,0.0,-0.0
scn-6af19ddb139b,771769208,Oracle,0.781323394261207,0.02019224400009989,0,1.0,1.0,1.0,0.0,0.0,0.0,1.0,1.0,1.0,0.0,1.0,1.0,inf,17586.0,inf,17586.0,0.0,17586.0,hyperplane_gauss,20586,14,0.22723008417524398,0.17084331046789883,1,virtual,sudden,0,0.34749491199851035,0.42702200114727024,False,high,abrupt,virtual/sudden/K=1/high/abrupt/partial/imbalanced/noisy,0.0,-0.0
scn-6af19ddb139b,771769209,ADWIN,0.7855611150822016,0.024553157999889663,0,1.0,0.0,0.0,1.0,0.0,0.0,,0.0,0.0,1.0,,,inf,17586.0,,,0.0,17586.0,hyperplane_gauss,20586,14,0.22723008417524398,0.17084331046789883,1,virtual,sudden,0,0.34749491199851035,0.42702200114727024,False,high,abrupt,virtual/sudden/K=1/high/abrupt/partial/imbalanced/noisy,0.0,-0.0
scn-6af19ddb139b,771769209,PageHinkley,0.7855611150822016,0.029485169000054157,0,1.0,0.0,0.0,1.0,0.0,0.0,,0.0,0.0,1.0,,,inf,17586.0,,,0.0,17586.0,hyperplane_gauss,20586,14,0.22723008417524398,0.17084331046789883,1,virtual,sudden,0,0.34749491199851035,0.42702200114727024,False,high,abrupt,virtual/sudden/K=1/high/abrupt/partial/imbalanced/noisy,0.0,-0.0
scn-6af19ddb139b,771769209,PageHinkley-up,0.7855611150822016,0.02942715400013185,0,1.0,0.0,0.0,1.0,0.0,0.0,,0.0,0.0,1.0,,,inf,17586.0,,,0.0,17586.0,hyperplane_gauss,20586,14,0.22723008417524398,0.17084331046789883,1,virtual,sudden,0,0.34749491199851035,0.42702200114727024,False,high,abrupt,virtual/sudden/K=1/high/abrupt/partial/imbalanced/noisy,0.0,-0.0
scn-6af19ddb139b,771769209,DDM,0.7855611150822016,0.02889180599959218,0,1.0,0.0,0.0,1.0,0.0,0.0,,0.0,0.0,1.0,,,inf,17586.0,,,0.0,17586.0,hyperplane_gauss,20586,14,0.22723008417524398,0.17084331046789883,1,virtual,sudden,0,0.34749491199851035,0.42702200114727024,False,high,abrupt,virtual/sudden/K=1/high/abrupt/partial/imbalanced/noisy,0.0,-0.0
scn-6af19ddb139b,771769209,EDDM,0.7855611150822016,0.02606294599991088,0,1.0,41.0,0.0,1.0,41.0,0.0,0.0,0.0,0.0,1.0,,,428.9268292682927,428.9268292682927,,,2.3313999772546343,17586.0,hyperplane_gauss,20586,14,0.22723008417524398,0.17084331046789883,1,virtual,sudden,0,0.34749491199851035,0.42702200114727024,False,high,abrupt,virtual/sudden/K=1/high/abrupt/partial/imbalanced/noisy,0.0,-0.0
scn-6af19ddb139b,771769209,HDDM_A,0.7855611150822016,0.06950951700036967,0,1.0,0.0,0.0,1.0,0.0,0.0,,0.0,0.0,1.0,,,inf,17586.0,,,0.0,17586.0,hyperplane_gauss,20586,14,0.22723008417524398,0.17084331046789883,1,virtual,sudden,0,0.34749491199851035,0.42702200114727024,False,high,abrupt,virtual/sudden/K=1/high/abrupt/partial/imbalanced/noisy,0.0,-0.0
scn-6af19ddb139b,771769209,HDDM_W,0.7855611150822016,0.07050201799984279,0,1.0,1.0,0.0,1.0,1.0,0.0,0.0,0.0,0.0,1.0,,,17586.0,17586.0,,,0.05686341407938133,17586.0,hyperplane_gauss,20586,14,0.22723008417524398,0.17084331046789883,1,virtual,sudden,0,0.34749491199851035,0.42702200114727024,False,high,abrupt,virtual/sudden/K=1/high/abrupt/partial/imbalanced/noisy,0.0,-0.0
scn-6af19ddb139b,771769209,FHDDM,0.7855611150822016,0.02662496099992495,0,1.0,0.0,0.0,1.0,0.0,0.0,,0.0,0.0,1.0,,,inf,17586.0,,,0.0,17586.0,hyperplane_gauss,20586,14,0.22723008417524398,0.17084331046789883,1,virtual,sudden,0,0.34749491199851035,0.42702200114727024,False,high,abrupt,virtual/sudden/K=1/high/abrupt/partial/imbalanced/noisy,0.0,-0.0
scn-6af19ddb139b,771769209,NoDrift,0.7855611150822016,0.0196208630000001,0,1.0,0.0,0.0,1.0,0.0,0.0,,0.0,0.0,1.0,,,inf,17586.0,,,0.0,17586.0,hyperplane_gauss,20586,14,0.22723008417524398,0.17084331046789883,1,virtual,sudden,0,0.34749491199851035,0.42702200114727024,False,high,abrupt,virtual/sudden/K=1/high/abrupt/partial/imbalanced/noisy,0.0,-0.0
scn-6af19ddb139b,771769209,Periodic(2000),0.7855611150822016,0.020109392999984266,0,1.0,9.0,1.0,0.0,8.0,0.0,0.1111111111111111,1.0,0.19999999999999998,0.0,1207.0,1207.0,2198.25,2198.25,1.8212510356255178,1.8212510356255178,0.45490731263505063,17586.0,hyperplane_gauss,20586,14,0.22723008417524398,0.17084331046789883,1,virtual,sudden,0,0.34749491199851035,0.42702200114727024,False,high,abrupt,virtual/sudden/K=1/high/abrupt/partial/imbalanced/noisy,0.0,-0.0
scn-6af19ddb139b,771769209,Oracle,0.7855611150822016,0.020191600000089238,0,1.0,1.0,1.0,0.0,0.0,0.0,1.0,1.0,1.0,0.0,1.0,1.0,inf,17586.0,inf,17586.0,0.0,17586.0,hyperplane_gauss,20586,14,0.22723008417524398,0.17084331046789883,1,virtual,sudden,0,0.34749491199851035,0.42702200114727024,False,high,abrupt,virtual/sudden/K=1/high/abrupt/partial/imbalanced/noisy,0.0,-0.0
scn-6af19ddb139b,771769210,ADWIN,0.778515266006331,0.02427170600003592,0,1.0,0.0,0.0,1.0,0.0,0.0,,0.0,0.0,1.0,,,inf,17586.0,,,0.0,17586.0,hyperplane_gauss,20586,14,0.22723008417524398,0.17084331046789883,1,virtual,sudden,0,0.34749491199851035,0.42702200114727024,False,high,abrupt,virtual/sudden/K=1/high/abrupt/partial/imbalanced/noisy,0.0,-0.0
scn-6af19ddb139b,771769210,PageHinkley,0.778515266006331,0.03008895599987227,0,1.0,1.0,0.0,1.0,1.0,0.0,0.0,0.0,0.0,1.0,,,17586.0,17586.0,,,0.05686341407938133,17586.0,hyperplane_gauss,20586,14,0.22723008417524398,0.17084331046789883,1,virtual,sudden,0,0.34749491199851035,0.42702200114727024,False,high,abrupt,virtual/sudden/K=1/high/abrupt/partial/imbalanced/noisy,0.0,-0.0
scn-6af19ddb139b,771769210,PageHinkley-up,0.778515266006331,0.02960506199997326,0,1.0,0.0,0.0,1.0,0.0,0.0,,0.0,0.0,1.0,,,inf,17586.0,,,0.0,17586.0,hyperplane_gauss,20586,14,0.22723008417524398,0.17084331046789883,1,virtual,sudden,0,0.34749491199851035,0.42702200114727024,False,high,abrupt,virtual/sudden/K=1/high/abrupt/partial/imbalanced/noisy,0.0,-0.0
scn-6af19ddb139b,771769210,DDM,0.778515266006331,0.02906798499998331,0,1.0,0.0,0.0,1.0,0.0,0.0,,0.0,0.0,1.0,,,inf,17586.0,,,0.0,17586.0,hyperplane_gauss,20586,14,0.22723008417524398,0.17084331046789883,1,virtual,sudden,0,0.34749491199851035,0.42702200114727024,False,high,abrupt,virtual/sudden/K=1/high/abrupt/partial/imbalanced/noisy,0.0,-0.0
scn-6af19ddb139b,771769210,EDDM,0.778515266006331,0.02702541899998323,0,1.0,1.0,0.0,1.0,1.0,0.0,0.0,0.0,0.0,1.0,,,17586.0,17586.0,,,0.05686341407938133,17586.0,hyperplane_gauss,20586,14,0.22723008417524398,0.17084331046789883,1,virtual,sudden,0,0.34749491199851035,0.42702200114727024,False,high,abrupt,virtual/sudden/K=1/high/abrupt/partial/imbalanced/noisy,0.0,-0.0
scn-6af19ddb139b,771769210,HDDM_A,0.778515266006331,0.07237369700033014,0,1.0,0.0,0.0,1.0,0.0,0.0,,0.0,0.0,1.0,,,inf,17586.0,,,0.0,17586.0,hyperplane_gauss,20586,14,0.22723008417524398,0.17084331046789883,1,virtual,sudden,0,0.34749491199851035,0.42702200114727024,False,high,abrupt,virtual/sudden/K=1/high/abrupt/partial/imbalanced/noisy,0.0,-0.0
scn-6af19ddb139b,771769210,HDDM_W,0.778515266006331,0.07289743499995893,0,1.0,2.0,0.0,1.0,2.0,0.0,0.0,0.0,0.0,1.0,,,8793.0,8793.0,,,0.11372682815876266,17586.0,hyperplane_gauss,20586,14,0.22723008417524398,0.17084331046789883,1,virtual,sudden,0,0.34749491199851035,0.42702200114727024,False,high,abrupt,virtual/sudden/K=1/high/abrupt/partial/imbalanced/noisy,0.0,-0.0
scn-6af19ddb139b,771769210,FHDDM,0.778515266006331,0.02741851900009351,0,1.0,1.0,0.0,1.0,1.0,0.0,0.0,0.0,0.0,1.0,,,17586.0,17586.0,,,0.05686341407938133,17586.0,hyperplane_gauss,20586,14,0.22723008417524398,0.17084331046789883,1,virtual,sudden,0,0.34749491199851035,0.42702200114727024,False,high,abrupt,virtual/sudden/K=1/high/abrupt/partial/imbalanced/noisy,0.0,-0.0
scn-6af19ddb139b,771769210,NoDrift,0.778515266006331,0.01977357799978563,0,1.0,0.0,0.0,1.0,0.0,0.0,,0.0,0.0,1.0,,,inf,17586.0,,,0.0,17586.0,hyperplane_gauss,20586,14,0.22723008417524398,0.17084331046789883,1,virtual,sudden,0,0.34749491199851035,0.42702200114727024,False,high,abrupt,virtual/sudden/K=1/high/abrupt/partial/imbalanced/noisy,0.0,-0.0
scn-6af19ddb139b,771769210,Periodic(2000),0.778515266006331,0.020184677000088413,0,1.0,9.0,1.0,0.0,8.0,0.0,0.1111111111111111,1.0,0.19999999999999998,0.0,1207.0,1207.0,2198.25,2198.25,1.8212510356255178,1.8212510356255178,0.45490731263505063,17586.0,hyperplane_gauss,20586,14,0.22723008417524398,0.17084331046789883,1,virtual,sudden,0,0.34749491199851035,0.42702200114727024,False,high,abrupt,virtual/sudden/K=1/high/abrupt/partial/imbalanced/noisy,0.0,-0.0
scn-6af19ddb139b,771769210,Oracle,0.778515266006331,0.020438090999959968,0,1.0,1.0,1.0,0.0,0.0,0.0,1.0,1.0,1.0,0.0,1.0,1.0,inf,17586.0,inf,17586.0,0.0,17586.0,hyperplane_gauss,20586,14,0.22723008417524398,0.17084331046789883,1,virtual,sudden,0,0.34749491199851035,0.42702200114727024,False,high,abrupt,virtual/sudden/K=1/high/abrupt/partial/imbalanced/noisy,0.0,-0.0
scn-8c2de63e6b4c,1958901549,ADWIN,0.8461797898560125,0.024662539000019024,0,3.0,1.0,0.0,3.0,1.0,0.0,0.0,0.0,0.0,1.0,,,32155.0,32155.0,,,0.03109936246306951,32155.0,hyperplane_gauss,39545,2,0.4031852092128247,0.14435675656422972,3,prior,incremental,130,0.03200858101248741,1.0,False,low,fast,prior/incremental/K=3/low/fast/n/a/balanced/noisy,0.0,-0.0
scn-8c2de63e6b4c,1958901549,PageHinkley,0.8461797898560125,0.03601588199990147,0,3.0,2.0,0.0,3.0,2.0,0.0,0.0,0.0,0.0,1.0,,,16077.5,16077.5,,,0.06219872492613902,32155.0,hyperplane_gauss,39545,2,0.4031852092128247,0.14435675656422972,3,prior,incremental,130,0.03200858101248741,1.0,False,low,fast,prior/incremental/K=3/low/fast/n/a/balanced/noisy,0.0,-0.0
scn-8c2de63e6b4c,1958901549,PageHinkley-up,0.8461797898560125,0.03476302699982625,0,3.0,1.0,0.0,3.0,1.0,0.0,0.0,0.0,0.0,1.0,,,32155.0,32155.0,,,0.03109936246306951,32155.0,hyperplane_gauss,39545,2,0.4031852092128247,0.14435675656422972,3,prior,incremental,130,0.03200858101248741,1.0,False,low,fast,prior/incremental/K=3/low/fast/n/a/balanced/noisy,0.0,-0.0
scn-8c2de63e6b4c,1958901549,DDM,0.8461797898560125,0.03454042400016988,0,3.0,0.0,0.0,3.0,0.0,0.0,,0.0,0.0,1.0,,,inf,32155.0,,,0.0,32155.0,hyperplane_gauss,39545,2,0.4031852092128247,0.14435675656422972,3,prior,incremental,130,0.03200858101248741,1.0,False,low,fast,prior/incremental/K=3/low/fast/n/a/balanced/noisy,0.0,-0.0
scn-8c2de63e6b4c,1958901549,EDDM,0.8461797898560125,0.027767168000082165,0,3.0,6.0,0.0,3.0,6.0,0.0,0.0,0.0,0.0,1.0,,,5359.166666666667,5359.166666666667,,,0.18659617477841703,32155.0,hyperplane_gauss,39545,2,0.4031852092128247,0.14435675656422972,3,prior,incremental,130,0.03200858101248741,1.0,False,low,fast,prior/incremental/K=3/low/fast/n/a/balanced/noisy,0.0,-0.0
scn-8c2de63e6b4c,1958901549,HDDM_A,0.8461797898560125,0.11452348100010568,0,3.0,0.0,0.0,3.0,0.0,0.0,,0.0,0.0,1.0,,,inf,32155.0,,,0.0,32155.0,hyperplane_gauss,39545,2,0.4031852092128247,0.14435675656422972,3,prior,incremental,130,0.03200858101248741,1.0,False,low,fast,prior/incremental/K=3/low/fast/n/a/balanced/noisy,0.0,-0.0
scn-8c2de63e6b4c,1958901549,HDDM_W,0.8461797898560125,0.11132715199983068,0,3.0,0.0,0.0,3.0,0.0,0.0,,0.0,0.0,1.0,,,inf,32155.0,,,0.0,32155.0,hyperplane_gauss,39545,2,0.4031852092128247,0.14435675656422972,3,prior,incremental,130,0.03200858101248741,1.0,False,low,fast,prior/incremental/K=3/low/fast/n/a/balanced/noisy,0.0,-0.0
scn-8c2de63e6b4c,1958901549,FHDDM,0.8461797898560125,0.029310529000213137,0,3.0,0.0,0.0,3.0,0.0,0.0,,0.0,0.0,1.0,,,inf,32155.0,,,0.0,32155.0,hyperplane_gauss,39545,2,0.4031852092128247,0.14435675656422972,3,prior,incremental,130,0.03200858101248741,1.0,False,low,fast,prior/incremental/K=3/low/fast/n/a/balanced/noisy,0.0,-0.0
scn-8c2de63e6b4c,1958901549,NoDrift,0.8461797898560125,0.016380737999952544,0,3.0,0.0,0.0,3.0,0.0,0.0,,0.0,0.0,1.0,,,inf,32155.0,,,0.0,32155.0,hyperplane_gauss,39545,2,0.4031852092128247,0.14435675656422972,3,prior,incremental,130,0.03200858101248741,1.0,False,low,fast,prior/incremental/K=3/low/fast/n/a/balanced/noisy,0.0,-0.0
scn-8c2de63e6b4c,1958901549,Periodic(2000),0.8461797898560125,0.017521578000014415,0,3.0,19.0,3.0,0.0,16.0,0.0,0.15789473684210525,1.0,0.2727272727272727,0.0,1126.3333333333333,945.0,2009.6875,2009.6875,1.7842741935483872,1.7842741935483872,0.49758979940911213,32155.0,hyperplane_gauss,39545,2,0.4031852092128247,0.14435675656422972,3,prior,incremental,130,0.03200858101248741,1.0,False,low,fast,prior/incremental/K=3/low/fast/n/a/balanced/noisy,0.0,-0.0
scn-8c2de63e6b4c,1958901549,Oracle,0.8461797898560125,0.01792051900019942,0,3.0,3.0,3.0,0.0,0.0,0.0,1.0,1.0,1.0,0.0,66.0,66.0,inf,32155.0,inf,487.1969696969697,0.0,32155.0,hyperplane_gauss,39545,2,0.4031852092128247,0.14435675656422972,3,prior,incremental,130,0.03200858101248741,1.0,False,low,fast,prior/incremental/K=3/low/fast/n/a/balanced/noisy,0.0,-0.0
scn-8c2de63e6b4c,1958901550,ADWIN,0.8466467764950059,0.024304895000113902,0,3.0,1.0,0.0,3.0,1.0,0.0,0.0,0.0,0.0,1.0,,,32155.0,32155.0,,,0.03109936246306951,32155.0,hyperplane_gauss,39545,2,0.4031852092128247,0.14435675656422972,3,prior,incremental,130,0.03200858101248741,1.0,False,low,fast,prior/incremental/K=3/low/fast/n/a/balanced/noisy,0.0,-0.0
scn-8c2de63e6b4c,1958901550,PageHinkley,0.8466467764950059,0.036116814999786584,0,3.0,2.0,0.0,3.0,2.0,0.0,0.0,0.0,0.0,1.0,,,16077.5,16077.5,,,0.06219872492613902,32155.0,hyperplane_gauss,39545,2,0.4031852092128247,0.14435675656422972,3,prior,incremental,130,0.03200858101248741,1.0,False,low,fast,prior/incremental/K=3/low/fast/n/a/balanced/noisy,0.0,-0.0
scn-8c2de63e6b4c,1958901550,PageHinkley-up,0.8466467764950059,0.03476340700035507,0,3.0,1.0,0.0,3.0,1.0,0.0,0.0,0.0,0.0,1.0,,,32155.0,32155.0,,,0.03109936246306951,32155.0,hyperplane_gauss,39545,2,0.4031852092128247,0.14435675656422972,3,prior,incremental,130,0.03200858101248741,1.0,False,low,fast,prior/incremental/K=3/low/fast/n/a/balanced/noisy,0.0,-0.0
scn-8c2de63e6b4c,1958901550,DDM,0.8466467764950059,0.0333327029998145,0,3.0,1.0,0.0,3.0,1.0,0.0,0.0,0.0,0.0,1.0,,,32155.0,32155.0,,,0.03109936246306951,32155.0,hyperplane_gauss,39545,2,0.4031852092128247,0.14435675656422972,3,prior,incremental,130,0.03200858101248741,1.0,False,low,fast,prior/incremental/K=3/low/fast/n/a/balanced/noisy,0.0,-0.0
scn-8c2de63e6b4c,1958901550,EDDM,0.8466467764950059,0.026750514000013936,0,3.0,25.0,1.0,2.0,20.0,4.0,0.04,0.3333333333333333,0.07142857142857142,0.6666666666666667,218.0,218.0,1607.75,1607.75,2.4583333333333326,2.4583333333333326,0.6219872492613902,32155.0,hyperplane_gauss,39545,2,0.4031852092128247,0.14435675656422972,3,prior,incremental,130,0.03200858101248741,1.0,False,low,fast,prior/incremental/K=3/low/fast/n/a/balanced/noisy,0.0,-0.0
scn-8c2de63e6b4c,1958901550,HDDM_A,0.8466467764950059,0.1184758529998362,0,3.0,0.0,0.0,3.0,0.0,0.0,,0.0,0.0,1.0,,,inf,32155.0,,,0.0,32155.0,hyperplane_gauss,39545,2,0.4031852092128247,0.14435675656422972,3,prior,incremental,130,0.03200858101248741,1.0,False,low,fast,prior/incremental/K=3/low/fast/n/a/balanced/noisy,0.0,-0.0
scn-8c2de63e6b4c,1958901550,HDDM_W,0.8466467764950059,0.11160606000021289,0,3.0,0.0,0.0,3.0,0.0,0.0,,0.0,0.0,1.0,,,inf,32155.0,,,0.0,32155.0,hyperplane_gauss,39545,2,0.4031852092128247,0.14435675656422972,3,prior,incremental,130,0.03200858101248741,1.0,False,low,fast,prior/incremental/K=3/low/fast/n/a/balanced/noisy,0.0,-0.0
scn-8c2de63e6b4c,1958901550,FHDDM,0.8466467764950059,0.028859712000212312,0,3.0,0.0,0.0,3.0,0.0,0.0,,0.0,0.0,1.0,,,inf,32155.0,,,0.0,32155.0,hyperplane_gauss,39545,2,0.4031852092128247,0.14435675656422972,3,prior,incremental,130,0.03200858101248741,1.0,False,low,fast,prior/incremental/K=3/low/fast/n/a/balanced/noisy,0.0,-0.0
scn-8c2de63e6b4c,1958901550,NoDrift,0.8466467764950059,0.016196030999708455,0,3.0,0.0,0.0,3.0,0.0,0.0,,0.0,0.0,1.0,,,inf,32155.0,,,0.0,32155.0,hyperplane_gauss,39545,2,0.4031852092128247,0.14435675656422972,3,prior,incremental,130,0.03200858101248741,1.0,False,low,fast,prior/incremental/K=3/low/fast/n/a/balanced/noisy,0.0,-0.0
scn-8c2de63e6b4c,1958901550,Periodic(2000),0.8466467764950059,0.017127262000030896,0,3.0,19.0,3.0,0.0,16.0,0.0,0.15789473684210525,1.0,0.2727272727272727,0.0,1126.3333333333333,945.0,2009.6875,2009.6875,1.7842741935483872,1.7842741935483872,0.49758979940911213,32155.0,hyperplane_gauss,39545,2,0.4031852092128247,0.14435675656422972,3,prior,incremental,130,0.03200858101248741,1.0,False,low,fast,prior/incremental/K=3/low/fast/n/a/balanced/noisy,0.0,-0.0
scn-8c2de63e6b4c,1958901550,Oracle,0.8466467764950059,0.017481321999639476,0,3.0,3.0,3.0,0.0,0.0,0.0,1.0,1.0,1.0,0.0,66.0,66.0,inf,32155.0,inf,487.1969696969697,0.0,32155.0,hyperplane_gauss,39545,2,0.4031852092128247,0.14435675656422972,3,prior,incremental,130,0.03200858101248741,1.0,False,low,fast,prior/incremental/K=3/low/fast/n/a/balanced/noisy,0.0,-0.0
scn-8c2de63e6b4c,1958901551,ADWIN,0.847788299390323,0.024355330000162212,0,3.0,1.0,0.0,3.0,1.0,0.0,0.0,0.0,0.0,1.0,,,32155.0,32155.0,,,0.03109936246306951,32155.0,hyperplane_gauss,39545,2,0.4031852092128247,0.14435675656422972,3,prior,incremental,130,0.03200858101248741,1.0,False,low,fast,prior/incremental/K=3/low/fast/n/a/balanced/noisy,0.0,-0.0
scn-8c2de63e6b4c,1958901551,PageHinkley,0.847788299390323,0.03585296599976573,0,3.0,2.0,0.0,3.0,2.0,0.0,0.0,0.0,0.0,1.0,,,16077.5,16077.5,,,0.06219872492613902,32155.0,hyperplane_gauss,39545,2,0.4031852092128247,0.14435675656422972,3,prior,incremental,130,0.03200858101248741,1.0,False,low,fast,prior/incremental/K=3/low/fast/n/a/balanced/noisy,0.0,-0.0
scn-8c2de63e6b4c,1958901551,PageHinkley-up,0.847788299390323,0.03431491899982575,0,3.0,1.0,0.0,3.0,1.0,0.0,0.0,0.0,0.0,1.0,,,32155.0,32155.0,,,0.03109936246306951,32155.0,hyperplane_gauss,39545,2,0.4031852092128247,0.14435675656422972,3,prior,incremental,130,0.03200858101248741,1.0,False,low,fast,prior/incremental/K=3/low/fast/n/a/balanced/noisy,0.0,-0.0
scn-8c2de63e6b4c,1958901551,DDM,0.847788299390323,0.03375692000008712,0,3.0,0.0,0.0,3.0,0.0,0.0,,0.0,0.0,1.0,,,inf,32155.0,,,0.0,32155.0,hyperplane_gauss,39545,2,0.4031852092128247,0.14435675656422972,3,prior,incremental,130,0.03200858101248741,1.0,False,low,fast,prior/incremental/K=3/low/fast/n/a/balanced/noisy,0.0,-0.0
scn-8c2de63e6b4c,1958901551,EDDM,0.847788299390323,0.02683396400016136,0,3.0,16.0,0.0,3.0,16.0,0.0,0.0,0.0,0.0,1.0,,,2009.6875,2009.6875,,,0.49758979940911213,32155.0,hyperplane_gauss,39545,2,0.4031852092128247,0.14435675656422972,3,prior,incremental,130,0.03200858101248741,1.0,False,low,fast,prior/incremental/K=3/low/fast/n/a/balanced/noisy,0.0,-0.0
scn-8c2de63e6b4c,1958901551,HDDM_A,0.847788299390323,0.11773351000010734,0,3.0,0.0,0.0,3.0,0.0,0.0,,0.0,0.0,1.0,,,inf,32155.0,,,0.0,32155.0,hyperplane_gauss,39545,2,0.4031852092128247,0.14435675656422972,3,prior,incremental,130,0.03200858101248741,1.0,False,low,fast,prior/incremental/K=3/low/fast/n/a/balanced/noisy,0.0,-0.0
scn-8c2de63e6b4c,1958901551,HDDM_W,0.847788299390323,0.11940175900008398,0,3.0,1.0,1.0,2.0,0.0,0.0,1.0,0.3333333333333333,0.5,0.6666666666666667,1196.0,1196.0,inf,32155.0,inf,8.961817168338905,0.0,32155.0,hyperplane_gauss,39545,2,0.4031852092128247,0.14435675656422972,3,prior,incremental,130,0.03200858101248741,1.0,False,low,fast,prior/incremental/K=3/low/fast/n/a/balanced/noisy,0.0,-0.0
scn-8c2de63e6b4c,1958901551,FHDDM,0.847788299390323,0.028280651999921247,0,3.0,0.0,0.0,3.0,0.0,0.0,,0.0,0.0,1.0,,,inf,32155.0,,,0.0,32155.0,hyperplane_gauss,39545,2,0.4031852092128247,0.14435675656422972,3,prior,incremental,130,0.03200858101248741,1.0,False,low,fast,prior/incremental/K=3/low/fast/n/a/balanced/noisy,0.0,-0.0
scn-8c2de63e6b4c,1958901551,NoDrift,0.847788299390323,0.016118862999974226,0,3.0,0.0,0.0,3.0,0.0,0.0,,0.0,0.0,1.0,,,inf,32155.0,,,0.0,32155.0,hyperplane_gauss,39545,2,0.4031852092128247,0.14435675656422972,3,prior,incremental,130,0.03200858101248741,1.0,False,low,fast,prior/incremental/K=3/low/fast/n/a/balanced/noisy,0.0,-0.0
scn-8c2de63e6b4c,1958901551,Periodic(2000),0.847788299390323,0.016955909999978758,0,3.0,19.0,3.0,0.0,16.0,0.0,0.15789473684210525,1.0,0.2727272727272727,0.0,1126.3333333333333,945.0,2009.6875,2009.6875,1.7842741935483872,1.7842741935483872,0.49758979940911213,32155.0,hyperplane_gauss,39545,2,0.4031852092128247,0.14435675656422972,3,prior,incremental,130,0.03200858101248741,1.0,False,low,fast,prior/incremental/K=3/low/fast/n/a/balanced/noisy,0.0,-0.0
scn-8c2de63e6b4c,1958901551,Oracle,0.847788299390323,0.042343974000232265,0,3.0,3.0,3.0,0.0,0.0,0.0,1.0,1.0,1.0,0.0,66.0,66.0,inf,32155.0,inf,487.1969696969697,0.0,32155.0,hyperplane_gauss,39545,2,0.4031852092128247,0.14435675656422972,3,prior,incremental,130,0.03200858101248741,1.0,False,low,fast,prior/incremental/K=3/low/fast/n/a/balanced/noisy,0.0,-0.0
scn-a87a3d141b6f,1083536928,ADWIN,0.678666032737893,0.038239642000007734,0,4.0,6.0,3.0,1.0,3.0,0.0,0.5,0.75,0.6,0.25,145.0,165.0,7148.666666666667,7148.666666666667,36.97586206896552,36.97586206896552,0.13988622586962604,21446.0,hyperplane_gauss,30446,15,0.3698491238523275,0.09413866437971592,4,real,sudden,0,0.4270735745184242,0.5327603593468666,False,high,abrupt,real/sudden/K=4/high/abrupt/partial/imbalanced/noisy,0.0,-0.0
scn-a87a3d141b6f,1083536928,PageHinkley,0.678666032737893,0.04534123700022974,0,4.0,7.0,3.0,1.0,4.0,0.0,0.42857142857142855,0.75,0.5454545454545454,0.25,226.33333333333334,233.0,5361.5,5361.5,17.76638438880707,17.76638438880707,0.18651496782616805,21446.0,hyperplane_gauss,30446,15,0.3698491238523275,0.09413866437971592,4,real,sudden,0,0.4270735745184242,0.5327603593468666,False,high,abrupt,real/sudden/K=4/high/abrupt/partial/imbalanced/noisy,0.0,-0.0
scn-a87a3d141b6f,1083536928,PageHinkley-up,0.678666032737893,0.045348451000336354,0,4.0,3.0,3.0,1.0,0.0,0.0,1.0,0.75,0.8571428571428571,0.25,263.3333333333333,299.0,inf,21446.0,inf,61.08037974683545,0.0,21446.0,hyperplane_gauss,30446,15,0.3698491238523275,0.09413866437971592,4,real,sudden,0,0.4270735745184242,0.5327603593468666,False,high,abrupt,real/sudden/K=4/high/abrupt/partial/imbalanced/noisy,0.0,-0.0
scn-a87a3d141b6f,1083536928,DDM,0.678666032737893,0.04563020500017956,0,4.0,3.0,3.0,1.0,0.0,0.0,1.0,0.75,0.8571428571428571,0.25,587.6666666666666,480.0,inf,21446.0,inf,27.370107770845152,0.0,21446.0,hyperplane_gauss,30446,15,0.3698491238523275,0.09413866437971592,4,real,sudden,0,0.4270735745184242,0.5327603593468666,False,high,abrupt,real/sudden/K=4/high/abrupt/partial/imbalanced/noisy,0.0,-0.0
scn-a87a3d141b6f,1083536928,EDDM,0.678666032737893,0.041541529999904014,0,4.0,44.0,2.0,2.0,27.0,15.0,0.045454545454545456,0.5,0.08333333333333334,0.5,643.0,643.0,794.2962962962963,794.2962962962963,0.6176487529520189,0.6176487529520189,1.2589760328266344,21446.0,hyperplane_gauss,30446,15,0.3698491238523275,0.09413866437971592,4,real,sudden,0,0.4270735745184242,0.5327603593468666,False,high,abrupt,real/sudden/K=4/high/abrupt/partial/imbalanced/noisy,0.0,-0.0
scn-a87a3d141b6f,1083536928,HDDM_A,0.678666032737893,0.12649310400001923,0,4.0,3.0,3.0,1.0,0.0,0.0,1.0,0.75,0.8571428571428571,0.25,100.33333333333333,105.0,inf,21446.0,inf,160.31063122923587,0.0,21446.0,hyperplane_gauss,30446,15,0.3698491238523275,0.09413866437971592,4,real,sudden,0,0.4270735745184242,0.5327603593468666,False,high,abrupt,real/sudden/K=4/high/abrupt/partial/imbalanced/noisy,0.0,-0.0
scn-a87a3d141b6f,1083536928,HDDM_W,0.678666032737893,0.11556131899988031,0,4.0,10.0,4.0,0.0,4.0,2.0,0.4,1.0,0.5714285714285715,0.0,242.25,52.5,5361.5,5361.5,22.132094943240453,22.132094943240453,0.18651496782616805,21446.0,hyperplane_gauss,30446,15,0.3698491238523275,0.09413866437971592,4,real,sudden,0,0.4270735745184242,0.5327603593468666,False,high,abrupt,real/sudden/K=4/high/abrupt/partial/imbalanced/noisy,0.0,-0.0
scn-a87a3d141b6f,1083536928,FHDDM,0.678666032737893,0.04028579100031493,0,4.0,5.0,4.0,0.0,0.0,1.0,0.8,1.0,0.888888888888889,0.0,114.25,85.0,inf,21446.0,inf,187.71115973741794,0.0,21446.0,hyperplane_gauss,30446,15,0.3698491238523275,0.09413866437971592,4,real,sudden,0,0.4270735745184242,0.5327603593468666,False,high,abrupt,real/sudden/K=4/high/abrupt/partial/imbalanced/noisy,0.0,-0.0
scn-a87a3d141b6f,1083536928,NoDrift,0.678666032737893,0.030907560999821726,0,4.0,0.0,0.0,4.0,0.0,0.0,,0.0,0.0,1.0,,,inf,21446.0,,,0.0,21446.0,hyperplane_gauss,30446,15,0.3698491238523275,0.09413866437971592,4,real,sudden,0,0.4270735745184242,0.5327603593468666,False,high,abrupt,real/sudden/K=4/high/abrupt/partial/imbalanced/noisy,0.0,-0.0
scn-a87a3d141b6f,1083536928,Periodic(2000),0.678666032737893,0.033624652000071364,0,4.0,14.0,4.0,0.0,10.0,0.0,0.2857142857142857,1.0,0.4444444444444445,0.0,1277.5,1277.5,2144.6,2144.6,1.6787475538160468,1.6787475538160468,0.46628741956542014,21446.0,hyperplane_gauss,30446,15,0.3698491238523275,0.09413866437971592,4,real,sudden,0,0.4270735745184242,0.5327603593468666,False,high,abrupt,real/sudden/K=4/high/abrupt/partial/imbalanced/noisy,0.0,-0.0
scn-a87a3d141b6f,1083536928,Oracle,0.678666032737893,0.03168936600013694,0,4.0,4.0,4.0,0.0,0.0,0.0,1.0,1.0,1.0,0.0,1.0,1.0,inf,21446.0,inf,21446.0,0.0,21446.0,hyperplane_gauss,30446,15,0.3698491238523275,0.09413866437971592,4,real,sudden,0,0.4270735745184242,0.5327603593468666,False,high,abrupt,real/sudden/K=4/high/abrupt/partial/imbalanced/noisy,0.0,-0.0
scn-a87a3d141b6f,1083536929,ADWIN,0.6847109964001902,0.03738414899999043,0,4.0,6.0,2.0,2.0,4.0,0.0,0.3333333333333333,0.5,0.4,0.5,182.5,182.5,5361.5,5361.5,14.689041095890412,14.689041095890412,0.18651496782616805,21446.0,hyperplane_gauss,30446,15,0.3698491238523275,0.09413866437971592,4,real,sudden,0,0.4270735745184242,0.5327603593468666,False,high,abrupt,real/sudden/K=4/high/abrupt/partial/imbalanced/noisy,0.0,-0.0
scn-a87a3d141b6f,1083536929,PageHinkley,0.6847109964001902,0.04529014299987466,0,4.0,8.0,3.0,1.0,5.0,0.0,0.375,0.75,0.5,0.25,264.6666666666667,302.0,4289.2,4289.2,12.154534005037782,12.154534005037782,0.23314370978271007,21446.0,hyperplane_gauss,30446,15,0.3698491238523275,0.09413866437971592,4,real,sudden,0,0.4270735745184242,0.5327603593468666,False,high,abrupt,real/sudden/K=4/high/abrupt/partial/imbalanced/noisy,0.0,-0.0
scn-a87a3d141b6f,1083536929,PageHinkley-up,0.6847109964001902,0.044632734000060736,0,4.0,3.0,3.0,1.0,0.0,0.0,1.0,0.75,0.8571428571428571,0.25,313.3333333333333,337.0,inf,21446.0,inf,51.33351063829788,0.0,21446.0,hyperplane_gauss,30446,15,0.3698491238523275,0.09413866437971592,4,real,sudden,0,0.4270735745184242,0.5327603593468666,False,high,abrupt,real/sudden/K=4/high/abrupt/partial/imbalanced/noisy,0.0,-0.0
scn-a87a3d141b6f,1083536929,DDM,0.6847109964001902,0.050936319999891566,0,4.0,3.0,3.0,1.0,0.0,0.0,1.0,0.75,0.8571428571428571,0.25,742.6666666666666,620.0,inf,21446.0,inf,21.657764811490125,0.0,21446.0,hyperplane_gauss,30446,15,0.3698491238523275,0.09413866437971592,4,real,sudden,0,0.4270735745184242,0.5327603593468666,False,high,abrupt,real/sudden/K=4/high/abrupt/partial/imbalanced/noisy,0.0,-0.0
scn-a87a3d141b6f,1083536929,EDDM,0.6847109964001902,0.04275367799982632,0,4.0,74.0,2.0,2.0,60.0,12.0,0.02702702702702703,0.5,0.05128205128205129,0.5,58.5,58.5,357.43333333333334,357.43333333333334,3.054985754985755,3.054985754985755,2.797724517392521,21446.0,hyperplane_gauss,30446,15,0.3698491238523275,0.09413866437971592,4,real,sudden,0,0.4270735745184242,0.5327603593468666,False,high,abrupt,real/sudden/K=4/high/abrupt/partial/imbalanced/noisy,0.0,-0.0
scn-a87a3d141b6f,1083536929,HDDM_A,0.6847109964001902,0.12482379099992613,0,4.0,3.0,3.0,1.0,0.0,0.0,1.0,0.75,0.8571428571428571,0.25,338.0,208.0,inf,21446.0,inf,47.587278106508876,0.0,21446.0,hyperplane_gauss,30446,15,0.3698491238523275,0.09413866437971592,4,real,sudden,0,0.4270735745184242,0.5327603593468666,False,high,abrupt,real/sudden/K=4/high/abrupt/partial/imbalanced/noisy,0.0,-0.0
scn-a87a3d141b6f,1083536929,HDDM_W,0.6847109964001902,0.12450933199988867,0,4.0,19.0,4.0,0.0,12.0,3.0,0.21052631578947367,1.0,0.34782608695652173,0.0,160.0,79.5,1787.1666666666667,1787.1666666666667,11.169791666666667,11.169791666666667,0.5595449034785042,21446.0,hyperplane_gauss,30446,15,0.3698491238523275,0.09413866437971592,4,real,sudden,0,0.4270735745184242,0.5327603593468666,False,high,abrupt,real/sudden/K=4/high/abrupt/partial/imbalanced/noisy,0.0,-0.0
scn-a87a3d141b6f,1083536929,FHDDM,0.6847109964001902,0.03974217099994348,0,4.0,6.0,4.0,0.0,1.0,1.0,0.6666666666666666,1.0,0.8,0.0,265.25,90.0,21446.0,21446.0,80.85202639019792,80.85202639019792,0.046628741956542014,21446.0,hyperplane_gauss,30446,15,0.3698491238523275,0.09413866437971592,4,real,sudden,0,0.4270735745184242,0.5327603593468666,False,high,abrupt,real/sudden/K=4/high/abrupt/partial/imbalanced/noisy,0.0,-0.0
scn-a87a3d141b6f,1083536929,NoDrift,0.6847109964001902,0.030312753000089288,0,4.0,0.0,0.0,4.0,0.0,0.0,,0.0,0.0,1.0,,,inf,21446.0,,,0.0,21446.0,hyperplane_gauss,30446,15,0.3698491238523275,0.09413866437971592,4,real,sudden,0,0.4270735745184242,0.5327603593468666,False,high,abrupt,real/sudden/K=4/high/abrupt/partial/imbalanced/noisy,0.0,-0.0
scn-a87a3d141b6f,1083536929,Periodic(2000),0.6847109964001902,0.030764440999973885,0,4.0,14.0,4.0,0.0,10.0,0.0,0.2857142857142857,1.0,0.4444444444444445,0.0,1277.5,1277.5,2144.6,2144.6,1.6787475538160468,1.6787475538160468,0.46628741956542014,21446.0,hyperplane_gauss,30446,15,0.3698491238523275,0.09413866437971592,4,real,sudden,0,0.4270735745184242,0.5327603593468666,False,high,abrupt,real/sudden/K=4/high/abrupt/partial/imbalanced/noisy,0.0,-0.0
scn-a87a3d141b6f,1083536929,Oracle,0.6847109964001902,0.031226970000261645,0,4.0,4.0,4.0,0.0,0.0,0.0,1.0,1.0,1.0,0.0,1.0,1.0,inf,21446.0,inf,21446.0,0.0,21446.0,hyperplane_gauss,30446,15,0.3698491238523275,0.09413866437971592,4,real,sudden,0,0.4270735745184242,0.5327603593468666,False,high,abrupt,real/sudden/K=4/high/abrupt/partial/imbalanced/noisy,0.0,-0.0
scn-a87a3d141b6f,1083536930,ADWIN,0.6812809889288868,0.03815528900031495,0,4.0,5.0,4.0,0.0,1.0,0.0,0.8,1.0,0.888888888888889,0.0,381.5,356.0,21446.0,21446.0,56.21494102228047,56.21494102228047,0.046628741956542014,21446.0,hyperplane_gauss,30446,15,0.3698491238523275,0.09413866437971592,4,real,sudden,0,0.4270735745184242,0.5327603593468666,False,high,abrupt,real/sudden/K=4/high/abrupt/partial/imbalanced/noisy,0.0,-0.0
scn-a87a3d141b6f,1083536930,PageHinkley,0.6812809889288868,0.045730714999990596,0,4.0,9.0,3.0,1.0,5.0,1.0,0.3333333333333333,0.75,0.46153846153846156,0.25,469.3333333333333,277.0,4289.2,4289.2,6.85419034090909,6.85419034090909,0.23314370978271007,21446.0,hyperplane_gauss,30446,15,0.3698491238523275,0.09413866437971592,4,real,sudden,0,0.4270735745184242,0.5327603593468666,False,high,abrupt,real/sudden/K=4/high/abrupt/partial/imbalanced/noisy,0.0,-0.0
scn-a87a3d141b6f,1083536930,PageHinkley-up,0.6812809889288868,0.04609677200005535,0,4.0,3.0,3.0,1.0,0.0,0.0,1.0,0.75,0.8571428571428571,0.25,409.6666666666667,299.0,inf,21446.0,inf,39.26240846216436,0.0,21446.0,hyperplane_gauss,30446,15,0.3698491238523275,0.09413866437971592,4,real,sudden,0,0.4270735745184242,0.5327603593468666,False,high,abrupt,real/sudden/K=4/high/abrupt/partial/imbalanced/noisy,0.0,-0.0
scn-a87a3d141b6f,1083536930,DDM,0.6812809889288868,0.04471265200027119,0,4.0,5.0,2.0,2.0,3.0,0.0,0.4,0.5,0.4444444444444445,0.5,556.5,556.5,7148.666666666667,7148.666666666667,6.422881102126386,6.422881102126386,0.13988622586962604,21446.0,hyperplane_gauss,30446,15,0.3698491238523275,0.09413866437971592,4,real,sudden,0,0.4270735745184242,0.5327603593468666,False,high,abrupt,real/sudden/K=4/high/abrupt/partial/imbalanced/noisy,0.0,-0.0
scn-a87a3d141b6f,1083536930,EDDM,0.6812809889288868,0.04197161699994467,0,4.0,46.0,1.0,3.0,34.0,11.0,0.021739130434782608,0.25,0.04,0.75,186.0,186.0,630.7647058823529,630.7647058823529,0.8478020240354206,0.8478020240354206,1.5853772265224284,21446.0,hyperplane_gauss,30446,15,0.3698491238523275,0.09413866437971592,4,real,sudden,0,0.4270735745184242,0.5327603593468666,False,high,abrupt,real/sudden/K=4/high/abrupt/partial/imbalanced/noisy,0.0,-0.0
scn-a87a3d141b6f,1083536930,HDDM_A,0.6812809889288868,0.12513470300018525,0,4.0,3.0,3.0,1.0,0.0,0.0,1.0,0.75,0.8571428571428571,0.25,406.6666666666667,90.0,inf,21446.0,inf,39.55204918032787,0.0,21446.0,hyperplane_gauss,30446,15,0.3698491238523275,0.09413866437971592,4,real,sudden,0,0.4270735745184242,0.5327603593468666,False,high,abrupt,real/sudden/K=4/high/abrupt/partial/imbalanced/noisy,0.0,-0.0
scn-a87a3d141b6f,1083536930,HDDM_W,0.6812809889288868,0.11706083500030218,0,4.0,10.0,3.0,1.0,4.0,3.0,0.3,0.75,0.4285714285714285,0.25,119.33333333333333,62.0,5361.5,5361.5,33.696578212290504,33.696578212290504,0.18651496782616805,21446.0,hyperplane_gauss,30446,15,0.3698491238523275,0.09413866437971592,4,real,sudden,0,0.4270735745184242,0.5327603593468666,False,high,abrupt,real/sudden/K=4/high/abrupt/partial/imbalanced/noisy,0.0,-0.0
scn-a87a3d141b6f,1083536930,FHDDM,0.6812809889288868,0.04205137700000705,0,4.0,3.0,3.0,1.0,0.0,0.0,1.0,0.75,0.8571428571428571,0.25,292.6666666666667,86.0,inf,21446.0,inf,54.95842824601367,0.0,21446.0,hyperplane_gauss,30446,15,0.3698491238523275,0.09413866437971592,4,real,sudden,0,0.4270735745184242,0.5327603593468666,False,high,abrupt,real/sudden/K=4/high/abrupt/partial/imbalanced/noisy,0.0,-0.0
scn-a87a3d141b6f,1083536930,NoDrift,0.6812809889288868,0.030525690000104078,0,4.0,0.0,0.0,4.0,0.0,0.0,,0.0,0.0,1.0,,,inf,21446.0,,,0.0,21446.0,hyperplane_gauss,30446,15,0.3698491238523275,0.09413866437971592,4,real,sudden,0,0.4270735745184242,0.5327603593468666,False,high,abrupt,real/sudden/K=4/high/abrupt/partial/imbalanced/noisy,0.0,-0.0
scn-a87a3d141b6f,1083536930,Periodic(2000),0.6812809889288868,0.0355692020002607,0,4.0,14.0,4.0,0.0,10.0,0.0,0.2857142857142857,1.0,0.4444444444444445,0.0,1277.5,1277.5,2144.6,2144.6,1.6787475538160468,1.6787475538160468,0.46628741956542014,21446.0,hyperplane_gauss,30446,15,0.3698491238523275,0.09413866437971592,4,real,sudden,0,0.4270735745184242,0.5327603593468666,False,high,abrupt,real/sudden/K=4/high/abrupt/partial/imbalanced/noisy,0.0,-0.0
scn-a87a3d141b6f,1083536930,Oracle,0.6812809889288868,0.03245136200030174,0,4.0,4.0,4.0,0.0,0.0,0.0,1.0,1.0,1.0,0.0,1.0,1.0,inf,21446.0,inf,21446.0,0.0,21446.0,hyperplane_gauss,30446,15,0.3698491238523275,0.09413866437971592,4,real,sudden,0,0.4270735745184242,0.5327603593468666,False,high,abrupt,real/sudden/K=4/high/abrupt/partial/imbalanced/noisy,0.0,-0.0
scn-df074ef655dc,717772230,ADWIN,0.7392989254888145,0.019854585999837582,0,1.0,0.0,0.0,1.0,0.0,0.0,,0.0,0.0,1.0,,,inf,26151.0,,,0.0,26151.0,hyperplane_gauss,29385,3,0.09533376260660589,0.21878634402528405,1,prior,incremental,234,0.17981310889124869,1.0,False,medium,fast,prior/incremental/K=1/medium/fast/n/a/imbalanced/noisy,0.0,-0.0
scn-df074ef655dc,717772230,PageHinkley,0.7392989254888145,0.02720036299979256,0,1.0,3.0,1.0,0.0,2.0,0.0,0.3333333333333333,1.0,0.5,0.0,1516.0,1516.0,13075.5,13075.5,8.625,8.625,0.0764789109403082,26151.0,hyperplane_gauss,29385,3,0.09533376260660589,0.21878634402528405,1,prior,incremental,234,0.17981310889124869,1.0,False,medium,fast,prior/incremental/K=1/medium/fast/n/a/imbalanced/noisy,0.0,-0.0
scn-df074ef655dc,717772230,PageHinkley-up,0.7392989254888145,0.026030273999822384,0,1.0,1.0,1.0,0.0,0.0,0.0,1.0,1.0,1.0,0.0,1516.0,1516.0,inf,26151.0,inf,17.25,0.0,26151.0,hyperplane_gauss,29385,3,0.09533376260660589,0.21878634402528405,1,prior,incremental,234,0.17981310889124869,1.0,False,medium,fast,prior/incremental/K=1/medium/fast/n/a/imbalanced/noisy,0.0,-0.0
scn-df074ef655dc,717772230,DDM,0.7392989254888145,0.026269319000221003,0,1.0,1.0,0.0,1.0,1.0,0.0,0.0,0.0,0.0,1.0,,,26151.0,26151.0,,,0.0382394554701541,26151.0,hyperplane_gauss,29385,3,0.09533376260660589,0.21878634402528405,1,prior,incremental,234,0.17981310889124869,1.0,False,medium,fast,prior/incremental/K=1/medium/fast/n/a/imbalanced/noisy,0.0,-0.0
scn-df074ef655dc,717772230,EDDM,0.7392989254888145,0.023025688999950944,0,1.0,11.0,0.0,1.0,11.0,0.0,0.0,0.0,0.0,1.0,,,2377.3636363636365,2377.3636363636365,,,0.42063401017169516,26151.0,hyperplane_gauss,29385,3,0.09533376260660589,0.21878634402528405,1,prior,incremental,234,0.17981310889124869,1.0,False,medium,fast,prior/incremental/K=1/medium/fast/n/a/imbalanced/noisy,0.0,-0.0
scn-df074ef655dc,717772230,HDDM_A,0.7392989254888145,0.08383924700001444,0,1.0,0.0,0.0,1.0,0.0,0.0,,0.0,0.0,1.0,,,inf,26151.0,,,0.0,26151.0,hyperplane_gauss,29385,3,0.09533376260660589,0.21878634402528405,1,prior,incremental,234,0.17981310889124869,1.0,False,medium,fast,prior/incremental/K=1/medium/fast/n/a/imbalanced/noisy,0.0,-0.0
scn-df074ef655dc,717772230,HDDM_W,0.7392989254888145,0.09291085699987889,0,1.0,9.0,1.0,0.0,7.0,1.0,0.1111111111111111,1.0,0.19999999999999998,0.0,222.0,222.0,3735.8571428571427,3735.8571428571427,16.828185328185327,16.828185328185327,0.26767618829107875,26151.0,hyperplane_gauss,29385,3,0.09533376260660589,0.21878634402528405,1,prior,incremental,234,0.17981310889124869,1.0,False,medium,fast,prior/incremental/K=1/medium/fast/n/a/imbalanced/noisy,0.0,-0.0
scn-df074ef655dc,717772230,FHDDM,0.7392989254888145,0.02215128999978333,0,1.0,1.0,0.0,1.0,1.0,0.0,0.0,0.0,0.0,1.0,,,26151.0,26151.0,,,0.0382394554701541,26151.0,hyperplane_gauss,29385,3,0.09533376260660589,0.21878634402528405,1,prior,incremental,234,0.17981310889124869,1.0,False,medium,fast,prior/incremental/K=1/medium/fast/n/a/imbalanced/noisy,0.0,-0.0
scn-df074ef655dc,717772230,NoDrift,0.7392989254888145,0.013005636000343657,0,1.0,0.0,0.0,1.0,0.0,0.0,,0.0,0.0,1.0,,,inf,26151.0,,,0.0,26151.0,hyperplane_gauss,29385,3,0.09533376260660589,0.21878634402528405,1,prior,incremental,234,0.17981310889124869,1.0,False,medium,fast,prior/incremental/K=1/medium/fast/n/a/imbalanced/noisy,0.0,-0.0
scn-df074ef655dc,717772230,Periodic(2000),0.7392989254888145,0.013715454000248428,0,1.0,14.0,1.0,0.0,13.0,0.0,0.07142857142857142,1.0,0.13333333333333333,0.0,925.0,925.0,2011.6153846153845,2011.6153846153845,2.1747193347193345,2.1747193347193345,0.4971129211120034,26151.0,hyperplane_gauss,29385,3,0.09533376260660589,0.21878634402528405,1,prior,incremental,234,0.17981310889124869,1.0,False,medium,fast,prior/incremental/K=1/medium/fast/n/a/imbalanced/noisy,0.0,-0.0
scn-df074ef655dc,717772230,Oracle,0.7392989254888145,0.013795202999972389,0,1.0,1.0,1.0,0.0,0.0,0.0,1.0,1.0,1.0,0.0,118.0,118.0,inf,26151.0,inf,221.61864406779662,0.0,26151.0,hyperplane_gauss,29385,3,0.09533376260660589,0.21878634402528405,1,prior,incremental,234,0.17981310889124869,1.0,False,medium,fast,prior/incremental/K=1/medium/fast/n/a/imbalanced/noisy,0.0,-0.0
scn-df074ef655dc,717772231,ADWIN,0.7363043861194293,0.019615028999851347,0,1.0,2.0,1.0,0.0,1.0,0.0,0.5,1.0,0.6666666666666666,0.0,205.0,205.0,26151.0,26151.0,127.56585365853658,127.56585365853658,0.0382394554701541,26151.0,hyperplane_gauss,29385,3,0.09533376260660589,0.21878634402528405,1,prior,incremental,234,0.17981310889124869,1.0,False,medium,fast,prior/incremental/K=1/medium/fast/n/a/imbalanced/noisy,0.0,-0.0
scn-df074ef655dc,717772231,PageHinkley,0.7363043861194293,0.027445726999758335,0,1.0,4.0,0.0,1.0,4.0,0.0,0.0,0.0,0.0,1.0,,,6537.75,6537.75,,,0.1529578218806164,26151.0,hyperplane_gauss,29385,3,0.09533376260660589,0.21878634402528405,1,prior,incremental,234,0.17981310889124869,1.0,False,medium,fast,prior/incremental/K=1/medium/fast/n/a/imbalanced/noisy,0.0,-0.0
scn-df074ef655dc,717772231,PageHinkley-up,0.7363043861194293,0.026742791999822657,0,1.0,1.0,0.0,1.0,1.0,0.0,0.0,0.0,0.0,1.0,,,26151.0,26151.0,,,0.0382394554701541,26151.0,hyperplane_gauss,29385,3,0.09533376260660589,0.21878634402528405,1,prior,incremental,234,0.17981310889124869,1.0,False,medium,fast,prior/incremental/K=1/medium/fast/n/a/imbalanced/noisy,0.0,-0.0
scn-df074ef655dc,717772231,DDM,0.7363043861194293,0.03607098100019357,0,1.0,0.0,0.0,1.0,0.0,0.0,,0.0,0.0,1.0,,,inf,26151.0,,,0.0,26151.0,hyperplane_gauss,29385,3,0.09533376260660589,0.21878634402528405,1,prior,incremental,234,0.17981310889124869,1.0,False,medium,fast,prior/incremental/K=1/medium/fast/n/a/imbalanced/noisy,0.0,-0.0
scn-df074ef655dc,717772231,EDDM,0.7363043861194293,0.023227251000207616,0,1.0,63.0,1.0,0.0,58.0,4.0,0.015873015873015872,1.0,0.03125,0.0,1672.0,1672.0,450.87931034482756,450.87931034482756,0.26966465929714567,0.26966465929714567,2.217888417268938,26151.0,hyperplane_gauss,29385,3,0.09533376260660589,0.21878634402528405,1,prior,incremental,234,0.17981310889124869,1.0,False,medium,fast,prior/incremental/K=1/medium/fast/n/a/imbalanced/noisy,0.0,-0.0
scn-df074ef655dc,717772231,HDDM_A,0.7363043861194293,0.09318100900009085,0,1.0,1.0,1.0,0.0,0.0,0.0,1.0,1.0,1.0,0.0,448.0,448.0,inf,26151.0,inf,58.372767857142854,0.0,26151.0,hyperplane_gauss,29385,3,0.09533376260660589,0.21878634402528405,1,prior,incremental,234,0.17981310889124869,1.0,False,medium,fast,prior/incremental/K=1/medium/fast/n/a/imbalanced/noisy,0.0,-0.0
scn-df074ef655dc,717772231,HDDM_W,0.7363043861194293,0.09292495599993345,0,1.0,6.0,1.0,0.0,4.0,1.0,0.16666666666666666,1.0,0.2857142857142857,0.0,159.0,159.0,6537.75,6537.75,41.117924528301884,41.117924528301884,0.1529578218806164,26151.0,hyperplane_gauss,29385,3,0.09533376260660589,0.21878634402528405,1,prior,incremental,234,0.17981310889124869,1.0,False,medium,fast,prior/incremental/K=1/medium/fast/n/a/imbalanced/noisy,0.0,-0.0
scn-df074ef655dc,717772231,FHDDM,0.7363043861194293,0.022638038000422966,0,1.0,2.0,1.0,0.0,1.0,0.0,0.5,1.0,0.6666666666666666,0.0,159.0,159.0,26151.0,26151.0,164.47169811320754,164.47169811320754,0.0382394554701541,26151.0,hyperplane_gauss,29385,3,0.09533376260660589,0.21878634402528405,1,prior,incremental,234,0.17981310889124869,1.0,False,medium,fast,prior/incremental/K=1/medium/fast/n/a/imbalanced/noisy,0.0,-0.0
scn-df074ef655dc,717772231,NoDrift,0.7363043861194293,0.014118965999841748,0,1.0,0.0,0.0,1.0,0.0,0.0,,0.0,0.0,1.0,,,inf,26151.0,,,0.0,26151.0,hyperplane_gauss,29385,3,0.09533376260660589,0.21878634402528405,1,prior,incremental,234,0.17981310889124869,1.0,False,medium,fast,prior/incremental/K=1/medium/fast/n/a/imbalanced/noisy,0.0,-0.0
scn-df074ef655dc,717772231,Periodic(2000),0.7363043861194293,0.014149593000183813,0,1.0,14.0,1.0,0.0,13.0,0.0,0.07142857142857142,1.0,0.13333333333333333,0.0,925.0,925.0,2011.6153846153845,2011.6153846153845,2.1747193347193345,2.1747193347193345,0.4971129211120034,26151.0,hyperplane_gauss,29385,3,0.09533376260660589,0.21878634402528405,1,prior,incremental,234,0.17981310889124869,1.0,False,medium,fast,prior/incremental/K=1/medium/fast/n/a/imbalanced/noisy,0.0,-0.0
scn-df074ef655dc,717772231,Oracle,0.7363043861194293,0.013995154999975057,0,1.0,1.0,1.0,0.0,0.0,0.0,1.0,1.0,1.0,0.0,118.0,118.0,inf,26151.0,inf,221.61864406779662,0.0,26151.0,hyperplane_gauss,29385,3,0.09533376260660589,0.21878634402528405,1,prior,incremental,234,0.17981310889124869,1.0,False,medium,fast,prior/incremental/K=1/medium/fast/n/a/imbalanced/noisy,0.0,-0.0
scn-df074ef655dc,717772232,ADWIN,0.7338735247489871,0.019844001999899774,0,1.0,1.0,1.0,0.0,0.0,0.0,1.0,1.0,1.0,0.0,1965.0,1965.0,inf,26151.0,inf,13.308396946564885,0.0,26151.0,hyperplane_gauss,29385,3,0.09533376260660589,0.21878634402528405,1,prior,incremental,234,0.17981310889124869,1.0,False,medium,fast,prior/incremental/K=1/medium/fast/n/a/imbalanced/noisy,0.0,-0.0
scn-df074ef655dc,717772232,PageHinkley,0.7338735247489871,0.0266734169999836,0,1.0,4.0,1.0,0.0,3.0,0.0,0.25,1.0,0.4,0.0,403.0,403.0,8717.0,8717.0,21.6302729528536,21.6302729528536,0.11471836641046232,26151.0,hyperplane_gauss,29385,3,0.09533376260660589,0.21878634402528405,1,prior,incremental,234,0.17981310889124869,1.0,False,medium,fast,prior/incremental/K=1/medium/fast/n/a/imbalanced/noisy,0.0,-0.0
scn-df074ef655dc,717772232,PageHinkley-up,0.7338735247489871,0.026783496999996714,0,1.0,1.0,1.0,0.0,0.0,0.0,1.0,1.0,1.0,0.0,403.0,403.0,inf,26151.0,inf,64.89081885856079,0.0,26151.0,hyperplane_gauss,29385,3,0.09533376260660589,0.21878634402528405,1,prior,incremental,234,0.17981310889124869,1.0,False,medium,fast,prior/incremental/K=1/medium/fast/n/a/imbalanced/noisy,0.0,-0.0
scn-df074ef655dc,717772232,DDM,0.7338735247489871,0.026080165000166744,0,1.0,0.0,0.0,1.0,0.0,0.0,,0.0,0.0,1.0,,,inf,26151.0,,,0.0,26151.0,hyperplane_gauss,29385,3,0.09533376260660589,0.21878634402528405,1,prior,incremental,234,0.17981310889124869,1.0,False,medium,fast,prior/incremental/K=1/medium/fast/n/a/imbalanced/noisy,0.0,-0.0
scn-df074ef655dc,717772232,EDDM,0.7338735247489871,0.02291028900026504,0,1.0,13.0,0.0,1.0,13.0,0.0,0.0,0.0,0.0,1.0,,,2011.6153846153845,2011.6153846153845,,,0.4971129211120034,26151.0,hyperplane_gauss,29385,3,0.09533376260660589,0.21878634402528405,1,prior,incremental,234,0.17981310889124869,1.0,False,medium,fast,prior/incremental/K=1/medium/fast/n/a/imbalanced/noisy,0.0,-0.0
scn-df074ef655dc,717772232,HDDM_A,0.7338735247489871,0.09214158800023142,0,1.0,1.0,0.0,1.0,1.0,0.0,0.0,0.0,0.0,1.0,,,26151.0,26151.0,,,0.0382394554701541,26151.0,hyperplane_gauss,29385,3,0.09533376260660589,0.21878634402528405,1,prior,incremental,234,0.17981310889124869,1.0,False,medium,fast,prior/incremental/K=1/medium/fast/n/a/imbalanced/noisy,0.0,-0.0
scn-df074ef655dc,717772232,HDDM_W,0.7338735247489871,0.09441430099968784,0,1.0,8.0,1.0,0.0,6.0,1.0,0.125,1.0,0.2222222222222222,0.0,35.0,35.0,4358.5,4358.5,124.52857142857142,124.52857142857142,0.22943673282092464,26151.0,hyperplane_gauss,29385,3,0.09533376260660589,0.21878634402528405,1,prior,incremental,234,0.17981310889124869,1.0,False,medium,fast,prior/incremental/K=1/medium/fast/n/a/imbalanced/noisy,0.0,-0.0
scn-df074ef655dc,717772232,FHDDM,0.7338735247489871,0.022403725999993185,0,1.0,4.0,1.0,0.0,3.0,0.0,0.25,1.0,0.4,0.0,37.0,37.0,8717.0,8717.0,235.59459459459458,235.59459459459458,0.11471836641046232,26151.0,hyperplane_gauss,29385,3,0.09533376260660589,0.21878634402528405,1,prior,incremental,234,0.17981310889124869,1.0,False,medium,fast,prior/incremental/K=1/medium/fast/n/a/imbalanced/noisy,0.0,-0.0
scn-df074ef655dc,717772232,NoDrift,0.7338735247489871,0.013159138999981224,0,1.0,0.0,0.0,1.0,0.0,0.0,,0.0,0.0,1.0,,,inf,26151.0,,,0.0,26151.0,hyperplane_gauss,29385,3,0.09533376260660589,0.21878634402528405,1,prior,incremental,234,0.17981310889124869,1.0,False,medium,fast,prior/incremental/K=1/medium/fast/n/a/imbalanced/noisy,0.0,-0.0
scn-df074ef655dc,717772232,Periodic(2000),0.7338735247489871,0.013890313000047172,0,1.0,14.0,1.0,0.0,13.0,0.0,0.07142857142857142,1.0,0.13333333333333333,0.0,925.0,925.0,2011.6153846153845,2011.6153846153845,2.1747193347193345,2.1747193347193345,0.4971129211120034,26151.0,hyperplane_gauss,29385,3,0.09533376260660589,0.21878634402528405,1,prior,incremental,234,0.17981310889124869,1.0,False,medium,fast,prior/incremental/K=1/medium/fast/n/a/imbalanced/noisy,0.0,-0.0
scn-df074ef655dc,717772232,Oracle,0.7338735247489871,0.013983430999815027,0,1.0,1.0,1.0,0.0,0.0,0.0,1.0,1.0,1.0,0.0,118.0,118.0,inf,26151.0,inf,221.61864406779662,0.0,26151.0,hyperplane_gauss,29385,3,0.09533376260660589,0.21878634402528405,1,prior,incremental,234,0.17981310889124869,1.0,False,medium,fast,prior/incremental/K=1/medium/fast/n/a/imbalanced/noisy,0.0,-0.0
scn-1e73311c5afd,1401825932,ADWIN,0.9334282460136675,0.05126827999993111,0,3.0,1.0,1.0,2.0,0.0,0.0,1.0,0.3333333333333333,0.5,0.6666666666666667,1523.0,1523.0,inf,10447.0,inf,2.286495950973954,0.0,10447.0,hyperplane_gauss,18560,40,0.4662184562999755,0.022415038291364906,3,virtual,gradual,371,0.09945889666676522,0.7158577293157578,True,low,fast,virtual/gradual/K=3/recurring/low/fast/partial/balanced/noisy,0.0,-0.0
scn-1e73311c5afd,1401825932,PageHinkley,0.9334282460136675,0.05498134700019364,0,3.0,1.0,1.0,2.0,0.0,0.0,1.0,0.3333333333333333,0.5,0.6666666666666667,962.0,962.0,inf,10447.0,inf,3.6198891198891188,0.0,10447.0,hyperplane_gauss,18560,40,0.4662184562999755,0.022415038291364906,3,virtual,gradual,371,0.09945889666676522,0.7158577293157578,True,low,fast,virtual/gradual/K=3/recurring/low/fast/partial/balanced/noisy,0.0,-0.0
scn-1e73311c5afd,1401825932,PageHinkley-up,0.9334282460136675,0.053823097000076814,0,3.0,0.0,0.0,3.0,0.0,0.0,,0.0,0.0,1.0,,,inf,10447.0,,,0.0,10447.0,hyperplane_gauss,18560,40,0.4662184562999755,0.022415038291364906,3,virtual,gradual,371,0.09945889666676522,0.7158577293157578,True,low,fast,virtual/gradual/K=3/recurring/low/fast/partial/balanced/noisy,0.0,-0.0
scn-1e73311c5afd,1401825932,DDM,0.9334282460136675,0.0530127770002764,0,3.0,0.0,0.0,3.0,0.0,0.0,,0.0,0.0,1.0,,,inf,10447.0,,,0.0,10447.0,hyperplane_gauss,18560,40,0.4662184562999755,0.022415038291364906,3,virtual,gradual,371,0.09945889666676522,0.7158577293157578,True,low,fast,virtual/gradual/K=3/recurring/low/fast/partial/balanced/noisy,0.0,-0.0
scn-1e73311c5afd,1401825932,EDDM,0.9334282460136675,0.049333902000398666,0,3.0,3.0,0.0,3.0,3.0,0.0,0.0,0.0,0.0,1.0,,,3482.3333333333335,3482.3333333333335,,,0.28716377907533264,10447.0,hyperplane_gauss,18560,40,0.4662184562999755,0.022415038291364906,3,virtual,gradual,371,0.09945889666676522,0.7158577293157578,True,low,fast,virtual/gradual/K=3/recurring/low/fast/partial/balanced/noisy,0.0,-0.0
scn-1e73311c5afd,1401825932,HDDM_A,0.9334282460136675,0.12716941500002577,0,3.0,0.0,0.0,3.0,0.0,0.0,,0.0,0.0,1.0,,,inf,10447.0,,,0.0,10447.0,hyperplane_gauss,18560,40,0.4662184562999755,0.022415038291364906,3,virtual,gradual,371,0.09945889666676522,0.7158577293157578,True,low,fast,virtual/gradual/K=3/recurring/low/fast/partial/balanced/noisy,0.0,-0.0
scn-1e73311c5afd,1401825932,HDDM_W,0.9334282460136675,0.09063067099987165,0,3.0,0.0,0.0,3.0,0.0,0.0,,0.0,0.0,1.0,,,inf,10447.0,,,0.0,10447.0,hyperplane_gauss,18560,40,0.4662184562999755,0.022415038291364906,3,virtual,gradual,371,0.09945889666676522,0.7158577293157578,True,low,fast,virtual/gradual/K=3/recurring/low/fast/partial/balanced/noisy,0.0,-0.0
scn-1e73311c5afd,1401825932,FHDDM,0.9334282460136675,0.05120541399992362,0,3.0,0.0,0.0,3.0,0.0,0.0,,0.0,0.0,1.0,,,inf,10447.0,,,0.0,10447.0,hyperplane_gauss,18560,40,0.4662184562999755,0.022415038291364906,3,virtual,gradual,371,0.09945889666676522,0.7158577293157578,True,low,fast,virtual/gradual/K=3/recurring/low/fast/partial/balanced/noisy,0.0,-0.0
scn-1e73311c5afd,1401825932,NoDrift,0.9334282460136675,0.04531075700015208,0,3.0,0.0,0.0,3.0,0.0,0.0,,0.0,0.0,1.0,,,inf,10447.0,,,0.0,10447.0,hyperplane_gauss,18560,40,0.4662184562999755,0.022415038291364906,3,virtual,gradual,371,0.09945889666676522,0.7158577293157578,True,low,fast,virtual/gradual/K=3/recurring/low/fast/partial/balanced/noisy,0.0,-0.0
scn-1e73311c5afd,1401825932,Periodic(2000),0.9334282460136675,0.05935350599975209,0,3.0,8.0,3.0,0.0,4.0,1.0,0.375,1.0,0.5454545454545454,0.0,406.0,406.0,2611.75,2611.75,6.432881773399015,6.432881773399015,0.38288503876711016,10447.0,hyperplane_gauss,18560,40,0.4662184562999755,0.022415038291364906,3,virtual,gradual,371,0.09945889666676522,0.7158577293157578,True,low,fast,virtual/gradual/K=3/recurring/low/fast/partial/balanced/noisy,0.0,-0.0
scn-1e73311c5afd,1401825932,Oracle,0.9334282460136675,0.0459296739995807,0,3.0,3.0,3.0,0.0,0.0,0.0,1.0,1.0,1.0,0.0,186.0,186.0,inf,10447.0,inf,56.166666666666664,0.0,10447.0,hyperplane_gauss,18560,40,0.4662184562999755,0.022415038291364906,3,virtual,gradual,371,0.09945889666676522,0.7158577293157578,True,low,fast,virtual/gradual/K=3/recurring/low/fast/partial/balanced/noisy,0.0,-0.0
scn-1e73311c5afd,1401825933,ADWIN,0.9330865603644647,0.05017935500018211,0,3.0,1.0,1.0,2.0,0.0,0.0,1.0,0.3333333333333333,0.5,0.6666666666666667,1526.0,1526.0,inf,10447.0,inf,2.2820008737439927,0.0,10447.0,hyperplane_gauss,18560,40,0.4662184562999755,0.022415038291364906,3,virtual,gradual,371,0.09945889666676522,0.7158577293157578,True,low,fast,virtual/gradual/K=3/recurring/low/fast/partial/balanced/noisy,0.0,-0.0
scn-1e73311c5afd,1401825933,PageHinkley,0.9330865603644647,0.055503767999653064,0,3.0,1.0,0.0,3.0,1.0,0.0,0.0,0.0,0.0,1.0,,,10447.0,10447.0,,,0.09572125969177754,10447.0,hyperplane_gauss,18560,40,0.4662184562999755,0.022415038291364906,3,virtual,gradual,371,0.09945889666676522,0.7158577293157578,True,low,fast,virtual/gradual/K=3/recurring/low/fast/partial/balanced/noisy,0.0,-0.0
scn-1e73311c5afd,1401825933,PageHinkley-up,0.9330865603644647,0.05352677600012612,0,3.0,0.0,0.0,3.0,0.0,0.0,,0.0,0.0,1.0,,,inf,10447.0,,,0.0,10447.0,hyperplane_gauss,18560,40,0.4662184562999755,0.022415038291364906,3,virtual,gradual,371,0.09945889666676522,0.7158577293157578,True,low,fast,virtual/gradual/K=3/recurring/low/fast/partial/balanced/noisy,0.0,-0.0
scn-1e73311c5afd,1401825933,DDM,0.9330865603644647,0.05348949199969866,0,3.0,1.0,0.0,3.0,1.0,0.0,0.0,0.0,0.0,1.0,,,10447.0,10447.0,,,0.09572125969177754,10447.0,hyperplane_gauss,18560,40,0.4662184562999755,0.022415038291364906,3,virtual,gradual,371,0.09945889666676522,0.7158577293157578,True,low,fast,virtual/gradual/K=3/recurring/low/fast/partial/balanced/noisy,0.0,-0.0
scn-1e73311c5afd,1401825933,EDDM,0.9330865603644647,0.0752448230000482,0,3.0,5.0,0.0,3.0,5.0,0.0,0.0,0.0,0.0,1.0,,,2089.4,2089.4,,,0.47860629845888775,10447.0,hyperplane_gauss,18560,40,0.4662184562999755,0.022415038291364906,3,virtual,gradual,371,0.09945889666676522,0.7158577293157578,True,low,fast,virtual/gradual/K=3/recurring/low/fast/partial/balanced/noisy,0.0,-0.0
scn-1e73311c5afd,1401825933,HDDM_A,0.9330865603644647,0.13927758199997697,0,3.0,0.0,0.0,3.0,0.0,0.0,,0.0,0.0,1.0,,,inf,10447.0,,,0.0,10447.0,hyperplane_gauss,18560,40,0.4662184562999755,0.022415038291364906,3,virtual,gradual,371,0.09945889666676522,0.7158577293157578,True,low,fast,virtual/gradual/K=3/recurring/low/fast/partial/balanced/noisy,0.0,-0.0
scn-1e73311c5afd,1401825933,HDDM_W,0.9330865603644647,0.10543398500021794,0,3.0,0.0,0.0,3.0,0.0,0.0,,0.0,0.0,1.0,,,inf,10447.0,,,0.0,10447.0,hyperplane_gauss,18560,40,0.4662184562999755,0.022415038291364906,3,virtual,gradual,371,0.09945889666676522,0.7158577293157578,True,low,fast,virtual/gradual/K=3/recurring/low/fast/partial/balanced/noisy,0.0,-0.0
scn-1e73311c5afd,1401825933,FHDDM,0.9330865603644647,0.05201934699971389,0,3.0,0.0,0.0,3.0,0.0,0.0,,0.0,0.0,1.0,,,inf,10447.0,,,0.0,10447.0,hyperplane_gauss,18560,40,0.4662184562999755,0.022415038291364906,3,virtual,gradual,371,0.09945889666676522,0.7158577293157578,True,low,fast,virtual/gradual/K=3/recurring/low/fast/partial/balanced/noisy,0.0,-0.0
scn-1e73311c5afd,1401825933,NoDrift,0.9330865603644647,0.045746602000235725,0,3.0,0.0,0.0,3.0,0.0,0.0,,0.0,0.0,1.0,,,inf,10447.0,,,0.0,10447.0,hyperplane_gauss,18560,40,0.4662184562999755,0.022415038291364906,3,virtual,gradual,371,0.09945889666676522,0.7158577293157578,True,low,fast,virtual/gradual/K=3/recurring/low/fast/partial/balanced/noisy,0.0,-0.0
scn-1e73311c5afd,1401825933,Periodic(2000),0.9330865603644647,0.04573767500005488,0,3.0,8.0,3.0,0.0,4.0,1.0,0.375,1.0,0.5454545454545454,0.0,406.0,406.0,2611.75,2611.75,6.432881773399015,6.432881773399015,0.38288503876711016,10447.0,hyperplane_gauss,18560,40,0.4662184562999755,0.022415038291364906,3,virtual,gradual,371,0.09945889666676522,0.7158577293157578,True,low,fast,virtual/gradual/K=3/recurring/low/fast/partial/balanced/noisy,0.0,-0.0
scn-1e73311c5afd,1401825933,Oracle,0.9330865603644647,0.04621134199987864,0,3.0,3.0,3.0,0.0,0.0,0.0,1.0,1.0,1.0,0.0,186.0,186.0,inf,10447.0,inf,56.166666666666664,0.0,10447.0,hyperplane_gauss,18560,40,0.4662184562999755,0.022415038291364906,3,virtual,gradual,371,0.09945889666676522,0.7158577293157578,True,low,fast,virtual/gradual/K=3/recurring/low/fast/partial/balanced/noisy,0.0,-0.0
scn-1e73311c5afd,1401825934,ADWIN,0.9339407744874715,0.0510434989996611,0,3.0,2.0,1.0,2.0,1.0,0.0,0.5,0.3333333333333333,0.4,0.6666666666666667,1587.0,1587.0,10447.0,10447.0,2.194286914513757,2.194286914513757,0.09572125969177754,10447.0,hyperplane_gauss,18560,40,0.4662184562999755,0.022415038291364906,3,virtual,gradual,371,0.09945889666676522,0.7158577293157578,True,low,fast,virtual/gradual/K=3/recurring/low/fast/partial/balanced/noisy,0.0,-0.0
scn-1e73311c5afd,1401825934,PageHinkley,0.9339407744874715,0.05470952700034104,0,3.0,2.0,1.0,2.0,1.0,0.0,0.5,0.3333333333333333,0.4,0.6666666666666667,1524.0,1524.0,10447.0,10447.0,2.2849956255468062,2.2849956255468062,0.09572125969177754,10447.0,hyperplane_gauss,18560,40,0.4662184562999755,0.022415038291364906,3,virtual,gradual,371,0.09945889666676522,0.7158577293157578,True,low,fast,virtual/gradual/K=3/recurring/low/fast/partial/balanced/noisy,0.0,-0.0
scn-1e73311c5afd,1401825934,PageHinkley-up,0.9339407744874715,0.05382823099989764,0,3.0,0.0,0.0,3.0,0.0,0.0,,0.0,0.0,1.0,,,inf,10447.0,,,0.0,10447.0,hyperplane_gauss,18560,40,0.4662184562999755,0.022415038291364906,3,virtual,gradual,371,0.09945889666676522,0.7158577293157578,True,low,fast,virtual/gradual/K=3/recurring/low/fast/partial/balanced/noisy,0.0,-0.0
scn-1e73311c5afd,1401825934,DDM,0.9339407744874715,0.05396436700038976,0,3.0,0.0,0.0,3.0,0.0,0.0,,0.0,0.0,1.0,,,inf,10447.0,,,0.0,10447.0,hyperplane_gauss,18560,40,0.4662184562999755,0.022415038291364906,3,virtual,gradual,371,0.09945889666676522,0.7158577293157578,True,low,fast,virtual/gradual/K=3/recurring/low/fast/partial/balanced/noisy,0.0,-0.0
scn-1e73311c5afd,1401825934,EDDM,0.9339407744874715,0.049705897999956505,0,3.0,6.0,0.0,3.0,6.0,0.0,0.0,0.0,0.0,1.0,,,1741.1666666666667,1741.1666666666667,,,0.5743275581506653,10447.0,hyperplane_gauss,18560,40,0.4662184562999755,0.022415038291364906,3,virtual,gradual,371,0.09945889666676522,0.7158577293157578,True,low,fast,virtual/gradual/K=3/recurring/low/fast/partial/balanced/noisy,0.0,-0.0
scn-1e73311c5afd,1401825934,HDDM_A,0.9339407744874715,0.12469934699993246,0,3.0,0.0,0.0,3.0,0.0,0.0,,0.0,0.0,1.0,,,inf,10447.0,,,0.0,10447.0,hyperplane_gauss,18560,40,0.4662184562999755,0.022415038291364906,3,virtual,gradual,371,0.09945889666676522,0.7158577293157578,True,low,fast,virtual/gradual/K=3/recurring/low/fast/partial/balanced/noisy,0.0,-0.0
scn-1e73311c5afd,1401825934,HDDM_W,0.9339407744874715,0.09103728599984606,0,3.0,0.0,0.0,3.0,0.0,0.0,,0.0,0.0,1.0,,,inf,10447.0,,,0.0,10447.0,hyperplane_gauss,18560,40,0.4662184562999755,0.022415038291364906,3,virtual,gradual,371,0.09945889666676522,0.7158577293157578,True,low,fast,virtual/gradual/K=3/recurring/low/fast/partial/balanced/noisy,0.0,-0.0
scn-1e73311c5afd,1401825934,FHDDM,0.9339407744874715,0.05208055399998557,0,3.0,0.0,0.0,3.0,0.0,0.0,,0.0,0.0,1.0,,,inf,10447.0,,,0.0,10447.0,hyperplane_gauss,18560,40,0.4662184562999755,0.022415038291364906,3,virtual,gradual,371,0.09945889666676522,0.7158577293157578,True,low,fast,virtual/gradual/K=3/recurring/low/fast/partial/balanced/noisy,0.0,-0.0
scn-1e73311c5afd,1401825934,NoDrift,0.9339407744874715,0.06123263900008169,0,3.0,0.0,0.0,3.0,0.0,0.0,,0.0,0.0,1.0,,,inf,10447.0,,,0.0,10447.0,hyperplane_gauss,18560,40,0.4662184562999755,0.022415038291364906,3,virtual,gradual,371,0.09945889666676522,0.7158577293157578,True,low,fast,virtual/gradual/K=3/recurring/low/fast/partial/balanced/noisy,0.0,-0.0
scn-1e73311c5afd,1401825934,Periodic(2000),0.9339407744874715,0.046668241000134,0,3.0,8.0,3.0,0.0,4.0,1.0,0.375,1.0,0.5454545454545454,0.0,406.0,406.0,2611.75,2611.75,6.432881773399015,6.432881773399015,0.38288503876711016,10447.0,hyperplane_gauss,18560,40,0.4662184562999755,0.022415038291364906,3,virtual,gradual,371,0.09945889666676522,0.7158577293157578,True,low,fast,virtual/gradual/K=3/recurring/low/fast/partial/balanced/noisy,0.0,-0.0
scn-1e73311c5afd,1401825934,Oracle,0.9339407744874715,0.046411567000177456,0,3.0,3.0,3.0,0.0,0.0,0.0,1.0,1.0,1.0,0.0,186.0,186.0,inf,10447.0,inf,56.166666666666664,0.0,10447.0,hyperplane_gauss,18560,40,0.4662184562999755,0.022415038291364906,3,virtual,gradual,371,0.09945889666676522,0.7158577293157578,True,low,fast,virtual/gradual/K=3/recurring/low/fast/partial/balanced/noisy,0.0,-0.0
scn-aad902bc27ff,1326133324,ADWIN,0.671178106685209,0.041064816000016435,0,5.0,0.0,0.0,5.0,0.0,0.0,,0.0,0.0,1.0,,,inf,23498.0,,,0.0,23498.0,hyperplane_gauss,41268,9,0.16419875822030008,0.2927072402089834,5,real,gradual,1354,0.10469629209158227,0.22139102071523667,False,medium,slow,real/gradual/K=5/medium/slow/partial/imbalanced/noisy,0.0,-0.0
scn-aad902bc27ff,1326133324,PageHinkley,0.671178106685209,0.05030034899982638,0,5.0,3.0,1.0,4.0,2.0,0.0,0.3333333333333333,0.2,0.25,0.8,327.0,327.0,11749.0,11749.0,7.185932721712537,7.185932721712537,0.08511362669163333,23498.0,hyperplane_gauss,41268,9,0.16419875822030008,0.2927072402089834,5,real,gradual,1354,0.10469629209158227,0.22139102071523667,False,medium,slow,real/gradual/K=5/medium/slow/partial/imbalanced/noisy,0.0,-0.0
scn-aad902bc27ff,1326133324,PageHinkley-up,0.671178106685209,0.049535790999925666,0,5.0,2.0,0.0,5.0,2.0,0.0,0.0,0.0,0.0,1.0,,,11749.0,11749.0,,,0.08511362669163333,23498.0,hyperplane_gauss,41268,9,0.16419875822030008,0.2927072402089834,5,real,gradual,1354,0.10469629209158227,0.22139102071523667,False,medium,slow,real/gradual/K=5/medium/slow/partial/imbalanced/noisy,0.0,-0.0
scn-aad902bc27ff,1326133324,DDM,0.671178106685209,0.04906653899979574,0,5.0,0.0,0.0,5.0,0.0,0.0,,0.0,0.0,1.0,,,inf,23498.0,,,0.0,23498.0,hyperplane_gauss,41268,9,0.16419875822030008,0.2927072402089834,5,real,gradual,1354,0.10469629209158227,0.22139102071523667,False,medium,slow,real/gradual/K=5/medium/slow/partial/imbalanced/noisy,0.0,-0.0
scn-aad902bc27ff,1326133324,EDDM,0.671178106685209,0.04570851600010428,0,5.0,37.0,1.0,4.0,20.0,16.0,0.02702702702702703,0.2,0.047619047619047616,0.8,72.0,72.0,1174.9,1174.9,3.2636111111111106,3.2636111111111106,0.8511362669163333,23498.0,hyperplane_gauss,41268,9,0.16419875822030008,0.2927072402089834,5,real,gradual,1354,0.10469629209158227,0.22139102071523667,False,medium,slow,real/gradual/K=5/medium/slow/partial/imbalanced/noisy,0.0,-0.0
scn-aad902bc27ff,1326133324,HDDM_A,0.671178106685209,0.14399787699994704,0,5.0,2.0,1.0,4.0,1.0,0.0,0.5,0.2,0.28571428571428575,0.8,2836.0,2836.0,23498.0,23498.0,1.657122708039492,1.657122708039492,0.042556813345816666,23498.0,hyperplane_gauss,41268,9,0.16419875822030008,0.2927072402089834,5,real,gradual,1354,0.10469629209158227,0.22139102071523667,False,medium,slow,real/gradual/K=5/medium/slow/partial/imbalanced/noisy,0.0,-0.0
scn-aad902bc27ff,1326133324,HDDM_W,0.671178106685209,0.16541748200006623,0,5.0,21.0,5.0,0.0,12.0,4.0,0.23809523809523808,1.0,0.3846153846153846,0.0,1003.6,460.0,1958.1666666666667,1958.1666666666667,1.9511425534741598,1.9511425534741598,0.5106817601497999,23498.0,hyperplane_gauss,41268,9,0.16419875822030008,0.2927072402089834,5,real,gradual,1354,0.10469629209158227,0.22139102071523667,False,medium,slow,real/gradual/K=5/medium/slow/partial/imbalanced/noisy,0.0,-0.0
scn-aad902bc27ff,1326133324,FHDDM,0.671178106685209,0.04541295200033346,0,5.0,8.0,1.0,4.0,6.0,1.0,0.125,0.2,0.15384615384615385,0.8,243.0,243.0,3916.3333333333335,3916.3333333333335,3.223319615912208,3.223319615912208,0.25534088007489997,23498.0,hyperplane_gauss,41268,9,0.16419875822030008,0.2927072402089834,5,real,gradual,1354,0.10469629209158227,0.22139102071523667,False,medium,slow,real/gradual/K=5/medium/slow/partial/imbalanced/noisy,0.0,-0.0
scn-aad902bc27ff,1326133324,NoDrift,0.671178106685209,0.02999733800015747,0,5.0,0.0,0.0,5.0,0.0,0.0,,0.0,0.0,1.0,,,inf,23498.0,,,0.0,23498.0,hyperplane_gauss,41268,9,0.16419875822030008,0.2927072402089834,5,real,gradual,1354,0.10469629209158227,0.22139102071523667,False,medium,slow,real/gradual/K=5/medium/slow/partial/imbalanced/noisy,0.0,-0.0
scn-aad902bc27ff,1326133324,Periodic(2000),0.671178106685209,0.030964611999934277,0,5.0,20.0,5.0,0.0,15.0,0.0,0.25,1.0,0.4,0.0,1543.4,1543.0,1566.5333333333333,1566.5333333333333,1.0149885534102199,1.0149885534102199,0.63835220018725,23498.0,hyperplane_gauss,41268,9,0.16419875822030008,0.2927072402089834,5,real,gradual,1354,0.10469629209158227,0.22139102071523667,False,medium,slow,real/gradual/K=5/medium/slow/partial/imbalanced/noisy,0.0,-0.0
scn-aad902bc27ff,1326133324,Oracle,0.671178106685209,0.03146577500001513,0,5.0,5.0,5.0,0.0,0.0,0.0,1.0,1.0,1.0,0.0,678.0,678.0,inf,23498.0,inf,34.657817109144545,0.0,23498.0,hyperplane_gauss,41268,9,0.16419875822030008,0.2927072402089834,5,real,gradual,1354,0.10469629209158227,0.22139102071523667,False,medium,slow,real/gradual/K=5/medium/slow/partial/imbalanced/noisy,0.0,-0.0
scn-aad902bc27ff,1326133325,ADWIN,0.6675027316976259,0.03902831100003823,0,5.0,0.0,0.0,5.0,0.0,0.0,,0.0,0.0,1.0,,,inf,23498.0,,,0.0,23498.0,hyperplane_gauss,41268,9,0.16419875822030008,0.2927072402089834,5,real,gradual,1354,0.10469629209158227,0.22139102071523667,False,medium,slow,real/gradual/K=5/medium/slow/partial/imbalanced/noisy,0.0,-0.0
scn-aad902bc27ff,1326133325,PageHinkley,0.6675027316976259,0.05011627900012172,0,5.0,3.0,1.0,4.0,2.0,0.0,0.3333333333333333,0.2,0.25,0.8,2598.0,2598.0,11749.0,11749.0,0.904464973056197,0.904464973056197,0.08511362669163333,23498.0,hyperplane_gauss,41268,9,0.16419875822030008,0.2927072402089834,5,real,gradual,1354,0.10469629209158227,0.22139102071523667,False,medium,slow,real/gradual/K=5/medium/slow/partial/imbalanced/noisy,0.0,-0.0
scn-aad902bc27ff,1326133325,PageHinkley-up,0.6675027316976259,0.0498093159999371,0,5.0,0.0,0.0,5.0,0.0,0.0,,0.0,0.0,1.0,,,inf,23498.0,,,0.0,23498.0,hyperplane_gauss,41268,9,0.16419875822030008,0.2927072402089834,5,real,gradual,1354,0.10469629209158227,0.22139102071523667,False,medium,slow,real/gradual/K=5/medium/slow/partial/imbalanced/noisy,0.0,-0.0
scn-aad902bc27ff,1326133325,DDM,0.6675027316976259,0.0492405919999328,0,5.0,0.0,0.0,5.0,0.0,0.0,,0.0,0.0,1.0,,,inf,23498.0,,,0.0,23498.0,hyperplane_gauss,41268,9,0.16419875822030008,0.2927072402089834,5,real,gradual,1354,0.10469629209158227,0.22139102071523667,False,medium,slow,real/gradual/K=5/medium/slow/partial/imbalanced/noisy,0.0,-0.0
scn-aad902bc27ff,1326133325,EDDM,0.6675027316976259,0.04542471500008105,0,5.0,47.0,1.0,4.0,24.0,22.0,0.02127659574468085,0.2,0.03846153846153846,0.8,108.0,108.0,979.0833333333334,979.0833333333334,1.813117283950617,1.813117283950617,1.0213635202995999,23498.0,hyperplane_gauss,41268,9,0.16419875822030008,0.2927072402089834,5,real,gradual,1354,0.10469629209158227,0.22139102071523667,False,medium,slow,real/gradual/K=5/medium/slow/partial/imbalanced/noisy,0.0,-0.0
scn-aad902bc27ff,1326133325,HDDM_A,0.6675027316976259,0.138731321999785,0,5.0,2.0,0.0,5.0,2.0,0.0,0.0,0.0,0.0,1.0,,,11749.0,11749.0,,,0.08511362669163333,23498.0,hyperplane_gauss,41268,9,0.16419875822030008,0.2927072402089834,5,real,gradual,1354,0.10469629209158227,0.22139102071523667,False,medium,slow,real/gradual/K=5/medium/slow/partial/imbalanced/noisy,0.0,-0.0
scn-aad902bc27ff,1326133325,HDDM_W,0.6675027316976259,0.15226519699990604,0,5.0,20.0,4.0,1.0,12.0,4.0,0.2,0.8,0.32000000000000006,0.19999999999999996,1136.75,1307.5,1958.1666666666667,1958.1666666666667,1.378080785866139,1.378080785866139,0.5106817601497999,23498.0,hyperplane_gauss,41268,9,0.16419875822030008,0.2927072402089834,5,real,gradual,1354,0.10469629209158227,0.22139102071523667,False,medium,slow,real/gradual/K=5/medium/slow/partial/imbalanced/noisy,0.0,-0.0
scn-aad902bc27ff,1326133325,FHDDM,0.6675027316976259,0.043626982999739994,0,5.0,8.0,3.0,2.0,5.0,0.0,0.375,0.6,0.4615384615384615,0.4,1422.6666666666667,1366.0,4699.6,4699.6,1.982024367385192,1.982024367385192,0.21278406672908332,23498.0,hyperplane_gauss,41268,9,0.16419875822030008,0.2927072402089834,5,real,gradual,1354,0.10469629209158227,0.22139102071523667,False,medium,slow,real/gradual/K=5/medium/slow/partial/imbalanced/noisy,0.0,-0.0
scn-aad902bc27ff,1326133325,NoDrift,0.6675027316976259,0.029913759999999456,0,5.0,0.0,0.0,5.0,0.0,0.0,,0.0,0.0,1.0,,,inf,23498.0,,,0.0,23498.0,hyperplane_gauss,41268,9,0.16419875822030008,0.2927072402089834,5,real,gradual,1354,0.10469629209158227,0.22139102071523667,False,medium,slow,real/gradual/K=5/medium/slow/partial/imbalanced/noisy,0.0,-0.0
scn-aad902bc27ff,1326133325,Periodic(2000),0.6675027316976259,0.030717701999947167,0,5.0,20.0,5.0,0.0,15.0,0.0,0.25,1.0,0.4,0.0,1543.4,1543.0,1566.5333333333333,1566.5333333333333,1.0149885534102199,1.0149885534102199,0.63835220018725,23498.0,hyperplane_gauss,41268,9,0.16419875822030008,0.2927072402089834,5,real,gradual,1354,0.10469629209158227,0.22139102071523667,False,medium,slow,real/gradual/K=5/medium/slow/partial/imbalanced/noisy,0.0,-0.0
scn-aad902bc27ff,1326133325,Oracle,0.6675027316976259,0.03115077000029487,0,5.0,5.0,5.0,0.0,0.0,0.0,1.0,1.0,1.0,0.0,678.0,678.0,inf,23498.0,inf,34.657817109144545,0.0,23498.0,hyperplane_gauss,41268,9,0.16419875822030008,0.2927072402089834,5,real,gradual,1354,0.10469629209158227,0.22139102071523667,False,medium,slow,real/gradual/K=5/medium/slow/partial/imbalanced/noisy,0.0,-0.0
scn-aad902bc27ff,1326133326,ADWIN,0.6680739048375881,0.038887318999968556,0,5.0,0.0,0.0,5.0,0.0,0.0,,0.0,0.0,1.0,,,inf,23498.0,,,0.0,23498.0,hyperplane_gauss,41268,9,0.16419875822030008,0.2927072402089834,5,real,gradual,1354,0.10469629209158227,0.22139102071523667,False,medium,slow,real/gradual/K=5/medium/slow/partial/imbalanced/noisy,0.0,-0.0
scn-aad902bc27ff,1326133326,PageHinkley,0.6680739048375881,0.06514532300025166,0,5.0,1.0,1.0,4.0,0.0,0.0,1.0,0.2,0.33333333333333337,0.8,3247.0,3247.0,inf,23498.0,inf,1.4473668001231903,0.0,23498.0,hyperplane_gauss,41268,9,0.16419875822030008,0.2927072402089834,5,real,gradual,1354,0.10469629209158227,0.22139102071523667,False,medium,slow,real/gradual/K=5/medium/slow/partial/imbalanced/noisy,0.0,-0.0
scn-aad902bc27ff,1326133326,PageHinkley-up,0.6680739048375881,0.049212939999961236,0,5.0,1.0,1.0,4.0,0.0,0.0,1.0,0.2,0.33333333333333337,0.8,608.0,608.0,inf,23498.0,inf,7.729605263157893,0.0,23498.0,hyperplane_gauss,41268,9,0.16419875822030008,0.2927072402089834,5,real,gradual,1354,0.10469629209158227,0.22139102071523667,False,medium,slow,real/gradual/K=5/medium/slow/partial/imbalanced/noisy,0.0,-0.0
scn-aad902bc27ff,1326133326,DDM,0.6680739048375881,0.0494742299997597,0,5.0,0.0,0.0,5.0,0.0,0.0,,0.0,0.0,1.0,,,inf,23498.0,,,0.0,23498.0,hyperplane_gauss,41268,9,0.16419875822030008,0.2927072402089834,5,real,gradual,1354,0.10469629209158227,0.22139102071523667,False,medium,slow,real/gradual/K=5/medium/slow/partial/imbalanced/noisy,0.0,-0.0
scn-aad902bc27ff,1326133326,EDDM,0.6680739048375881,0.047420528999737144,0,5.0,69.0,1.0,4.0,42.0,26.0,0.014492753623188406,0.2,0.027027027027027025,0.8,178.0,178.0,559.4761904761905,559.4761904761905,0.628624933119315,0.628624933119315,1.7873861605243,23498.0,hyperplane_gauss,41268,9,0.16419875822030008,0.2927072402089834,5,real,gradual,1354,0.10469629209158227,0.22139102071523667,False,medium,slow,real/gradual/K=5/medium/slow/partial/imbalanced/noisy,0.0,-0.0
scn-aad902bc27ff,1326133326,HDDM_A,0.6680739048375881,0.12858375500036345,0,5.0,0.0,0.0,5.0,0.0,0.0,,0.0,0.0,1.0,,,inf,23498.0,,,0.0,23498.0,hyperplane_gauss,41268,9,0.16419875822030008,0.2927072402089834,5,real,gradual,1354,0.10469629209158227,0.22139102071523667,False,medium,slow,real/gradual/K=5/medium/slow/partial/imbalanced/noisy,0.0,-0.0
scn-aad902bc27ff,1326133326,HDDM_W,0.6680739048375881,0.16450040200015792,0,5.0,24.0,5.0,0.0,11.0,8.0,0.20833333333333334,1.0,0.3448275862068966,0.0,1062.2,631.0,2136.181818181818,2136.181818181818,2.011091901884596,2.011091901884596,0.4681249468039833,23498.0,hyperplane_gauss,41268,9,0.16419875822030008,0.2927072402089834,5,real,gradual,1354,0.10469629209158227,0.22139102071523667,False,medium,slow,real/gradual/K=5/medium/slow/partial/imbalanced/noisy,0.0,-0.0
scn-aad902bc27ff,1326133326,FHDDM,0.6680739048375881,0.04639366799983691,0,5.0,5.0,3.0,2.0,2.0,0.0,0.6,0.6,0.6,0.4,1524.3333333333333,1949.0,11749.0,11749.0,4.624579050951236,4.624579050951236,0.08511362669163333,23498.0,hyperplane_gauss,41268,9,0.16419875822030008,0.2927072402089834,5,real,gradual,1354,0.10469629209158227,0.22139102071523667,False,medium,slow,real/gradual/K=5/medium/slow/partial/imbalanced/noisy,0.0,-0.0
scn-aad902bc27ff,1326133326,NoDrift,0.6680739048375881,0.029842047999864008,0,5.0,0.0,0.0,5.0,0.0,0.0,,0.0,0.0,1.0,,,inf,23498.0,,,0.0,23498.0,hyperplane_gauss,41268,9,0.16419875822030008,0.2927072402089834,5,real,gradual,1354,0.10469629209158227,0.22139102071523667,False,medium,slow,real/gradual/K=5/medium/slow/partial/imbalanced/noisy,0.0,-0.0
scn-aad902bc27ff,1326133326,Periodic(2000),0.6680739048375881,0.030896144000053027,0,5.0,20.0,5.0,0.0,15.0,0.0,0.25,1.0,0.4,0.0,1543.4,1543.0,1566.5333333333333,1566.5333333333333,1.0149885534102199,1.0149885534102199,0.63835220018725,23498.0,hyperplane_gauss,41268,9,0.16419875822030008,0.2927072402089834,5,real,gradual,1354,0.10469629209158227,0.22139102071523667,False,medium,slow,real/gradual/K=5/medium/slow/partial/imbalanced/noisy,0.0,-0.0
scn-aad902bc27ff,1326133326,Oracle,0.6680739048375881,0.03161265399967306,0,5.0,5.0,5.0,0.0,0.0,0.0,1.0,1.0,1.0,0.0,678.0,678.0,inf,23498.0,inf,34.657817109144545,0.0,23498.0,hyperplane_gauss,41268,9,0.16419875822030008,0.2927072402089834,5,real,gradual,1354,0.10469629209158227,0.22139102071523667,False,medium,slow,real/gradual/K=5/medium/slow/partial/imbalanced/noisy,0.0,-0.0
scn-7ec3eec57139,838195930,ADWIN,0.797273547712915,0.044781653999962145,0,2.0,0.0,0.0,2.0,0.0,0.0,,0.0,0.0,1.0,,,inf,38106.0,,,0.0,38106.0,hyperplane_gauss,43106,10,0.48839889783412216,0.18923962600529193,2,virtual,sudden,0,0.06318929612636566,0.26406068280339245,False,low,abrupt,virtual/sudden/K=2/low/abrupt/partial/balanced/noisy,0.0,-0.0
scn-7ec3eec57139,838195930,PageHinkley,0.797273547712915,0.06792191400018055,0,2.0,2.0,0.0,2.0,2.0,0.0,0.0,0.0,0.0,1.0,,,19053.0,19053.0,,,0.05248517293864483,38106.0,hyperplane_gauss,43106,10,0.48839889783412216,0.18923962600529193,2,virtual,sudden,0,0.06318929612636566,0.26406068280339245,False,low,abrupt,virtual/sudden/K=2/low/abrupt/partial/balanced/noisy,0.0,-0.0
scn-7ec3eec57139,838195930,PageHinkley-up,0.797273547712915,0.053520665999712946,0,2.0,1.0,0.0,2.0,1.0,0.0,0.0,0.0,0.0,1.0,,,38106.0,38106.0,,,0.026242586469322416,38106.0,hyperplane_gauss,43106,10,0.48839889783412216,0.18923962600529193,2,virtual,sudden,0,0.06318929612636566,0.26406068280339245,False,low,abrupt,virtual/sudden/K=2/low/abrupt/partial/balanced/noisy,0.0,-0.0
scn-7ec3eec57139,838195930,DDM,0.797273547712915,0.05285738400016271,0,2.0,0.0,0.0,2.0,0.0,0.0,,0.0,0.0,1.0,,,inf,38106.0,,,0.0,38106.0,hyperplane_gauss,43106,10,0.48839889783412216,0.18923962600529193,2,virtual,sudden,0,0.06318929612636566,0.26406068280339245,False,low,abrupt,virtual/sudden/K=2/low/abrupt/partial/balanced/noisy,0.0,-0.0
scn-7ec3eec57139,838195930,EDDM,0.797273547712915,0.04701027100009014,0,2.0,13.0,0.0,2.0,13.0,0.0,0.0,0.0,0.0,1.0,,,2931.230769230769,2931.230769230769,,,0.34115362410119143,38106.0,hyperplane_gauss,43106,10,0.48839889783412216,0.18923962600529193,2,virtual,sudden,0,0.06318929612636566,0.26406068280339245,False,low,abrupt,virtual/sudden/K=2/low/abrupt/partial/balanced/noisy,0.0,-0.0
scn-7ec3eec57139,838195930,HDDM_A,0.797273547712915,0.13004331399997682,0,2.0,1.0,0.0,2.0,1.0,0.0,0.0,0.0,0.0,1.0,,,38106.0,38106.0,,,0.026242586469322416,38106.0,hyperplane_gauss,43106,10,0.48839889783412216,0.18923962600529193,2,virtual,sudden,0,0.06318929612636566,0.26406068280339245,False,low,abrupt,virtual/sudden/K=2/low/abrupt/partial/balanced/noisy,0.0,-0.0
scn-7ec3eec57139,838195930,HDDM_W,0.797273547712915,0.1588363070000014,0,2.0,4.0,0.0,2.0,4.0,0.0,0.0,0.0,0.0,1.0,,,9526.5,9526.5,,,0.10497034587728966,38106.0,hyperplane_gauss,43106,10,0.48839889783412216,0.18923962600529193,2,virtual,sudden,0,0.06318929612636566,0.26406068280339245,False,low,abrupt,virtual/sudden/K=2/low/abrupt/partial/balanced/noisy,0.0,-0.0
scn-7ec3eec57139,838195930,FHDDM,0.797273547712915,0.04691719299989927,0,2.0,0.0,0.0,2.0,0.0,0.0,,0.0,0.0,1.0,,,inf,38106.0,,,0.0,38106.0,hyperplane_gauss,43106,10,0.48839889783412216,0.18923962600529193,2,virtual,sudden,0,0.06318929612636566,0.26406068280339245,False,low,abrupt,virtual/sudden/K=2/low/abrupt/partial/balanced/noisy,0.0,-0.0
scn-7ec3eec57139,838195930,NoDrift,0.797273547712915,0.03360756099982609,0,2.0,0.0,0.0,2.0,0.0,0.0,,0.0,0.0,1.0,,,inf,38106.0,,,0.0,38106.0,hyperplane_gauss,43106,10,0.48839889783412216,0.18923962600529193,2,virtual,sudden,0,0.06318929612636566,0.26406068280339245,False,low,abrupt,virtual/sudden/K=2/low/abrupt/partial/balanced/noisy,0.0,-0.0
scn-7ec3eec57139,838195930,Periodic(2000),0.797273547712915,0.03566476400010288,0,2.0,21.0,2.0,0.0,19.0,0.0,0.09523809523809523,1.0,0.17391304347826084,0.0,947.5,947.5,2005.578947368421,2005.578947368421,2.1167060130537427,2.1167060130537427,0.49860914291712594,38106.0,hyperplane_gauss,43106,10,0.48839889783412216,0.18923962600529193,2,virtual,sudden,0,0.06318929612636566,0.26406068280339245,False,low,abrupt,virtual/sudden/K=2/low/abrupt/partial/balanced/noisy,0.0,-0.0
scn-7ec3eec57139,838195930,Oracle,0.797273547712915,0.044891265999922325,0,2.0,2.0,2.0,0.0,0.0,0.0,1.0,1.0,1.0,0.0,1.0,1.0,inf,38106.0,inf,38106.0,0.0,38106.0,hyperplane_gauss,43106,10,0.48839889783412216,0.18923962600529193,2,virtual,sudden,0,0.06318929612636566,0.26406068280339245,False,low,abrupt,virtual/sudden/K=2/low/abrupt/partial/balanced/noisy,0.0,-0.0
scn-7ec3eec57139,838195931,ADWIN,0.7982710302569705,0.04350461900003211,0,2.0,0.0,0.0,2.0,0.0,0.0,,0.0,0.0,1.0,,,inf,38106.0,,,0.0,38106.0,hyperplane_gauss,43106,10,0.48839889783412216,0.18923962600529193,2,virtual,sudden,0,0.06318929612636566,0.26406068280339245,False,low,abrupt,virtual/sudden/K=2/low/abrupt/partial/balanced/noisy,0.0,-0.0
scn-7ec3eec57139,838195931,PageHinkley,0.7982710302569705,0.05354471600003308,0,2.0,2.0,0.0,2.0,2.0,0.0,0.0,0.0,0.0,1.0,,,19053.0,19053.0,,,0.05248517293864483,38106.0,hyperplane_gauss,43106,10,0.48839889783412216,0.18923962600529193,2,virtual,sudden,0,0.06318929612636566,0.26406068280339245,False,low,abrupt,virtual/sudden/K=2/low/abrupt/partial/balanced/noisy,0.0,-0.0
scn-7ec3eec57139,838195931,PageHinkley-up,0.7982710302569705,0.05313059299987799,0,2.0,1.0,0.0,2.0,1.0,0.0,0.0,0.0,0.0,1.0,,,38106.0,38106.0,,,0.026242586469322416,38106.0,hyperplane_gauss,43106,10,0.48839889783412216,0.18923962600529193,2,virtual,sudden,0,0.06318929612636566,0.26406068280339245,False,low,abrupt,virtual/sudden/K=2/low/abrupt/partial/balanced/noisy,0.0,-0.0
scn-7ec3eec57139,838195931,DDM,0.7982710302569705,0.07272245700005442,0,2.0,0.0,0.0,2.0,0.0,0.0,,0.0,0.0,1.0,,,inf,38106.0,,,0.0,38106.0,hyperplane_gauss,43106,10,0.48839889783412216,0.18923962600529193,2,virtual,sudden,0,0.06318929612636566,0.26406068280339245,False,low,abrupt,virtual/sudden/K=2/low/abrupt/partial/balanced/noisy,0.0,-0.0
scn-7ec3eec57139,838195931,EDDM,0.7982710302569705,0.052629977999913535,0,2.0,38.0,0.0,2.0,38.0,0.0,0.0,0.0,0.0,1.0,,,1002.7894736842105,1002.7894736842105,,,0.9972182858342519,38106.0,hyperplane_gauss,43106,10,0.48839889783412216,0.18923962600529193,2,virtual,sudden,0,0.06318929612636566,0.26406068280339245,False,low,abrupt,virtual/sudden/K=2/low/abrupt/partial/balanced/noisy,0.0,-0.0
scn-7ec3eec57139,838195931,HDDM_A,0.7982710302569705,0.13278286899958403,0,2.0,0.0,0.0,2.0,0.0,0.0,,0.0,0.0,1.0,,,inf,38106.0,,,0.0,38106.0,hyperplane_gauss,43106,10,0.48839889783412216,0.18923962600529193,2,virtual,sudden,0,0.06318929612636566,0.26406068280339245,False,low,abrupt,virtual/sudden/K=2/low/abrupt/partial/balanced/noisy,0.0,-0.0
scn-7ec3eec57139,838195931,HDDM_W,0.7982710302569705,0.1548759400002382,0,2.0,0.0,0.0,2.0,0.0,0.0,,0.0,0.0,1.0,,,inf,38106.0,,,0.0,38106.0,hyperplane_gauss,43106,10,0.48839889783412216,0.18923962600529193,2,virtual,sudden,0,0.06318929612636566,0.26406068280339245,False,low,abrupt,virtual/sudden/K=2/low/abrupt/partial/balanced/noisy,0.0,-0.0
scn-7ec3eec57139,838195931,FHDDM,0.7982710302569705,0.05864693600005921,0,2.0,1.0,0.0,2.0,1.0,0.0,0.0,0.0,0.0,1.0,,,38106.0,38106.0,,,0.026242586469322416,38106.0,hyperplane_gauss,43106,10,0.48839889783412216,0.18923962600529193,2,virtual,sudden,0,0.06318929612636566,0.26406068280339245,False,low,abrupt,virtual/sudden/K=2/low/abrupt/partial/balanced/noisy,0.0,-0.0
scn-7ec3eec57139,838195931,NoDrift,0.7982710302569705,0.034947561000080896,0,2.0,0.0,0.0,2.0,0.0,0.0,,0.0,0.0,1.0,,,inf,38106.0,,,0.0,38106.0,hyperplane_gauss,43106,10,0.48839889783412216,0.18923962600529193,2,virtual,sudden,0,0.06318929612636566,0.26406068280339245,False,low,abrupt,virtual/sudden/K=2/low/abrupt/partial/balanced/noisy,0.0,-0.0
scn-7ec3eec57139,838195931,Periodic(2000),0.7982710302569705,0.03463877800004411,0,2.0,21.0,2.0,0.0,19.0,0.0,0.09523809523809523,1.0,0.17391304347826084,0.0,947.5,947.5,2005.578947368421,2005.578947368421,2.1167060130537427,2.1167060130537427,0.49860914291712594,38106.0,hyperplane_gauss,43106,10,0.48839889783412216,0.18923962600529193,2,virtual,sudden,0,0.06318929612636566,0.26406068280339245,False,low,abrupt,virtual/sudden/K=2/low/abrupt/partial/balanced/noisy,0.0,-0.0
scn-7ec3eec57139,838195931,Oracle,0.7982710302569705,0.034704783000051975,0,2.0,2.0,2.0,0.0,0.0,0.0,1.0,1.0,1.0,0.0,1.0,1.0,inf,38106.0,inf,38106.0,0.0,38106.0,hyperplane_gauss,43106,10,0.48839889783412216,0.18923962600529193,2,virtual,sudden,0,0.06318929612636566,0.26406068280339245,False,low,abrupt,virtual/sudden/K=2/low/abrupt/partial/balanced/noisy,0.0,-0.0
scn-7ec3eec57139,838195932,ADWIN,0.7969885527003278,0.057731536999654054,0,2.0,0.0,0.0,2.0,0.0,0.0,,0.0,0.0,1.0,,,inf,38106.0,,,0.0,38106.0,hyperplane_gauss,43106,10,0.48839889783412216,0.18923962600529193,2,virtual,sudden,0,0.06318929612636566,0.26406068280339245,False,low,abrupt,virtual/sudden/K=2/low/abrupt/partial/balanced/noisy,0.0,-0.0
scn-7ec3eec57139,838195932,PageHinkley,0.7969885527003278,0.055538589999741816,0,2.0,2.0,0.0,2.0,2.0,0.0,0.0,0.0,0.0,1.0,,,19053.0,19053.0,,,0.05248517293864483,38106.0,hyperplane_gauss,43106,10,0.48839889783412216,0.18923962600529193,2,virtual,sudden,0,0.06318929612636566,0.26406068280339245,False,low,abrupt,virtual/sudden/K=2/low/abrupt/partial/balanced/noisy,0.0,-0.0
scn-7ec3eec57139,838195932,PageHinkley-up,0.7969885527003278,0.05454814999984592,0,2.0,0.0,0.0,2.0,0.0,0.0,,0.0,0.0,1.0,,,inf,38106.0,,,0.0,38106.0,hyperplane_gauss,43106,10,0.48839889783412216,0.18923962600529193,2,virtual,sudden,0,0.06318929612636566,0.26406068280339245,False,low,abrupt,virtual/sudden/K=2/low/abrupt/partial/balanced/noisy,0.0,-0.0
scn-7ec3eec57139,838195932,DDM,0.7969885527003278,0.055058912000276905,0,2.0,0.0,0.0,2.0,0.0,0.0,,0.0,0.0,1.0,,,inf,38106.0,,,0.0,38106.0,hyperplane_gauss,43106,10,0.48839889783412216,0.18923962600529193,2,virtual,sudden,0,0.06318929612636566,0.26406068280339245,False,low,abrupt,virtual/sudden/K=2/low/abrupt/partial/balanced/noisy,0.0,-0.0
scn-7ec3eec57139,838195932,EDDM,0.7969885527003278,0.05999755199991341,0,2.0,25.0,0.0,2.0,25.0,0.0,0.0,0.0,0.0,1.0,,,1524.24,1524.24,,,0.6560646617330604,38106.0,hyperplane_gauss,43106,10,0.48839889783412216,0.18923962600529193,2,virtual,sudden,0,0.06318929612636566,0.26406068280339245,False,low,abrupt,virtual/sudden/K=2/low/abrupt/partial/balanced/noisy,0.0,-0.0
scn-7ec3eec57139,838195932,HDDM_A,0.7969885527003278,0.13955022000027384,0,2.0,0.0,0.0,2.0,0.0,0.0,,0.0,0.0,1.0,,,inf,38106.0,,,0.0,38106.0,hyperplane_gauss,43106,10,0.48839889783412216,0.18923962600529193,2,virtual,sudden,0,0.06318929612636566,0.26406068280339245,False,low,abrupt,virtual/sudden/K=2/low/abrupt/partial/balanced/noisy,0.0,-0.0
scn-7ec3eec57139,838195932,HDDM_W,0.7969885527003278,0.14385432399967613,0,2.0,2.0,0.0,2.0,2.0,0.0,0.0,0.0,0.0,1.0,,,19053.0,19053.0,,,0.05248517293864483,38106.0,hyperplane_gauss,43106,10,0.48839889783412216,0.18923962600529193,2,virtual,sudden,0,0.06318929612636566,0.26406068280339245,False,low,abrupt,virtual/sudden/K=2/low/abrupt/partial/balanced/noisy,0.0,-0.0
scn-7ec3eec57139,838195932,FHDDM,0.7969885527003278,0.048072508000132075,0,2.0,1.0,0.0,2.0,1.0,0.0,0.0,0.0,0.0,1.0,,,38106.0,38106.0,,,0.026242586469322416,38106.0,hyperplane_gauss,43106,10,0.48839889783412216,0.18923962600529193,2,virtual,sudden,0,0.06318929612636566,0.26406068280339245,False,low,abrupt,virtual/sudden/K=2/low/abrupt/partial/balanced/noisy,0.0,-0.0
scn-7ec3eec57139,838195932,NoDrift,0.7969885527003278,0.03397887599976457,0,2.0,0.0,0.0,2.0,0.0,0.0,,0.0,0.0,1.0,,,inf,38106.0,,,0.0,38106.0,hyperplane_gauss,43106,10,0.48839889783412216,0.18923962600529193,2,virtual,sudden,0,0.06318929612636566,0.26406068280339245,False,low,abrupt,virtual/sudden/K=2/low/abrupt/partial/balanced/noisy,0.0,-0.0
scn-7ec3eec57139,838195932,Periodic(2000),0.7969885527003278,0.03537415799974042,0,2.0,21.0,2.0,0.0,19.0,0.0,0.09523809523809523,1.0,0.17391304347826084,0.0,947.5,947.5,2005.578947368421,2005.578947368421,2.1167060130537427,2.1167060130537427,0.49860914291712594,38106.0,hyperplane_gauss,43106,10,0.48839889783412216,0.18923962600529193,2,virtual,sudden,0,0.06318929612636566,0.26406068280339245,False,low,abrupt,virtual/sudden/K=2/low/abrupt/partial/balanced/noisy,0.0,-0.0
scn-7ec3eec57139,838195932,Oracle,0.7969885527003278,0.035284474000036425,0,2.0,2.0,2.0,0.0,0.0,0.0,1.0,1.0,1.0,0.0,1.0,1.0,inf,38106.0,inf,38106.0,0.0,38106.0,hyperplane_gauss,43106,10,0.48839889783412216,0.18923962600529193,2,virtual,sudden,0,0.06318929612636566,0.26406068280339245,False,low,abrupt,virtual/sudden/K=2/low/abrupt/partial/balanced/noisy,0.0,-0.0
scn-a74b22521536,1764348817,ADWIN,0.8657246015936255,0.01132313800007978,0,4.0,1.0,1.0,3.0,0.0,0.0,1.0,0.25,0.4,0.75,2133.0,2133.0,inf,7384.0,inf,0.8654477262072199,0.0,7384.0,hyperplane_gauss,17064,2,0.20002617193385958,0.08859777012839913,4,prior,incremental,170,0.3795801681280136,1.0,True,high,fast,prior/incremental/K=4/recurring/high/fast/n/a/imbalanced/noisy,0.0,-0.0
scn-a74b22521536,1764348817,PageHinkley,0.8657246015936255,0.024466138000207138,0,4.0,4.0,4.0,0.0,0.0,0.0,1.0,1.0,1.0,0.0,1656.5,1849.5,inf,7384.0,inf,4.457591306972533,0.0,7384.0,hyperplane_gauss,17064,2,0.20002617193385958,0.08859777012839913,4,prior,incremental,170,0.3795801681280136,1.0,True,high,fast,prior/incremental/K=4/recurring/high/fast/n/a/imbalanced/noisy,0.0,-0.0
scn-a74b22521536,1764348817,PageHinkley-up,0.8657246015936255,0.014626482000039687,0,4.0,2.0,2.0,2.0,0.0,0.0,1.0,0.5,0.6666666666666666,0.5,1538.5,1538.5,inf,7384.0,inf,2.3997400064998375,0.0,7384.0,hyperplane_gauss,17064,2,0.20002617193385958,0.08859777012839913,4,prior,incremental,170,0.3795801681280136,1.0,True,high,fast,prior/incremental/K=4/recurring/high/fast/n/a/imbalanced/noisy,0.0,-0.0
scn-a74b22521536,1764348817,DDM,0.8657246015936255,0.014540524000040023,0,4.0,1.0,1.0,3.0,0.0,0.0,1.0,0.25,0.4,0.75,1364.0,1364.0,inf,7384.0,inf,1.3533724340175952,0.0,7384.0,hyperplane_gauss,17064,2,0.20002617193385958,0.08859777012839913,4,prior,incremental,170,0.3795801681280136,1.0,True,high,fast,prior/incremental/K=4/recurring/high/fast/n/a/imbalanced/noisy,0.0,-0.0
scn-a74b22521536,1764348817,EDDM,0.8657246015936255,0.011856078000164416,0,4.0,19.0,2.0,2.0,9.0,8.0,0.10526315789473684,0.5,0.17391304347826086,0.5,82.5,82.5,820.4444444444445,820.4444444444445,4.972390572390572,4.972390572390572,1.2188515709642471,7384.0,hyperplane_gauss,17064,2,0.20002617193385958,0.08859777012839913,4,prior,incremental,170,0.3795801681280136,1.0,True,high,fast,prior/incremental/K=4/recurring/high/fast/n/a/imbalanced/noisy,0.0,-0.0
scn-a74b22521536,1764348817,HDDM_A,0.8657246015936255,0.04824550500006808,0,4.0,0.0,0.0,4.0,0.0,0.0,,0.0,0.0,1.0,,,inf,7384.0,,,0.0,7384.0,hyperplane_gauss,17064,2,0.20002617193385958,0.08859777012839913,4,prior,incremental,170,0.3795801681280136,1.0,True,high,fast,prior/incremental/K=4/recurring/high/fast/n/a/imbalanced/noisy,0.0,-0.0
scn-a74b22521536,1764348817,HDDM_W,0.8657246015936255,0.048503931000141165,0,4.0,0.0,0.0,4.0,0.0,0.0,,0.0,0.0,1.0,,,inf,7384.0,,,0.0,7384.0,hyperplane_gauss,17064,2,0.20002617193385958,0.08859777012839913,4,prior,incremental,170,0.3795801681280136,1.0,True,high,fast,prior/incremental/K=4/recurring/high/fast/n/a/imbalanced/noisy,0.0,-0.0
scn-a74b22521536,1764348817,FHDDM,0.8657246015936255,0.012497004000124434,0,4.0,0.0,0.0,4.0,0.0,0.0,,0.0,0.0,1.0,,,inf,7384.0,,,0.0,7384.0,hyperplane_gauss,17064,2,0.20002617193385958,0.08859777012839913,4,prior,incremental,170,0.3795801681280136,1.0,True,high,fast,prior/incremental/K=4/recurring/high/fast/n/a/imbalanced/noisy,0.0,-0.0
scn-a74b22521536,1764348817,NoDrift,0.8657246015936255,0.007021629000064422,0,4.0,0.0,0.0,4.0,0.0,0.0,,0.0,0.0,1.0,,,inf,7384.0,,,0.0,7384.0,hyperplane_gauss,17064,2,0.20002617193385958,0.08859777012839913,4,prior,incremental,170,0.3795801681280136,1.0,True,high,fast,prior/incremental/K=4/recurring/high/fast/n/a/imbalanced/noisy,0.0,-0.0
scn-a74b22521536,1764348817,Periodic(2000),0.8657246015936255,0.007330770999942615,0,4.0,8.0,4.0,0.0,4.0,0.0,0.5,1.0,0.6666666666666666,0.0,1053.0,1053.0,1846.0,1846.0,1.7530864197530864,1.7530864197530864,0.5417118093174431,7384.0,hyperplane_gauss,17064,2,0.20002617193385958,0.08859777012839913,4,prior,incremental,170,0.3795801681280136,1.0,True,high,fast,prior/incremental/K=4/recurring/high/fast/n/a/imbalanced/noisy,0.0,-0.0
scn-a74b22521536,1764348817,Oracle,0.8657246015936255,0.007740373000160616,0,4.0,4.0,4.0,0.0,0.0,0.0,1.0,1.0,1.0,0.0,86.0,86.0,inf,7384.0,inf,85.86046511627907,0.0,7384.0,hyperplane_gauss,17064,2,0.20002617193385958,0.08859777012839913,4,prior,incremental,170,0.3795801681280136,1.0,True,high,fast,prior/incremental/K=4/recurring/high/fast/n/a/imbalanced/noisy,0.0,-0.0
scn-a74b22521536,1764348818,ADWIN,0.8791085657370518,0.011037799999940034,0,4.0,0.0,0.0,4.0,0.0,0.0,,0.0,0.0,1.0,,,inf,7384.0,,,0.0,7384.0,hyperplane_gauss,17064,2,0.20002617193385958,0.08859777012839913,4,prior,incremental,170,0.3795801681280136,1.0,True,high,fast,prior/incremental/K=4/recurring/high/fast/n/a/imbalanced/noisy,0.0,-0.0
scn-a74b22521536,1764348818,PageHinkley,0.8791085657370518,0.014894592000018747,0,4.0,1.0,1.0,3.0,0.0,0.0,1.0,0.25,0.4,0.75,92.0,92.0,inf,7384.0,inf,20.065217391304348,0.0,7384.0,hyperplane_gauss,17064,2,0.20002617193385958,0.08859777012839913,4,prior,incremental,170,0.3795801681280136,1.0,True,high,fast,prior/incremental/K=4/recurring/high/fast/n/a/imbalanced/noisy,0.0,-0.0
scn-a74b22521536,1764348818,PageHinkley-up,0.8791085657370518,0.014627687000029255,0,4.0,1.0,0.0,4.0,1.0,0.0,0.0,0.0,0.0,1.0,,,7384.0,7384.0,,,0.13542795232936078,7384.0,hyperplane_gauss,17064,2,0.20002617193385958,0.08859777012839913,4,prior,incremental,170,0.3795801681280136,1.0,True,high,fast,prior/incremental/K=4/recurring/high/fast/n/a/imbalanced/noisy,0.0,-0.0
scn-a74b22521536,1764348818,DDM,0.8791085657370518,0.014557127999978547,0,4.0,0.0,0.0,4.0,0.0,0.0,,0.0,0.0,1.0,,,inf,7384.0,,,0.0,7384.0,hyperplane_gauss,17064,2,0.20002617193385958,0.08859777012839913,4,prior,incremental,170,0.3795801681280136,1.0,True,high,fast,prior/incremental/K=4/recurring/high/fast/n/a/imbalanced/noisy,0.0,-0.0
scn-a74b22521536,1764348818,EDDM,0.8791085657370518,0.011228665000089677,0,4.0,44.0,4.0,0.0,20.0,20.0,0.09090909090909091,1.0,0.16666666666666669,0.0,163.75,169.5,369.2,369.2,2.2546564885496183,2.2546564885496183,2.7085590465872156,7384.0,hyperplane_gauss,17064,2,0.20002617193385958,0.08859777012839913,4,prior,incremental,170,0.3795801681280136,1.0,True,high,fast,prior/incremental/K=4/recurring/high/fast/n/a/imbalanced/noisy,0.0,-0.0
scn-a74b22521536,1764348818,HDDM_A,0.8791085657370518,0.06436757799974657,0,4.0,0.0,0.0,4.0,0.0,0.0,,0.0,0.0,1.0,,,inf,7384.0,,,0.0,7384.0,hyperplane_gauss,17064,2,0.20002617193385958,0.08859777012839913,4,prior,incremental,170,0.3795801681280136,1.0,True,high,fast,prior/incremental/K=4/recurring/high/fast/n/a/imbalanced/noisy,0.0,-0.0
scn-a74b22521536,1764348818,HDDM_W,0.8791085657370518,0.047229998000148044,0,4.0,0.0,0.0,4.0,0.0,0.0,,0.0,0.0,1.0,,,inf,7384.0,,,0.0,7384.0,hyperplane_gauss,17064,2,0.20002617193385958,0.08859777012839913,4,prior,incremental,170,0.3795801681280136,1.0,True,high,fast,prior/incremental/K=4/recurring/high/fast/n/a/imbalanced/noisy,0.0,-0.0
scn-a74b22521536,1764348818,FHDDM,0.8791085657370518,0.012062176000199543,0,4.0,0.0,0.0,4.0,0.0,0.0,,0.0,0.0,1.0,,,inf,7384.0,,,0.0,7384.0,hyperplane_gauss,17064,2,0.20002617193385958,0.08859777012839913,4,prior,incremental,170,0.3795801681280136,1.0,True,high,fast,prior/incremental/K=4/recurring/high/fast/n/a/imbalanced/noisy,0.0,-0.0
scn-a74b22521536,1764348818,NoDrift,0.8791085657370518,0.0069592800000464194,0,4.0,0.0,0.0,4.0,0.0,0.0,,0.0,0.0,1.0,,,inf,7384.0,,,0.0,7384.0,hyperplane_gauss,17064,2,0.20002617193385958,0.08859777012839913,4,prior,incremental,170,0.3795801681280136,1.0,True,high,fast,prior/incremental/K=4/recurring/high/fast/n/a/imbalanced/noisy,0.0,-0.0
scn-a74b22521536,1764348818,Periodic(2000),0.8791085657370518,0.00759706400003779,0,4.0,8.0,4.0,0.0,4.0,0.0,0.5,1.0,0.6666666666666666,0.0,1053.0,1053.0,1846.0,1846.0,1.7530864197530864,1.7530864197530864,0.5417118093174431,7384.0,hyperplane_gauss,17064,2,0.20002617193385958,0.08859777012839913,4,prior,incremental,170,0.3795801681280136,1.0,True,high,fast,prior/incremental/K=4/recurring/high/fast/n/a/imbalanced/noisy,0.0,-0.0
scn-a74b22521536,1764348818,Oracle,0.8791085657370518,0.00777647299992168,0,4.0,4.0,4.0,0.0,0.0,0.0,1.0,1.0,1.0,0.0,86.0,86.0,inf,7384.0,inf,85.86046511627907,0.0,7384.0,hyperplane_gauss,17064,2,0.20002617193385958,0.08859777012839913,4,prior,incremental,170,0.3795801681280136,1.0,True,high,fast,prior/incremental/K=4/recurring/high/fast/n/a/imbalanced/noisy,0.0,-0.0
scn-a74b22521536,1764348819,ADWIN,0.873070219123506,0.010753445000318607,0,4.0,0.0,0.0,4.0,0.0,0.0,,0.0,0.0,1.0,,,inf,7384.0,,,0.0,7384.0,hyperplane_gauss,17064,2,0.20002617193385958,0.08859777012839913,4,prior,incremental,170,0.3795801681280136,1.0,True,high,fast,prior/incremental/K=4/recurring/high/fast/n/a/imbalanced/noisy,0.0,-0.0
scn-a74b22521536,1764348819,PageHinkley,0.873070219123506,0.014866943000015453,0,4.0,1.0,1.0,3.0,0.0,0.0,1.0,0.25,0.4,0.75,1857.0,1857.0,inf,7384.0,inf,0.9940764674205708,0.0,7384.0,hyperplane_gauss,17064,2,0.20002617193385958,0.08859777012839913,4,prior,incremental,170,0.3795801681280136,1.0,True,high,fast,prior/incremental/K=4/recurring/high/fast/n/a/imbalanced/noisy,0.0,-0.0
scn-a74b22521536,1764348819,PageHinkley-up,0.873070219123506,0.014693264000015915,0,4.0,1.0,1.0,3.0,0.0,0.0,1.0,0.25,0.4,0.75,1857.0,1857.0,inf,7384.0,inf,0.9940764674205708,0.0,7384.0,hyperplane_gauss,17064,2,0.20002617193385958,0.08859777012839913,4,prior,incremental,170,0.3795801681280136,1.0,True,high,fast,prior/incremental/K=4/recurring/high/fast/n/a/imbalanced/noisy,0.0,-0.0
scn-a74b22521536,1764348819,DDM,0.873070219123506,0.014250112999889097,0,4.0,3.0,2.0,2.0,1.0,0.0,0.6666666666666666,0.5,0.5714285714285715,0.5,1170.5,1170.5,7384.0,7384.0,3.15420760358821,3.15420760358821,0.13542795232936078,7384.0,hyperplane_gauss,17064,2,0.20002617193385958,0.08859777012839913,4,prior,incremental,170,0.3795801681280136,1.0,True,high,fast,prior/incremental/K=4/recurring/high/fast/n/a/imbalanced/noisy,0.0,-0.0
scn-a74b22521536,1764348819,EDDM,0.873070219123506,0.012096901999939291,0,4.0,44.0,4.0,0.0,20.0,20.0,0.09090909090909091,1.0,0.16666666666666669,0.0,607.0,140.5,369.2,369.2,0.6082372322899505,0.6082372322899505,2.7085590465872156,7384.0,hyperplane_gauss,17064,2,0.20002617193385958,0.08859777012839913,4,prior,incremental,170,0.3795801681280136,1.0,True,high,fast,prior/incremental/K=4/recurring/high/fast/n/a/imbalanced/noisy,0.0,-0.0
scn-a74b22521536,1764348819,HDDM_A,0.873070219123506,0.04778621000014027,0,4.0,0.0,0.0,4.0,0.0,0.0,,0.0,0.0,1.0,,,inf,7384.0,,,0.0,7384.0,hyperplane_gauss,17064,2,0.20002617193385958,0.08859777012839913,4,prior,incremental,170,0.3795801681280136,1.0,True,high,fast,prior/incremental/K=4/recurring/high/fast/n/a/imbalanced/noisy,0.0,-0.0
scn-a74b22521536,1764348819,HDDM_W,0.873070219123506,0.04721147000009296,0,4.0,0.0,0.0,4.0,0.0,0.0,,0.0,0.0,1.0,,,inf,7384.0,,,0.0,7384.0,hyperplane_gauss,17064,2,0.20002617193385958,0.08859777012839913,4,prior,incremental,170,0.3795801681280136,1.0,True,high,fast,prior/incremental/K=4/recurring/high/fast/n/a/imbalanced/noisy,0.0,-0.0
scn-a74b22521536,1764348819,FHDDM,0.873070219123506,0.012840158000017254,0,4.0,0.0,0.0,4.0,0.0,0.0,,0.0,0.0,1.0,,,inf,7384.0,,,0.0,7384.0,hyperplane_gauss,17064,2,0.20002617193385958,0.08859777012839913,4,prior,incremental,170,0.3795801681280136,1.0,True,high,fast,prior/incremental/K=4/recurring/high/fast/n/a/imbalanced/noisy,0.0,-0.0
scn-a74b22521536,1764348819,NoDrift,0.873070219123506,0.007049068000014813,0,4.0,0.0,0.0,4.0,0.0,0.0,,0.0,0.0,1.0,,,inf,7384.0,,,0.0,7384.0,hyperplane_gauss,17064,2,0.20002617193385958,0.08859777012839913,4,prior,incremental,170,0.3795801681280136,1.0,True,high,fast,prior/incremental/K=4/recurring/high/fast/n/a/imbalanced/noisy,0.0,-0.0
scn-a74b22521536,1764348819,Periodic(2000),0.873070219123506,0.0074559380000209785,0,4.0,8.0,4.0,0.0,4.0,0.0,0.5,1.0,0.6666666666666666,0.0,1053.0,1053.0,1846.0,1846.0,1.7530864197530864,1.7530864197530864,0.5417118093174431,7384.0,hyperplane_gauss,17064,2,0.20002617193385958,0.08859777012839913,4,prior,incremental,170,0.3795801681280136,1.0,True,high,fast,prior/incremental/K=4/recurring/high/fast/n/a/imbalanced/noisy,0.0,-0.0
scn-a74b22521536,1764348819,Oracle,0.873070219123506,0.0076888339999641175,0,4.0,4.0,4.0,0.0,0.0,0.0,1.0,1.0,1.0,0.0,86.0,86.0,inf,7384.0,inf,85.86046511627907,0.0,7384.0,hyperplane_gauss,17064,2,0.20002617193385958,0.08859777012839913,4,prior,incremental,170,0.3795801681280136,1.0,True,high,fast,prior/incremental/K=4/recurring/high/fast/n/a/imbalanced/noisy,0.0,-0.0
scn-c52bd9bb11f5,2000811815,ADWIN,0.710125980508676,0.047235726000053546,0,3.0,0.0,0.0,3.0,0.0,0.0,,0.0,0.0,1.0,,,inf,18366.0,,,0.0,18366.0,hyperplane_gauss,26242,26,0.33187583815306426,0.2648815610446036,3,virtual,gradual,292,0.38115509241819384,0.8846612863242627,True,high,fast,virtual/gradual/K=3/recurring/high/fast/partial/imbalanced/noisy,0.0,-0.0
scn-c52bd9bb11f5,2000811815,PageHinkley,0.710125980508676,0.05424075399969297,0,3.0,2.0,1.0,2.0,1.0,0.0,0.5,0.3333333333333333,0.4,0.6666666666666667,1532.0,1532.0,18366.0,18366.0,3.9960835509138373,3.9960835509138373,0.05444843732984863,18366.0,hyperplane_gauss,26242,26,0.33187583815306426,0.2648815610446036,3,virtual,gradual,292,0.38115509241819384,0.8846612863242627,True,high,fast,virtual/gradual/K=3/recurring/high/fast/partial/imbalanced/noisy,0.0,-0.0
scn-c52bd9bb11f5,2000811815,PageHinkley-up,0.710125980508676,0.05325591600012558,0,3.0,0.0,0.0,3.0,0.0,0.0,,0.0,0.0,1.0,,,inf,18366.0,,,0.0,18366.0,hyperplane_gauss,26242,26,0.33187583815306426,0.2648815610446036,3,virtual,gradual,292,0.38115509241819384,0.8846612863242627,True,high,fast,virtual/gradual/K=3/recurring/high/fast/partial/imbalanced/noisy,0.0,-0.0
scn-c52bd9bb11f5,2000811815,DDM,0.710125980508676,0.052582722999886755,0,3.0,0.0,0.0,3.0,0.0,0.0,,0.0,0.0,1.0,,,inf,18366.0,,,0.0,18366.0,hyperplane_gauss,26242,26,0.33187583815306426,0.2648815610446036,3,virtual,gradual,292,0.38115509241819384,0.8846612863242627,True,high,fast,virtual/gradual/K=3/recurring/high/fast/partial/imbalanced/noisy,0.0,-0.0
scn-c52bd9bb11f5,2000811815,EDDM,0.710125980508676,0.049917015000119136,0,3.0,5.0,0.0,3.0,5.0,0.0,0.0,0.0,0.0,1.0,,,3673.2,3673.2,,,0.27224218664924316,18366.0,hyperplane_gauss,26242,26,0.33187583815306426,0.2648815610446036,3,virtual,gradual,292,0.38115509241819384,0.8846612863242627,True,high,fast,virtual/gradual/K=3/recurring/high/fast/partial/imbalanced/noisy,0.0,-0.0
scn-c52bd9bb11f5,2000811815,HDDM_A,0.710125980508676,0.1034360700000434,0,3.0,0.0,0.0,3.0,0.0,0.0,,0.0,0.0,1.0,,,inf,18366.0,,,0.0,18366.0,hyperplane_gauss,26242,26,0.33187583815306426,0.2648815610446036,3,virtual,gradual,292,0.38115509241819384,0.8846612863242627,True,high,fast,virtual/gradual/K=3/recurring/high/fast/partial/imbalanced/noisy,0.0,-0.0
scn-c52bd9bb11f5,2000811815,HDDM_W,0.710125980508676,0.11405964899995524,0,3.0,7.0,2.0,1.0,5.0,0.0,0.2857142857142857,0.6666666666666666,0.4,0.33333333333333337,1658.0,1658.0,3673.2,3673.2,1.4769601930036187,1.4769601930036187,0.27224218664924316,18366.0,hyperplane_gauss,26242,26,0.33187583815306426,0.2648815610446036,3,virtual,gradual,292,0.38115509241819384,0.8846612863242627,True,high,fast,virtual/gradual/K=3/recurring/high/fast/partial/imbalanced/noisy,0.0,-0.0
scn-c52bd9bb11f5,2000811815,FHDDM,0.710125980508676,0.04982151400008661,0,3.0,2.0,1.0,2.0,1.0,0.0,0.5,0.3333333333333333,0.4,0.6666666666666667,843.0,843.0,18366.0,18366.0,7.262158956109133,7.262158956109133,0.05444843732984863,18366.0,hyperplane_gauss,26242,26,0.33187583815306426,0.2648815610446036,3,virtual,gradual,292,0.38115509241819384,0.8846612863242627,True,high,fast,virtual/gradual/K=3/recurring/high/fast/partial/imbalanced/noisy,0.0,-0.0
scn-c52bd9bb11f5,2000811815,NoDrift,0.710125980508676,0.04119611599980999,0,3.0,0.0,0.0,3.0,0.0,0.0,,0.0,0.0,1.0,,,inf,18366.0,,,0.0,18366.0,hyperplane_gauss,26242,26,0.33187583815306426,0.2648815610446036,3,virtual,gradual,292,0.38115509241819384,0.8846612863242627,True,high,fast,virtual/gradual/K=3/recurring/high/fast/partial/imbalanced/noisy,0.0,-0.0
scn-c52bd9bb11f5,2000811815,Periodic(2000),0.710125980508676,0.042041713999878993,0,3.0,12.0,3.0,0.0,8.0,1.0,0.25,1.0,0.4,0.0,525.0,525.0,2295.75,2295.75,4.372857142857143,4.372857142857143,0.43558749863878904,18366.0,hyperplane_gauss,26242,26,0.33187583815306426,0.2648815610446036,3,virtual,gradual,292,0.38115509241819384,0.8846612863242627,True,high,fast,virtual/gradual/K=3/recurring/high/fast/partial/imbalanced/noisy,0.0,-0.0
scn-c52bd9bb11f5,2000811815,Oracle,0.710125980508676,0.043337571999927604,0,3.0,3.0,3.0,0.0,0.0,0.0,1.0,1.0,1.0,0.0,147.0,147.0,inf,18366.0,inf,124.93877551020408,0.0,18366.0,hyperplane_gauss,26242,26,0.33187583815306426,0.2648815610446036,3,virtual,gradual,292,0.38115509241819384,0.8846612863242627,True,high,fast,virtual/gradual/K=3/recurring/high/fast/partial/imbalanced/noisy,0.0,-0.0
scn-c52bd9bb11f5,2000811816,ADWIN,0.7062831788289359,0.04740499699983047,0,3.0,0.0,0.0,3.0,0.0,0.0,,0.0,0.0,1.0,,,inf,18366.0,,,0.0,18366.0,hyperplane_gauss,26242,26,0.33187583815306426,0.2648815610446036,3,virtual,gradual,292,0.38115509241819384,0.8846612863242627,True,high,fast,virtual/gradual/K=3/recurring/high/fast/partial/imbalanced/noisy,0.0,-0.0
scn-c52bd9bb11f5,2000811816,PageHinkley,0.7062831788289359,0.05433565900011672,0,3.0,3.0,2.0,1.0,1.0,0.0,0.6666666666666666,0.6666666666666666,0.6666666666666666,0.33333333333333337,994.0,994.0,18366.0,18366.0,12.317907444668009,12.317907444668009,0.05444843732984863,18366.0,hyperplane_gauss,26242,26,0.33187583815306426,0.2648815610446036,3,virtual,gradual,292,0.38115509241819384,0.8846612863242627,True,high,fast,virtual/gradual/K=3/recurring/high/fast/partial/imbalanced/noisy,0.0,-0.0
scn-c52bd9bb11f5,2000811816,PageHinkley-up,0.7062831788289359,0.05329728200013051,0,3.0,0.0,0.0,3.0,0.0,0.0,,0.0,0.0,1.0,,,inf,18366.0,,,0.0,18366.0,hyperplane_gauss,26242,26,0.33187583815306426,0.2648815610446036,3,virtual,gradual,292,0.38115509241819384,0.8846612863242627,True,high,fast,virtual/gradual/K=3/recurring/high/fast/partial/imbalanced/noisy,0.0,-0.0
scn-c52bd9bb11f5,2000811816,DDM,0.7062831788289359,0.052227683999717556,0,3.0,0.0,0.0,3.0,0.0,0.0,,0.0,0.0,1.0,,,inf,18366.0,,,0.0,18366.0,hyperplane_gauss,26242,26,0.33187583815306426,0.2648815610446036,3,virtual,gradual,292,0.38115509241819384,0.8846612863242627,True,high,fast,virtual/gradual/K=3/recurring/high/fast/partial/imbalanced/noisy,0.0,-0.0
scn-c52bd9bb11f5,2000811816,EDDM,0.7062831788289359,0.04968397900029231,0,3.0,4.0,0.0,3.0,4.0,0.0,0.0,0.0,0.0,1.0,,,4591.5,4591.5,,,0.21779374931939452,18366.0,hyperplane_gauss,26242,26,0.33187583815306426,0.2648815610446036,3,virtual,gradual,292,0.38115509241819384,0.8846612863242627,True,high,fast,virtual/gradual/K=3/recurring/high/fast/partial/imbalanced/noisy,0.0,-0.0
scn-c52bd9bb11f5,2000811816,HDDM_A,0.7062831788289359,0.10537610999972458,0,3.0,0.0,0.0,3.0,0.0,0.0,,0.0,0.0,1.0,,,inf,18366.0,,,0.0,18366.0,hyperplane_gauss,26242,26,0.33187583815306426,0.2648815610446036,3,virtual,gradual,292,0.38115509241819384,0.8846612863242627,True,high,fast,virtual/gradual/K=3/recurring/high/fast/partial/imbalanced/noisy,0.0,-0.0
scn-c52bd9bb11f5,2000811816,HDDM_W,0.7062831788289359,0.11713493800016295,0,3.0,10.0,3.0,0.0,7.0,0.0,0.3,1.0,0.4615384615384615,0.0,716.3333333333334,757.0,2623.714285714286,2623.714285714286,3.662700259256797,3.662700259256797,0.38113906130894043,18366.0,hyperplane_gauss,26242,26,0.33187583815306426,0.2648815610446036,3,virtual,gradual,292,0.38115509241819384,0.8846612863242627,True,high,fast,virtual/gradual/K=3/recurring/high/fast/partial/imbalanced/noisy,0.0,-0.0
scn-c52bd9bb11f5,2000811816,FHDDM,0.7062831788289359,0.049510146000102395,0,3.0,1.0,1.0,2.0,0.0,0.0,1.0,0.3333333333333333,0.5,0.6666666666666667,1181.0,1181.0,inf,18366.0,inf,5.183742591024554,0.0,18366.0,hyperplane_gauss,26242,26,0.33187583815306426,0.2648815610446036,3,virtual,gradual,292,0.38115509241819384,0.8846612863242627,True,high,fast,virtual/gradual/K=3/recurring/high/fast/partial/imbalanced/noisy,0.0,-0.0
scn-c52bd9bb11f5,2000811816,NoDrift,0.7062831788289359,0.04112654700020357,0,3.0,0.0,0.0,3.0,0.0,0.0,,0.0,0.0,1.0,,,inf,18366.0,,,0.0,18366.0,hyperplane_gauss,26242,26,0.33187583815306426,0.2648815610446036,3,virtual,gradual,292,0.38115509241819384,0.8846612863242627,True,high,fast,virtual/gradual/K=3/recurring/high/fast/partial/imbalanced/noisy,0.0,-0.0
scn-c52bd9bb11f5,2000811816,Periodic(2000),0.7062831788289359,0.04228974500028926,0,3.0,12.0,3.0,0.0,8.0,1.0,0.25,1.0,0.4,0.0,525.0,525.0,2295.75,2295.75,4.372857142857143,4.372857142857143,0.43558749863878904,18366.0,hyperplane_gauss,26242,26,0.33187583815306426,0.2648815610446036,3,virtual,gradual,292,0.38115509241819384,0.8846612863242627,True,high,fast,virtual/gradual/K=3/recurring/high/fast/partial/imbalanced/noisy,0.0,-0.0
scn-c52bd9bb11f5,2000811816,Oracle,0.7062831788289359,0.042952559999775985,0,3.0,3.0,3.0,0.0,0.0,0.0,1.0,1.0,1.0,0.0,147.0,147.0,inf,18366.0,inf,124.93877551020408,0.0,18366.0,hyperplane_gauss,26242,26,0.33187583815306426,0.2648815610446036,3,virtual,gradual,292,0.38115509241819384,0.8846612863242627,True,high,fast,virtual/gradual/K=3/recurring/high/fast/partial/imbalanced/noisy,0.0,-0.0
scn-c52bd9bb11f5,2000811817,ADWIN,0.7040250376356866,0.04810683499999868,0,3.0,0.0,0.0,3.0,0.0,0.0,,0.0,0.0,1.0,,,inf,18366.0,,,0.0,18366.0,hyperplane_gauss,26242,26,0.33187583815306426,0.2648815610446036,3,virtual,gradual,292,0.38115509241819384,0.8846612863242627,True,high,fast,virtual/gradual/K=3/recurring/high/fast/partial/imbalanced/noisy,0.0,-0.0
scn-c52bd9bb11f5,2000811817,PageHinkley,0.7040250376356866,0.05407489800018084,0,3.0,1.0,0.0,3.0,1.0,0.0,0.0,0.0,0.0,1.0,,,18366.0,18366.0,,,0.05444843732984863,18366.0,hyperplane_gauss,26242,26,0.33187583815306426,0.2648815610446036,3,virtual,gradual,292,0.38115509241819384,0.8846612863242627,True,high,fast,virtual/gradual/K=3/recurring/high/fast/partial/imbalanced/noisy,0.0,-0.0
scn-c52bd9bb11f5,2000811817,PageHinkley-up,0.7040250376356866,0.05441332899999907,0,3.0,1.0,0.0,3.0,1.0,0.0,0.0,0.0,0.0,1.0,,,18366.0,18366.0,,,0.05444843732984863,18366.0,hyperplane_gauss,26242,26,0.33187583815306426,0.2648815610446036,3,virtual,gradual,292,0.38115509241819384,0.8846612863242627,True,high,fast,virtual/gradual/K=3/recurring/high/fast/partial/imbalanced/noisy,0.0,-0.0
scn-c52bd9bb11f5,2000811817,DDM,0.7040250376356866,0.053728853999928106,0,3.0,0.0,0.0,3.0,0.0,0.0,,0.0,0.0,1.0,,,inf,18366.0,,,0.0,18366.0,hyperplane_gauss,26242,26,0.33187583815306426,0.2648815610446036,3,virtual,gradual,292,0.38115509241819384,0.8846612863242627,True,high,fast,virtual/gradual/K=3/recurring/high/fast/partial/imbalanced/noisy,0.0,-0.0
scn-c52bd9bb11f5,2000811817,EDDM,0.7040250376356866,0.05265409699995871,0,3.0,0.0,0.0,3.0,0.0,0.0,,0.0,0.0,1.0,,,inf,18366.0,,,0.0,18366.0,hyperplane_gauss,26242,26,0.33187583815306426,0.2648815610446036,3,virtual,gradual,292,0.38115509241819384,0.8846612863242627,True,high,fast,virtual/gradual/K=3/recurring/high/fast/partial/imbalanced/noisy,0.0,-0.0
scn-c52bd9bb11f5,2000811817,HDDM_A,0.7040250376356866,0.10147532100017997,0,3.0,0.0,0.0,3.0,0.0,0.0,,0.0,0.0,1.0,,,inf,18366.0,,,0.0,18366.0,hyperplane_gauss,26242,26,0.33187583815306426,0.2648815610446036,3,virtual,gradual,292,0.38115509241819384,0.8846612863242627,True,high,fast,virtual/gradual/K=3/recurring/high/fast/partial/imbalanced/noisy,0.0,-0.0
scn-c52bd9bb11f5,2000811817,HDDM_W,0.7040250376356866,0.11602836999963984,0,3.0,8.0,3.0,0.0,5.0,0.0,0.375,1.0,0.5454545454545454,0.0,611.6666666666666,535.0,3673.2,3673.2,6.005231607629428,6.005231607629428,0.27224218664924316,18366.0,hyperplane_gauss,26242,26,0.33187583815306426,0.2648815610446036,3,virtual,gradual,292,0.38115509241819384,0.8846612863242627,True,high,fast,virtual/gradual/K=3/recurring/high/fast/partial/imbalanced/noisy,0.0,-0.0
scn-c52bd9bb11f5,2000811817,FHDDM,0.7040250376356866,0.052028076000169676,0,3.0,3.0,3.0,0.0,0.0,0.0,1.0,1.0,1.0,0.0,529.0,583.0,inf,18366.0,inf,34.71833648393195,0.0,18366.0,hyperplane_gauss,26242,26,0.33187583815306426,0.2648815610446036,3,virtual,gradual,292,0.38115509241819384,0.8846612863242627,True,high,fast,virtual/gradual/K=3/recurring/high/fast/partial/imbalanced/noisy,0.0,-0.0
scn-c52bd9bb11f5,2000811817,NoDrift,0.7040250376356866,0.04500950000010562,0,3.0,0.0,0.0,3.0,0.0,0.0,,0.0,0.0,1.0,,,inf,18366.0,,,0.0,18366.0,hyperplane_gauss,26242,26,0.33187583815306426,0.2648815610446036,3,virtual,gradual,292,0.38115509241819384,0.8846612863242627,True,high,fast,virtual/gradual/K=3/recurring/high/fast/partial/imbalanced/noisy,0.0,-0.0
scn-c52bd9bb11f5,2000811817,Periodic(2000),0.7040250376356866,0.04542609500003891,0,3.0,12.0,3.0,0.0,8.0,1.0,0.25,1.0,0.4,0.0,525.0,525.0,2295.75,2295.75,4.372857142857143,4.372857142857143,0.43558749863878904,18366.0,hyperplane_gauss,26242,26,0.33187583815306426,0.2648815610446036,3,virtual,gradual,292,0.38115509241819384,0.8846612863242627,True,high,fast,virtual/gradual/K=3/recurring/high/fast/partial/imbalanced/noisy,0.0,-0.0
scn-c52bd9bb11f5,2000811817,Oracle,0.7040250376356866,0.04398960700018506,0,3.0,3.0,3.0,0.0,0.0,0.0,1.0,1.0,1.0,0.0,147.0,147.0,inf,18366.0,inf,124.93877551020408,0.0,18366.0,hyperplane_gauss,26242,26,0.33187583815306426,0.2648815610446036,3,virtual,gradual,292,0.38115509241819384,0.8846612863242627,True,high,fast,virtual/gradual/K=3/recurring/high/fast/partial/imbalanced/noisy,0.0,-0.0
scn-a5c21d470f5e,1248593158,ADWIN,0.9372323950077435,0.02794347499957439,0,1.0,0.0,0.0,1.0,0.0,0.0,,0.0,0.0,1.0,,,inf,29888.0,,,0.0,29888.0,hyperplane_gauss,33931,6,0.07178357308730483,0.01046558730304241,1,real,gradual,1043,0.069557935001251,0.6480735670775175,False,low,slow,real/gradual/K=1/low/slow/partial/imbalanced/noisy,0.0,-0.0
scn-a5c21d470f5e,1248593158,PageHinkley,0.9372323950077435,0.037342326999805664,0,1.0,0.0,0.0,1.0,0.0,0.0,,0.0,0.0,1.0,,,inf,29888.0,,,0.0,29888.0,hyperplane_gauss,33931,6,0.07178357308730483,0.01046558730304241,1,real,gradual,1043,0.069557935001251,0.6480735670775175,False,low,slow,real/gradual/K=1/low/slow/partial/imbalanced/noisy,0.0,-0.0
scn-a5c21d470f5e,1248593158,PageHinkley-up,0.9372323950077435,0.038275690999853396,0,1.0,0.0,0.0,1.0,0.0,0.0,,0.0,0.0,1.0,,,inf,29888.0,,,0.0,29888.0,hyperplane_gauss,33931,6,0.07178357308730483,0.01046558730304241,1,real,gradual,1043,0.069557935001251,0.6480735670775175,False,low,slow,real/gradual/K=1/low/slow/partial/imbalanced/noisy,0.0,-0.0
scn-a5c21d470f5e,1248593158,DDM,0.9372323950077435,0.03723549599999387,0,1.0,5.0,0.0,1.0,5.0,0.0,0.0,0.0,0.0,1.0,,,5977.6,5977.6,,,0.16729122055674517,29888.0,hyperplane_gauss,33931,6,0.07178357308730483,0.01046558730304241,1,real,gradual,1043,0.069557935001251,0.6480735670775175,False,low,slow,real/gradual/K=1/low/slow/partial/imbalanced/noisy,0.0,-0.0
scn-a5c21d470f5e,1248593158,EDDM,0.9372323950077435,0.02854665799986833,0,1.0,4.0,0.0,1.0,4.0,0.0,0.0,0.0,0.0,1.0,,,7472.0,7472.0,,,0.13383297644539616,29888.0,hyperplane_gauss,33931,6,0.07178357308730483,0.01046558730304241,1,real,gradual,1043,0.069557935001251,0.6480735670775175,False,low,slow,real/gradual/K=1/low/slow/partial/imbalanced/noisy,0.0,-0.0
scn-a5c21d470f5e,1248593158,HDDM_A,0.9372323950077435,0.1130123560001266,0,1.0,0.0,0.0,1.0,0.0,0.0,,0.0,0.0,1.0,,,inf,29888.0,,,0.0,29888.0,hyperplane_gauss,33931,6,0.07178357308730483,0.01046558730304241,1,real,gradual,1043,0.069557935001251,0.6480735670775175,False,low,slow,real/gradual/K=1/low/slow/partial/imbalanced/noisy,0.0,-0.0
scn-a5c21d470f5e,1248593158,HDDM_W,0.9372323950077435,0.10429797200004032,0,1.0,0.0,0.0,1.0,0.0,0.0,,0.0,0.0,1.0,,,inf,29888.0,,,0.0,29888.0,hyperplane_gauss,33931,6,0.07178357308730483,0.01046558730304241,1,real,gradual,1043,0.069557935001251,0.6480735670775175,False,low,slow,real/gradual/K=1/low/slow/partial/imbalanced/noisy,0.0,-0.0
scn-a5c21d470f5e,1248593158,FHDDM,0.9372323950077435,0.032493306000105804,0,1.0,0.0,0.0,1.0,0.0,0.0,,0.0,0.0,1.0,,,inf,29888.0,,,0.0,29888.0,hyperplane_gauss,33931,6,0.07178357308730483,0.01046558730304241,1,real,gradual,1043,0.069557935001251,0.6480735670775175,False,low,slow,real/gradual/K=1/low/slow/partial/imbalanced/noisy,0.0,-0.0
scn-a5c21d470f5e,1248593158,NoDrift,0.9372323950077435,0.021775369999886607,0,1.0,0.0,0.0,1.0,0.0,0.0,,0.0,0.0,1.0,,,inf,29888.0,,,0.0,29888.0,hyperplane_gauss,33931,6,0.07178357308730483,0.01046558730304241,1,real,gradual,1043,0.069557935001251,0.6480735670775175,False,low,slow,real/gradual/K=1/low/slow/partial/imbalanced/noisy,0.0,-0.0
scn-a5c21d470f5e,1248593158,Periodic(2000),0.9372323950077435,0.024385934000292764,0,1.0,16.0,1.0,0.0,15.0,0.0,0.0625,1.0,0.11764705882352941,0.0,1056.0,1056.0,1992.5333333333333,1992.5333333333333,1.8868686868686868,1.8868686868686868,0.5018736616702355,29888.0,hyperplane_gauss,33931,6,0.07178357308730483,0.01046558730304241,1,real,gradual,1043,0.069557935001251,0.6480735670775175,False,low,slow,real/gradual/K=1/low/slow/partial/imbalanced/noisy,0.0,-0.0
scn-a5c21d470f5e,1248593158,Oracle,0.9372323950077435,0.02189568399990094,0,1.0,1.0,1.0,0.0,0.0,0.0,1.0,1.0,1.0,0.0,522.0,522.0,inf,29888.0,inf,57.25670498084291,0.0,29888.0,hyperplane_gauss,33931,6,0.07178357308730483,0.01046558730304241,1,real,gradual,1043,0.069557935001251,0.6480735670775175,False,low,slow,real/gradual/K=1/low/slow/partial/imbalanced/noisy,0.0,-0.0
scn-a5c21d470f5e,1248593159,ADWIN,0.9372931280556315,0.02899899500016545,0,1.0,0.0,0.0,1.0,0.0,0.0,,0.0,0.0,1.0,,,inf,29888.0,,,0.0,29888.0,hyperplane_gauss,33931,6,0.07178357308730483,0.01046558730304241,1,real,gradual,1043,0.069557935001251,0.6480735670775175,False,low,slow,real/gradual/K=1/low/slow/partial/imbalanced/noisy,0.0,-0.0
scn-a5c21d470f5e,1248593159,PageHinkley,0.9372931280556315,0.03761618399994404,0,1.0,1.0,0.0,1.0,1.0,0.0,0.0,0.0,0.0,1.0,,,29888.0,29888.0,,,0.03345824411134904,29888.0,hyperplane_gauss,33931,6,0.07178357308730483,0.01046558730304241,1,real,gradual,1043,0.069557935001251,0.6480735670775175,False,low,slow,real/gradual/K=1/low/slow/partial/imbalanced/noisy,0.0,-0.0
scn-a5c21d470f5e,1248593159,PageHinkley-up,0.9372931280556315,0.03696415100012018,0,1.0,1.0,0.0,1.0,1.0,0.0,0.0,0.0,0.0,1.0,,,29888.0,29888.0,,,0.03345824411134904,29888.0,hyperplane_gauss,33931,6,0.07178357308730483,0.01046558730304241,1,real,gradual,1043,0.069557935001251,0.6480735670775175,False,low,slow,real/gradual/K=1/low/slow/partial/imbalanced/noisy,0.0,-0.0
scn-a5c21d470f5e,1248593159,DDM,0.9372931280556315,0.03584531700016669,0,1.0,4.0,0.0,1.0,4.0,0.0,0.0,0.0,0.0,1.0,,,7472.0,7472.0,,,0.13383297644539616,29888.0,hyperplane_gauss,33931,6,0.07178357308730483,0.01046558730304241,1,real,gradual,1043,0.069557935001251,0.6480735670775175,False,low,slow,real/gradual/K=1/low/slow/partial/imbalanced/noisy,0.0,-0.0
scn-a5c21d470f5e,1248593159,EDDM,0.9372931280556315,0.029815035999945394,0,1.0,7.0,0.0,1.0,7.0,0.0,0.0,0.0,0.0,1.0,,,4269.714285714285,4269.714285714285,,,0.23420770877944325,29888.0,hyperplane_gauss,33931,6,0.07178357308730483,0.01046558730304241,1,real,gradual,1043,0.069557935001251,0.6480735670775175,False,low,slow,real/gradual/K=1/low/slow/partial/imbalanced/noisy,0.0,-0.0
scn-a5c21d470f5e,1248593159,HDDM_A,0.9372931280556315,0.11235763899958329,0,1.0,0.0,0.0,1.0,0.0,0.0,,0.0,0.0,1.0,,,inf,29888.0,,,0.0,29888.0,hyperplane_gauss,33931,6,0.07178357308730483,0.01046558730304241,1,real,gradual,1043,0.069557935001251,0.6480735670775175,False,low,slow,real/gradual/K=1/low/slow/partial/imbalanced/noisy,0.0,-0.0
scn-a5c21d470f5e,1248593159,HDDM_W,0.9372931280556315,0.11844912700007626,0,1.0,0.0,0.0,1.0,0.0,0.0,,0.0,0.0,1.0,,,inf,29888.0,,,0.0,29888.0,hyperplane_gauss,33931,6,0.07178357308730483,0.01046558730304241,1,real,gradual,1043,0.069557935001251,0.6480735670775175,False,low,slow,real/gradual/K=1/low/slow/partial/imbalanced/noisy,0.0,-0.0
scn-a5c21d470f5e,1248593159,FHDDM,0.9372931280556315,0.0326718940000319,0,1.0,0.0,0.0,1.0,0.0,0.0,,0.0,0.0,1.0,,,inf,29888.0,,,0.0,29888.0,hyperplane_gauss,33931,6,0.07178357308730483,0.01046558730304241,1,real,gradual,1043,0.069557935001251,0.6480735670775175,False,low,slow,real/gradual/K=1/low/slow/partial/imbalanced/noisy,0.0,-0.0
scn-a5c21d470f5e,1248593159,NoDrift,0.9372931280556315,0.02133342500019353,0,1.0,0.0,0.0,1.0,0.0,0.0,,0.0,0.0,1.0,,,inf,29888.0,,,0.0,29888.0,hyperplane_gauss,33931,6,0.07178357308730483,0.01046558730304241,1,real,gradual,1043,0.069557935001251,0.6480735670775175,False,low,slow,real/gradual/K=1/low/slow/partial/imbalanced/noisy,0.0,-0.0
scn-a5c21d470f5e,1248593159,Periodic(2000),0.9372931280556315,0.022471742000107042,0,1.0,16.0,1.0,0.0,15.0,0.0,0.0625,1.0,0.11764705882352941,0.0,1056.0,1056.0,1992.5333333333333,1992.5333333333333,1.8868686868686868,1.8868686868686868,0.5018736616702355,29888.0,hyperplane_gauss,33931,6,0.07178357308730483,0.01046558730304241,1,real,gradual,1043,0.069557935001251,0.6480735670775175,False,low,slow,real/gradual/K=1/low/slow/partial/imbalanced/noisy,0.0,-0.0
scn-a5c21d470f5e,1248593159,Oracle,0.9372931280556315,0.02238117399974726,0,1.0,1.0,1.0,0.0,0.0,0.0,1.0,1.0,1.0,0.0,522.0,522.0,inf,29888.0,inf,57.25670498084291,0.0,29888.0,hyperplane_gauss,33931,6,0.07178357308730483,0.01046558730304241,1,real,gradual,1043,0.069557935001251,0.6480735670775175,False,low,slow,real/gradual/K=1/low/slow/partial/imbalanced/noisy,0.0,-0.0
scn-a5c21d470f5e,1248593160,ADWIN,0.9381130242021196,0.02965729299967279,0,1.0,0.0,0.0,1.0,0.0,0.0,,0.0,0.0,1.0,,,inf,29888.0,,,0.0,29888.0,hyperplane_gauss,33931,6,0.07178357308730483,0.01046558730304241,1,real,gradual,1043,0.069557935001251,0.6480735670775175,False,low,slow,real/gradual/K=1/low/slow/partial/imbalanced/noisy,0.0,-0.0
scn-a5c21d470f5e,1248593160,PageHinkley,0.9381130242021196,0.03831084900002679,0,1.0,1.0,0.0,1.0,1.0,0.0,0.0,0.0,0.0,1.0,,,29888.0,29888.0,,,0.03345824411134904,29888.0,hyperplane_gauss,33931,6,0.07178357308730483,0.01046558730304241,1,real,gradual,1043,0.069557935001251,0.6480735670775175,False,low,slow,real/gradual/K=1/low/slow/partial/imbalanced/noisy,0.0,-0.0
scn-a5c21d470f5e,1248593160,PageHinkley-up,0.9381130242021196,0.0365834479998739,0,1.0,1.0,0.0,1.0,1.0,0.0,0.0,0.0,0.0,1.0,,,29888.0,29888.0,,,0.03345824411134904,29888.0,hyperplane_gauss,33931,6,0.07178357308730483,0.01046558730304241,1,real,gradual,1043,0.069557935001251,0.6480735670775175,False,low,slow,real/gradual/K=1/low/slow/partial/imbalanced/noisy,0.0,-0.0
scn-a5c21d470f5e,1248593160,DDM,0.9381130242021196,0.03675372999987303,0,1.0,3.0,0.0,1.0,3.0,0.0,0.0,0.0,0.0,1.0,,,9962.666666666666,9962.666666666666,,,0.1003747323340471,29888.0,hyperplane_gauss,33931,6,0.07178357308730483,0.01046558730304241,1,real,gradual,1043,0.069557935001251,0.6480735670775175,False,low,slow,real/gradual/K=1/low/slow/partial/imbalanced/noisy,0.0,-0.0
scn-a5c21d470f5e,1248593160,EDDM,0.9381130242021196,0.02930266200019105,0,1.0,11.0,1.0,0.0,9.0,1.0,0.09090909090909091,1.0,0.16666666666666669,0.0,2287.0,2287.0,3320.8888888888887,3320.8888888888887,1.4520720983335762,1.4520720983335762,0.3011241970021413,29888.0,hyperplane_gauss,33931,6,0.07178357308730483,0.01046558730304241,1,real,gradual,1043,0.069557935001251,0.6480735670775175,False,low,slow,real/gradual/K=1/low/slow/partial/imbalanced/noisy,0.0,-0.0
scn-a5c21d470f5e,1248593160,HDDM_A,0.9381130242021196,0.119283077000091,0,1.0,0.0,0.0,1.0,0.0,0.0,,0.0,0.0,1.0,,,inf,29888.0,,,0.0,29888.0,hyperplane_gauss,33931,6,0.07178357308730483,0.01046558730304241,1,real,gradual,1043,0.069557935001251,0.6480735670775175,False,low,slow,real/gradual/K=1/low/slow/partial/imbalanced/noisy,0.0,-0.0
scn-a5c21d470f5e,1248593160,HDDM_W,0.9381130242021196,0.11310116499998912,0,1.0,0.0,0.0,1.0,0.0,0.0,,0.0,0.0,1.0,,,inf,29888.0,,,0.0,29888.0,hyperplane_gauss,33931,6,0.07178357308730483,0.01046558730304241,1,real,gradual,1043,0.069557935001251,0.6480735670775175,False,low,slow,real/gradual/K=1/low/slow/partial/imbalanced/noisy,0.0,-0.0
scn-a5c21d470f5e,1248593160,FHDDM,0.9381130242021196,0.03382350599986239,0,1.0,0.0,0.0,1.0,0.0,0.0,,0.0,0.0,1.0,,,inf,29888.0,,,0.0,29888.0,hyperplane_gauss,33931,6,0.07178357308730483,0.01046558730304241,1,real,gradual,1043,0.069557935001251,0.6480735670775175,False,low,slow,real/gradual/K=1/low/slow/partial/imbalanced/noisy,0.0,-0.0
scn-a5c21d470f5e,1248593160,NoDrift,0.9381130242021196,0.021548517000155698,0,1.0,0.0,0.0,1.0,0.0,0.0,,0.0,0.0,1.0,,,inf,29888.0,,,0.0,29888.0,hyperplane_gauss,33931,6,0.07178357308730483,0.01046558730304241,1,real,gradual,1043,0.069557935001251,0.6480735670775175,False,low,slow,real/gradual/K=1/low/slow/partial/imbalanced/noisy,0.0,-0.0
scn-a5c21d470f5e,1248593160,Periodic(2000),0.9381130242021196,0.021900555999764038,0,1.0,16.0,1.0,0.0,15.0,0.0,0.0625,1.0,0.11764705882352941,0.0,1056.0,1056.0,1992.5333333333333,1992.5333333333333,1.8868686868686868,1.8868686868686868,0.5018736616702355,29888.0,hyperplane_gauss,33931,6,0.07178357308730483,0.01046558730304241,1,real,gradual,1043,0.069557935001251,0.6480735670775175,False,low,slow,real/gradual/K=1/low/slow/partial/imbalanced/noisy,0.0,-0.0
scn-a5c21d470f5e,1248593160,Oracle,0.9381130242021196,0.02293336000002455,0,1.0,1.0,1.0,0.0,0.0,0.0,1.0,1.0,1.0,0.0,522.0,522.0,inf,29888.0,inf,57.25670498084291,0.0,29888.0,hyperplane_gauss,33931,6,0.07178357308730483,0.01046558730304241,1,real,gradual,1043,0.069557935001251,0.6480735670775175,False,low,slow,real/gradual/K=1/low/slow/partial/imbalanced/noisy,0.0,-0.0
scn-e608b7495c41,145783740,ADWIN,0.9092645381984037,0.11030810100010058,0,2.0,2.0,1.0,1.0,1.0,0.0,0.5,0.5,0.5,0.5,582.0,582.0,31080.0,31080.0,26.701030927835053,26.701030927835053,0.032175032175032175,31080.0,hyperplane_gauss,36080,45,0.24949291981756688,0.041701972391456364,2,prior,sudden,0,0.2970456185936928,1.0,False,medium,abrupt,prior/sudden/K=2/medium/abrupt/n/a/imbalanced/noisy,0.0,-0.0
scn-e608b7495c41,145783740,PageHinkley,0.9092645381984037,0.11700572700010525,0,2.0,3.0,1.0,1.0,2.0,0.0,0.3333333333333333,0.5,0.4,0.5,431.0,431.0,15540.0,15540.0,18.02784222737819,18.02784222737819,0.06435006435006435,31080.0,hyperplane_gauss,36080,45,0.24949291981756688,0.041701972391456364,2,prior,sudden,0,0.2970456185936928,1.0,False,medium,abrupt,prior/sudden/K=2/medium/abrupt/n/a/imbalanced/noisy,0.0,-0.0
scn-e608b7495c41,145783740,PageHinkley-up,0.9092645381984037,0.11604487199974756,0,2.0,2.0,1.0,1.0,1.0,0.0,0.5,0.5,0.5,0.5,431.0,431.0,31080.0,31080.0,36.05568445475638,36.05568445475638,0.032175032175032175,31080.0,hyperplane_gauss,36080,45,0.24949291981756688,0.041701972391456364,2,prior,sudden,0,0.2970456185936928,1.0,False,medium,abrupt,prior/sudden/K=2/medium/abrupt/n/a/imbalanced/noisy,0.0,-0.0
scn-e608b7495c41,145783740,DDM,0.9092645381984037,0.12514870699988023,0,2.0,0.0,0.0,2.0,0.0,0.0,,0.0,0.0,1.0,,,inf,31080.0,,,0.0,31080.0,hyperplane_gauss,36080,45,0.24949291981756688,0.041701972391456364,2,prior,sudden,0,0.2970456185936928,1.0,False,medium,abrupt,prior/sudden/K=2/medium/abrupt/n/a/imbalanced/noisy,0.0,-0.0
scn-e608b7495c41,145783740,EDDM,0.9092645381984037,0.11316501700002846,0,2.0,17.0,1.0,1.0,13.0,3.0,0.058823529411764705,0.5,0.10526315789473684,0.5,651.0,651.0,2390.769230769231,2390.769230769231,1.8362282878411913,1.8362282878411913,0.41827541827541825,31080.0,hyperplane_gauss,36080,45,0.24949291981756688,0.041701972391456364,2,prior,sudden,0,0.2970456185936928,1.0,False,medium,abrupt,prior/sudden/K=2/medium/abrupt/n/a/imbalanced/noisy,0.0,-0.0
scn-e608b7495c41,145783740,HDDM_A,0.9092645381984037,0.2609241730001486,0,2.0,1.0,1.0,1.0,0.0,0.0,1.0,0.5,0.6666666666666666,0.5,882.0,882.0,inf,31080.0,inf,17.61904761904762,0.0,31080.0,hyperplane_gauss,36080,45,0.24949291981756688,0.041701972391456364,2,prior,sudden,0,0.2970456185936928,1.0,False,medium,abrupt,prior/sudden/K=2/medium/abrupt/n/a/imbalanced/noisy,0.0,-0.0
scn-e608b7495c41,145783740,HDDM_W,0.9092645381984037,0.18496116599999368,0,2.0,0.0,0.0,2.0,0.0,0.0,,0.0,0.0,1.0,,,inf,31080.0,,,0.0,31080.0,hyperplane_gauss,36080,45,0.24949291981756688,0.041701972391456364,2,prior,sudden,0,0.2970456185936928,1.0,False,medium,abrupt,prior/sudden/K=2/medium/abrupt/n/a/imbalanced/noisy,0.0,-0.0
scn-e608b7495c41,145783740,FHDDM,0.9092645381984037,0.10801462300014464,0,2.0,0.0,0.0,2.0,0.0,0.0,,0.0,0.0,1.0,,,inf,31080.0,,,0.0,31080.0,hyperplane_gauss,36080,45,0.24949291981756688,0.041701972391456364,2,prior,sudden,0,0.2970456185936928,1.0,False,medium,abrupt,prior/sudden/K=2/medium/abrupt/n/a/imbalanced/noisy,0.0,-0.0
scn-e608b7495c41,145783740,NoDrift,0.9092645381984037,0.09790953199990327,0,2.0,0.0,0.0,2.0,0.0,0.0,,0.0,0.0,1.0,,,inf,31080.0,,,0.0,31080.0,hyperplane_gauss,36080,45,0.24949291981756688,0.041701972391456364,2,prior,sudden,0,0.2970456185936928,1.0,False,medium,abrupt,prior/sudden/K=2/medium/abrupt/n/a/imbalanced/noisy,0.0,-0.0
scn-e608b7495c41,145783740,Periodic(2000),0.9092645381984037,0.09777415600001405,0,2.0,17.0,2.0,0.0,15.0,0.0,0.11764705882352941,1.0,0.21052631578947367,0.0,460.0,460.0,2072.0,2072.0,4.504347826086956,4.504347826086956,0.4826254826254826,31080.0,hyperplane_gauss,36080,45,0.24949291981756688,0.041701972391456364,2,prior,sudden,0,0.2970456185936928,1.0,False,medium,abrupt,prior/sudden/K=2/medium/abrupt/n/a/imbalanced/noisy,0.0,-0.0
scn-e608b7495c41,145783740,Oracle,0.9092645381984037,0.09911125799999354,0,2.0,2.0,2.0,0.0,0.0,0.0,1.0,1.0,1.0,0.0,1.0,1.0,inf,31080.0,inf,31080.0,0.0,31080.0,hyperplane_gauss,36080,45,0.24949291981756688,0.041701972391456364,2,prior,sudden,0,0.2970456185936928,1.0,False,medium,abrupt,prior/sudden/K=2/medium/abrupt/n/a/imbalanced/noisy,0.0,-0.0
scn-e608b7495c41,145783741,ADWIN,0.9111744583808438,0.11854299700007687,0,2.0,3.0,1.0,1.0,2.0,0.0,0.3333333333333333,0.5,0.4,0.5,422.0,422.0,15540.0,15540.0,18.412322274881518,18.412322274881518,0.06435006435006435,31080.0,hyperplane_gauss,36080,45,0.24949291981756688,0.041701972391456364,2,prior,sudden,0,0.2970456185936928,1.0,False,medium,abrupt,prior/sudden/K=2/medium/abrupt/n/a/imbalanced/noisy,0.0,-0.0
scn-e608b7495c41,145783741,PageHinkley,0.9111744583808438,0.11763673099994776,0,2.0,3.0,1.0,1.0,2.0,0.0,0.3333333333333333,0.5,0.4,0.5,520.0,520.0,15540.0,15540.0,14.942307692307692,14.942307692307692,0.06435006435006435,31080.0,hyperplane_gauss,36080,45,0.24949291981756688,0.041701972391456364,2,prior,sudden,0,0.2970456185936928,1.0,False,medium,abrupt,prior/sudden/K=2/medium/abrupt/n/a/imbalanced/noisy,0.0,-0.0
scn-e608b7495c41,145783741,PageHinkley-up,0.9111744583808438,0.11880031300006522,0,2.0,1.0,1.0,1.0,0.0,0.0,1.0,0.5,0.6666666666666666,0.5,520.0,520.0,inf,31080.0,inf,29.884615384615383,0.0,31080.0,hyperplane_gauss,36080,45,0.24949291981756688,0.041701972391456364,2,prior,sudden,0,0.2970456185936928,1.0,False,medium,abrupt,prior/sudden/K=2/medium/abrupt/n/a/imbalanced/noisy,0.0,-0.0
scn-e608b7495c41,145783741,DDM,0.9111744583808438,0.12327389000029143,0,2.0,1.0,1.0,1.0,0.0,0.0,1.0,0.5,0.6666666666666666,0.5,756.0,756.0,inf,31080.0,inf,20.555555555555557,0.0,31080.0,hyperplane_gauss,36080,45,0.24949291981756688,0.041701972391456364,2,prior,sudden,0,0.2970456185936928,1.0,False,medium,abrupt,prior/sudden/K=2/medium/abrupt/n/a/imbalanced/noisy,0.0,-0.0
scn-e608b7495c41,145783741,EDDM,0.9111744583808438,0.1147981060003076,0,2.0,33.0,1.0,1.0,28.0,4.0,0.030303030303030304,0.5,0.05714285714285715,0.5,64.0,64.0,1110.0,1110.0,8.671875,8.671875,0.9009009009009009,31080.0,hyperplane_gauss,36080,45,0.24949291981756688,0.041701972391456364,2,prior,sudden,0,0.2970456185936928,1.0,False,medium,abrupt,prior/sudden/K=2/medium/abrupt/n/a/imbalanced/noisy,0.0,-0.0
scn-e608b7495c41,145783741,HDDM_A,0.9111744583808438,0.25450214499960566,0,2.0,1.0,1.0,1.0,0.0,0.0,1.0,0.5,0.6666666666666666,0.5,551.0,551.0,inf,31080.0,inf,28.2032667876588,0.0,31080.0,hyperplane_gauss,36080,45,0.24949291981756688,0.041701972391456364,2,prior,sudden,0,0.2970456185936928,1.0,False,medium,abrupt,prior/sudden/K=2/medium/abrupt/n/a/imbalanced/noisy,0.0,-0.0
scn-e608b7495c41,145783741,HDDM_W,0.9111744583808438,0.1903635009998652,0,2.0,1.0,1.0,1.0,0.0,0.0,1.0,0.5,0.6666666666666666,0.5,1701.0,1701.0,inf,31080.0,inf,9.135802469135802,0.0,31080.0,hyperplane_gauss,36080,45,0.24949291981756688,0.041701972391456364,2,prior,sudden,0,0.2970456185936928,1.0,False,medium,abrupt,prior/sudden/K=2/medium/abrupt/n/a/imbalanced/noisy,0.0,-0.0
scn-e608b7495c41,145783741,FHDDM,0.9111744583808438,0.11053185500031759,0,2.0,1.0,1.0,1.0,0.0,0.0,1.0,0.5,0.6666666666666666,0.5,78.0,78.0,inf,31080.0,inf,199.23076923076923,0.0,31080.0,hyperplane_gauss,36080,45,0.24949291981756688,0.041701972391456364,2,prior,sudden,0,0.2970456185936928,1.0,False,medium,abrupt,prior/sudden/K=2/medium/abrupt/n/a/imbalanced/noisy,0.0,-0.0
scn-e608b7495c41,145783741,NoDrift,0.9111744583808438,0.09942643999966094,0,2.0,0.0,0.0,2.0,0.0,0.0,,0.0,0.0,1.0,,,inf,31080.0,,,0.0,31080.0,hyperplane_gauss,36080,45,0.24949291981756688,0.041701972391456364,2,prior,sudden,0,0.2970456185936928,1.0,False,medium,abrupt,prior/sudden/K=2/medium/abrupt/n/a/imbalanced/noisy,0.0,-0.0
scn-e608b7495c41,145783741,Periodic(2000),0.9111744583808438,0.10124283000004652,0,2.0,17.0,2.0,0.0,15.0,0.0,0.11764705882352941,1.0,0.21052631578947367,0.0,460.0,460.0,2072.0,2072.0,4.504347826086956,4.504347826086956,0.4826254826254826,31080.0,hyperplane_gauss,36080,45,0.24949291981756688,0.041701972391456364,2,prior,sudden,0,0.2970456185936928,1.0,False,medium,abrupt,prior/sudden/K=2/medium/abrupt/n/a/imbalanced/noisy,0.0,-0.0
scn-e608b7495c41,145783741,Oracle,0.9111744583808438,0.10039076899965949,0,2.0,2.0,2.0,0.0,0.0,0.0,1.0,1.0,1.0,0.0,1.0,1.0,inf,31080.0,inf,31080.0,0.0,31080.0,hyperplane_gauss,36080,45,0.24949291981756688,0.041701972391456364,2,prior,sudden,0,0.2970456185936928,1.0,False,medium,abrupt,prior/sudden/K=2/medium/abrupt/n/a/imbalanced/noisy,0.0,-0.0
scn-e608b7495c41,145783742,ADWIN,0.9140535917901939,0.10883092099993519,0,2.0,3.0,1.0,1.0,2.0,0.0,0.3333333333333333,0.5,0.4,0.5,358.0,358.0,15540.0,15540.0,21.70391061452514,21.70391061452514,0.06435006435006435,31080.0,hyperplane_gauss,36080,45,0.24949291981756688,0.041701972391456364,2,prior,sudden,0,0.2970456185936928,1.0,False,medium,abrupt,prior/sudden/K=2/medium/abrupt/n/a/imbalanced/noisy,0.0,-0.0
scn-e608b7495c41,145783742,PageHinkley,0.9140535917901939,0.12225250400024379,0,2.0,3.0,2.0,0.0,1.0,0.0,0.6666666666666666,1.0,0.8,0.0,1136.5,1136.5,31080.0,31080.0,27.347118345798503,27.347118345798503,0.032175032175032175,31080.0,hyperplane_gauss,36080,45,0.24949291981756688,0.041701972391456364,2,prior,sudden,0,0.2970456185936928,1.0,False,medium,abrupt,prior/sudden/K=2/medium/abrupt/n/a/imbalanced/noisy,0.0,-0.0
scn-e608b7495c41,145783742,PageHinkley-up,0.9140535917901939,0.11820495699976163,0,2.0,1.0,1.0,1.0,0.0,0.0,1.0,0.5,0.6666666666666666,0.5,534.0,534.0,inf,31080.0,inf,29.10112359550562,0.0,31080.0,hyperplane_gauss,36080,45,0.24949291981756688,0.041701972391456364,2,prior,sudden,0,0.2970456185936928,1.0,False,medium,abrupt,prior/sudden/K=2/medium/abrupt/n/a/imbalanced/noisy,0.0,-0.0
scn-e608b7495c41,145783742,DDM,0.9140535917901939,0.11558429800015801,0,2.0,1.0,1.0,1.0,0.0,0.0,1.0,0.5,0.6666666666666666,0.5,633.0,633.0,inf,31080.0,inf,24.549763033175356,0.0,31080.0,hyperplane_gauss,36080,45,0.24949291981756688,0.041701972391456364,2,prior,sudden,0,0.2970456185936928,1.0,False,medium,abrupt,prior/sudden/K=2/medium/abrupt/n/a/imbalanced/noisy,0.0,-0.0
scn-e608b7495c41,145783742,EDDM,0.9140535917901939,0.1065482589997373,0,2.0,45.0,1.0,1.0,43.0,1.0,0.022222222222222223,0.5,0.0425531914893617,0.5,703.0,703.0,722.7906976744187,722.7906976744187,0.5140758873929009,0.5140758873929009,1.3835263835263836,31080.0,hyperplane_gauss,36080,45,0.24949291981756688,0.041701972391456364,2,prior,sudden,0,0.2970456185936928,1.0,False,medium,abrupt,prior/sudden/K=2/medium/abrupt/n/a/imbalanced/noisy,0.0,-0.0
scn-e608b7495c41,145783742,HDDM_A,0.9140535917901939,0.24568509000027916,0,2.0,1.0,1.0,1.0,0.0,0.0,1.0,0.5,0.6666666666666666,0.5,468.0,468.0,inf,31080.0,inf,33.205128205128204,0.0,31080.0,hyperplane_gauss,36080,45,0.24949291981756688,0.041701972391456364,2,prior,sudden,0,0.2970456185936928,1.0,False,medium,abrupt,prior/sudden/K=2/medium/abrupt/n/a/imbalanced/noisy,0.0,-0.0
scn-e608b7495c41,145783742,HDDM_W,0.9140535917901939,0.1839946609998151,0,2.0,0.0,0.0,2.0,0.0,0.0,,0.0,0.0,1.0,,,inf,31080.0,,,0.0,31080.0,hyperplane_gauss,36080,45,0.24949291981756688,0.041701972391456364,2,prior,sudden,0,0.2970456185936928,1.0,False,medium,abrupt,prior/sudden/K=2/medium/abrupt/n/a/imbalanced/noisy,0.0,-0.0
scn-e608b7495c41,145783742,FHDDM,0.9140535917901939,0.10894528299968442,0,2.0,0.0,0.0,2.0,0.0,0.0,,0.0,0.0,1.0,,,inf,31080.0,,,0.0,31080.0,hyperplane_gauss,36080,45,0.24949291981756688,0.041701972391456364,2,prior,sudden,0,0.2970456185936928,1.0,False,medium,abrupt,prior/sudden/K=2/medium/abrupt/n/a/imbalanced/noisy,0.0,-0.0
scn-e608b7495c41,145783742,NoDrift,0.9140535917901939,0.0978670519998559,0,2.0,0.0,0.0,2.0,0.0,0.0,,0.0,0.0,1.0,,,inf,31080.0,,,0.0,31080.0,hyperplane_gauss,36080,45,0.24949291981756688,0.041701972391456364,2,prior,sudden,0,0.2970456185936928,1.0,False,medium,abrupt,prior/sudden/K=2/medium/abrupt/n/a/imbalanced/noisy,0.0,-0.0
scn-e608b7495c41,145783742,Periodic(2000),0.9140535917901939,0.09839734100023634,0,2.0,17.0,2.0,0.0,15.0,0.0,0.11764705882352941,1.0,0.21052631578947367,0.0,460.0,460.0,2072.0,2072.0,4.504347826086956,4.504347826086956,0.4826254826254826,31080.0,hyperplane_gauss,36080,45,0.24949291981756688,0.041701972391456364,2,prior,sudden,0,0.2970456185936928,1.0,False,medium,abrupt,prior/sudden/K=2/medium/abrupt/n/a/imbalanced/noisy,0.0,-0.0
scn-e608b7495c41,145783742,Oracle,0.9140535917901939,0.09857802999977139,0,2.0,2.0,2.0,0.0,0.0,0.0,1.0,1.0,1.0,0.0,1.0,1.0,inf,31080.0,inf,31080.0,0.0,31080.0,hyperplane_gauss,36080,45,0.24949291981756688,0.041701972391456364,2,prior,sudden,0,0.2970456185936928,1.0,False,medium,abrupt,prior/sudden/K=2/medium/abrupt/n/a/imbalanced/noisy,0.0,-0.0
scn-43812f37c3ec,490741113,ADWIN,0.7274003861681587,0.019622081999841612,0,4.0,0.0,0.0,4.0,0.0,0.0,,0.0,0.0,1.0,,,inf,11912.0,,,0.0,11912.0,hyperplane_gauss,23788,6,0.43893022211268545,0.23607594575732946,4,real,incremental,719,0.12901849541552124,0.5677302548040947,True,medium,fast,real/incremental/K=4/recurring/medium/fast/partial/balanced/noisy,0.0,-0.0
scn-43812f37c3ec,490741113,PageHinkley,0.7274003861681587,0.02549161799970534,0,4.0,1.0,0.0,4.0,1.0,0.0,0.0,0.0,0.0,1.0,,,11912.0,11912.0,,,0.08394895903290799,11912.0,hyperplane_gauss,23788,6,0.43893022211268545,0.23607594575732946,4,real,incremental,719,0.12901849541552124,0.5677302548040947,True,medium,fast,real/incremental/K=4/recurring/medium/fast/partial/balanced/noisy,0.0,-0.0
scn-43812f37c3ec,490741113,PageHinkley-up,0.7274003861681587,0.02588305900007981,0,4.0,1.0,0.0,4.0,1.0,0.0,0.0,0.0,0.0,1.0,,,11912.0,11912.0,,,0.08394895903290799,11912.0,hyperplane_gauss,23788,6,0.43893022211268545,0.23607594575732946,4,real,incremental,719,0.12901849541552124,0.5677302548040947,True,medium,fast,real/incremental/K=4/recurring/medium/fast/partial/balanced/noisy,0.0,-0.0
scn-43812f37c3ec,490741113,DDM,0.7274003861681587,0.025336863000120502,0,4.0,0.0,0.0,4.0,0.0,0.0,,0.0,0.0,1.0,,,inf,11912.0,,,0.0,11912.0,hyperplane_gauss,23788,6,0.43893022211268545,0.23607594575732946,4,real,incremental,719,0.12901849541552124,0.5677302548040947,True,medium,fast,real/incremental/K=4/recurring/medium/fast/partial/balanced/noisy,0.0,-0.0
scn-43812f37c3ec,490741113,EDDM,0.7274003861681587,0.02252301399994394,0,4.0,22.0,2.0,2.0,12.0,8.0,0.09090909090909091,0.5,0.15384615384615385,0.5,1255.0,1255.0,992.6666666666666,992.6666666666666,0.3954847277556441,0.3954847277556441,1.007387508394896,11912.0,hyperplane_gauss,23788,6,0.43893022211268545,0.23607594575732946,4,real,incremental,719,0.12901849541552124,0.5677302548040947,True,medium,fast,real/incremental/K=4/recurring/medium/fast/partial/balanced/noisy,0.0,-0.0
scn-43812f37c3ec,490741113,HDDM_A,0.7274003861681587,0.07149669399996128,0,4.0,1.0,1.0,3.0,0.0,0.0,1.0,0.25,0.4,0.75,929.0,929.0,inf,11912.0,inf,3.2055974165769645,0.0,11912.0,hyperplane_gauss,23788,6,0.43893022211268545,0.23607594575732946,4,real,incremental,719,0.12901849541552124,0.5677302548040947,True,medium,fast,real/incremental/K=4/recurring/medium/fast/partial/balanced/noisy,0.0,-0.0
scn-43812f37c3ec,490741113,HDDM_W,0.7274003861681587,0.0819242350003151,0,4.0,7.0,3.0,1.0,3.0,1.0,0.42857142857142855,0.75,0.5454545454545454,0.25,807.0,925.0,3970.6666666666665,3970.6666666666665,3.6902106567534076,3.6902106567534076,0.251846877098724,11912.0,hyperplane_gauss,23788,6,0.43893022211268545,0.23607594575732946,4,real,incremental,719,0.12901849541552124,0.5677302548040947,True,medium,fast,real/incremental/K=4/recurring/medium/fast/partial/balanced/noisy,0.0,-0.0
scn-43812f37c3ec,490741113,FHDDM,0.7274003861681587,0.02277206600001591,0,4.0,4.0,3.0,1.0,1.0,0.0,0.75,0.75,0.75,0.25,1709.6666666666667,1990.0,11912.0,11912.0,5.22558003509456,5.22558003509456,0.08394895903290799,11912.0,hyperplane_gauss,23788,6,0.43893022211268545,0.23607594575732946,4,real,incremental,719,0.12901849541552124,0.5677302548040947,True,medium,fast,real/incremental/K=4/recurring/medium/fast/partial/balanced/noisy,0.0,-0.0
scn-43812f37c3ec,490741113,NoDrift,0.7274003861681587,0.015073255000061181,0,4.0,0.0,0.0,4.0,0.0,0.0,,0.0,0.0,1.0,,,inf,11912.0,,,0.0,11912.0,hyperplane_gauss,23788,6,0.43893022211268545,0.23607594575732946,4,real,incremental,719,0.12901849541552124,0.5677302548040947,True,medium,fast,real/incremental/K=4/recurring/medium/fast/partial/balanced/noisy,0.0,-0.0
scn-43812f37c3ec,490741113,Periodic(2000),0.7274003861681587,0.01558579800030202,0,4.0,11.0,4.0,0.0,6.0,1.0,0.36363636363636365,1.0,0.5333333333333333,0.0,965.5,965.5,1985.3333333333333,1985.3333333333333,2.05627481443121,2.05627481443121,0.503693754197448,11912.0,hyperplane_gauss,23788,6,0.43893022211268545,0.23607594575732946,4,real,incremental,719,0.12901849541552124,0.5677302548040947,True,medium,fast,real/incremental/K=4/recurring/medium/fast/partial/balanced/noisy,0.0,-0.0
scn-43812f37c3ec,490741113,Oracle,0.7274003861681587,0.015371173999938037,0,4.0,4.0,4.0,0.0,0.0,0.0,1.0,1.0,1.0,0.0,360.0,360.0,inf,11912.0,inf,33.08888888888889,0.0,11912.0,hyperplane_gauss,23788,6,0.43893022211268545,0.23607594575732946,4,real,incremental,719,0.12901849541552124,0.5677302548040947,True,medium,fast,real/incremental/K=4/recurring/medium/fast/partial/balanced/noisy,0.0,-0.0
scn-43812f37c3ec,490741114,ADWIN,0.7301211163770406,0.019673246999900584,0,4.0,0.0,0.0,4.0,0.0,0.0,,0.0,0.0,1.0,,,inf,11912.0,,,0.0,11912.0,hyperplane_gauss,23788,6,0.43893022211268545,0.23607594575732946,4,real,incremental,719,0.12901849541552124,0.5677302548040947,True,medium,fast,real/incremental/K=4/recurring/medium/fast/partial/balanced/noisy,0.0,-0.0
scn-43812f37c3ec,490741114,PageHinkley,0.7301211163770406,0.029585380999833433,0,4.0,3.0,1.0,3.0,2.0,0.0,0.3333333333333333,0.25,0.28571428571428575,0.75,1212.0,1212.0,5956.0,5956.0,1.2285478547854785,1.2285478547854785,0.16789791806581597,11912.0,hyperplane_gauss,23788,6,0.43893022211268545,0.23607594575732946,4,real,incremental,719,0.12901849541552124,0.5677302548040947,True,medium,fast,real/incremental/K=4/recurring/medium/fast/partial/balanced/noisy,0.0,-0.0
scn-43812f37c3ec,490741114,PageHinkley-up,0.7301211163770406,0.02579286799982583,0,4.0,2.0,2.0,2.0,0.0,0.0,1.0,0.5,0.6666666666666666,0.5,1686.0,1686.0,inf,11912.0,inf,3.5326215895610913,0.0,11912.0,hyperplane_gauss,23788,6,0.43893022211268545,0.23607594575732946,4,real,incremental,719,0.12901849541552124,0.5677302548040947,True,medium,fast,real/incremental/K=4/recurring/medium/fast/partial/balanced/noisy,0.0,-0.0
scn-43812f37c3ec,490741114,DDM,0.7301211163770406,0.025560068000231695,0,4.0,2.0,1.0,3.0,1.0,0.0,0.5,0.25,0.3333333333333333,0.75,1909.0,1909.0,11912.0,11912.0,1.5599790466212677,1.5599790466212677,0.08394895903290799,11912.0,hyperplane_gauss,23788,6,0.43893022211268545,0.23607594575732946,4,real,incremental,719,0.12901849541552124,0.5677302548040947,True,medium,fast,real/incremental/K=4/recurring/medium/fast/partial/balanced/noisy,0.0,-0.0
scn-43812f37c3ec,490741114,EDDM,0.7301211163770406,0.022137473999919166,0,4.0,53.0,2.0,2.0,32.0,19.0,0.03773584905660377,0.5,0.07017543859649122,0.5,154.0,154.0,372.25,372.25,1.208603896103896,1.208603896103896,2.6863666890530555,11912.0,hyperplane_gauss,23788,6,0.43893022211268545,0.23607594575732946,4,real,incremental,719,0.12901849541552124,0.5677302548040947,True,medium,fast,real/incremental/K=4/recurring/medium/fast/partial/balanced/noisy,0.0,-0.0
scn-43812f37c3ec,490741114,HDDM_A,0.7301211163770406,0.07195970900011162,0,4.0,1.0,1.0,3.0,0.0,0.0,1.0,0.25,0.4,0.75,1568.0,1568.0,inf,11912.0,inf,1.899234693877551,0.0,11912.0,hyperplane_gauss,23788,6,0.43893022211268545,0.23607594575732946,4,real,incremental,719,0.12901849541552124,0.5677302548040947,True,medium,fast,real/incremental/K=4/recurring/medium/fast/partial/balanced/noisy,0.0,-0.0
scn-43812f37c3ec,490741114,HDDM_W,0.7301211163770406,0.07743272300012904,0,4.0,5.0,2.0,2.0,3.0,0.0,0.4,0.5,0.4444444444444445,0.5,1636.0,1636.0,3970.6666666666665,3970.6666666666665,1.2135289323553382,1.2135289323553382,0.251846877098724,11912.0,hyperplane_gauss,23788,6,0.43893022211268545,0.23607594575732946,4,real,incremental,719,0.12901849541552124,0.5677302548040947,True,medium,fast,real/incremental/K=4/recurring/medium/fast/partial/balanced/noisy,0.0,-0.0
scn-43812f37c3ec,490741114,FHDDM,0.7301211163770406,0.021165469999687048,0,4.0,3.0,1.0,3.0,2.0,0.0,0.3333333333333333,0.25,0.28571428571428575,0.75,832.0,832.0,5956.0,5956.0,1.7896634615384615,1.7896634615384615,0.16789791806581597,11912.0,hyperplane_gauss,23788,6,0.43893022211268545,0.23607594575732946,4,real,incremental,719,0.12901849541552124,0.5677302548040947,True,medium,fast,real/incremental/K=4/recurring/medium/fast/partial/balanced/noisy,0.0,-0.0
scn-43812f37c3ec,490741114,NoDrift,0.7301211163770406,0.014085008000165544,0,4.0,0.0,0.0,4.0,0.0,0.0,,0.0,0.0,1.0,,,inf,11912.0,,,0.0,11912.0,hyperplane_gauss,23788,6,0.43893022211268545,0.23607594575732946,4,real,incremental,719,0.12901849541552124,0.5677302548040947,True,medium,fast,real/incremental/K=4/recurring/medium/fast/partial/balanced/noisy,0.0,-0.0
scn-43812f37c3ec,490741114,Periodic(2000),0.7301211163770406,0.014574804999938351,0,4.0,11.0,4.0,0.0,6.0,1.0,0.36363636363636365,1.0,0.5333333333333333,0.0,965.5,965.5,1985.3333333333333,1985.3333333333333,2.05627481443121,2.05627481443121,0.503693754197448,11912.0,hyperplane_gauss,23788,6,0.43893022211268545,0.23607594575732946,4,real,incremental,719,0.12901849541552124,0.5677302548040947,True,medium,fast,real/incremental/K=4/recurring/medium/fast/partial/balanced/noisy,0.0,-0.0
scn-43812f37c3ec,490741114,Oracle,0.7301211163770406,0.01494234299980235,0,4.0,4.0,4.0,0.0,0.0,0.0,1.0,1.0,1.0,0.0,360.0,360.0,inf,11912.0,inf,33.08888888888889,0.0,11912.0,hyperplane_gauss,23788,6,0.43893022211268545,0.23607594575732946,4,real,incremental,719,0.12901849541552124,0.5677302548040947,True,medium,fast,real/incremental/K=4/recurring/medium/fast/partial/balanced/noisy,0.0,-0.0
scn-43812f37c3ec,490741115,ADWIN,0.7342899771809724,0.01922219700009009,0,4.0,0.0,0.0,4.0,0.0,0.0,,0.0,0.0,1.0,,,inf,11912.0,,,0.0,11912.0,hyperplane_gauss,23788,6,0.43893022211268545,0.23607594575732946,4,real,incremental,719,0.12901849541552124,0.5677302548040947,True,medium,fast,real/incremental/K=4/recurring/medium/fast/partial/balanced/noisy,0.0,-0.0
scn-43812f37c3ec,490741115,PageHinkley,0.7342899771809724,0.02555747899987182,0,4.0,1.0,0.0,4.0,1.0,0.0,0.0,0.0,0.0,1.0,,,11912.0,11912.0,,,0.08394895903290799,11912.0,hyperplane_gauss,23788,6,0.43893022211268545,0.23607594575732946,4,real,incremental,719,0.12901849541552124,0.5677302548040947,True,medium,fast,real/incremental/K=4/recurring/medium/fast/partial/balanced/noisy,0.0,-0.0
scn-43812f37c3ec,490741115,PageHinkley-up,0.7342899771809724,0.028878209000140487,0,4.0,0.0,0.0,4.0,0.0,0.0,,0.0,0.0,1.0,,,inf,11912.0,,,0.0,11912.0,hyperplane_gauss,23788,6,0.43893022211268545,0.23607594575732946,4,real,incremental,719,0.12901849541552124,0.5677302548040947,True,medium,fast,real/incremental/K=4/recurring/medium/fast/partial/balanced/noisy,0.0,-0.0
scn-43812f37c3ec,490741115,DDM,0.7342899771809724,0.024635565000153292,0,4.0,1.0,1.0,3.0,0.0,0.0,1.0,0.25,0.4,0.75,1138.0,1138.0,inf,11912.0,inf,2.616871704745167,0.0,11912.0,hyperplane_gauss,23788,6,0.43893022211268545,0.23607594575732946,4,real,incremental,719,0.12901849541552124,0.5677302548040947,True,medium,fast,real/incremental/K=4/recurring/medium/fast/partial/balanced/noisy,0.0,-0.0
scn-43812f37c3ec,490741115,EDDM,0.7342899771809724,0.02164465299983931,0,4.0,15.0,1.0,3.0,7.0,7.0,0.06666666666666667,0.25,0.10526315789473685,0.75,554.0,554.0,1701.7142857142858,1701.7142857142858,0.7679216090768438,0.7679216090768438,0.587642713230356,11912.0,hyperplane_gauss,23788,6,0.43893022211268545,0.23607594575732946,4,real,incremental,719,0.12901849541552124,0.5677302548040947,True,medium,fast,real/incremental/K=4/recurring/medium/fast/partial/balanced/noisy,0.0,-0.0
scn-43812f37c3ec,490741115,HDDM_A,0.7342899771809724,0.07073730799993427,0,4.0,1.0,0.0,4.0,1.0,0.0,0.0,0.0,0.0,1.0,,,11912.0,11912.0,,,0.08394895903290799,11912.0,hyperplane_gauss,23788,6,0.43893022211268545,0.23607594575732946,4,real,incremental,719,0.12901849541552124,0.5677302548040947,True,medium,fast,real/incremental/K=4/recurring/medium/fast/partial/balanced/noisy,0.0,-0.0
scn-43812f37c3ec,490741115,HDDM_W,0.7342899771809724,0.07838858099967183,0,4.0,6.0,2.0,2.0,4.0,0.0,0.3333333333333333,0.5,0.4,0.5,938.5,938.5,2978.0,2978.0,1.5865743207245604,1.5865743207245604,0.33579583613163194,11912.0,hyperplane_gauss,23788,6,0.43893022211268545,0.23607594575732946,4,real,incremental,719,0.12901849541552124,0.5677302548040947,True,medium,fast,real/incremental/K=4/recurring/medium/fast/partial/balanced/noisy,0.0,-0.0
scn-43812f37c3ec,490741115,FHDDM,0.7342899771809724,0.021436379000078887,0,4.0,3.0,3.0,1.0,0.0,0.0,1.0,0.75,0.8571428571428571,0.25,444.6666666666667,455.0,inf,11912.0,inf,20.091454272863565,0.0,11912.0,hyperplane_gauss,23788,6,0.43893022211268545,0.23607594575732946,4,real,incremental,719,0.12901849541552124,0.5677302548040947,True,medium,fast,real/incremental/K=4/recurring/medium/fast/partial/balanced/noisy,0.0,-0.0
scn-43812f37c3ec,490741115,NoDrift,0.7342899771809724,0.013869068000076368,0,4.0,0.0,0.0,4.0,0.0,0.0,,0.0,0.0,1.0,,,inf,11912.0,,,0.0,11912.0,hyperplane_gauss,23788,6,0.43893022211268545,0.23607594575732946,4,real,incremental,719,0.12901849541552124,0.5677302548040947,True,medium,fast,real/incremental/K=4/recurring/medium/fast/partial/balanced/noisy,0.0,-0.0
scn-43812f37c3ec,490741115,Periodic(2000),0.7342899771809724,0.014433822000228247,0,4.0,11.0,4.0,0.0,6.0,1.0,0.36363636363636365,1.0,0.5333333333333333,0.0,965.5,965.5,1985.3333333333333,1985.3333333333333,2.05627481443121,2.05627481443121,0.503693754197448,11912.0,hyperplane_gauss,23788,6,0.43893022211268545,0.23607594575732946,4,real,incremental,719,0.12901849541552124,0.5677302548040947,True,medium,fast,real/incremental/K=4/recurring/medium/fast/partial/balanced/noisy,0.0,-0.0
scn-43812f37c3ec,490741115,Oracle,0.7342899771809724,0.014772507999623485,0,4.0,4.0,4.0,0.0,0.0,0.0,1.0,1.0,1.0,0.0,360.0,360.0,inf,11912.0,inf,33.08888888888889,0.0,11912.0,hyperplane_gauss,23788,6,0.43893022211268545,0.23607594575732946,4,real,incremental,719,0.12901849541552124,0.5677302548040947,True,medium,fast,real/incremental/K=4/recurring/medium/fast/partial/balanced/noisy,0.0,-0.0
scn-61207ddfc880,1901525899,ADWIN,0.8277475971583786,0.01978330400015693,0,5.0,0.0,0.0,5.0,0.0,0.0,,0.0,0.0,1.0,,,inf,1965.0,,,0.0,1965.0,hyperplane_gauss,12965,21,0.12075238898396493,0.11353302877396344,5,virtual,sudden,0,0.14811901092529295,0.3707248263061047,True,medium,abrupt,virtual/sudden/K=5/recurring/medium/abrupt/partial/imbalanced/noisy,0.0,-0.0
scn-61207ddfc880,1901525899,PageHinkley,0.8277475971583786,0.022394684000119014,0,5.0,0.0,0.0,5.0,0.0,0.0,,0.0,0.0,1.0,,,inf,1965.0,,,0.0,1965.0,hyperplane_gauss,12965,21,0.12075238898396493,0.11353302877396344,5,virtual,sudden,0,0.14811901092529295,0.3707248263061047,True,medium,abrupt,virtual/sudden/K=5/recurring/medium/abrupt/partial/imbalanced/noisy,0.0,-0.0
scn-61207ddfc880,1901525899,PageHinkley-up,0.8277475971583786,0.02245342200012601,0,5.0,0.0,0.0,5.0,0.0,0.0,,0.0,0.0,1.0,,,inf,1965.0,,,0.0,1965.0,hyperplane_gauss,12965,21,0.12075238898396493,0.11353302877396344,5,virtual,sudden,0,0.14811901092529295,0.3707248263061047,True,medium,abrupt,virtual/sudden/K=5/recurring/medium/abrupt/partial/imbalanced/noisy,0.0,-0.0
scn-61207ddfc880,1901525899,DDM,0.8277475971583786,0.022305255999981455,0,5.0,0.0,0.0,5.0,0.0,0.0,,0.0,0.0,1.0,,,inf,1965.0,,,0.0,1965.0,hyperplane_gauss,12965,21,0.12075238898396493,0.11353302877396344,5,virtual,sudden,0,0.14811901092529295,0.3707248263061047,True,medium,abrupt,virtual/sudden/K=5/recurring/medium/abrupt/partial/imbalanced/noisy,0.0,-0.0
scn-61207ddfc880,1901525899,EDDM,0.8277475971583786,0.020183968999845092,0,5.0,29.0,4.0,1.0,2.0,23.0,0.13793103448275862,0.8,0.2352941176470588,0.19999999999999996,165.25,123.0,982.5,982.5,4.75642965204236,4.75642965204236,1.0178117048346056,1965.0,hyperplane_gauss,12965,21,0.12075238898396493,0.11353302877396344,5,virtual,sudden,0,0.14811901092529295,0.3707248263061047,True,medium,abrupt,virtual/sudden/K=5/recurring/medium/abrupt/partial/imbalanced/noisy,0.0,-0.0
scn-61207ddfc880,1901525899,HDDM_A,0.8277475971583786,0.0481535270000677,0,5.0,0.0,0.0,5.0,0.0,0.0,,0.0,0.0,1.0,,,inf,1965.0,,,0.0,1965.0,hyperplane_gauss,12965,21,0.12075238898396493,0.11353302877396344,5,virtual,sudden,0,0.14811901092529295,0.3707248263061047,True,medium,abrupt,virtual/sudden/K=5/recurring/medium/abrupt/partial/imbalanced/noisy,0.0,-0.0
scn-61207ddfc880,1901525899,HDDM_W,0.8277475971583786,0.04795184299973698,0,5.0,0.0,0.0,5.0,0.0,0.0,,0.0,0.0,1.0,,,inf,1965.0,,,0.0,1965.0,hyperplane_gauss,12965,21,0.12075238898396493,0.11353302877396344,5,virtual,sudden,0,0.14811901092529295,0.3707248263061047,True,medium,abrupt,virtual/sudden/K=5/recurring/medium/abrupt/partial/imbalanced/noisy,0.0,-0.0
scn-61207ddfc880,1901525899,FHDDM,0.8277475971583786,0.020812497999941115,0,5.0,0.0,0.0,5.0,0.0,0.0,,0.0,0.0,1.0,,,inf,1965.0,,,0.0,1965.0,hyperplane_gauss,12965,21,0.12075238898396493,0.11353302877396344,5,virtual,sudden,0,0.14811901092529295,0.3707248263061047,True,medium,abrupt,virtual/sudden/K=5/recurring/medium/abrupt/partial/imbalanced/noisy,0.0,-0.0
scn-61207ddfc880,1901525899,NoDrift,0.8277475971583786,0.017122868000114977,0,5.0,0.0,0.0,5.0,0.0,0.0,,0.0,0.0,1.0,,,inf,1965.0,,,0.0,1965.0,hyperplane_gauss,12965,21,0.12075238898396493,0.11353302877396344,5,virtual,sudden,0,0.14811901092529295,0.3707248263061047,True,medium,abrupt,virtual/sudden/K=5/recurring/medium/abrupt/partial/imbalanced/noisy,0.0,-0.0
scn-61207ddfc880,1901525899,Periodic(2000),0.8277475971583786,0.017028191999997944,0,5.0,5.0,5.0,0.0,0.0,0.0,1.0,1.0,1.0,0.0,1018.0,1018.0,inf,1965.0,inf,1.9302554027504912,0.0,1965.0,hyperplane_gauss,12965,21,0.12075238898396493,0.11353302877396344,5,virtual,sudden,0,0.14811901092529295,0.3707248263061047,True,medium,abrupt,virtual/sudden/K=5/recurring/medium/abrupt/partial/imbalanced/noisy,0.0,-0.0
scn-61207ddfc880,1901525899,Oracle,0.8277475971583786,0.01939745399977255,0,5.0,5.0,5.0,0.0,0.0,0.0,1.0,1.0,1.0,0.0,1.0,1.0,inf,1965.0,inf,1965.0,0.0,1965.0,hyperplane_gauss,12965,21,0.12075238898396493,0.11353302877396344,5,virtual,sudden,0,0.14811901092529295,0.3707248263061047,True,medium,abrupt,virtual/sudden/K=5/recurring/medium/abrupt/partial/imbalanced/noisy,0.0,-0.0
scn-61207ddfc880,1901525900,ADWIN,0.8220643543669035,0.020392473000356404,0,5.0,0.0,0.0,5.0,0.0,0.0,,0.0,0.0,1.0,,,inf,1965.0,,,0.0,1965.0,hyperplane_gauss,12965,21,0.12075238898396493,0.11353302877396344,5,virtual,sudden,0,0.14811901092529295,0.3707248263061047,True,medium,abrupt,virtual/sudden/K=5/recurring/medium/abrupt/partial/imbalanced/noisy,0.0,-0.0
scn-61207ddfc880,1901525900,PageHinkley,0.8220643543669035,0.023123737999867444,0,5.0,0.0,0.0,5.0,0.0,0.0,,0.0,0.0,1.0,,,inf,1965.0,,,0.0,1965.0,hyperplane_gauss,12965,21,0.12075238898396493,0.11353302877396344,5,virtual,sudden,0,0.14811901092529295,0.3707248263061047,True,medium,abrupt,virtual/sudden/K=5/recurring/medium/abrupt/partial/imbalanced/noisy,0.0,-0.0
scn-61207ddfc880,1901525900,PageHinkley-up,0.8220643543669035,0.023034721999920293,0,5.0,0.0,0.0,5.0,0.0,0.0,,0.0,0.0,1.0,,,inf,1965.0,,,0.0,1965.0,hyperplane_gauss,12965,21,0.12075238898396493,0.11353302877396344,5,virtual,sudden,0,0.14811901092529295,0.3707248263061047,True,medium,abrupt,virtual/sudden/K=5/recurring/medium/abrupt/partial/imbalanced/noisy,0.0,-0.0
scn-61207ddfc880,1901525900,DDM,0.8220643543669035,0.024381664999964414,0,5.0,0.0,0.0,5.0,0.0,0.0,,0.0,0.0,1.0,,,inf,1965.0,,,0.0,1965.0,hyperplane_gauss,12965,21,0.12075238898396493,0.11353302877396344,5,virtual,sudden,0,0.14811901092529295,0.3707248263061047,True,medium,abrupt,virtual/sudden/K=5/recurring/medium/abrupt/partial/imbalanced/noisy,0.0,-0.0
scn-61207ddfc880,1901525900,EDDM,0.8220643543669035,0.02085682999995697,0,5.0,23.0,3.0,2.0,4.0,16.0,0.13043478260869565,0.6,0.21428571428571427,0.4,533.0,140.0,491.25,491.25,0.5530018761726079,0.5530018761726079,2.035623409669211,1965.0,hyperplane_gauss,12965,21,0.12075238898396493,0.11353302877396344,5,virtual,sudden,0,0.14811901092529295,0.3707248263061047,True,medium,abrupt,virtual/sudden/K=5/recurring/medium/abrupt/partial/imbalanced/noisy,0.0,-0.0
scn-61207ddfc880,1901525900,HDDM_A,0.8220643543669035,0.049374347000139096,0,5.0,0.0,0.0,5.0,0.0,0.0,,0.0,0.0,1.0,,,inf,1965.0,,,0.0,1965.0,hyperplane_gauss,12965,21,0.12075238898396493,0.11353302877396344,5,virtual,sudden,0,0.14811901092529295,0.3707248263061047,True,medium,abrupt,virtual/sudden/K=5/recurring/medium/abrupt/partial/imbalanced/noisy,0.0,-0.0
scn-61207ddfc880,1901525900,HDDM_W,0.8220643543669035,0.04739011199990273,0,5.0,0.0,0.0,5.0,0.0,0.0,,0.0,0.0,1.0,,,inf,1965.0,,,0.0,1965.0,hyperplane_gauss,12965,21,0.12075238898396493,0.11353302877396344,5,virtual,sudden,0,0.14811901092529295,0.3707248263061047,True,medium,abrupt,virtual/sudden/K=5/recurring/medium/abrupt/partial/imbalanced/noisy,0.0,-0.0
scn-61207ddfc880,1901525900,FHDDM,0.8220643543669035,0.020937203999892517,0,5.0,0.0,0.0,5.0,0.0,0.0,,0.0,0.0,1.0,,,inf,1965.0,,,0.0,1965.0,hyperplane_gauss,12965,21,0.12075238898396493,0.11353302877396344,5,virtual,sudden,0,0.14811901092529295,0.3707248263061047,True,medium,abrupt,virtual/sudden/K=5/recurring/medium/abrupt/partial/imbalanced/noisy,0.0,-0.0
scn-61207ddfc880,1901525900,NoDrift,0.8220643543669035,0.017128710000179126,0,5.0,0.0,0.0,5.0,0.0,0.0,,0.0,0.0,1.0,,,inf,1965.0,,,0.0,1965.0,hyperplane_gauss,12965,21,0.12075238898396493,0.11353302877396344,5,virtual,sudden,0,0.14811901092529295,0.3707248263061047,True,medium,abrupt,virtual/sudden/K=5/recurring/medium/abrupt/partial/imbalanced/noisy,0.0,-0.0
scn-61207ddfc880,1901525900,Periodic(2000),0.8220643543669035,0.017537591999825963,0,5.0,5.0,5.0,0.0,0.0,0.0,1.0,1.0,1.0,0.0,1018.0,1018.0,inf,1965.0,inf,1.9302554027504912,0.0,1965.0,hyperplane_gauss,12965,21,0.12075238898396493,0.11353302877396344,5,virtual,sudden,0,0.14811901092529295,0.3707248263061047,True,medium,abrupt,virtual/sudden/K=5/recurring/medium/abrupt/partial/imbalanced/noisy,0.0,-0.0
scn-61207ddfc880,1901525900,Oracle,0.8220643543669035,0.017691473000013502,0,5.0,5.0,5.0,0.0,0.0,0.0,1.0,1.0,1.0,0.0,1.0,1.0,inf,1965.0,inf,1965.0,0.0,1965.0,hyperplane_gauss,12965,21,0.12075238898396493,0.11353302877396344,5,virtual,sudden,0,0.14811901092529295,0.3707248263061047,True,medium,abrupt,virtual/sudden/K=5/recurring/medium/abrupt/partial/imbalanced/noisy,0.0,-0.0
scn-61207ddfc880,1901525901,ADWIN,0.8210614291684079,0.020215344999996887,0,5.0,0.0,0.0,5.0,0.0,0.0,,0.0,0.0,1.0,,,inf,1965.0,,,0.0,1965.0,hyperplane_gauss,12965,21,0.12075238898396493,0.11353302877396344,5,virtual,sudden,0,0.14811901092529295,0.3707248263061047,True,medium,abrupt,virtual/sudden/K=5/recurring/medium/abrupt/partial/imbalanced/noisy,0.0,-0.0
scn-61207ddfc880,1901525901,PageHinkley,0.8210614291684079,0.022815386000274884,0,5.0,0.0,0.0,5.0,0.0,0.0,,0.0,0.0,1.0,,,inf,1965.0,,,0.0,1965.0,hyperplane_gauss,12965,21,0.12075238898396493,0.11353302877396344,5,virtual,sudden,0,0.14811901092529295,0.3707248263061047,True,medium,abrupt,virtual/sudden/K=5/recurring/medium/abrupt/partial/imbalanced/noisy,0.0,-0.0
scn-61207ddfc880,1901525901,PageHinkley-up,0.8210614291684079,0.023055596000176592,0,5.0,0.0,0.0,5.0,0.0,0.0,,0.0,0.0,1.0,,,inf,1965.0,,,0.0,1965.0,hyperplane_gauss,12965,21,0.12075238898396493,0.11353302877396344,5,virtual,sudden,0,0.14811901092529295,0.3707248263061047,True,medium,abrupt,virtual/sudden/K=5/recurring/medium/abrupt/partial/imbalanced/noisy,0.0,-0.0
scn-61207ddfc880,1901525901,DDM,0.8210614291684079,0.022630282000136503,0,5.0,1.0,1.0,4.0,0.0,0.0,1.0,0.2,0.33333333333333337,0.8,50.0,50.0,inf,1965.0,inf,7.859999999999998,0.0,1965.0,hyperplane_gauss,12965,21,0.12075238898396493,0.11353302877396344,5,virtual,sudden,0,0.14811901092529295,0.3707248263061047,True,medium,abrupt,virtual/sudden/K=5/recurring/medium/abrupt/partial/imbalanced/noisy,0.0,-0.0
scn-61207ddfc880,1901525901,EDDM,0.8210614291684079,0.020501054999840562,0,5.0,15.0,2.0,3.0,3.0,10.0,0.13333333333333333,0.4,0.2,0.6,122.0,122.0,655.0,655.0,2.1475409836065573,2.1475409836065573,1.5267175572519085,1965.0,hyperplane_gauss,12965,21,0.12075238898396493,0.11353302877396344,5,virtual,sudden,0,0.14811901092529295,0.3707248263061047,True,medium,abrupt,virtual/sudden/K=5/recurring/medium/abrupt/partial/imbalanced/noisy,0.0,-0.0
scn-61207ddfc880,1901525901,HDDM_A,0.8210614291684079,0.04915202700021837,0,5.0,0.0,0.0,5.0,0.0,0.0,,0.0,0.0,1.0,,,inf,1965.0,,,0.0,1965.0,hyperplane_gauss,12965,21,0.12075238898396493,0.11353302877396344,5,virtual,sudden,0,0.14811901092529295,0.3707248263061047,True,medium,abrupt,virtual/sudden/K=5/recurring/medium/abrupt/partial/imbalanced/noisy,0.0,-0.0
scn-61207ddfc880,1901525901,HDDM_W,0.8210614291684079,0.04760586299971692,0,5.0,0.0,0.0,5.0,0.0,0.0,,0.0,0.0,1.0,,,inf,1965.0,,,0.0,1965.0,hyperplane_gauss,12965,21,0.12075238898396493,0.11353302877396344,5,virtual,sudden,0,0.14811901092529295,0.3707248263061047,True,medium,abrupt,virtual/sudden/K=5/recurring/medium/abrupt/partial/imbalanced/noisy,0.0,-0.0
scn-61207ddfc880,1901525901,FHDDM,0.8210614291684079,0.020949836999989202,0,5.0,0.0,0.0,5.0,0.0,0.0,,0.0,0.0,1.0,,,inf,1965.0,,,0.0,1965.0,hyperplane_gauss,12965,21,0.12075238898396493,0.11353302877396344,5,virtual,sudden,0,0.14811901092529295,0.3707248263061047,True,medium,abrupt,virtual/sudden/K=5/recurring/medium/abrupt/partial/imbalanced/noisy,0.0,-0.0
scn-61207ddfc880,1901525901,NoDrift,0.8210614291684079,0.01761948900002608,0,5.0,0.0,0.0,5.0,0.0,0.0,,0.0,0.0,1.0,,,inf,1965.0,,,0.0,1965.0,hyperplane_gauss,12965,21,0.12075238898396493,0.11353302877396344,5,virtual,sudden,0,0.14811901092529295,0.3707248263061047,True,medium,abrupt,virtual/sudden/K=5/recurring/medium/abrupt/partial/imbalanced/noisy,0.0,-0.0
scn-61207ddfc880,1901525901,Periodic(2000),0.8210614291684079,0.01785774500012849,0,5.0,5.0,5.0,0.0,0.0,0.0,1.0,1.0,1.0,0.0,1018.0,1018.0,inf,1965.0,inf,1.9302554027504912,0.0,1965.0,hyperplane_gauss,12965,21,0.12075238898396493,0.11353302877396344,5,virtual,sudden,0,0.14811901092529295,0.3707248263061047,True,medium,abrupt,virtual/sudden/K=5/recurring/medium/abrupt/partial/imbalanced/noisy,0.0,-0.0
scn-61207ddfc880,1901525901,Oracle,0.8210614291684079,0.018283376999988832,0,5.0,5.0,5.0,0.0,0.0,0.0,1.0,1.0,1.0,0.0,1.0,1.0,inf,1965.0,inf,1965.0,0.0,1965.0,hyperplane_gauss,12965,21,0.12075238898396493,0.11353302877396344,5,virtual,sudden,0,0.14811901092529295,0.3707248263061047,True,medium,abrupt,virtual/sudden/K=5/recurring/medium/abrupt/partial/imbalanced/noisy,0.0,-0.0
scn-1bdc302b8c65,1606523163,ADWIN,0.8014595359982573,0.03115193299981911,0,3.0,3.0,1.0,2.0,2.0,0.0,0.3333333333333333,0.3333333333333333,0.3333333333333333,0.6666666666666667,597.0,597.0,19793.5,19793.5,11.051647124511442,11.051647124511442,0.050521635890570134,39587.0,hyperplane_gauss,46905,3,0.2829050810076296,0.16175465052947402,3,prior,incremental,106,0.4636347532272339,1.0,False,high,fast,prior/incremental/K=3/high/fast/n/a/imbalanced/noisy,0.0,-0.0
scn-1bdc302b8c65,1606523163,PageHinkley,0.8014595359982573,0.042800194999927044,0,3.0,6.0,2.0,1.0,4.0,0.0,0.3333333333333333,0.6666666666666666,0.4444444444444444,0.33333333333333337,1219.5,1219.5,9896.75,9896.75,5.410277436107695,5.410277436107695,0.10104327178114027,39587.0,hyperplane_gauss,46905,3,0.2829050810076296,0.16175465052947402,3,prior,incremental,106,0.4636347532272339,1.0,False,high,fast,prior/incremental/K=3/high/fast/n/a/imbalanced/noisy,0.0,-0.0
scn-1bdc302b8c65,1606523163,PageHinkley-up,0.8014595359982573,0.04218622799999139,0,3.0,2.0,1.0,2.0,1.0,0.0,0.5,0.3333333333333333,0.4,0.6666666666666667,624.0,624.0,39587.0,39587.0,21.146901709401707,21.146901709401707,0.025260817945285067,39587.0,hyperplane_gauss,46905,3,0.2829050810076296,0.16175465052947402,3,prior,incremental,106,0.4636347532272339,1.0,False,high,fast,prior/incremental/K=3/high/fast/n/a/imbalanced/noisy,0.0,-0.0
scn-1bdc302b8c65,1606523163,DDM,0.8014595359982573,0.04129108400002224,0,3.0,1.0,1.0,2.0,0.0,0.0,1.0,0.3333333333333333,0.5,0.6666666666666667,2043.0,2043.0,inf,39587.0,inf,6.458965573503017,0.0,39587.0,hyperplane_gauss,46905,3,0.2829050810076296,0.16175465052947402,3,prior,incremental,106,0.4636347532272339,1.0,False,high,fast,prior/incremental/K=3/high/fast/n/a/imbalanced/noisy,0.0,-0.0
scn-1bdc302b8c65,1606523163,EDDM,0.8014595359982573,0.0360520929998529,0,3.0,32.0,0.0,3.0,32.0,0.0,0.0,0.0,0.0,1.0,,,1237.09375,1237.09375,,,0.8083461742491221,39587.0,hyperplane_gauss,46905,3,0.2829050810076296,0.16175465052947402,3,prior,incremental,106,0.4636347532272339,1.0,False,high,fast,prior/incremental/K=3/high/fast/n/a/imbalanced/noisy,0.0,-0.0
scn-1bdc302b8c65,1606523163,HDDM_A,0.8014595359982573,0.15239079899993158,0,3.0,2.0,1.0,2.0,1.0,0.0,0.5,0.3333333333333333,0.4,0.6666666666666667,658.0,658.0,39587.0,39587.0,20.054204660587633,20.054204660587633,0.025260817945285067,39587.0,hyperplane_gauss,46905,3,0.2829050810076296,0.16175465052947402,3,prior,incremental,106,0.4636347532272339,1.0,False,high,fast,prior/incremental/K=3/high/fast/n/a/imbalanced/noisy,0.0,-0.0
scn-1bdc302b8c65,1606523163,HDDM_W,0.8014595359982573,0.14379303299983803,0,3.0,5.0,1.0,2.0,4.0,0.0,0.2,0.3333333333333333,0.25,0.6666666666666667,1156.0,1156.0,9896.75,9896.75,2.8537341407151087,2.8537341407151087,0.10104327178114027,39587.0,hyperplane_gauss,46905,3,0.2829050810076296,0.16175465052947402,3,prior,incremental,106,0.4636347532272339,1.0,False,high,fast,prior/incremental/K=3/high/fast/n/a/imbalanced/noisy,0.0,-0.0
scn-1bdc302b8c65,1606523163,FHDDM,0.8014595359982573,0.06469324799991227,0,3.0,3.0,1.0,2.0,2.0,0.0,0.3333333333333333,0.3333333333333333,0.3333333333333333,0.6666666666666667,214.0,214.0,19793.5,19793.5,30.830996884735196,30.830996884735196,0.050521635890570134,39587.0,hyperplane_gauss,46905,3,0.2829050810076296,0.16175465052947402,3,prior,incremental,106,0.4636347532272339,1.0,False,high,fast,prior/incremental/K=3/high/fast/n/a/imbalanced/noisy,0.0,-0.0
scn-1bdc302b8c65,1606523163,NoDrift,0.8014595359982573,0.020870871000170155,0,3.0,0.0,0.0,3.0,0.0,0.0,,0.0,0.0,1.0,,,inf,39587.0,,,0.0,39587.0,hyperplane_gauss,46905,3,0.2829050810076296,0.16175465052947402,3,prior,incremental,106,0.4636347532272339,1.0,False,high,fast,prior/incremental/K=3/high/fast/n/a/imbalanced/noisy,0.0,-0.0
scn-1bdc302b8c65,1606523163,Periodic(2000),0.8014595359982573,0.021869120999781444,0,3.0,22.0,3.0,0.0,18.0,1.0,0.13636363636363635,1.0,0.24000000000000002,0.0,767.6666666666666,799.0,2199.277777777778,2199.277777777778,2.8648863800839486,2.8648863800839486,0.45469472301513125,39587.0,hyperplane_gauss,46905,3,0.2829050810076296,0.16175465052947402,3,prior,incremental,106,0.4636347532272339,1.0,False,high,fast,prior/incremental/K=3/high/fast/n/a/imbalanced/noisy,0.0,-0.0
scn-1bdc302b8c65,1606523163,Oracle,0.8014595359982573,0.022542355000041425,0,3.0,3.0,3.0,0.0,0.0,0.0,1.0,1.0,1.0,0.0,54.0,54.0,inf,39587.0,inf,733.0925925925926,0.0,39587.0,hyperplane_gauss,46905,3,0.2829050810076296,0.16175465052947402,3,prior,incremental,106,0.4636347532272339,1.0,False,high,fast,prior/incremental/K=3/high/fast/n/a/imbalanced/noisy,0.0,-0.0
scn-1bdc302b8c65,1606523164,ADWIN,0.8005881712231783,0.030984697000349115,0,3.0,2.0,2.0,1.0,0.0,0.0,1.0,0.6666666666666666,0.8,0.33333333333333337,1170.0,1170.0,inf,39587.0,inf,22.556695156695156,0.0,39587.0,hyperplane_gauss,46905,3,0.2829050810076296,0.16175465052947402,3,prior,incremental,106,0.4636347532272339,1.0,False,high,fast,prior/incremental/K=3/high/fast/n/a/imbalanced/noisy,0.0,-0.0
scn-1bdc302b8c65,1606523164,PageHinkley,0.8005881712231783,0.044996538999839686,0,3.0,6.0,2.0,1.0,4.0,0.0,0.3333333333333333,0.6666666666666666,0.4444444444444444,0.33333333333333337,760.0,760.0,9896.75,9896.75,8.681359649122808,8.681359649122808,0.10104327178114027,39587.0,hyperplane_gauss,46905,3,0.2829050810076296,0.16175465052947402,3,prior,incremental,106,0.4636347532272339,1.0,False,high,fast,prior/incremental/K=3/high/fast/n/a/imbalanced/noisy,0.0,-0.0
scn-1bdc302b8c65,1606523164,PageHinkley-up,0.8005881712231783,0.04405461900023511,0,3.0,2.0,1.0,2.0,1.0,0.0,0.5,0.3333333333333333,0.4,0.6666666666666667,336.0,336.0,39587.0,39587.0,39.27281746031745,39.27281746031745,0.025260817945285067,39587.0,hyperplane_gauss,46905,3,0.2829050810076296,0.16175465052947402,3,prior,incremental,106,0.4636347532272339,1.0,False,high,fast,prior/incremental/K=3/high/fast/n/a/imbalanced/noisy,0.0,-0.0
scn-1bdc302b8c65,1606523164,DDM,0.8005881712231783,0.04157764399997177,0,3.0,1.0,0.0,3.0,1.0,0.0,0.0,0.0,0.0,1.0,,,39587.0,39587.0,,,0.025260817945285067,39587.0,hyperplane_gauss,46905,3,0.2829050810076296,0.16175465052947402,3,prior,incremental,106,0.4636347532272339,1.0,False,high,fast,prior/incremental/K=3/high/fast/n/a/imbalanced/noisy,0.0,-0.0
scn-1bdc302b8c65,1606523164,EDDM,0.8005881712231783,0.034562464999908116,0,3.0,6.0,0.0,3.0,6.0,0.0,0.0,0.0,0.0,1.0,,,6597.833333333333,6597.833333333333,,,0.1515649076717104,39587.0,hyperplane_gauss,46905,3,0.2829050810076296,0.16175465052947402,3,prior,incremental,106,0.4636347532272339,1.0,False,high,fast,prior/incremental/K=3/high/fast/n/a/imbalanced/noisy,0.0,-0.0
scn-1bdc302b8c65,1606523164,HDDM_A,0.8005881712231783,0.14132424099989294,0,3.0,1.0,1.0,2.0,0.0,0.0,1.0,0.3333333333333333,0.5,0.6666666666666667,2096.0,2096.0,inf,39587.0,inf,6.295642493638675,0.0,39587.0,hyperplane_gauss,46905,3,0.2829050810076296,0.16175465052947402,3,prior,incremental,106,0.4636347532272339,1.0,False,high,fast,prior/incremental/K=3/high/fast/n/a/imbalanced/noisy,0.0,-0.0
scn-1bdc302b8c65,1606523164,HDDM_W,0.8005881712231783,0.13662485999975615,0,3.0,4.0,2.0,1.0,2.0,0.0,0.5,0.6666666666666666,0.5714285714285715,0.33333333333333337,661.0,661.0,19793.5,19793.5,19.96318709026727,19.96318709026727,0.050521635890570134,39587.0,hyperplane_gauss,46905,3,0.2829050810076296,0.16175465052947402,3,prior,incremental,106,0.4636347532272339,1.0,False,high,fast,prior/incremental/K=3/high/fast/n/a/imbalanced/noisy,0.0,-0.0
scn-1bdc302b8c65,1606523164,FHDDM,0.8005881712231783,0.035842004000187444,0,3.0,1.0,1.0,2.0,0.0,0.0,1.0,0.3333333333333333,0.5,0.6666666666666667,532.0,532.0,inf,39587.0,inf,24.803884711779446,0.0,39587.0,hyperplane_gauss,46905,3,0.2829050810076296,0.16175465052947402,3,prior,incremental,106,0.4636347532272339,1.0,False,high,fast,prior/incremental/K=3/high/fast/n/a/imbalanced/noisy,0.0,-0.0
scn-1bdc302b8c65,1606523164,NoDrift,0.8005881712231783,0.02071576800017283,0,3.0,0.0,0.0,3.0,0.0,0.0,,0.0,0.0,1.0,,,inf,39587.0,,,0.0,39587.0,hyperplane_gauss,46905,3,0.2829050810076296,0.16175465052947402,3,prior,incremental,106,0.4636347532272339,1.0,False,high,fast,prior/incremental/K=3/high/fast/n/a/imbalanced/noisy,0.0,-0.0
scn-1bdc302b8c65,1606523164,Periodic(2000),0.8005881712231783,0.022426447999805532,0,3.0,22.0,3.0,0.0,18.0,1.0,0.13636363636363635,1.0,0.24000000000000002,0.0,767.6666666666666,799.0,2199.277777777778,2199.277777777778,2.8648863800839486,2.8648863800839486,0.45469472301513125,39587.0,hyperplane_gauss,46905,3,0.2829050810076296,0.16175465052947402,3,prior,incremental,106,0.4636347532272339,1.0,False,high,fast,prior/incremental/K=3/high/fast/n/a/imbalanced/noisy,0.0,-0.0
scn-1bdc302b8c65,1606523164,Oracle,0.8005881712231783,0.022360518999903434,0,3.0,3.0,3.0,0.0,0.0,0.0,1.0,1.0,1.0,0.0,54.0,54.0,inf,39587.0,inf,733.0925925925926,0.0,39587.0,hyperplane_gauss,46905,3,0.2829050810076296,0.16175465052947402,3,prior,incremental,106,0.4636347532272339,1.0,False,high,fast,prior/incremental/K=3/high/fast/n/a/imbalanced/noisy,0.0,-0.0
scn-1bdc302b8c65,1606523165,ADWIN,0.8022655484152054,0.03150168299998768,0,3.0,2.0,2.0,1.0,0.0,0.0,1.0,0.6666666666666666,0.8,0.33333333333333337,578.0,578.0,inf,39587.0,inf,45.659746251441746,0.0,39587.0,hyperplane_gauss,46905,3,0.2829050810076296,0.16175465052947402,3,prior,incremental,106,0.4636347532272339,1.0,False,high,fast,prior/incremental/K=3/high/fast/n/a/imbalanced/noisy,0.0,-0.0
scn-1bdc302b8c65,1606523165,PageHinkley,0.8022655484152054,0.04404150099981052,0,3.0,4.0,1.0,2.0,3.0,0.0,0.25,0.3333333333333333,0.28571428571428575,0.6666666666666667,814.0,814.0,13195.666666666666,13195.666666666666,5.403630903630902,5.403630903630902,0.0757824538358552,39587.0,hyperplane_gauss,46905,3,0.2829050810076296,0.16175465052947402,3,prior,incremental,106,0.4636347532272339,1.0,False,high,fast,prior/incremental/K=3/high/fast/n/a/imbalanced/noisy,0.0,-0.0
scn-1bdc302b8c65,1606523165,PageHinkley-up,0.8022655484152054,0.04413828899987493,0,3.0,1.0,0.0,3.0,1.0,0.0,0.0,0.0,0.0,1.0,,,39587.0,39587.0,,,0.025260817945285067,39587.0,hyperplane_gauss,46905,3,0.2829050810076296,0.16175465052947402,3,prior,incremental,106,0.4636347532272339,1.0,False,high,fast,prior/incremental/K=3/high/fast/n/a/imbalanced/noisy,0.0,-0.0
scn-1bdc302b8c65,1606523165,DDM,0.8022655484152054,0.042011747999822546,0,3.0,0.0,0.0,3.0,0.0,0.0,,0.0,0.0,1.0,,,inf,39587.0,,,0.0,39587.0,hyperplane_gauss,46905,3,0.2829050810076296,0.16175465052947402,3,prior,incremental,106,0.4636347532272339,1.0,False,high,fast,prior/incremental/K=3/high/fast/n/a/imbalanced/noisy,0.0,-0.0
scn-1bdc302b8c65,1606523165,EDDM,0.8022655484152054,0.035295377999773336,0,3.0,23.0,0.0,3.0,23.0,0.0,0.0,0.0,0.0,1.0,,,1721.1739130434783,1721.1739130434783,,,0.5809988127415566,39587.0,hyperplane_gauss,46905,3,0.2829050810076296,0.16175465052947402,3,prior,incremental,106,0.4636347532272339,1.0,False,high,fast,prior/incremental/K=3/high/fast/n/a/imbalanced/noisy,0.0,-0.0
scn-1bdc302b8c65,1606523165,HDDM_A,0.8022655484152054,0.14494864800008145,0,3.0,1.0,1.0,2.0,0.0,0.0,1.0,0.3333333333333333,0.5,0.6666666666666667,1469.0,1469.0,inf,39587.0,inf,8.982754708418422,0.0,39587.0,hyperplane_gauss,46905,3,0.2829050810076296,0.16175465052947402,3,prior,incremental,106,0.4636347532272339,1.0,False,high,fast,prior/incremental/K=3/high/fast/n/a/imbalanced/noisy,0.0,-0.0
scn-1bdc302b8c65,1606523165,HDDM_W,0.8022655484152054,0.13521143100024346,0,3.0,2.0,2.0,1.0,0.0,0.0,1.0,0.6666666666666666,0.8,0.33333333333333337,638.5,638.5,inf,39587.0,inf,41.33333333333333,0.0,39587.0,hyperplane_gauss,46905,3,0.2829050810076296,0.16175465052947402,3,prior,incremental,106,0.4636347532272339,1.0,False,high,fast,prior/incremental/K=3/high/fast/n/a/imbalanced/noisy,0.0,-0.0
scn-1bdc302b8c65,1606523165,FHDDM,0.8022655484152054,0.03580155700001342,0,3.0,3.0,1.0,2.0,2.0,0.0,0.3333333333333333,0.3333333333333333,0.3333333333333333,0.6666666666666667,267.0,267.0,19793.5,19793.5,24.71098626716604,24.71098626716604,0.050521635890570134,39587.0,hyperplane_gauss,46905,3,0.2829050810076296,0.16175465052947402,3,prior,incremental,106,0.4636347532272339,1.0,False,high,fast,prior/incremental/K=3/high/fast/n/a/imbalanced/noisy,0.0,-0.0
scn-1bdc302b8c65,1606523165,NoDrift,0.8022655484152054,0.021299372000157746,0,3.0,0.0,0.0,3.0,0.0,0.0,,0.0,0.0,1.0,,,inf,39587.0,,,0.0,39587.0,hyperplane_gauss,46905,3,0.2829050810076296,0.16175465052947402,3,prior,incremental,106,0.4636347532272339,1.0,False,high,fast,prior/incremental/K=3/high/fast/n/a/imbalanced/noisy,0.0,-0.0
scn-1bdc302b8c65,1606523165,Periodic(2000),0.8022655484152054,0.0220551410002372,0,3.0,22.0,3.0,0.0,18.0,1.0,0.13636363636363635,1.0,0.24000000000000002,0.0,767.6666666666666,799.0,2199.277777777778,2199.277777777778,2.8648863800839486,2.8648863800839486,0.45469472301513125,39587.0,hyperplane_gauss,46905,3,0.2829050810076296,0.16175465052947402,3,prior,incremental,106,0.4636347532272339,1.0,False,high,fast,prior/incremental/K=3/high/fast/n/a/imbalanced/noisy,0.0,-0.0
scn-1bdc302b8c65,1606523165,Oracle,0.8022655484152054,0.022499802999845997,0,3.0,3.0,3.0,0.0,0.0,0.0,1.0,1.0,1.0,0.0,54.0,54.0,inf,39587.0,inf,733.0925925925926,0.0,39587.0,hyperplane_gauss,46905,3,0.2829050810076296,0.16175465052947402,3,prior,incremental,106,0.4636347532272339,1.0,False,high,fast,prior/incremental/K=3/high/fast/n/a/imbalanced/noisy,0.0,-0.0
scn-25fd5eff76d4,1827857024,ADWIN,0.9108742766494626,0.06789210399983858,0,3.0,4.0,2.0,1.0,2.0,0.0,0.5,0.6666666666666666,0.5714285714285715,0.33333333333333337,3093.0,3093.0,15229.5,15229.5,3.2825735531846103,3.2825735531846103,0.0656620374930234,30459.0,hyperplane_gauss,45757,19,0.2069566320627928,0.03055975679308176,3,prior,gradual,2766,0.1896684782207012,1.0,True,medium,slow,prior/gradual/K=3/recurring/medium/slow/n/a/imbalanced/noisy,0.0,-0.0
scn-25fd5eff76d4,1827857024,PageHinkley,0.9108742766494626,0.07753494300004604,0,3.0,5.0,3.0,0.0,2.0,0.0,0.6,1.0,0.7499999999999999,0.0,2906.0,3045.0,15229.5,15229.5,5.240708878183069,5.240708878183069,0.0656620374930234,30459.0,hyperplane_gauss,45757,19,0.2069566320627928,0.03055975679308176,3,prior,gradual,2766,0.1896684782207012,1.0,True,medium,slow,prior/gradual/K=3/recurring/medium/slow/n/a/imbalanced/noisy,0.0,-0.0
scn-25fd5eff76d4,1827857024,PageHinkley-up,0.9108742766494626,0.07814256399979058,0,3.0,3.0,2.0,1.0,1.0,0.0,0.6666666666666666,0.6666666666666666,0.6666666666666666,0.33333333333333337,2999.5,2999.5,30459.0,30459.0,6.7697949658276375,6.7697949658276375,0.0328310187465117,30459.0,hyperplane_gauss,45757,19,0.2069566320627928,0.03055975679308176,3,prior,gradual,2766,0.1896684782207012,1.0,True,medium,slow,prior/gradual/K=3/recurring/medium/slow/n/a/imbalanced/noisy,0.0,-0.0
scn-25fd5eff76d4,1827857024,DDM,0.9108742766494626,0.0764255209996918,0,3.0,0.0,0.0,3.0,0.0,0.0,,0.0,0.0,1.0,,,inf,30459.0,,,0.0,30459.0,hyperplane_gauss,45757,19,0.2069566320627928,0.03055975679308176,3,prior,gradual,2766,0.1896684782207012,1.0,True,medium,slow,prior/gradual/K=3/recurring/medium/slow/n/a/imbalanced/noisy,0.0,-0.0
scn-25fd5eff76d4,1827857024,EDDM,0.9108742766494626,0.06739190100006454,0,3.0,29.0,1.0,2.0,16.0,12.0,0.034482758620689655,0.3333333333333333,0.0625,0.6666666666666667,74.0,74.0,1903.6875,1903.6875,8.575168918918918,8.575168918918918,0.5252962999441873,30459.0,hyperplane_gauss,45757,19,0.2069566320627928,0.03055975679308176,3,prior,gradual,2766,0.1896684782207012,1.0,True,medium,slow,prior/gradual/K=3/recurring/medium/slow/n/a/imbalanced/noisy,0.0,-0.0
scn-25fd5eff76d4,1827857024,HDDM_A,0.9108742766494626,0.218855970000277,0,3.0,0.0,0.0,3.0,0.0,0.0,,0.0,0.0,1.0,,,inf,30459.0,,,0.0,30459.0,hyperplane_gauss,45757,19,0.2069566320627928,0.03055975679308176,3,prior,gradual,2766,0.1896684782207012,1.0,True,medium,slow,prior/gradual/K=3/recurring/medium/slow/n/a/imbalanced/noisy,0.0,-0.0
scn-25fd5eff76d4,1827857024,HDDM_W,0.9108742766494626,0.16942508100009945,0,3.0,0.0,0.0,3.0,0.0,0.0,,0.0,0.0,1.0,,,inf,30459.0,,,0.0,30459.0,hyperplane_gauss,45757,19,0.2069566320627928,0.03055975679308176,3,prior,gradual,2766,0.1896684782207012,1.0,True,medium,slow,prior/gradual/K=3/recurring/medium/slow/n/a/imbalanced/noisy,0.0,-0.0
scn-25fd5eff76d4,1827857024,FHDDM,0.9108742766494626,0.07176516199979233,0,3.0,0.0,0.0,3.0,0.0,0.0,,0.0,0.0,1.0,,,inf,30459.0,,,0.0,30459.0,hyperplane_gauss,45757,19,0.2069566320627928,0.03055975679308176,3,prior,gradual,2766,0.1896684782207012,1.0,True,medium,slow,prior/gradual/K=3/recurring/medium/slow/n/a/imbalanced/noisy,0.0,-0.0
scn-25fd5eff76d4,1827857024,NoDrift,0.9108742766494626,0.056562953000138805,0,3.0,0.0,0.0,3.0,0.0,0.0,,0.0,0.0,1.0,,,inf,30459.0,,,0.0,30459.0,hyperplane_gauss,45757,19,0.2069566320627928,0.03055975679308176,3,prior,gradual,2766,0.1896684782207012,1.0,True,medium,slow,prior/gradual/K=3/recurring/medium/slow/n/a/imbalanced/noisy,0.0,-0.0
scn-25fd5eff76d4,1827857024,Periodic(2000),0.9108742766494626,0.05936652500031414,0,3.0,22.0,3.0,0.0,15.0,4.0,0.13636363636363635,1.0,0.24000000000000002,0.0,671.6666666666666,924.0,2030.6,2030.6,3.023225806451613,3.023225806451613,0.4924652811976756,30459.0,hyperplane_gauss,45757,19,0.2069566320627928,0.03055975679308176,3,prior,gradual,2766,0.1896684782207012,1.0,True,medium,slow,prior/gradual/K=3/recurring/medium/slow/n/a/imbalanced/noisy,0.0,-0.0
scn-25fd5eff76d4,1827857024,Oracle,0.9108742766494626,0.060045157999866206,0,3.0,3.0,3.0,0.0,0.0,0.0,1.0,1.0,1.0,0.0,1384.0,1384.0,inf,30459.0,inf,22.00794797687861,0.0,30459.0,hyperplane_gauss,45757,19,0.2069566320627928,0.03055975679308176,3,prior,gradual,2766,0.1896684782207012,1.0,True,medium,slow,prior/gradual/K=3/recurring/medium/slow/n/a/imbalanced/noisy,0.0,-0.0
scn-25fd5eff76d4,1827857025,ADWIN,0.9128404495386196,0.06614463100004286,0,3.0,3.0,2.0,1.0,1.0,0.0,0.6666666666666666,0.6666666666666666,0.6666666666666666,0.33333333333333337,1665.5,1665.5,30459.0,30459.0,12.1921344941459,12.1921344941459,0.0328310187465117,30459.0,hyperplane_gauss,45757,19,0.2069566320627928,0.03055975679308176,3,prior,gradual,2766,0.1896684782207012,1.0,True,medium,slow,prior/gradual/K=3/recurring/medium/slow/n/a/imbalanced/noisy,0.0,-0.0
scn-25fd5eff76d4,1827857025,PageHinkley,0.9128404495386196,0.07830558200021187,0,3.0,4.0,2.0,1.0,2.0,0.0,0.5,0.6666666666666666,0.5714285714285715,0.33333333333333337,1630.5,1630.5,15229.5,15229.5,6.226924256363079,6.226924256363079,0.0656620374930234,30459.0,hyperplane_gauss,45757,19,0.2069566320627928,0.03055975679308176,3,prior,gradual,2766,0.1896684782207012,1.0,True,medium,slow,prior/gradual/K=3/recurring/medium/slow/n/a/imbalanced/noisy,0.0,-0.0
scn-25fd5eff76d4,1827857025,PageHinkley-up,0.9128404495386196,0.07722561300033703,0,3.0,3.0,2.0,1.0,1.0,0.0,0.6666666666666666,0.6666666666666666,0.6666666666666666,0.33333333333333337,2869.0,2869.0,30459.0,30459.0,7.077727431160683,7.077727431160683,0.0328310187465117,30459.0,hyperplane_gauss,45757,19,0.2069566320627928,0.03055975679308176,3,prior,gradual,2766,0.1896684782207012,1.0,True,medium,slow,prior/gradual/K=3/recurring/medium/slow/n/a/imbalanced/noisy,0.0,-0.0
scn-25fd5eff76d4,1827857025,DDM,0.9128404495386196,0.07708464999996067,0,3.0,1.0,0.0,3.0,1.0,0.0,0.0,0.0,0.0,1.0,,,30459.0,30459.0,,,0.0328310187465117,30459.0,hyperplane_gauss,45757,19,0.2069566320627928,0.03055975679308176,3,prior,gradual,2766,0.1896684782207012,1.0,True,medium,slow,prior/gradual/K=3/recurring/medium/slow/n/a/imbalanced/noisy,0.0,-0.0
scn-25fd5eff76d4,1827857025,EDDM,0.9128404495386196,0.06714829699967595,0,3.0,52.0,1.0,2.0,32.0,19.0,0.019230769230769232,0.3333333333333333,0.03636363636363637,0.6666666666666667,318.0,318.0,951.84375,951.84375,0.9977397798742136,0.9977397798742136,1.0505925998883745,30459.0,hyperplane_gauss,45757,19,0.2069566320627928,0.03055975679308176,3,prior,gradual,2766,0.1896684782207012,1.0,True,medium,slow,prior/gradual/K=3/recurring/medium/slow/n/a/imbalanced/noisy,0.0,-0.0
scn-25fd5eff76d4,1827857025,HDDM_A,0.9128404495386196,0.24686260899989065,0,3.0,0.0,0.0,3.0,0.0,0.0,,0.0,0.0,1.0,,,inf,30459.0,,,0.0,30459.0,hyperplane_gauss,45757,19,0.2069566320627928,0.03055975679308176,3,prior,gradual,2766,0.1896684782207012,1.0,True,medium,slow,prior/gradual/K=3/recurring/medium/slow/n/a/imbalanced/noisy,0.0,-0.0
scn-25fd5eff76d4,1827857025,HDDM_W,0.9128404495386196,0.21855571000014606,0,3.0,0.0,0.0,3.0,0.0,0.0,,0.0,0.0,1.0,,,inf,30459.0,,,0.0,30459.0,hyperplane_gauss,45757,19,0.2069566320627928,0.03055975679308176,3,prior,gradual,2766,0.1896684782207012,1.0,True,medium,slow,prior/gradual/K=3/recurring/medium/slow/n/a/imbalanced/noisy,0.0,-0.0
scn-25fd5eff76d4,1827857025,FHDDM,0.9128404495386196,0.07336947700014207,0,3.0,0.0,0.0,3.0,0.0,0.0,,0.0,0.0,1.0,,,inf,30459.0,,,0.0,30459.0,hyperplane_gauss,45757,19,0.2069566320627928,0.03055975679308176,3,prior,gradual,2766,0.1896684782207012,1.0,True,medium,slow,prior/gradual/K=3/recurring/medium/slow/n/a/imbalanced/noisy,0.0,-0.0
scn-25fd5eff76d4,1827857025,NoDrift,0.9128404495386196,0.05472484700021596,0,3.0,0.0,0.0,3.0,0.0,0.0,,0.0,0.0,1.0,,,inf,30459.0,,,0.0,30459.0,hyperplane_gauss,45757,19,0.2069566320627928,0.03055975679308176,3,prior,gradual,2766,0.1896684782207012,1.0,True,medium,slow,prior/gradual/K=3/recurring/medium/slow/n/a/imbalanced/noisy,0.0,-0.0
scn-25fd5eff76d4,1827857025,Periodic(2000),0.9128404495386196,0.06065188299999136,0,3.0,22.0,3.0,0.0,15.0,4.0,0.13636363636363635,1.0,0.24000000000000002,0.0,671.6666666666666,924.0,2030.6,2030.6,3.023225806451613,3.023225806451613,0.4924652811976756,30459.0,hyperplane_gauss,45757,19,0.2069566320627928,0.03055975679308176,3,prior,gradual,2766,0.1896684782207012,1.0,True,medium,slow,prior/gradual/K=3/recurring/medium/slow/n/a/imbalanced/noisy,0.0,-0.0
scn-25fd5eff76d4,1827857025,Oracle,0.9128404495386196,0.056951965999815,0,3.0,3.0,3.0,0.0,0.0,0.0,1.0,1.0,1.0,0.0,1384.0,1384.0,inf,30459.0,inf,22.00794797687861,0.0,30459.0,hyperplane_gauss,45757,19,0.2069566320627928,0.03055975679308176,3,prior,gradual,2766,0.1896684782207012,1.0,True,medium,slow,prior/gradual/K=3/recurring/medium/slow/n/a/imbalanced/noisy,0.0,-0.0
scn-25fd5eff76d4,1827857026,ADWIN,0.9131085640235047,0.06649729699984164,0,3.0,4.0,3.0,0.0,1.0,0.0,0.75,1.0,0.8571428571428571,0.0,2831.6666666666665,2398.0,30459.0,30459.0,10.756562683931724,10.756562683931724,0.0328310187465117,30459.0,hyperplane_gauss,45757,19,0.2069566320627928,0.03055975679308176,3,prior,gradual,2766,0.1896684782207012,1.0,True,medium,slow,prior/gradual/K=3/recurring/medium/slow/n/a/imbalanced/noisy,0.0,-0.0
scn-25fd5eff76d4,1827857026,PageHinkley,0.9131085640235047,0.07907233000014458,0,3.0,5.0,1.0,2.0,4.0,0.0,0.2,0.3333333333333333,0.25,0.6666666666666667,1417.0,1417.0,7614.75,7614.75,1.7912844036697244,1.7912844036697244,0.1313240749860468,30459.0,hyperplane_gauss,45757,19,0.2069566320627928,0.03055975679308176,3,prior,gradual,2766,0.1896684782207012,1.0,True,medium,slow,prior/gradual/K=3/recurring/medium/slow/n/a/imbalanced/noisy,0.0,-0.0
scn-25fd5eff76d4,1827857026,PageHinkley-up,0.9131085640235047,0.07821295000030659,0,3.0,3.0,2.0,1.0,1.0,0.0,0.6666666666666666,0.6666666666666666,0.6666666666666666,0.33333333333333337,1906.5,1906.5,30459.0,30459.0,10.650931025439286,10.650931025439286,0.0328310187465117,30459.0,hyperplane_gauss,45757,19,0.2069566320627928,0.03055975679308176,3,prior,gradual,2766,0.1896684782207012,1.0,True,medium,slow,prior/gradual/K=3/recurring/medium/slow/n/a/imbalanced/noisy,0.0,-0.0
scn-25fd5eff76d4,1827857026,DDM,0.9131085640235047,0.08454713199989783,0,3.0,3.0,1.0,2.0,1.0,1.0,0.3333333333333333,0.3333333333333333,0.3333333333333333,0.6666666666666667,1390.0,1390.0,30459.0,30459.0,7.304316546762589,7.304316546762589,0.0328310187465117,30459.0,hyperplane_gauss,45757,19,0.2069566320627928,0.03055975679308176,3,prior,gradual,2766,0.1896684782207012,1.0,True,medium,slow,prior/gradual/K=3/recurring/medium/slow/n/a/imbalanced/noisy,0.0,-0.0
scn-25fd5eff76d4,1827857026,EDDM,0.9131085640235047,0.06719375400007266,0,3.0,33.0,1.0,2.0,13.0,19.0,0.030303030303030304,0.3333333333333333,0.05555555555555555,0.6666666666666667,84.0,84.0,2343.0,2343.0,9.297619047619046,9.297619047619046,0.42680324370465217,30459.0,hyperplane_gauss,45757,19,0.2069566320627928,0.03055975679308176,3,prior,gradual,2766,0.1896684782207012,1.0,True,medium,slow,prior/gradual/K=3/recurring/medium/slow/n/a/imbalanced/noisy,0.0,-0.0
scn-25fd5eff76d4,1827857026,HDDM_A,0.9131085640235047,0.23141462900002807,0,3.0,1.0,0.0,3.0,1.0,0.0,0.0,0.0,0.0,1.0,,,30459.0,30459.0,,,0.0328310187465117,30459.0,hyperplane_gauss,45757,19,0.2069566320627928,0.03055975679308176,3,prior,gradual,2766,0.1896684782207012,1.0,True,medium,slow,prior/gradual/K=3/recurring/medium/slow/n/a/imbalanced/noisy,0.0,-0.0
scn-25fd5eff76d4,1827857026,HDDM_W,0.9131085640235047,0.1663857349999489,0,3.0,0.0,0.0,3.0,0.0,0.0,,0.0,0.0,1.0,,,inf,30459.0,,,0.0,30459.0,hyperplane_gauss,45757,19,0.2069566320627928,0.03055975679308176,3,prior,gradual,2766,0.1896684782207012,1.0,True,medium,slow,prior/gradual/K=3/recurring/medium/slow/n/a/imbalanced/noisy,0.0,-0.0
scn-25fd5eff76d4,1827857026,FHDDM,0.9131085640235047,0.07109709300038958,0,3.0,0.0,0.0,3.0,0.0,0.0,,0.0,0.0,1.0,,,inf,30459.0,,,0.0,30459.0,hyperplane_gauss,45757,19,0.2069566320627928,0.03055975679308176,3,prior,gradual,2766,0.1896684782207012,1.0,True,medium,slow,prior/gradual/K=3/recurring/medium/slow/n/a/imbalanced/noisy,0.0,-0.0
scn-25fd5eff76d4,1827857026,NoDrift,0.9131085640235047,0.05658226600007765,0,3.0,0.0,0.0,3.0,0.0,0.0,,0.0,0.0,1.0,,,inf,30459.0,,,0.0,30459.0,hyperplane_gauss,45757,19,0.2069566320627928,0.03055975679308176,3,prior,gradual,2766,0.1896684782207012,1.0,True,medium,slow,prior/gradual/K=3/recurring/medium/slow/n/a/imbalanced/noisy,0.0,-0.0
scn-25fd5eff76d4,1827857026,Periodic(2000),0.9131085640235047,0.056649171999652026,0,3.0,22.0,3.0,0.0,15.0,4.0,0.13636363636363635,1.0,0.24000000000000002,0.0,671.6666666666666,924.0,2030.6,2030.6,3.023225806451613,3.023225806451613,0.4924652811976756,30459.0,hyperplane_gauss,45757,19,0.2069566320627928,0.03055975679308176,3,prior,gradual,2766,0.1896684782207012,1.0,True,medium,slow,prior/gradual/K=3/recurring/medium/slow/n/a/imbalanced/noisy,0.0,-0.0
scn-25fd5eff76d4,1827857026,Oracle,0.9131085640235047,0.05775810500017542,0,3.0,3.0,3.0,0.0,0.0,0.0,1.0,1.0,1.0,0.0,1384.0,1384.0,inf,30459.0,inf,22.00794797687861,0.0,30459.0,hyperplane_gauss,45757,19,0.2069566320627928,0.03055975679308176,3,prior,gradual,2766,0.1896684782207012,1.0,True,medium,slow,prior/gradual/K=3/recurring/medium/slow/n/a/imbalanced/noisy,0.0,-0.0
scn-b5e50cfd53db,1289673117,ADWIN,0.700780771586038,0.009399523999945814,0,1.0,0.0,0.0,1.0,0.0,0.0,,0.0,0.0,1.0,,,inf,11064.0,,,0.0,11064.0,hyperplane_gauss,14064,3,0.48146845446899533,0.2823743443004787,1,virtual,sudden,0,0.47506142541766166,0.7443756920595963,False,high,abrupt,virtual/sudden/K=1/high/abrupt/partial/balanced/noisy,0.0,-0.0
scn-b5e50cfd53db,1289673117,PageHinkley,0.700780771586038,0.01310857800035592,0,1.0,1.0,0.0,1.0,1.0,0.0,0.0,0.0,0.0,1.0,,,11064.0,11064.0,,,0.09038322487346348,11064.0,hyperplane_gauss,14064,3,0.48146845446899533,0.2823743443004787,1,virtual,sudden,0,0.47506142541766166,0.7443756920595963,False,high,abrupt,virtual/sudden/K=1/high/abrupt/partial/balanced/noisy,0.0,-0.0
scn-b5e50cfd53db,1289673117,PageHinkley-up,0.700780771586038,0.012818442000025243,0,1.0,1.0,0.0,1.0,1.0,0.0,0.0,0.0,0.0,1.0,,,11064.0,11064.0,,,0.09038322487346348,11064.0,hyperplane_gauss,14064,3,0.48146845446899533,0.2823743443004787,1,virtual,sudden,0,0.47506142541766166,0.7443756920595963,False,high,abrupt,virtual/sudden/K=1/high/abrupt/partial/balanced/noisy,0.0,-0.0
scn-b5e50cfd53db,1289673117,DDM,0.700780771586038,0.012466857000163145,0,1.0,1.0,0.0,1.0,1.0,0.0,0.0,0.0,0.0,1.0,,,11064.0,11064.0,,,0.09038322487346348,11064.0,hyperplane_gauss,14064,3,0.48146845446899533,0.2823743443004787,1,virtual,sudden,0,0.47506142541766166,0.7443756920595963,False,high,abrupt,virtual/sudden/K=1/high/abrupt/partial/balanced/noisy,0.0,-0.0
scn-b5e50cfd53db,1289673117,EDDM,0.700780771586038,0.011278214999947522,0,1.0,1.0,0.0,1.0,1.0,0.0,0.0,0.0,0.0,1.0,,,11064.0,11064.0,,,0.09038322487346348,11064.0,hyperplane_gauss,14064,3,0.48146845446899533,0.2823743443004787,1,virtual,sudden,0,0.47506142541766166,0.7443756920595963,False,high,abrupt,virtual/sudden/K=1/high/abrupt/partial/balanced/noisy,0.0,-0.0
scn-b5e50cfd53db,1289673117,HDDM_A,0.700780771586038,0.0392538969999805,0,1.0,0.0,0.0,1.0,0.0,0.0,,0.0,0.0,1.0,,,inf,11064.0,,,0.0,11064.0,hyperplane_gauss,14064,3,0.48146845446899533,0.2823743443004787,1,virtual,sudden,0,0.47506142541766166,0.7443756920595963,False,high,abrupt,virtual/sudden/K=1/high/abrupt/partial/balanced/noisy,0.0,-0.0
scn-b5e50cfd53db,1289673117,HDDM_W,0.700780771586038,0.04157155999973838,0,1.0,2.0,0.0,1.0,2.0,0.0,0.0,0.0,0.0,1.0,,,5532.0,5532.0,,,0.18076644974692696,11064.0,hyperplane_gauss,14064,3,0.48146845446899533,0.2823743443004787,1,virtual,sudden,0,0.47506142541766166,0.7443756920595963,False,high,abrupt,virtual/sudden/K=1/high/abrupt/partial/balanced/noisy,0.0,-0.0
scn-b5e50cfd53db,1289673117,FHDDM,0.700780771586038,0.011416003999784152,0,1.0,1.0,1.0,0.0,0.0,0.0,1.0,1.0,1.0,0.0,1314.0,1314.0,inf,11064.0,inf,8.420091324200913,0.0,11064.0,hyperplane_gauss,14064,3,0.48146845446899533,0.2823743443004787,1,virtual,sudden,0,0.47506142541766166,0.7443756920595963,False,high,abrupt,virtual/sudden/K=1/high/abrupt/partial/balanced/noisy,0.0,-0.0
scn-b5e50cfd53db,1289673117,NoDrift,0.700780771586038,0.006839304000095581,0,1.0,0.0,0.0,1.0,0.0,0.0,,0.0,0.0,1.0,,,inf,11064.0,,,0.0,11064.0,hyperplane_gauss,14064,3,0.48146845446899533,0.2823743443004787,1,virtual,sudden,0,0.47506142541766166,0.7443756920595963,False,high,abrupt,virtual/sudden/K=1/high/abrupt/partial/balanced/noisy,0.0,-0.0
scn-b5e50cfd53db,1289673117,Periodic(2000),0.700780771586038,0.006884926999646268,0,1.0,6.0,1.0,0.0,5.0,0.0,0.16666666666666666,1.0,0.2857142857142857,0.0,468.0,468.0,2212.8,2212.8,4.728205128205128,4.728205128205128,0.45191612436731743,11064.0,hyperplane_gauss,14064,3,0.48146845446899533,0.2823743443004787,1,virtual,sudden,0,0.47506142541766166,0.7443756920595963,False,high,abrupt,virtual/sudden/K=1/high/abrupt/partial/balanced/noisy,0.0,-0.0
scn-b5e50cfd53db,1289673117,Oracle,0.700780771586038,0.006780195999908756,0,1.0,1.0,1.0,0.0,0.0,0.0,1.0,1.0,1.0,0.0,1.0,1.0,inf,11064.0,inf,11064.0,0.0,11064.0,hyperplane_gauss,14064,3,0.48146845446899533,0.2823743443004787,1,virtual,sudden,0,0.47506142541766166,0.7443756920595963,False,high,abrupt,virtual/sudden/K=1/high/abrupt/partial/balanced/noisy,0.0,-0.0
scn-b5e50cfd53db,1289673118,ADWIN,0.7043018983466014,0.009468510000260721,0,1.0,0.0,0.0,1.0,0.0,0.0,,0.0,0.0,1.0,,,inf,11064.0,,,0.0,11064.0,hyperplane_gauss,14064,3,0.48146845446899533,0.2823743443004787,1,virtual,sudden,0,0.47506142541766166,0.7443756920595963,False,high,abrupt,virtual/sudden/K=1/high/abrupt/partial/balanced/noisy,0.0,-0.0
scn-b5e50cfd53db,1289673118,PageHinkley,0.7043018983466014,0.012707977999980358,0,1.0,0.0,0.0,1.0,0.0,0.0,,0.0,0.0,1.0,,,inf,11064.0,,,0.0,11064.0,hyperplane_gauss,14064,3,0.48146845446899533,0.2823743443004787,1,virtual,sudden,0,0.47506142541766166,0.7443756920595963,False,high,abrupt,virtual/sudden/K=1/high/abrupt/partial/balanced/noisy,0.0,-0.0
scn-b5e50cfd53db,1289673118,PageHinkley-up,0.7043018983466014,0.012652691999846866,0,1.0,0.0,0.0,1.0,0.0,0.0,,0.0,0.0,1.0,,,inf,11064.0,,,0.0,11064.0,hyperplane_gauss,14064,3,0.48146845446899533,0.2823743443004787,1,virtual,sudden,0,0.47506142541766166,0.7443756920595963,False,high,abrupt,virtual/sudden/K=1/high/abrupt/partial/balanced/noisy,0.0,-0.0
scn-b5e50cfd53db,1289673118,DDM,0.7043018983466014,0.01242258899992521,0,1.0,0.0,0.0,1.0,0.0,0.0,,0.0,0.0,1.0,,,inf,11064.0,,,0.0,11064.0,hyperplane_gauss,14064,3,0.48146845446899533,0.2823743443004787,1,virtual,sudden,0,0.47506142541766166,0.7443756920595963,False,high,abrupt,virtual/sudden/K=1/high/abrupt/partial/balanced/noisy,0.0,-0.0
scn-b5e50cfd53db,1289673118,EDDM,0.7043018983466014,0.011299928999960684,0,1.0,14.0,0.0,1.0,14.0,0.0,0.0,0.0,0.0,1.0,,,790.2857142857143,790.2857142857143,,,1.265365148228489,11064.0,hyperplane_gauss,14064,3,0.48146845446899533,0.2823743443004787,1,virtual,sudden,0,0.47506142541766166,0.7443756920595963,False,high,abrupt,virtual/sudden/K=1/high/abrupt/partial/balanced/noisy,0.0,-0.0
scn-b5e50cfd53db,1289673118,HDDM_A,0.7043018983466014,0.039373612999952456,0,1.0,0.0,0.0,1.0,0.0,0.0,,0.0,0.0,1.0,,,inf,11064.0,,,0.0,11064.0,hyperplane_gauss,14064,3,0.48146845446899533,0.2823743443004787,1,virtual,sudden,0,0.47506142541766166,0.7443756920595963,False,high,abrupt,virtual/sudden/K=1/high/abrupt/partial/balanced/noisy,0.0,-0.0
scn-b5e50cfd53db,1289673118,HDDM_W,0.7043018983466014,0.04309030500007793,0,1.0,3.0,0.0,1.0,3.0,0.0,0.0,0.0,0.0,1.0,,,3688.0,3688.0,,,0.27114967462039047,11064.0,hyperplane_gauss,14064,3,0.48146845446899533,0.2823743443004787,1,virtual,sudden,0,0.47506142541766166,0.7443756920595963,False,high,abrupt,virtual/sudden/K=1/high/abrupt/partial/balanced/noisy,0.0,-0.0
scn-b5e50cfd53db,1289673118,FHDDM,0.7043018983466014,0.010994894999839744,0,1.0,1.0,1.0,0.0,0.0,0.0,1.0,1.0,1.0,0.0,1155.0,1155.0,inf,11064.0,inf,9.57922077922078,0.0,11064.0,hyperplane_gauss,14064,3,0.48146845446899533,0.2823743443004787,1,virtual,sudden,0,0.47506142541766166,0.7443756920595963,False,high,abrupt,virtual/sudden/K=1/high/abrupt/partial/balanced/noisy,0.0,-0.0
scn-b5e50cfd53db,1289673118,NoDrift,0.7043018983466014,0.0063281450002250494,0,1.0,0.0,0.0,1.0,0.0,0.0,,0.0,0.0,1.0,,,inf,11064.0,,,0.0,11064.0,hyperplane_gauss,14064,3,0.48146845446899533,0.2823743443004787,1,virtual,sudden,0,0.47506142541766166,0.7443756920595963,False,high,abrupt,virtual/sudden/K=1/high/abrupt/partial/balanced/noisy,0.0,-0.0
scn-b5e50cfd53db,1289673118,Periodic(2000),0.7043018983466014,0.006756143999609776,0,1.0,6.0,1.0,0.0,5.0,0.0,0.16666666666666666,1.0,0.2857142857142857,0.0,468.0,468.0,2212.8,2212.8,4.728205128205128,4.728205128205128,0.45191612436731743,11064.0,hyperplane_gauss,14064,3,0.48146845446899533,0.2823743443004787,1,virtual,sudden,0,0.47506142541766166,0.7443756920595963,False,high,abrupt,virtual/sudden/K=1/high/abrupt/partial/balanced/noisy,0.0,-0.0
scn-b5e50cfd53db,1289673118,Oracle,0.7043018983466014,0.006714266000017233,0,1.0,1.0,1.0,0.0,0.0,0.0,1.0,1.0,1.0,0.0,1.0,1.0,inf,11064.0,inf,11064.0,0.0,11064.0,hyperplane_gauss,14064,3,0.48146845446899533,0.2823743443004787,1,virtual,sudden,0,0.47506142541766166,0.7443756920595963,False,high,abrupt,virtual/sudden/K=1/high/abrupt/partial/balanced/noisy,0.0,-0.0
scn-b5e50cfd53db,1289673119,ADWIN,0.7069810165339865,0.009370726999804901,0,1.0,0.0,0.0,1.0,0.0,0.0,,0.0,0.0,1.0,,,inf,11064.0,,,0.0,11064.0,hyperplane_gauss,14064,3,0.48146845446899533,0.2823743443004787,1,virtual,sudden,0,0.47506142541766166,0.7443756920595963,False,high,abrupt,virtual/sudden/K=1/high/abrupt/partial/balanced/noisy,0.0,-0.0
scn-b5e50cfd53db,1289673119,PageHinkley,0.7069810165339865,0.012713659999917581,0,1.0,0.0,0.0,1.0,0.0,0.0,,0.0,0.0,1.0,,,inf,11064.0,,,0.0,11064.0,hyperplane_gauss,14064,3,0.48146845446899533,0.2823743443004787,1,virtual,sudden,0,0.47506142541766166,0.7443756920595963,False,high,abrupt,virtual/sudden/K=1/high/abrupt/partial/balanced/noisy,0.0,-0.0
scn-b5e50cfd53db,1289673119,PageHinkley-up,0.7069810165339865,0.012999810000110301,0,1.0,0.0,0.0,1.0,0.0,0.0,,0.0,0.0,1.0,,,inf,11064.0,,,0.0,11064.0,hyperplane_gauss,14064,3,0.48146845446899533,0.2823743443004787,1,virtual,sudden,0,0.47506142541766166,0.7443756920595963,False,high,abrupt,virtual/sudden/K=1/high/abrupt/partial/balanced/noisy,0.0,-0.0
scn-b5e50cfd53db,1289673119,DDM,0.7069810165339865,0.012619048000033217,0,1.0,0.0,0.0,1.0,0.0,0.0,,0.0,0.0,1.0,,,inf,11064.0,,,0.0,11064.0,hyperplane_gauss,14064,3,0.48146845446899533,0.2823743443004787,1,virtual,sudden,0,0.47506142541766166,0.7443756920595963,False,high,abrupt,virtual/sudden/K=1/high/abrupt/partial/balanced/noisy,0.0,-0.0
scn-b5e50cfd53db,1289673119,EDDM,0.7069810165339865,0.011212806000003184,0,1.0,28.0,0.0,1.0,28.0,0.0,0.0,0.0,0.0,1.0,,,395.14285714285717,395.14285714285717,,,2.530730296456978,11064.0,hyperplane_gauss,14064,3,0.48146845446899533,0.2823743443004787,1,virtual,sudden,0,0.47506142541766166,0.7443756920595963,False,high,abrupt,virtual/sudden/K=1/high/abrupt/partial/balanced/noisy,0.0,-0.0
scn-b5e50cfd53db,1289673119,HDDM_A,0.7069810165339865,0.03841609899973264,0,1.0,0.0,0.0,1.0,0.0,0.0,,0.0,0.0,1.0,,,inf,11064.0,,,0.0,11064.0,hyperplane_gauss,14064,3,0.48146845446899533,0.2823743443004787,1,virtual,sudden,0,0.47506142541766166,0.7443756920595963,False,high,abrupt,virtual/sudden/K=1/high/abrupt/partial/balanced/noisy,0.0,-0.0
scn-b5e50cfd53db,1289673119,HDDM_W,0.7069810165339865,0.042220225000164646,0,1.0,2.0,0.0,1.0,2.0,0.0,0.0,0.0,0.0,1.0,,,5532.0,5532.0,,,0.18076644974692696,11064.0,hyperplane_gauss,14064,3,0.48146845446899533,0.2823743443004787,1,virtual,sudden,0,0.47506142541766166,0.7443756920595963,False,high,abrupt,virtual/sudden/K=1/high/abrupt/partial/balanced/noisy,0.0,-0.0
scn-b5e50cfd53db,1289673119,FHDDM,0.7069810165339865,0.01063884599989251,0,1.0,1.0,0.0,1.0,1.0,0.0,0.0,0.0,0.0,1.0,,,11064.0,11064.0,,,0.09038322487346348,11064.0,hyperplane_gauss,14064,3,0.48146845446899533,0.2823743443004787,1,virtual,sudden,0,0.47506142541766166,0.7443756920595963,False,high,abrupt,virtual/sudden/K=1/high/abrupt/partial/balanced/noisy,0.0,-0.0
scn-b5e50cfd53db,1289673119,NoDrift,0.7069810165339865,0.006327532000341307,0,1.0,0.0,0.0,1.0,0.0,0.0,,0.0,0.0,1.0,,,inf,11064.0,,,0.0,11064.0,hyperplane_gauss,14064,3,0.48146845446899533,0.2823743443004787,1,virtual,sudden,0,0.47506142541766166,0.7443756920595963,False,high,abrupt,virtual/sudden/K=1/high/abrupt/partial/balanced/noisy,0.0,-0.0
scn-b5e50cfd53db,1289673119,Periodic(2000),0.7069810165339865,0.006805045999954018,0,1.0,6.0,1.0,0.0,5.0,0.0,0.16666666666666666,1.0,0.2857142857142857,0.0,468.0,468.0,2212.8,2212.8,4.728205128205128,4.728205128205128,0.45191612436731743,11064.0,hyperplane_gauss,14064,3,0.48146845446899533,0.2823743443004787,1,virtual,sudden,0,0.47506142541766166,0.7443756920595963,False,high,abrupt,virtual/sudden/K=1/high/abrupt/partial/balanced/noisy,0.0,-0.0
scn-b5e50cfd53db,1289673119,Oracle,0.7069810165339865,0.006835100999978749,0,1.0,1.0,1.0,0.0,0.0,0.0,1.0,1.0,1.0,0.0,1.0,1.0,inf,11064.0,inf,11064.0,0.0,11064.0,hyperplane_gauss,14064,3,0.48146845446899533,0.2823743443004787,1,virtual,sudden,0,0.47506142541766166,0.7443756920595963,False,high,abrupt,virtual/sudden/K=1/high/abrupt/partial/balanced/noisy,0.0,-0.0
scn-fdf1f19be6e8,1158337952,ADWIN,0.8567067530064755,0.07540535099997214,0,2.0,0.0,0.0,2.0,0.0,0.0,,0.0,0.0,1.0,,,inf,16706.0,,,0.0,16706.0,hyperplane_gauss,22620,50,0.05081807374954224,0.10477132229134441,2,real,incremental,457,0.06187933594523767,0.47204398512840273,False,low,fast,real/incremental/K=2/low/fast/partial/imbalanced/noisy,0.0,-0.0
scn-fdf1f19be6e8,1158337952,PageHinkley,0.8567067530064755,0.08262023299994325,0,2.0,1.0,1.0,1.0,0.0,0.0,1.0,0.5,0.6666666666666666,0.5,1593.0,1593.0,inf,16706.0,inf,5.243565599497803,0.0,16706.0,hyperplane_gauss,22620,50,0.05081807374954224,0.10477132229134441,2,real,incremental,457,0.06187933594523767,0.47204398512840273,False,low,fast,real/incremental/K=2/low/fast/partial/imbalanced/noisy,0.0,-0.0
scn-fdf1f19be6e8,1158337952,PageHinkley-up,0.8567067530064755,0.07853619200022877,0,2.0,1.0,1.0,1.0,0.0,0.0,1.0,0.5,0.6666666666666666,0.5,1593.0,1593.0,inf,16706.0,inf,5.243565599497803,0.0,16706.0,hyperplane_gauss,22620,50,0.05081807374954224,0.10477132229134441,2,real,incremental,457,0.06187933594523767,0.47204398512840273,False,low,fast,real/incremental/K=2/low/fast/partial/imbalanced/noisy,0.0,-0.0
scn-fdf1f19be6e8,1158337952,DDM,0.8567067530064755,0.07893569299994851,0,2.0,1.0,0.0,2.0,1.0,0.0,0.0,0.0,0.0,1.0,,,16706.0,16706.0,,,0.05985873338920149,16706.0,hyperplane_gauss,22620,50,0.05081807374954224,0.10477132229134441,2,real,incremental,457,0.06187933594523767,0.47204398512840273,False,low,fast,real/incremental/K=2/low/fast/partial/imbalanced/noisy,0.0,-0.0
scn-fdf1f19be6e8,1158337952,EDDM,0.8567067530064755,0.07437929700017776,0,2.0,23.0,1.0,1.0,13.0,9.0,0.043478260869565216,0.5,0.08,0.5,324.0,324.0,1285.076923076923,1285.076923076923,1.9831433998100665,1.9831433998100665,0.7781635340596192,16706.0,hyperplane_gauss,22620,50,0.05081807374954224,0.10477132229134441,2,real,incremental,457,0.06187933594523767,0.47204398512840273,False,low,fast,real/incremental/K=2/low/fast/partial/imbalanced/noisy,0.0,-0.0
scn-fdf1f19be6e8,1158337952,HDDM_A,0.8567067530064755,0.12436197799979709,0,2.0,0.0,0.0,2.0,0.0,0.0,,0.0,0.0,1.0,,,inf,16706.0,,,0.0,16706.0,hyperplane_gauss,22620,50,0.05081807374954224,0.10477132229134441,2,real,incremental,457,0.06187933594523767,0.47204398512840273,False,low,fast,real/incremental/K=2/low/fast/partial/imbalanced/noisy,0.0,-0.0
scn-fdf1f19be6e8,1158337952,HDDM_W,0.8567067530064755,0.13462263099972915,0,2.0,0.0,0.0,2.0,0.0,0.0,,0.0,0.0,1.0,,,inf,16706.0,,,0.0,16706.0,hyperplane_gauss,22620,50,0.05081807374954224,0.10477132229134441,2,real,incremental,457,0.06187933594523767,0.47204398512840273,False,low,fast,real/incremental/K=2/low/fast/partial/imbalanced/noisy,0.0,-0.0
scn-fdf1f19be6e8,1158337952,FHDDM,0.8567067530064755,0.07767165699988254,0,2.0,0.0,0.0,2.0,0.0,0.0,,0.0,0.0,1.0,,,inf,16706.0,,,0.0,16706.0,hyperplane_gauss,22620,50,0.05081807374954224,0.10477132229134441,2,real,incremental,457,0.06187933594523767,0.47204398512840273,False,low,fast,real/incremental/K=2/low/fast/partial/imbalanced/noisy,0.0,-0.0
scn-fdf1f19be6e8,1158337952,NoDrift,0.8567067530064755,0.07057822899969324,0,2.0,0.0,0.0,2.0,0.0,0.0,,0.0,0.0,1.0,,,inf,16706.0,,,0.0,16706.0,hyperplane_gauss,22620,50,0.05081807374954224,0.10477132229134441,2,real,incremental,457,0.06187933594523767,0.47204398512840273,False,low,fast,real/incremental/K=2/low/fast/partial/imbalanced/noisy,0.0,-0.0
scn-fdf1f19be6e8,1158337952,Periodic(2000),0.8567067530064755,0.07035660199971971,0,2.0,10.0,2.0,0.0,8.0,0.0,0.2,1.0,0.33333333333333337,0.0,1419.0,1419.0,2088.25,2088.25,1.4716349541930938,1.4716349541930938,0.4788698671136119,16706.0,hyperplane_gauss,22620,50,0.05081807374954224,0.10477132229134441,2,real,incremental,457,0.06187933594523767,0.47204398512840273,False,low,fast,real/incremental/K=2/low/fast/partial/imbalanced/noisy,0.0,-0.0
scn-fdf1f19be6e8,1158337952,Oracle,0.8567067530064755,0.07191497799976787,0,2.0,2.0,2.0,0.0,0.0,0.0,1.0,1.0,1.0,0.0,229.0,229.0,inf,16706.0,inf,72.95196506550218,0.0,16706.0,hyperplane_gauss,22620,50,0.05081807374954224,0.10477132229134441,2,real,incremental,457,0.06187933594523767,0.47204398512840273,False,low,fast,real/incremental/K=2/low/fast/partial/imbalanced/noisy,0.0,-0.0
scn-fdf1f19be6e8,1158337953,ADWIN,0.8605920444033303,0.07516434899980595,0,2.0,0.0,0.0,2.0,0.0,0.0,,0.0,0.0,1.0,,,inf,16706.0,,,0.0,16706.0,hyperplane_gauss,22620,50,0.05081807374954224,0.10477132229134441,2,real,incremental,457,0.06187933594523767,0.47204398512840273,False,low,fast,real/incremental/K=2/low/fast/partial/imbalanced/noisy,0.0,-0.0
scn-fdf1f19be6e8,1158337953,PageHinkley,0.8605920444033303,0.07974498000021413,0,2.0,0.0,0.0,2.0,0.0,0.0,,0.0,0.0,1.0,,,inf,16706.0,,,0.0,16706.0,hyperplane_gauss,22620,50,0.05081807374954224,0.10477132229134441,2,real,incremental,457,0.06187933594523767,0.47204398512840273,False,low,fast,real/incremental/K=2/low/fast/partial/imbalanced/noisy,0.0,-0.0
scn-fdf1f19be6e8,1158337953,PageHinkley-up,0.8605920444033303,0.07864999799994621,0,2.0,0.0,0.0,2.0,0.0,0.0,,0.0,0.0,1.0,,,inf,16706.0,,,0.0,16706.0,hyperplane_gauss,22620,50,0.05081807374954224,0.10477132229134441,2,real,incremental,457,0.06187933594523767,0.47204398512840273,False,low,fast,real/incremental/K=2/low/fast/partial/imbalanced/noisy,0.0,-0.0
scn-fdf1f19be6e8,1158337953,DDM,0.8605920444033303,0.07985946600001625,0,2.0,3.0,0.0,2.0,3.0,0.0,0.0,0.0,0.0,1.0,,,5568.666666666667,5568.666666666667,,,0.17957620016760445,16706.0,hyperplane_gauss,22620,50,0.05081807374954224,0.10477132229134441,2,real,incremental,457,0.06187933594523767,0.47204398512840273,False,low,fast,real/incremental/K=2/low/fast/partial/imbalanced/noisy,0.0,-0.0
scn-fdf1f19be6e8,1158337953,EDDM,0.8605920444033303,0.07468411299987565,0,2.0,10.0,0.0,2.0,10.0,0.0,0.0,0.0,0.0,1.0,,,1670.6,1670.6,,,0.5985873338920148,16706.0,hyperplane_gauss,22620,50,0.05081807374954224,0.10477132229134441,2,real,incremental,457,0.06187933594523767,0.47204398512840273,False,low,fast,real/incremental/K=2/low/fast/partial/imbalanced/noisy,0.0,-0.0
scn-fdf1f19be6e8,1158337953,HDDM_A,0.8605920444033303,0.15070900199998505,0,2.0,0.0,0.0,2.0,0.0,0.0,,0.0,0.0,1.0,,,inf,16706.0,,,0.0,16706.0,hyperplane_gauss,22620,50,0.05081807374954224,0.10477132229134441,2,real,incremental,457,0.06187933594523767,0.47204398512840273,False,low,fast,real/incremental/K=2/low/fast/partial/imbalanced/noisy,0.0,-0.0
scn-fdf1f19be6e8,1158337953,HDDM_W,0.8605920444033303,0.12410731199997826,0,2.0,0.0,0.0,2.0,0.0,0.0,,0.0,0.0,1.0,,,inf,16706.0,,,0.0,16706.0,hyperplane_gauss,22620,50,0.05081807374954224,0.10477132229134441,2,real,incremental,457,0.06187933594523767,0.47204398512840273,False,low,fast,real/incremental/K=2/low/fast/partial/imbalanced/noisy,0.0,-0.0
scn-fdf1f19be6e8,1158337953,FHDDM,0.8605920444033303,0.07770585900016158,0,2.0,0.0,0.0,2.0,0.0,0.0,,0.0,0.0,1.0,,,inf,16706.0,,,0.0,16706.0,hyperplane_gauss,22620,50,0.05081807374954224,0.10477132229134441,2,real,incremental,457,0.06187933594523767,0.47204398512840273,False,low,fast,real/incremental/K=2/low/fast/partial/imbalanced/noisy,0.0,-0.0
scn-fdf1f19be6e8,1158337953,NoDrift,0.8605920444033303,0.07036914300033459,0,2.0,0.0,0.0,2.0,0.0,0.0,,0.0,0.0,1.0,,,inf,16706.0,,,0.0,16706.0,hyperplane_gauss,22620,50,0.05081807374954224,0.10477132229134441,2,real,incremental,457,0.06187933594523767,0.47204398512840273,False,low,fast,real/incremental/K=2/low/fast/partial/imbalanced/noisy,0.0,-0.0
scn-fdf1f19be6e8,1158337953,Periodic(2000),0.8605920444033303,0.07062970100014354,0,2.0,10.0,2.0,0.0,8.0,0.0,0.2,1.0,0.33333333333333337,0.0,1419.0,1419.0,2088.25,2088.25,1.4716349541930938,1.4716349541930938,0.4788698671136119,16706.0,hyperplane_gauss,22620,50,0.05081807374954224,0.10477132229134441,2,real,incremental,457,0.06187933594523767,0.47204398512840273,False,low,fast,real/incremental/K=2/low/fast/partial/imbalanced/noisy,0.0,-0.0
scn-fdf1f19be6e8,1158337953,Oracle,0.8605920444033303,0.07184235499971692,0,2.0,2.0,2.0,0.0,0.0,0.0,1.0,1.0,1.0,0.0,229.0,229.0,inf,16706.0,inf,72.95196506550218,0.0,16706.0,hyperplane_gauss,22620,50,0.05081807374954224,0.10477132229134441,2,real,incremental,457,0.06187933594523767,0.47204398512840273,False,low,fast,real/incremental/K=2/low/fast/partial/imbalanced/noisy,0.0,-0.0
scn-fdf1f19be6e8,1158337954,ADWIN,0.8574930619796485,0.07696647200009465,0,2.0,0.0,0.0,2.0,0.0,0.0,,0.0,0.0,1.0,,,inf,16706.0,,,0.0,16706.0,hyperplane_gauss,22620,50,0.05081807374954224,0.10477132229134441,2,real,incremental,457,0.06187933594523767,0.47204398512840273,False,low,fast,real/incremental/K=2/low/fast/partial/imbalanced/noisy,0.0,-0.0
scn-fdf1f19be6e8,1158337954,PageHinkley,0.8574930619796485,0.09224784900015948,0,2.0,0.0,0.0,2.0,0.0,0.0,,0.0,0.0,1.0,,,inf,16706.0,,,0.0,16706.0,hyperplane_gauss,22620,50,0.05081807374954224,0.10477132229134441,2,real,incremental,457,0.06187933594523767,0.47204398512840273,False,low,fast,real/incremental/K=2/low/fast/partial/imbalanced/noisy,0.0,-0.0
scn-fdf1f19be6e8,1158337954,PageHinkley-up,0.8574930619796485,0.0784435499999745,0,2.0,0.0,0.0,2.0,0.0,0.0,,0.0,0.0,1.0,,,inf,16706.0,,,0.0,16706.0,hyperplane_gauss,22620,50,0.05081807374954224,0.10477132229134441,2,real,incremental,457,0.06187933594523767,0.47204398512840273,False,low,fast,real/incremental/K=2/low/fast/partial/imbalanced/noisy,0.0,-0.0
scn-fdf1f19be6e8,1158337954,DDM,0.8574930619796485,0.08069465400012632,0,2.0,0.0,0.0,2.0,0.0,0.0,,0.0,0.0,1.0,,,inf,16706.0,,,0.0,16706.0,hyperplane_gauss,22620,50,0.05081807374954224,0.10477132229134441,2,real,incremental,457,0.06187933594523767,0.47204398512840273,False,low,fast,real/incremental/K=2/low/fast/partial/imbalanced/noisy,0.0,-0.0
scn-fdf1f19be6e8,1158337954,EDDM,0.8574930619796485,0.07534296099993298,0,2.0,39.0,1.0,1.0,29.0,9.0,0.02564102564102564,0.5,0.048780487804878044,0.5,309.0,309.0,576.0689655172414,576.0689655172414,0.9321504296395492,0.9321504296395492,1.7359032682868432,16706.0,hyperplane_gauss,22620,50,0.05081807374954224,0.10477132229134441,2,real,incremental,457,0.06187933594523767,0.47204398512840273,False,low,fast,real/incremental/K=2/low/fast/partial/imbalanced/noisy,0.0,-0.0
scn-fdf1f19be6e8,1158337954,HDDM_A,0.8574930619796485,0.12897249900015595,0,2.0,0.0,0.0,2.0,0.0,0.0,,0.0,0.0,1.0,,,inf,16706.0,,,0.0,16706.0,hyperplane_gauss,22620,50,0.05081807374954224,0.10477132229134441,2,real,incremental,457,0.06187933594523767,0.47204398512840273,False,low,fast,real/incremental/K=2/low/fast/partial/imbalanced/noisy,0.0,-0.0
scn-fdf1f19be6e8,1158337954,HDDM_W,0.8574930619796485,0.12759905600023558,0,2.0,0.0,0.0,2.0,0.0,0.0,,0.0,0.0,1.0,,,inf,16706.0,,,0.0,16706.0,hyperplane_gauss,22620,50,0.05081807374954224,0.10477132229134441,2,real,incremental,457,0.06187933594523767,0.47204398512840273,False,low,fast,real/incremental/K=2/low/fast/partial/imbalanced/noisy,0.0,-0.0
scn-fdf1f19be6e8,1158337954,FHDDM,0.8574930619796485,0.0770486249998612,0,2.0,0.0,0.0,2.0,0.0,0.0,,0.0,0.0,1.0,,,inf,16706.0,,,0.0,16706.0,hyperplane_gauss,22620,50,0.05081807374954224,0.10477132229134441,2,real,incremental,457,0.06187933594523767,0.47204398512840273,False,low,fast,real/incremental/K=2/low/fast/partial/imbalanced/noisy,0.0,-0.0
scn-fdf1f19be6e8,1158337954,NoDrift,0.8574930619796485,0.07055445899959523,0,2.0,0.0,0.0,2.0,0.0,0.0,,0.0,0.0,1.0,,,inf,16706.0,,,0.0,16706.0,hyperplane_gauss,22620,50,0.05081807374954224,0.10477132229134441,2,real,incremental,457,0.06187933594523767,0.47204398512840273,False,low,fast,real/incremental/K=2/low/fast/partial/imbalanced/noisy,0.0,-0.0
scn-fdf1f19be6e8,1158337954,Periodic(2000),0.8574930619796485,0.06820861999995032,0,2.0,10.0,2.0,0.0,8.0,0.0,0.2,1.0,0.33333333333333337,0.0,1419.0,1419.0,2088.25,2088.25,1.4716349541930938,1.4716349541930938,0.4788698671136119,16706.0,hyperplane_gauss,22620,50,0.05081807374954224,0.10477132229134441,2,real,incremental,457,0.06187933594523767,0.47204398512840273,False,low,fast,real/incremental/K=2/low/fast/partial/imbalanced/noisy,0.0,-0.0
scn-fdf1f19be6e8,1158337954,Oracle,0.8574930619796485,0.07048962399994707,0,2.0,2.0,2.0,0.0,0.0,0.0,1.0,1.0,1.0,0.0,229.0,229.0,inf,16706.0,inf,72.95196506550218,0.0,16706.0,hyperplane_gauss,22620,50,0.05081807374954224,0.10477132229134441,2,real,incremental,457,0.06187933594523767,0.47204398512840273,False,low,fast,real/incremental/K=2/low/fast/partial/imbalanced/noisy,0.0,-0.0
scn-acd214604620,780594871,ADWIN,0.7611812481007763,0.03256272099997659,0,5.0,0.0,0.0,5.0,0.0,0.0,,0.0,0.0,1.0,,,inf,26199.0,,,0.0,26199.0,hyperplane_gauss,37199,7,0.352841314021498,0.21036003101617098,5,virtual,sudden,0,0.08965697124600411,0.9686825874128512,True,low,abrupt,virtual/sudden/K=5/recurring/low/abrupt/partial/imbalanced/noisy,0.0,-0.0
scn-acd214604620,780594871,PageHinkley,0.7611812481007763,0.053256418999808375,0,5.0,2.0,0.0,5.0,2.0,0.0,0.0,0.0,0.0,1.0,,,13099.5,13099.5,,,0.07633879155692966,26199.0,hyperplane_gauss,37199,7,0.352841314021498,0.21036003101617098,5,virtual,sudden,0,0.08965697124600411,0.9686825874128512,True,low,abrupt,virtual/sudden/K=5/recurring/low/abrupt/partial/imbalanced/noisy,0.0,-0.0
scn-acd214604620,780594871,PageHinkley-up,0.7611812481007763,0.040946187999907124,0,5.0,1.0,0.0,5.0,1.0,0.0,0.0,0.0,0.0,1.0,,,26199.0,26199.0,,,0.03816939577846483,26199.0,hyperplane_gauss,37199,7,0.352841314021498,0.21036003101617098,5,virtual,sudden,0,0.08965697124600411,0.9686825874128512,True,low,abrupt,virtual/sudden/K=5/recurring/low/abrupt/partial/imbalanced/noisy,0.0,-0.0
scn-acd214604620,780594871,DDM,0.7611812481007763,0.04082892999986143,0,5.0,0.0,0.0,5.0,0.0,0.0,,0.0,0.0,1.0,,,inf,26199.0,,,0.0,26199.0,hyperplane_gauss,37199,7,0.352841314021498,0.21036003101617098,5,virtual,sudden,0,0.08965697124600411,0.9686825874128512,True,low,abrupt,virtual/sudden/K=5/recurring/low/abrupt/partial/imbalanced/noisy,0.0,-0.0
scn-acd214604620,780594871,EDDM,0.7611812481007763,0.035941105000347306,0,5.0,40.0,1.0,4.0,34.0,5.0,0.025,0.2,0.04444444444444445,0.8,97.0,97.0,770.5588235294117,770.5588235294117,1.5887810794420856,1.5887810794420856,1.297759456467804,26199.0,hyperplane_gauss,37199,7,0.352841314021498,0.21036003101617098,5,virtual,sudden,0,0.08965697124600411,0.9686825874128512,True,low,abrupt,virtual/sudden/K=5/recurring/low/abrupt/partial/imbalanced/noisy,0.0,-0.0
scn-acd214604620,780594871,HDDM_A,0.7611812481007763,0.10587531500004843,0,5.0,0.0,0.0,5.0,0.0,0.0,,0.0,0.0,1.0,,,inf,26199.0,,,0.0,26199.0,hyperplane_gauss,37199,7,0.352841314021498,0.21036003101617098,5,virtual,sudden,0,0.08965697124600411,0.9686825874128512,True,low,abrupt,virtual/sudden/K=5/recurring/low/abrupt/partial/imbalanced/noisy,0.0,-0.0
scn-acd214604620,780594871,HDDM_W,0.7611812481007763,0.11779384800001935,0,5.0,4.0,0.0,5.0,4.0,0.0,0.0,0.0,0.0,1.0,,,6549.75,6549.75,,,0.15267758311385932,26199.0,hyperplane_gauss,37199,7,0.352841314021498,0.21036003101617098,5,virtual,sudden,0,0.08965697124600411,0.9686825874128512,True,low,abrupt,virtual/sudden/K=5/recurring/low/abrupt/partial/imbalanced/noisy,0.0,-0.0
scn-acd214604620,780594871,FHDDM,0.7611812481007763,0.036182206999910704,0,5.0,1.0,0.0,5.0,1.0,0.0,0.0,0.0,0.0,1.0,,,26199.0,26199.0,,,0.03816939577846483,26199.0,hyperplane_gauss,37199,7,0.352841314021498,0.21036003101617098,5,virtual,sudden,0,0.08965697124600411,0.9686825874128512,True,low,abrupt,virtual/sudden/K=5/recurring/low/abrupt/partial/imbalanced/noisy,0.0,-0.0
scn-acd214604620,780594871,NoDrift,0.7611812481007763,0.025097112999901583,0,5.0,0.0,0.0,5.0,0.0,0.0,,0.0,0.0,1.0,,,inf,26199.0,,,0.0,26199.0,hyperplane_gauss,37199,7,0.352841314021498,0.21036003101617098,5,virtual,sudden,0,0.08965697124600411,0.9686825874128512,True,low,abrupt,virtual/sudden/K=5/recurring/low/abrupt/partial/imbalanced/noisy,0.0,-0.0
scn-acd214604620,780594871,Periodic(2000),0.7611812481007763,0.026284357999884378,0,5.0,18.0,5.0,0.0,13.0,0.0,0.2777777777777778,1.0,0.4347826086956522,0.0,901.0,901.0,2015.3076923076924,2015.3076923076924,2.2367454964569284,2.2367454964569284,0.49620214512004274,26199.0,hyperplane_gauss,37199,7,0.352841314021498,0.21036003101617098,5,virtual,sudden,0,0.08965697124600411,0.9686825874128512,True,low,abrupt,virtual/sudden/K=5/recurring/low/abrupt/partial/imbalanced/noisy,0.0,-0.0
scn-acd214604620,780594871,Oracle,0.7611812481007763,0.024559510000017326,0,5.0,5.0,5.0,0.0,0.0,0.0,1.0,1.0,1.0,0.0,1.0,1.0,inf,26199.0,inf,26199.0,0.0,26199.0,hyperplane_gauss,37199,7,0.352841314021498,0.21036003101617098,5,virtual,sudden,0,0.08965697124600411,0.9686825874128512,True,low,abrupt,virtual/sudden/K=5/recurring/low/abrupt/partial/imbalanced/noisy,0.0,-0.0
scn-acd214604620,780594872,ADWIN,0.7699383960882897,0.034609866999744554,0,5.0,0.0,0.0,5.0,0.0,0.0,,0.0,0.0,1.0,,,inf,26199.0,,,0.0,26199.0,hyperplane_gauss,37199,7,0.352841314021498,0.21036003101617098,5,virtual,sudden,0,0.08965697124600411,0.9686825874128512,True,low,abrupt,virtual/sudden/K=5/recurring/low/abrupt/partial/imbalanced/noisy,0.0,-0.0
scn-acd214604620,780594872,PageHinkley,0.7699383960882897,0.05164645000013479,0,5.0,4.0,1.0,4.0,3.0,0.0,0.25,0.2,0.22222222222222224,0.8,552.0,552.0,8733.0,8733.0,3.164130434782608,3.164130434782608,0.11450818733539449,26199.0,hyperplane_gauss,37199,7,0.352841314021498,0.21036003101617098,5,virtual,sudden,0,0.08965697124600411,0.9686825874128512,True,low,abrupt,virtual/sudden/K=5/recurring/low/abrupt/partial/imbalanced/noisy,0.0,-0.0
scn-acd214604620,780594872,PageHinkley-up,0.7699383960882897,0.052176318999954674,0,5.0,2.0,0.0,5.0,2.0,0.0,0.0,0.0,0.0,1.0,,,13099.5,13099.5,,,0.07633879155692966,26199.0,hyperplane_gauss,37199,7,0.352841314021498,0.21036003101617098,5,virtual,sudden,0,0.08965697124600411,0.9686825874128512,True,low,abrupt,virtual/sudden/K=5/recurring/low/abrupt/partial/imbalanced/noisy,0.0,-0.0
scn-acd214604620,780594872,DDM,0.7699383960882897,0.04404386099986368,0,5.0,1.0,0.0,5.0,1.0,0.0,0.0,0.0,0.0,1.0,,,26199.0,26199.0,,,0.03816939577846483,26199.0,hyperplane_gauss,37199,7,0.352841314021498,0.21036003101617098,5,virtual,sudden,0,0.08965697124600411,0.9686825874128512,True,low,abrupt,virtual/sudden/K=5/recurring/low/abrupt/partial/imbalanced/noisy,0.0,-0.0
scn-acd214604620,780594872,EDDM,0.7699383960882897,0.039982865000183665,0,5.0,3.0,0.0,5.0,3.0,0.0,0.0,0.0,0.0,1.0,,,8733.0,8733.0,,,0.11450818733539449,26199.0,hyperplane_gauss,37199,7,0.352841314021498,0.21036003101617098,5,virtual,sudden,0,0.08965697124600411,0.9686825874128512,True,low,abrupt,virtual/sudden/K=5/recurring/low/abrupt/partial/imbalanced/noisy,0.0,-0.0
scn-acd214604620,780594872,HDDM_A,0.7699383960882897,0.11510382799997387,0,5.0,1.0,1.0,4.0,0.0,0.0,1.0,0.2,0.33333333333333337,0.8,589.0,589.0,inf,26199.0,inf,8.896095076400677,0.0,26199.0,hyperplane_gauss,37199,7,0.352841314021498,0.21036003101617098,5,virtual,sudden,0,0.08965697124600411,0.9686825874128512,True,low,abrupt,virtual/sudden/K=5/recurring/low/abrupt/partial/imbalanced/noisy,0.0,-0.0
scn-acd214604620,780594872,HDDM_W,0.7699383960882897,0.13287094099996466,0,5.0,9.0,3.0,2.0,6.0,0.0,0.3333333333333333,0.6,0.42857142857142855,0.4,1221.3333333333333,1271.0,4366.5,4366.5,2.145114628820961,2.145114628820961,0.22901637467078897,26199.0,hyperplane_gauss,37199,7,0.352841314021498,0.21036003101617098,5,virtual,sudden,0,0.08965697124600411,0.9686825874128512,True,low,abrupt,virtual/sudden/K=5/recurring/low/abrupt/partial/imbalanced/noisy,0.0,-0.0
scn-acd214604620,780594872,FHDDM,0.7699383960882897,0.03798047000009319,0,5.0,4.0,1.0,4.0,3.0,0.0,0.25,0.2,0.22222222222222224,0.8,1845.0,1845.0,8733.0,8733.0,0.9466666666666664,0.9466666666666664,0.11450818733539449,26199.0,hyperplane_gauss,37199,7,0.352841314021498,0.21036003101617098,5,virtual,sudden,0,0.08965697124600411,0.9686825874128512,True,low,abrupt,virtual/sudden/K=5/recurring/low/abrupt/partial/imbalanced/noisy,0.0,-0.0
scn-acd214604620,780594872,NoDrift,0.7699383960882897,0.02492814700008239,0,5.0,0.0,0.0,5.0,0.0,0.0,,0.0,0.0,1.0,,,inf,26199.0,,,0.0,26199.0,hyperplane_gauss,37199,7,0.352841314021498,0.21036003101617098,5,virtual,sudden,0,0.08965697124600411,0.9686825874128512,True,low,abrupt,virtual/sudden/K=5/recurring/low/abrupt/partial/imbalanced/noisy,0.0,-0.0
scn-acd214604620,780594872,Periodic(2000),0.7699383960882897,0.02734836199988422,0,5.0,18.0,5.0,0.0,13.0,0.0,0.2777777777777778,1.0,0.4347826086956522,0.0,901.0,901.0,2015.3076923076924,2015.3076923076924,2.2367454964569284,2.2367454964569284,0.49620214512004274,26199.0,hyperplane_gauss,37199,7,0.352841314021498,0.21036003101617098,5,virtual,sudden,0,0.08965697124600411,0.9686825874128512,True,low,abrupt,virtual/sudden/K=5/recurring/low/abrupt/partial/imbalanced/noisy,0.0,-0.0
scn-acd214604620,780594872,Oracle,0.7699383960882897,0.02860130199997002,0,5.0,5.0,5.0,0.0,0.0,0.0,1.0,1.0,1.0,0.0,1.0,1.0,inf,26199.0,inf,26199.0,0.0,26199.0,hyperplane_gauss,37199,7,0.352841314021498,0.21036003101617098,5,virtual,sudden,0,0.08965697124600411,0.9686825874128512,True,low,abrupt,virtual/sudden/K=5/recurring/low/abrupt/partial/imbalanced/noisy,0.0,-0.0
scn-acd214604620,780594873,ADWIN,0.7691925191303627,0.032272244000068895,0,5.0,0.0,0.0,5.0,0.0,0.0,,0.0,0.0,1.0,,,inf,26199.0,,,0.0,26199.0,hyperplane_gauss,37199,7,0.352841314021498,0.21036003101617098,5,virtual,sudden,0,0.08965697124600411,0.9686825874128512,True,low,abrupt,virtual/sudden/K=5/recurring/low/abrupt/partial/imbalanced/noisy,0.0,-0.0
scn-acd214604620,780594873,PageHinkley,0.7691925191303627,0.0502611099996102,0,5.0,3.0,2.0,3.0,1.0,0.0,0.6666666666666666,0.4,0.5,0.6,709.5,709.5,26199.0,26199.0,14.770401691331925,14.770401691331925,0.03816939577846483,26199.0,hyperplane_gauss,37199,7,0.352841314021498,0.21036003101617098,5,virtual,sudden,0,0.08965697124600411,0.9686825874128512,True,low,abrupt,virtual/sudden/K=5/recurring/low/abrupt/partial/imbalanced/noisy,0.0,-0.0
scn-acd214604620,780594873,PageHinkley-up,0.7691925191303627,0.042423345999850426,0,5.0,1.0,0.0,5.0,1.0,0.0,0.0,0.0,0.0,1.0,,,26199.0,26199.0,,,0.03816939577846483,26199.0,hyperplane_gauss,37199,7,0.352841314021498,0.21036003101617098,5,virtual,sudden,0,0.08965697124600411,0.9686825874128512,True,low,abrupt,virtual/sudden/K=5/recurring/low/abrupt/partial/imbalanced/noisy,0.0,-0.0
scn-acd214604620,780594873,DDM,0.7691925191303627,0.04151361799995357,0,5.0,0.0,0.0,5.0,0.0,0.0,,0.0,0.0,1.0,,,inf,26199.0,,,0.0,26199.0,hyperplane_gauss,37199,7,0.352841314021498,0.21036003101617098,5,virtual,sudden,0,0.08965697124600411,0.9686825874128512,True,low,abrupt,virtual/sudden/K=5/recurring/low/abrupt/partial/imbalanced/noisy,0.0,-0.0
scn-acd214604620,780594873,EDDM,0.7691925191303627,0.03675234000002092,0,5.0,33.0,1.0,4.0,30.0,2.0,0.030303030303030304,0.2,0.052631578947368425,0.8,106.0,106.0,873.3,873.3,1.6477358490566032,1.6477358490566032,1.1450818733539447,26199.0,hyperplane_gauss,37199,7,0.352841314021498,0.21036003101617098,5,virtual,sudden,0,0.08965697124600411,0.9686825874128512,True,low,abrupt,virtual/sudden/K=5/recurring/low/abrupt/partial/imbalanced/noisy,0.0,-0.0
scn-acd214604620,780594873,HDDM_A,0.7691925191303627,0.1120271789995968,0,5.0,0.0,0.0,5.0,0.0,0.0,,0.0,0.0,1.0,,,inf,26199.0,,,0.0,26199.0,hyperplane_gauss,37199,7,0.352841314021498,0.21036003101617098,5,virtual,sudden,0,0.08965697124600411,0.9686825874128512,True,low,abrupt,virtual/sudden/K=5/recurring/low/abrupt/partial/imbalanced/noisy,0.0,-0.0
scn-acd214604620,780594873,HDDM_W,0.7691925191303627,0.12226849299986497,0,5.0,5.0,1.0,4.0,4.0,0.0,0.2,0.2,0.20000000000000004,0.8,1756.0,1756.0,6549.75,6549.75,0.7459851936218678,0.7459851936218678,0.15267758311385932,26199.0,hyperplane_gauss,37199,7,0.352841314021498,0.21036003101617098,5,virtual,sudden,0,0.08965697124600411,0.9686825874128512,True,low,abrupt,virtual/sudden/K=5/recurring/low/abrupt/partial/imbalanced/noisy,0.0,-0.0
scn-acd214604620,780594873,FHDDM,0.7691925191303627,0.03699360400014484,0,5.0,1.0,0.0,5.0,1.0,0.0,0.0,0.0,0.0,1.0,,,26199.0,26199.0,,,0.03816939577846483,26199.0,hyperplane_gauss,37199,7,0.352841314021498,0.21036003101617098,5,virtual,sudden,0,0.08965697124600411,0.9686825874128512,True,low,abrupt,virtual/sudden/K=5/recurring/low/abrupt/partial/imbalanced/noisy,0.0,-0.0
scn-acd214604620,780594873,NoDrift,0.7691925191303627,0.025209070000073552,0,5.0,0.0,0.0,5.0,0.0,0.0,,0.0,0.0,1.0,,,inf,26199.0,,,0.0,26199.0,hyperplane_gauss,37199,7,0.352841314021498,0.21036003101617098,5,virtual,sudden,0,0.08965697124600411,0.9686825874128512,True,low,abrupt,virtual/sudden/K=5/recurring/low/abrupt/partial/imbalanced/noisy,0.0,-0.0
scn-acd214604620,780594873,Periodic(2000),0.7691925191303627,0.02599023299990222,0,5.0,18.0,5.0,0.0,13.0,0.0,0.2777777777777778,1.0,0.4347826086956522,0.0,901.0,901.0,2015.3076923076924,2015.3076923076924,2.2367454964569284,2.2367454964569284,0.49620214512004274,26199.0,hyperplane_gauss,37199,7,0.352841314021498,0.21036003101617098,5,virtual,sudden,0,0.08965697124600411,0.9686825874128512,True,low,abrupt,virtual/sudden/K=5/recurring/low/abrupt/partial/imbalanced/noisy,0.0,-0.0
scn-acd214604620,780594873,Oracle,0.7691925191303627,0.02627935400005299,0,5.0,5.0,5.0,0.0,0.0,0.0,1.0,1.0,1.0,0.0,1.0,1.0,inf,26199.0,inf,26199.0,0.0,26199.0,hyperplane_gauss,37199,7,0.352841314021498,0.21036003101617098,5,virtual,sudden,0,0.08965697124600411,0.9686825874128512,True,low,abrupt,virtual/sudden/K=5/recurring/low/abrupt/partial/imbalanced/noisy,0.0,-0.0
scn-5699ba267422,2136958947,ADWIN,0.6762393054856568,0.05701630400017166,0,5.0,3.0,2.0,3.0,1.0,0.0,0.6666666666666666,0.4,0.5,0.6,689.0,689.0,20522.0,20522.0,11.914078374455734,11.914078374455734,0.04872819413312543,20522.0,hyperplane_gauss,32792,23,0.41794081423431634,0.17926956759765744,5,real,incremental,254,0.4375708283483982,0.5682102724909783,True,high,fast,real/incremental/K=5/recurring/high/fast/partial/balanced/noisy,0.0,-0.0
scn-5699ba267422,2136958947,PageHinkley,0.6762393054856568,0.06461434199991345,0,5.0,8.0,4.0,1.0,3.0,1.0,0.5,0.8,0.6153846153846154,0.19999999999999996,1197.0,1236.5,6840.666666666667,6840.666666666667,4.571874129768867,4.571874129768867,0.1461845823993763,20522.0,hyperplane_gauss,32792,23,0.41794081423431634,0.17926956759765744,5,real,incremental,254,0.4375708283483982,0.5682102724909783,True,high,fast,real/incremental/K=5/recurring/high/fast/partial/balanced/noisy,0.0,-0.0
scn-5699ba267422,2136958947,PageHinkley-up,0.6762393054856568,0.06473486599998068,0,5.0,3.0,3.0,2.0,0.0,0.0,1.0,0.6,0.7499999999999999,0.4,1090.3333333333333,943.0,inf,20522.0,inf,11.29306022623051,0.0,20522.0,hyperplane_gauss,32792,23,0.41794081423431634,0.17926956759765744,5,real,incremental,254,0.4375708283483982,0.5682102724909783,True,high,fast,real/incremental/K=5/recurring/high/fast/partial/balanced/noisy,0.0,-0.0
scn-5699ba267422,2136958947,DDM,0.6762393054856568,0.0626516340003036,0,5.0,2.0,1.0,4.0,1.0,0.0,0.5,0.2,0.28571428571428575,0.8,341.0,341.0,20522.0,20522.0,12.036363636363633,12.036363636363633,0.04872819413312543,20522.0,hyperplane_gauss,32792,23,0.41794081423431634,0.17926956759765744,5,real,incremental,254,0.4375708283483982,0.5682102724909783,True,high,fast,real/incremental/K=5/recurring/high/fast/partial/balanced/noisy,0.0,-0.0
scn-5699ba267422,2136958947,EDDM,0.6762393054856568,0.0633509219996995,0,5.0,5.0,1.0,4.0,2.0,2.0,0.2,0.2,0.20000000000000004,0.8,507.0,507.0,10261.0,10261.0,4.047731755424062,4.047731755424062,0.09745638826625086,20522.0,hyperplane_gauss,32792,23,0.41794081423431634,0.17926956759765744,5,real,incremental,254,0.4375708283483982,0.5682102724909783,True,high,fast,real/incremental/K=5/recurring/high/fast/partial/balanced/noisy,0.0,-0.0
scn-5699ba267422,2136958947,HDDM_A,0.6762393054856568,0.1326581799999076,0,5.0,1.0,1.0,4.0,0.0,0.0,1.0,0.2,0.33333333333333337,0.8,261.0,261.0,inf,20522.0,inf,15.72567049808429,0.0,20522.0,hyperplane_gauss,32792,23,0.41794081423431634,0.17926956759765744,5,real,incremental,254,0.4375708283483982,0.5682102724909783,True,high,fast,real/incremental/K=5/recurring/high/fast/partial/balanced/noisy,0.0,-0.0
scn-5699ba267422,2136958947,HDDM_W,0.6762393054856568,0.15718167599970911,0,5.0,22.0,5.0,0.0,11.0,6.0,0.22727272727272727,1.0,0.37037037037037035,0.0,486.8,385.0,1865.6363636363637,1865.6363636363637,3.8324493912004183,3.8324493912004183,0.5360101354643797,20522.0,hyperplane_gauss,32792,23,0.41794081423431634,0.17926956759765744,5,real,incremental,254,0.4375708283483982,0.5682102724909783,True,high,fast,real/incremental/K=5/recurring/high/fast/partial/balanced/noisy,0.0,-0.0
scn-5699ba267422,2136958947,FHDDM,0.6762393054856568,0.0582593590002034,0,5.0,8.0,5.0,0.0,1.0,2.0,0.625,1.0,0.7692307692307693,0.0,609.6,468.0,20522.0,20522.0,33.66469816272966,33.66469816272966,0.04872819413312543,20522.0,hyperplane_gauss,32792,23,0.41794081423431634,0.17926956759765744,5,real,incremental,254,0.4375708283483982,0.5682102724909783,True,high,fast,real/incremental/K=5/recurring/high/fast/partial/balanced/noisy,0.0,-0.0
scn-5699ba267422,2136958947,NoDrift,0.6762393054856568,0.04920519300003434,0,5.0,0.0,0.0,5.0,0.0,0.0,,0.0,0.0,1.0,,,inf,20522.0,,,0.0,20522.0,hyperplane_gauss,32792,23,0.41794081423431634,0.17926956759765744,5,real,incremental,254,0.4375708283483982,0.5682102724909783,True,high,fast,real/incremental/K=5/recurring/high/fast/partial/balanced/noisy,0.0,-0.0
scn-5699ba267422,2136958947,Periodic(2000),0.6762393054856568,0.05001788200024748,0,5.0,15.0,5.0,0.0,10.0,0.0,0.3333333333333333,1.0,0.5,0.0,1231.4,1231.0,2052.2,2052.2,1.6665583888257265,1.6665583888257265,0.48728194133125424,20522.0,hyperplane_gauss,32792,23,0.41794081423431634,0.17926956759765744,5,real,incremental,254,0.4375708283483982,0.5682102724909783,True,high,fast,real/incremental/K=5/recurring/high/fast/partial/balanced/noisy,0.0,-0.0
scn-5699ba267422,2136958947,Oracle,0.6762393054856568,0.053322860000207584,0,5.0,5.0,5.0,0.0,0.0,0.0,1.0,1.0,1.0,0.0,128.0,128.0,inf,20522.0,inf,160.328125,0.0,20522.0,hyperplane_gauss,32792,23,0.41794081423431634,0.17926956759765744,5,real,incremental,254,0.4375708283483982,0.5682102724909783,True,high,fast,real/incremental/K=5/recurring/high/fast/partial/balanced/noisy,0.0,-0.0
scn-5699ba267422,2136958948,ADWIN,0.6819640161046804,0.05634224000004906,0,5.0,3.0,1.0,4.0,2.0,0.0,0.3333333333333333,0.2,0.25,0.8,284.0,284.0,10261.0,10261.0,7.226056338028168,7.226056338028168,0.09745638826625086,20522.0,hyperplane_gauss,32792,23,0.41794081423431634,0.17926956759765744,5,real,incremental,254,0.4375708283483982,0.5682102724909783,True,high,fast,real/incremental/K=5/recurring/high/fast/partial/balanced/noisy,0.0,-0.0
scn-5699ba267422,2136958948,PageHinkley,0.6819640161046804,0.06417473600004087,0,5.0,8.0,4.0,1.0,3.0,1.0,0.5,0.8,0.6153846153846154,0.19999999999999996,848.25,665.0,6840.666666666667,6840.666666666667,6.451557127419197,6.451557127419197,0.1461845823993763,20522.0,hyperplane_gauss,32792,23,0.41794081423431634,0.17926956759765744,5,real,incremental,254,0.4375708283483982,0.5682102724909783,True,high,fast,real/incremental/K=5/recurring/high/fast/partial/balanced/noisy,0.0,-0.0
scn-5699ba267422,2136958948,PageHinkley-up,0.6819640161046804,0.06397539300041899,0,5.0,4.0,3.0,2.0,1.0,0.0,0.75,0.6,0.6666666666666665,0.4,1424.6666666666667,1895.0,20522.0,20522.0,8.642863827795974,8.642863827795974,0.04872819413312543,20522.0,hyperplane_gauss,32792,23,0.41794081423431634,0.17926956759765744,5,real,incremental,254,0.4375708283483982,0.5682102724909783,True,high,fast,real/incremental/K=5/recurring/high/fast/partial/balanced/noisy,0.0,-0.0
scn-5699ba267422,2136958948,DDM,0.6819640161046804,0.06326641299983748,0,5.0,1.0,1.0,4.0,0.0,0.0,1.0,0.2,0.33333333333333337,0.8,283.0,283.0,inf,20522.0,inf,14.503180212014131,0.0,20522.0,hyperplane_gauss,32792,23,0.41794081423431634,0.17926956759765744,5,real,incremental,254,0.4375708283483982,0.5682102724909783,True,high,fast,real/incremental/K=5/recurring/high/fast/partial/balanced/noisy,0.0,-0.0
scn-5699ba267422,2136958948,EDDM,0.6819640161046804,0.06015693500012276,0,5.0,18.0,1.0,4.0,14.0,3.0,0.05555555555555555,0.2,0.08695652173913045,0.8,82.0,82.0,1465.857142857143,1465.857142857143,3.5752613240418114,3.5752613240418114,0.682194717863756,20522.0,hyperplane_gauss,32792,23,0.41794081423431634,0.17926956759765744,5,real,incremental,254,0.4375708283483982,0.5682102724909783,True,high,fast,real/incremental/K=5/recurring/high/fast/partial/balanced/noisy,0.0,-0.0
scn-5699ba267422,2136958948,HDDM_A,0.6819640161046804,0.13135741899986897,0,5.0,1.0,1.0,4.0,0.0,0.0,1.0,0.2,0.33333333333333337,0.8,260.0,260.0,inf,20522.0,inf,15.786153846153843,0.0,20522.0,hyperplane_gauss,32792,23,0.41794081423431634,0.17926956759765744,5,real,incremental,254,0.4375708283483982,0.5682102724909783,True,high,fast,real/incremental/K=5/recurring/high/fast/partial/balanced/noisy,0.0,-0.0
scn-5699ba267422,2136958948,HDDM_W,0.6819640161046804,0.14665787000012642,0,5.0,13.0,5.0,0.0,8.0,0.0,0.38461538461538464,1.0,0.5555555555555556,0.0,598.8,515.0,2565.25,2565.25,4.283984635938544,4.283984635938544,0.38982555306500344,20522.0,hyperplane_gauss,32792,23,0.41794081423431634,0.17926956759765744,5,real,incremental,254,0.4375708283483982,0.5682102724909783,True,high,fast,real/incremental/K=5/recurring/high/fast/partial/balanced/noisy,0.0,-0.0
scn-5699ba267422,2136958948,FHDDM,0.6819640161046804,0.06107683400023234,0,5.0,8.0,3.0,2.0,5.0,0.0,0.375,0.6,0.4615384615384615,0.4,938.3333333333334,530.0,4104.4,4104.4,2.6244831261101242,2.6244831261101242,0.24364097066562712,20522.0,hyperplane_gauss,32792,23,0.41794081423431634,0.17926956759765744,5,real,incremental,254,0.4375708283483982,0.5682102724909783,True,high,fast,real/incremental/K=5/recurring/high/fast/partial/balanced/noisy,0.0,-0.0
scn-5699ba267422,2136958948,NoDrift,0.6819640161046804,0.0485120729999835,0,5.0,0.0,0.0,5.0,0.0,0.0,,0.0,0.0,1.0,,,inf,20522.0,,,0.0,20522.0,hyperplane_gauss,32792,23,0.41794081423431634,0.17926956759765744,5,real,incremental,254,0.4375708283483982,0.5682102724909783,True,high,fast,real/incremental/K=5/recurring/high/fast/partial/balanced/noisy,0.0,-0.0
scn-5699ba267422,2136958948,Periodic(2000),0.6819640161046804,0.048626645999775064,0,5.0,15.0,5.0,0.0,10.0,0.0,0.3333333333333333,1.0,0.5,0.0,1231.4,1231.0,2052.2,2052.2,1.6665583888257265,1.6665583888257265,0.48728194133125424,20522.0,hyperplane_gauss,32792,23,0.41794081423431634,0.17926956759765744,5,real,incremental,254,0.4375708283483982,0.5682102724909783,True,high,fast,real/incremental/K=5/recurring/high/fast/partial/balanced/noisy,0.0,-0.0
scn-5699ba267422,2136958948,Oracle,0.6819640161046804,0.04851684100003695,0,5.0,5.0,5.0,0.0,0.0,0.0,1.0,1.0,1.0,0.0,128.0,128.0,inf,20522.0,inf,160.328125,0.0,20522.0,hyperplane_gauss,32792,23,0.41794081423431634,0.17926956759765744,5,real,incremental,254,0.4375708283483982,0.5682102724909783,True,high,fast,real/incremental/K=5/recurring/high/fast/partial/balanced/noisy,0.0,-0.0
scn-5699ba267422,2136958949,ADWIN,0.6779063915450427,0.05746303199975955,0,5.0,3.0,2.0,3.0,1.0,0.0,0.6666666666666666,0.4,0.5,0.6,865.0,865.0,20522.0,20522.0,9.489942196531791,9.489942196531791,0.04872819413312543,20522.0,hyperplane_gauss,32792,23,0.41794081423431634,0.17926956759765744,5,real,incremental,254,0.4375708283483982,0.5682102724909783,True,high,fast,real/incremental/K=5/recurring/high/fast/partial/balanced/noisy,0.0,-0.0
scn-5699ba267422,2136958949,PageHinkley,0.6779063915450427,0.06367984200005594,0,5.0,8.0,4.0,1.0,4.0,0.0,0.5,0.8,0.6153846153846154,0.19999999999999996,815.0,907.5,5130.5,5130.5,5.036073619631902,5.036073619631902,0.19491277653250172,20522.0,hyperplane_gauss,32792,23,0.41794081423431634,0.17926956759765744,5,real,incremental,254,0.4375708283483982,0.5682102724909783,True,high,fast,real/incremental/K=5/recurring/high/fast/partial/balanced/noisy,0.0,-0.0
scn-5699ba267422,2136958949,PageHinkley-up,0.6779063915450427,0.06363399399970149,0,5.0,4.0,4.0,1.0,0.0,0.0,1.0,0.8,0.888888888888889,0.19999999999999996,971.25,1161.0,inf,20522.0,inf,16.903577863577862,0.0,20522.0,hyperplane_gauss,32792,23,0.41794081423431634,0.17926956759765744,5,real,incremental,254,0.4375708283483982,0.5682102724909783,True,high,fast,real/incremental/K=5/recurring/high/fast/partial/balanced/noisy,0.0,-0.0
scn-5699ba267422,2136958949,DDM,0.6779063915450427,0.06422109599998294,0,5.0,1.0,1.0,4.0,0.0,0.0,1.0,0.2,0.33333333333333337,0.8,325.0,325.0,inf,20522.0,inf,12.628923076923074,0.0,20522.0,hyperplane_gauss,32792,23,0.41794081423431634,0.17926956759765744,5,real,incremental,254,0.4375708283483982,0.5682102724909783,True,high,fast,real/incremental/K=5/recurring/high/fast/partial/balanced/noisy,0.0,-0.0
scn-5699ba267422,2136958949,EDDM,0.6779063915450427,0.06617531599977156,0,5.0,14.0,1.0,4.0,2.0,11.0,0.07142857142857142,0.2,0.10526315789473682,0.8,405.0,405.0,10261.0,10261.0,5.06716049382716,5.06716049382716,0.09745638826625086,20522.0,hyperplane_gauss,32792,23,0.41794081423431634,0.17926956759765744,5,real,incremental,254,0.4375708283483982,0.5682102724909783,True,high,fast,real/incremental/K=5/recurring/high/fast/partial/balanced/noisy,0.0,-0.0
scn-5699ba267422,2136958949,HDDM_A,0.6779063915450427,0.1367826820001028,0,5.0,1.0,1.0,4.0,0.0,0.0,1.0,0.2,0.33333333333333337,0.8,177.0,177.0,inf,20522.0,inf,23.188700564971747,0.0,20522.0,hyperplane_gauss,32792,23,0.41794081423431634,0.17926956759765744,5,real,incremental,254,0.4375708283483982,0.5682102724909783,True,high,fast,real/incremental/K=5/recurring/high/fast/partial/balanced/noisy,0.0,-0.0
scn-5699ba267422,2136958949,HDDM_W,0.6779063915450427,0.15383831400004055,0,5.0,19.0,5.0,0.0,9.0,5.0,0.2631578947368421,1.0,0.4166666666666667,0.0,340.2,303.0,2280.222222222222,2280.222222222222,6.702593245803122,6.702593245803122,0.43855374719812884,20522.0,hyperplane_gauss,32792,23,0.41794081423431634,0.17926956759765744,5,real,incremental,254,0.4375708283483982,0.5682102724909783,True,high,fast,real/incremental/K=5/recurring/high/fast/partial/balanced/noisy,0.0,-0.0
scn-5699ba267422,2136958949,FHDDM,0.6779063915450427,0.05883698900015588,0,5.0,7.0,5.0,0.0,2.0,0.0,0.7142857142857143,1.0,0.8333333333333333,0.0,685.2,330.0,10261.0,10261.0,14.975189725627553,14.975189725627553,0.09745638826625086,20522.0,hyperplane_gauss,32792,23,0.41794081423431634,0.17926956759765744,5,real,incremental,254,0.4375708283483982,0.5682102724909783,True,high,fast,real/incremental/K=5/recurring/high/fast/partial/balanced/noisy,0.0,-0.0
scn-5699ba267422,2136958949,NoDrift,0.6779063915450427,0.04918315199984136,0,5.0,0.0,0.0,5.0,0.0,0.0,,0.0,0.0,1.0,,,inf,20522.0,,,0.0,20522.0,hyperplane_gauss,32792,23,0.41794081423431634,0.17926956759765744,5,real,incremental,254,0.4375708283483982,0.5682102724909783,True,high,fast,real/incremental/K=5/recurring/high/fast/partial/balanced/noisy,0.0,-0.0
scn-5699ba267422,2136958949,Periodic(2000),0.6779063915450427,0.0481866150003043,0,5.0,15.0,5.0,0.0,10.0,0.0,0.3333333333333333,1.0,0.5,0.0,1231.4,1231.0,2052.2,2052.2,1.6665583888257265,1.6665583888257265,0.48728194133125424,20522.0,hyperplane_gauss,32792,23,0.41794081423431634,0.17926956759765744,5,real,incremental,254,0.4375708283483982,0.5682102724909783,True,high,fast,real/incremental/K=5/recurring/high/fast/partial/balanced/noisy,0.0,-0.0
scn-5699ba267422,2136958949,Oracle,0.6779063915450427,0.048201769000115746,0,5.0,5.0,5.0,0.0,0.0,0.0,1.0,1.0,1.0,0.0,128.0,128.0,inf,20522.0,inf,160.328125,0.0,20522.0,hyperplane_gauss,32792,23,0.41794081423431634,0.17926956759765744,5,real,incremental,254,0.4375708283483982,0.5682102724909783,True,high,fast,real/incremental/K=5/recurring/high/fast/partial/balanced/noisy,0.0,-0.0
scn-e4511a7e2533,1119015673,ADWIN,0.8375014230958977,0.021642403999976523,0,3.0,1.0,1.0,2.0,0.0,0.0,1.0,0.3333333333333333,0.5,0.6666666666666667,865.0,865.0,inf,20351.0,inf,7.842389210019266,0.0,20351.0,hyperplane_gauss,27351,5,0.27048233775421976,0.13372400254011155,3,prior,sudden,0,0.24214529410004615,1.0,False,medium,abrupt,prior/sudden/K=3/medium/abrupt/n/a/imbalanced/noisy,0.0,-0.0
scn-e4511a7e2533,1119015673,PageHinkley,0.8375014230958977,0.028405733999989025,0,3.0,3.0,0.0,3.0,3.0,0.0,0.0,0.0,0.0,1.0,,,6783.666666666667,6783.666666666667,,,0.14741290354282344,20351.0,hyperplane_gauss,27351,5,0.27048233775421976,0.13372400254011155,3,prior,sudden,0,0.24214529410004615,1.0,False,medium,abrupt,prior/sudden/K=3/medium/abrupt/n/a/imbalanced/noisy,0.0,-0.0
scn-e4511a7e2533,1119015673,PageHinkley-up,0.8375014230958977,0.02894434000018009,0,3.0,2.0,1.0,2.0,1.0,0.0,0.5,0.3333333333333333,0.4,0.6666666666666667,878.0,878.0,20351.0,20351.0,7.726271829916476,7.726271829916476,0.049137634514274484,20351.0,hyperplane_gauss,27351,5,0.27048233775421976,0.13372400254011155,3,prior,sudden,0,0.24214529410004615,1.0,False,medium,abrupt,prior/sudden/K=3/medium/abrupt/n/a/imbalanced/noisy,0.0,-0.0
scn-e4511a7e2533,1119015673,DDM,0.8375014230958977,0.02787920899982055,0,3.0,1.0,1.0,2.0,0.0,0.0,1.0,0.3333333333333333,0.5,0.6666666666666667,1000.0,1000.0,inf,20351.0,inf,6.783666666666665,0.0,20351.0,hyperplane_gauss,27351,5,0.27048233775421976,0.13372400254011155,3,prior,sudden,0,0.24214529410004615,1.0,False,medium,abrupt,prior/sudden/K=3/medium/abrupt/n/a/imbalanced/noisy,0.0,-0.0
scn-e4511a7e2533,1119015673,EDDM,0.8375014230958977,0.02270267199992304,0,3.0,59.0,3.0,0.0,42.0,14.0,0.05084745762711865,1.0,0.0967741935483871,0.0,354.3333333333333,106.0,484.54761904761904,484.54761904761904,1.3674909286386239,1.3674909286386239,2.0637806495995283,20351.0,hyperplane_gauss,27351,5,0.27048233775421976,0.13372400254011155,3,prior,sudden,0,0.24214529410004615,1.0,False,medium,abrupt,prior/sudden/K=3/medium/abrupt/n/a/imbalanced/noisy,0.0,-0.0
scn-e4511a7e2533,1119015673,HDDM_A,0.8375014230958977,0.08556499599990275,0,3.0,1.0,0.0,3.0,1.0,0.0,0.0,0.0,0.0,1.0,,,20351.0,20351.0,,,0.049137634514274484,20351.0,hyperplane_gauss,27351,5,0.27048233775421976,0.13372400254011155,3,prior,sudden,0,0.24214529410004615,1.0,False,medium,abrupt,prior/sudden/K=3/medium/abrupt/n/a/imbalanced/noisy,0.0,-0.0
scn-e4511a7e2533,1119015673,HDDM_W,0.8375014230958977,0.08444298999984312,0,3.0,1.0,1.0,2.0,0.0,0.0,1.0,0.3333333333333333,0.5,0.6666666666666667,434.0,434.0,inf,20351.0,inf,15.630568356374805,0.0,20351.0,hyperplane_gauss,27351,5,0.27048233775421976,0.13372400254011155,3,prior,sudden,0,0.24214529410004615,1.0,False,medium,abrupt,prior/sudden/K=3/medium/abrupt/n/a/imbalanced/noisy,0.0,-0.0
scn-e4511a7e2533,1119015673,FHDDM,0.8375014230958977,0.024850636999872222,0,3.0,0.0,0.0,3.0,0.0,0.0,,0.0,0.0,1.0,,,inf,20351.0,,,0.0,20351.0,hyperplane_gauss,27351,5,0.27048233775421976,0.13372400254011155,3,prior,sudden,0,0.24214529410004615,1.0,False,medium,abrupt,prior/sudden/K=3/medium/abrupt/n/a/imbalanced/noisy,0.0,-0.0
scn-e4511a7e2533,1119015673,NoDrift,0.8375014230958977,0.015272399999957997,0,3.0,0.0,0.0,3.0,0.0,0.0,,0.0,0.0,1.0,,,inf,20351.0,,,0.0,20351.0,hyperplane_gauss,27351,5,0.27048233775421976,0.13372400254011155,3,prior,sudden,0,0.24214529410004615,1.0,False,medium,abrupt,prior/sudden/K=3/medium/abrupt/n/a/imbalanced/noisy,0.0,-0.0
scn-e4511a7e2533,1119015673,Periodic(2000),0.8375014230958977,0.016018835000068066,0,3.0,13.0,3.0,0.0,10.0,0.0,0.23076923076923078,1.0,0.375,0.0,1158.3333333333333,1041.0,2035.1,2035.1,1.7569208633093525,1.7569208633093525,0.4913763451427448,20351.0,hyperplane_gauss,27351,5,0.27048233775421976,0.13372400254011155,3,prior,sudden,0,0.24214529410004615,1.0,False,medium,abrupt,prior/sudden/K=3/medium/abrupt/n/a/imbalanced/noisy,0.0,-0.0
scn-e4511a7e2533,1119015673,Oracle,0.8375014230958977,0.01598540899976797,0,3.0,3.0,3.0,0.0,0.0,0.0,1.0,1.0,1.0,0.0,1.0,1.0,inf,20351.0,inf,20351.0,0.0,20351.0,hyperplane_gauss,27351,5,0.27048233775421976,0.13372400254011155,3,prior,sudden,0,0.24214529410004615,1.0,False,medium,abrupt,prior/sudden/K=3/medium/abrupt/n/a/imbalanced/noisy,0.0,-0.0
scn-e4511a7e2533,1119015674,ADWIN,0.8335547038063071,0.02143477699974028,0,3.0,1.0,0.0,3.0,1.0,0.0,0.0,0.0,0.0,1.0,,,20351.0,20351.0,,,0.049137634514274484,20351.0,hyperplane_gauss,27351,5,0.27048233775421976,0.13372400254011155,3,prior,sudden,0,0.24214529410004615,1.0,False,medium,abrupt,prior/sudden/K=3/medium/abrupt/n/a/imbalanced/noisy,0.0,-0.0
scn-e4511a7e2533,1119015674,PageHinkley,0.8335547038063071,0.028671943000063038,0,3.0,2.0,0.0,3.0,2.0,0.0,0.0,0.0,0.0,1.0,,,10175.5,10175.5,,,0.09827526902854897,20351.0,hyperplane_gauss,27351,5,0.27048233775421976,0.13372400254011155,3,prior,sudden,0,0.24214529410004615,1.0,False,medium,abrupt,prior/sudden/K=3/medium/abrupt/n/a/imbalanced/noisy,0.0,-0.0
scn-e4511a7e2533,1119015674,PageHinkley-up,0.8335547038063071,0.02736799800004519,0,3.0,1.0,0.0,3.0,1.0,0.0,0.0,0.0,0.0,1.0,,,20351.0,20351.0,,,0.049137634514274484,20351.0,hyperplane_gauss,27351,5,0.27048233775421976,0.13372400254011155,3,prior,sudden,0,0.24214529410004615,1.0,False,medium,abrupt,prior/sudden/K=3/medium/abrupt/n/a/imbalanced/noisy,0.0,-0.0
scn-e4511a7e2533,1119015674,DDM,0.8335547038063071,0.02691778999997041,0,3.0,0.0,0.0,3.0,0.0,0.0,,0.0,0.0,1.0,,,inf,20351.0,,,0.0,20351.0,hyperplane_gauss,27351,5,0.27048233775421976,0.13372400254011155,3,prior,sudden,0,0.24214529410004615,1.0,False,medium,abrupt,prior/sudden/K=3/medium/abrupt/n/a/imbalanced/noisy,0.0,-0.0
scn-e4511a7e2533,1119015674,EDDM,0.8335547038063071,0.02284473200006687,0,3.0,2.0,0.0,3.0,2.0,0.0,0.0,0.0,0.0,1.0,,,10175.5,10175.5,,,0.09827526902854897,20351.0,hyperplane_gauss,27351,5,0.27048233775421976,0.13372400254011155,3,prior,sudden,0,0.24214529410004615,1.0,False,medium,abrupt,prior/sudden/K=3/medium/abrupt/n/a/imbalanced/noisy,0.0,-0.0
scn-e4511a7e2533,1119015674,HDDM_A,0.8335547038063071,0.08600463900029354,0,3.0,0.0,0.0,3.0,0.0,0.0,,0.0,0.0,1.0,,,inf,20351.0,,,0.0,20351.0,hyperplane_gauss,27351,5,0.27048233775421976,0.13372400254011155,3,prior,sudden,0,0.24214529410004615,1.0,False,medium,abrupt,prior/sudden/K=3/medium/abrupt/n/a/imbalanced/noisy,0.0,-0.0
scn-e4511a7e2533,1119015674,HDDM_W,0.8335547038063071,0.08129988700011381,0,3.0,1.0,0.0,3.0,1.0,0.0,0.0,0.0,0.0,1.0,,,20351.0,20351.0,,,0.049137634514274484,20351.0,hyperplane_gauss,27351,5,0.27048233775421976,0.13372400254011155,3,prior,sudden,0,0.24214529410004615,1.0,False,medium,abrupt,prior/sudden/K=3/medium/abrupt/n/a/imbalanced/noisy,0.0,-0.0
scn-e4511a7e2533,1119015674,FHDDM,0.8335547038063071,0.024244218999683653,0,3.0,1.0,0.0,3.0,1.0,0.0,0.0,0.0,0.0,1.0,,,20351.0,20351.0,,,0.049137634514274484,20351.0,hyperplane_gauss,27351,5,0.27048233775421976,0.13372400254011155,3,prior,sudden,0,0.24214529410004615,1.0,False,medium,abrupt,prior/sudden/K=3/medium/abrupt/n/a/imbalanced/noisy,0.0,-0.0
scn-e4511a7e2533,1119015674,NoDrift,0.8335547038063071,0.014684549000321567,0,3.0,0.0,0.0,3.0,0.0,0.0,,0.0,0.0,1.0,,,inf,20351.0,,,0.0,20351.0,hyperplane_gauss,27351,5,0.27048233775421976,0.13372400254011155,3,prior,sudden,0,0.24214529410004615,1.0,False,medium,abrupt,prior/sudden/K=3/medium/abrupt/n/a/imbalanced/noisy,0.0,-0.0
scn-e4511a7e2533,1119015674,Periodic(2000),0.8335547038063071,0.015567665000162378,0,3.0,13.0,3.0,0.0,10.0,0.0,0.23076923076923078,1.0,0.375,0.0,1158.3333333333333,1041.0,2035.1,2035.1,1.7569208633093525,1.7569208633093525,0.4913763451427448,20351.0,hyperplane_gauss,27351,5,0.27048233775421976,0.13372400254011155,3,prior,sudden,0,0.24214529410004615,1.0,False,medium,abrupt,prior/sudden/K=3/medium/abrupt/n/a/imbalanced/noisy,0.0,-0.0
scn-e4511a7e2533,1119015674,Oracle,0.8335547038063071,0.016354097000203183,0,3.0,3.0,3.0,0.0,0.0,0.0,1.0,1.0,1.0,0.0,1.0,1.0,inf,20351.0,inf,20351.0,0.0,20351.0,hyperplane_gauss,27351,5,0.27048233775421976,0.13372400254011155,3,prior,sudden,0,0.24214529410004615,1.0,False,medium,abrupt,prior/sudden/K=3/medium/abrupt/n/a/imbalanced/noisy,0.0,-0.0
scn-e4511a7e2533,1119015675,ADWIN,0.8355660126750408,0.02125036600000385,0,3.0,1.0,1.0,2.0,0.0,0.0,1.0,0.3333333333333333,0.5,0.6666666666666667,1857.0,1857.0,inf,20351.0,inf,3.6530245916352535,0.0,20351.0,hyperplane_gauss,27351,5,0.27048233775421976,0.13372400254011155,3,prior,sudden,0,0.24214529410004615,1.0,False,medium,abrupt,prior/sudden/K=3/medium/abrupt/n/a/imbalanced/noisy,0.0,-0.0
scn-e4511a7e2533,1119015675,PageHinkley,0.8355660126750408,0.028754304999893066,0,3.0,2.0,1.0,2.0,1.0,0.0,0.5,0.3333333333333333,0.4,0.6666666666666667,601.0,601.0,20351.0,20351.0,11.287298946200773,11.287298946200773,0.049137634514274484,20351.0,hyperplane_gauss,27351,5,0.27048233775421976,0.13372400254011155,3,prior,sudden,0,0.24214529410004615,1.0,False,medium,abrupt,prior/sudden/K=3/medium/abrupt/n/a/imbalanced/noisy,0.0,-0.0
scn-e4511a7e2533,1119015675,PageHinkley-up,0.8355660126750408,0.02858302200002072,0,3.0,1.0,1.0,2.0,0.0,0.0,1.0,0.3333333333333333,0.5,0.6666666666666667,209.0,209.0,inf,20351.0,inf,32.45773524720892,0.0,20351.0,hyperplane_gauss,27351,5,0.27048233775421976,0.13372400254011155,3,prior,sudden,0,0.24214529410004615,1.0,False,medium,abrupt,prior/sudden/K=3/medium/abrupt/n/a/imbalanced/noisy,0.0,-0.0
scn-e4511a7e2533,1119015675,DDM,0.8355660126750408,0.027724604000013642,0,3.0,5.0,0.0,3.0,5.0,0.0,0.0,0.0,0.0,1.0,,,4070.2,4070.2,,,0.2456881725713724,20351.0,hyperplane_gauss,27351,5,0.27048233775421976,0.13372400254011155,3,prior,sudden,0,0.24214529410004615,1.0,False,medium,abrupt,prior/sudden/K=3/medium/abrupt/n/a/imbalanced/noisy,0.0,-0.0
scn-e4511a7e2533,1119015675,EDDM,0.8355660126750408,0.023324668999975984,0,3.0,4.0,0.0,3.0,4.0,0.0,0.0,0.0,0.0,1.0,,,5087.75,5087.75,,,0.19655053805709793,20351.0,hyperplane_gauss,27351,5,0.27048233775421976,0.13372400254011155,3,prior,sudden,0,0.24214529410004615,1.0,False,medium,abrupt,prior/sudden/K=3/medium/abrupt/n/a/imbalanced/noisy,0.0,-0.0
scn-e4511a7e2533,1119015675,HDDM_A,0.8355660126750408,0.08661091700014367,0,3.0,1.0,0.0,3.0,1.0,0.0,0.0,0.0,0.0,1.0,,,20351.0,20351.0,,,0.049137634514274484,20351.0,hyperplane_gauss,27351,5,0.27048233775421976,0.13372400254011155,3,prior,sudden,0,0.24214529410004615,1.0,False,medium,abrupt,prior/sudden/K=3/medium/abrupt/n/a/imbalanced/noisy,0.0,-0.0
scn-e4511a7e2533,1119015675,HDDM_W,0.8355660126750408,0.08554691000017556,0,3.0,1.0,0.0,3.0,1.0,0.0,0.0,0.0,0.0,1.0,,,20351.0,20351.0,,,0.049137634514274484,20351.0,hyperplane_gauss,27351,5,0.27048233775421976,0.13372400254011155,3,prior,sudden,0,0.24214529410004615,1.0,False,medium,abrupt,prior/sudden/K=3/medium/abrupt/n/a/imbalanced/noisy,0.0,-0.0
scn-e4511a7e2533,1119015675,FHDDM,0.8355660126750408,0.024602257999958965,0,3.0,1.0,1.0,2.0,0.0,0.0,1.0,0.3333333333333333,0.5,0.6666666666666667,122.0,122.0,inf,20351.0,inf,55.603825136612016,0.0,20351.0,hyperplane_gauss,27351,5,0.27048233775421976,0.13372400254011155,3,prior,sudden,0,0.24214529410004615,1.0,False,medium,abrupt,prior/sudden/K=3/medium/abrupt/n/a/imbalanced/noisy,0.0,-0.0
scn-e4511a7e2533,1119015675,NoDrift,0.8355660126750408,0.014856675999908475,0,3.0,0.0,0.0,3.0,0.0,0.0,,0.0,0.0,1.0,,,inf,20351.0,,,0.0,20351.0,hyperplane_gauss,27351,5,0.27048233775421976,0.13372400254011155,3,prior,sudden,0,0.24214529410004615,1.0,False,medium,abrupt,prior/sudden/K=3/medium/abrupt/n/a/imbalanced/noisy,0.0,-0.0
scn-e4511a7e2533,1119015675,Periodic(2000),0.8355660126750408,0.01564970900017215,0,3.0,13.0,3.0,0.0,10.0,0.0,0.23076923076923078,1.0,0.375,0.0,1158.3333333333333,1041.0,2035.1,2035.1,1.7569208633093525,1.7569208633093525,0.4913763451427448,20351.0,hyperplane_gauss,27351,5,0.27048233775421976,0.13372400254011155,3,prior,sudden,0,0.24214529410004615,1.0,False,medium,abrupt,prior/sudden/K=3/medium/abrupt/n/a/imbalanced/noisy,0.0,-0.0
scn-e4511a7e2533,1119015675,Oracle,0.8355660126750408,0.01589255899989439,0,3.0,3.0,3.0,0.0,0.0,0.0,1.0,1.0,1.0,0.0,1.0,1.0,inf,20351.0,inf,20351.0,0.0,20351.0,hyperplane_gauss,27351,5,0.27048233775421976,0.13372400254011155,3,prior,sudden,0,0.24214529410004615,1.0,False,medium,abrupt,prior/sudden/K=3/medium/abrupt/n/a/imbalanced/noisy,0.0,-0.0
scn-34266853ce96,2005475208,ADWIN,0.7183013551589964,0.01711720899993452,0,1.0,0.0,0.0,1.0,0.0,0.0,,0.0,0.0,1.0,,,inf,10927.0,,,0.0,10927.0,hyperplane_gauss,15906,12,0.28980452474206686,0.25729201957583425,1,prior,gradual,1979,0.037117742151021954,1.0,False,low,slow,prior/gradual/K=1/low/slow/n/a/imbalanced/noisy,0.0,-0.0
scn-34266853ce96,2005475208,PageHinkley,0.7183013551589964,0.021329771999717195,0,1.0,1.0,1.0,0.0,0.0,0.0,1.0,1.0,1.0,0.0,3129.0,3129.0,inf,10927.0,inf,3.4921700223713645,0.0,10927.0,hyperplane_gauss,15906,12,0.28980452474206686,0.25729201957583425,1,prior,gradual,1979,0.037117742151021954,1.0,False,low,slow,prior/gradual/K=1/low/slow/n/a/imbalanced/noisy,0.0,-0.0
scn-34266853ce96,2005475208,PageHinkley-up,0.7183013551589964,0.021464215999912994,0,1.0,0.0,0.0,1.0,0.0,0.0,,0.0,0.0,1.0,,,inf,10927.0,,,0.0,10927.0,hyperplane_gauss,15906,12,0.28980452474206686,0.25729201957583425,1,prior,gradual,1979,0.037117742151021954,1.0,False,low,slow,prior/gradual/K=1/low/slow/n/a/imbalanced/noisy,0.0,-0.0
scn-34266853ce96,2005475208,DDM,0.7183013551589964,0.021237883000139846,0,1.0,0.0,0.0,1.0,0.0,0.0,,0.0,0.0,1.0,,,inf,10927.0,,,0.0,10927.0,hyperplane_gauss,15906,12,0.28980452474206686,0.25729201957583425,1,prior,gradual,1979,0.037117742151021954,1.0,False,low,slow,prior/gradual/K=1/low/slow/n/a/imbalanced/noisy,0.0,-0.0
scn-34266853ce96,2005475208,EDDM,0.7183013551589964,0.01909180099983132,0,1.0,6.0,0.0,1.0,6.0,0.0,0.0,0.0,0.0,1.0,,,1821.1666666666667,1821.1666666666667,,,0.5490985631920929,10927.0,hyperplane_gauss,15906,12,0.28980452474206686,0.25729201957583425,1,prior,gradual,1979,0.037117742151021954,1.0,False,low,slow,prior/gradual/K=1/low/slow/n/a/imbalanced/noisy,0.0,-0.0
scn-34266853ce96,2005475208,HDDM_A,0.7183013551589964,0.05357163099961326,0,1.0,0.0,0.0,1.0,0.0,0.0,,0.0,0.0,1.0,,,inf,10927.0,,,0.0,10927.0,hyperplane_gauss,15906,12,0.28980452474206686,0.25729201957583425,1,prior,gradual,1979,0.037117742151021954,1.0,False,low,slow,prior/gradual/K=1/low/slow/n/a/imbalanced/noisy,0.0,-0.0
scn-34266853ce96,2005475208,HDDM_W,0.7183013551589964,0.055160699999760254,0,1.0,3.0,1.0,0.0,2.0,0.0,0.3333333333333333,1.0,0.5,0.0,1221.0,1221.0,5463.5,5463.5,4.474610974610974,4.474610974610974,0.18303285439736433,10927.0,hyperplane_gauss,15906,12,0.28980452474206686,0.25729201957583425,1,prior,gradual,1979,0.037117742151021954,1.0,False,low,slow,prior/gradual/K=1/low/slow/n/a/imbalanced/noisy,0.0,-0.0
scn-34266853ce96,2005475208,FHDDM,0.7183013551589964,0.018639290999999503,0,1.0,1.0,0.0,1.0,1.0,0.0,0.0,0.0,0.0,1.0,,,10927.0,10927.0,,,0.09151642719868217,10927.0,hyperplane_gauss,15906,12,0.28980452474206686,0.25729201957583425,1,prior,gradual,1979,0.037117742151021954,1.0,False,low,slow,prior/gradual/K=1/low/slow/n/a/imbalanced/noisy,0.0,-0.0
scn-34266853ce96,2005475208,NoDrift,0.7183013551589964,0.013563129999965895,0,1.0,0.0,0.0,1.0,0.0,0.0,,0.0,0.0,1.0,,,inf,10927.0,,,0.0,10927.0,hyperplane_gauss,15906,12,0.28980452474206686,0.25729201957583425,1,prior,gradual,1979,0.037117742151021954,1.0,False,low,slow,prior/gradual/K=1/low/slow/n/a/imbalanced/noisy,0.0,-0.0
scn-34266853ce96,2005475208,Periodic(2000),0.7183013551589964,0.01407864199973119,0,1.0,7.0,1.0,0.0,5.0,1.0,0.14285714285714285,1.0,0.25,0.0,537.0,537.0,2185.4,2185.4,4.069646182495345,4.069646182495345,0.4575821359934108,10927.0,hyperplane_gauss,15906,12,0.28980452474206686,0.25729201957583425,1,prior,gradual,1979,0.037117742151021954,1.0,False,low,slow,prior/gradual/K=1/low/slow/n/a/imbalanced/noisy,0.0,-0.0
scn-34266853ce96,2005475208,Oracle,0.7183013551589964,0.014098961999934545,0,1.0,1.0,1.0,0.0,0.0,0.0,1.0,1.0,1.0,0.0,990.0,990.0,inf,10927.0,inf,11.037373737373738,0.0,10927.0,hyperplane_gauss,15906,12,0.28980452474206686,0.25729201957583425,1,prior,gradual,1979,0.037117742151021954,1.0,False,low,slow,prior/gradual/K=1/low/slow/n/a/imbalanced/noisy,0.0,-0.0
scn-34266853ce96,2005475209,ADWIN,0.7101167315175098,0.017749451999861776,0,1.0,0.0,0.0,1.0,0.0,0.0,,0.0,0.0,1.0,,,inf,10927.0,,,0.0,10927.0,hyperplane_gauss,15906,12,0.28980452474206686,0.25729201957583425,1,prior,gradual,1979,0.037117742151021954,1.0,False,low,slow,prior/gradual/K=1/low/slow/n/a/imbalanced/noisy,0.0,-0.0
scn-34266853ce96,2005475209,PageHinkley,0.7101167315175098,0.0209958580003331,0,1.0,2.0,1.0,0.0,1.0,0.0,0.5,1.0,0.6666666666666666,0.0,484.0,484.0,10927.0,10927.0,22.576446280991735,22.576446280991735,0.09151642719868217,10927.0,hyperplane_gauss,15906,12,0.28980452474206686,0.25729201957583425,1,prior,gradual,1979,0.037117742151021954,1.0,False,low,slow,prior/gradual/K=1/low/slow/n/a/imbalanced/noisy,0.0,-0.0
scn-34266853ce96,2005475209,PageHinkley-up,0.7101167315175098,0.021188068000355997,0,1.0,1.0,0.0,1.0,1.0,0.0,0.0,0.0,0.0,1.0,,,10927.0,10927.0,,,0.09151642719868217,10927.0,hyperplane_gauss,15906,12,0.28980452474206686,0.25729201957583425,1,prior,gradual,1979,0.037117742151021954,1.0,False,low,slow,prior/gradual/K=1/low/slow/n/a/imbalanced/noisy,0.0,-0.0
scn-34266853ce96,2005475209,DDM,0.7101167315175098,0.020477611000387697,0,1.0,0.0,0.0,1.0,0.0,0.0,,0.0,0.0,1.0,,,inf,10927.0,,,0.0,10927.0,hyperplane_gauss,15906,12,0.28980452474206686,0.25729201957583425,1,prior,gradual,1979,0.037117742151021954,1.0,False,low,slow,prior/gradual/K=1/low/slow/n/a/imbalanced/noisy,0.0,-0.0
scn-34266853ce96,2005475209,EDDM,0.7101167315175098,0.018777822999709315,0,1.0,23.0,0.0,1.0,23.0,0.0,0.0,0.0,0.0,1.0,,,475.0869565217391,475.0869565217391,,,2.1048778255696896,10927.0,hyperplane_gauss,15906,12,0.28980452474206686,0.25729201957583425,1,prior,gradual,1979,0.037117742151021954,1.0,False,low,slow,prior/gradual/K=1/low/slow/n/a/imbalanced/noisy,0.0,-0.0
scn-34266853ce96,2005475209,HDDM_A,0.7101167315175098,0.05004053799984831,0,1.0,0.0,0.0,1.0,0.0,0.0,,0.0,0.0,1.0,,,inf,10927.0,,,0.0,10927.0,hyperplane_gauss,15906,12,0.28980452474206686,0.25729201957583425,1,prior,gradual,1979,0.037117742151021954,1.0,False,low,slow,prior/gradual/K=1/low/slow/n/a/imbalanced/noisy,0.0,-0.0
scn-34266853ce96,2005475209,HDDM_W,0.7101167315175098,0.056447029000082694,0,1.0,5.0,1.0,0.0,4.0,0.0,0.2,1.0,0.33333333333333337,0.0,1105.0,1105.0,2731.75,2731.75,2.4721719457013576,2.4721719457013576,0.36606570879472866,10927.0,hyperplane_gauss,15906,12,0.28980452474206686,0.25729201957583425,1,prior,gradual,1979,0.037117742151021954,1.0,False,low,slow,prior/gradual/K=1/low/slow/n/a/imbalanced/noisy,0.0,-0.0
scn-34266853ce96,2005475209,FHDDM,0.7101167315175098,0.018370290999882855,0,1.0,1.0,0.0,1.0,1.0,0.0,0.0,0.0,0.0,1.0,,,10927.0,10927.0,,,0.09151642719868217,10927.0,hyperplane_gauss,15906,12,0.28980452474206686,0.25729201957583425,1,prior,gradual,1979,0.037117742151021954,1.0,False,low,slow,prior/gradual/K=1/low/slow/n/a/imbalanced/noisy,0.0,-0.0
scn-34266853ce96,2005475209,NoDrift,0.7101167315175098,0.013500192999799765,0,1.0,0.0,0.0,1.0,0.0,0.0,,0.0,0.0,1.0,,,inf,10927.0,,,0.0,10927.0,hyperplane_gauss,15906,12,0.28980452474206686,0.25729201957583425,1,prior,gradual,1979,0.037117742151021954,1.0,False,low,slow,prior/gradual/K=1/low/slow/n/a/imbalanced/noisy,0.0,-0.0
scn-34266853ce96,2005475209,Periodic(2000),0.7101167315175098,0.014365300999997999,0,1.0,7.0,1.0,0.0,5.0,1.0,0.14285714285714285,1.0,0.25,0.0,537.0,537.0,2185.4,2185.4,4.069646182495345,4.069646182495345,0.4575821359934108,10927.0,hyperplane_gauss,15906,12,0.28980452474206686,0.25729201957583425,1,prior,gradual,1979,0.037117742151021954,1.0,False,low,slow,prior/gradual/K=1/low/slow/n/a/imbalanced/noisy,0.0,-0.0
scn-34266853ce96,2005475209,Oracle,0.7101167315175098,0.014013919000262831,0,1.0,1.0,1.0,0.0,0.0,0.0,1.0,1.0,1.0,0.0,990.0,990.0,inf,10927.0,inf,11.037373737373738,0.0,10927.0,hyperplane_gauss,15906,12,0.28980452474206686,0.25729201957583425,1,prior,gradual,1979,0.037117742151021954,1.0,False,low,slow,prior/gradual/K=1/low/slow/n/a/imbalanced/noisy,0.0,-0.0
scn-34266853ce96,2005475210,ADWIN,0.7132027371528243,0.017221606000020984,0,1.0,0.0,0.0,1.0,0.0,0.0,,0.0,0.0,1.0,,,inf,10927.0,,,0.0,10927.0,hyperplane_gauss,15906,12,0.28980452474206686,0.25729201957583425,1,prior,gradual,1979,0.037117742151021954,1.0,False,low,slow,prior/gradual/K=1/low/slow/n/a/imbalanced/noisy,0.0,-0.0
scn-34266853ce96,2005475210,PageHinkley,0.7132027371528243,0.021500081000340288,0,1.0,3.0,1.0,0.0,2.0,0.0,0.3333333333333333,1.0,0.5,0.0,2090.0,2090.0,5463.5,5463.5,2.614114832535885,2.614114832535885,0.18303285439736433,10927.0,hyperplane_gauss,15906,12,0.28980452474206686,0.25729201957583425,1,prior,gradual,1979,0.037117742151021954,1.0,False,low,slow,prior/gradual/K=1/low/slow/n/a/imbalanced/noisy,0.0,-0.0
scn-34266853ce96,2005475210,PageHinkley-up,0.7132027371528243,0.02198368700010178,0,1.0,1.0,0.0,1.0,1.0,0.0,0.0,0.0,0.0,1.0,,,10927.0,10927.0,,,0.09151642719868217,10927.0,hyperplane_gauss,15906,12,0.28980452474206686,0.25729201957583425,1,prior,gradual,1979,0.037117742151021954,1.0,False,low,slow,prior/gradual/K=1/low/slow/n/a/imbalanced/noisy,0.0,-0.0
scn-34266853ce96,2005475210,DDM,0.7132027371528243,0.020728629999666737,0,1.0,0.0,0.0,1.0,0.0,0.0,,0.0,0.0,1.0,,,inf,10927.0,,,0.0,10927.0,hyperplane_gauss,15906,12,0.28980452474206686,0.25729201957583425,1,prior,gradual,1979,0.037117742151021954,1.0,False,low,slow,prior/gradual/K=1/low/slow/n/a/imbalanced/noisy,0.0,-0.0
scn-34266853ce96,2005475210,EDDM,0.7132027371528243,0.01923331199986933,0,1.0,1.0,0.0,1.0,1.0,0.0,0.0,0.0,0.0,1.0,,,10927.0,10927.0,,,0.09151642719868217,10927.0,hyperplane_gauss,15906,12,0.28980452474206686,0.25729201957583425,1,prior,gradual,1979,0.037117742151021954,1.0,False,low,slow,prior/gradual/K=1/low/slow/n/a/imbalanced/noisy,0.0,-0.0
scn-34266853ce96,2005475210,HDDM_A,0.7132027371528243,0.05152801000031104,0,1.0,1.0,0.0,1.0,1.0,0.0,0.0,0.0,0.0,1.0,,,10927.0,10927.0,,,0.09151642719868217,10927.0,hyperplane_gauss,15906,12,0.28980452474206686,0.25729201957583425,1,prior,gradual,1979,0.037117742151021954,1.0,False,low,slow,prior/gradual/K=1/low/slow/n/a/imbalanced/noisy,0.0,-0.0
scn-34266853ce96,2005475210,HDDM_W,0.7132027371528243,0.05927029899976333,0,1.0,6.0,1.0,0.0,5.0,0.0,0.16666666666666666,1.0,0.2857142857142857,0.0,3883.0,3883.0,2185.4,2185.4,0.5628122585629668,0.5628122585629668,0.4575821359934108,10927.0,hyperplane_gauss,15906,12,0.28980452474206686,0.25729201957583425,1,prior,gradual,1979,0.037117742151021954,1.0,False,low,slow,prior/gradual/K=1/low/slow/n/a/imbalanced/noisy,0.0,-0.0
scn-34266853ce96,2005475210,FHDDM,0.7132027371528243,0.018569941999885486,0,1.0,1.0,0.0,1.0,1.0,0.0,0.0,0.0,0.0,1.0,,,10927.0,10927.0,,,0.09151642719868217,10927.0,hyperplane_gauss,15906,12,0.28980452474206686,0.25729201957583425,1,prior,gradual,1979,0.037117742151021954,1.0,False,low,slow,prior/gradual/K=1/low/slow/n/a/imbalanced/noisy,0.0,-0.0
scn-34266853ce96,2005475210,NoDrift,0.7132027371528243,0.013758015999883355,0,1.0,0.0,0.0,1.0,0.0,0.0,,0.0,0.0,1.0,,,inf,10927.0,,,0.0,10927.0,hyperplane_gauss,15906,12,0.28980452474206686,0.25729201957583425,1,prior,gradual,1979,0.037117742151021954,1.0,False,low,slow,prior/gradual/K=1/low/slow/n/a/imbalanced/noisy,0.0,-0.0
scn-34266853ce96,2005475210,Periodic(2000),0.7132027371528243,0.01440941600003498,0,1.0,7.0,1.0,0.0,5.0,1.0,0.14285714285714285,1.0,0.25,0.0,537.0,537.0,2185.4,2185.4,4.069646182495345,4.069646182495345,0.4575821359934108,10927.0,hyperplane_gauss,15906,12,0.28980452474206686,0.25729201957583425,1,prior,gradual,1979,0.037117742151021954,1.0,False,low,slow,prior/gradual/K=1/low/slow/n/a/imbalanced/noisy,0.0,-0.0
scn-34266853ce96,2005475210,Oracle,0.7132027371528243,0.01463394700022036,0,1.0,1.0,1.0,0.0,0.0,0.0,1.0,1.0,1.0,0.0,990.0,990.0,inf,10927.0,inf,11.037373737373738,0.0,10927.0,hyperplane_gauss,15906,12,0.28980452474206686,0.25729201957583425,1,prior,gradual,1979,0.037117742151021954,1.0,False,low,slow,prior/gradual/K=1/low/slow/n/a/imbalanced/noisy,0.0,-0.0
scn-3ad365e4e3ef,299559781,ADWIN,0.8819937550595582,0.02782783400016342,0,4.0,0.0,0.0,4.0,0.0,0.0,,0.0,0.0,1.0,,,inf,34527.0,,,0.0,34527.0,hyperplane_gauss,44235,2,0.11385294189676642,0.05789881171658635,4,virtual,gradual,177,0.32362774714827536,1.0,True,high,fast,virtual/gradual/K=4/recurring/high/fast/global/imbalanced/noisy,0.0,-0.0
scn-3ad365e4e3ef,299559781,PageHinkley,0.8819937550595582,0.038611469999978,0,4.0,1.0,0.0,4.0,1.0,0.0,0.0,0.0,0.0,1.0,,,34527.0,34527.0,,,0.028962840675413444,34527.0,hyperplane_gauss,44235,2,0.11385294189676642,0.05789881171658635,4,virtual,gradual,177,0.32362774714827536,1.0,True,high,fast,virtual/gradual/K=4/recurring/high/fast/global/imbalanced/noisy,0.0,-0.0
scn-3ad365e4e3ef,299559781,PageHinkley-up,0.8819937550595582,0.03872988900002383,0,4.0,1.0,0.0,4.0,1.0,0.0,0.0,0.0,0.0,1.0,,,34527.0,34527.0,,,0.028962840675413444,34527.0,hyperplane_gauss,44235,2,0.11385294189676642,0.05789881171658635,4,virtual,gradual,177,0.32362774714827536,1.0,True,high,fast,virtual/gradual/K=4/recurring/high/fast/global/imbalanced/noisy,0.0,-0.0
scn-3ad365e4e3ef,299559781,DDM,0.8819937550595582,0.037921153000297636,0,4.0,1.0,0.0,4.0,1.0,0.0,0.0,0.0,0.0,1.0,,,34527.0,34527.0,,,0.028962840675413444,34527.0,hyperplane_gauss,44235,2,0.11385294189676642,0.05789881171658635,4,virtual,gradual,177,0.32362774714827536,1.0,True,high,fast,virtual/gradual/K=4/recurring/high/fast/global/imbalanced/noisy,0.0,-0.0
scn-3ad365e4e3ef,299559781,EDDM,0.8819937550595582,0.0289423229996828,0,4.0,63.0,2.0,2.0,50.0,11.0,0.031746031746031744,0.5,0.05970149253731343,0.5,84.5,84.5,690.54,690.54,4.0860355029585795,4.0860355029585795,1.4481420337706723,34527.0,hyperplane_gauss,44235,2,0.11385294189676642,0.05789881171658635,4,virtual,gradual,177,0.32362774714827536,1.0,True,high,fast,virtual/gradual/K=4/recurring/high/fast/global/imbalanced/noisy,0.0,-0.0
scn-3ad365e4e3ef,299559781,HDDM_A,0.8819937550595582,0.11960383599989655,0,4.0,0.0,0.0,4.0,0.0,0.0,,0.0,0.0,1.0,,,inf,34527.0,,,0.0,34527.0,hyperplane_gauss,44235,2,0.11385294189676642,0.05789881171658635,4,virtual,gradual,177,0.32362774714827536,1.0,True,high,fast,virtual/gradual/K=4/recurring/high/fast/global/imbalanced/noisy,0.0,-0.0
scn-3ad365e4e3ef,299559781,HDDM_W,0.8819937550595582,0.1245758370000658,0,4.0,0.0,0.0,4.0,0.0,0.0,,0.0,0.0,1.0,,,inf,34527.0,,,0.0,34527.0,hyperplane_gauss,44235,2,0.11385294189676642,0.05789881171658635,4,virtual,gradual,177,0.32362774714827536,1.0,True,high,fast,virtual/gradual/K=4/recurring/high/fast/global/imbalanced/noisy,0.0,-0.0
scn-3ad365e4e3ef,299559781,FHDDM,0.8819937550595582,0.03203376700002991,0,4.0,0.0,0.0,4.0,0.0,0.0,,0.0,0.0,1.0,,,inf,34527.0,,,0.0,34527.0,hyperplane_gauss,44235,2,0.11385294189676642,0.05789881171658635,4,virtual,gradual,177,0.32362774714827536,1.0,True,high,fast,virtual/gradual/K=4/recurring/high/fast/global/imbalanced/noisy,0.0,-0.0
scn-3ad365e4e3ef,299559781,NoDrift,0.8819937550595582,0.018479379000382323,0,4.0,0.0,0.0,4.0,0.0,0.0,,0.0,0.0,1.0,,,inf,34527.0,,,0.0,34527.0,hyperplane_gauss,44235,2,0.11385294189676642,0.05789881171658635,4,virtual,gradual,177,0.32362774714827536,1.0,True,high,fast,virtual/gradual/K=4/recurring/high/fast/global/imbalanced/noisy,0.0,-0.0
scn-3ad365e4e3ef,299559781,Periodic(2000),0.8819937550595582,0.019349781000073563,0,4.0,21.0,4.0,0.0,16.0,1.0,0.19047619047619047,1.0,0.32,0.0,971.5,1067.0,2157.9375,2157.9375,2.2212429233144624,2.2212429233144624,0.4634054508066151,34527.0,hyperplane_gauss,44235,2,0.11385294189676642,0.05789881171658635,4,virtual,gradual,177,0.32362774714827536,1.0,True,high,fast,virtual/gradual/K=4/recurring/high/fast/global/imbalanced/noisy,0.0,-0.0
scn-3ad365e4e3ef,299559781,Oracle,0.8819937550595582,0.019742735999898287,0,4.0,4.0,4.0,0.0,0.0,0.0,1.0,1.0,1.0,0.0,89.0,89.0,inf,34527.0,inf,387.9438202247191,0.0,34527.0,hyperplane_gauss,44235,2,0.11385294189676642,0.05789881171658635,4,virtual,gradual,177,0.32362774714827536,1.0,True,high,fast,virtual/gradual/K=4/recurring/high/fast/global/imbalanced/noisy,0.0,-0.0
scn-3ad365e4e3ef,299559782,ADWIN,0.8805134728807679,0.02740790999996534,0,4.0,0.0,0.0,4.0,0.0,0.0,,0.0,0.0,1.0,,,inf,34527.0,,,0.0,34527.0,hyperplane_gauss,44235,2,0.11385294189676642,0.05789881171658635,4,virtual,gradual,177,0.32362774714827536,1.0,True,high,fast,virtual/gradual/K=4/recurring/high/fast/global/imbalanced/noisy,0.0,-0.0
scn-3ad365e4e3ef,299559782,PageHinkley,0.8805134728807679,0.03933108199998969,0,4.0,2.0,0.0,4.0,2.0,0.0,0.0,0.0,0.0,1.0,,,17263.5,17263.5,,,0.05792568135082689,34527.0,hyperplane_gauss,44235,2,0.11385294189676642,0.05789881171658635,4,virtual,gradual,177,0.32362774714827536,1.0,True,high,fast,virtual/gradual/K=4/recurring/high/fast/global/imbalanced/noisy,0.0,-0.0
scn-3ad365e4e3ef,299559782,PageHinkley-up,0.8805134728807679,0.03813377699998455,0,4.0,2.0,1.0,3.0,1.0,0.0,0.5,0.25,0.3333333333333333,0.75,163.0,163.0,34527.0,34527.0,52.95552147239264,52.95552147239264,0.028962840675413444,34527.0,hyperplane_gauss,44235,2,0.11385294189676642,0.05789881171658635,4,virtual,gradual,177,0.32362774714827536,1.0,True,high,fast,virtual/gradual/K=4/recurring/high/fast/global/imbalanced/noisy,0.0,-0.0
scn-3ad365e4e3ef,299559782,DDM,0.8805134728807679,0.037612981000165746,0,4.0,1.0,0.0,4.0,1.0,0.0,0.0,0.0,0.0,1.0,,,34527.0,34527.0,,,0.028962840675413444,34527.0,hyperplane_gauss,44235,2,0.11385294189676642,0.05789881171658635,4,virtual,gradual,177,0.32362774714827536,1.0,True,high,fast,virtual/gradual/K=4/recurring/high/fast/global/imbalanced/noisy,0.0,-0.0
scn-3ad365e4e3ef,299559782,EDDM,0.8805134728807679,0.029862302000310592,0,4.0,57.0,2.0,2.0,44.0,11.0,0.03508771929824561,0.5,0.06557377049180328,0.5,356.5,356.5,784.7045454545455,784.7045454545455,1.1005673849292363,1.1005673849292363,1.2743649897181915,34527.0,hyperplane_gauss,44235,2,0.11385294189676642,0.05789881171658635,4,virtual,gradual,177,0.32362774714827536,1.0,True,high,fast,virtual/gradual/K=4/recurring/high/fast/global/imbalanced/noisy,0.0,-0.0
scn-3ad365e4e3ef,299559782,HDDM_A,0.8805134728807679,0.11954063300026974,0,4.0,0.0,0.0,4.0,0.0,0.0,,0.0,0.0,1.0,,,inf,34527.0,,,0.0,34527.0,hyperplane_gauss,44235,2,0.11385294189676642,0.05789881171658635,4,virtual,gradual,177,0.32362774714827536,1.0,True,high,fast,virtual/gradual/K=4/recurring/high/fast/global/imbalanced/noisy,0.0,-0.0
scn-3ad365e4e3ef,299559782,HDDM_W,0.8805134728807679,0.12371958100038682,0,4.0,0.0,0.0,4.0,0.0,0.0,,0.0,0.0,1.0,,,inf,34527.0,,,0.0,34527.0,hyperplane_gauss,44235,2,0.11385294189676642,0.05789881171658635,4,virtual,gradual,177,0.32362774714827536,1.0,True,high,fast,virtual/gradual/K=4/recurring/high/fast/global/imbalanced/noisy,0.0,-0.0
scn-3ad365e4e3ef,299559782,FHDDM,0.8805134728807679,0.03340946900016206,0,4.0,0.0,0.0,4.0,0.0,0.0,,0.0,0.0,1.0,,,inf,34527.0,,,0.0,34527.0,hyperplane_gauss,44235,2,0.11385294189676642,0.05789881171658635,4,virtual,gradual,177,0.32362774714827536,1.0,True,high,fast,virtual/gradual/K=4/recurring/high/fast/global/imbalanced/noisy,0.0,-0.0
scn-3ad365e4e3ef,299559782,NoDrift,0.8805134728807679,0.018298187000254984,0,4.0,0.0,0.0,4.0,0.0,0.0,,0.0,0.0,1.0,,,inf,34527.0,,,0.0,34527.0,hyperplane_gauss,44235,2,0.11385294189676642,0.05789881171658635,4,virtual,gradual,177,0.32362774714827536,1.0,True,high,fast,virtual/gradual/K=4/recurring/high/fast/global/imbalanced/noisy,0.0,-0.0
scn-3ad365e4e3ef,299559782,Periodic(2000),0.8805134728807679,0.01924542599999768,0,4.0,21.0,4.0,0.0,16.0,1.0,0.19047619047619047,1.0,0.32,0.0,971.5,1067.0,2157.9375,2157.9375,2.2212429233144624,2.2212429233144624,0.4634054508066151,34527.0,hyperplane_gauss,44235,2,0.11385294189676642,0.05789881171658635,4,virtual,gradual,177,0.32362774714827536,1.0,True,high,fast,virtual/gradual/K=4/recurring/high/fast/global/imbalanced/noisy,0.0,-0.0
scn-3ad365e4e3ef,299559782,Oracle,0.8805134728807679,0.019972470000084286,0,4.0,4.0,4.0,0.0,0.0,0.0,1.0,1.0,1.0,0.0,89.0,89.0,inf,34527.0,inf,387.9438202247191,0.0,34527.0,hyperplane_gauss,44235,2,0.11385294189676642,0.05789881171658635,4,virtual,gradual,177,0.32362774714827536,1.0,True,high,fast,virtual/gradual/K=4/recurring/high/fast/global/imbalanced/noisy,0.0,-0.0
scn-3ad365e4e3ef,299559783,ADWIN,0.8827107667399098,0.027125357999921107,0,4.0,0.0,0.0,4.0,0.0,0.0,,0.0,0.0,1.0,,,inf,34527.0,,,0.0,34527.0,hyperplane_gauss,44235,2,0.11385294189676642,0.05789881171658635,4,virtual,gradual,177,0.32362774714827536,1.0,True,high,fast,virtual/gradual/K=4/recurring/high/fast/global/imbalanced/noisy,0.0,-0.0
scn-3ad365e4e3ef,299559783,PageHinkley,0.8827107667399098,0.038522539000041434,0,4.0,2.0,0.0,4.0,2.0,0.0,0.0,0.0,0.0,1.0,,,17263.5,17263.5,,,0.05792568135082689,34527.0,hyperplane_gauss,44235,2,0.11385294189676642,0.05789881171658635,4,virtual,gradual,177,0.32362774714827536,1.0,True,high,fast,virtual/gradual/K=4/recurring/high/fast/global/imbalanced/noisy,0.0,-0.0
scn-3ad365e4e3ef,299559783,PageHinkley-up,0.8827107667399098,0.03941707499961922,0,4.0,2.0,0.0,4.0,2.0,0.0,0.0,0.0,0.0,1.0,,,17263.5,17263.5,,,0.05792568135082689,34527.0,hyperplane_gauss,44235,2,0.11385294189676642,0.05789881171658635,4,virtual,gradual,177,0.32362774714827536,1.0,True,high,fast,virtual/gradual/K=4/recurring/high/fast/global/imbalanced/noisy,0.0,-0.0
scn-3ad365e4e3ef,299559783,DDM,0.8827107667399098,0.038322826999774406,0,4.0,2.0,0.0,4.0,2.0,0.0,0.0,0.0,0.0,1.0,,,17263.5,17263.5,,,0.05792568135082689,34527.0,hyperplane_gauss,44235,2,0.11385294189676642,0.05789881171658635,4,virtual,gradual,177,0.32362774714827536,1.0,True,high,fast,virtual/gradual/K=4/recurring/high/fast/global/imbalanced/noisy,0.0,-0.0
scn-3ad365e4e3ef,299559783,EDDM,0.8827107667399098,0.029209231000095315,0,4.0,33.0,1.0,3.0,27.0,5.0,0.030303030303030304,0.25,0.054054054054054064,0.75,244.0,244.0,1278.7777777777778,1278.7777777777778,1.3102231329690346,1.3102231329690346,0.781996698236163,34527.0,hyperplane_gauss,44235,2,0.11385294189676642,0.05789881171658635,4,virtual,gradual,177,0.32362774714827536,1.0,True,high,fast,virtual/gradual/K=4/recurring/high/fast/global/imbalanced/noisy,0.0,-0.0
scn-3ad365e4e3ef,299559783,HDDM_A,0.8827107667399098,0.11564051400000608,0,4.0,0.0,0.0,4.0,0.0,0.0,,0.0,0.0,1.0,,,inf,34527.0,,,0.0,34527.0,hyperplane_gauss,44235,2,0.11385294189676642,0.05789881171658635,4,virtual,gradual,177,0.32362774714827536,1.0,True,high,fast,virtual/gradual/K=4/recurring/high/fast/global/imbalanced/noisy,0.0,-0.0
scn-3ad365e4e3ef,299559783,HDDM_W,0.8827107667399098,0.12382907700020951,0,4.0,0.0,0.0,4.0,0.0,0.0,,0.0,0.0,1.0,,,inf,34527.0,,,0.0,34527.0,hyperplane_gauss,44235,2,0.11385294189676642,0.05789881171658635,4,virtual,gradual,177,0.32362774714827536,1.0,True,high,fast,virtual/gradual/K=4/recurring/high/fast/global/imbalanced/noisy,0.0,-0.0
scn-3ad365e4e3ef,299559783,FHDDM,0.8827107667399098,0.033310800999970525,0,4.0,0.0,0.0,4.0,0.0,0.0,,0.0,0.0,1.0,,,inf,34527.0,,,0.0,34527.0,hyperplane_gauss,44235,2,0.11385294189676642,0.05789881171658635,4,virtual,gradual,177,0.32362774714827536,1.0,True,high,fast,virtual/gradual/K=4/recurring/high/fast/global/imbalanced/noisy,0.0,-0.0
scn-3ad365e4e3ef,299559783,NoDrift,0.8827107667399098,0.018576802000097814,0,4.0,0.0,0.0,4.0,0.0,0.0,,0.0,0.0,1.0,,,inf,34527.0,,,0.0,34527.0,hyperplane_gauss,44235,2,0.11385294189676642,0.05789881171658635,4,virtual,gradual,177,0.32362774714827536,1.0,True,high,fast,virtual/gradual/K=4/recurring/high/fast/global/imbalanced/noisy,0.0,-0.0
scn-3ad365e4e3ef,299559783,Periodic(2000),0.8827107667399098,0.019344343000284425,0,4.0,21.0,4.0,0.0,16.0,1.0,0.19047619047619047,1.0,0.32,0.0,971.5,1067.0,2157.9375,2157.9375,2.2212429233144624,2.2212429233144624,0.4634054508066151,34527.0,hyperplane_gauss,44235,2,0.11385294189676642,0.05789881171658635,4,virtual,gradual,177,0.32362774714827536,1.0,True,high,fast,virtual/gradual/K=4/recurring/high/fast/global/imbalanced/noisy,0.0,-0.0
scn-3ad365e4e3ef,299559783,Oracle,0.8827107667399098,0.019769723000081285,0,4.0,4.0,4.0,0.0,0.0,0.0,1.0,1.0,1.0,0.0,89.0,89.0,inf,34527.0,inf,387.9438202247191,0.0,34527.0,hyperplane_gauss,44235,2,0.11385294189676642,0.05789881171658635,4,virtual,gradual,177,0.32362774714827536,1.0,True,high,fast,virtual/gradual/K=4/recurring/high/fast/global/imbalanced/noisy,0.0,-0.0
scn-748c5890159b,1630796988,ADWIN,0.8230199284619315,0.09589227999958894,0,1.0,2.0,0.0,1.0,2.0,0.0,0.0,0.0,0.0,1.0,,,18396.0,18396.0,,,0.05435964340073929,36792.0,hyperplane_gauss,40140,35,0.32731090490706266,0.12401235597208142,1,real,incremental,348,0.07402303869857232,0.2370076395571232,False,low,fast,real/incremental/K=1/low/fast/partial/imbalanced/noisy,0.0,-0.0
scn-748c5890159b,1630796988,PageHinkley,0.8230199284619315,0.10843762400008927,0,1.0,4.0,0.0,1.0,4.0,0.0,0.0,0.0,0.0,1.0,,,9198.0,9198.0,,,0.10871928680147858,36792.0,hyperplane_gauss,40140,35,0.32731090490706266,0.12401235597208142,1,real,incremental,348,0.07402303869857232,0.2370076395571232,False,low,fast,real/incremental/K=1/low/fast/partial/imbalanced/noisy,0.0,-0.0
scn-748c5890159b,1630796988,PageHinkley-up,0.8230199284619315,0.10682330400004503,0,1.0,1.0,1.0,0.0,0.0,0.0,1.0,1.0,1.0,0.0,1976.0,1976.0,inf,36792.0,inf,18.619433198380566,0.0,36792.0,hyperplane_gauss,40140,35,0.32731090490706266,0.12401235597208142,1,real,incremental,348,0.07402303869857232,0.2370076395571232,False,low,fast,real/incremental/K=1/low/fast/partial/imbalanced/noisy,0.0,-0.0
scn-748c5890159b,1630796988,DDM,0.8230199284619315,0.11033059300007153,0,1.0,0.0,0.0,1.0,0.0,0.0,,0.0,0.0,1.0,,,inf,36792.0,,,0.0,36792.0,hyperplane_gauss,40140,35,0.32731090490706266,0.12401235597208142,1,real,incremental,348,0.07402303869857232,0.2370076395571232,False,low,fast,real/incremental/K=1/low/fast/partial/imbalanced/noisy,0.0,-0.0
scn-748c5890159b,1630796988,EDDM,0.8230199284619315,0.10272886799975822,0,1.0,2.0,0.0,1.0,2.0,0.0,0.0,0.0,0.0,1.0,,,18396.0,18396.0,,,0.05435964340073929,36792.0,hyperplane_gauss,40140,35,0.32731090490706266,0.12401235597208142,1,real,incremental,348,0.07402303869857232,0.2370076395571232,False,low,fast,real/incremental/K=1/low/fast/partial/imbalanced/noisy,0.0,-0.0
scn-748c5890159b,1630796988,HDDM_A,0.8230199284619315,0.1846514029998616,0,1.0,0.0,0.0,1.0,0.0,0.0,,0.0,0.0,1.0,,,inf,36792.0,,,0.0,36792.0,hyperplane_gauss,40140,35,0.32731090490706266,0.12401235597208142,1,real,incremental,348,0.07402303869857232,0.2370076395571232,False,low,fast,real/incremental/K=1/low/fast/partial/imbalanced/noisy,0.0,-0.0
scn-748c5890159b,1630796988,HDDM_W,0.8230199284619315,0.18435381500012227,0,1.0,0.0,0.0,1.0,0.0,0.0,,0.0,0.0,1.0,,,inf,36792.0,,,0.0,36792.0,hyperplane_gauss,40140,35,0.32731090490706266,0.12401235597208142,1,real,incremental,348,0.07402303869857232,0.2370076395571232,False,low,fast,real/incremental/K=1/low/fast/partial/imbalanced/noisy,0.0,-0.0
scn-748c5890159b,1630796988,FHDDM,0.8230199284619315,0.1056594380002025,0,1.0,0.0,0.0,1.0,0.0,0.0,,0.0,0.0,1.0,,,inf,36792.0,,,0.0,36792.0,hyperplane_gauss,40140,35,0.32731090490706266,0.12401235597208142,1,real,incremental,348,0.07402303869857232,0.2370076395571232,False,low,fast,real/incremental/K=1/low/fast/partial/imbalanced/noisy,0.0,-0.0
scn-748c5890159b,1630796988,NoDrift,0.8230199284619315,0.08749448299977303,0,1.0,0.0,0.0,1.0,0.0,0.0,,0.0,0.0,1.0,,,inf,36792.0,,,0.0,36792.0,hyperplane_gauss,40140,35,0.32731090490706266,0.12401235597208142,1,real,incremental,348,0.07402303869857232,0.2370076395571232,False,low,fast,real/incremental/K=1/low/fast/partial/imbalanced/noisy,0.0,-0.0
scn-748c5890159b,1630796988,Periodic(2000),0.8230199284619315,0.10550270899966563,0,1.0,19.0,1.0,0.0,18.0,0.0,0.05263157894736842,1.0,0.1,0.0,1604.0,1604.0,2044.0,2044.0,1.2743142144638404,1.2743142144638404,0.4892367906066536,36792.0,hyperplane_gauss,40140,35,0.32731090490706266,0.12401235597208142,1,real,incremental,348,0.07402303869857232,0.2370076395571232,False,low,fast,real/incremental/K=1/low/fast/partial/imbalanced/noisy,0.0,-0.0
scn-748c5890159b,1630796988,Oracle,0.8230199284619315,0.08954485899994324,0,1.0,1.0,1.0,0.0,0.0,0.0,1.0,1.0,1.0,0.0,175.0,175.0,inf,36792.0,inf,210.24,0.0,36792.0,hyperplane_gauss,40140,35,0.32731090490706266,0.12401235597208142,1,real,incremental,348,0.07402303869857232,0.2370076395571232,False,low,fast,real/incremental/K=1/low/fast/partial/imbalanced/noisy,0.0,-0.0
scn-748c5890159b,1630796989,ADWIN,0.8225600408788962,0.09864260999984253,0,1.0,0.0,0.0,1.0,0.0,0.0,,0.0,0.0,1.0,,,inf,36792.0,,,0.0,36792.0,hyperplane_gauss,40140,35,0.32731090490706266,0.12401235597208142,1,real,incremental,348,0.07402303869857232,0.2370076395571232,False,low,fast,real/incremental/K=1/low/fast/partial/imbalanced/noisy,0.0,-0.0
scn-748c5890159b,1630796989,PageHinkley,0.8225600408788962,0.10704024699998627,0,1.0,3.0,0.0,1.0,3.0,0.0,0.0,0.0,0.0,1.0,,,12264.0,12264.0,,,0.08153946510110893,36792.0,hyperplane_gauss,40140,35,0.32731090490706266,0.12401235597208142,1,real,incremental,348,0.07402303869857232,0.2370076395571232,False,low,fast,real/incremental/K=1/low/fast/partial/imbalanced/noisy,0.0,-0.0
scn-748c5890159b,1630796989,PageHinkley-up,0.8225600408788962,0.11314713799993115,0,1.0,1.0,1.0,0.0,0.0,0.0,1.0,1.0,1.0,0.0,2203.0,2203.0,inf,36792.0,inf,16.700862460281435,0.0,36792.0,hyperplane_gauss,40140,35,0.32731090490706266,0.12401235597208142,1,real,incremental,348,0.07402303869857232,0.2370076395571232,False,low,fast,real/incremental/K=1/low/fast/partial/imbalanced/noisy,0.0,-0.0
scn-748c5890159b,1630796989,DDM,0.8225600408788962,0.10508550700023989,0,1.0,0.0,0.0,1.0,0.0,0.0,,0.0,0.0,1.0,,,inf,36792.0,,,0.0,36792.0,hyperplane_gauss,40140,35,0.32731090490706266,0.12401235597208142,1,real,incremental,348,0.07402303869857232,0.2370076395571232,False,low,fast,real/incremental/K=1/low/fast/partial/imbalanced/noisy,0.0,-0.0
scn-748c5890159b,1630796989,EDDM,0.8225600408788962,0.09752468800024872,0,1.0,8.0,0.0,1.0,8.0,0.0,0.0,0.0,0.0,1.0,,,4599.0,4599.0,,,0.21743857360295715,36792.0,hyperplane_gauss,40140,35,0.32731090490706266,0.12401235597208142,1,real,incremental,348,0.07402303869857232,0.2370076395571232,False,low,fast,real/incremental/K=1/low/fast/partial/imbalanced/noisy,0.0,-0.0
scn-748c5890159b,1630796989,HDDM_A,0.8225600408788962,0.1946942909999052,0,1.0,2.0,0.0,1.0,2.0,0.0,0.0,0.0,0.0,1.0,,,18396.0,18396.0,,,0.05435964340073929,36792.0,hyperplane_gauss,40140,35,0.32731090490706266,0.12401235597208142,1,real,incremental,348,0.07402303869857232,0.2370076395571232,False,low,fast,real/incremental/K=1/low/fast/partial/imbalanced/noisy,0.0,-0.0
scn-748c5890159b,1630796989,HDDM_W,0.8225600408788962,0.20345493600007103,0,1.0,2.0,0.0,1.0,2.0,0.0,0.0,0.0,0.0,1.0,,,18396.0,18396.0,,,0.05435964340073929,36792.0,hyperplane_gauss,40140,35,0.32731090490706266,0.12401235597208142,1,real,incremental,348,0.07402303869857232,0.2370076395571232,False,low,fast,real/incremental/K=1/low/fast/partial/imbalanced/noisy,0.0,-0.0
scn-748c5890159b,1630796989,FHDDM,0.8225600408788962,0.1021354279996558,0,1.0,0.0,0.0,1.0,0.0,0.0,,0.0,0.0,1.0,,,inf,36792.0,,,0.0,36792.0,hyperplane_gauss,40140,35,0.32731090490706266,0.12401235597208142,1,real,incremental,348,0.07402303869857232,0.2370076395571232,False,low,fast,real/incremental/K=1/low/fast/partial/imbalanced/noisy,0.0,-0.0
scn-748c5890159b,1630796989,NoDrift,0.8225600408788962,0.09089498999992429,0,1.0,0.0,0.0,1.0,0.0,0.0,,0.0,0.0,1.0,,,inf,36792.0,,,0.0,36792.0,hyperplane_gauss,40140,35,0.32731090490706266,0.12401235597208142,1,real,incremental,348,0.07402303869857232,0.2370076395571232,False,low,fast,real/incremental/K=1/low/fast/partial/imbalanced/noisy,0.0,-0.0
scn-748c5890159b,1630796989,Periodic(2000),0.8225600408788962,0.09007645000019693,0,1.0,19.0,1.0,0.0,18.0,0.0,0.05263157894736842,1.0,0.1,0.0,1604.0,1604.0,2044.0,2044.0,1.2743142144638404,1.2743142144638404,0.4892367906066536,36792.0,hyperplane_gauss,40140,35,0.32731090490706266,0.12401235597208142,1,real,incremental,348,0.07402303869857232,0.2370076395571232,False,low,fast,real/incremental/K=1/low/fast/partial/imbalanced/noisy,0.0,-0.0
scn-748c5890159b,1630796989,Oracle,0.8225600408788962,0.08984957099983149,0,1.0,1.0,1.0,0.0,0.0,0.0,1.0,1.0,1.0,0.0,175.0,175.0,inf,36792.0,inf,210.24,0.0,36792.0,hyperplane_gauss,40140,35,0.32731090490706266,0.12401235597208142,1,real,incremental,348,0.07402303869857232,0.2370076395571232,False,low,fast,real/incremental/K=1/low/fast/partial/imbalanced/noisy,0.0,-0.0
scn-748c5890159b,1630796990,ADWIN,0.8188809402146142,0.09807281900020826,0,1.0,2.0,0.0,1.0,2.0,0.0,0.0,0.0,0.0,1.0,,,18396.0,18396.0,,,0.05435964340073929,36792.0,hyperplane_gauss,40140,35,0.32731090490706266,0.12401235597208142,1,real,incremental,348,0.07402303869857232,0.2370076395571232,False,low,fast,real/incremental/K=1/low/fast/partial/imbalanced/noisy,0.0,-0.0
scn-748c5890159b,1630796990,PageHinkley,0.8188809402146142,0.1063691839999592,0,1.0,4.0,1.0,0.0,3.0,0.0,0.25,1.0,0.4,0.0,1826.0,1826.0,12264.0,12264.0,6.71631982475356,6.71631982475356,0.08153946510110893,36792.0,hyperplane_gauss,40140,35,0.32731090490706266,0.12401235597208142,1,real,incremental,348,0.07402303869857232,0.2370076395571232,False,low,fast,real/incremental/K=1/low/fast/partial/imbalanced/noisy,0.0,-0.0
scn-748c5890159b,1630796990,PageHinkley-up,0.8188809402146142,0.10235026400005154,0,1.0,1.0,1.0,0.0,0.0,0.0,1.0,1.0,1.0,0.0,1425.0,1425.0,inf,36792.0,inf,25.818947368421053,0.0,36792.0,hyperplane_gauss,40140,35,0.32731090490706266,0.12401235597208142,1,real,incremental,348,0.07402303869857232,0.2370076395571232,False,low,fast,real/incremental/K=1/low/fast/partial/imbalanced/noisy,0.0,-0.0
scn-748c5890159b,1630796990,DDM,0.8188809402146142,0.10369394400004239,0,1.0,0.0,0.0,1.0,0.0,0.0,,0.0,0.0,1.0,,,inf,36792.0,,,0.0,36792.0,hyperplane_gauss,40140,35,0.32731090490706266,0.12401235597208142,1,real,incremental,348,0.07402303869857232,0.2370076395571232,False,low,fast,real/incremental/K=1/low/fast/partial/imbalanced/noisy,0.0,-0.0
scn-748c5890159b,1630796990,EDDM,0.8188809402146142,0.09615398399955666,0,1.0,79.0,1.0,0.0,74.0,4.0,0.012658227848101266,1.0,0.024999999999999998,0.0,237.0,237.0,497.18918918918916,497.18918918918916,2.097844680123161,2.097844680123161,2.011306805827354,36792.0,hyperplane_gauss,40140,35,0.32731090490706266,0.12401235597208142,1,real,incremental,348,0.07402303869857232,0.2370076395571232,False,low,fast,real/incremental/K=1/low/fast/partial/imbalanced/noisy,0.0,-0.0
scn-748c5890159b,1630796990,HDDM_A,0.8188809402146142,0.2026514839999436,0,1.0,1.0,0.0,1.0,1.0,0.0,0.0,0.0,0.0,1.0,,,36792.0,36792.0,,,0.027179821700369644,36792.0,hyperplane_gauss,40140,35,0.32731090490706266,0.12401235597208142,1,real,incremental,348,0.07402303869857232,0.2370076395571232,False,low,fast,real/incremental/K=1/low/fast/partial/imbalanced/noisy,0.0,-0.0
scn-748c5890159b,1630796990,HDDM_W,0.8188809402146142,0.21189961700019921,0,1.0,2.0,1.0,0.0,1.0,0.0,0.5,1.0,0.6666666666666666,0.0,2183.0,2183.0,36792.0,36792.0,16.853870819972514,16.853870819972514,0.027179821700369644,36792.0,hyperplane_gauss,40140,35,0.32731090490706266,0.12401235597208142,1,real,incremental,348,0.07402303869857232,0.2370076395571232,False,low,fast,real/incremental/K=1/low/fast/partial/imbalanced/noisy,0.0,-0.0
scn-748c5890159b,1630796990,FHDDM,0.8188809402146142,0.1002846880001016,0,1.0,2.0,0.0,1.0,2.0,0.0,0.0,0.0,0.0,1.0,,,18396.0,18396.0,,,0.05435964340073929,36792.0,hyperplane_gauss,40140,35,0.32731090490706266,0.12401235597208142,1,real,incremental,348,0.07402303869857232,0.2370076395571232,False,low,fast,real/incremental/K=1/low/fast/partial/imbalanced/noisy,0.0,-0.0
scn-748c5890159b,1630796990,NoDrift,0.8188809402146142,0.08676678899973922,0,1.0,0.0,0.0,1.0,0.0,0.0,,0.0,0.0,1.0,,,inf,36792.0,,,0.0,36792.0,hyperplane_gauss,40140,35,0.32731090490706266,0.12401235597208142,1,real,incremental,348,0.07402303869857232,0.2370076395571232,False,low,fast,real/incremental/K=1/low/fast/partial/imbalanced/noisy,0.0,-0.0
scn-748c5890159b,1630796990,Periodic(2000),0.8188809402146142,0.09020811999971556,0,1.0,19.0,1.0,0.0,18.0,0.0,0.05263157894736842,1.0,0.1,0.0,1604.0,1604.0,2044.0,2044.0,1.2743142144638404,1.2743142144638404,0.4892367906066536,36792.0,hyperplane_gauss,40140,35,0.32731090490706266,0.12401235597208142,1,real,incremental,348,0.07402303869857232,0.2370076395571232,False,low,fast,real/incremental/K=1/low/fast/partial/imbalanced/noisy,0.0,-0.0
scn-748c5890159b,1630796990,Oracle,0.8188809402146142,0.08876420599972334,0,1.0,1.0,1.0,0.0,0.0,0.0,1.0,1.0,1.0,0.0,175.0,175.0,inf,36792.0,inf,210.24,0.0,36792.0,hyperplane_gauss,40140,35,0.32731090490706266,0.12401235597208142,1,real,incremental,348,0.07402303869857232,0.2370076395571232,False,low,fast,real/incremental/K=1/low/fast/partial/imbalanced/noisy,0.0,-0.0
scn-9b607fab5f6f,5520125,ADWIN,0.8179826904583823,0.018331018000026233,0,3.0,2.0,1.0,2.0,1.0,0.0,0.5,0.3333333333333333,0.4,0.6666666666666667,473.0,473.0,12718.0,12718.0,8.962649753347426,8.962649753347426,0.07862871520679351,12718.0,hyperplane_gauss,19718,8,0.13787006377242506,0.15375632643699647,3,prior,sudden,0,0.31349060326814654,1.0,False,high,abrupt,prior/sudden/K=3/high/abrupt/n/a/imbalanced/noisy,0.0,-0.0
scn-9b607fab5f6f,5520125,PageHinkley,0.8179826904583823,0.023088538999672892,0,3.0,2.0,1.0,2.0,1.0,0.0,0.5,0.3333333333333333,0.4,0.6666666666666667,815.0,815.0,12718.0,12718.0,5.20163599182004,5.20163599182004,0.07862871520679351,12718.0,hyperplane_gauss,19718,8,0.13787006377242506,0.15375632643699647,3,prior,sudden,0,0.31349060326814654,1.0,False,high,abrupt,prior/sudden/K=3/high/abrupt/n/a/imbalanced/noisy,0.0,-0.0
scn-9b607fab5f6f,5520125,PageHinkley-up,0.8179826904583823,0.022621630000230653,0,3.0,2.0,1.0,2.0,1.0,0.0,0.5,0.3333333333333333,0.4,0.6666666666666667,815.0,815.0,12718.0,12718.0,5.20163599182004,5.20163599182004,0.07862871520679351,12718.0,hyperplane_gauss,19718,8,0.13787006377242506,0.15375632643699647,3,prior,sudden,0,0.31349060326814654,1.0,False,high,abrupt,prior/sudden/K=3/high/abrupt/n/a/imbalanced/noisy,0.0,-0.0
scn-9b607fab5f6f,5520125,DDM,0.8179826904583823,0.02244550600016737,0,3.0,4.0,2.0,1.0,2.0,0.0,0.5,0.6666666666666666,0.5714285714285715,0.33333333333333337,804.5,804.5,6359.0,6359.0,5.269525585249637,5.269525585249637,0.15725743041358703,12718.0,hyperplane_gauss,19718,8,0.13787006377242506,0.15375632643699647,3,prior,sudden,0,0.31349060326814654,1.0,False,high,abrupt,prior/sudden/K=3/high/abrupt/n/a/imbalanced/noisy,0.0,-0.0
scn-9b607fab5f6f,5520125,EDDM,0.8179826904583823,0.019902109999748063,0,3.0,52.0,3.0,0.0,31.0,18.0,0.057692307692307696,1.0,0.1090909090909091,0.0,234.33333333333334,210.0,410.258064516129,410.258064516129,1.7507456522736657,1.7507456522736657,2.437490171410599,12718.0,hyperplane_gauss,19718,8,0.13787006377242506,0.15375632643699647,3,prior,sudden,0,0.31349060326814654,1.0,False,high,abrupt,prior/sudden/K=3/high/abrupt/n/a/imbalanced/noisy,0.0,-0.0
scn-9b607fab5f6f,5520125,HDDM_A,0.8179826904583823,0.06717898299984881,0,3.0,2.0,1.0,2.0,1.0,0.0,0.5,0.3333333333333333,0.4,0.6666666666666667,246.0,246.0,12718.0,12718.0,17.2330623306233,17.2330623306233,0.07862871520679351,12718.0,hyperplane_gauss,19718,8,0.13787006377242506,0.15375632643699647,3,prior,sudden,0,0.31349060326814654,1.0,False,high,abrupt,prior/sudden/K=3/high/abrupt/n/a/imbalanced/noisy,0.0,-0.0
scn-9b607fab5f6f,5520125,HDDM_W,0.8179826904583823,0.06428091900033905,0,3.0,2.0,2.0,1.0,0.0,0.0,1.0,0.6666666666666666,0.8,0.33333333333333337,355.0,355.0,inf,12718.0,inf,23.88356807511737,0.0,12718.0,hyperplane_gauss,19718,8,0.13787006377242506,0.15375632643699647,3,prior,sudden,0,0.31349060326814654,1.0,False,high,abrupt,prior/sudden/K=3/high/abrupt/n/a/imbalanced/noisy,0.0,-0.0
scn-9b607fab5f6f,5520125,FHDDM,0.8179826904583823,0.020069987999704608,0,3.0,1.0,0.0,3.0,1.0,0.0,0.0,0.0,0.0,1.0,,,12718.0,12718.0,,,0.07862871520679351,12718.0,hyperplane_gauss,19718,8,0.13787006377242506,0.15375632643699647,3,prior,sudden,0,0.31349060326814654,1.0,False,high,abrupt,prior/sudden/K=3/high/abrupt/n/a/imbalanced/noisy,0.0,-0.0
scn-9b607fab5f6f,5520125,NoDrift,0.8179826904583823,0.0145000689999506,0,3.0,0.0,0.0,3.0,0.0,0.0,,0.0,0.0,1.0,,,inf,12718.0,,,0.0,12718.0,hyperplane_gauss,19718,8,0.13787006377242506,0.15375632643699647,3,prior,sudden,0,0.31349060326814654,1.0,False,high,abrupt,prior/sudden/K=3/high/abrupt/n/a/imbalanced/noisy,0.0,-0.0
scn-9b607fab5f6f,5520125,Periodic(2000),0.8179826904583823,0.013859051000054023,0,3.0,9.0,3.0,0.0,6.0,0.0,0.3333333333333333,1.0,0.5,0.0,1641.3333333333333,1641.0,2119.6666666666665,2119.6666666666665,1.291429731925264,1.291429731925264,0.47177229124076114,12718.0,hyperplane_gauss,19718,8,0.13787006377242506,0.15375632643699647,3,prior,sudden,0,0.31349060326814654,1.0,False,high,abrupt,prior/sudden/K=3/high/abrupt/n/a/imbalanced/noisy,0.0,-0.0
scn-9b607fab5f6f,5520125,Oracle,0.8179826904583823,0.014097140000103536,0,3.0,3.0,3.0,0.0,0.0,0.0,1.0,1.0,1.0,0.0,1.0,1.0,inf,12718.0,inf,12718.0,0.0,12718.0,hyperplane_gauss,19718,8,0.13787006377242506,0.15375632643699647,3,prior,sudden,0,0.31349060326814654,1.0,False,high,abrupt,prior/sudden/K=3/high/abrupt/n/a/imbalanced/noisy,0.0,-0.0
scn-9b607fab5f6f,5520126,ADWIN,0.8123731167859815,0.017582614999810176,0,3.0,1.0,0.0,3.0,1.0,0.0,0.0,0.0,0.0,1.0,,,12718.0,12718.0,,,0.07862871520679351,12718.0,hyperplane_gauss,19718,8,0.13787006377242506,0.15375632643699647,3,prior,sudden,0,0.31349060326814654,1.0,False,high,abrupt,prior/sudden/K=3/high/abrupt/n/a/imbalanced/noisy,0.0,-0.0
scn-9b607fab5f6f,5520126,PageHinkley,0.8123731167859815,0.02248415299982298,0,3.0,2.0,0.0,3.0,2.0,0.0,0.0,0.0,0.0,1.0,,,6359.0,6359.0,,,0.15725743041358703,12718.0,hyperplane_gauss,19718,8,0.13787006377242506,0.15375632643699647,3,prior,sudden,0,0.31349060326814654,1.0,False,high,abrupt,prior/sudden/K=3/high/abrupt/n/a/imbalanced/noisy,0.0,-0.0
scn-9b607fab5f6f,5520126,PageHinkley-up,0.8123731167859815,0.022348846000113554,0,3.0,1.0,0.0,3.0,1.0,0.0,0.0,0.0,0.0,1.0,,,12718.0,12718.0,,,0.07862871520679351,12718.0,hyperplane_gauss,19718,8,0.13787006377242506,0.15375632643699647,3,prior,sudden,0,0.31349060326814654,1.0,False,high,abrupt,prior/sudden/K=3/high/abrupt/n/a/imbalanced/noisy,0.0,-0.0
scn-9b607fab5f6f,5520126,DDM,0.8123731167859815,0.0219123709998712,0,3.0,0.0,0.0,3.0,0.0,0.0,,0.0,0.0,1.0,,,inf,12718.0,,,0.0,12718.0,hyperplane_gauss,19718,8,0.13787006377242506,0.15375632643699647,3,prior,sudden,0,0.31349060326814654,1.0,False,high,abrupt,prior/sudden/K=3/high/abrupt/n/a/imbalanced/noisy,0.0,-0.0
scn-9b607fab5f6f,5520126,EDDM,0.8123731167859815,0.019140251999942848,0,3.0,35.0,2.0,1.0,21.0,12.0,0.05714285714285714,0.6666666666666666,0.10526315789473684,0.33333333333333337,223.5,223.5,605.6190476190476,605.6190476190476,1.8064699406981284,1.8064699406981284,1.651203019342664,12718.0,hyperplane_gauss,19718,8,0.13787006377242506,0.15375632643699647,3,prior,sudden,0,0.31349060326814654,1.0,False,high,abrupt,prior/sudden/K=3/high/abrupt/n/a/imbalanced/noisy,0.0,-0.0
scn-9b607fab5f6f,5520126,HDDM_A,0.8123731167859815,0.06631688800007396,0,3.0,1.0,0.0,3.0,1.0,0.0,0.0,0.0,0.0,1.0,,,12718.0,12718.0,,,0.07862871520679351,12718.0,hyperplane_gauss,19718,8,0.13787006377242506,0.15375632643699647,3,prior,sudden,0,0.31349060326814654,1.0,False,high,abrupt,prior/sudden/K=3/high/abrupt/n/a/imbalanced/noisy,0.0,-0.0
scn-9b607fab5f6f,5520126,HDDM_W,0.8123731167859815,0.06281546900027024,0,3.0,2.0,2.0,1.0,0.0,0.0,1.0,0.6666666666666666,0.8,0.33333333333333337,744.0,744.0,inf,12718.0,inf,11.39605734767025,0.0,12718.0,hyperplane_gauss,19718,8,0.13787006377242506,0.15375632643699647,3,prior,sudden,0,0.31349060326814654,1.0,False,high,abrupt,prior/sudden/K=3/high/abrupt/n/a/imbalanced/noisy,0.0,-0.0
scn-9b607fab5f6f,5520126,FHDDM,0.8123731167859815,0.019815502999790624,0,3.0,2.0,2.0,1.0,0.0,0.0,1.0,0.6666666666666666,0.8,0.33333333333333337,760.5,760.5,inf,12718.0,inf,11.148805610344072,0.0,12718.0,hyperplane_gauss,19718,8,0.13787006377242506,0.15375632643699647,3,prior,sudden,0,0.31349060326814654,1.0,False,high,abrupt,prior/sudden/K=3/high/abrupt/n/a/imbalanced/noisy,0.0,-0.0
scn-9b607fab5f6f,5520126,NoDrift,0.8123731167859815,0.014045432000330038,0,3.0,0.0,0.0,3.0,0.0,0.0,,0.0,0.0,1.0,,,inf,12718.0,,,0.0,12718.0,hyperplane_gauss,19718,8,0.13787006377242506,0.15375632643699647,3,prior,sudden,0,0.31349060326814654,1.0,False,high,abrupt,prior/sudden/K=3/high/abrupt/n/a/imbalanced/noisy,0.0,-0.0
scn-9b607fab5f6f,5520126,Periodic(2000),0.8123731167859815,0.014104602999850613,0,3.0,9.0,3.0,0.0,6.0,0.0,0.3333333333333333,1.0,0.5,0.0,1641.3333333333333,1641.0,2119.6666666666665,2119.6666666666665,1.291429731925264,1.291429731925264,0.47177229124076114,12718.0,hyperplane_gauss,19718,8,0.13787006377242506,0.15375632643699647,3,prior,sudden,0,0.31349060326814654,1.0,False,high,abrupt,prior/sudden/K=3/high/abrupt/n/a/imbalanced/noisy,0.0,-0.0
scn-9b607fab5f6f,5520126,Oracle,0.8123731167859815,0.013984872000037285,0,3.0,3.0,3.0,0.0,0.0,0.0,1.0,1.0,1.0,0.0,1.0,1.0,inf,12718.0,inf,12718.0,0.0,12718.0,hyperplane_gauss,19718,8,0.13787006377242506,0.15375632643699647,3,prior,sudden,0,0.31349060326814654,1.0,False,high,abrupt,prior/sudden/K=3/high/abrupt/n/a/imbalanced/noisy,0.0,-0.0
scn-9b607fab5f6f,5520127,ADWIN,0.8108772304733411,0.017937247000190837,0,3.0,0.0,0.0,3.0,0.0,0.0,,0.0,0.0,1.0,,,inf,12718.0,,,0.0,12718.0,hyperplane_gauss,19718,8,0.13787006377242506,0.15375632643699647,3,prior,sudden,0,0.31349060326814654,1.0,False,high,abrupt,prior/sudden/K=3/high/abrupt/n/a/imbalanced/noisy,0.0,-0.0
scn-9b607fab5f6f,5520127,PageHinkley,0.8108772304733411,0.022314259000268066,0,3.0,2.0,1.0,2.0,1.0,0.0,0.5,0.3333333333333333,0.4,0.6666666666666667,1107.0,1107.0,12718.0,12718.0,3.829569406805178,3.829569406805178,0.07862871520679351,12718.0,hyperplane_gauss,19718,8,0.13787006377242506,0.15375632643699647,3,prior,sudden,0,0.31349060326814654,1.0,False,high,abrupt,prior/sudden/K=3/high/abrupt/n/a/imbalanced/noisy,0.0,-0.0
scn-9b607fab5f6f,5520127,PageHinkley-up,0.8108772304733411,0.022411304999877757,0,3.0,1.0,1.0,2.0,0.0,0.0,1.0,0.3333333333333333,0.5,0.6666666666666667,1030.0,1030.0,inf,12718.0,inf,4.115857605177993,0.0,12718.0,hyperplane_gauss,19718,8,0.13787006377242506,0.15375632643699647,3,prior,sudden,0,0.31349060326814654,1.0,False,high,abrupt,prior/sudden/K=3/high/abrupt/n/a/imbalanced/noisy,0.0,-0.0
scn-9b607fab5f6f,5520127,DDM,0.8108772304733411,0.023151243000029353,0,3.0,0.0,0.0,3.0,0.0,0.0,,0.0,0.0,1.0,,,inf,12718.0,,,0.0,12718.0,hyperplane_gauss,19718,8,0.13787006377242506,0.15375632643699647,3,prior,sudden,0,0.31349060326814654,1.0,False,high,abrupt,prior/sudden/K=3/high/abrupt/n/a/imbalanced/noisy,0.0,-0.0
scn-9b607fab5f6f,5520127,EDDM,0.8108772304733411,0.019412272999943525,0,3.0,1.0,0.0,3.0,1.0,0.0,0.0,0.0,0.0,1.0,,,12718.0,12718.0,,,0.07862871520679351,12718.0,hyperplane_gauss,19718,8,0.13787006377242506,0.15375632643699647,3,prior,sudden,0,0.31349060326814654,1.0,False,high,abrupt,prior/sudden/K=3/high/abrupt/n/a/imbalanced/noisy,0.0,-0.0
scn-9b607fab5f6f,5520127,HDDM_A,0.8108772304733411,0.07559026600029028,0,3.0,0.0,0.0,3.0,0.0,0.0,,0.0,0.0,1.0,,,inf,12718.0,,,0.0,12718.0,hyperplane_gauss,19718,8,0.13787006377242506,0.15375632643699647,3,prior,sudden,0,0.31349060326814654,1.0,False,high,abrupt,prior/sudden/K=3/high/abrupt/n/a/imbalanced/noisy,0.0,-0.0
scn-9b607fab5f6f,5520127,HDDM_W,0.8108772304733411,0.06331955899986497,0,3.0,1.0,0.0,3.0,1.0,0.0,0.0,0.0,0.0,1.0,,,12718.0,12718.0,,,0.07862871520679351,12718.0,hyperplane_gauss,19718,8,0.13787006377242506,0.15375632643699647,3,prior,sudden,0,0.31349060326814654,1.0,False,high,abrupt,prior/sudden/K=3/high/abrupt/n/a/imbalanced/noisy,0.0,-0.0
scn-9b607fab5f6f,5520127,FHDDM,0.8108772304733411,0.02039123099984863,0,3.0,1.0,0.0,3.0,1.0,0.0,0.0,0.0,0.0,1.0,,,12718.0,12718.0,,,0.07862871520679351,12718.0,hyperplane_gauss,19718,8,0.13787006377242506,0.15375632643699647,3,prior,sudden,0,0.31349060326814654,1.0,False,high,abrupt,prior/sudden/K=3/high/abrupt/n/a/imbalanced/noisy,0.0,-0.0
scn-9b607fab5f6f,5520127,NoDrift,0.8108772304733411,0.01414031000012983,0,3.0,0.0,0.0,3.0,0.0,0.0,,0.0,0.0,1.0,,,inf,12718.0,,,0.0,12718.0,hyperplane_gauss,19718,8,0.13787006377242506,0.15375632643699647,3,prior,sudden,0,0.31349060326814654,1.0,False,high,abrupt,prior/sudden/K=3/high/abrupt/n/a/imbalanced/noisy,0.0,-0.0
scn-9b607fab5f6f,5520127,Periodic(2000),0.8108772304733411,0.014260397000271041,0,3.0,9.0,3.0,0.0,6.0,0.0,0.3333333333333333,1.0,0.5,0.0,1641.3333333333333,1641.0,2119.6666666666665,2119.6666666666665,1.291429731925264,1.291429731925264,0.47177229124076114,12718.0,hyperplane_gauss,19718,8,0.13787006377242506,0.15375632643699647,3,prior,sudden,0,0.31349060326814654,1.0,False,high,abrupt,prior/sudden/K=3/high/abrupt/n/a/imbalanced/noisy,0.0,-0.0
scn-9b607fab5f6f,5520127,Oracle,0.8108772304733411,0.014427259000058257,0,3.0,3.0,3.0,0.0,0.0,0.0,1.0,1.0,1.0,0.0,1.0,1.0,inf,12718.0,inf,12718.0,0.0,12718.0,hyperplane_gauss,19718,8,0.13787006377242506,0.15375632643699647,3,prior,sudden,0,0.31349060326814654,1.0,False,high,abrupt,prior/sudden/K=3/high/abrupt/n/a/imbalanced/noisy,0.0,-0.0
scn-60dda75354c1,1120611205,ADWIN,0.8716820648188884,0.03817300399987289,0,4.0,4.0,4.0,0.0,0.0,0.0,1.0,1.0,1.0,0.0,1354.5,1303.5,inf,10120.0,inf,7.471391657438169,0.0,10120.0,hyperplane_gauss,28276,16,0.39628220987506213,0.049981746822595596,4,prior,gradual,2289,0.4472388637065888,1.0,False,high,slow,prior/gradual/K=4/high/slow/n/a/imbalanced/noisy,0.0,-0.0
scn-60dda75354c1,1120611205,PageHinkley,0.8716820648188884,0.046221362999858684,0,4.0,6.0,4.0,0.0,0.0,2.0,0.6666666666666666,1.0,0.8,0.0,1051.75,1131.5,inf,10120.0,inf,9.622058473971952,0.0,10120.0,hyperplane_gauss,28276,16,0.39628220987506213,0.049981746822595596,4,prior,gradual,2289,0.4472388637065888,1.0,False,high,slow,prior/gradual/K=4/high/slow/n/a/imbalanced/noisy,0.0,-0.0
scn-60dda75354c1,1120611205,PageHinkley-up,0.8716820648188884,0.043998522000038065,0,4.0,3.0,2.0,2.0,0.0,1.0,0.6666666666666666,0.5,0.5714285714285715,0.5,1293.0,1293.0,inf,10120.0,inf,3.9133797370456302,0.0,10120.0,hyperplane_gauss,28276,16,0.39628220987506213,0.049981746822595596,4,prior,gradual,2289,0.4472388637065888,1.0,False,high,slow,prior/gradual/K=4/high/slow/n/a/imbalanced/noisy,0.0,-0.0
scn-60dda75354c1,1120611205,DDM,0.8716820648188884,0.04730899300011515,0,4.0,3.0,2.0,2.0,0.0,1.0,0.6666666666666666,0.5,0.5714285714285715,0.5,2245.5,2245.5,inf,10120.0,inf,2.2533956802493877,0.0,10120.0,hyperplane_gauss,28276,16,0.39628220987506213,0.049981746822595596,4,prior,gradual,2289,0.4472388637065888,1.0,False,high,slow,prior/gradual/K=4/high/slow/n/a/imbalanced/noisy,0.0,-0.0
scn-60dda75354c1,1120611205,EDDM,0.8716820648188884,0.038415778999933536,0,4.0,36.0,3.0,1.0,16.0,17.0,0.08333333333333333,0.75,0.15,0.25,1395.3333333333333,276.0,632.5,632.5,0.3399725274725275,0.3399725274725275,1.5810276679841897,10120.0,hyperplane_gauss,28276,16,0.39628220987506213,0.049981746822595596,4,prior,gradual,2289,0.4472388637065888,1.0,False,high,slow,prior/gradual/K=4/high/slow/n/a/imbalanced/noisy,0.0,-0.0
scn-60dda75354c1,1120611205,HDDM_A,0.8716820648188884,0.13874110799997652,0,4.0,2.0,2.0,2.0,0.0,0.0,1.0,0.5,0.6666666666666666,0.5,2349.5,2349.5,inf,10120.0,inf,2.153649712704831,0.0,10120.0,hyperplane_gauss,28276,16,0.39628220987506213,0.049981746822595596,4,prior,gradual,2289,0.4472388637065888,1.0,False,high,slow,prior/gradual/K=4/high/slow/n/a/imbalanced/noisy,0.0,-0.0
scn-60dda75354c1,1120611205,HDDM_W,0.8716820648188884,0.10205342900007963,0,4.0,1.0,1.0,3.0,0.0,0.0,1.0,0.25,0.4,0.75,3075.0,3075.0,inf,10120.0,inf,0.8227642276422764,0.0,10120.0,hyperplane_gauss,28276,16,0.39628220987506213,0.049981746822595596,4,prior,gradual,2289,0.4472388637065888,1.0,False,high,slow,prior/gradual/K=4/high/slow/n/a/imbalanced/noisy,0.0,-0.0
scn-60dda75354c1,1120611205,FHDDM,0.8716820648188884,0.04022637600019152,0,4.0,2.0,2.0,2.0,0.0,0.0,1.0,0.5,0.6666666666666666,0.5,2811.5,2811.5,inf,10120.0,inf,1.7997510225858082,0.0,10120.0,hyperplane_gauss,28276,16,0.39628220987506213,0.049981746822595596,4,prior,gradual,2289,0.4472388637065888,1.0,False,high,slow,prior/gradual/K=4/high/slow/n/a/imbalanced/noisy,0.0,-0.0
scn-60dda75354c1,1120611205,NoDrift,0.8716820648188884,0.030606927999997424,0,4.0,0.0,0.0,4.0,0.0,0.0,,0.0,0.0,1.0,,,inf,10120.0,,,0.0,10120.0,hyperplane_gauss,28276,16,0.39628220987506213,0.049981746822595596,4,prior,gradual,2289,0.4472388637065888,1.0,False,high,slow,prior/gradual/K=4/high/slow/n/a/imbalanced/noisy,0.0,-0.0
scn-60dda75354c1,1120611205,Periodic(2000),0.8716820648188884,0.03277148200004376,0,4.0,13.0,4.0,0.0,4.0,5.0,0.3076923076923077,1.0,0.47058823529411764,0.0,1006.5,916.0,2530.0,2530.0,2.5136612021857925,2.5136612021857925,0.3952569169960474,10120.0,hyperplane_gauss,28276,16,0.39628220987506213,0.049981746822595596,4,prior,gradual,2289,0.4472388637065888,1.0,False,high,slow,prior/gradual/K=4/high/slow/n/a/imbalanced/noisy,0.0,-0.0
scn-60dda75354c1,1120611205,Oracle,0.8716820648188884,0.03232446299989533,0,4.0,4.0,4.0,0.0,0.0,0.0,1.0,1.0,1.0,0.0,1145.0,1145.0,inf,10120.0,inf,8.838427947598253,0.0,10120.0,hyperplane_gauss,28276,16,0.39628220987506213,0.049981746822595596,4,prior,gradual,2289,0.4472388637065888,1.0,False,high,slow,prior/gradual/K=4/high/slow/n/a/imbalanced/noisy,0.0,-0.0
scn-60dda75354c1,1120611206,ADWIN,0.8750916556679865,0.05377201100009188,0,4.0,4.0,4.0,0.0,0.0,0.0,1.0,1.0,1.0,0.0,1698.5,1625.0,inf,10120.0,inf,5.958198410362084,0.0,10120.0,hyperplane_gauss,28276,16,0.39628220987506213,0.049981746822595596,4,prior,gradual,2289,0.4472388637065888,1.0,False,high,slow,prior/gradual/K=4/high/slow/n/a/imbalanced/noisy,0.0,-0.0
scn-60dda75354c1,1120611206,PageHinkley,0.8750916556679865,0.044609894000132044,0,4.0,6.0,4.0,0.0,1.0,1.0,0.6666666666666666,1.0,0.8,0.0,1855.75,1753.5,10120.0,10120.0,5.4533207598006195,5.4533207598006195,0.09881422924901186,10120.0,hyperplane_gauss,28276,16,0.39628220987506213,0.049981746822595596,4,prior,gradual,2289,0.4472388637065888,1.0,False,high,slow,prior/gradual/K=4/high/slow/n/a/imbalanced/noisy,0.0,-0.0
scn-60dda75354c1,1120611206,PageHinkley-up,0.8750916556679865,0.044060776000151236,0,4.0,3.0,2.0,2.0,0.0,1.0,0.6666666666666666,0.5,0.5714285714285715,0.5,1290.0,1290.0,inf,10120.0,inf,3.9224806201550386,0.0,10120.0,hyperplane_gauss,28276,16,0.39628220987506213,0.049981746822595596,4,prior,gradual,2289,0.4472388637065888,1.0,False,high,slow,prior/gradual/K=4/high/slow/n/a/imbalanced/noisy,0.0,-0.0
scn-60dda75354c1,1120611206,DDM,0.8750916556679865,0.04384166099998765,0,4.0,2.0,2.0,2.0,0.0,0.0,1.0,0.5,0.6666666666666666,0.5,2119.0,2119.0,inf,10120.0,inf,2.387918829636621,0.0,10120.0,hyperplane_gauss,28276,16,0.39628220987506213,0.049981746822595596,4,prior,gradual,2289,0.4472388637065888,1.0,False,high,slow,prior/gradual/K=4/high/slow/n/a/imbalanced/noisy,0.0,-0.0
scn-60dda75354c1,1120611206,EDDM,0.8750916556679865,0.038035080999634374,0,4.0,42.0,3.0,1.0,15.0,24.0,0.07142857142857142,0.75,0.13043478260869565,0.25,1494.0,783.0,674.6666666666666,674.6666666666666,0.3386880856760375,0.3386880856760375,1.482213438735178,10120.0,hyperplane_gauss,28276,16,0.39628220987506213,0.049981746822595596,4,prior,gradual,2289,0.4472388637065888,1.0,False,high,slow,prior/gradual/K=4/high/slow/n/a/imbalanced/noisy,0.0,-0.0
scn-60dda75354c1,1120611206,HDDM_A,0.8750916556679865,0.13136878700015586,0,4.0,3.0,2.0,2.0,1.0,0.0,0.6666666666666666,0.5,0.5714285714285715,0.5,2117.5,2117.5,10120.0,10120.0,2.3896103896103895,2.3896103896103895,0.09881422924901186,10120.0,hyperplane_gauss,28276,16,0.39628220987506213,0.049981746822595596,4,prior,gradual,2289,0.4472388637065888,1.0,False,high,slow,prior/gradual/K=4/high/slow/n/a/imbalanced/noisy,0.0,-0.0
scn-60dda75354c1,1120611206,HDDM_W,0.8750916556679865,0.10351393100017958,0,4.0,1.0,1.0,3.0,0.0,0.0,1.0,0.25,0.4,0.75,2076.0,2076.0,inf,10120.0,inf,1.21868978805395,0.0,10120.0,hyperplane_gauss,28276,16,0.39628220987506213,0.049981746822595596,4,prior,gradual,2289,0.4472388637065888,1.0,False,high,slow,prior/gradual/K=4/high/slow/n/a/imbalanced/noisy,0.0,-0.0
scn-60dda75354c1,1120611206,FHDDM,0.8750916556679865,0.04023151899991717,0,4.0,1.0,1.0,3.0,0.0,0.0,1.0,0.25,0.4,0.75,2091.0,2091.0,inf,10120.0,inf,1.209947393591583,0.0,10120.0,hyperplane_gauss,28276,16,0.39628220987506213,0.049981746822595596,4,prior,gradual,2289,0.4472388637065888,1.0,False,high,slow,prior/gradual/K=4/high/slow/n/a/imbalanced/noisy,0.0,-0.0
scn-60dda75354c1,1120611206,NoDrift,0.8750916556679865,0.032446019999952114,0,4.0,0.0,0.0,4.0,0.0,0.0,,0.0,0.0,1.0,,,inf,10120.0,,,0.0,10120.0,hyperplane_gauss,28276,16,0.39628220987506213,0.049981746822595596,4,prior,gradual,2289,0.4472388637065888,1.0,False,high,slow,prior/gradual/K=4/high/slow/n/a/imbalanced/noisy,0.0,-0.0
scn-60dda75354c1,1120611206,Periodic(2000),0.8750916556679865,0.03210398100009115,0,4.0,13.0,4.0,0.0,4.0,5.0,0.3076923076923077,1.0,0.47058823529411764,0.0,1006.5,916.0,2530.0,2530.0,2.5136612021857925,2.5136612021857925,0.3952569169960474,10120.0,hyperplane_gauss,28276,16,0.39628220987506213,0.049981746822595596,4,prior,gradual,2289,0.4472388637065888,1.0,False,high,slow,prior/gradual/K=4/high/slow/n/a/imbalanced/noisy,0.0,-0.0
scn-60dda75354c1,1120611206,Oracle,0.8750916556679865,0.031683640999744966,0,4.0,4.0,4.0,0.0,0.0,0.0,1.0,1.0,1.0,0.0,1145.0,1145.0,inf,10120.0,inf,8.838427947598253,0.0,10120.0,hyperplane_gauss,28276,16,0.39628220987506213,0.049981746822595596,4,prior,gradual,2289,0.4472388637065888,1.0,False,high,slow,prior/gradual/K=4/high/slow/n/a/imbalanced/noisy,0.0,-0.0
scn-60dda75354c1,1120611207,ADWIN,0.8743217480568999,0.03847261900000376,0,4.0,3.0,3.0,1.0,0.0,0.0,1.0,0.75,0.8571428571428571,0.25,1150.3333333333333,1036.0,inf,10120.0,inf,6.598087510866415,0.0,10120.0,hyperplane_gauss,28276,16,0.39628220987506213,0.049981746822595596,4,prior,gradual,2289,0.4472388637065888,1.0,False,high,slow,prior/gradual/K=4/high/slow/n/a/imbalanced/noisy,0.0,-0.0
scn-60dda75354c1,1120611207,PageHinkley,0.8743217480568999,0.04536259399992559,0,4.0,5.0,4.0,0.0,1.0,0.0,0.8,1.0,0.888888888888889,0.0,2216.0,2336.0,10120.0,10120.0,4.566787003610108,4.566787003610108,0.09881422924901186,10120.0,hyperplane_gauss,28276,16,0.39628220987506213,0.049981746822595596,4,prior,gradual,2289,0.4472388637065888,1.0,False,high,slow,prior/gradual/K=4/high/slow/n/a/imbalanced/noisy,0.0,-0.0
scn-60dda75354c1,1120611207,PageHinkley-up,0.8743217480568999,0.044726156999786326,0,4.0,2.0,2.0,2.0,0.0,0.0,1.0,0.5,0.6666666666666666,0.5,1367.0,1367.0,inf,10120.0,inf,3.701536210680322,0.0,10120.0,hyperplane_gauss,28276,16,0.39628220987506213,0.049981746822595596,4,prior,gradual,2289,0.4472388637065888,1.0,False,high,slow,prior/gradual/K=4/high/slow/n/a/imbalanced/noisy,0.0,-0.0
scn-60dda75354c1,1120611207,DDM,0.8743217480568999,0.04539415699991878,0,4.0,3.0,2.0,2.0,0.0,1.0,0.6666666666666666,0.5,0.5714285714285715,0.5,2131.0,2131.0,inf,10120.0,inf,2.3744720788362272,0.0,10120.0,hyperplane_gauss,28276,16,0.39628220987506213,0.049981746822595596,4,prior,gradual,2289,0.4472388637065888,1.0,False,high,slow,prior/gradual/K=4/high/slow/n/a/imbalanced/noisy,0.0,-0.0
scn-60dda75354c1,1120611207,EDDM,0.8743217480568999,0.03917703600018285,0,4.0,45.0,3.0,1.0,13.0,29.0,0.06666666666666667,0.75,0.12244897959183675,0.25,1160.0,146.0,778.4615384615385,778.4615384615385,0.5033156498673741,0.5033156498673741,1.284584980237154,10120.0,hyperplane_gauss,28276,16,0.39628220987506213,0.049981746822595596,4,prior,gradual,2289,0.4472388637065888,1.0,False,high,slow,prior/gradual/K=4/high/slow/n/a/imbalanced/noisy,0.0,-0.0
scn-60dda75354c1,1120611207,HDDM_A,0.8743217480568999,0.14232601800040356,0,4.0,2.0,2.0,2.0,0.0,0.0,1.0,0.5,0.6666666666666666,0.5,2227.5,2227.5,inf,10120.0,inf,2.271604938271605,0.0,10120.0,hyperplane_gauss,28276,16,0.39628220987506213,0.049981746822595596,4,prior,gradual,2289,0.4472388637065888,1.0,False,high,slow,prior/gradual/K=4/high/slow/n/a/imbalanced/noisy,0.0,-0.0
scn-60dda75354c1,1120611207,HDDM_W,0.8743217480568999,0.10756484500006991,0,4.0,0.0,0.0,4.0,0.0,0.0,,0.0,0.0,1.0,,,inf,10120.0,,,0.0,10120.0,hyperplane_gauss,28276,16,0.39628220987506213,0.049981746822595596,4,prior,gradual,2289,0.4472388637065888,1.0,False,high,slow,prior/gradual/K=4/high/slow/n/a/imbalanced/noisy,0.0,-0.0
scn-60dda75354c1,1120611207,FHDDM,0.8743217480568999,0.043520814000203245,0,4.0,2.0,2.0,2.0,0.0,0.0,1.0,0.5,0.6666666666666666,0.5,3068.5,3068.5,inf,10120.0,inf,1.6490141763076422,0.0,10120.0,hyperplane_gauss,28276,16,0.39628220987506213,0.049981746822595596,4,prior,gradual,2289,0.4472388637065888,1.0,False,high,slow,prior/gradual/K=4/high/slow/n/a/imbalanced/noisy,0.0,-0.0
scn-60dda75354c1,1120611207,NoDrift,0.8743217480568999,0.033772094000141806,0,4.0,0.0,0.0,4.0,0.0,0.0,,0.0,0.0,1.0,,,inf,10120.0,,,0.0,10120.0,hyperplane_gauss,28276,16,0.39628220987506213,0.049981746822595596,4,prior,gradual,2289,0.4472388637065888,1.0,False,high,slow,prior/gradual/K=4/high/slow/n/a/imbalanced/noisy,0.0,-0.0
scn-60dda75354c1,1120611207,Periodic(2000),0.8743217480568999,0.0351029829998879,0,4.0,13.0,4.0,0.0,4.0,5.0,0.3076923076923077,1.0,0.47058823529411764,0.0,1006.5,916.0,2530.0,2530.0,2.5136612021857925,2.5136612021857925,0.3952569169960474,10120.0,hyperplane_gauss,28276,16,0.39628220987506213,0.049981746822595596,4,prior,gradual,2289,0.4472388637065888,1.0,False,high,slow,prior/gradual/K=4/high/slow/n/a/imbalanced/noisy,0.0,-0.0
scn-60dda75354c1,1120611207,Oracle,0.8743217480568999,0.034955904000071314,0,4.0,4.0,4.0,0.0,0.0,0.0,1.0,1.0,1.0,0.0,1145.0,1145.0,inf,10120.0,inf,8.838427947598253,0.0,10120.0,hyperplane_gauss,28276,16,0.39628220987506213,0.049981746822595596,4,prior,gradual,2289,0.4472388637065888,1.0,False,high,slow,prior/gradual/K=4/high/slow/n/a/imbalanced/noisy,0.0,-0.0
scn-7eceb1903167,286847313,ADWIN,0.7367250850117708,0.024488292000114598,0,2.0,0.0,0.0,2.0,0.0,0.0,,0.0,0.0,1.0,,,inf,26176.0,,,0.0,26176.0,hyperplane_gauss,31584,4,0.23413306004367768,0.22529671462252734,2,virtual,gradual,204,0.16075827002525328,0.7020591129548848,True,medium,fast,virtual/gradual/K=2/recurring/medium/fast/partial/imbalanced/noisy,0.0,-0.0
scn-7eceb1903167,286847313,PageHinkley,0.7367250850117708,0.030429984999955195,0,2.0,2.0,0.0,2.0,2.0,0.0,0.0,0.0,0.0,1.0,,,13088.0,13088.0,,,0.07640586797066015,26176.0,hyperplane_gauss,31584,4,0.23413306004367768,0.22529671462252734,2,virtual,gradual,204,0.16075827002525328,0.7020591129548848,True,medium,fast,virtual/gradual/K=2/recurring/medium/fast/partial/imbalanced/noisy,0.0,-0.0
scn-7eceb1903167,286847313,PageHinkley-up,0.7367250850117708,0.030466833999980736,0,2.0,1.0,0.0,2.0,1.0,0.0,0.0,0.0,0.0,1.0,,,26176.0,26176.0,,,0.038202933985330076,26176.0,hyperplane_gauss,31584,4,0.23413306004367768,0.22529671462252734,2,virtual,gradual,204,0.16075827002525328,0.7020591129548848,True,medium,fast,virtual/gradual/K=2/recurring/medium/fast/partial/imbalanced/noisy,0.0,-0.0
scn-7eceb1903167,286847313,DDM,0.7367250850117708,0.03051846700009264,0,2.0,0.0,0.0,2.0,0.0,0.0,,0.0,0.0,1.0,,,inf,26176.0,,,0.0,26176.0,hyperplane_gauss,31584,4,0.23413306004367768,0.22529671462252734,2,virtual,gradual,204,0.16075827002525328,0.7020591129548848,True,medium,fast,virtual/gradual/K=2/recurring/medium/fast/partial/imbalanced/noisy,0.0,-0.0
scn-7eceb1903167,286847313,EDDM,0.7367250850117708,0.026231490000100166,0,2.0,47.0,1.0,1.0,45.0,1.0,0.02127659574468085,0.5,0.04081632653061224,0.5,80.0,80.0,581.6888888888889,581.6888888888889,3.6355555555555554,3.6355555555555554,1.7191320293398533,26176.0,hyperplane_gauss,31584,4,0.23413306004367768,0.22529671462252734,2,virtual,gradual,204,0.16075827002525328,0.7020591129548848,True,medium,fast,virtual/gradual/K=2/recurring/medium/fast/partial/imbalanced/noisy,0.0,-0.0
scn-7eceb1903167,286847313,HDDM_A,0.7367250850117708,0.08538430299995525,0,2.0,0.0,0.0,2.0,0.0,0.0,,0.0,0.0,1.0,,,inf,26176.0,,,0.0,26176.0,hyperplane_gauss,31584,4,0.23413306004367768,0.22529671462252734,2,virtual,gradual,204,0.16075827002525328,0.7020591129548848,True,medium,fast,virtual/gradual/K=2/recurring/medium/fast/partial/imbalanced/noisy,0.0,-0.0
scn-7eceb1903167,286847313,HDDM_W,0.7367250850117708,0.11139157200022964,0,2.0,8.0,0.0,2.0,8.0,0.0,0.0,0.0,0.0,1.0,,,3272.0,3272.0,,,0.3056234718826406,26176.0,hyperplane_gauss,31584,4,0.23413306004367768,0.22529671462252734,2,virtual,gradual,204,0.16075827002525328,0.7020591129548848,True,medium,fast,virtual/gradual/K=2/recurring/medium/fast/partial/imbalanced/noisy,0.0,-0.0
scn-7eceb1903167,286847313,FHDDM,0.7367250850117708,0.026480520999939472,0,2.0,4.0,0.0,2.0,4.0,0.0,0.0,0.0,0.0,1.0,,,6544.0,6544.0,,,0.1528117359413203,26176.0,hyperplane_gauss,31584,4,0.23413306004367768,0.22529671462252734,2,virtual,gradual,204,0.16075827002525328,0.7020591129548848,True,medium,fast,virtual/gradual/K=2/recurring/medium/fast/partial/imbalanced/noisy,0.0,-0.0
scn-7eceb1903167,286847313,NoDrift,0.7367250850117708,0.016437411000424618,0,2.0,0.0,0.0,2.0,0.0,0.0,,0.0,0.0,1.0,,,inf,26176.0,,,0.0,26176.0,hyperplane_gauss,31584,4,0.23413306004367768,0.22529671462252734,2,virtual,gradual,204,0.16075827002525328,0.7020591129548848,True,medium,fast,virtual/gradual/K=2/recurring/medium/fast/partial/imbalanced/noisy,0.0,-0.0
scn-7eceb1903167,286847313,Periodic(2000),0.7367250850117708,0.017316293000021687,0,2.0,15.0,2.0,0.0,12.0,1.0,0.13333333333333333,1.0,0.23529411764705882,0.0,810.0,810.0,2181.3333333333335,2181.3333333333335,2.6930041152263375,2.6930041152263375,0.45843520782396086,26176.0,hyperplane_gauss,31584,4,0.23413306004367768,0.22529671462252734,2,virtual,gradual,204,0.16075827002525328,0.7020591129548848,True,medium,fast,virtual/gradual/K=2/recurring/medium/fast/partial/imbalanced/noisy,0.0,-0.0
scn-7eceb1903167,286847313,Oracle,0.7367250850117708,0.01778706899995086,0,2.0,2.0,2.0,0.0,0.0,0.0,1.0,1.0,1.0,0.0,103.0,103.0,inf,26176.0,inf,254.1359223300971,0.0,26176.0,hyperplane_gauss,31584,4,0.23413306004367768,0.22529671462252734,2,virtual,gradual,204,0.16075827002525328,0.7020591129548848,True,medium,fast,virtual/gradual/K=2/recurring/medium/fast/partial/imbalanced/noisy,0.0,-0.0
scn-7eceb1903167,286847314,ADWIN,0.7378040805650014,0.022585973999866837,0,2.0,0.0,0.0,2.0,0.0,0.0,,0.0,0.0,1.0,,,inf,26176.0,,,0.0,26176.0,hyperplane_gauss,31584,4,0.23413306004367768,0.22529671462252734,2,virtual,gradual,204,0.16075827002525328,0.7020591129548848,True,medium,fast,virtual/gradual/K=2/recurring/medium/fast/partial/imbalanced/noisy,0.0,-0.0
scn-7eceb1903167,286847314,PageHinkley,0.7378040805650014,0.034007529000064096,0,2.0,3.0,0.0,2.0,3.0,0.0,0.0,0.0,0.0,1.0,,,8725.333333333334,8725.333333333334,,,0.11460880195599021,26176.0,hyperplane_gauss,31584,4,0.23413306004367768,0.22529671462252734,2,virtual,gradual,204,0.16075827002525328,0.7020591129548848,True,medium,fast,virtual/gradual/K=2/recurring/medium/fast/partial/imbalanced/noisy,0.0,-0.0
scn-7eceb1903167,286847314,PageHinkley-up,0.7378040805650014,0.02997580100009145,0,2.0,2.0,0.0,2.0,2.0,0.0,0.0,0.0,0.0,1.0,,,13088.0,13088.0,,,0.07640586797066015,26176.0,hyperplane_gauss,31584,4,0.23413306004367768,0.22529671462252734,2,virtual,gradual,204,0.16075827002525328,0.7020591129548848,True,medium,fast,virtual/gradual/K=2/recurring/medium/fast/partial/imbalanced/noisy,0.0,-0.0
scn-7eceb1903167,286847314,DDM,0.7378040805650014,0.03163453200022559,0,2.0,1.0,0.0,2.0,1.0,0.0,0.0,0.0,0.0,1.0,,,26176.0,26176.0,,,0.038202933985330076,26176.0,hyperplane_gauss,31584,4,0.23413306004367768,0.22529671462252734,2,virtual,gradual,204,0.16075827002525328,0.7020591129548848,True,medium,fast,virtual/gradual/K=2/recurring/medium/fast/partial/imbalanced/noisy,0.0,-0.0
scn-7eceb1903167,286847314,EDDM,0.7378040805650014,0.028970115999982227,0,2.0,15.0,0.0,2.0,15.0,0.0,0.0,0.0,0.0,1.0,,,1745.0666666666666,1745.0666666666666,,,0.5730440097799511,26176.0,hyperplane_gauss,31584,4,0.23413306004367768,0.22529671462252734,2,virtual,gradual,204,0.16075827002525328,0.7020591129548848,True,medium,fast,virtual/gradual/K=2/recurring/medium/fast/partial/imbalanced/noisy,0.0,-0.0
scn-7eceb1903167,286847314,HDDM_A,0.7378040805650014,0.08578768799998215,0,2.0,0.0,0.0,2.0,0.0,0.0,,0.0,0.0,1.0,,,inf,26176.0,,,0.0,26176.0,hyperplane_gauss,31584,4,0.23413306004367768,0.22529671462252734,2,virtual,gradual,204,0.16075827002525328,0.7020591129548848,True,medium,fast,virtual/gradual/K=2/recurring/medium/fast/partial/imbalanced/noisy,0.0,-0.0
scn-7eceb1903167,286847314,HDDM_W,0.7378040805650014,0.10937638099994729,0,2.0,9.0,1.0,1.0,8.0,0.0,0.1111111111111111,0.5,0.1818181818181818,0.5,292.0,292.0,3272.0,3272.0,5.602739726027397,5.602739726027397,0.3056234718826406,26176.0,hyperplane_gauss,31584,4,0.23413306004367768,0.22529671462252734,2,virtual,gradual,204,0.16075827002525328,0.7020591129548848,True,medium,fast,virtual/gradual/K=2/recurring/medium/fast/partial/imbalanced/noisy,0.0,-0.0
scn-7eceb1903167,286847314,FHDDM,0.7378040805650014,0.02620003399988491,0,2.0,3.0,0.0,2.0,3.0,0.0,0.0,0.0,0.0,1.0,,,8725.333333333334,8725.333333333334,,,0.11460880195599021,26176.0,hyperplane_gauss,31584,4,0.23413306004367768,0.22529671462252734,2,virtual,gradual,204,0.16075827002525328,0.7020591129548848,True,medium,fast,virtual/gradual/K=2/recurring/medium/fast/partial/imbalanced/noisy,0.0,-0.0
scn-7eceb1903167,286847314,NoDrift,0.7378040805650014,0.01652790099979029,0,2.0,0.0,0.0,2.0,0.0,0.0,,0.0,0.0,1.0,,,inf,26176.0,,,0.0,26176.0,hyperplane_gauss,31584,4,0.23413306004367768,0.22529671462252734,2,virtual,gradual,204,0.16075827002525328,0.7020591129548848,True,medium,fast,virtual/gradual/K=2/recurring/medium/fast/partial/imbalanced/noisy,0.0,-0.0
scn-7eceb1903167,286847314,Periodic(2000),0.7378040805650014,0.016804608999791526,0,2.0,15.0,2.0,0.0,12.0,1.0,0.13333333333333333,1.0,0.23529411764705882,0.0,810.0,810.0,2181.3333333333335,2181.3333333333335,2.6930041152263375,2.6930041152263375,0.45843520782396086,26176.0,hyperplane_gauss,31584,4,0.23413306004367768,0.22529671462252734,2,virtual,gradual,204,0.16075827002525328,0.7020591129548848,True,medium,fast,virtual/gradual/K=2/recurring/medium/fast/partial/imbalanced/noisy,0.0,-0.0
scn-7eceb1903167,286847314,Oracle,0.7378040805650014,0.016840359000070748,0,2.0,2.0,2.0,0.0,0.0,0.0,1.0,1.0,1.0,0.0,103.0,103.0,inf,26176.0,inf,254.1359223300971,0.0,26176.0,hyperplane_gauss,31584,4,0.23413306004367768,0.22529671462252734,2,virtual,gradual,204,0.16075827002525328,0.7020591129548848,True,medium,fast,virtual/gradual/K=2/recurring/medium/fast/partial/imbalanced/noisy,0.0,-0.0
scn-7eceb1903167,286847315,ADWIN,0.7349594559246665,0.022425329000270722,0,2.0,0.0,0.0,2.0,0.0,0.0,,0.0,0.0,1.0,,,inf,26176.0,,,0.0,26176.0,hyperplane_gauss,31584,4,0.23413306004367768,0.22529671462252734,2,virtual,gradual,204,0.16075827002525328,0.7020591129548848,True,medium,fast,virtual/gradual/K=2/recurring/medium/fast/partial/imbalanced/noisy,0.0,-0.0
scn-7eceb1903167,286847315,PageHinkley,0.7349594559246665,0.030299650999950245,0,2.0,1.0,0.0,2.0,1.0,0.0,0.0,0.0,0.0,1.0,,,26176.0,26176.0,,,0.038202933985330076,26176.0,hyperplane_gauss,31584,4,0.23413306004367768,0.22529671462252734,2,virtual,gradual,204,0.16075827002525328,0.7020591129548848,True,medium,fast,virtual/gradual/K=2/recurring/medium/fast/partial/imbalanced/noisy,0.0,-0.0
scn-7eceb1903167,286847315,PageHinkley-up,0.7349594559246665,0.032967779000045994,0,2.0,1.0,0.0,2.0,1.0,0.0,0.0,0.0,0.0,1.0,,,26176.0,26176.0,,,0.038202933985330076,26176.0,hyperplane_gauss,31584,4,0.23413306004367768,0.22529671462252734,2,virtual,gradual,204,0.16075827002525328,0.7020591129548848,True,medium,fast,virtual/gradual/K=2/recurring/medium/fast/partial/imbalanced/noisy,0.0,-0.0
scn-7eceb1903167,286847315,DDM,0.7349594559246665,0.031769471999723464,0,2.0,0.0,0.0,2.0,0.0,0.0,,0.0,0.0,1.0,,,inf,26176.0,,,0.0,26176.0,hyperplane_gauss,31584,4,0.23413306004367768,0.22529671462252734,2,virtual,gradual,204,0.16075827002525328,0.7020591129548848,True,medium,fast,virtual/gradual/K=2/recurring/medium/fast/partial/imbalanced/noisy,0.0,-0.0
scn-7eceb1903167,286847315,EDDM,0.7349594559246665,0.028456781999921077,0,2.0,23.0,0.0,2.0,23.0,0.0,0.0,0.0,0.0,1.0,,,1138.0869565217392,1138.0869565217392,,,0.8786674816625917,26176.0,hyperplane_gauss,31584,4,0.23413306004367768,0.22529671462252734,2,virtual,gradual,204,0.16075827002525328,0.7020591129548848,True,medium,fast,virtual/gradual/K=2/recurring/medium/fast/partial/imbalanced/noisy,0.0,-0.0
scn-7eceb1903167,286847315,HDDM_A,0.7349594559246665,0.09760386099969764,0,2.0,1.0,0.0,2.0,1.0,0.0,0.0,0.0,0.0,1.0,,,26176.0,26176.0,,,0.038202933985330076,26176.0,hyperplane_gauss,31584,4,0.23413306004367768,0.22529671462252734,2,virtual,gradual,204,0.16075827002525328,0.7020591129548848,True,medium,fast,virtual/gradual/K=2/recurring/medium/fast/partial/imbalanced/noisy,0.0,-0.0
scn-7eceb1903167,286847315,HDDM_W,0.7349594559246665,0.10379631099976905,0,2.0,7.0,1.0,1.0,6.0,0.0,0.14285714285714285,0.5,0.22222222222222224,0.5,798.0,798.0,4362.666666666667,4362.666666666667,2.7335004177109443,2.7335004177109443,0.22921760391198043,26176.0,hyperplane_gauss,31584,4,0.23413306004367768,0.22529671462252734,2,virtual,gradual,204,0.16075827002525328,0.7020591129548848,True,medium,fast,virtual/gradual/K=2/recurring/medium/fast/partial/imbalanced/noisy,0.0,-0.0
scn-7eceb1903167,286847315,FHDDM,0.7349594559246665,0.02615026500006934,0,2.0,3.0,0.0,2.0,3.0,0.0,0.0,0.0,0.0,1.0,,,8725.333333333334,8725.333333333334,,,0.11460880195599021,26176.0,hyperplane_gauss,31584,4,0.23413306004367768,0.22529671462252734,2,virtual,gradual,204,0.16075827002525328,0.7020591129548848,True,medium,fast,virtual/gradual/K=2/recurring/medium/fast/partial/imbalanced/noisy,0.0,-0.0
scn-7eceb1903167,286847315,NoDrift,0.7349594559246665,0.015605341000082262,0,2.0,0.0,0.0,2.0,0.0,0.0,,0.0,0.0,1.0,,,inf,26176.0,,,0.0,26176.0,hyperplane_gauss,31584,4,0.23413306004367768,0.22529671462252734,2,virtual,gradual,204,0.16075827002525328,0.7020591129548848,True,medium,fast,virtual/gradual/K=2/recurring/medium/fast/partial/imbalanced/noisy,0.0,-0.0
scn-7eceb1903167,286847315,Periodic(2000),0.7349594559246665,0.018083535000187112,0,2.0,15.0,2.0,0.0,12.0,1.0,0.13333333333333333,1.0,0.23529411764705882,0.0,810.0,810.0,2181.3333333333335,2181.3333333333335,2.6930041152263375,2.6930041152263375,0.45843520782396086,26176.0,hyperplane_gauss,31584,4,0.23413306004367768,0.22529671462252734,2,virtual,gradual,204,0.16075827002525328,0.7020591129548848,True,medium,fast,virtual/gradual/K=2/recurring/medium/fast/partial/imbalanced/noisy,0.0,-0.0
scn-7eceb1903167,286847315,Oracle,0.7349594559246665,0.0183410439999534,0,2.0,2.0,2.0,0.0,0.0,0.0,1.0,1.0,1.0,0.0,103.0,103.0,inf,26176.0,inf,254.1359223300971,0.0,26176.0,hyperplane_gauss,31584,4,0.23413306004367768,0.22529671462252734,2,virtual,gradual,204,0.16075827002525328,0.7020591129548848,True,medium,fast,virtual/gradual/K=2/recurring/medium/fast/partial/imbalanced/noisy,0.0,-0.0
scn-1835c8b00de3,35311793,ADWIN,0.6950515684283654,0.047348432000035245,0,3.0,0.0,0.0,3.0,0.0,0.0,,0.0,0.0,1.0,,,inf,21889.0,,,0.0,21889.0,hyperplane_gauss,38426,13,0.0884068547282368,0.27566070947796106,3,prior,incremental,3179,0.35093829929828646,1.0,True,high,slow,prior/incremental/K=3/recurring/high/slow/n/a/imbalanced/noisy,0.0,-0.0
scn-1835c8b00de3,35311793,PageHinkley,0.6950515684283654,0.055084699999952136,0,3.0,6.0,2.0,1.0,3.0,1.0,0.3333333333333333,0.6666666666666666,0.4444444444444444,0.33333333333333337,2807.0,2807.0,7296.333333333333,7296.333333333333,1.7328899972291492,1.7328899972291492,0.13705514185207182,21889.0,hyperplane_gauss,38426,13,0.0884068547282368,0.27566070947796106,3,prior,incremental,3179,0.35093829929828646,1.0,True,high,slow,prior/incremental/K=3/recurring/high/slow/n/a/imbalanced/noisy,0.0,-0.0
scn-1835c8b00de3,35311793,PageHinkley-up,0.6950515684283654,0.05908438699998442,0,3.0,3.0,2.0,1.0,1.0,0.0,0.6666666666666666,0.6666666666666666,0.6666666666666666,0.33333333333333337,2862.0,2862.0,21889.0,21889.0,5.098765432098765,5.098765432098765,0.045685047284023936,21889.0,hyperplane_gauss,38426,13,0.0884068547282368,0.27566070947796106,3,prior,incremental,3179,0.35093829929828646,1.0,True,high,slow,prior/incremental/K=3/recurring/high/slow/n/a/imbalanced/noisy,0.0,-0.0
scn-1835c8b00de3,35311793,DDM,0.6950515684283654,0.05703928000002634,0,3.0,0.0,0.0,3.0,0.0,0.0,,0.0,0.0,1.0,,,inf,21889.0,,,0.0,21889.0,hyperplane_gauss,38426,13,0.0884068547282368,0.27566070947796106,3,prior,incremental,3179,0.35093829929828646,1.0,True,high,slow,prior/incremental/K=3/recurring/high/slow/n/a/imbalanced/noisy,0.0,-0.0
scn-1835c8b00de3,35311793,EDDM,0.6950515684283654,0.054018760999952065,0,3.0,26.0,1.0,2.0,19.0,6.0,0.038461538461538464,0.3333333333333333,0.06896551724137931,0.6666666666666667,1634.0,1634.0,1152.0526315789473,1152.0526315789473,0.23501685670725153,0.23501685670725153,0.8680158983964549,21889.0,hyperplane_gauss,38426,13,0.0884068547282368,0.27566070947796106,3,prior,incremental,3179,0.35093829929828646,1.0,True,high,slow,prior/incremental/K=3/recurring/high/slow/n/a/imbalanced/noisy,0.0,-0.0
scn-1835c8b00de3,35311793,HDDM_A,0.6950515684283654,0.13213915300002554,0,3.0,0.0,0.0,3.0,0.0,0.0,,0.0,0.0,1.0,,,inf,21889.0,,,0.0,21889.0,hyperplane_gauss,38426,13,0.0884068547282368,0.27566070947796106,3,prior,incremental,3179,0.35093829929828646,1.0,True,high,slow,prior/incremental/K=3/recurring/high/slow/n/a/imbalanced/noisy,0.0,-0.0
scn-1835c8b00de3,35311793,HDDM_W,0.6950515684283654,0.1498180680000587,0,3.0,16.0,3.0,0.0,7.0,6.0,0.1875,1.0,0.3157894736842105,0.0,1523.6666666666667,1046.0,3127.0,3127.0,2.0522861518267335,2.0522861518267335,0.3197953309881676,21889.0,hyperplane_gauss,38426,13,0.0884068547282368,0.27566070947796106,3,prior,incremental,3179,0.35093829929828646,1.0,True,high,slow,prior/incremental/K=3/recurring/high/slow/n/a/imbalanced/noisy,0.0,-0.0
scn-1835c8b00de3,35311793,FHDDM,0.6950515684283654,0.04681030199981251,0,3.0,5.0,3.0,0.0,1.0,1.0,0.6,1.0,0.7499999999999999,0.0,3037.3333333333335,2605.0,21889.0,21889.0,7.2066505706760315,7.2066505706760315,0.045685047284023936,21889.0,hyperplane_gauss,38426,13,0.0884068547282368,0.27566070947796106,3,prior,incremental,3179,0.35093829929828646,1.0,True,high,slow,prior/incremental/K=3/recurring/high/slow/n/a/imbalanced/noisy,0.0,-0.0
scn-1835c8b00de3,35311793,NoDrift,0.6950515684283654,0.03676869099990654,0,3.0,0.0,0.0,3.0,0.0,0.0,,0.0,0.0,1.0,,,inf,21889.0,,,0.0,21889.0,hyperplane_gauss,38426,13,0.0884068547282368,0.27566070947796106,3,prior,incremental,3179,0.35093829929828646,1.0,True,high,slow,prior/incremental/K=3/recurring/high/slow/n/a/imbalanced/noisy,0.0,-0.0
scn-1835c8b00de3,35311793,Periodic(2000),0.6950515684283654,0.03604724199976772,0,3.0,18.0,3.0,0.0,11.0,4.0,0.16666666666666666,1.0,0.2857142857142857,0.0,1210.3333333333333,1402.0,1989.909090909091,1989.909090909091,1.6441000475701661,1.6441000475701661,0.5025355201242633,21889.0,hyperplane_gauss,38426,13,0.0884068547282368,0.27566070947796106,3,prior,incremental,3179,0.35093829929828646,1.0,True,high,slow,prior/incremental/K=3/recurring/high/slow/n/a/imbalanced/noisy,0.0,-0.0
scn-1835c8b00de3,35311793,Oracle,0.6950515684283654,0.037653157000022475,0,3.0,3.0,3.0,0.0,0.0,0.0,1.0,1.0,1.0,0.0,1590.0,1590.0,inf,21889.0,inf,13.766666666666667,0.0,21889.0,hyperplane_gauss,38426,13,0.0884068547282368,0.27566070947796106,3,prior,incremental,3179,0.35093829929828646,1.0,True,high,slow,prior/incremental/K=3/recurring/high/slow/n/a/imbalanced/noisy,0.0,-0.0
scn-1835c8b00de3,35311794,ADWIN,0.700342008229573,0.04545823599983123,0,3.0,0.0,0.0,3.0,0.0,0.0,,0.0,0.0,1.0,,,inf,21889.0,,,0.0,21889.0,hyperplane_gauss,38426,13,0.0884068547282368,0.27566070947796106,3,prior,incremental,3179,0.35093829929828646,1.0,True,high,slow,prior/incremental/K=3/recurring/high/slow/n/a/imbalanced/noisy,0.0,-0.0
scn-1835c8b00de3,35311794,PageHinkley,0.700342008229573,0.0552448460002779,0,3.0,4.0,2.0,1.0,1.0,1.0,0.5,0.6666666666666666,0.5714285714285715,0.33333333333333337,853.0,853.0,21889.0,21889.0,17.107463853067603,17.107463853067603,0.045685047284023936,21889.0,hyperplane_gauss,38426,13,0.0884068547282368,0.27566070947796106,3,prior,incremental,3179,0.35093829929828646,1.0,True,high,slow,prior/incremental/K=3/recurring/high/slow/n/a/imbalanced/noisy,0.0,-0.0
scn-1835c8b00de3,35311794,PageHinkley-up,0.700342008229573,0.05812659699995493,0,3.0,2.0,2.0,1.0,0.0,0.0,1.0,0.6666666666666666,0.8,0.33333333333333337,555.0,555.0,inf,21889.0,inf,26.29309309309309,0.0,21889.0,hyperplane_gauss,38426,13,0.0884068547282368,0.27566070947796106,3,prior,incremental,3179,0.35093829929828646,1.0,True,high,slow,prior/incremental/K=3/recurring/high/slow/n/a/imbalanced/noisy,0.0,-0.0
scn-1835c8b00de3,35311794,DDM,0.700342008229573,0.058370594999814784,0,3.0,0.0,0.0,3.0,0.0,0.0,,0.0,0.0,1.0,,,inf,21889.0,,,0.0,21889.0,hyperplane_gauss,38426,13,0.0884068547282368,0.27566070947796106,3,prior,incremental,3179,0.35093829929828646,1.0,True,high,slow,prior/incremental/K=3/recurring/high/slow/n/a/imbalanced/noisy,0.0,-0.0
scn-1835c8b00de3,35311794,EDDM,0.700342008229573,0.05316646999972363,0,3.0,52.0,2.0,1.0,26.0,24.0,0.038461538461538464,0.6666666666666666,0.07272727272727274,0.33333333333333337,1354.5,1354.5,841.8846153846154,841.8846153846154,0.4143642748293911,0.4143642748293911,1.1878112293846224,21889.0,hyperplane_gauss,38426,13,0.0884068547282368,0.27566070947796106,3,prior,incremental,3179,0.35093829929828646,1.0,True,high,slow,prior/incremental/K=3/recurring/high/slow/n/a/imbalanced/noisy,0.0,-0.0
scn-1835c8b00de3,35311794,HDDM_A,0.700342008229573,0.1171418030003224,0,3.0,0.0,0.0,3.0,0.0,0.0,,0.0,0.0,1.0,,,inf,21889.0,,,0.0,21889.0,hyperplane_gauss,38426,13,0.0884068547282368,0.27566070947796106,3,prior,incremental,3179,0.35093829929828646,1.0,True,high,slow,prior/incremental/K=3/recurring/high/slow/n/a/imbalanced/noisy,0.0,-0.0
scn-1835c8b00de3,35311794,HDDM_W,0.700342008229573,0.1544334909999634,0,3.0,21.0,3.0,0.0,11.0,7.0,0.14285714285714285,1.0,0.25,0.0,888.3333333333334,607.0,1989.909090909091,1989.909090909091,2.240047757120928,2.240047757120928,0.5025355201242633,21889.0,hyperplane_gauss,38426,13,0.0884068547282368,0.27566070947796106,3,prior,incremental,3179,0.35093829929828646,1.0,True,high,slow,prior/incremental/K=3/recurring/high/slow/n/a/imbalanced/noisy,0.0,-0.0
scn-1835c8b00de3,35311794,FHDDM,0.700342008229573,0.052390153000033024,0,3.0,5.0,2.0,1.0,3.0,0.0,0.4,0.6666666666666666,0.5,0.33333333333333337,1025.5,1025.5,7296.333333333333,7296.333333333333,4.74326886613576,4.74326886613576,0.13705514185207182,21889.0,hyperplane_gauss,38426,13,0.0884068547282368,0.27566070947796106,3,prior,incremental,3179,0.35093829929828646,1.0,True,high,slow,prior/incremental/K=3/recurring/high/slow/n/a/imbalanced/noisy,0.0,-0.0
scn-1835c8b00de3,35311794,NoDrift,0.700342008229573,0.03539903399996547,0,3.0,0.0,0.0,3.0,0.0,0.0,,0.0,0.0,1.0,,,inf,21889.0,,,0.0,21889.0,hyperplane_gauss,38426,13,0.0884068547282368,0.27566070947796106,3,prior,incremental,3179,0.35093829929828646,1.0,True,high,slow,prior/incremental/K=3/recurring/high/slow/n/a/imbalanced/noisy,0.0,-0.0
scn-1835c8b00de3,35311794,Periodic(2000),0.700342008229573,0.03701694600022165,0,3.0,18.0,3.0,0.0,11.0,4.0,0.16666666666666666,1.0,0.2857142857142857,0.0,1210.3333333333333,1402.0,1989.909090909091,1989.909090909091,1.6441000475701661,1.6441000475701661,0.5025355201242633,21889.0,hyperplane_gauss,38426,13,0.0884068547282368,0.27566070947796106,3,prior,incremental,3179,0.35093829929828646,1.0,True,high,slow,prior/incremental/K=3/recurring/high/slow/n/a/imbalanced/noisy,0.0,-0.0
scn-1835c8b00de3,35311794,Oracle,0.700342008229573,0.038668488999974215,0,3.0,3.0,3.0,0.0,0.0,0.0,1.0,1.0,1.0,0.0,1590.0,1590.0,inf,21889.0,inf,13.766666666666667,0.0,21889.0,hyperplane_gauss,38426,13,0.0884068547282368,0.27566070947796106,3,prior,incremental,3179,0.35093829929828646,1.0,True,high,slow,prior/incremental/K=3/recurring/high/slow/n/a/imbalanced/noisy,0.0,-0.0
scn-1835c8b00de3,35311795,ADWIN,0.6985785282958371,0.046393964999879245,0,3.0,0.0,0.0,3.0,0.0,0.0,,0.0,0.0,1.0,,,inf,21889.0,,,0.0,21889.0,hyperplane_gauss,38426,13,0.0884068547282368,0.27566070947796106,3,prior,incremental,3179,0.35093829929828646,1.0,True,high,slow,prior/incremental/K=3/recurring/high/slow/n/a/imbalanced/noisy,0.0,-0.0
scn-1835c8b00de3,35311795,PageHinkley,0.6985785282958371,0.05838307399972109,0,3.0,5.0,3.0,0.0,2.0,0.0,0.6,1.0,0.7499999999999999,0.0,2993.3333333333335,2729.0,10944.5,10944.5,3.6562917594654785,3.6562917594654785,0.09137009456804787,21889.0,hyperplane_gauss,38426,13,0.0884068547282368,0.27566070947796106,3,prior,incremental,3179,0.35093829929828646,1.0,True,high,slow,prior/incremental/K=3/recurring/high/slow/n/a/imbalanced/noisy,0.0,-0.0
scn-1835c8b00de3,35311795,PageHinkley-up,0.6985785282958371,0.057023299999855226,0,3.0,2.0,1.0,2.0,1.0,0.0,0.5,0.3333333333333333,0.4,0.6666666666666667,1689.0,1689.0,21889.0,21889.0,4.319913163607657,4.319913163607657,0.045685047284023936,21889.0,hyperplane_gauss,38426,13,0.0884068547282368,0.27566070947796106,3,prior,incremental,3179,0.35093829929828646,1.0,True,high,slow,prior/incremental/K=3/recurring/high/slow/n/a/imbalanced/noisy,0.0,-0.0
scn-1835c8b00de3,35311795,DDM,0.6985785282958371,0.054486471000018355,0,3.0,0.0,0.0,3.0,0.0,0.0,,0.0,0.0,1.0,,,inf,21889.0,,,0.0,21889.0,hyperplane_gauss,38426,13,0.0884068547282368,0.27566070947796106,3,prior,incremental,3179,0.35093829929828646,1.0,True,high,slow,prior/incremental/K=3/recurring/high/slow/n/a/imbalanced/noisy,0.0,-0.0
scn-1835c8b00de3,35311795,EDDM,0.6985785282958371,0.05058648100020946,0,3.0,0.0,0.0,3.0,0.0,0.0,,0.0,0.0,1.0,,,inf,21889.0,,,0.0,21889.0,hyperplane_gauss,38426,13,0.0884068547282368,0.27566070947796106,3,prior,incremental,3179,0.35093829929828646,1.0,True,high,slow,prior/incremental/K=3/recurring/high/slow/n/a/imbalanced/noisy,0.0,-0.0
scn-1835c8b00de3,35311795,HDDM_A,0.6985785282958371,0.11711041399985334,0,3.0,0.0,0.0,3.0,0.0,0.0,,0.0,0.0,1.0,,,inf,21889.0,,,0.0,21889.0,hyperplane_gauss,38426,13,0.0884068547282368,0.27566070947796106,3,prior,incremental,3179,0.35093829929828646,1.0,True,high,slow,prior/incremental/K=3/recurring/high/slow/n/a/imbalanced/noisy,0.0,-0.0
scn-1835c8b00de3,35311795,HDDM_W,0.6985785282958371,0.14765637399978004,0,3.0,16.0,3.0,0.0,9.0,4.0,0.1875,1.0,0.3157894736842105,0.0,964.6666666666666,500.0,2432.1111111111113,2432.1111111111113,2.5211932734393,2.5211932734393,0.41116542555621544,21889.0,hyperplane_gauss,38426,13,0.0884068547282368,0.27566070947796106,3,prior,incremental,3179,0.35093829929828646,1.0,True,high,slow,prior/incremental/K=3/recurring/high/slow/n/a/imbalanced/noisy,0.0,-0.0
scn-1835c8b00de3,35311795,FHDDM,0.6985785282958371,0.05009244399980162,0,3.0,3.0,1.0,2.0,2.0,0.0,0.3333333333333333,0.3333333333333333,0.3333333333333333,0.6666666666666667,1720.0,1720.0,10944.5,10944.5,2.121027131782945,2.121027131782945,0.09137009456804787,21889.0,hyperplane_gauss,38426,13,0.0884068547282368,0.27566070947796106,3,prior,incremental,3179,0.35093829929828646,1.0,True,high,slow,prior/incremental/K=3/recurring/high/slow/n/a/imbalanced/noisy,0.0,-0.0
scn-1835c8b00de3,35311795,NoDrift,0.6985785282958371,0.03809319999982108,0,3.0,0.0,0.0,3.0,0.0,0.0,,0.0,0.0,1.0,,,inf,21889.0,,,0.0,21889.0,hyperplane_gauss,38426,13,0.0884068547282368,0.27566070947796106,3,prior,incremental,3179,0.35093829929828646,1.0,True,high,slow,prior/incremental/K=3/recurring/high/slow/n/a/imbalanced/noisy,0.0,-0.0
scn-1835c8b00de3,35311795,Periodic(2000),0.6985785282958371,0.05230682899991734,0,3.0,18.0,3.0,0.0,11.0,4.0,0.16666666666666666,1.0,0.2857142857142857,0.0,1210.3333333333333,1402.0,1989.909090909091,1989.909090909091,1.6441000475701661,1.6441000475701661,0.5025355201242633,21889.0,hyperplane_gauss,38426,13,0.0884068547282368,0.27566070947796106,3,prior,incremental,3179,0.35093829929828646,1.0,True,high,slow,prior/incremental/K=3/recurring/high/slow/n/a/imbalanced/noisy,0.0,-0.0
scn-1835c8b00de3,35311795,Oracle,0.6985785282958371,0.03665469700035828,0,3.0,3.0,3.0,0.0,0.0,0.0,1.0,1.0,1.0,0.0,1590.0,1590.0,inf,21889.0,inf,13.766666666666667,0.0,21889.0,hyperplane_gauss,38426,13,0.0884068547282368,0.27566070947796106,3,prior,incremental,3179,0.35093829929828646,1.0,True,high,slow,prior/incremental/K=3/recurring/high/slow/n/a/imbalanced/noisy,0.0,-0.0
scn-343cd0dac266,637210068,ADWIN,0.9401561144839549,0.014682753999750275,0,5.0,3.0,1.0,4.0,2.0,0.0,0.3333333333333333,0.2,0.25,0.8,1110.0,1110.0,5377.0,5377.0,0.9688288288288285,0.9688288288288285,0.1859773107680863,10754.0,hyperplane_gauss,21754,2,0.3767760417889804,0.0021857614628970623,5,real,sudden,0,0.06557453453540801,1.0,False,low,abrupt,real/sudden/K=5/low/abrupt/global/imbalanced/noisy,0.0,-0.0
scn-343cd0dac266,637210068,PageHinkley,0.9401561144839549,0.020416733999809367,0,5.0,3.0,1.0,4.0,2.0,0.0,0.3333333333333333,0.2,0.25,0.8,1104.0,1104.0,5377.0,5377.0,0.9740942028985505,0.9740942028985505,0.1859773107680863,10754.0,hyperplane_gauss,21754,2,0.3767760417889804,0.0021857614628970623,5,real,sudden,0,0.06557453453540801,1.0,False,low,abrupt,real/sudden/K=5/low/abrupt/global/imbalanced/noisy,0.0,-0.0
scn-343cd0dac266,637210068,PageHinkley-up,0.9401561144839549,0.0201168379999217,0,5.0,2.0,1.0,4.0,1.0,0.0,0.5,0.2,0.28571428571428575,0.8,1104.0,1104.0,10754.0,10754.0,1.948188405797101,1.948188405797101,0.09298865538404315,10754.0,hyperplane_gauss,21754,2,0.3767760417889804,0.0021857614628970623,5,real,sudden,0,0.06557453453540801,1.0,False,low,abrupt,real/sudden/K=5/low/abrupt/global/imbalanced/noisy,0.0,-0.0
scn-343cd0dac266,637210068,DDM,0.9401561144839549,0.020003551000172592,0,5.0,8.0,2.0,3.0,1.0,5.0,0.25,0.4,0.3076923076923077,0.6,920.0,920.0,10754.0,10754.0,4.675652173913043,4.675652173913043,0.09298865538404315,10754.0,hyperplane_gauss,21754,2,0.3767760417889804,0.0021857614628970623,5,real,sudden,0,0.06557453453540801,1.0,False,low,abrupt,real/sudden/K=5/low/abrupt/global/imbalanced/noisy,0.0,-0.0
scn-343cd0dac266,637210068,EDDM,0.9401561144839549,0.014586345999759942,0,5.0,15.0,3.0,2.0,5.0,7.0,0.2,0.6,0.3,0.4,266.6666666666667,234.0,2150.8,2150.8,4.8393,4.8393,0.46494327692021575,10754.0,hyperplane_gauss,21754,2,0.3767760417889804,0.0021857614628970623,5,real,sudden,0,0.06557453453540801,1.0,False,low,abrupt,real/sudden/K=5/low/abrupt/global/imbalanced/noisy,0.0,-0.0
scn-343cd0dac266,637210068,HDDM_A,0.9401561144839549,0.10007006699970589,0,5.0,1.0,1.0,4.0,0.0,0.0,1.0,0.2,0.33333333333333337,0.8,1178.0,1178.0,inf,10754.0,inf,1.825806451612903,0.0,10754.0,hyperplane_gauss,21754,2,0.3767760417889804,0.0021857614628970623,5,real,sudden,0,0.06557453453540801,1.0,False,low,abrupt,real/sudden/K=5/low/abrupt/global/imbalanced/noisy,0.0,-0.0
scn-343cd0dac266,637210068,HDDM_W,0.9401561144839549,0.061842970000270725,0,5.0,0.0,0.0,5.0,0.0,0.0,,0.0,0.0,1.0,,,inf,10754.0,,,0.0,10754.0,hyperplane_gauss,21754,2,0.3767760417889804,0.0021857614628970623,5,real,sudden,0,0.06557453453540801,1.0,False,low,abrupt,real/sudden/K=5/low/abrupt/global/imbalanced/noisy,0.0,-0.0
scn-343cd0dac266,637210068,FHDDM,0.9401561144839549,0.016201159000047483,0,5.0,0.0,0.0,5.0,0.0,0.0,,0.0,0.0,1.0,,,inf,10754.0,,,0.0,10754.0,hyperplane_gauss,21754,2,0.3767760417889804,0.0021857614628970623,5,real,sudden,0,0.06557453453540801,1.0,False,low,abrupt,real/sudden/K=5/low/abrupt/global/imbalanced/noisy,0.0,-0.0
scn-343cd0dac266,637210068,NoDrift,0.9401561144839549,0.009188658000311989,0,5.0,0.0,0.0,5.0,0.0,0.0,,0.0,0.0,1.0,,,inf,10754.0,,,0.0,10754.0,hyperplane_gauss,21754,2,0.3767760417889804,0.0021857614628970623,5,real,sudden,0,0.06557453453540801,1.0,False,low,abrupt,real/sudden/K=5/low/abrupt/global/imbalanced/noisy,0.0,-0.0
scn-343cd0dac266,637210068,Periodic(2000),0.9401561144839549,0.009716721000131656,0,5.0,10.0,5.0,0.0,5.0,0.0,0.5,1.0,0.6666666666666666,0.0,623.4,623.0,2150.8,2150.8,3.4501122874558874,3.4501122874558874,0.46494327692021575,10754.0,hyperplane_gauss,21754,2,0.3767760417889804,0.0021857614628970623,5,real,sudden,0,0.06557453453540801,1.0,False,low,abrupt,real/sudden/K=5/low/abrupt/global/imbalanced/noisy,0.0,-0.0
scn-343cd0dac266,637210068,Oracle,0.9401561144839549,0.009684857000138436,0,5.0,5.0,5.0,0.0,0.0,0.0,1.0,1.0,1.0,0.0,1.0,1.0,inf,10754.0,inf,10754.0,0.0,10754.0,hyperplane_gauss,21754,2,0.3767760417889804,0.0021857614628970623,5,real,sudden,0,0.06557453453540801,1.0,False,low,abrupt,real/sudden/K=5/low/abrupt/global/imbalanced/noisy,0.0,-0.0
scn-343cd0dac266,637210069,ADWIN,0.9395779126915293,0.01347931600002994,0,5.0,2.0,2.0,3.0,0.0,0.0,1.0,0.4,0.5714285714285715,0.6,1439.5,1439.5,inf,10754.0,inf,2.9882598124348734,0.0,10754.0,hyperplane_gauss,21754,2,0.3767760417889804,0.0021857614628970623,5,real,sudden,0,0.06557453453540801,1.0,False,low,abrupt,real/sudden/K=5/low/abrupt/global/imbalanced/noisy,0.0,-0.0
scn-343cd0dac266,637210069,PageHinkley,0.9395779126915293,0.019325723000292783,0,5.0,2.0,2.0,3.0,0.0,0.0,1.0,0.4,0.5714285714285715,0.6,1593.0,1593.0,inf,10754.0,inf,2.7003138731952294,0.0,10754.0,hyperplane_gauss,21754,2,0.3767760417889804,0.0021857614628970623,5,real,sudden,0,0.06557453453540801,1.0,False,low,abrupt,real/sudden/K=5/low/abrupt/global/imbalanced/noisy,0.0,-0.0
scn-343cd0dac266,637210069,PageHinkley-up,0.9395779126915293,0.01942906500016761,0,5.0,1.0,1.0,4.0,0.0,0.0,1.0,0.2,0.33333333333333337,0.8,1794.0,1794.0,inf,10754.0,inf,1.198885172798216,0.0,10754.0,hyperplane_gauss,21754,2,0.3767760417889804,0.0021857614628970623,5,real,sudden,0,0.06557453453540801,1.0,False,low,abrupt,real/sudden/K=5/low/abrupt/global/imbalanced/noisy,0.0,-0.0
scn-343cd0dac266,637210069,DDM,0.9395779126915293,0.018361860000368324,0,5.0,7.0,3.0,2.0,1.0,3.0,0.42857142857142855,0.6,0.5,0.4,720.6666666666666,752.0,10754.0,10754.0,8.953376503237743,8.953376503237743,0.09298865538404315,10754.0,hyperplane_gauss,21754,2,0.3767760417889804,0.0021857614628970623,5,real,sudden,0,0.06557453453540801,1.0,False,low,abrupt,real/sudden/K=5/low/abrupt/global/imbalanced/noisy,0.0,-0.0
scn-343cd0dac266,637210069,EDDM,0.9395779126915293,0.013461994999943272,0,5.0,35.0,5.0,0.0,18.0,12.0,0.14285714285714285,1.0,0.25,0.0,329.0,248.0,597.4444444444445,597.4444444444445,1.8159405606214116,1.8159405606214116,1.6737957969127766,10754.0,hyperplane_gauss,21754,2,0.3767760417889804,0.0021857614628970623,5,real,sudden,0,0.06557453453540801,1.0,False,low,abrupt,real/sudden/K=5/low/abrupt/global/imbalanced/noisy,0.0,-0.0
scn-343cd0dac266,637210069,HDDM_A,0.9395779126915293,0.07004248000021107,0,5.0,0.0,0.0,5.0,0.0,0.0,,0.0,0.0,1.0,,,inf,10754.0,,,0.0,10754.0,hyperplane_gauss,21754,2,0.3767760417889804,0.0021857614628970623,5,real,sudden,0,0.06557453453540801,1.0,False,low,abrupt,real/sudden/K=5/low/abrupt/global/imbalanced/noisy,0.0,-0.0
scn-343cd0dac266,637210069,HDDM_W,0.9395779126915293,0.06254280500024834,0,5.0,0.0,0.0,5.0,0.0,0.0,,0.0,0.0,1.0,,,inf,10754.0,,,0.0,10754.0,hyperplane_gauss,21754,2,0.3767760417889804,0.0021857614628970623,5,real,sudden,0,0.06557453453540801,1.0,False,low,abrupt,real/sudden/K=5/low/abrupt/global/imbalanced/noisy,0.0,-0.0
scn-343cd0dac266,637210069,FHDDM,0.9395779126915293,0.016430271999979595,0,5.0,0.0,0.0,5.0,0.0,0.0,,0.0,0.0,1.0,,,inf,10754.0,,,0.0,10754.0,hyperplane_gauss,21754,2,0.3767760417889804,0.0021857614628970623,5,real,sudden,0,0.06557453453540801,1.0,False,low,abrupt,real/sudden/K=5/low/abrupt/global/imbalanced/noisy,0.0,-0.0
scn-343cd0dac266,637210069,NoDrift,0.9395779126915293,0.00928456500014363,0,5.0,0.0,0.0,5.0,0.0,0.0,,0.0,0.0,1.0,,,inf,10754.0,,,0.0,10754.0,hyperplane_gauss,21754,2,0.3767760417889804,0.0021857614628970623,5,real,sudden,0,0.06557453453540801,1.0,False,low,abrupt,real/sudden/K=5/low/abrupt/global/imbalanced/noisy,0.0,-0.0
scn-343cd0dac266,637210069,Periodic(2000),0.9395779126915293,0.009606578000330046,0,5.0,10.0,5.0,0.0,5.0,0.0,0.5,1.0,0.6666666666666666,0.0,623.4,623.0,2150.8,2150.8,3.4501122874558874,3.4501122874558874,0.46494327692021575,10754.0,hyperplane_gauss,21754,2,0.3767760417889804,0.0021857614628970623,5,real,sudden,0,0.06557453453540801,1.0,False,low,abrupt,real/sudden/K=5/low/abrupt/global/imbalanced/noisy,0.0,-0.0
scn-343cd0dac266,637210069,Oracle,0.9395779126915293,0.010197676000188949,0,5.0,5.0,5.0,0.0,0.0,0.0,1.0,1.0,1.0,0.0,1.0,1.0,inf,10754.0,inf,10754.0,0.0,10754.0,hyperplane_gauss,21754,2,0.3767760417889804,0.0021857614628970623,5,real,sudden,0,0.06557453453540801,1.0,False,low,abrupt,real/sudden/K=5/low/abrupt/global/imbalanced/noisy,0.0,-0.0
scn-343cd0dac266,637210070,ADWIN,0.940589765828274,0.014510127999983524,0,5.0,3.0,2.0,3.0,1.0,0.0,0.6666666666666666,0.4,0.5,0.6,500.0,500.0,10754.0,10754.0,8.6032,8.6032,0.09298865538404315,10754.0,hyperplane_gauss,21754,2,0.3767760417889804,0.0021857614628970623,5,real,sudden,0,0.06557453453540801,1.0,False,low,abrupt,real/sudden/K=5/low/abrupt/global/imbalanced/noisy,0.0,-0.0
scn-343cd0dac266,637210070,PageHinkley,0.940589765828274,0.019691753000188328,0,5.0,3.0,2.0,3.0,1.0,0.0,0.6666666666666666,0.4,0.5,0.6,667.0,667.0,10754.0,10754.0,6.449175412293854,6.449175412293854,0.09298865538404315,10754.0,hyperplane_gauss,21754,2,0.3767760417889804,0.0021857614628970623,5,real,sudden,0,0.06557453453540801,1.0,False,low,abrupt,real/sudden/K=5/low/abrupt/global/imbalanced/noisy,0.0,-0.0
scn-343cd0dac266,637210070,PageHinkley-up,0.940589765828274,0.0334975979999399,0,5.0,1.0,1.0,4.0,0.0,0.0,1.0,0.2,0.33333333333333337,0.8,689.0,689.0,inf,10754.0,inf,3.121625544267053,0.0,10754.0,hyperplane_gauss,21754,2,0.3767760417889804,0.0021857614628970623,5,real,sudden,0,0.06557453453540801,1.0,False,low,abrupt,real/sudden/K=5/low/abrupt/global/imbalanced/noisy,0.0,-0.0
scn-343cd0dac266,637210070,DDM,0.940589765828274,0.018653254000128072,0,5.0,4.0,2.0,3.0,2.0,0.0,0.5,0.4,0.4444444444444445,0.6,483.0,483.0,5377.0,5377.0,4.453002070393375,4.453002070393375,0.1859773107680863,10754.0,hyperplane_gauss,21754,2,0.3767760417889804,0.0021857614628970623,5,real,sudden,0,0.06557453453540801,1.0,False,low,abrupt,real/sudden/K=5/low/abrupt/global/imbalanced/noisy,0.0,-0.0
scn-343cd0dac266,637210070,EDDM,0.940589765828274,0.013619766000374511,0,5.0,30.0,5.0,0.0,14.0,11.0,0.16666666666666666,1.0,0.2857142857142857,0.0,546.6,442.0,768.1428571428571,768.1428571428571,1.4053107521823218,1.4053107521823218,1.3018411753766042,10754.0,hyperplane_gauss,21754,2,0.3767760417889804,0.0021857614628970623,5,real,sudden,0,0.06557453453540801,1.0,False,low,abrupt,real/sudden/K=5/low/abrupt/global/imbalanced/noisy,0.0,-0.0
scn-343cd0dac266,637210070,HDDM_A,0.940589765828274,0.09669188899988512,0,5.0,1.0,1.0,4.0,0.0,0.0,1.0,0.2,0.33333333333333337,0.8,1540.0,1540.0,inf,10754.0,inf,1.3966233766233764,0.0,10754.0,hyperplane_gauss,21754,2,0.3767760417889804,0.0021857614628970623,5,real,sudden,0,0.06557453453540801,1.0,False,low,abrupt,real/sudden/K=5/low/abrupt/global/imbalanced/noisy,0.0,-0.0
scn-343cd0dac266,637210070,HDDM_W,0.940589765828274,0.0634049249997588,0,5.0,0.0,0.0,5.0,0.0,0.0,,0.0,0.0,1.0,,,inf,10754.0,,,0.0,10754.0,hyperplane_gauss,21754,2,0.3767760417889804,0.0021857614628970623,5,real,sudden,0,0.06557453453540801,1.0,False,low,abrupt,real/sudden/K=5/low/abrupt/global/imbalanced/noisy,0.0,-0.0
scn-343cd0dac266,637210070,FHDDM,0.940589765828274,0.015394608999940829,0,5.0,0.0,0.0,5.0,0.0,0.0,,0.0,0.0,1.0,,,inf,10754.0,,,0.0,10754.0,hyperplane_gauss,21754,2,0.3767760417889804,0.0021857614628970623,5,real,sudden,0,0.06557453453540801,1.0,False,low,abrupt,real/sudden/K=5/low/abrupt/global/imbalanced/noisy,0.0,-0.0
scn-343cd0dac266,637210070,NoDrift,0.940589765828274,0.00895656600005168,0,5.0,0.0,0.0,5.0,0.0,0.0,,0.0,0.0,1.0,,,inf,10754.0,,,0.0,10754.0,hyperplane_gauss,21754,2,0.3767760417889804,0.0021857614628970623,5,real,sudden,0,0.06557453453540801,1.0,False,low,abrupt,real/sudden/K=5/low/abrupt/global/imbalanced/noisy,0.0,-0.0
scn-343cd0dac266,637210070,Periodic(2000),0.940589765828274,0.00952248600015082,0,5.0,10.0,5.0,0.0,5.0,0.0,0.5,1.0,0.6666666666666666,0.0,623.4,623.0,2150.8,2150.8,3.4501122874558874,3.4501122874558874,0.46494327692021575,10754.0,hyperplane_gauss,21754,2,0.3767760417889804,0.0021857614628970623,5,real,sudden,0,0.06557453453540801,1.0,False,low,abrupt,real/sudden/K=5/low/abrupt/global/imbalanced/noisy,0.0,-0.0
scn-343cd0dac266,637210070,Oracle,0.940589765828274,0.009390988000177458,0,5.0,5.0,5.0,0.0,0.0,0.0,1.0,1.0,1.0,0.0,1.0,1.0,inf,10754.0,inf,10754.0,0.0,10754.0,hyperplane_gauss,21754,2,0.3767760417889804,0.0021857614628970623,5,real,sudden,0,0.06557453453540801,1.0,False,low,abrupt,real/sudden/K=5/low/abrupt/global/imbalanced/noisy,0.0,-0.0
scn-287daed340c9,675151888,ADWIN,0.7277413811620663,0.0319662500000959,0,3.0,0.0,0.0,3.0,0.0,0.0,,0.0,0.0,1.0,,,inf,2315.0,,,0.0,2315.0,hyperplane_gauss,10311,31,0.18516070195473733,0.1972378539852798,3,real,incremental,332,0.09490719089326692,0.32824347242712976,False,low,fast,real/incremental/K=3/low/fast/partial/imbalanced/noisy,0.0,-0.0
scn-287daed340c9,675151888,PageHinkley,0.7277413811620663,0.02890249199981554,0,3.0,2.0,2.0,1.0,0.0,0.0,1.0,0.6666666666666666,0.8,0.33333333333333337,385.5,385.5,inf,2315.0,inf,4.003458711629918,0.0,2315.0,hyperplane_gauss,10311,31,0.18516070195473733,0.1972378539852798,3,real,incremental,332,0.09490719089326692,0.32824347242712976,False,low,fast,real/incremental/K=3/low/fast/partial/imbalanced/noisy,0.0,-0.0
scn-287daed340c9,675151888,PageHinkley-up,0.7277413811620663,0.024532563000320806,0,3.0,1.0,1.0,2.0,0.0,0.0,1.0,0.3333333333333333,0.5,0.6666666666666667,701.0,701.0,inf,2315.0,inf,1.1008083689966712,0.0,2315.0,hyperplane_gauss,10311,31,0.18516070195473733,0.1972378539852798,3,real,incremental,332,0.09490719089326692,0.32824347242712976,False,low,fast,real/incremental/K=3/low/fast/partial/imbalanced/noisy,0.0,-0.0
scn-287daed340c9,675151888,DDM,0.7277413811620663,0.024423790999662742,0,3.0,0.0,0.0,3.0,0.0,0.0,,0.0,0.0,1.0,,,inf,2315.0,,,0.0,2315.0,hyperplane_gauss,10311,31,0.18516070195473733,0.1972378539852798,3,real,incremental,332,0.09490719089326692,0.32824347242712976,False,low,fast,real/incremental/K=3/low/fast/partial/imbalanced/noisy,0.0,-0.0
scn-287daed340c9,675151888,EDDM,0.7277413811620663,0.023394229000132327,0,3.0,0.0,0.0,3.0,0.0,0.0,,0.0,0.0,1.0,,,inf,2315.0,,,0.0,2315.0,hyperplane_gauss,10311,31,0.18516070195473733,0.1972378539852798,3,real,incremental,332,0.09490719089326692,0.32824347242712976,False,low,fast,real/incremental/K=3/low/fast/partial/imbalanced/noisy,0.0,-0.0
scn-287daed340c9,675151888,HDDM_A,0.7277413811620663,0.04627082500019242,0,3.0,0.0,0.0,3.0,0.0,0.0,,0.0,0.0,1.0,,,inf,2315.0,,,0.0,2315.0,hyperplane_gauss,10311,31,0.18516070195473733,0.1972378539852798,3,real,incremental,332,0.09490719089326692,0.32824347242712976,False,low,fast,real/incremental/K=3/low/fast/partial/imbalanced/noisy,0.0,-0.0
scn-287daed340c9,675151888,HDDM_W,0.7277413811620663,0.04876733199989758,0,3.0,4.0,2.0,1.0,1.0,1.0,0.5,0.6666666666666666,0.5714285714285715,0.33333333333333337,1752.5,1752.5,2315.0,2315.0,0.8806466951973371,0.8806466951973371,0.4319654427645788,2315.0,hyperplane_gauss,10311,31,0.18516070195473733,0.1972378539852798,3,real,incremental,332,0.09490719089326692,0.32824347242712976,False,low,fast,real/incremental/K=3/low/fast/partial/imbalanced/noisy,0.0,-0.0
scn-287daed340c9,675151888,FHDDM,0.7277413811620663,0.022806297999977687,0,3.0,0.0,0.0,3.0,0.0,0.0,,0.0,0.0,1.0,,,inf,2315.0,,,0.0,2315.0,hyperplane_gauss,10311,31,0.18516070195473733,0.1972378539852798,3,real,incremental,332,0.09490719089326692,0.32824347242712976,False,low,fast,real/incremental/K=3/low/fast/partial/imbalanced/noisy,0.0,-0.0
scn-287daed340c9,675151888,NoDrift,0.7277413811620663,0.01932106999993266,0,3.0,0.0,0.0,3.0,0.0,0.0,,0.0,0.0,1.0,,,inf,2315.0,,,0.0,2315.0,hyperplane_gauss,10311,31,0.18516070195473733,0.1972378539852798,3,real,incremental,332,0.09490719089326692,0.32824347242712976,False,low,fast,real/incremental/K=3/low/fast/partial/imbalanced/noisy,0.0,-0.0
scn-287daed340c9,675151888,Periodic(2000),0.7277413811620663,0.019510847999754333,0,3.0,4.0,3.0,0.0,1.0,0.0,0.75,1.0,0.8571428571428571,0.0,1177.6666666666667,1407.0,2315.0,2315.0,1.9657514859892442,1.9657514859892442,0.4319654427645788,2315.0,hyperplane_gauss,10311,31,0.18516070195473733,0.1972378539852798,3,real,incremental,332,0.09490719089326692,0.32824347242712976,False,low,fast,real/incremental/K=3/low/fast/partial/imbalanced/noisy,0.0,-0.0
scn-287daed340c9,675151888,Oracle,0.7277413811620663,0.038246562000040285,0,3.0,3.0,3.0,0.0,0.0,0.0,1.0,1.0,1.0,0.0,167.0,167.0,inf,2315.0,inf,13.862275449101796,0.0,2315.0,hyperplane_gauss,10311,31,0.18516070195473733,0.1972378539852798,3,real,incremental,332,0.09490719089326692,0.32824347242712976,False,low,fast,real/incremental/K=3/low/fast/partial/imbalanced/noisy,0.0,-0.0
scn-287daed340c9,675151889,ADWIN,0.7340779722908388,0.039851072000146814,0,3.0,0.0,0.0,3.0,0.0,0.0,,0.0,0.0,1.0,,,inf,2315.0,,,0.0,2315.0,hyperplane_gauss,10311,31,0.18516070195473733,0.1972378539852798,3,real,incremental,332,0.09490719089326692,0.32824347242712976,False,low,fast,real/incremental/K=3/low/fast/partial/imbalanced/noisy,0.0,-0.0
scn-287daed340c9,675151889,PageHinkley,0.7340779722908388,0.025035116999788443,0,3.0,0.0,0.0,3.0,0.0,0.0,,0.0,0.0,1.0,,,inf,2315.0,,,0.0,2315.0,hyperplane_gauss,10311,31,0.18516070195473733,0.1972378539852798,3,real,incremental,332,0.09490719089326692,0.32824347242712976,False,low,fast,real/incremental/K=3/low/fast/partial/imbalanced/noisy,0.0,-0.0
scn-287daed340c9,675151889,PageHinkley-up,0.7340779722908388,0.02420123699994292,0,3.0,0.0,0.0,3.0,0.0,0.0,,0.0,0.0,1.0,,,inf,2315.0,,,0.0,2315.0,hyperplane_gauss,10311,31,0.18516070195473733,0.1972378539852798,3,real,incremental,332,0.09490719089326692,0.32824347242712976,False,low,fast,real/incremental/K=3/low/fast/partial/imbalanced/noisy,0.0,-0.0
scn-287daed340c9,675151889,DDM,0.7340779722908388,0.024594040000010864,0,3.0,0.0,0.0,3.0,0.0,0.0,,0.0,0.0,1.0,,,inf,2315.0,,,0.0,2315.0,hyperplane_gauss,10311,31,0.18516070195473733,0.1972378539852798,3,real,incremental,332,0.09490719089326692,0.32824347242712976,False,low,fast,real/incremental/K=3/low/fast/partial/imbalanced/noisy,0.0,-0.0
scn-287daed340c9,675151889,EDDM,0.7340779722908388,0.024201699000059307,0,3.0,45.0,3.0,0.0,16.0,26.0,0.06666666666666667,1.0,0.125,0.0,131.33333333333334,103.0,144.6875,144.6875,1.1016814720812182,1.1016814720812182,6.911447084233261,2315.0,hyperplane_gauss,10311,31,0.18516070195473733,0.1972378539852798,3,real,incremental,332,0.09490719089326692,0.32824347242712976,False,low,fast,real/incremental/K=3/low/fast/partial/imbalanced/noisy,0.0,-0.0
scn-287daed340c9,675151889,HDDM_A,0.7340779722908388,0.053356311000243295,0,3.0,2.0,2.0,1.0,0.0,0.0,1.0,0.6666666666666666,0.8,0.33333333333333337,515.5,515.5,inf,2315.0,inf,2.9938570966698994,0.0,2315.0,hyperplane_gauss,10311,31,0.18516070195473733,0.1972378539852798,3,real,incremental,332,0.09490719089326692,0.32824347242712976,False,low,fast,real/incremental/K=3/low/fast/partial/imbalanced/noisy,0.0,-0.0
scn-287daed340c9,675151889,HDDM_W,0.7340779722908388,0.04713013899981888,0,3.0,3.0,2.0,1.0,0.0,1.0,0.6666666666666666,0.6666666666666666,0.6666666666666666,0.33333333333333337,511.0,511.0,inf,2315.0,inf,3.0202217873450747,0.0,2315.0,hyperplane_gauss,10311,31,0.18516070195473733,0.1972378539852798,3,real,incremental,332,0.09490719089326692,0.32824347242712976,False,low,fast,real/incremental/K=3/low/fast/partial/imbalanced/noisy,0.0,-0.0
scn-287daed340c9,675151889,FHDDM,0.7340779722908388,0.022526116999870283,0,3.0,1.0,1.0,2.0,0.0,0.0,1.0,0.3333333333333333,0.5,0.6666666666666667,429.0,429.0,inf,2315.0,inf,1.7987567987567985,0.0,2315.0,hyperplane_gauss,10311,31,0.18516070195473733,0.1972378539852798,3,real,incremental,332,0.09490719089326692,0.32824347242712976,False,low,fast,real/incremental/K=3/low/fast/partial/imbalanced/noisy,0.0,-0.0
scn-287daed340c9,675151889,NoDrift,0.7340779722908388,0.03167922800002998,0,3.0,0.0,0.0,3.0,0.0,0.0,,0.0,0.0,1.0,,,inf,2315.0,,,0.0,2315.0,hyperplane_gauss,10311,31,0.18516070195473733,0.1972378539852798,3,real,incremental,332,0.09490719089326692,0.32824347242712976,False,low,fast,real/incremental/K=3/low/fast/partial/imbalanced/noisy,0.0,-0.0
scn-287daed340c9,675151889,Periodic(2000),0.7340779722908388,0.025653463000253396,0,3.0,4.0,3.0,0.0,1.0,0.0,0.75,1.0,0.8571428571428571,0.0,1177.6666666666667,1407.0,2315.0,2315.0,1.9657514859892442,1.9657514859892442,0.4319654427645788,2315.0,hyperplane_gauss,10311,31,0.18516070195473733,0.1972378539852798,3,real,incremental,332,0.09490719089326692,0.32824347242712976,False,low,fast,real/incremental/K=3/low/fast/partial/imbalanced/noisy,0.0,-0.0
scn-287daed340c9,675151889,Oracle,0.7340779722908388,0.020000571999844396,0,3.0,3.0,3.0,0.0,0.0,0.0,1.0,1.0,1.0,0.0,167.0,167.0,inf,2315.0,inf,13.862275449101796,0.0,2315.0,hyperplane_gauss,10311,31,0.18516070195473733,0.1972378539852798,3,real,incremental,332,0.09490719089326692,0.32824347242712976,False,low,fast,real/incremental/K=3/low/fast/partial/imbalanced/noisy,0.0,-0.0
scn-287daed340c9,675151890,ADWIN,0.7368703683814842,0.023651759999665956,0,3.0,0.0,0.0,3.0,0.0,0.0,,0.0,0.0,1.0,,,inf,2315.0,,,0.0,2315.0,hyperplane_gauss,10311,31,0.18516070195473733,0.1972378539852798,3,real,incremental,332,0.09490719089326692,0.32824347242712976,False,low,fast,real/incremental/K=3/low/fast/partial/imbalanced/noisy,0.0,-0.0
scn-287daed340c9,675151890,PageHinkley,0.7368703683814842,0.025898973000039405,0,3.0,0.0,0.0,3.0,0.0,0.0,,0.0,0.0,1.0,,,inf,2315.0,,,0.0,2315.0,hyperplane_gauss,10311,31,0.18516070195473733,0.1972378539852798,3,real,incremental,332,0.09490719089326692,0.32824347242712976,False,low,fast,real/incremental/K=3/low/fast/partial/imbalanced/noisy,0.0,-0.0
scn-287daed340c9,675151890,PageHinkley-up,0.7368703683814842,0.02548535300002186,0,3.0,0.0,0.0,3.0,0.0,0.0,,0.0,0.0,1.0,,,inf,2315.0,,,0.0,2315.0,hyperplane_gauss,10311,31,0.18516070195473733,0.1972378539852798,3,real,incremental,332,0.09490719089326692,0.32824347242712976,False,low,fast,real/incremental/K=3/low/fast/partial/imbalanced/noisy,0.0,-0.0
scn-287daed340c9,675151890,DDM,0.7368703683814842,0.025927588999820728,0,3.0,0.0,0.0,3.0,0.0,0.0,,0.0,0.0,1.0,,,inf,2315.0,,,0.0,2315.0,hyperplane_gauss,10311,31,0.18516070195473733,0.1972378539852798,3,real,incremental,332,0.09490719089326692,0.32824347242712976,False,low,fast,real/incremental/K=3/low/fast/partial/imbalanced/noisy,0.0,-0.0
scn-287daed340c9,675151890,EDDM,0.7368703683814842,0.022710460999860516,0,3.0,31.0,2.0,1.0,7.0,22.0,0.06451612903225806,0.6666666666666666,0.1176470588235294,0.33333333333333337,278.0,278.0,330.7142857142857,330.7142857142857,0.7930798218568003,0.7930798218568003,3.023758099352052,2315.0,hyperplane_gauss,10311,31,0.18516070195473733,0.1972378539852798,3,real,incremental,332,0.09490719089326692,0.32824347242712976,False,low,fast,real/incremental/K=3/low/fast/partial/imbalanced/noisy,0.0,-0.0
scn-287daed340c9,675151890,HDDM_A,0.7368703683814842,0.04461962899995342,0,3.0,0.0,0.0,3.0,0.0,0.0,,0.0,0.0,1.0,,,inf,2315.0,,,0.0,2315.0,hyperplane_gauss,10311,31,0.18516070195473733,0.1972378539852798,3,real,incremental,332,0.09490719089326692,0.32824347242712976,False,low,fast,real/incremental/K=3/low/fast/partial/imbalanced/noisy,0.0,-0.0
scn-287daed340c9,675151890,HDDM_W,0.7368703683814842,0.06301564099976531,0,3.0,1.0,1.0,2.0,0.0,0.0,1.0,0.3333333333333333,0.5,0.6666666666666667,1247.0,1247.0,inf,2315.0,inf,0.6188184977278801,0.0,2315.0,hyperplane_gauss,10311,31,0.18516070195473733,0.1972378539852798,3,real,incremental,332,0.09490719089326692,0.32824347242712976,False,low,fast,real/incremental/K=3/low/fast/partial/imbalanced/noisy,0.0,-0.0
scn-287daed340c9,675151890,FHDDM,0.7368703683814842,0.023762429000271368,0,3.0,0.0,0.0,3.0,0.0,0.0,,0.0,0.0,1.0,,,inf,2315.0,,,0.0,2315.0,hyperplane_gauss,10311,31,0.18516070195473733,0.1972378539852798,3,real,incremental,332,0.09490719089326692,0.32824347242712976,False,low,fast,real/incremental/K=3/low/fast/partial/imbalanced/noisy,0.0,-0.0
scn-287daed340c9,675151890,NoDrift,0.7368703683814842,0.025685100000373495,0,3.0,0.0,0.0,3.0,0.0,0.0,,0.0,0.0,1.0,,,inf,2315.0,,,0.0,2315.0,hyperplane_gauss,10311,31,0.18516070195473733,0.1972378539852798,3,real,incremental,332,0.09490719089326692,0.32824347242712976,False,low,fast,real/incremental/K=3/low/fast/partial/imbalanced/noisy,0.0,-0.0
scn-287daed340c9,675151890,Periodic(2000),0.7368703683814842,0.021136099999694125,0,3.0,4.0,3.0,0.0,1.0,0.0,0.75,1.0,0.8571428571428571,0.0,1177.6666666666667,1407.0,2315.0,2315.0,1.9657514859892442,1.9657514859892442,0.4319654427645788,2315.0,hyperplane_gauss,10311,31,0.18516070195473733,0.1972378539852798,3,real,incremental,332,0.09490719089326692,0.32824347242712976,False,low,fast,real/incremental/K=3/low/fast/partial/imbalanced/noisy,0.0,-0.0
scn-287daed340c9,675151890,Oracle,0.7368703683814842,0.019572034999782773,0,3.0,3.0,3.0,0.0,0.0,0.0,1.0,1.0,1.0,0.0,167.0,167.0,inf,2315.0,inf,13.862275449101796,0.0,2315.0,hyperplane_gauss,10311,31,0.18516070195473733,0.1972378539852798,3,real,incremental,332,0.09490719089326692,0.32824347242712976,False,low,fast,real/incremental/K=3/low/fast/partial/imbalanced/noisy,0.0,-0.0
scn-c5e5d5ac1920,1328080992,ADWIN,0.8981195391950236,0.05489451600033135,0,2.0,1.0,0.0,2.0,1.0,0.0,0.0,0.0,0.0,1.0,,,44871.0,44871.0,,,0.02228610906821778,44871.0,hyperplane_gauss,49871,5,0.44525650921277704,0.07811838705092668,2,virtual,sudden,0,0.40972909778356553,0.7252227073535323,True,high,abrupt,virtual/sudden/K=2/recurring/high/abrupt/partial/balanced/noisy,0.0,-0.0
scn-c5e5d5ac1920,1328080992,PageHinkley,0.8981195391950236,0.060215180999875884,0,2.0,1.0,1.0,1.0,0.0,0.0,1.0,0.5,0.6666666666666666,0.5,659.0,659.0,inf,44871.0,inf,34.04476479514416,0.0,44871.0,hyperplane_gauss,49871,5,0.44525650921277704,0.07811838705092668,2,virtual,sudden,0,0.40972909778356553,0.7252227073535323,True,high,abrupt,virtual/sudden/K=2/recurring/high/abrupt/partial/balanced/noisy,0.0,-0.0
scn-c5e5d5ac1920,1328080992,PageHinkley-up,0.8981195391950236,0.12950010199983808,0,2.0,1.0,1.0,1.0,0.0,0.0,1.0,0.5,0.6666666666666666,0.5,659.0,659.0,inf,44871.0,inf,34.04476479514416,0.0,44871.0,hyperplane_gauss,49871,5,0.44525650921277704,0.07811838705092668,2,virtual,sudden,0,0.40972909778356553,0.7252227073535323,True,high,abrupt,virtual/sudden/K=2/recurring/high/abrupt/partial/balanced/noisy,0.0,-0.0
scn-c5e5d5ac1920,1328080992,DDM,0.8981195391950236,0.05065271000012217,0,2.0,0.0,0.0,2.0,0.0,0.0,,0.0,0.0,1.0,,,inf,44871.0,,,0.0,44871.0,hyperplane_gauss,49871,5,0.44525650921277704,0.07811838705092668,2,virtual,sudden,0,0.40972909778356553,0.7252227073535323,True,high,abrupt,virtual/sudden/K=2/recurring/high/abrupt/partial/balanced/noisy,0.0,-0.0
scn-c5e5d5ac1920,1328080992,EDDM,0.8981195391950236,0.04294281800002864,0,2.0,23.0,0.0,2.0,23.0,0.0,0.0,0.0,0.0,1.0,,,1950.9130434782608,1950.9130434782608,,,0.5125805085690089,44871.0,hyperplane_gauss,49871,5,0.44525650921277704,0.07811838705092668,2,virtual,sudden,0,0.40972909778356553,0.7252227073535323,True,high,abrupt,virtual/sudden/K=2/recurring/high/abrupt/partial/balanced/noisy,0.0,-0.0
scn-c5e5d5ac1920,1328080992,HDDM_A,0.8981195391950236,0.14237399000012374,0,2.0,0.0,0.0,2.0,0.0,0.0,,0.0,0.0,1.0,,,inf,44871.0,,,0.0,44871.0,hyperplane_gauss,49871,5,0.44525650921277704,0.07811838705092668,2,virtual,sudden,0,0.40972909778356553,0.7252227073535323,True,high,abrupt,virtual/sudden/K=2/recurring/high/abrupt/partial/balanced/noisy,0.0,-0.0
scn-c5e5d5ac1920,1328080992,HDDM_W,0.8981195391950236,0.14899321299981239,0,2.0,0.0,0.0,2.0,0.0,0.0,,0.0,0.0,1.0,,,inf,44871.0,,,0.0,44871.0,hyperplane_gauss,49871,5,0.44525650921277704,0.07811838705092668,2,virtual,sudden,0,0.40972909778356553,0.7252227073535323,True,high,abrupt,virtual/sudden/K=2/recurring/high/abrupt/partial/balanced/noisy,0.0,-0.0
scn-c5e5d5ac1920,1328080992,FHDDM,0.8981195391950236,0.04325238499995976,0,2.0,0.0,0.0,2.0,0.0,0.0,,0.0,0.0,1.0,,,inf,44871.0,,,0.0,44871.0,hyperplane_gauss,49871,5,0.44525650921277704,0.07811838705092668,2,virtual,sudden,0,0.40972909778356553,0.7252227073535323,True,high,abrupt,virtual/sudden/K=2/recurring/high/abrupt/partial/balanced/noisy,0.0,-0.0
scn-c5e5d5ac1920,1328080992,NoDrift,0.8981195391950236,0.027787632000126905,0,2.0,0.0,0.0,2.0,0.0,0.0,,0.0,0.0,1.0,,,inf,44871.0,,,0.0,44871.0,hyperplane_gauss,49871,5,0.44525650921277704,0.07811838705092668,2,virtual,sudden,0,0.40972909778356553,0.7252227073535323,True,high,abrupt,virtual/sudden/K=2/recurring/high/abrupt/partial/balanced/noisy,0.0,-0.0
scn-c5e5d5ac1920,1328080992,Periodic(2000),0.8981195391950236,0.0288758010001402,0,2.0,24.0,2.0,0.0,22.0,0.0,0.08333333333333333,1.0,0.15384615384615385,0.0,565.0,565.0,2039.590909090909,2039.590909090909,3.609895414320193,3.609895414320193,0.4902943995007912,44871.0,hyperplane_gauss,49871,5,0.44525650921277704,0.07811838705092668,2,virtual,sudden,0,0.40972909778356553,0.7252227073535323,True,high,abrupt,virtual/sudden/K=2/recurring/high/abrupt/partial/balanced/noisy,0.0,-0.0
scn-c5e5d5ac1920,1328080992,Oracle,0.8981195391950236,0.029689095999856363,0,2.0,2.0,2.0,0.0,0.0,0.0,1.0,1.0,1.0,0.0,1.0,1.0,inf,44871.0,inf,44871.0,0.0,44871.0,hyperplane_gauss,49871,5,0.44525650921277704,0.07811838705092668,2,virtual,sudden,0,0.40972909778356553,0.7252227073535323,True,high,abrupt,virtual/sudden/K=2/recurring/high/abrupt/partial/balanced/noisy,0.0,-0.0
scn-c5e5d5ac1920,1328080993,ADWIN,0.8963393423502691,0.04306557400013844,0,2.0,0.0,0.0,2.0,0.0,0.0,,0.0,0.0,1.0,,,inf,44871.0,,,0.0,44871.0,hyperplane_gauss,49871,5,0.44525650921277704,0.07811838705092668,2,virtual,sudden,0,0.40972909778356553,0.7252227073535323,True,high,abrupt,virtual/sudden/K=2/recurring/high/abrupt/partial/balanced/noisy,0.0,-0.0
scn-c5e5d5ac1920,1328080993,PageHinkley,0.8963393423502691,0.05255234400010522,0,2.0,2.0,0.0,2.0,2.0,0.0,0.0,0.0,0.0,1.0,,,22435.5,22435.5,,,0.04457221813643556,44871.0,hyperplane_gauss,49871,5,0.44525650921277704,0.07811838705092668,2,virtual,sudden,0,0.40972909778356553,0.7252227073535323,True,high,abrupt,virtual/sudden/K=2/recurring/high/abrupt/partial/balanced/noisy,0.0,-0.0
scn-c5e5d5ac1920,1328080993,PageHinkley-up,0.8963393423502691,0.050717954999981885,0,2.0,2.0,0.0,2.0,2.0,0.0,0.0,0.0,0.0,1.0,,,22435.5,22435.5,,,0.04457221813643556,44871.0,hyperplane_gauss,49871,5,0.44525650921277704,0.07811838705092668,2,virtual,sudden,0,0.40972909778356553,0.7252227073535323,True,high,abrupt,virtual/sudden/K=2/recurring/high/abrupt/partial/balanced/noisy,0.0,-0.0
scn-c5e5d5ac1920,1328080993,DDM,0.8963393423502691,0.04959392599994317,0,2.0,0.0,0.0,2.0,0.0,0.0,,0.0,0.0,1.0,,,inf,44871.0,,,0.0,44871.0,hyperplane_gauss,49871,5,0.44525650921277704,0.07811838705092668,2,virtual,sudden,0,0.40972909778356553,0.7252227073535323,True,high,abrupt,virtual/sudden/K=2/recurring/high/abrupt/partial/balanced/noisy,0.0,-0.0
scn-c5e5d5ac1920,1328080993,EDDM,0.8963393423502691,0.041630767000242486,0,2.0,41.0,1.0,1.0,34.0,6.0,0.024390243902439025,0.5,0.046511627906976744,0.5,85.0,85.0,1319.735294117647,1319.735294117647,7.763148788927336,7.763148788927336,0.7577277083194045,44871.0,hyperplane_gauss,49871,5,0.44525650921277704,0.07811838705092668,2,virtual,sudden,0,0.40972909778356553,0.7252227073535323,True,high,abrupt,virtual/sudden/K=2/recurring/high/abrupt/partial/balanced/noisy,0.0,-0.0
scn-c5e5d5ac1920,1328080993,HDDM_A,0.8963393423502691,0.15111362700008613,0,2.0,0.0,0.0,2.0,0.0,0.0,,0.0,0.0,1.0,,,inf,44871.0,,,0.0,44871.0,hyperplane_gauss,49871,5,0.44525650921277704,0.07811838705092668,2,virtual,sudden,0,0.40972909778356553,0.7252227073535323,True,high,abrupt,virtual/sudden/K=2/recurring/high/abrupt/partial/balanced/noisy,0.0,-0.0
scn-c5e5d5ac1920,1328080993,HDDM_W,0.8963393423502691,0.1498003400001835,0,2.0,0.0,0.0,2.0,0.0,0.0,,0.0,0.0,1.0,,,inf,44871.0,,,0.0,44871.0,hyperplane_gauss,49871,5,0.44525650921277704,0.07811838705092668,2,virtual,sudden,0,0.40972909778356553,0.7252227073535323,True,high,abrupt,virtual/sudden/K=2/recurring/high/abrupt/partial/balanced/noisy,0.0,-0.0
scn-c5e5d5ac1920,1328080993,FHDDM,0.8963393423502691,0.04458377700029814,0,2.0,0.0,0.0,2.0,0.0,0.0,,0.0,0.0,1.0,,,inf,44871.0,,,0.0,44871.0,hyperplane_gauss,49871,5,0.44525650921277704,0.07811838705092668,2,virtual,sudden,0,0.40972909778356553,0.7252227073535323,True,high,abrupt,virtual/sudden/K=2/recurring/high/abrupt/partial/balanced/noisy,0.0,-0.0
scn-c5e5d5ac1920,1328080993,NoDrift,0.8963393423502691,0.028398231999744894,0,2.0,0.0,0.0,2.0,0.0,0.0,,0.0,0.0,1.0,,,inf,44871.0,,,0.0,44871.0,hyperplane_gauss,49871,5,0.44525650921277704,0.07811838705092668,2,virtual,sudden,0,0.40972909778356553,0.7252227073535323,True,high,abrupt,virtual/sudden/K=2/recurring/high/abrupt/partial/balanced/noisy,0.0,-0.0
scn-c5e5d5ac1920,1328080993,Periodic(2000),0.8963393423502691,0.02963877299998785,0,2.0,24.0,2.0,0.0,22.0,0.0,0.08333333333333333,1.0,0.15384615384615385,0.0,565.0,565.0,2039.590909090909,2039.590909090909,3.609895414320193,3.609895414320193,0.4902943995007912,44871.0,hyperplane_gauss,49871,5,0.44525650921277704,0.07811838705092668,2,virtual,sudden,0,0.40972909778356553,0.7252227073535323,True,high,abrupt,virtual/sudden/K=2/recurring/high/abrupt/partial/balanced/noisy,0.0,-0.0
scn-c5e5d5ac1920,1328080993,Oracle,0.8963393423502691,0.029417639000257623,0,2.0,2.0,2.0,0.0,0.0,0.0,1.0,1.0,1.0,0.0,1.0,1.0,inf,44871.0,inf,44871.0,0.0,44871.0,hyperplane_gauss,49871,5,0.44525650921277704,0.07811838705092668,2,virtual,sudden,0,0.40972909778356553,0.7252227073535323,True,high,abrupt,virtual/sudden/K=2/recurring/high/abrupt/partial/balanced/noisy,0.0,-0.0
scn-c5e5d5ac1920,1328080994,ADWIN,0.898078615129627,0.03974101299991162,0,2.0,0.0,0.0,2.0,0.0,0.0,,0.0,0.0,1.0,,,inf,44871.0,,,0.0,44871.0,hyperplane_gauss,49871,5,0.44525650921277704,0.07811838705092668,2,virtual,sudden,0,0.40972909778356553,0.7252227073535323,True,high,abrupt,virtual/sudden/K=2/recurring/high/abrupt/partial/balanced/noisy,0.0,-0.0
scn-c5e5d5ac1920,1328080994,PageHinkley,0.898078615129627,0.05406888399966192,0,2.0,2.0,0.0,2.0,2.0,0.0,0.0,0.0,0.0,1.0,,,22435.5,22435.5,,,0.04457221813643556,44871.0,hyperplane_gauss,49871,5,0.44525650921277704,0.07811838705092668,2,virtual,sudden,0,0.40972909778356553,0.7252227073535323,True,high,abrupt,virtual/sudden/K=2/recurring/high/abrupt/partial/balanced/noisy,0.0,-0.0
scn-c5e5d5ac1920,1328080994,PageHinkley-up,0.898078615129627,0.052335118999963015,0,2.0,1.0,0.0,2.0,1.0,0.0,0.0,0.0,0.0,1.0,,,44871.0,44871.0,,,0.02228610906821778,44871.0,hyperplane_gauss,49871,5,0.44525650921277704,0.07811838705092668,2,virtual,sudden,0,0.40972909778356553,0.7252227073535323,True,high,abrupt,virtual/sudden/K=2/recurring/high/abrupt/partial/balanced/noisy,0.0,-0.0
scn-c5e5d5ac1920,1328080994,DDM,0.898078615129627,0.05232751699986693,0,2.0,0.0,0.0,2.0,0.0,0.0,,0.0,0.0,1.0,,,inf,44871.0,,,0.0,44871.0,hyperplane_gauss,49871,5,0.44525650921277704,0.07811838705092668,2,virtual,sudden,0,0.40972909778356553,0.7252227073535323,True,high,abrupt,virtual/sudden/K=2/recurring/high/abrupt/partial/balanced/noisy,0.0,-0.0
scn-c5e5d5ac1920,1328080994,EDDM,0.898078615129627,0.04181324499995753,0,2.0,121.0,2.0,0.0,111.0,8.0,0.01652892561983471,1.0,0.032520325203252036,0.0,163.0,163.0,404.2432432432432,404.2432432432432,2.480019897197811,2.480019897197811,2.4737581065721734,44871.0,hyperplane_gauss,49871,5,0.44525650921277704,0.07811838705092668,2,virtual,sudden,0,0.40972909778356553,0.7252227073535323,True,high,abrupt,virtual/sudden/K=2/recurring/high/abrupt/partial/balanced/noisy,0.0,-0.0
scn-c5e5d5ac1920,1328080994,HDDM_A,0.898078615129627,0.1521423250001135,0,2.0,0.0,0.0,2.0,0.0,0.0,,0.0,0.0,1.0,,,inf,44871.0,,,0.0,44871.0,hyperplane_gauss,49871,5,0.44525650921277704,0.07811838705092668,2,virtual,sudden,0,0.40972909778356553,0.7252227073535323,True,high,abrupt,virtual/sudden/K=2/recurring/high/abrupt/partial/balanced/noisy,0.0,-0.0
scn-c5e5d5ac1920,1328080994,HDDM_W,0.898078615129627,0.14988817799985554,0,2.0,0.0,0.0,2.0,0.0,0.0,,0.0,0.0,1.0,,,inf,44871.0,,,0.0,44871.0,hyperplane_gauss,49871,5,0.44525650921277704,0.07811838705092668,2,virtual,sudden,0,0.40972909778356553,0.7252227073535323,True,high,abrupt,virtual/sudden/K=2/recurring/high/abrupt/partial/balanced/noisy,0.0,-0.0
scn-c5e5d5ac1920,1328080994,FHDDM,0.898078615129627,0.04437013599999773,0,2.0,0.0,0.0,2.0,0.0,0.0,,0.0,0.0,1.0,,,inf,44871.0,,,0.0,44871.0,hyperplane_gauss,49871,5,0.44525650921277704,0.07811838705092668,2,virtual,sudden,0,0.40972909778356553,0.7252227073535323,True,high,abrupt,virtual/sudden/K=2/recurring/high/abrupt/partial/balanced/noisy,0.0,-0.0
scn-c5e5d5ac1920,1328080994,NoDrift,0.898078615129627,0.02802013900009115,0,2.0,0.0,0.0,2.0,0.0,0.0,,0.0,0.0,1.0,,,inf,44871.0,,,0.0,44871.0,hyperplane_gauss,49871,5,0.44525650921277704,0.07811838705092668,2,virtual,sudden,0,0.40972909778356553,0.7252227073535323,True,high,abrupt,virtual/sudden/K=2/recurring/high/abrupt/partial/balanced/noisy,0.0,-0.0
scn-c5e5d5ac1920,1328080994,Periodic(2000),0.898078615129627,0.029047371000160638,0,2.0,24.0,2.0,0.0,22.0,0.0,0.08333333333333333,1.0,0.15384615384615385,0.0,565.0,565.0,2039.590909090909,2039.590909090909,3.609895414320193,3.609895414320193,0.4902943995007912,44871.0,hyperplane_gauss,49871,5,0.44525650921277704,0.07811838705092668,2,virtual,sudden,0,0.40972909778356553,0.7252227073535323,True,high,abrupt,virtual/sudden/K=2/recurring/high/abrupt/partial/balanced/noisy,0.0,-0.0
scn-c5e5d5ac1920,1328080994,Oracle,0.898078615129627,0.030364378999820474,0,2.0,2.0,2.0,0.0,0.0,0.0,1.0,1.0,1.0,0.0,1.0,1.0,inf,44871.0,inf,44871.0,0.0,44871.0,hyperplane_gauss,49871,5,0.44525650921277704,0.07811838705092668,2,virtual,sudden,0,0.40972909778356553,0.7252227073535323,True,high,abrupt,virtual/sudden/K=2/recurring/high/abrupt/partial/balanced/noisy,0.0,-0.0
scn-8b8c13c22f53,683175910,ADWIN,0.8810796254867843,0.05684830800009877,0,5.0,0.0,0.0,5.0,0.0,0.0,,0.0,0.0,1.0,,,inf,31071.0,,,0.0,31071.0,hyperplane_gauss,49276,13,0.3436545214150101,0.06349846422672271,5,virtual,incremental,1441,0.23458870351314542,0.8408842772245408,True,medium,slow,virtual/incremental/K=5/recurring/medium/slow/partial/imbalanced/noisy,0.0,-0.0
scn-8b8c13c22f53,683175910,PageHinkley,0.8810796254867843,0.07434894099969824,0,5.0,1.0,0.0,5.0,1.0,0.0,0.0,0.0,0.0,1.0,,,31071.0,31071.0,,,0.03218435196807312,31071.0,hyperplane_gauss,49276,13,0.3436545214150101,0.06349846422672271,5,virtual,incremental,1441,0.23458870351314542,0.8408842772245408,True,medium,slow,virtual/incremental/K=5/recurring/medium/slow/partial/imbalanced/noisy,0.0,-0.0
scn-8b8c13c22f53,683175910,PageHinkley-up,0.8810796254867843,0.07211562700013019,0,5.0,1.0,0.0,5.0,1.0,0.0,0.0,0.0,0.0,1.0,,,31071.0,31071.0,,,0.03218435196807312,31071.0,hyperplane_gauss,49276,13,0.3436545214150101,0.06349846422672271,5,virtual,incremental,1441,0.23458870351314542,0.8408842772245408,True,medium,slow,virtual/incremental/K=5/recurring/medium/slow/partial/imbalanced/noisy,0.0,-0.0
scn-8b8c13c22f53,683175910,DDM,0.8810796254867843,0.07157179299974814,0,5.0,0.0,0.0,5.0,0.0,0.0,,0.0,0.0,1.0,,,inf,31071.0,,,0.0,31071.0,hyperplane_gauss,49276,13,0.3436545214150101,0.06349846422672271,5,virtual,incremental,1441,0.23458870351314542,0.8408842772245408,True,medium,slow,virtual/incremental/K=5/recurring/medium/slow/partial/imbalanced/noisy,0.0,-0.0
scn-8b8c13c22f53,683175910,EDDM,0.8810796254867843,0.0671968100000413,0,5.0,80.0,4.0,1.0,48.0,28.0,0.05,0.8,0.09411764705882354,0.19999999999999996,509.5,464.5,647.3125,647.3125,1.016388616290481,1.016388616290481,1.5448488944675098,31071.0,hyperplane_gauss,49276,13,0.3436545214150101,0.06349846422672271,5,virtual,incremental,1441,0.23458870351314542,0.8408842772245408,True,medium,slow,virtual/incremental/K=5/recurring/medium/slow/partial/imbalanced/noisy,0.0,-0.0
scn-8b8c13c22f53,683175910,HDDM_A,0.8810796254867843,0.16354236300003322,0,5.0,0.0,0.0,5.0,0.0,0.0,,0.0,0.0,1.0,,,inf,31071.0,,,0.0,31071.0,hyperplane_gauss,49276,13,0.3436545214150101,0.06349846422672271,5,virtual,incremental,1441,0.23458870351314542,0.8408842772245408,True,medium,slow,virtual/incremental/K=5/recurring/medium/slow/partial/imbalanced/noisy,0.0,-0.0
scn-8b8c13c22f53,683175910,HDDM_W,0.8810796254867843,0.1727267410001332,0,5.0,0.0,0.0,5.0,0.0,0.0,,0.0,0.0,1.0,,,inf,31071.0,,,0.0,31071.0,hyperplane_gauss,49276,13,0.3436545214150101,0.06349846422672271,5,virtual,incremental,1441,0.23458870351314542,0.8408842772245408,True,medium,slow,virtual/incremental/K=5/recurring/medium/slow/partial/imbalanced/noisy,0.0,-0.0
scn-8b8c13c22f53,683175910,FHDDM,0.8810796254867843,0.06217651399992974,0,5.0,0.0,0.0,5.0,0.0,0.0,,0.0,0.0,1.0,,,inf,31071.0,,,0.0,31071.0,hyperplane_gauss,49276,13,0.3436545214150101,0.06349846422672271,5,virtual,incremental,1441,0.23458870351314542,0.8408842772245408,True,medium,slow,virtual/incremental/K=5/recurring/medium/slow/partial/imbalanced/noisy,0.0,-0.0
scn-8b8c13c22f53,683175910,NoDrift,0.8810796254867843,0.04523119600025893,0,5.0,0.0,0.0,5.0,0.0,0.0,,0.0,0.0,1.0,,,inf,31071.0,,,0.0,31071.0,hyperplane_gauss,49276,13,0.3436545214150101,0.06349846422672271,5,virtual,incremental,1441,0.23458870351314542,0.8408842772245408,True,medium,slow,virtual/incremental/K=5/recurring/medium/slow/partial/imbalanced/noisy,0.0,-0.0
scn-8b8c13c22f53,683175910,Periodic(2000),0.8810796254867843,0.0459369099999094,0,5.0,24.0,5.0,0.0,16.0,3.0,0.20833333333333334,1.0,0.3448275862068966,0.0,1183.0,1238.0,1941.9375,1941.9375,1.6415363482671175,1.6415363482671175,0.51494963148917,31071.0,hyperplane_gauss,49276,13,0.3436545214150101,0.06349846422672271,5,virtual,incremental,1441,0.23458870351314542,0.8408842772245408,True,medium,slow,virtual/incremental/K=5/recurring/medium/slow/partial/imbalanced/noisy,0.0,-0.0
scn-8b8c13c22f53,683175910,Oracle,0.8810796254867843,0.04675139999972089,0,5.0,5.0,5.0,0.0,0.0,0.0,1.0,1.0,1.0,0.0,721.0,721.0,inf,31071.0,inf,43.094313453536756,0.0,31071.0,hyperplane_gauss,49276,13,0.3436545214150101,0.06349846422672271,5,virtual,incremental,1441,0.23458870351314542,0.8408842772245408,True,medium,slow,virtual/incremental/K=5/recurring/medium/slow/partial/imbalanced/noisy,0.0,-0.0
scn-8b8c13c22f53,683175911,ADWIN,0.8774753500704283,0.0584022980001464,0,5.0,0.0,0.0,5.0,0.0,0.0,,0.0,0.0,1.0,,,inf,31071.0,,,0.0,31071.0,hyperplane_gauss,49276,13,0.3436545214150101,0.06349846422672271,5,virtual,incremental,1441,0.23458870351314542,0.8408842772245408,True,medium,slow,virtual/incremental/K=5/recurring/medium/slow/partial/imbalanced/noisy,0.0,-0.0
scn-8b8c13c22f53,683175911,PageHinkley,0.8774753500704283,0.06716783000001669,0,5.0,1.0,1.0,4.0,0.0,0.0,1.0,0.2,0.33333333333333337,0.8,2401.0,2401.0,inf,31071.0,inf,2.5881715951686792,0.0,31071.0,hyperplane_gauss,49276,13,0.3436545214150101,0.06349846422672271,5,virtual,incremental,1441,0.23458870351314542,0.8408842772245408,True,medium,slow,virtual/incremental/K=5/recurring/medium/slow/partial/imbalanced/noisy,0.0,-0.0
scn-8b8c13c22f53,683175911,PageHinkley-up,0.8774753500704283,0.06848578599965549,0,5.0,1.0,1.0,4.0,0.0,0.0,1.0,0.2,0.33333333333333337,0.8,2401.0,2401.0,inf,31071.0,inf,2.5881715951686792,0.0,31071.0,hyperplane_gauss,49276,13,0.3436545214150101,0.06349846422672271,5,virtual,incremental,1441,0.23458870351314542,0.8408842772245408,True,medium,slow,virtual/incremental/K=5/recurring/medium/slow/partial/imbalanced/noisy,0.0,-0.0
scn-8b8c13c22f53,683175911,DDM,0.8774753500704283,0.0674611360000199,0,5.0,1.0,0.0,5.0,1.0,0.0,0.0,0.0,0.0,1.0,,,31071.0,31071.0,,,0.03218435196807312,31071.0,hyperplane_gauss,49276,13,0.3436545214150101,0.06349846422672271,5,virtual,incremental,1441,0.23458870351314542,0.8408842772245408,True,medium,slow,virtual/incremental/K=5/recurring/medium/slow/partial/imbalanced/noisy,0.0,-0.0
scn-8b8c13c22f53,683175911,EDDM,0.8774753500704283,0.05721954699993148,0,5.0,1.0,0.0,5.0,1.0,0.0,0.0,0.0,0.0,1.0,,,31071.0,31071.0,,,0.03218435196807312,31071.0,hyperplane_gauss,49276,13,0.3436545214150101,0.06349846422672271,5,virtual,incremental,1441,0.23458870351314542,0.8408842772245408,True,medium,slow,virtual/incremental/K=5/recurring/medium/slow/partial/imbalanced/noisy,0.0,-0.0
scn-8b8c13c22f53,683175911,HDDM_A,0.8774753500704283,0.16286604700007956,0,5.0,0.0,0.0,5.0,0.0,0.0,,0.0,0.0,1.0,,,inf,31071.0,,,0.0,31071.0,hyperplane_gauss,49276,13,0.3436545214150101,0.06349846422672271,5,virtual,incremental,1441,0.23458870351314542,0.8408842772245408,True,medium,slow,virtual/incremental/K=5/recurring/medium/slow/partial/imbalanced/noisy,0.0,-0.0
scn-8b8c13c22f53,683175911,HDDM_W,0.8774753500704283,0.16551982200007842,0,5.0,0.0,0.0,5.0,0.0,0.0,,0.0,0.0,1.0,,,inf,31071.0,,,0.0,31071.0,hyperplane_gauss,49276,13,0.3436545214150101,0.06349846422672271,5,virtual,incremental,1441,0.23458870351314542,0.8408842772245408,True,medium,slow,virtual/incremental/K=5/recurring/medium/slow/partial/imbalanced/noisy,0.0,-0.0
scn-8b8c13c22f53,683175911,FHDDM,0.8774753500704283,0.06091860199967414,0,5.0,0.0,0.0,5.0,0.0,0.0,,0.0,0.0,1.0,,,inf,31071.0,,,0.0,31071.0,hyperplane_gauss,49276,13,0.3436545214150101,0.06349846422672271,5,virtual,incremental,1441,0.23458870351314542,0.8408842772245408,True,medium,slow,virtual/incremental/K=5/recurring/medium/slow/partial/imbalanced/noisy,0.0,-0.0
scn-8b8c13c22f53,683175911,NoDrift,0.8774753500704283,0.04452023099975122,0,5.0,0.0,0.0,5.0,0.0,0.0,,0.0,0.0,1.0,,,inf,31071.0,,,0.0,31071.0,hyperplane_gauss,49276,13,0.3436545214150101,0.06349846422672271,5,virtual,incremental,1441,0.23458870351314542,0.8408842772245408,True,medium,slow,virtual/incremental/K=5/recurring/medium/slow/partial/imbalanced/noisy,0.0,-0.0
scn-8b8c13c22f53,683175911,Periodic(2000),0.8774753500704283,0.04673270000012053,0,5.0,24.0,5.0,0.0,16.0,3.0,0.20833333333333334,1.0,0.3448275862068966,0.0,1183.0,1238.0,1941.9375,1941.9375,1.6415363482671175,1.6415363482671175,0.51494963148917,31071.0,hyperplane_gauss,49276,13,0.3436545214150101,0.06349846422672271,5,virtual,incremental,1441,0.23458870351314542,0.8408842772245408,True,medium,slow,virtual/incremental/K=5/recurring/medium/slow/partial/imbalanced/noisy,0.0,-0.0
scn-8b8c13c22f53,683175911,Oracle,0.8774753500704283,0.046718324000266875,0,5.0,5.0,5.0,0.0,0.0,0.0,1.0,1.0,1.0,0.0,721.0,721.0,inf,31071.0,inf,43.094313453536756,0.0,31071.0,hyperplane_gauss,49276,13,0.3436545214150101,0.06349846422672271,5,virtual,incremental,1441,0.23458870351314542,0.8408842772245408,True,medium,slow,virtual/incremental/K=5/recurring/medium/slow/partial/imbalanced/noisy,0.0,-0.0
scn-8b8c13c22f53,683175912,ADWIN,0.8815560526969923,0.05784469499985789,0,5.0,0.0,0.0,5.0,0.0,0.0,,0.0,0.0,1.0,,,inf,31071.0,,,0.0,31071.0,hyperplane_gauss,49276,13,0.3436545214150101,0.06349846422672271,5,virtual,incremental,1441,0.23458870351314542,0.8408842772245408,True,medium,slow,virtual/incremental/K=5/recurring/medium/slow/partial/imbalanced/noisy,0.0,-0.0
scn-8b8c13c22f53,683175912,PageHinkley,0.8815560526969923,0.06696049399988624,0,5.0,2.0,1.0,4.0,1.0,0.0,0.5,0.2,0.28571428571428575,0.8,2165.0,2165.0,31071.0,31071.0,2.8703002309468815,2.8703002309468815,0.03218435196807312,31071.0,hyperplane_gauss,49276,13,0.3436545214150101,0.06349846422672271,5,virtual,incremental,1441,0.23458870351314542,0.8408842772245408,True,medium,slow,virtual/incremental/K=5/recurring/medium/slow/partial/imbalanced/noisy,0.0,-0.0
scn-8b8c13c22f53,683175912,PageHinkley-up,0.8815560526969923,0.06766353400007574,0,5.0,1.0,0.0,5.0,1.0,0.0,0.0,0.0,0.0,1.0,,,31071.0,31071.0,,,0.03218435196807312,31071.0,hyperplane_gauss,49276,13,0.3436545214150101,0.06349846422672271,5,virtual,incremental,1441,0.23458870351314542,0.8408842772245408,True,medium,slow,virtual/incremental/K=5/recurring/medium/slow/partial/imbalanced/noisy,0.0,-0.0
scn-8b8c13c22f53,683175912,DDM,0.8815560526969923,0.06687571300017225,0,5.0,0.0,0.0,5.0,0.0,0.0,,0.0,0.0,1.0,,,inf,31071.0,,,0.0,31071.0,hyperplane_gauss,49276,13,0.3436545214150101,0.06349846422672271,5,virtual,incremental,1441,0.23458870351314542,0.8408842772245408,True,medium,slow,virtual/incremental/K=5/recurring/medium/slow/partial/imbalanced/noisy,0.0,-0.0
scn-8b8c13c22f53,683175912,EDDM,0.8815560526969923,0.05662625200011462,0,5.0,140.0,5.0,0.0,93.0,42.0,0.03571428571428571,1.0,0.0689655172413793,0.0,197.4,208.0,334.0967741935484,334.0967741935484,1.692486191456679,1.692486191456679,2.9931447330308005,31071.0,hyperplane_gauss,49276,13,0.3436545214150101,0.06349846422672271,5,virtual,incremental,1441,0.23458870351314542,0.8408842772245408,True,medium,slow,virtual/incremental/K=5/recurring/medium/slow/partial/imbalanced/noisy,0.0,-0.0
scn-8b8c13c22f53,683175912,HDDM_A,0.8815560526969923,0.1567635239998708,0,5.0,0.0,0.0,5.0,0.0,0.0,,0.0,0.0,1.0,,,inf,31071.0,,,0.0,31071.0,hyperplane_gauss,49276,13,0.3436545214150101,0.06349846422672271,5,virtual,incremental,1441,0.23458870351314542,0.8408842772245408,True,medium,slow,virtual/incremental/K=5/recurring/medium/slow/partial/imbalanced/noisy,0.0,-0.0
scn-8b8c13c22f53,683175912,HDDM_W,0.8815560526969923,0.16750571300008232,0,5.0,0.0,0.0,5.0,0.0,0.0,,0.0,0.0,1.0,,,inf,31071.0,,,0.0,31071.0,hyperplane_gauss,49276,13,0.3436545214150101,0.06349846422672271,5,virtual,incremental,1441,0.23458870351314542,0.8408842772245408,True,medium,slow,virtual/incremental/K=5/recurring/medium/slow/partial/imbalanced/noisy,0.0,-0.0
scn-8b8c13c22f53,683175912,FHDDM,0.8815560526969923,0.06006185500018546,0,5.0,0.0,0.0,5.0,0.0,0.0,,0.0,0.0,1.0,,,inf,31071.0,,,0.0,31071.0,hyperplane_gauss,49276,13,0.3436545214150101,0.06349846422672271,5,virtual,incremental,1441,0.23458870351314542,0.8408842772245408,True,medium,slow,virtual/incremental/K=5/recurring/medium/slow/partial/imbalanced/noisy,0.0,-0.0
scn-8b8c13c22f53,683175912,NoDrift,0.8815560526969923,0.0444662969998717,0,5.0,0.0,0.0,5.0,0.0,0.0,,0.0,0.0,1.0,,,inf,31071.0,,,0.0,31071.0,hyperplane_gauss,49276,13,0.3436545214150101,0.06349846422672271,5,virtual,incremental,1441,0.23458870351314542,0.8408842772245408,True,medium,slow,virtual/incremental/K=5/recurring/medium/slow/partial/imbalanced/noisy,0.0,-0.0
scn-8b8c13c22f53,683175912,Periodic(2000),0.8815560526969923,0.04657379399986894,0,5.0,24.0,5.0,0.0,16.0,3.0,0.20833333333333334,1.0,0.3448275862068966,0.0,1183.0,1238.0,1941.9375,1941.9375,1.6415363482671175,1.6415363482671175,0.51494963148917,31071.0,hyperplane_gauss,49276,13,0.3436545214150101,0.06349846422672271,5,virtual,incremental,1441,0.23458870351314542,0.8408842772245408,True,medium,slow,virtual/incremental/K=5/recurring/medium/slow/partial/imbalanced/noisy,0.0,-0.0
scn-8b8c13c22f53,683175912,Oracle,0.8815560526969923,0.04580438900029549,0,5.0,5.0,5.0,0.0,0.0,0.0,1.0,1.0,1.0,0.0,721.0,721.0,inf,31071.0,inf,43.094313453536756,0.0,31071.0,hyperplane_gauss,49276,13,0.3436545214150101,0.06349846422672271,5,virtual,incremental,1441,0.23458870351314542,0.8408842772245408,True,medium,slow,virtual/incremental/K=5/recurring/medium/slow/partial/imbalanced/noisy,0.0,-0.0
scn-3d6e781fbb6c,1420187911,ADWIN,0.7294201135442011,0.006875290000152745,0,2.0,0.0,0.0,2.0,0.0,0.0,,0.0,0.0,1.0,,,inf,5864.0,,,0.0,5864.0,hyperplane_gauss,10864,2,0.06967820371501149,0.25873287515714766,2,prior,sudden,0,0.4301335996389389,1.0,False,high,abrupt,prior/sudden/K=2/high/abrupt/n/a/imbalanced/noisy,0.0,-0.0
scn-3d6e781fbb6c,1420187911,PageHinkley,0.7294201135442011,0.009783803000118496,0,2.0,0.0,0.0,2.0,0.0,0.0,,0.0,0.0,1.0,,,inf,5864.0,,,0.0,5864.0,hyperplane_gauss,10864,2,0.06967820371501149,0.25873287515714766,2,prior,sudden,0,0.4301335996389389,1.0,False,high,abrupt,prior/sudden/K=2/high/abrupt/n/a/imbalanced/noisy,0.0,-0.0
scn-3d6e781fbb6c,1420187911,PageHinkley-up,0.7294201135442011,0.010002154000176233,0,2.0,0.0,0.0,2.0,0.0,0.0,,0.0,0.0,1.0,,,inf,5864.0,,,0.0,5864.0,hyperplane_gauss,10864,2,0.06967820371501149,0.25873287515714766,2,prior,sudden,0,0.4301335996389389,1.0,False,high,abrupt,prior/sudden/K=2/high/abrupt/n/a/imbalanced/noisy,0.0,-0.0
scn-3d6e781fbb6c,1420187911,DDM,0.7294201135442011,0.009540684999592486,0,2.0,0.0,0.0,2.0,0.0,0.0,,0.0,0.0,1.0,,,inf,5864.0,,,0.0,5864.0,hyperplane_gauss,10864,2,0.06967820371501149,0.25873287515714766,2,prior,sudden,0,0.4301335996389389,1.0,False,high,abrupt,prior/sudden/K=2/high/abrupt/n/a/imbalanced/noisy,0.0,-0.0
scn-3d6e781fbb6c,1420187911,EDDM,0.7294201135442011,0.008035430000290944,0,2.0,5.0,1.0,1.0,4.0,0.0,0.2,0.5,0.28571428571428575,0.5,10.0,10.0,1466.0,1466.0,73.3,73.3,0.6821282401091405,5864.0,hyperplane_gauss,10864,2,0.06967820371501149,0.25873287515714766,2,prior,sudden,0,0.4301335996389389,1.0,False,high,abrupt,prior/sudden/K=2/high/abrupt/n/a/imbalanced/noisy,0.0,-0.0
scn-3d6e781fbb6c,1420187911,HDDM_A,0.7294201135442011,0.0324282490000769,0,2.0,1.0,1.0,1.0,0.0,0.0,1.0,0.5,0.6666666666666666,0.5,666.0,666.0,inf,5864.0,inf,4.402402402402402,0.0,5864.0,hyperplane_gauss,10864,2,0.06967820371501149,0.25873287515714766,2,prior,sudden,0,0.4301335996389389,1.0,False,high,abrupt,prior/sudden/K=2/high/abrupt/n/a/imbalanced/noisy,0.0,-0.0
scn-3d6e781fbb6c,1420187911,HDDM_W,0.7294201135442011,0.03816950199961866,0,2.0,7.0,2.0,0.0,3.0,2.0,0.2857142857142857,1.0,0.4444444444444445,0.0,310.5,310.5,1954.6666666666667,1954.6666666666667,6.295222758990875,6.295222758990875,0.5115961800818554,5864.0,hyperplane_gauss,10864,2,0.06967820371501149,0.25873287515714766,2,prior,sudden,0,0.4301335996389389,1.0,False,high,abrupt,prior/sudden/K=2/high/abrupt/n/a/imbalanced/noisy,0.0,-0.0
scn-3d6e781fbb6c,1420187911,FHDDM,0.7294201135442011,0.008083009000074526,0,2.0,2.0,2.0,0.0,0.0,0.0,1.0,1.0,1.0,0.0,334.0,334.0,inf,5864.0,inf,17.55688622754491,0.0,5864.0,hyperplane_gauss,10864,2,0.06967820371501149,0.25873287515714766,2,prior,sudden,0,0.4301335996389389,1.0,False,high,abrupt,prior/sudden/K=2/high/abrupt/n/a/imbalanced/noisy,0.0,-0.0
scn-3d6e781fbb6c,1420187911,NoDrift,0.7294201135442011,0.004639256999780628,0,2.0,0.0,0.0,2.0,0.0,0.0,,0.0,0.0,1.0,,,inf,5864.0,,,0.0,5864.0,hyperplane_gauss,10864,2,0.06967820371501149,0.25873287515714766,2,prior,sudden,0,0.4301335996389389,1.0,False,high,abrupt,prior/sudden/K=2/high/abrupt/n/a/imbalanced/noisy,0.0,-0.0
scn-3d6e781fbb6c,1420187911,Periodic(2000),0.7294201135442011,0.004715500000202155,0,2.0,4.0,2.0,0.0,2.0,0.0,0.5,1.0,0.6666666666666666,0.0,1068.0,1068.0,2932.0,2932.0,2.745318352059925,2.745318352059925,0.34106412005457026,5864.0,hyperplane_gauss,10864,2,0.06967820371501149,0.25873287515714766,2,prior,sudden,0,0.4301335996389389,1.0,False,high,abrupt,prior/sudden/K=2/high/abrupt/n/a/imbalanced/noisy,0.0,-0.0
scn-3d6e781fbb6c,1420187911,Oracle,0.7294201135442011,0.004886049000106141,0,2.0,2.0,2.0,0.0,0.0,0.0,1.0,1.0,1.0,0.0,1.0,1.0,inf,5864.0,inf,5864.0,0.0,5864.0,hyperplane_gauss,10864,2,0.06967820371501149,0.25873287515714766,2,prior,sudden,0,0.4301335996389389,1.0,False,high,abrupt,prior/sudden/K=2/high/abrupt/n/a/imbalanced/noisy,0.0,-0.0
scn-3d6e781fbb6c,1420187912,ADWIN,0.7171532846715328,0.0069550959997286554,0,2.0,1.0,1.0,1.0,0.0,0.0,1.0,0.5,0.6666666666666666,0.5,326.0,326.0,inf,5864.0,inf,8.993865030674847,0.0,5864.0,hyperplane_gauss,10864,2,0.06967820371501149,0.25873287515714766,2,prior,sudden,0,0.4301335996389389,1.0,False,high,abrupt,prior/sudden/K=2/high/abrupt/n/a/imbalanced/noisy,0.0,-0.0
scn-3d6e781fbb6c,1420187912,PageHinkley,0.7171532846715328,0.00923565899984169,0,2.0,1.0,1.0,1.0,0.0,0.0,1.0,0.5,0.6666666666666666,0.5,373.0,373.0,inf,5864.0,inf,7.86058981233244,0.0,5864.0,hyperplane_gauss,10864,2,0.06967820371501149,0.25873287515714766,2,prior,sudden,0,0.4301335996389389,1.0,False,high,abrupt,prior/sudden/K=2/high/abrupt/n/a/imbalanced/noisy,0.0,-0.0
scn-3d6e781fbb6c,1420187912,PageHinkley-up,0.7171532846715328,0.00919954199980566,0,2.0,1.0,1.0,1.0,0.0,0.0,1.0,0.5,0.6666666666666666,0.5,373.0,373.0,inf,5864.0,inf,7.86058981233244,0.0,5864.0,hyperplane_gauss,10864,2,0.06967820371501149,0.25873287515714766,2,prior,sudden,0,0.4301335996389389,1.0,False,high,abrupt,prior/sudden/K=2/high/abrupt/n/a/imbalanced/noisy,0.0,-0.0
scn-3d6e781fbb6c,1420187912,DDM,0.7171532846715328,0.008935812000345322,0,2.0,0.0,0.0,2.0,0.0,0.0,,0.0,0.0,1.0,,,inf,5864.0,,,0.0,5864.0,hyperplane_gauss,10864,2,0.06967820371501149,0.25873287515714766,2,prior,sudden,0,0.4301335996389389,1.0,False,high,abrupt,prior/sudden/K=2/high/abrupt/n/a/imbalanced/noisy,0.0,-0.0
scn-3d6e781fbb6c,1420187912,EDDM,0.7171532846715328,0.00801409199993941,0,2.0,13.0,1.0,1.0,6.0,6.0,0.07692307692307693,0.5,0.13333333333333336,0.5,94.0,94.0,977.3333333333334,977.3333333333334,5.198581560283688,5.198581560283688,1.0231923601637107,5864.0,hyperplane_gauss,10864,2,0.06967820371501149,0.25873287515714766,2,prior,sudden,0,0.4301335996389389,1.0,False,high,abrupt,prior/sudden/K=2/high/abrupt/n/a/imbalanced/noisy,0.0,-0.0
scn-3d6e781fbb6c,1420187912,HDDM_A,0.7171532846715328,0.034313728000142873,0,2.0,1.0,1.0,1.0,0.0,0.0,1.0,0.5,0.6666666666666666,0.5,91.0,91.0,inf,5864.0,inf,32.21978021978022,0.0,5864.0,hyperplane_gauss,10864,2,0.06967820371501149,0.25873287515714766,2,prior,sudden,0,0.4301335996389389,1.0,False,high,abrupt,prior/sudden/K=2/high/abrupt/n/a/imbalanced/noisy,0.0,-0.0
scn-3d6e781fbb6c,1420187912,HDDM_W,0.7171532846715328,0.03358312499995009,0,2.0,3.0,1.0,1.0,2.0,0.0,0.3333333333333333,0.5,0.4,0.5,55.0,55.0,2932.0,2932.0,26.654545454545456,26.654545454545456,0.34106412005457026,5864.0,hyperplane_gauss,10864,2,0.06967820371501149,0.25873287515714766,2,prior,sudden,0,0.4301335996389389,1.0,False,high,abrupt,prior/sudden/K=2/high/abrupt/n/a/imbalanced/noisy,0.0,-0.0
scn-3d6e781fbb6c,1420187912,FHDDM,0.7171532846715328,0.00795709399972111,0,2.0,2.0,1.0,1.0,1.0,0.0,0.5,0.5,0.5,0.5,100.0,100.0,5864.0,5864.0,29.32,29.32,0.17053206002728513,5864.0,hyperplane_gauss,10864,2,0.06967820371501149,0.25873287515714766,2,prior,sudden,0,0.4301335996389389,1.0,False,high,abrupt,prior/sudden/K=2/high/abrupt/n/a/imbalanced/noisy,0.0,-0.0
scn-3d6e781fbb6c,1420187912,NoDrift,0.7171532846715328,0.004757659000006242,0,2.0,0.0,0.0,2.0,0.0,0.0,,0.0,0.0,1.0,,,inf,5864.0,,,0.0,5864.0,hyperplane_gauss,10864,2,0.06967820371501149,0.25873287515714766,2,prior,sudden,0,0.4301335996389389,1.0,False,high,abrupt,prior/sudden/K=2/high/abrupt/n/a/imbalanced/noisy,0.0,-0.0
scn-3d6e781fbb6c,1420187912,Periodic(2000),0.7171532846715328,0.004689442999733728,0,2.0,4.0,2.0,0.0,2.0,0.0,0.5,1.0,0.6666666666666666,0.0,1068.0,1068.0,2932.0,2932.0,2.745318352059925,2.745318352059925,0.34106412005457026,5864.0,hyperplane_gauss,10864,2,0.06967820371501149,0.25873287515714766,2,prior,sudden,0,0.4301335996389389,1.0,False,high,abrupt,prior/sudden/K=2/high/abrupt/n/a/imbalanced/noisy,0.0,-0.0
scn-3d6e781fbb6c,1420187912,Oracle,0.7171532846715328,0.004928987999846868,0,2.0,2.0,2.0,0.0,0.0,0.0,1.0,1.0,1.0,0.0,1.0,1.0,inf,5864.0,inf,5864.0,0.0,5864.0,hyperplane_gauss,10864,2,0.06967820371501149,0.25873287515714766,2,prior,sudden,0,0.4301335996389389,1.0,False,high,abrupt,prior/sudden/K=2/high/abrupt/n/a/imbalanced/noisy,0.0,-0.0
scn-3d6e781fbb6c,1420187913,ADWIN,0.7283049472830495,0.007604806000017561,0,2.0,0.0,0.0,2.0,0.0,0.0,,0.0,0.0,1.0,,,inf,5864.0,,,0.0,5864.0,hyperplane_gauss,10864,2,0.06967820371501149,0.25873287515714766,2,prior,sudden,0,0.4301335996389389,1.0,False,high,abrupt,prior/sudden/K=2/high/abrupt/n/a/imbalanced/noisy,0.0,-0.0
scn-3d6e781fbb6c,1420187913,PageHinkley,0.7283049472830495,0.009496812000179489,0,2.0,1.0,0.0,2.0,1.0,0.0,0.0,0.0,0.0,1.0,,,5864.0,5864.0,,,0.17053206002728513,5864.0,hyperplane_gauss,10864,2,0.06967820371501149,0.25873287515714766,2,prior,sudden,0,0.4301335996389389,1.0,False,high,abrupt,prior/sudden/K=2/high/abrupt/n/a/imbalanced/noisy,0.0,-0.0
scn-3d6e781fbb6c,1420187913,PageHinkley-up,0.7283049472830495,0.009310312000252452,0,2.0,0.0,0.0,2.0,0.0,0.0,,0.0,0.0,1.0,,,inf,5864.0,,,0.0,5864.0,hyperplane_gauss,10864,2,0.06967820371501149,0.25873287515714766,2,prior,sudden,0,0.4301335996389389,1.0,False,high,abrupt,prior/sudden/K=2/high/abrupt/n/a/imbalanced/noisy,0.0,-0.0
scn-3d6e781fbb6c,1420187913,DDM,0.7283049472830495,0.009311811000316084,0,2.0,0.0,0.0,2.0,0.0,0.0,,0.0,0.0,1.0,,,inf,5864.0,,,0.0,5864.0,hyperplane_gauss,10864,2,0.06967820371501149,0.25873287515714766,2,prior,sudden,0,0.4301335996389389,1.0,False,high,abrupt,prior/sudden/K=2/high/abrupt/n/a/imbalanced/noisy,0.0,-0.0
scn-3d6e781fbb6c,1420187913,EDDM,0.7283049472830495,0.008134968999911507,0,2.0,9.0,0.0,2.0,9.0,0.0,0.0,0.0,0.0,1.0,,,651.5555555555555,651.5555555555555,,,1.534788540245566,5864.0,hyperplane_gauss,10864,2,0.06967820371501149,0.25873287515714766,2,prior,sudden,0,0.4301335996389389,1.0,False,high,abrupt,prior/sudden/K=2/high/abrupt/n/a/imbalanced/noisy,0.0,-0.0
scn-3d6e781fbb6c,1420187913,HDDM_A,0.7283049472830495,0.03027849599993715,0,2.0,0.0,0.0,2.0,0.0,0.0,,0.0,0.0,1.0,,,inf,5864.0,,,0.0,5864.0,hyperplane_gauss,10864,2,0.06967820371501149,0.25873287515714766,2,prior,sudden,0,0.4301335996389389,1.0,False,high,abrupt,prior/sudden/K=2/high/abrupt/n/a/imbalanced/noisy,0.0,-0.0
scn-3d6e781fbb6c,1420187913,HDDM_W,0.7283049472830495,0.031700701999852754,0,2.0,2.0,0.0,2.0,2.0,0.0,0.0,0.0,0.0,1.0,,,2932.0,2932.0,,,0.34106412005457026,5864.0,hyperplane_gauss,10864,2,0.06967820371501149,0.25873287515714766,2,prior,sudden,0,0.4301335996389389,1.0,False,high,abrupt,prior/sudden/K=2/high/abrupt/n/a/imbalanced/noisy,0.0,-0.0
scn-3d6e781fbb6c,1420187913,FHDDM,0.7283049472830495,0.007703783000124531,0,2.0,1.0,0.0,2.0,1.0,0.0,0.0,0.0,0.0,1.0,,,5864.0,5864.0,,,0.17053206002728513,5864.0,hyperplane_gauss,10864,2,0.06967820371501149,0.25873287515714766,2,prior,sudden,0,0.4301335996389389,1.0,False,high,abrupt,prior/sudden/K=2/high/abrupt/n/a/imbalanced/noisy,0.0,-0.0
scn-3d6e781fbb6c,1420187913,NoDrift,0.7283049472830495,0.004500402999838116,0,2.0,0.0,0.0,2.0,0.0,0.0,,0.0,0.0,1.0,,,inf,5864.0,,,0.0,5864.0,hyperplane_gauss,10864,2,0.06967820371501149,0.25873287515714766,2,prior,sudden,0,0.4301335996389389,1.0,False,high,abrupt,prior/sudden/K=2/high/abrupt/n/a/imbalanced/noisy,0.0,-0.0
scn-3d6e781fbb6c,1420187913,Periodic(2000),0.7283049472830495,0.004697312000189413,0,2.0,4.0,2.0,0.0,2.0,0.0,0.5,1.0,0.6666666666666666,0.0,1068.0,1068.0,2932.0,2932.0,2.745318352059925,2.745318352059925,0.34106412005457026,5864.0,hyperplane_gauss,10864,2,0.06967820371501149,0.25873287515714766,2,prior,sudden,0,0.4301335996389389,1.0,False,high,abrupt,prior/sudden/K=2/high/abrupt/n/a/imbalanced/noisy,0.0,-0.0
scn-3d6e781fbb6c,1420187913,Oracle,0.7283049472830495,0.00483588699989923,0,2.0,2.0,2.0,0.0,0.0,0.0,1.0,1.0,1.0,0.0,1.0,1.0,inf,5864.0,inf,5864.0,0.0,5864.0,hyperplane_gauss,10864,2,0.06967820371501149,0.25873287515714766,2,prior,sudden,0,0.4301335996389389,1.0,False,high,abrupt,prior/sudden/K=2/high/abrupt/n/a/imbalanced/noisy,0.0,-0.0
scn-8f0ef67b8b61,2097144021,ADWIN,0.836901645474944,0.044416337000257045,0,1.0,0.0,0.0,1.0,0.0,0.0,,0.0,0.0,1.0,,,inf,19172.0,,,0.0,19172.0,hyperplane_gauss,22392,29,0.4968403967563063,0.1375269410200417,1,virtual,gradual,220,0.33107378691434863,0.20778309255838395,False,high,fast,virtual/gradual/K=1/high/fast/partial/balanced/noisy,0.0,-0.0
scn-8f0ef67b8b61,2097144021,PageHinkley,0.836901645474944,0.049557589999949414,0,1.0,1.0,0.0,1.0,1.0,0.0,0.0,0.0,0.0,1.0,,,19172.0,19172.0,,,0.0521593991237221,19172.0,hyperplane_gauss,22392,29,0.4968403967563063,0.1375269410200417,1,virtual,gradual,220,0.33107378691434863,0.20778309255838395,False,high,fast,virtual/gradual/K=1/high/fast/partial/balanced/noisy,0.0,-0.0
scn-8f0ef67b8b61,2097144021,PageHinkley-up,0.836901645474944,0.04933099000027141,0,1.0,0.0,0.0,1.0,0.0,0.0,,0.0,0.0,1.0,,,inf,19172.0,,,0.0,19172.0,hyperplane_gauss,22392,29,0.4968403967563063,0.1375269410200417,1,virtual,gradual,220,0.33107378691434863,0.20778309255838395,False,high,fast,virtual/gradual/K=1/high/fast/partial/balanced/noisy,0.0,-0.0
scn-8f0ef67b8b61,2097144021,DDM,0.836901645474944,0.05014944100003049,0,1.0,1.0,0.0,1.0,1.0,0.0,0.0,0.0,0.0,1.0,,,19172.0,19172.0,,,0.0521593991237221,19172.0,hyperplane_gauss,22392,29,0.4968403967563063,0.1375269410200417,1,virtual,gradual,220,0.33107378691434863,0.20778309255838395,False,high,fast,virtual/gradual/K=1/high/fast/partial/balanced/noisy,0.0,-0.0
scn-8f0ef67b8b61,2097144021,EDDM,0.836901645474944,0.04664558200011015,0,1.0,1.0,0.0,1.0,1.0,0.0,0.0,0.0,0.0,1.0,,,19172.0,19172.0,,,0.0521593991237221,19172.0,hyperplane_gauss,22392,29,0.4968403967563063,0.1375269410200417,1,virtual,gradual,220,0.33107378691434863,0.20778309255838395,False,high,fast,virtual/gradual/K=1/high/fast/partial/balanced/noisy,0.0,-0.0
scn-8f0ef67b8b61,2097144021,HDDM_A,0.836901645474944,0.10169772800009014,0,1.0,0.0,0.0,1.0,0.0,0.0,,0.0,0.0,1.0,,,inf,19172.0,,,0.0,19172.0,hyperplane_gauss,22392,29,0.4968403967563063,0.1375269410200417,1,virtual,gradual,220,0.33107378691434863,0.20778309255838395,False,high,fast,virtual/gradual/K=1/high/fast/partial/balanced/noisy,0.0,-0.0
scn-8f0ef67b8b61,2097144021,HDDM_W,0.836901645474944,0.09218353500000376,0,1.0,0.0,0.0,1.0,0.0,0.0,,0.0,0.0,1.0,,,inf,19172.0,,,0.0,19172.0,hyperplane_gauss,22392,29,0.4968403967563063,0.1375269410200417,1,virtual,gradual,220,0.33107378691434863,0.20778309255838395,False,high,fast,virtual/gradual/K=1/high/fast/partial/balanced/noisy,0.0,-0.0
scn-8f0ef67b8b61,2097144021,FHDDM,0.836901645474944,0.04710315400006948,0,1.0,0.0,0.0,1.0,0.0,0.0,,0.0,0.0,1.0,,,inf,19172.0,,,0.0,19172.0,hyperplane_gauss,22392,29,0.4968403967563063,0.1375269410200417,1,virtual,gradual,220,0.33107378691434863,0.20778309255838395,False,high,fast,virtual/gradual/K=1/high/fast/partial/balanced/noisy,0.0,-0.0
scn-8f0ef67b8b61,2097144021,NoDrift,0.836901645474944,0.039853263000168226,0,1.0,0.0,0.0,1.0,0.0,0.0,,0.0,0.0,1.0,,,inf,19172.0,,,0.0,19172.0,hyperplane_gauss,22392,29,0.4968403967563063,0.1375269410200417,1,virtual,gradual,220,0.33107378691434863,0.20778309255838395,False,high,fast,virtual/gradual/K=1/high/fast/partial/balanced/noisy,0.0,-0.0
scn-8f0ef67b8b61,2097144021,Periodic(2000),0.836901645474944,0.040395155000169325,0,1.0,10.0,1.0,0.0,9.0,0.0,0.1,1.0,0.18181818181818182,0.0,414.0,414.0,2130.222222222222,2130.222222222222,5.1454643048845945,5.1454643048845945,0.46943459211349886,19172.0,hyperplane_gauss,22392,29,0.4968403967563063,0.1375269410200417,1,virtual,gradual,220,0.33107378691434863,0.20778309255838395,False,high,fast,virtual/gradual/K=1/high/fast/partial/balanced/noisy,0.0,-0.0
scn-8f0ef67b8b61,2097144021,Oracle,0.836901645474944,0.041151033000005555,0,1.0,1.0,1.0,0.0,0.0,0.0,1.0,1.0,1.0,0.0,111.0,111.0,inf,19172.0,inf,172.72072072072072,0.0,19172.0,hyperplane_gauss,22392,29,0.4968403967563063,0.1375269410200417,1,virtual,gradual,220,0.33107378691434863,0.20778309255838395,False,high,fast,virtual/gradual/K=1/high/fast/partial/balanced/noisy,0.0,-0.0
scn-8f0ef67b8b61,2097144022,ADWIN,0.8296559461480928,0.04303670199988119,0,1.0,0.0,0.0,1.0,0.0,0.0,,0.0,0.0,1.0,,,inf,19172.0,,,0.0,19172.0,hyperplane_gauss,22392,29,0.4968403967563063,0.1375269410200417,1,virtual,gradual,220,0.33107378691434863,0.20778309255838395,False,high,fast,virtual/gradual/K=1/high/fast/partial/balanced/noisy,0.0,-0.0
scn-8f0ef67b8b61,2097144022,PageHinkley,0.8296559461480928,0.05059300799985067,0,1.0,2.0,0.0,1.0,2.0,0.0,0.0,0.0,0.0,1.0,,,9586.0,9586.0,,,0.1043187982474442,19172.0,hyperplane_gauss,22392,29,0.4968403967563063,0.1375269410200417,1,virtual,gradual,220,0.33107378691434863,0.20778309255838395,False,high,fast,virtual/gradual/K=1/high/fast/partial/balanced/noisy,0.0,-0.0
scn-8f0ef67b8b61,2097144022,PageHinkley-up,0.8296559461480928,0.04996471200001906,0,1.0,0.0,0.0,1.0,0.0,0.0,,0.0,0.0,1.0,,,inf,19172.0,,,0.0,19172.0,hyperplane_gauss,22392,29,0.4968403967563063,0.1375269410200417,1,virtual,gradual,220,0.33107378691434863,0.20778309255838395,False,high,fast,virtual/gradual/K=1/high/fast/partial/balanced/noisy,0.0,-0.0
scn-8f0ef67b8b61,2097144022,DDM,0.8296559461480928,0.05105610999999044,0,1.0,0.0,0.0,1.0,0.0,0.0,,0.0,0.0,1.0,,,inf,19172.0,,,0.0,19172.0,hyperplane_gauss,22392,29,0.4968403967563063,0.1375269410200417,1,virtual,gradual,220,0.33107378691434863,0.20778309255838395,False,high,fast,virtual/gradual/K=1/high/fast/partial/balanced/noisy,0.0,-0.0
scn-8f0ef67b8b61,2097144022,EDDM,0.8296559461480928,0.04544880200000989,0,1.0,30.0,0.0,1.0,30.0,0.0,0.0,0.0,0.0,1.0,,,639.0666666666667,639.0666666666667,,,1.5647819737116628,19172.0,hyperplane_gauss,22392,29,0.4968403967563063,0.1375269410200417,1,virtual,gradual,220,0.33107378691434863,0.20778309255838395,False,high,fast,virtual/gradual/K=1/high/fast/partial/balanced/noisy,0.0,-0.0
scn-8f0ef67b8b61,2097144022,HDDM_A,0.8296559461480928,0.09904829700008122,0,1.0,0.0,0.0,1.0,0.0,0.0,,0.0,0.0,1.0,,,inf,19172.0,,,0.0,19172.0,hyperplane_gauss,22392,29,0.4968403967563063,0.1375269410200417,1,virtual,gradual,220,0.33107378691434863,0.20778309255838395,False,high,fast,virtual/gradual/K=1/high/fast/partial/balanced/noisy,0.0,-0.0
scn-8f0ef67b8b61,2097144022,HDDM_W,0.8296559461480928,0.0939004130000285,0,1.0,0.0,0.0,1.0,0.0,0.0,,0.0,0.0,1.0,,,inf,19172.0,,,0.0,19172.0,hyperplane_gauss,22392,29,0.4968403967563063,0.1375269410200417,1,virtual,gradual,220,0.33107378691434863,0.20778309255838395,False,high,fast,virtual/gradual/K=1/high/fast/partial/balanced/noisy,0.0,-0.0
scn-8f0ef67b8b61,2097144022,FHDDM,0.8296559461480928,0.04813693100004457,0,1.0,0.0,0.0,1.0,0.0,0.0,,0.0,0.0,1.0,,,inf,19172.0,,,0.0,19172.0,hyperplane_gauss,22392,29,0.4968403967563063,0.1375269410200417,1,virtual,gradual,220,0.33107378691434863,0.20778309255838395,False,high,fast,virtual/gradual/K=1/high/fast/partial/balanced/noisy,0.0,-0.0
scn-8f0ef67b8b61,2097144022,NoDrift,0.8296559461480928,0.04090998599986051,0,1.0,0.0,0.0,1.0,0.0,0.0,,0.0,0.0,1.0,,,inf,19172.0,,,0.0,19172.0,hyperplane_gauss,22392,29,0.4968403967563063,0.1375269410200417,1,virtual,gradual,220,0.33107378691434863,0.20778309255838395,False,high,fast,virtual/gradual/K=1/high/fast/partial/balanced/noisy,0.0,-0.0
scn-8f0ef67b8b61,2097144022,Periodic(2000),0.8296559461480928,0.04278467599988289,0,1.0,10.0,1.0,0.0,9.0,0.0,0.1,1.0,0.18181818181818182,0.0,414.0,414.0,2130.222222222222,2130.222222222222,5.1454643048845945,5.1454643048845945,0.46943459211349886,19172.0,hyperplane_gauss,22392,29,0.4968403967563063,0.1375269410200417,1,virtual,gradual,220,0.33107378691434863,0.20778309255838395,False,high,fast,virtual/gradual/K=1/high/fast/partial/balanced/noisy,0.0,-0.0
scn-8f0ef67b8b61,2097144022,Oracle,0.8296559461480928,0.04080692900015492,0,1.0,1.0,1.0,0.0,0.0,0.0,1.0,1.0,1.0,0.0,111.0,111.0,inf,19172.0,inf,172.72072072072072,0.0,19172.0,hyperplane_gauss,22392,29,0.4968403967563063,0.1375269410200417,1,virtual,gradual,220,0.33107378691434863,0.20778309255838395,False,high,fast,virtual/gradual/K=1/high/fast/partial/balanced/noisy,0.0,-0.0
scn-8f0ef67b8b61,2097144023,ADWIN,0.831338818249813,0.043990884000322694,0,1.0,0.0,0.0,1.0,0.0,0.0,,0.0,0.0,1.0,,,inf,19172.0,,,0.0,19172.0,hyperplane_gauss,22392,29,0.4968403967563063,0.1375269410200417,1,virtual,gradual,220,0.33107378691434863,0.20778309255838395,False,high,fast,virtual/gradual/K=1/high/fast/partial/balanced/noisy,0.0,-0.0
scn-8f0ef67b8b61,2097144023,PageHinkley,0.831338818249813,0.04941081299966754,0,1.0,1.0,0.0,1.0,1.0,0.0,0.0,0.0,0.0,1.0,,,19172.0,19172.0,,,0.0521593991237221,19172.0,hyperplane_gauss,22392,29,0.4968403967563063,0.1375269410200417,1,virtual,gradual,220,0.33107378691434863,0.20778309255838395,False,high,fast,virtual/gradual/K=1/high/fast/partial/balanced/noisy,0.0,-0.0
scn-8f0ef67b8b61,2097144023,PageHinkley-up,0.831338818249813,0.05071120200000223,0,1.0,0.0,0.0,1.0,0.0,0.0,,0.0,0.0,1.0,,,inf,19172.0,,,0.0,19172.0,hyperplane_gauss,22392,29,0.4968403967563063,0.1375269410200417,1,virtual,gradual,220,0.33107378691434863,0.20778309255838395,False,high,fast,virtual/gradual/K=1/high/fast/partial/balanced/noisy,0.0,-0.0
scn-8f0ef67b8b61,2097144023,DDM,0.831338818249813,0.049906980999821826,0,1.0,0.0,0.0,1.0,0.0,0.0,,0.0,0.0,1.0,,,inf,19172.0,,,0.0,19172.0,hyperplane_gauss,22392,29,0.4968403967563063,0.1375269410200417,1,virtual,gradual,220,0.33107378691434863,0.20778309255838395,False,high,fast,virtual/gradual/K=1/high/fast/partial/balanced/noisy,0.0,-0.0
scn-8f0ef67b8b61,2097144023,EDDM,0.831338818249813,0.046318975999838585,0,1.0,61.0,1.0,0.0,52.0,8.0,0.01639344262295082,1.0,0.03225806451612903,0.0,129.0,129.0,368.6923076923077,368.6923076923077,2.8580799045915324,2.8580799045915324,2.712288754433549,19172.0,hyperplane_gauss,22392,29,0.4968403967563063,0.1375269410200417,1,virtual,gradual,220,0.33107378691434863,0.20778309255838395,False,high,fast,virtual/gradual/K=1/high/fast/partial/balanced/noisy,0.0,-0.0
scn-8f0ef67b8b61,2097144023,HDDM_A,0.831338818249813,0.10347794300014357,0,1.0,1.0,0.0,1.0,1.0,0.0,0.0,0.0,0.0,1.0,,,19172.0,19172.0,,,0.0521593991237221,19172.0,hyperplane_gauss,22392,29,0.4968403967563063,0.1375269410200417,1,virtual,gradual,220,0.33107378691434863,0.20778309255838395,False,high,fast,virtual/gradual/K=1/high/fast/partial/balanced/noisy,0.0,-0.0
scn-8f0ef67b8b61,2097144023,HDDM_W,0.831338818249813,0.09880918299995756,0,1.0,0.0,0.0,1.0,0.0,0.0,,0.0,0.0,1.0,,,inf,19172.0,,,0.0,19172.0,hyperplane_gauss,22392,29,0.4968403967563063,0.1375269410200417,1,virtual,gradual,220,0.33107378691434863,0.20778309255838395,False,high,fast,virtual/gradual/K=1/high/fast/partial/balanced/noisy,0.0,-0.0
scn-8f0ef67b8b61,2097144023,FHDDM,0.831338818249813,0.04699141199989754,0,1.0,0.0,0.0,1.0,0.0,0.0,,0.0,0.0,1.0,,,inf,19172.0,,,0.0,19172.0,hyperplane_gauss,22392,29,0.4968403967563063,0.1375269410200417,1,virtual,gradual,220,0.33107378691434863,0.20778309255838395,False,high,fast,virtual/gradual/K=1/high/fast/partial/balanced/noisy,0.0,-0.0
scn-8f0ef67b8b61,2097144023,NoDrift,0.831338818249813,0.039062416999968264,0,1.0,0.0,0.0,1.0,0.0,0.0,,0.0,0.0,1.0,,,inf,19172.0,,,0.0,19172.0,hyperplane_gauss,22392,29,0.4968403967563063,0.1375269410200417,1,virtual,gradual,220,0.33107378691434863,0.20778309255838395,False,high,fast,virtual/gradual/K=1/high/fast/partial/balanced/noisy,0.0,-0.0
scn-8f0ef67b8b61,2097144023,Periodic(2000),0.831338818249813,0.04129243099987434,0,1.0,10.0,1.0,0.0,9.0,0.0,0.1,1.0,0.18181818181818182,0.0,414.0,414.0,2130.222222222222,2130.222222222222,5.1454643048845945,5.1454643048845945,0.46943459211349886,19172.0,hyperplane_gauss,22392,29,0.4968403967563063,0.1375269410200417,1,virtual,gradual,220,0.33107378691434863,0.20778309255838395,False,high,fast,virtual/gradual/K=1/high/fast/partial/balanced/noisy,0.0,-0.0
scn-8f0ef67b8b61,2097144023,Oracle,0.831338818249813,0.040053154000361246,0,1.0,1.0,1.0,0.0,0.0,0.0,1.0,1.0,1.0,0.0,111.0,111.0,inf,19172.0,inf,172.72072072072072,0.0,19172.0,hyperplane_gauss,22392,29,0.4968403967563063,0.1375269410200417,1,virtual,gradual,220,0.33107378691434863,0.20778309255838395,False,high,fast,virtual/gradual/K=1/high/fast/partial/balanced/noisy,0.0,-0.0
scn-d84c659ae652,764606679,ADWIN,0.769469387755102,0.027176553999652242,0,4.0,0.0,0.0,4.0,0.0,0.0,,0.0,0.0,1.0,,,inf,28750.0,,,0.0,28750.0,hyperplane_gauss,37750,4,0.19422677713446318,0.18719464614987372,4,real,sudden,0,0.038159898954098485,0.815848283469677,True,low,abrupt,real/sudden/K=4/recurring/low/abrupt/partial/imbalanced/noisy,0.0,-0.0
scn-d84c659ae652,764606679,PageHinkley,0.769469387755102,0.037006017999829055,0,4.0,3.0,1.0,3.0,2.0,0.0,0.3333333333333333,0.25,0.28571428571428575,0.75,1056.0,1056.0,14375.0,14375.0,3.4031723484848486,3.4031723484848486,0.06956521739130435,28750.0,hyperplane_gauss,37750,4,0.19422677713446318,0.18719464614987372,4,real,sudden,0,0.038159898954098485,0.815848283469677,True,low,abrupt,real/sudden/K=4/recurring/low/abrupt/partial/imbalanced/noisy,0.0,-0.0
scn-d84c659ae652,764606679,PageHinkley-up,0.769469387755102,0.037250743999720726,0,4.0,2.0,0.0,4.0,2.0,0.0,0.0,0.0,0.0,1.0,,,14375.0,14375.0,,,0.06956521739130435,28750.0,hyperplane_gauss,37750,4,0.19422677713446318,0.18719464614987372,4,real,sudden,0,0.038159898954098485,0.815848283469677,True,low,abrupt,real/sudden/K=4/recurring/low/abrupt/partial/imbalanced/noisy,0.0,-0.0
scn-d84c659ae652,764606679,DDM,0.769469387755102,0.036815080999986094,0,4.0,0.0,0.0,4.0,0.0,0.0,,0.0,0.0,1.0,,,inf,28750.0,,,0.0,28750.0,hyperplane_gauss,37750,4,0.19422677713446318,0.18719464614987372,4,real,sudden,0,0.038159898954098485,0.815848283469677,True,low,abrupt,real/sudden/K=4/recurring/low/abrupt/partial/imbalanced/noisy,0.0,-0.0
scn-d84c659ae652,764606679,EDDM,0.769469387755102,0.031121851000079914,0,4.0,20.0,1.0,3.0,19.0,0.0,0.05,0.25,0.08333333333333334,0.75,196.0,196.0,1513.157894736842,1513.157894736842,1.9300483351235231,1.9300483351235231,0.6608695652173913,28750.0,hyperplane_gauss,37750,4,0.19422677713446318,0.18719464614987372,4,real,sudden,0,0.038159898954098485,0.815848283469677,True,low,abrupt,real/sudden/K=4/recurring/low/abrupt/partial/imbalanced/noisy,0.0,-0.0
scn-d84c659ae652,764606679,HDDM_A,0.769469387755102,0.10267098100030125,0,4.0,0.0,0.0,4.0,0.0,0.0,,0.0,0.0,1.0,,,inf,28750.0,,,0.0,28750.0,hyperplane_gauss,37750,4,0.19422677713446318,0.18719464614987372,4,real,sudden,0,0.038159898954098485,0.815848283469677,True,low,abrupt,real/sudden/K=4/recurring/low/abrupt/partial/imbalanced/noisy,0.0,-0.0
scn-d84c659ae652,764606679,HDDM_W,0.769469387755102,0.1164522300000499,0,4.0,4.0,1.0,3.0,3.0,0.0,0.25,0.25,0.25,0.75,1012.0,1012.0,9583.333333333334,9583.333333333334,2.3674242424242427,2.3674242424242427,0.10434782608695652,28750.0,hyperplane_gauss,37750,4,0.19422677713446318,0.18719464614987372,4,real,sudden,0,0.038159898954098485,0.815848283469677,True,low,abrupt,real/sudden/K=4/recurring/low/abrupt/partial/imbalanced/noisy,0.0,-0.0
scn-d84c659ae652,764606679,FHDDM,0.769469387755102,0.031146049000199127,0,4.0,0.0,0.0,4.0,0.0,0.0,,0.0,0.0,1.0,,,inf,28750.0,,,0.0,28750.0,hyperplane_gauss,37750,4,0.19422677713446318,0.18719464614987372,4,real,sudden,0,0.038159898954098485,0.815848283469677,True,low,abrupt,real/sudden/K=4/recurring/low/abrupt/partial/imbalanced/noisy,0.0,-0.0
scn-d84c659ae652,764606679,NoDrift,0.769469387755102,0.019258574000105,0,4.0,0.0,0.0,4.0,0.0,0.0,,0.0,0.0,1.0,,,inf,28750.0,,,0.0,28750.0,hyperplane_gauss,37750,4,0.19422677713446318,0.18719464614987372,4,real,sudden,0,0.038159898954098485,0.815848283469677,True,low,abrupt,real/sudden/K=4/recurring/low/abrupt/partial/imbalanced/noisy,0.0,-0.0
scn-d84c659ae652,764606679,Periodic(2000),0.769469387755102,0.020357091999812837,0,4.0,18.0,4.0,0.0,14.0,0.0,0.2222222222222222,1.0,0.3636363636363636,0.0,625.5,625.5,2053.5714285714284,2053.5714285714284,3.283087815461916,3.283087815461916,0.48695652173913045,28750.0,hyperplane_gauss,37750,4,0.19422677713446318,0.18719464614987372,4,real,sudden,0,0.038159898954098485,0.815848283469677,True,low,abrupt,real/sudden/K=4/recurring/low/abrupt/partial/imbalanced/noisy,0.0,-0.0
scn-d84c659ae652,764606679,Oracle,0.769469387755102,0.020611388999896008,0,4.0,4.0,4.0,0.0,0.0,0.0,1.0,1.0,1.0,0.0,1.0,1.0,inf,28750.0,inf,28750.0,0.0,28750.0,hyperplane_gauss,37750,4,0.19422677713446318,0.18719464614987372,4,real,sudden,0,0.038159898954098485,0.815848283469677,True,low,abrupt,real/sudden/K=4/recurring/low/abrupt/partial/imbalanced/noisy,0.0,-0.0
scn-d84c659ae652,764606680,ADWIN,0.7710748299319727,0.028074159999960102,0,4.0,0.0,0.0,4.0,0.0,0.0,,0.0,0.0,1.0,,,inf,28750.0,,,0.0,28750.0,hyperplane_gauss,37750,4,0.19422677713446318,0.18719464614987372,4,real,sudden,0,0.038159898954098485,0.815848283469677,True,low,abrupt,real/sudden/K=4/recurring/low/abrupt/partial/imbalanced/noisy,0.0,-0.0
scn-d84c659ae652,764606680,PageHinkley,0.7710748299319727,0.03724606799960384,0,4.0,3.0,0.0,4.0,3.0,0.0,0.0,0.0,0.0,1.0,,,9583.333333333334,9583.333333333334,,,0.10434782608695652,28750.0,hyperplane_gauss,37750,4,0.19422677713446318,0.18719464614987372,4,real,sudden,0,0.038159898954098485,0.815848283469677,True,low,abrupt,real/sudden/K=4/recurring/low/abrupt/partial/imbalanced/noisy,0.0,-0.0
scn-d84c659ae652,764606680,PageHinkley-up,0.7710748299319727,0.03657453499999974,0,4.0,1.0,0.0,4.0,1.0,0.0,0.0,0.0,0.0,1.0,,,28750.0,28750.0,,,0.034782608695652174,28750.0,hyperplane_gauss,37750,4,0.19422677713446318,0.18719464614987372,4,real,sudden,0,0.038159898954098485,0.815848283469677,True,low,abrupt,real/sudden/K=4/recurring/low/abrupt/partial/imbalanced/noisy,0.0,-0.0
scn-d84c659ae652,764606680,DDM,0.7710748299319727,0.036486712000169064,0,4.0,0.0,0.0,4.0,0.0,0.0,,0.0,0.0,1.0,,,inf,28750.0,,,0.0,28750.0,hyperplane_gauss,37750,4,0.19422677713446318,0.18719464614987372,4,real,sudden,0,0.038159898954098485,0.815848283469677,True,low,abrupt,real/sudden/K=4/recurring/low/abrupt/partial/imbalanced/noisy,0.0,-0.0
scn-d84c659ae652,764606680,EDDM,0.7710748299319727,0.031264745999578736,0,4.0,2.0,0.0,4.0,2.0,0.0,0.0,0.0,0.0,1.0,,,14375.0,14375.0,,,0.06956521739130435,28750.0,hyperplane_gauss,37750,4,0.19422677713446318,0.18719464614987372,4,real,sudden,0,0.038159898954098485,0.815848283469677,True,low,abrupt,real/sudden/K=4/recurring/low/abrupt/partial/imbalanced/noisy,0.0,-0.0
scn-d84c659ae652,764606680,HDDM_A,0.7710748299319727,0.10586625400037519,0,4.0,1.0,0.0,4.0,1.0,0.0,0.0,0.0,0.0,1.0,,,28750.0,28750.0,,,0.034782608695652174,28750.0,hyperplane_gauss,37750,4,0.19422677713446318,0.18719464614987372,4,real,sudden,0,0.038159898954098485,0.815848283469677,True,low,abrupt,real/sudden/K=4/recurring/low/abrupt/partial/imbalanced/noisy,0.0,-0.0
scn-d84c659ae652,764606680,HDDM_W,0.7710748299319727,0.1201406830000451,0,4.0,7.0,3.0,1.0,4.0,0.0,0.42857142857142855,0.75,0.5454545454545454,0.25,708.0,618.0,7187.5,7187.5,7.6138771186440675,7.6138771186440675,0.1391304347826087,28750.0,hyperplane_gauss,37750,4,0.19422677713446318,0.18719464614987372,4,real,sudden,0,0.038159898954098485,0.815848283469677,True,low,abrupt,real/sudden/K=4/recurring/low/abrupt/partial/imbalanced/noisy,0.0,-0.0
scn-d84c659ae652,764606680,FHDDM,0.7710748299319727,0.031167224000000715,0,4.0,3.0,2.0,2.0,1.0,0.0,0.6666666666666666,0.5,0.5714285714285715,0.5,992.5,992.5,28750.0,28750.0,14.483627204030226,14.483627204030226,0.034782608695652174,28750.0,hyperplane_gauss,37750,4,0.19422677713446318,0.18719464614987372,4,real,sudden,0,0.038159898954098485,0.815848283469677,True,low,abrupt,real/sudden/K=4/recurring/low/abrupt/partial/imbalanced/noisy,0.0,-0.0
scn-d84c659ae652,764606680,NoDrift,0.7710748299319727,0.01887283899986869,0,4.0,0.0,0.0,4.0,0.0,0.0,,0.0,0.0,1.0,,,inf,28750.0,,,0.0,28750.0,hyperplane_gauss,37750,4,0.19422677713446318,0.18719464614987372,4,real,sudden,0,0.038159898954098485,0.815848283469677,True,low,abrupt,real/sudden/K=4/recurring/low/abrupt/partial/imbalanced/noisy,0.0,-0.0
scn-d84c659ae652,764606680,Periodic(2000),0.7710748299319727,0.020234383000115486,0,4.0,18.0,4.0,0.0,14.0,0.0,0.2222222222222222,1.0,0.3636363636363636,0.0,625.5,625.5,2053.5714285714284,2053.5714285714284,3.283087815461916,3.283087815461916,0.48695652173913045,28750.0,hyperplane_gauss,37750,4,0.19422677713446318,0.18719464614987372,4,real,sudden,0,0.038159898954098485,0.815848283469677,True,low,abrupt,real/sudden/K=4/recurring/low/abrupt/partial/imbalanced/noisy,0.0,-0.0
scn-d84c659ae652,764606680,Oracle,0.7710748299319727,0.020941806999871915,0,4.0,4.0,4.0,0.0,0.0,0.0,1.0,1.0,1.0,0.0,1.0,1.0,inf,28750.0,inf,28750.0,0.0,28750.0,hyperplane_gauss,37750,4,0.19422677713446318,0.18719464614987372,4,real,sudden,0,0.038159898954098485,0.815848283469677,True,low,abrupt,real/sudden/K=4/recurring/low/abrupt/partial/imbalanced/noisy,0.0,-0.0
scn-d84c659ae652,764606681,ADWIN,0.7724353741496599,0.02767290400015554,0,4.0,0.0,0.0,4.0,0.0,0.0,,0.0,0.0,1.0,,,inf,28750.0,,,0.0,28750.0,hyperplane_gauss,37750,4,0.19422677713446318,0.18719464614987372,4,real,sudden,0,0.038159898954098485,0.815848283469677,True,low,abrupt,real/sudden/K=4/recurring/low/abrupt/partial/imbalanced/noisy,0.0,-0.0
scn-d84c659ae652,764606681,PageHinkley,0.7724353741496599,0.03802408199999263,0,4.0,4.0,1.0,3.0,3.0,0.0,0.25,0.25,0.25,0.75,452.0,452.0,9583.333333333334,9583.333333333334,5.300516224188791,5.300516224188791,0.10434782608695652,28750.0,hyperplane_gauss,37750,4,0.19422677713446318,0.18719464614987372,4,real,sudden,0,0.038159898954098485,0.815848283469677,True,low,abrupt,real/sudden/K=4/recurring/low/abrupt/partial/imbalanced/noisy,0.0,-0.0
scn-d84c659ae652,764606681,PageHinkley-up,0.7724353741496599,0.0369143630000508,0,4.0,3.0,0.0,4.0,3.0,0.0,0.0,0.0,0.0,1.0,,,9583.333333333334,9583.333333333334,,,0.10434782608695652,28750.0,hyperplane_gauss,37750,4,0.19422677713446318,0.18719464614987372,4,real,sudden,0,0.038159898954098485,0.815848283469677,True,low,abrupt,real/sudden/K=4/recurring/low/abrupt/partial/imbalanced/noisy,0.0,-0.0
scn-d84c659ae652,764606681,DDM,0.7724353741496599,0.03605846400023438,0,4.0,0.0,0.0,4.0,0.0,0.0,,0.0,0.0,1.0,,,inf,28750.0,,,0.0,28750.0,hyperplane_gauss,37750,4,0.19422677713446318,0.18719464614987372,4,real,sudden,0,0.038159898954098485,0.815848283469677,True,low,abrupt,real/sudden/K=4/recurring/low/abrupt/partial/imbalanced/noisy,0.0,-0.0
scn-d84c659ae652,764606681,EDDM,0.7724353741496599,0.03161449299977903,0,4.0,8.0,0.0,4.0,8.0,0.0,0.0,0.0,0.0,1.0,,,3593.75,3593.75,,,0.2782608695652174,28750.0,hyperplane_gauss,37750,4,0.19422677713446318,0.18719464614987372,4,real,sudden,0,0.038159898954098485,0.815848283469677,True,low,abrupt,real/sudden/K=4/recurring/low/abrupt/partial/imbalanced/noisy,0.0,-0.0
scn-d84c659ae652,764606681,HDDM_A,0.7724353741496599,0.0991058280001198,0,4.0,0.0,0.0,4.0,0.0,0.0,,0.0,0.0,1.0,,,inf,28750.0,,,0.0,28750.0,hyperplane_gauss,37750,4,0.19422677713446318,0.18719464614987372,4,real,sudden,0,0.038159898954098485,0.815848283469677,True,low,abrupt,real/sudden/K=4/recurring/low/abrupt/partial/imbalanced/noisy,0.0,-0.0
scn-d84c659ae652,764606681,HDDM_W,0.7724353741496599,0.12114674399981595,0,4.0,7.0,1.0,3.0,6.0,0.0,0.14285714285714285,0.25,0.18181818181818182,0.75,1689.0,1689.0,4791.666666666667,4791.666666666667,0.7092461022301165,0.7092461022301165,0.20869565217391303,28750.0,hyperplane_gauss,37750,4,0.19422677713446318,0.18719464614987372,4,real,sudden,0,0.038159898954098485,0.815848283469677,True,low,abrupt,real/sudden/K=4/recurring/low/abrupt/partial/imbalanced/noisy,0.0,-0.0
scn-d84c659ae652,764606681,FHDDM,0.7724353741496599,0.031597841000348126,0,4.0,2.0,0.0,4.0,2.0,0.0,0.0,0.0,0.0,1.0,,,14375.0,14375.0,,,0.06956521739130435,28750.0,hyperplane_gauss,37750,4,0.19422677713446318,0.18719464614987372,4,real,sudden,0,0.038159898954098485,0.815848283469677,True,low,abrupt,real/sudden/K=4/recurring/low/abrupt/partial/imbalanced/noisy,0.0,-0.0
scn-d84c659ae652,764606681,NoDrift,0.7724353741496599,0.019152615000166406,0,4.0,0.0,0.0,4.0,0.0,0.0,,0.0,0.0,1.0,,,inf,28750.0,,,0.0,28750.0,hyperplane_gauss,37750,4,0.19422677713446318,0.18719464614987372,4,real,sudden,0,0.038159898954098485,0.815848283469677,True,low,abrupt,real/sudden/K=4/recurring/low/abrupt/partial/imbalanced/noisy,0.0,-0.0
scn-d84c659ae652,764606681,Periodic(2000),0.7724353741496599,0.020855168999787566,0,4.0,18.0,4.0,0.0,14.0,0.0,0.2222222222222222,1.0,0.3636363636363636,0.0,625.5,625.5,2053.5714285714284,2053.5714285714284,3.283087815461916,3.283087815461916,0.48695652173913045,28750.0,hyperplane_gauss,37750,4,0.19422677713446318,0.18719464614987372,4,real,sudden,0,0.038159898954098485,0.815848283469677,True,low,abrupt,real/sudden/K=4/recurring/low/abrupt/partial/imbalanced/noisy,0.0,-0.0
scn-d84c659ae652,764606681,Oracle,0.7724353741496599,0.0207282779997513,0,4.0,4.0,4.0,0.0,0.0,0.0,1.0,1.0,1.0,0.0,1.0,1.0,inf,28750.0,inf,28750.0,0.0,28750.0,hyperplane_gauss,37750,4,0.19422677713446318,0.18719464614987372,4,real,sudden,0,0.038159898954098485,0.815848283469677,True,low,abrupt,real/sudden/K=4/recurring/low/abrupt/partial/imbalanced/noisy,0.0,-0.0
scn-b45808166268,1687680645,ADWIN,0.7525928297055058,0.0804444729997158,0,4.0,1.0,0.0,4.0,1.0,0.0,0.0,0.0,0.0,1.0,,,22612.0,22612.0,,,0.04422430567840085,22612.0,hyperplane_gauss,32240,37,0.13276649643667043,0.21184662831947207,4,prior,gradual,157,0.48262477070093157,1.0,True,high,fast,prior/gradual/K=4/recurring/high/fast/n/a/imbalanced/noisy,0.0,-0.0
scn-b45808166268,1687680645,PageHinkley,0.7525928297055058,0.0883123449998493,0,4.0,5.0,3.0,1.0,2.0,0.0,0.6,0.75,0.6666666666666665,0.25,1368.3333333333333,1755.0,11306.0,11306.0,6.196954933008526,6.196954933008526,0.0884486113568017,22612.0,hyperplane_gauss,32240,37,0.13276649643667043,0.21184662831947207,4,prior,gradual,157,0.48262477070093157,1.0,True,high,fast,prior/gradual/K=4/recurring/high/fast/n/a/imbalanced/noisy,0.0,-0.0
scn-b45808166268,1687680645,PageHinkley-up,0.7525928297055058,0.08855842800039682,0,4.0,3.0,2.0,2.0,1.0,0.0,0.6666666666666666,0.5,0.5714285714285715,0.5,1047.5,1047.5,22612.0,22612.0,10.793317422434368,10.793317422434368,0.04422430567840085,22612.0,hyperplane_gauss,32240,37,0.13276649643667043,0.21184662831947207,4,prior,gradual,157,0.48262477070093157,1.0,True,high,fast,prior/gradual/K=4/recurring/high/fast/n/a/imbalanced/noisy,0.0,-0.0
scn-b45808166268,1687680645,DDM,0.7525928297055058,0.08806318500000998,0,4.0,0.0,0.0,4.0,0.0,0.0,,0.0,0.0,1.0,,,inf,22612.0,,,0.0,22612.0,hyperplane_gauss,32240,37,0.13276649643667043,0.21184662831947207,4,prior,gradual,157,0.48262477070093157,1.0,True,high,fast,prior/gradual/K=4/recurring/high/fast/n/a/imbalanced/noisy,0.0,-0.0
scn-b45808166268,1687680645,EDDM,0.7525928297055058,0.08349879400020654,0,4.0,89.0,3.0,1.0,64.0,22.0,0.033707865168539325,0.75,0.06451612903225806,0.25,225.33333333333334,215.0,353.3125,353.3125,1.1759661612426036,1.1759661612426036,2.8303555634176543,22612.0,hyperplane_gauss,32240,37,0.13276649643667043,0.21184662831947207,4,prior,gradual,157,0.48262477070093157,1.0,True,high,fast,prior/gradual/K=4/recurring/high/fast/n/a/imbalanced/noisy,0.0,-0.0
scn-b45808166268,1687680645,HDDM_A,0.7525928297055058,0.1493750539998473,0,4.0,1.0,1.0,3.0,0.0,0.0,1.0,0.25,0.4,0.75,521.0,521.0,inf,22612.0,inf,10.850287907869482,0.0,22612.0,hyperplane_gauss,32240,37,0.13276649643667043,0.21184662831947207,4,prior,gradual,157,0.48262477070093157,1.0,True,high,fast,prior/gradual/K=4/recurring/high/fast/n/a/imbalanced/noisy,0.0,-0.0
scn-b45808166268,1687680645,HDDM_W,0.7525928297055058,0.15787998699988748,0,4.0,4.0,1.0,3.0,3.0,0.0,0.25,0.25,0.25,0.75,139.0,139.0,7537.333333333333,7537.333333333333,13.556354916067146,13.556354916067146,0.13267291703520254,22612.0,hyperplane_gauss,32240,37,0.13276649643667043,0.21184662831947207,4,prior,gradual,157,0.48262477070093157,1.0,True,high,fast,prior/gradual/K=4/recurring/high/fast/n/a/imbalanced/noisy,0.0,-0.0
scn-b45808166268,1687680645,FHDDM,0.7525928297055058,0.08346699100002297,0,4.0,3.0,2.0,2.0,1.0,0.0,0.6666666666666666,0.5,0.5714285714285715,0.5,259.0,259.0,22612.0,22612.0,43.65250965250965,43.65250965250965,0.04422430567840085,22612.0,hyperplane_gauss,32240,37,0.13276649643667043,0.21184662831947207,4,prior,gradual,157,0.48262477070093157,1.0,True,high,fast,prior/gradual/K=4/recurring/high/fast/n/a/imbalanced/noisy,0.0,-0.0
scn-b45808166268,1687680645,NoDrift,0.7525928297055058,0.07292150800003583,0,4.0,0.0,0.0,4.0,0.0,0.0,,0.0,0.0,1.0,,,inf,22612.0,,,0.0,22612.0,hyperplane_gauss,32240,37,0.13276649643667043,0.21184662831947207,4,prior,gradual,157,0.48262477070093157,1.0,True,high,fast,prior/gradual/K=4/recurring/high/fast/n/a/imbalanced/noisy,0.0,-0.0
scn-b45808166268,1687680645,Periodic(2000),0.7525928297055058,0.07461415299985674,0,4.0,15.0,4.0,0.0,11.0,0.0,0.26666666666666666,1.0,0.4210526315789474,0.0,1459.0,1459.0,2055.6363636363635,2055.6363636363635,1.4089351361455542,1.4089351361455542,0.48646736246240935,22612.0,hyperplane_gauss,32240,37,0.13276649643667043,0.21184662831947207,4,prior,gradual,157,0.48262477070093157,1.0,True,high,fast,prior/gradual/K=4/recurring/high/fast/n/a/imbalanced/noisy,0.0,-0.0
scn-b45808166268,1687680645,Oracle,0.7525928297055058,0.07451184699993973,0,4.0,4.0,4.0,0.0,0.0,0.0,1.0,1.0,1.0,0.0,79.0,79.0,inf,22612.0,inf,286.2278481012658,0.0,22612.0,hyperplane_gauss,32240,37,0.13276649643667043,0.21184662831947207,4,prior,gradual,157,0.48262477070093157,1.0,True,high,fast,prior/gradual/K=4/recurring/high/fast/n/a/imbalanced/noisy,0.0,-0.0
scn-b45808166268,1687680646,ADWIN,0.7504801536491678,0.0821055169999454,0,4.0,2.0,1.0,3.0,1.0,0.0,0.5,0.25,0.3333333333333333,0.75,406.0,406.0,22612.0,22612.0,13.923645320197044,13.923645320197044,0.04422430567840085,22612.0,hyperplane_gauss,32240,37,0.13276649643667043,0.21184662831947207,4,prior,gradual,157,0.48262477070093157,1.0,True,high,fast,prior/gradual/K=4/recurring/high/fast/n/a/imbalanced/noisy,0.0,-0.0
scn-b45808166268,1687680646,PageHinkley,0.7504801536491678,0.0903463270001339,0,4.0,5.0,3.0,1.0,2.0,0.0,0.6,0.75,0.6666666666666665,0.25,648.0,551.0,11306.0,11306.0,13.085648148148149,13.085648148148149,0.0884486113568017,22612.0,hyperplane_gauss,32240,37,0.13276649643667043,0.21184662831947207,4,prior,gradual,157,0.48262477070093157,1.0,True,high,fast,prior/gradual/K=4/recurring/high/fast/n/a/imbalanced/noisy,0.0,-0.0
scn-b45808166268,1687680646,PageHinkley-up,0.7504801536491678,0.09021793400006572,0,4.0,3.0,3.0,1.0,0.0,0.0,1.0,0.75,0.8571428571428571,0.25,662.6666666666666,551.0,inf,22612.0,inf,25.5920523138833,0.0,22612.0,hyperplane_gauss,32240,37,0.13276649643667043,0.21184662831947207,4,prior,gradual,157,0.48262477070093157,1.0,True,high,fast,prior/gradual/K=4/recurring/high/fast/n/a/imbalanced/noisy,0.0,-0.0
scn-b45808166268,1687680646,DDM,0.7504801536491678,0.08945519500002774,0,4.0,0.0,0.0,4.0,0.0,0.0,,0.0,0.0,1.0,,,inf,22612.0,,,0.0,22612.0,hyperplane_gauss,32240,37,0.13276649643667043,0.21184662831947207,4,prior,gradual,157,0.48262477070093157,1.0,True,high,fast,prior/gradual/K=4/recurring/high/fast/n/a/imbalanced/noisy,0.0,-0.0
scn-b45808166268,1687680646,EDDM,0.7504801536491678,0.08535480999989886,0,4.0,22.0,1.0,3.0,14.0,7.0,0.045454545454545456,0.25,0.07692307692307693,0.75,52.0,52.0,1615.142857142857,1615.142857142857,7.76510989010989,7.76510989010989,0.6191402794976119,22612.0,hyperplane_gauss,32240,37,0.13276649643667043,0.21184662831947207,4,prior,gradual,157,0.48262477070093157,1.0,True,high,fast,prior/gradual/K=4/recurring/high/fast/n/a/imbalanced/noisy,0.0,-0.0
scn-b45808166268,1687680646,HDDM_A,0.7504801536491678,0.15830999799982237,0,4.0,1.0,1.0,3.0,0.0,0.0,1.0,0.25,0.4,0.75,210.0,210.0,inf,22612.0,inf,26.919047619047618,0.0,22612.0,hyperplane_gauss,32240,37,0.13276649643667043,0.21184662831947207,4,prior,gradual,157,0.48262477070093157,1.0,True,high,fast,prior/gradual/K=4/recurring/high/fast/n/a/imbalanced/noisy,0.0,-0.0
scn-b45808166268,1687680646,HDDM_W,0.7504801536491678,0.1653348240001833,0,4.0,9.0,4.0,0.0,5.0,0.0,0.4444444444444444,1.0,0.6153846153846153,0.0,904.75,697.0,4522.4,4522.4,4.99850787510362,4.99850787510362,0.22112152839200425,22612.0,hyperplane_gauss,32240,37,0.13276649643667043,0.21184662831947207,4,prior,gradual,157,0.48262477070093157,1.0,True,high,fast,prior/gradual/K=4/recurring/high/fast/n/a/imbalanced/noisy,0.0,-0.0
scn-b45808166268,1687680646,FHDDM,0.7504801536491678,0.08570810699984577,0,4.0,3.0,2.0,2.0,1.0,0.0,0.6666666666666666,0.5,0.5714285714285715,0.5,332.5,332.5,22612.0,22612.0,34.00300751879699,34.00300751879699,0.04422430567840085,22612.0,hyperplane_gauss,32240,37,0.13276649643667043,0.21184662831947207,4,prior,gradual,157,0.48262477070093157,1.0,True,high,fast,prior/gradual/K=4/recurring/high/fast/n/a/imbalanced/noisy,0.0,-0.0
scn-b45808166268,1687680646,NoDrift,0.7504801536491678,0.07603124200022648,0,4.0,0.0,0.0,4.0,0.0,0.0,,0.0,0.0,1.0,,,inf,22612.0,,,0.0,22612.0,hyperplane_gauss,32240,37,0.13276649643667043,0.21184662831947207,4,prior,gradual,157,0.48262477070093157,1.0,True,high,fast,prior/gradual/K=4/recurring/high/fast/n/a/imbalanced/noisy,0.0,-0.0
scn-b45808166268,1687680646,Periodic(2000),0.7504801536491678,0.07653035199973601,0,4.0,15.0,4.0,0.0,11.0,0.0,0.26666666666666666,1.0,0.4210526315789474,0.0,1459.0,1459.0,2055.6363636363635,2055.6363636363635,1.4089351361455542,1.4089351361455542,0.48646736246240935,22612.0,hyperplane_gauss,32240,37,0.13276649643667043,0.21184662831947207,4,prior,gradual,157,0.48262477070093157,1.0,True,high,fast,prior/gradual/K=4/recurring/high/fast/n/a/imbalanced/noisy,0.0,-0.0
scn-b45808166268,1687680646,Oracle,0.7504801536491678,0.07541269000012107,0,4.0,4.0,4.0,0.0,0.0,0.0,1.0,1.0,1.0,0.0,79.0,79.0,inf,22612.0,inf,286.2278481012658,0.0,22612.0,hyperplane_gauss,32240,37,0.13276649643667043,0.21184662831947207,4,prior,gradual,157,0.48262477070093157,1.0,True,high,fast,prior/gradual/K=4/recurring/high/fast/n/a/imbalanced/noisy,0.0,-0.0
scn-b45808166268,1687680647,ADWIN,0.7510243277848911,0.07970337699998709,0,4.0,2.0,2.0,2.0,0.0,0.0,1.0,0.5,0.6666666666666666,0.5,1091.0,1091.0,inf,22612.0,inf,10.362969752520623,0.0,22612.0,hyperplane_gauss,32240,37,0.13276649643667043,0.21184662831947207,4,prior,gradual,157,0.48262477070093157,1.0,True,high,fast,prior/gradual/K=4/recurring/high/fast/n/a/imbalanced/noisy,0.0,-0.0
scn-b45808166268,1687680647,PageHinkley,0.7510243277848911,0.08817134100036128,0,4.0,6.0,2.0,2.0,3.0,1.0,0.3333333333333333,0.5,0.4,0.5,693.0,693.0,7537.333333333333,7537.333333333333,5.438191438191438,5.438191438191438,0.13267291703520254,22612.0,hyperplane_gauss,32240,37,0.13276649643667043,0.21184662831947207,4,prior,gradual,157,0.48262477070093157,1.0,True,high,fast,prior/gradual/K=4/recurring/high/fast/n/a/imbalanced/noisy,0.0,-0.0
scn-b45808166268,1687680647,PageHinkley-up,0.7510243277848911,0.08778932999985045,0,4.0,3.0,2.0,2.0,1.0,0.0,0.6666666666666666,0.5,0.5714285714285715,0.5,727.5,727.5,22612.0,22612.0,15.540893470790378,15.540893470790378,0.04422430567840085,22612.0,hyperplane_gauss,32240,37,0.13276649643667043,0.21184662831947207,4,prior,gradual,157,0.48262477070093157,1.0,True,high,fast,prior/gradual/K=4/recurring/high/fast/n/a/imbalanced/noisy,0.0,-0.0
scn-b45808166268,1687680647,DDM,0.7510243277848911,0.08731814399970972,0,4.0,1.0,1.0,3.0,0.0,0.0,1.0,0.25,0.4,0.75,324.0,324.0,inf,22612.0,inf,17.44753086419753,0.0,22612.0,hyperplane_gauss,32240,37,0.13276649643667043,0.21184662831947207,4,prior,gradual,157,0.48262477070093157,1.0,True,high,fast,prior/gradual/K=4/recurring/high/fast/n/a/imbalanced/noisy,0.0,-0.0
scn-b45808166268,1687680647,EDDM,0.7510243277848911,0.08214703800013012,0,4.0,63.0,1.0,3.0,49.0,13.0,0.015873015873015872,0.25,0.029850746268656716,0.75,191.0,191.0,461.46938775510205,461.46938775510205,0.6040175232396624,0.6040175232396624,2.1669909782416417,22612.0,hyperplane_gauss,32240,37,0.13276649643667043,0.21184662831947207,4,prior,gradual,157,0.48262477070093157,1.0,True,high,fast,prior/gradual/K=4/recurring/high/fast/n/a/imbalanced/noisy,0.0,-0.0
scn-b45808166268,1687680647,HDDM_A,0.7510243277848911,0.15603281699986837,0,4.0,0.0,0.0,4.0,0.0,0.0,,0.0,0.0,1.0,,,inf,22612.0,,,0.0,22612.0,hyperplane_gauss,32240,37,0.13276649643667043,0.21184662831947207,4,prior,gradual,157,0.48262477070093157,1.0,True,high,fast,prior/gradual/K=4/recurring/high/fast/n/a/imbalanced/noisy,0.0,-0.0
scn-b45808166268,1687680647,HDDM_W,0.7510243277848911,0.1574096020003708,0,4.0,4.0,2.0,2.0,2.0,0.0,0.5,0.5,0.5,0.5,692.0,692.0,11306.0,11306.0,8.169075144508671,8.169075144508671,0.0884486113568017,22612.0,hyperplane_gauss,32240,37,0.13276649643667043,0.21184662831947207,4,prior,gradual,157,0.48262477070093157,1.0,True,high,fast,prior/gradual/K=4/recurring/high/fast/n/a/imbalanced/noisy,0.0,-0.0
scn-b45808166268,1687680647,FHDDM,0.7510243277848911,0.0883669730001202,0,4.0,3.0,2.0,2.0,1.0,0.0,0.6666666666666666,0.5,0.5714285714285715,0.5,681.0,681.0,22612.0,22612.0,16.602055800293687,16.602055800293687,0.04422430567840085,22612.0,hyperplane_gauss,32240,37,0.13276649643667043,0.21184662831947207,4,prior,gradual,157,0.48262477070093157,1.0,True,high,fast,prior/gradual/K=4/recurring/high/fast/n/a/imbalanced/noisy,0.0,-0.0
scn-b45808166268,1687680647,NoDrift,0.7510243277848911,0.07362889400019412,0,4.0,0.0,0.0,4.0,0.0,0.0,,0.0,0.0,1.0,,,inf,22612.0,,,0.0,22612.0,hyperplane_gauss,32240,37,0.13276649643667043,0.21184662831947207,4,prior,gradual,157,0.48262477070093157,1.0,True,high,fast,prior/gradual/K=4/recurring/high/fast/n/a/imbalanced/noisy,0.0,-0.0
scn-b45808166268,1687680647,Periodic(2000),0.7510243277848911,0.07481061899989072,0,4.0,15.0,4.0,0.0,11.0,0.0,0.26666666666666666,1.0,0.4210526315789474,0.0,1459.0,1459.0,2055.6363636363635,2055.6363636363635,1.4089351361455542,1.4089351361455542,0.48646736246240935,22612.0,hyperplane_gauss,32240,37,0.13276649643667043,0.21184662831947207,4,prior,gradual,157,0.48262477070093157,1.0,True,high,fast,prior/gradual/K=4/recurring/high/fast/n/a/imbalanced/noisy,0.0,-0.0
scn-b45808166268,1687680647,Oracle,0.7510243277848911,0.07346634199984692,0,4.0,4.0,4.0,0.0,0.0,0.0,1.0,1.0,1.0,0.0,79.0,79.0,inf,22612.0,inf,286.2278481012658,0.0,22612.0,hyperplane_gauss,32240,37,0.13276649643667043,0.21184662831947207,4,prior,gradual,157,0.48262477070093157,1.0,True,high,fast,prior/gradual/K=4/recurring/high/fast/n/a/imbalanced/noisy,0.0,-0.0
scn-de28176a2b3f,1509937589,ADWIN,0.8166152456919257,0.026018936000127724,0,1.0,1.0,1.0,0.0,0.0,0.0,1.0,1.0,1.0,0.0,3013.0,3013.0,inf,21046.0,inf,6.985064719548623,0.0,21046.0,hyperplane_gauss,27578,9,0.28056816323660316,0.11030685994774103,1,real,gradual,3532,0.1707217841409157,0.6106538400053978,False,medium,slow,real/gradual/K=1/medium/slow/partial/imbalanced/noisy,0.0,-0.0
scn-de28176a2b3f,1509937589,PageHinkley,0.8166152456919257,0.0341660240001147,0,1.0,3.0,1.0,0.0,2.0,0.0,0.3333333333333333,1.0,0.5,0.0,3015.0,3015.0,10523.0,10523.0,3.4902155887230513,3.4902155887230513,0.09502993442934525,21046.0,hyperplane_gauss,27578,9,0.28056816323660316,0.11030685994774103,1,real,gradual,3532,0.1707217841409157,0.6106538400053978,False,medium,slow,real/gradual/K=1/medium/slow/partial/imbalanced/noisy,0.0,-0.0
scn-de28176a2b3f,1509937589,PageHinkley-up,0.8166152456919257,0.033010385999659775,0,1.0,2.0,1.0,0.0,1.0,0.0,0.5,1.0,0.6666666666666666,0.0,3015.0,3015.0,21046.0,21046.0,6.9804311774461025,6.9804311774461025,0.047514967214672625,21046.0,hyperplane_gauss,27578,9,0.28056816323660316,0.11030685994774103,1,real,gradual,3532,0.1707217841409157,0.6106538400053978,False,medium,slow,real/gradual/K=1/medium/slow/partial/imbalanced/noisy,0.0,-0.0
scn-de28176a2b3f,1509937589,DDM,0.8166152456919257,0.03298591500015391,0,1.0,4.0,1.0,0.0,2.0,1.0,0.25,1.0,0.4,0.0,159.0,159.0,10523.0,10523.0,66.18238993710692,66.18238993710692,0.09502993442934525,21046.0,hyperplane_gauss,27578,9,0.28056816323660316,0.11030685994774103,1,real,gradual,3532,0.1707217841409157,0.6106538400053978,False,medium,slow,real/gradual/K=1/medium/slow/partial/imbalanced/noisy,0.0,-0.0
scn-de28176a2b3f,1509937589,EDDM,0.8166152456919257,0.02836328000012145,0,1.0,30.0,1.0,0.0,17.0,12.0,0.03333333333333333,1.0,0.06451612903225806,0.0,3223.0,3223.0,1238.0,1238.0,0.3841141793360223,0.3841141793360223,0.8077544426494345,21046.0,hyperplane_gauss,27578,9,0.28056816323660316,0.11030685994774103,1,real,gradual,3532,0.1707217841409157,0.6106538400053978,False,medium,slow,real/gradual/K=1/medium/slow/partial/imbalanced/noisy,0.0,-0.0
scn-de28176a2b3f,1509937589,HDDM_A,0.8166152456919257,0.09352354400016338,0,1.0,1.0,1.0,0.0,0.0,0.0,1.0,1.0,1.0,0.0,3495.0,3495.0,inf,21046.0,inf,6.021745350500716,0.0,21046.0,hyperplane_gauss,27578,9,0.28056816323660316,0.11030685994774103,1,real,gradual,3532,0.1707217841409157,0.6106538400053978,False,medium,slow,real/gradual/K=1/medium/slow/partial/imbalanced/noisy,0.0,-0.0
scn-de28176a2b3f,1509937589,HDDM_W,0.8166152456919257,0.08922779000022274,0,1.0,1.0,0.0,1.0,1.0,0.0,0.0,0.0,0.0,1.0,,,21046.0,21046.0,,,0.047514967214672625,21046.0,hyperplane_gauss,27578,9,0.28056816323660316,0.11030685994774103,1,real,gradual,3532,0.1707217841409157,0.6106538400053978,False,medium,slow,real/gradual/K=1/medium/slow/partial/imbalanced/noisy,0.0,-0.0
scn-de28176a2b3f,1509937589,FHDDM,0.8166152456919257,0.029771682000045985,0,1.0,1.0,1.0,0.0,0.0,0.0,1.0,1.0,1.0,0.0,1775.0,1775.0,inf,21046.0,inf,11.856901408450705,0.0,21046.0,hyperplane_gauss,27578,9,0.28056816323660316,0.11030685994774103,1,real,gradual,3532,0.1707217841409157,0.6106538400053978,False,medium,slow,real/gradual/K=1/medium/slow/partial/imbalanced/noisy,0.0,-0.0
scn-de28176a2b3f,1509937589,NoDrift,0.8166152456919257,0.01987002099986057,0,1.0,0.0,0.0,1.0,0.0,0.0,,0.0,0.0,1.0,,,inf,21046.0,,,0.0,21046.0,hyperplane_gauss,27578,9,0.28056816323660316,0.11030685994774103,1,real,gradual,3532,0.1707217841409157,0.6106538400053978,False,medium,slow,real/gradual/K=1/medium/slow/partial/imbalanced/noisy,0.0,-0.0
scn-de28176a2b3f,1509937589,Periodic(2000),0.8166152456919257,0.021021401999860245,0,1.0,13.0,1.0,0.0,10.0,2.0,0.07692307692307693,1.0,0.14285714285714288,0.0,1477.0,1477.0,2104.6,2104.6,1.4249153689911984,1.4249153689911984,0.4751496721467262,21046.0,hyperplane_gauss,27578,9,0.28056816323660316,0.11030685994774103,1,real,gradual,3532,0.1707217841409157,0.6106538400053978,False,medium,slow,real/gradual/K=1/medium/slow/partial/imbalanced/noisy,0.0,-0.0
scn-de28176a2b3f,1509937589,Oracle,0.8166152456919257,0.021106868000060786,0,1.0,1.0,1.0,0.0,0.0,0.0,1.0,1.0,1.0,0.0,1767.0,1767.0,inf,21046.0,inf,11.910582908885116,0.0,21046.0,hyperplane_gauss,27578,9,0.28056816323660316,0.11030685994774103,1,real,gradual,3532,0.1707217841409157,0.6106538400053978,False,medium,slow,real/gradual/K=1/medium/slow/partial/imbalanced/noisy,0.0,-0.0
scn-de28176a2b3f,1509937590,ADWIN,0.8160884942433592,0.0384816249998039,0,1.0,1.0,1.0,0.0,0.0,0.0,1.0,1.0,1.0,0.0,3429.0,3429.0,inf,21046.0,inf,6.1376494604841065,0.0,21046.0,hyperplane_gauss,27578,9,0.28056816323660316,0.11030685994774103,1,real,gradual,3532,0.1707217841409157,0.6106538400053978,False,medium,slow,real/gradual/K=1/medium/slow/partial/imbalanced/noisy,0.0,-0.0
scn-de28176a2b3f,1509937590,PageHinkley,0.8160884942433592,0.03511842699981571,0,1.0,4.0,1.0,0.0,3.0,0.0,0.25,1.0,0.4,0.0,3195.0,3195.0,7015.333333333333,7015.333333333333,2.195722483046427,2.195722483046427,0.14254490164401787,21046.0,hyperplane_gauss,27578,9,0.28056816323660316,0.11030685994774103,1,real,gradual,3532,0.1707217841409157,0.6106538400053978,False,medium,slow,real/gradual/K=1/medium/slow/partial/imbalanced/noisy,0.0,-0.0
scn-de28176a2b3f,1509937590,PageHinkley-up,0.8160884942433592,0.03415069999982734,0,1.0,1.0,1.0,0.0,0.0,0.0,1.0,1.0,1.0,0.0,2728.0,2728.0,inf,21046.0,inf,7.714809384164223,0.0,21046.0,hyperplane_gauss,27578,9,0.28056816323660316,0.11030685994774103,1,real,gradual,3532,0.1707217841409157,0.6106538400053978,False,medium,slow,real/gradual/K=1/medium/slow/partial/imbalanced/noisy,0.0,-0.0
scn-de28176a2b3f,1509937590,DDM,0.8160884942433592,0.03293042899986176,0,1.0,2.0,1.0,0.0,1.0,0.0,0.5,1.0,0.6666666666666666,0.0,3442.0,3442.0,21046.0,21046.0,6.114468332364904,6.114468332364904,0.047514967214672625,21046.0,hyperplane_gauss,27578,9,0.28056816323660316,0.11030685994774103,1,real,gradual,3532,0.1707217841409157,0.6106538400053978,False,medium,slow,real/gradual/K=1/medium/slow/partial/imbalanced/noisy,0.0,-0.0
scn-de28176a2b3f,1509937590,EDDM,0.8160884942433592,0.02863610200029143,0,1.0,14.0,1.0,0.0,6.0,7.0,0.07142857142857142,1.0,0.13333333333333333,0.0,4310.0,4310.0,3507.6666666666665,3507.6666666666665,0.8138437741686001,0.8138437741686001,0.28508980328803574,21046.0,hyperplane_gauss,27578,9,0.28056816323660316,0.11030685994774103,1,real,gradual,3532,0.1707217841409157,0.6106538400053978,False,medium,slow,real/gradual/K=1/medium/slow/partial/imbalanced/noisy,0.0,-0.0
scn-de28176a2b3f,1509937590,HDDM_A,0.8160884942433592,0.099555146000057,0,1.0,2.0,1.0,0.0,1.0,0.0,0.5,1.0,0.6666666666666666,0.0,3441.0,3441.0,21046.0,21046.0,6.1162452775356,6.1162452775356,0.047514967214672625,21046.0,hyperplane_gauss,27578,9,0.28056816323660316,0.11030685994774103,1,real,gradual,3532,0.1707217841409157,0.6106538400053978,False,medium,slow,real/gradual/K=1/medium/slow/partial/imbalanced/noisy,0.0,-0.0
scn-de28176a2b3f,1509937590,HDDM_W,0.8160884942433592,0.08803181899975243,0,1.0,1.0,0.0,1.0,1.0,0.0,0.0,0.0,0.0,1.0,,,21046.0,21046.0,,,0.047514967214672625,21046.0,hyperplane_gauss,27578,9,0.28056816323660316,0.11030685994774103,1,real,gradual,3532,0.1707217841409157,0.6106538400053978,False,medium,slow,real/gradual/K=1/medium/slow/partial/imbalanced/noisy,0.0,-0.0
scn-de28176a2b3f,1509937590,FHDDM,0.8160884942433592,0.029723077999733505,0,1.0,2.0,1.0,0.0,1.0,0.0,0.5,1.0,0.6666666666666666,0.0,3487.0,3487.0,21046.0,21046.0,6.035560653857184,6.035560653857184,0.047514967214672625,21046.0,hyperplane_gauss,27578,9,0.28056816323660316,0.11030685994774103,1,real,gradual,3532,0.1707217841409157,0.6106538400053978,False,medium,slow,real/gradual/K=1/medium/slow/partial/imbalanced/noisy,0.0,-0.0
scn-de28176a2b3f,1509937590,NoDrift,0.8160884942433592,0.019910937000076956,0,1.0,0.0,0.0,1.0,0.0,0.0,,0.0,0.0,1.0,,,inf,21046.0,,,0.0,21046.0,hyperplane_gauss,27578,9,0.28056816323660316,0.11030685994774103,1,real,gradual,3532,0.1707217841409157,0.6106538400053978,False,medium,slow,real/gradual/K=1/medium/slow/partial/imbalanced/noisy,0.0,-0.0
scn-de28176a2b3f,1509937590,Periodic(2000),0.8160884942433592,0.02209077099996648,0,1.0,13.0,1.0,0.0,10.0,2.0,0.07692307692307693,1.0,0.14285714285714288,0.0,1477.0,1477.0,2104.6,2104.6,1.4249153689911984,1.4249153689911984,0.4751496721467262,21046.0,hyperplane_gauss,27578,9,0.28056816323660316,0.11030685994774103,1,real,gradual,3532,0.1707217841409157,0.6106538400053978,False,medium,slow,real/gradual/K=1/medium/slow/partial/imbalanced/noisy,0.0,-0.0
scn-de28176a2b3f,1509937590,Oracle,0.8160884942433592,0.0216793360000338,0,1.0,1.0,1.0,0.0,0.0,0.0,1.0,1.0,1.0,0.0,1767.0,1767.0,inf,21046.0,inf,11.910582908885116,0.0,21046.0,hyperplane_gauss,27578,9,0.28056816323660316,0.11030685994774103,1,real,gradual,3532,0.1707217841409157,0.6106538400053978,False,medium,slow,real/gradual/K=1/medium/slow/partial/imbalanced/noisy,0.0,-0.0
scn-de28176a2b3f,1509937591,ADWIN,0.8181955000376251,0.02634212100019795,0,1.0,2.0,1.0,0.0,1.0,0.0,0.5,1.0,0.6666666666666666,0.0,2949.0,2949.0,21046.0,21046.0,7.136656493726687,7.136656493726687,0.047514967214672625,21046.0,hyperplane_gauss,27578,9,0.28056816323660316,0.11030685994774103,1,real,gradual,3532,0.1707217841409157,0.6106538400053978,False,medium,slow,real/gradual/K=1/medium/slow/partial/imbalanced/noisy,0.0,-0.0
scn-de28176a2b3f,1509937591,PageHinkley,0.8181955000376251,0.03490867399978015,0,1.0,2.0,1.0,0.0,1.0,0.0,0.5,1.0,0.6666666666666666,0.0,1520.0,1520.0,21046.0,21046.0,13.846052631578948,13.846052631578948,0.047514967214672625,21046.0,hyperplane_gauss,27578,9,0.28056816323660316,0.11030685994774103,1,real,gradual,3532,0.1707217841409157,0.6106538400053978,False,medium,slow,real/gradual/K=1/medium/slow/partial/imbalanced/noisy,0.0,-0.0
scn-de28176a2b3f,1509937591,PageHinkley-up,0.8181955000376251,0.032916604000092775,0,1.0,1.0,1.0,0.0,0.0,0.0,1.0,1.0,1.0,0.0,1520.0,1520.0,inf,21046.0,inf,13.846052631578948,0.0,21046.0,hyperplane_gauss,27578,9,0.28056816323660316,0.11030685994774103,1,real,gradual,3532,0.1707217841409157,0.6106538400053978,False,medium,slow,real/gradual/K=1/medium/slow/partial/imbalanced/noisy,0.0,-0.0
scn-de28176a2b3f,1509937591,DDM,0.8181955000376251,0.033111412999915046,0,1.0,1.0,0.0,1.0,1.0,0.0,0.0,0.0,0.0,1.0,,,21046.0,21046.0,,,0.047514967214672625,21046.0,hyperplane_gauss,27578,9,0.28056816323660316,0.11030685994774103,1,real,gradual,3532,0.1707217841409157,0.6106538400053978,False,medium,slow,real/gradual/K=1/medium/slow/partial/imbalanced/noisy,0.0,-0.0
scn-de28176a2b3f,1509937591,EDDM,0.8181955000376251,0.02932356900009836,0,1.0,41.0,1.0,0.0,34.0,6.0,0.024390243902439025,1.0,0.047619047619047616,0.0,1708.0,1708.0,619.0,619.0,0.3624121779859485,0.3624121779859485,1.615508885298869,21046.0,hyperplane_gauss,27578,9,0.28056816323660316,0.11030685994774103,1,real,gradual,3532,0.1707217841409157,0.6106538400053978,False,medium,slow,real/gradual/K=1/medium/slow/partial/imbalanced/noisy,0.0,-0.0
scn-de28176a2b3f,1509937591,HDDM_A,0.8181955000376251,0.09859024900015356,0,1.0,2.0,1.0,0.0,1.0,0.0,0.5,1.0,0.6666666666666666,0.0,3178.0,3178.0,21046.0,21046.0,6.622404027690371,6.622404027690371,0.047514967214672625,21046.0,hyperplane_gauss,27578,9,0.28056816323660316,0.11030685994774103,1,real,gradual,3532,0.1707217841409157,0.6106538400053978,False,medium,slow,real/gradual/K=1/medium/slow/partial/imbalanced/noisy,0.0,-0.0
scn-de28176a2b3f,1509937591,HDDM_W,0.8181955000376251,0.0898598209996635,0,1.0,2.0,0.0,1.0,2.0,0.0,0.0,0.0,0.0,1.0,,,10523.0,10523.0,,,0.09502993442934525,21046.0,hyperplane_gauss,27578,9,0.28056816323660316,0.11030685994774103,1,real,gradual,3532,0.1707217841409157,0.6106538400053978,False,medium,slow,real/gradual/K=1/medium/slow/partial/imbalanced/noisy,0.0,-0.0
scn-de28176a2b3f,1509937591,FHDDM,0.8181955000376251,0.028939045000242913,0,1.0,1.0,1.0,0.0,0.0,0.0,1.0,1.0,1.0,0.0,3867.0,3867.0,inf,21046.0,inf,5.442461856736489,0.0,21046.0,hyperplane_gauss,27578,9,0.28056816323660316,0.11030685994774103,1,real,gradual,3532,0.1707217841409157,0.6106538400053978,False,medium,slow,real/gradual/K=1/medium/slow/partial/imbalanced/noisy,0.0,-0.0
scn-de28176a2b3f,1509937591,NoDrift,0.8181955000376251,0.03662971599987941,0,1.0,0.0,0.0,1.0,0.0,0.0,,0.0,0.0,1.0,,,inf,21046.0,,,0.0,21046.0,hyperplane_gauss,27578,9,0.28056816323660316,0.11030685994774103,1,real,gradual,3532,0.1707217841409157,0.6106538400053978,False,medium,slow,real/gradual/K=1/medium/slow/partial/imbalanced/noisy,0.0,-0.0
scn-de28176a2b3f,1509937591,Periodic(2000),0.8181955000376251,0.02208695700028329,0,1.0,13.0,1.0,0.0,10.0,2.0,0.07692307692307693,1.0,0.14285714285714288,0.0,1477.0,1477.0,2104.6,2104.6,1.4249153689911984,1.4249153689911984,0.4751496721467262,21046.0,hyperplane_gauss,27578,9,0.28056816323660316,0.11030685994774103,1,real,gradual,3532,0.1707217841409157,0.6106538400053978,False,medium,slow,real/gradual/K=1/medium/slow/partial/imbalanced/noisy,0.0,-0.0
scn-de28176a2b3f,1509937591,Oracle,0.8181955000376251,0.020369258999835438,0,1.0,1.0,1.0,0.0,0.0,0.0,1.0,1.0,1.0,0.0,1767.0,1767.0,inf,21046.0,inf,11.910582908885116,0.0,21046.0,hyperplane_gauss,27578,9,0.28056816323660316,0.11030685994774103,1,real,gradual,3532,0.1707217841409157,0.6106538400053978,False,medium,slow,real/gradual/K=1/medium/slow/partial/imbalanced/noisy,0.0,-0.0
scn-50b8479b483b,1055747956,ADWIN,0.6787252844360986,0.023684154999955354,0,2.0,0.0,0.0,2.0,0.0,0.0,,0.0,0.0,1.0,,,inf,12506.0,,,0.0,12506.0,hyperplane_gauss,19106,15,0.25770291057415307,0.29027192015200853,2,virtual,incremental,800,0.08221745014190673,0.9493547216057778,False,low,fast,virtual/incremental/K=2/low/fast/partial/imbalanced/noisy,0.0,-0.0
scn-50b8479b483b,1055747956,PageHinkley,0.6787252844360986,0.028659205999701953,0,2.0,1.0,0.0,2.0,1.0,0.0,0.0,0.0,0.0,1.0,,,12506.0,12506.0,,,0.07996161842315688,12506.0,hyperplane_gauss,19106,15,0.25770291057415307,0.29027192015200853,2,virtual,incremental,800,0.08221745014190673,0.9493547216057778,False,low,fast,virtual/incremental/K=2/low/fast/partial/imbalanced/noisy,0.0,-0.0
scn-50b8479b483b,1055747956,PageHinkley-up,0.6787252844360986,0.028725939000196377,0,2.0,0.0,0.0,2.0,0.0,0.0,,0.0,0.0,1.0,,,inf,12506.0,,,0.0,12506.0,hyperplane_gauss,19106,15,0.25770291057415307,0.29027192015200853,2,virtual,incremental,800,0.08221745014190673,0.9493547216057778,False,low,fast,virtual/incremental/K=2/low/fast/partial/imbalanced/noisy,0.0,-0.0
scn-50b8479b483b,1055747956,DDM,0.6787252844360986,0.028617352999845025,0,2.0,0.0,0.0,2.0,0.0,0.0,,0.0,0.0,1.0,,,inf,12506.0,,,0.0,12506.0,hyperplane_gauss,19106,15,0.25770291057415307,0.29027192015200853,2,virtual,incremental,800,0.08221745014190673,0.9493547216057778,False,low,fast,virtual/incremental/K=2/low/fast/partial/imbalanced/noisy,0.0,-0.0
scn-50b8479b483b,1055747956,EDDM,0.6787252844360986,0.026271621999967465,0,2.0,26.0,0.0,2.0,26.0,0.0,0.0,0.0,0.0,1.0,,,481.0,481.0,,,2.079002079002079,12506.0,hyperplane_gauss,19106,15,0.25770291057415307,0.29027192015200853,2,virtual,incremental,800,0.08221745014190673,0.9493547216057778,False,low,fast,virtual/incremental/K=2/low/fast/partial/imbalanced/noisy,0.0,-0.0
scn-50b8479b483b,1055747956,HDDM_A,0.6787252844360986,0.06605456399984178,0,2.0,0.0,0.0,2.0,0.0,0.0,,0.0,0.0,1.0,,,inf,12506.0,,,0.0,12506.0,hyperplane_gauss,19106,15,0.25770291057415307,0.29027192015200853,2,virtual,incremental,800,0.08221745014190673,0.9493547216057778,False,low,fast,virtual/incremental/K=2/low/fast/partial/imbalanced/noisy,0.0,-0.0
scn-50b8479b483b,1055747956,HDDM_W,0.6787252844360986,0.09652159200004462,0,2.0,10.0,2.0,0.0,7.0,1.0,0.2,1.0,0.33333333333333337,0.0,1062.5,1062.5,1786.5714285714287,1786.5714285714287,1.6814789915966388,1.6814789915966388,0.5597313289620982,12506.0,hyperplane_gauss,19106,15,0.25770291057415307,0.29027192015200853,2,virtual,incremental,800,0.08221745014190673,0.9493547216057778,False,low,fast,virtual/incremental/K=2/low/fast/partial/imbalanced/noisy,0.0,-0.0
scn-50b8479b483b,1055747956,FHDDM,0.6787252844360986,0.025091384000006656,0,2.0,1.0,1.0,1.0,0.0,0.0,1.0,0.5,0.6666666666666666,0.5,2053.0,2053.0,inf,12506.0,inf,3.045786653677545,0.0,12506.0,hyperplane_gauss,19106,15,0.25770291057415307,0.29027192015200853,2,virtual,incremental,800,0.08221745014190673,0.9493547216057778,False,low,fast,virtual/incremental/K=2/low/fast/partial/imbalanced/noisy,0.0,-0.0
scn-50b8479b483b,1055747956,NoDrift,0.6787252844360986,0.019253443999787123,0,2.0,0.0,0.0,2.0,0.0,0.0,,0.0,0.0,1.0,,,inf,12506.0,,,0.0,12506.0,hyperplane_gauss,19106,15,0.25770291057415307,0.29027192015200853,2,virtual,incremental,800,0.08221745014190673,0.9493547216057778,False,low,fast,virtual/incremental/K=2/low/fast/partial/imbalanced/noisy,0.0,-0.0
scn-50b8479b483b,1055747956,Periodic(2000),0.6787252844360986,0.02076498399992488,0,2.0,9.0,2.0,0.0,7.0,0.0,0.2222222222222222,1.0,0.3636363636363636,0.0,1347.5,1347.5,1786.5714285714287,1786.5714285714287,1.3258415054333423,1.3258415054333423,0.5597313289620982,12506.0,hyperplane_gauss,19106,15,0.25770291057415307,0.29027192015200853,2,virtual,incremental,800,0.08221745014190673,0.9493547216057778,False,low,fast,virtual/incremental/K=2/low/fast/partial/imbalanced/noisy,0.0,-0.0
scn-50b8479b483b,1055747956,Oracle,0.6787252844360986,0.020378318999974,0,2.0,2.0,2.0,0.0,0.0,0.0,1.0,1.0,1.0,0.0,401.0,401.0,inf,12506.0,inf,31.18703241895262,0.0,12506.0,hyperplane_gauss,19106,15,0.25770291057415307,0.29027192015200853,2,virtual,incremental,800,0.08221745014190673,0.9493547216057778,False,low,fast,virtual/incremental/K=2/low/fast/partial/imbalanced/noisy,0.0,-0.0
scn-50b8479b483b,1055747957,ADWIN,0.6829227880260688,0.02327374600008625,0,2.0,0.0,0.0,2.0,0.0,0.0,,0.0,0.0,1.0,,,inf,12506.0,,,0.0,12506.0,hyperplane_gauss,19106,15,0.25770291057415307,0.29027192015200853,2,virtual,incremental,800,0.08221745014190673,0.9493547216057778,False,low,fast,virtual/incremental/K=2/low/fast/partial/imbalanced/noisy,0.0,-0.0
scn-50b8479b483b,1055747957,PageHinkley,0.6829227880260688,0.02856155800009219,0,2.0,1.0,0.0,2.0,1.0,0.0,0.0,0.0,0.0,1.0,,,12506.0,12506.0,,,0.07996161842315688,12506.0,hyperplane_gauss,19106,15,0.25770291057415307,0.29027192015200853,2,virtual,incremental,800,0.08221745014190673,0.9493547216057778,False,low,fast,virtual/incremental/K=2/low/fast/partial/imbalanced/noisy,0.0,-0.0
scn-50b8479b483b,1055747957,PageHinkley-up,0.6829227880260688,0.027684009000040533,0,2.0,0.0,0.0,2.0,0.0,0.0,,0.0,0.0,1.0,,,inf,12506.0,,,0.0,12506.0,hyperplane_gauss,19106,15,0.25770291057415307,0.29027192015200853,2,virtual,incremental,800,0.08221745014190673,0.9493547216057778,False,low,fast,virtual/incremental/K=2/low/fast/partial/imbalanced/noisy,0.0,-0.0
scn-50b8479b483b,1055747957,DDM,0.6829227880260688,0.027438892000191117,0,2.0,0.0,0.0,2.0,0.0,0.0,,0.0,0.0,1.0,,,inf,12506.0,,,0.0,12506.0,hyperplane_gauss,19106,15,0.25770291057415307,0.29027192015200853,2,virtual,incremental,800,0.08221745014190673,0.9493547216057778,False,low,fast,virtual/incremental/K=2/low/fast/partial/imbalanced/noisy,0.0,-0.0
scn-50b8479b483b,1055747957,EDDM,0.6829227880260688,0.02622837899980368,0,2.0,25.0,1.0,1.0,22.0,2.0,0.04,0.5,0.07407407407407407,0.5,10.0,10.0,568.4545454545455,568.4545454545455,28.422727272727276,28.422727272727276,1.7591556053094515,12506.0,hyperplane_gauss,19106,15,0.25770291057415307,0.29027192015200853,2,virtual,incremental,800,0.08221745014190673,0.9493547216057778,False,low,fast,virtual/incremental/K=2/low/fast/partial/imbalanced/noisy,0.0,-0.0
scn-50b8479b483b,1055747957,HDDM_A,0.6829227880260688,0.0695827869999448,0,2.0,1.0,0.0,2.0,1.0,0.0,0.0,0.0,0.0,1.0,,,12506.0,12506.0,,,0.07996161842315688,12506.0,hyperplane_gauss,19106,15,0.25770291057415307,0.29027192015200853,2,virtual,incremental,800,0.08221745014190673,0.9493547216057778,False,low,fast,virtual/incremental/K=2/low/fast/partial/imbalanced/noisy,0.0,-0.0
scn-50b8479b483b,1055747957,HDDM_W,0.6829227880260688,0.09136242100021263,0,2.0,7.0,2.0,0.0,4.0,1.0,0.2857142857142857,1.0,0.4444444444444445,0.0,925.5,925.5,3126.5,3126.5,3.37817396002161,3.37817396002161,0.31984647369262753,12506.0,hyperplane_gauss,19106,15,0.25770291057415307,0.29027192015200853,2,virtual,incremental,800,0.08221745014190673,0.9493547216057778,False,low,fast,virtual/incremental/K=2/low/fast/partial/imbalanced/noisy,0.0,-0.0
scn-50b8479b483b,1055747957,FHDDM,0.6829227880260688,0.024996423999709805,0,2.0,2.0,1.0,1.0,1.0,0.0,0.5,0.5,0.5,0.5,328.0,328.0,12506.0,12506.0,19.0640243902439,19.0640243902439,0.07996161842315688,12506.0,hyperplane_gauss,19106,15,0.25770291057415307,0.29027192015200853,2,virtual,incremental,800,0.08221745014190673,0.9493547216057778,False,low,fast,virtual/incremental/K=2/low/fast/partial/imbalanced/noisy,0.0,-0.0
scn-50b8479b483b,1055747957,NoDrift,0.6829227880260688,0.019776913999976387,0,2.0,0.0,0.0,2.0,0.0,0.0,,0.0,0.0,1.0,,,inf,12506.0,,,0.0,12506.0,hyperplane_gauss,19106,15,0.25770291057415307,0.29027192015200853,2,virtual,incremental,800,0.08221745014190673,0.9493547216057778,False,low,fast,virtual/incremental/K=2/low/fast/partial/imbalanced/noisy,0.0,-0.0
scn-50b8479b483b,1055747957,Periodic(2000),0.6829227880260688,0.01955547099987598,0,2.0,9.0,2.0,0.0,7.0,0.0,0.2222222222222222,1.0,0.3636363636363636,0.0,1347.5,1347.5,1786.5714285714287,1786.5714285714287,1.3258415054333423,1.3258415054333423,0.5597313289620982,12506.0,hyperplane_gauss,19106,15,0.25770291057415307,0.29027192015200853,2,virtual,incremental,800,0.08221745014190673,0.9493547216057778,False,low,fast,virtual/incremental/K=2/low/fast/partial/imbalanced/noisy,0.0,-0.0
scn-50b8479b483b,1055747957,Oracle,0.6829227880260688,0.019581740000376158,0,2.0,2.0,2.0,0.0,0.0,0.0,1.0,1.0,1.0,0.0,401.0,401.0,inf,12506.0,inf,31.18703241895262,0.0,12506.0,hyperplane_gauss,19106,15,0.25770291057415307,0.29027192015200853,2,virtual,incremental,800,0.08221745014190673,0.9493547216057778,False,low,fast,virtual/incremental/K=2/low/fast/partial/imbalanced/noisy,0.0,-0.0
scn-50b8479b483b,1055747958,ADWIN,0.6796641997128023,0.024155590999725973,0,2.0,0.0,0.0,2.0,0.0,0.0,,0.0,0.0,1.0,,,inf,12506.0,,,0.0,12506.0,hyperplane_gauss,19106,15,0.25770291057415307,0.29027192015200853,2,virtual,incremental,800,0.08221745014190673,0.9493547216057778,False,low,fast,virtual/incremental/K=2/low/fast/partial/imbalanced/noisy,0.0,-0.0
scn-50b8479b483b,1055747958,PageHinkley,0.6796641997128023,0.02879931999996188,0,2.0,1.0,0.0,2.0,1.0,0.0,0.0,0.0,0.0,1.0,,,12506.0,12506.0,,,0.07996161842315688,12506.0,hyperplane_gauss,19106,15,0.25770291057415307,0.29027192015200853,2,virtual,incremental,800,0.08221745014190673,0.9493547216057778,False,low,fast,virtual/incremental/K=2/low/fast/partial/imbalanced/noisy,0.0,-0.0
scn-50b8479b483b,1055747958,PageHinkley-up,0.6796641997128023,0.028936746999988827,0,2.0,0.0,0.0,2.0,0.0,0.0,,0.0,0.0,1.0,,,inf,12506.0,,,0.0,12506.0,hyperplane_gauss,19106,15,0.25770291057415307,0.29027192015200853,2,virtual,incremental,800,0.08221745014190673,0.9493547216057778,False,low,fast,virtual/incremental/K=2/low/fast/partial/imbalanced/noisy,0.0,-0.0
scn-50b8479b483b,1055747958,DDM,0.6796641997128023,0.029130286000054184,0,2.0,0.0,0.0,2.0,0.0,0.0,,0.0,0.0,1.0,,,inf,12506.0,,,0.0,12506.0,hyperplane_gauss,19106,15,0.25770291057415307,0.29027192015200853,2,virtual,incremental,800,0.08221745014190673,0.9493547216057778,False,low,fast,virtual/incremental/K=2/low/fast/partial/imbalanced/noisy,0.0,-0.0
scn-50b8479b483b,1055747958,EDDM,0.6796641997128023,0.028032501000325283,0,2.0,12.0,0.0,2.0,12.0,0.0,0.0,0.0,0.0,1.0,,,1042.1666666666667,1042.1666666666667,,,0.9595394210778826,12506.0,hyperplane_gauss,19106,15,0.25770291057415307,0.29027192015200853,2,virtual,incremental,800,0.08221745014190673,0.9493547216057778,False,low,fast,virtual/incremental/K=2/low/fast/partial/imbalanced/noisy,0.0,-0.0
scn-50b8479b483b,1055747958,HDDM_A,0.6796641997128023,0.0848794009998528,0,2.0,0.0,0.0,2.0,0.0,0.0,,0.0,0.0,1.0,,,inf,12506.0,,,0.0,12506.0,hyperplane_gauss,19106,15,0.25770291057415307,0.29027192015200853,2,virtual,incremental,800,0.08221745014190673,0.9493547216057778,False,low,fast,virtual/incremental/K=2/low/fast/partial/imbalanced/noisy,0.0,-0.0
scn-50b8479b483b,1055747958,HDDM_W,0.6796641997128023,0.0722966280000037,0,2.0,5.0,1.0,1.0,2.0,2.0,0.2,0.5,0.28571428571428575,0.5,83.0,83.0,6253.0,6253.0,37.66867469879518,37.66867469879518,0.15992323684631377,12506.0,hyperplane_gauss,19106,15,0.25770291057415307,0.29027192015200853,2,virtual,incremental,800,0.08221745014190673,0.9493547216057778,False,low,fast,virtual/incremental/K=2/low/fast/partial/imbalanced/noisy,0.0,-0.0
scn-50b8479b483b,1055747958,FHDDM,0.6796641997128023,0.025543355000081647,0,2.0,1.0,1.0,1.0,0.0,0.0,1.0,0.5,0.6666666666666666,0.5,1636.0,1636.0,inf,12506.0,inf,3.8221271393643033,0.0,12506.0,hyperplane_gauss,19106,15,0.25770291057415307,0.29027192015200853,2,virtual,incremental,800,0.08221745014190673,0.9493547216057778,False,low,fast,virtual/incremental/K=2/low/fast/partial/imbalanced/noisy,0.0,-0.0
scn-50b8479b483b,1055747958,NoDrift,0.6796641997128023,0.019469618999664817,0,2.0,0.0,0.0,2.0,0.0,0.0,,0.0,0.0,1.0,,,inf,12506.0,,,0.0,12506.0,hyperplane_gauss,19106,15,0.25770291057415307,0.29027192015200853,2,virtual,incremental,800,0.08221745014190673,0.9493547216057778,False,low,fast,virtual/incremental/K=2/low/fast/partial/imbalanced/noisy,0.0,-0.0
scn-50b8479b483b,1055747958,Periodic(2000),0.6796641997128023,0.020022406999942177,0,2.0,9.0,2.0,0.0,7.0,0.0,0.2222222222222222,1.0,0.3636363636363636,0.0,1347.5,1347.5,1786.5714285714287,1786.5714285714287,1.3258415054333423,1.3258415054333423,0.5597313289620982,12506.0,hyperplane_gauss,19106,15,0.25770291057415307,0.29027192015200853,2,virtual,incremental,800,0.08221745014190673,0.9493547216057778,False,low,fast,virtual/incremental/K=2/low/fast/partial/imbalanced/noisy,0.0,-0.0
scn-50b8479b483b,1055747958,Oracle,0.6796641997128023,0.020115185999657115,0,2.0,2.0,2.0,0.0,0.0,0.0,1.0,1.0,1.0,0.0,401.0,401.0,inf,12506.0,inf,31.18703241895262,0.0,12506.0,hyperplane_gauss,19106,15,0.25770291057415307,0.29027192015200853,2,virtual,incremental,800,0.08221745014190673,0.9493547216057778,False,low,fast,virtual/incremental/K=2/low/fast/partial/imbalanced/noisy,0.0,-0.0
scn-fbac6d341f02,1490248557,ADWIN,0.9157245373284653,0.031130330999985745,0,5.0,5.0,4.0,1.0,1.0,0.0,0.8,0.8,0.8000000000000002,0.19999999999999996,1195.5,1194.5,29715.0,29715.0,19.88456712672522,19.88456712672522,0.03365303718660609,29715.0,hyperplane_gauss,40715,3,0.43336618444882335,0.03437180696055293,5,prior,sudden,0,0.27852051734924316,1.0,True,medium,abrupt,prior/sudden/K=5/recurring/medium/abrupt/n/a/balanced/noisy,0.0,-0.0
scn-fbac6d341f02,1490248557,PageHinkley,0.9157245373284653,0.03959689499970409,0,5.0,5.0,4.0,1.0,1.0,0.0,0.8,0.8,0.8000000000000002,0.19999999999999996,772.75,816.5,29715.0,29715.0,30.762859915884828,30.762859915884828,0.03365303718660609,29715.0,hyperplane_gauss,40715,3,0.43336618444882335,0.03437180696055293,5,prior,sudden,0,0.27852051734924316,1.0,True,medium,abrupt,prior/sudden/K=5/recurring/medium/abrupt/n/a/balanced/noisy,0.0,-0.0
scn-fbac6d341f02,1490248557,PageHinkley-up,0.9157245373284653,0.037659321999854,0,5.0,3.0,2.0,3.0,1.0,0.0,0.6666666666666666,0.4,0.5,0.6,1047.5,1047.5,29715.0,29715.0,11.347016706443915,11.347016706443915,0.03365303718660609,29715.0,hyperplane_gauss,40715,3,0.43336618444882335,0.03437180696055293,5,prior,sudden,0,0.27852051734924316,1.0,True,medium,abrupt,prior/sudden/K=5/recurring/medium/abrupt/n/a/balanced/noisy,0.0,-0.0
scn-fbac6d341f02,1490248557,DDM,0.9157245373284653,0.03767470599996159,0,5.0,4.0,1.0,4.0,3.0,0.0,0.25,0.2,0.22222222222222224,0.8,389.0,389.0,9905.0,9905.0,5.092544987146528,5.092544987146528,0.10095911155981828,29715.0,hyperplane_gauss,40715,3,0.43336618444882335,0.03437180696055293,5,prior,sudden,0,0.27852051734924316,1.0,True,medium,abrupt,prior/sudden/K=5/recurring/medium/abrupt/n/a/balanced/noisy,0.0,-0.0
scn-fbac6d341f02,1490248557,EDDM,0.9157245373284653,0.027724286999728065,0,5.0,68.0,4.0,1.0,47.0,17.0,0.058823529411764705,0.8,0.1095890410958904,0.19999999999999996,237.75,119.5,632.2340425531914,632.2340425531914,2.1273911000738304,2.1273911000738304,1.5816927477704863,29715.0,hyperplane_gauss,40715,3,0.43336618444882335,0.03437180696055293,5,prior,sudden,0,0.27852051734924316,1.0,True,medium,abrupt,prior/sudden/K=5/recurring/medium/abrupt/n/a/balanced/noisy,0.0,-0.0
scn-fbac6d341f02,1490248557,HDDM_A,0.9157245373284653,0.14420589600013045,0,5.0,1.0,1.0,4.0,0.0,0.0,1.0,0.2,0.33333333333333337,0.8,817.0,817.0,inf,29715.0,inf,7.274173806609545,0.0,29715.0,hyperplane_gauss,40715,3,0.43336618444882335,0.03437180696055293,5,prior,sudden,0,0.27852051734924316,1.0,True,medium,abrupt,prior/sudden/K=5/recurring/medium/abrupt/n/a/balanced/noisy,0.0,-0.0
scn-fbac6d341f02,1490248557,HDDM_W,0.9157245373284653,0.11871000300016021,0,5.0,0.0,0.0,5.0,0.0,0.0,,0.0,0.0,1.0,,,inf,29715.0,,,0.0,29715.0,hyperplane_gauss,40715,3,0.43336618444882335,0.03437180696055293,5,prior,sudden,0,0.27852051734924316,1.0,True,medium,abrupt,prior/sudden/K=5/recurring/medium/abrupt/n/a/balanced/noisy,0.0,-0.0
scn-fbac6d341f02,1490248557,FHDDM,0.9157245373284653,0.03129832200011151,0,5.0,0.0,0.0,5.0,0.0,0.0,,0.0,0.0,1.0,,,inf,29715.0,,,0.0,29715.0,hyperplane_gauss,40715,3,0.43336618444882335,0.03437180696055293,5,prior,sudden,0,0.27852051734924316,1.0,True,medium,abrupt,prior/sudden/K=5/recurring/medium/abrupt/n/a/balanced/noisy,0.0,-0.0
scn-fbac6d341f02,1490248557,NoDrift,0.9157245373284653,0.018866238999635243,0,5.0,0.0,0.0,5.0,0.0,0.0,,0.0,0.0,1.0,,,inf,29715.0,,,0.0,29715.0,hyperplane_gauss,40715,3,0.43336618444882335,0.03437180696055293,5,prior,sudden,0,0.27852051734924316,1.0,True,medium,abrupt,prior/sudden/K=5/recurring/medium/abrupt/n/a/balanced/noisy,0.0,-0.0
scn-fbac6d341f02,1490248557,Periodic(2000),0.9157245373284653,0.019557763000193518,0,5.0,19.0,5.0,0.0,14.0,0.0,0.2631578947368421,1.0,0.4166666666666667,0.0,1143.0,1143.0,2122.5,2122.5,1.856955380577428,1.856955380577428,0.4711425206124853,29715.0,hyperplane_gauss,40715,3,0.43336618444882335,0.03437180696055293,5,prior,sudden,0,0.27852051734924316,1.0,True,medium,abrupt,prior/sudden/K=5/recurring/medium/abrupt/n/a/balanced/noisy,0.0,-0.0
scn-fbac6d341f02,1490248557,Oracle,0.9157245373284653,0.01925989999972444,0,5.0,5.0,5.0,0.0,0.0,0.0,1.0,1.0,1.0,0.0,1.0,1.0,inf,29715.0,inf,29715.0,0.0,29715.0,hyperplane_gauss,40715,3,0.43336618444882335,0.03437180696055293,5,prior,sudden,0,0.27852051734924316,1.0,True,medium,abrupt,prior/sudden/K=5/recurring/medium/abrupt/n/a/balanced/noisy,0.0,-0.0
scn-fbac6d341f02,1490248558,ADWIN,0.9161525871836838,0.026978992999829643,0,5.0,4.0,1.0,4.0,3.0,0.0,0.25,0.2,0.22222222222222224,0.8,1232.0,1232.0,9905.0,9905.0,1.607954545454545,1.607954545454545,0.10095911155981828,29715.0,hyperplane_gauss,40715,3,0.43336618444882335,0.03437180696055293,5,prior,sudden,0,0.27852051734924316,1.0,True,medium,abrupt,prior/sudden/K=5/recurring/medium/abrupt/n/a/balanced/noisy,0.0,-0.0
scn-fbac6d341f02,1490248558,PageHinkley,0.9161525871836838,0.03766449200020361,0,5.0,5.0,3.0,2.0,2.0,0.0,0.6,0.6,0.6,0.4,1254.6666666666667,1059.0,14857.5,14857.5,7.105074388947927,7.105074388947927,0.06730607437321218,29715.0,hyperplane_gauss,40715,3,0.43336618444882335,0.03437180696055293,5,prior,sudden,0,0.27852051734924316,1.0,True,medium,abrupt,prior/sudden/K=5/recurring/medium/abrupt/n/a/balanced/noisy,0.0,-0.0
scn-fbac6d341f02,1490248558,PageHinkley-up,0.9161525871836838,0.037259161999827484,0,5.0,3.0,1.0,4.0,2.0,0.0,0.3333333333333333,0.2,0.25,0.8,915.0,915.0,14857.5,14857.5,3.2475409836065565,3.2475409836065565,0.06730607437321218,29715.0,hyperplane_gauss,40715,3,0.43336618444882335,0.03437180696055293,5,prior,sudden,0,0.27852051734924316,1.0,True,medium,abrupt,prior/sudden/K=5/recurring/medium/abrupt/n/a/balanced/noisy,0.0,-0.0
scn-fbac6d341f02,1490248558,DDM,0.9161525871836838,0.03659278299983271,0,5.0,1.0,0.0,5.0,1.0,0.0,0.0,0.0,0.0,1.0,,,29715.0,29715.0,,,0.03365303718660609,29715.0,hyperplane_gauss,40715,3,0.43336618444882335,0.03437180696055293,5,prior,sudden,0,0.27852051734924316,1.0,True,medium,abrupt,prior/sudden/K=5/recurring/medium/abrupt/n/a/balanced/noisy,0.0,-0.0
scn-fbac6d341f02,1490248558,EDDM,0.9161525871836838,0.027864023999882193,0,5.0,26.0,2.0,3.0,17.0,7.0,0.07692307692307693,0.4,0.12903225806451613,0.6,268.0,268.0,1747.9411764705883,1747.9411764705883,2.6088674275680424,2.6088674275680424,0.5721016321723036,29715.0,hyperplane_gauss,40715,3,0.43336618444882335,0.03437180696055293,5,prior,sudden,0,0.27852051734924316,1.0,True,medium,abrupt,prior/sudden/K=5/recurring/medium/abrupt/n/a/balanced/noisy,0.0,-0.0
scn-fbac6d341f02,1490248558,HDDM_A,0.9161525871836838,0.1422604260001208,0,5.0,1.0,1.0,4.0,0.0,0.0,1.0,0.2,0.33333333333333337,0.8,1075.0,1075.0,inf,29715.0,inf,5.528372093023254,0.0,29715.0,hyperplane_gauss,40715,3,0.43336618444882335,0.03437180696055293,5,prior,sudden,0,0.27852051734924316,1.0,True,medium,abrupt,prior/sudden/K=5/recurring/medium/abrupt/n/a/balanced/noisy,0.0,-0.0
scn-fbac6d341f02,1490248558,HDDM_W,0.9161525871836838,0.11654748899991318,0,5.0,0.0,0.0,5.0,0.0,0.0,,0.0,0.0,1.0,,,inf,29715.0,,,0.0,29715.0,hyperplane_gauss,40715,3,0.43336618444882335,0.03437180696055293,5,prior,sudden,0,0.27852051734924316,1.0,True,medium,abrupt,prior/sudden/K=5/recurring/medium/abrupt/n/a/balanced/noisy,0.0,-0.0
scn-fbac6d341f02,1490248558,FHDDM,0.9161525871836838,0.03120683699989968,0,5.0,0.0,0.0,5.0,0.0,0.0,,0.0,0.0,1.0,,,inf,29715.0,,,0.0,29715.0,hyperplane_gauss,40715,3,0.43336618444882335,0.03437180696055293,5,prior,sudden,0,0.27852051734924316,1.0,True,medium,abrupt,prior/sudden/K=5/recurring/medium/abrupt/n/a/balanced/noisy,0.0,-0.0
scn-fbac6d341f02,1490248558,NoDrift,0.9161525871836838,0.018137611000383913,0,5.0,0.0,0.0,5.0,0.0,0.0,,0.0,0.0,1.0,,,inf,29715.0,,,0.0,29715.0,hyperplane_gauss,40715,3,0.43336618444882335,0.03437180696055293,5,prior,sudden,0,0.27852051734924316,1.0,True,medium,abrupt,prior/sudden/K=5/recurring/medium/abrupt/n/a/balanced/noisy,0.0,-0.0
scn-fbac6d341f02,1490248558,Periodic(2000),0.9161525871836838,0.019069387999934406,0,5.0,19.0,5.0,0.0,14.0,0.0,0.2631578947368421,1.0,0.4166666666666667,0.0,1143.0,1143.0,2122.5,2122.5,1.856955380577428,1.856955380577428,0.4711425206124853,29715.0,hyperplane_gauss,40715,3,0.43336618444882335,0.03437180696055293,5,prior,sudden,0,0.27852051734924316,1.0,True,medium,abrupt,prior/sudden/K=5/recurring/medium/abrupt/n/a/balanced/noisy,0.0,-0.0
scn-fbac6d341f02,1490248558,Oracle,0.9161525871836838,0.019200083000214363,0,5.0,5.0,5.0,0.0,0.0,0.0,1.0,1.0,1.0,0.0,1.0,1.0,inf,29715.0,inf,29715.0,0.0,29715.0,hyperplane_gauss,40715,3,0.43336618444882335,0.03437180696055293,5,prior,sudden,0,0.27852051734924316,1.0,True,medium,abrupt,prior/sudden/K=5/recurring/medium/abrupt/n/a/balanced/noisy,0.0,-0.0
scn-fbac6d341f02,1490248559,ADWIN,0.9140375173108397,0.026657400999738456,0,5.0,4.0,3.0,2.0,1.0,0.0,0.75,0.6,0.6666666666666665,0.4,784.0,784.0,29715.0,29715.0,22.741071428571427,22.741071428571427,0.03365303718660609,29715.0,hyperplane_gauss,40715,3,0.43336618444882335,0.03437180696055293,5,prior,sudden,0,0.27852051734924316,1.0,True,medium,abrupt,prior/sudden/K=5/recurring/medium/abrupt/n/a/balanced/noisy,0.0,-0.0
scn-fbac6d341f02,1490248559,PageHinkley,0.9140375173108397,0.03774802299994917,0,5.0,4.0,2.0,3.0,2.0,0.0,0.5,0.4,0.4444444444444445,0.6,747.0,747.0,14857.5,14857.5,7.955823293172691,7.955823293172691,0.06730607437321218,29715.0,hyperplane_gauss,40715,3,0.43336618444882335,0.03437180696055293,5,prior,sudden,0,0.27852051734924316,1.0,True,medium,abrupt,prior/sudden/K=5/recurring/medium/abrupt/n/a/balanced/noisy,0.0,-0.0
scn-fbac6d341f02,1490248559,PageHinkley-up,0.9140375173108397,0.037783730999763065,0,5.0,2.0,1.0,4.0,1.0,0.0,0.5,0.2,0.28571428571428575,0.8,813.0,813.0,29715.0,29715.0,7.309963099630996,7.309963099630996,0.03365303718660609,29715.0,hyperplane_gauss,40715,3,0.43336618444882335,0.03437180696055293,5,prior,sudden,0,0.27852051734924316,1.0,True,medium,abrupt,prior/sudden/K=5/recurring/medium/abrupt/n/a/balanced/noisy,0.0,-0.0
scn-fbac6d341f02,1490248559,DDM,0.9140375173108397,0.03697107000016331,0,5.0,6.0,1.0,4.0,4.0,1.0,0.16666666666666666,0.2,0.1818181818181818,0.8,1506.0,1506.0,7428.75,7428.75,0.9865537848605577,0.9865537848605577,0.13461214874642435,29715.0,hyperplane_gauss,40715,3,0.43336618444882335,0.03437180696055293,5,prior,sudden,0,0.27852051734924316,1.0,True,medium,abrupt,prior/sudden/K=5/recurring/medium/abrupt/n/a/balanced/noisy,0.0,-0.0
scn-fbac6d341f02,1490248559,EDDM,0.9140375173108397,0.028113983999901393,0,5.0,32.0,3.0,2.0,25.0,4.0,0.09375,0.6,0.16216216216216214,0.4,567.6666666666666,506.0,1188.6,1188.6,1.2563006459189665,1.2563006459189665,0.8413259296651523,29715.0,hyperplane_gauss,40715,3,0.43336618444882335,0.03437180696055293,5,prior,sudden,0,0.27852051734924316,1.0,True,medium,abrupt,prior/sudden/K=5/recurring/medium/abrupt/n/a/balanced/noisy,0.0,-0.0
scn-fbac6d341f02,1490248559,HDDM_A,0.9140375173108397,0.15721510000003036,0,5.0,1.0,1.0,4.0,0.0,0.0,1.0,0.2,0.33333333333333337,0.8,689.0,689.0,inf,29715.0,inf,8.6255442670537,0.0,29715.0,hyperplane_gauss,40715,3,0.43336618444882335,0.03437180696055293,5,prior,sudden,0,0.27852051734924316,1.0,True,medium,abrupt,prior/sudden/K=5/recurring/medium/abrupt/n/a/balanced/noisy,0.0,-0.0
scn-fbac6d341f02,1490248559,HDDM_W,0.9140375173108397,0.11993725999991511,0,5.0,0.0,0.0,5.0,0.0,0.0,,0.0,0.0,1.0,,,inf,29715.0,,,0.0,29715.0,hyperplane_gauss,40715,3,0.43336618444882335,0.03437180696055293,5,prior,sudden,0,0.27852051734924316,1.0,True,medium,abrupt,prior/sudden/K=5/recurring/medium/abrupt/n/a/balanced/noisy,0.0,-0.0
scn-fbac6d341f02,1490248559,FHDDM,0.9140375173108397,0.03124059700030557,0,5.0,0.0,0.0,5.0,0.0,0.0,,0.0,0.0,1.0,,,inf,29715.0,,,0.0,29715.0,hyperplane_gauss,40715,3,0.43336618444882335,0.03437180696055293,5,prior,sudden,0,0.27852051734924316,1.0,True,medium,abrupt,prior/sudden/K=5/recurring/medium/abrupt/n/a/balanced/noisy,0.0,-0.0
scn-fbac6d341f02,1490248559,NoDrift,0.9140375173108397,0.018048235999685858,0,5.0,0.0,0.0,5.0,0.0,0.0,,0.0,0.0,1.0,,,inf,29715.0,,,0.0,29715.0,hyperplane_gauss,40715,3,0.43336618444882335,0.03437180696055293,5,prior,sudden,0,0.27852051734924316,1.0,True,medium,abrupt,prior/sudden/K=5/recurring/medium/abrupt/n/a/balanced/noisy,0.0,-0.0
scn-fbac6d341f02,1490248559,Periodic(2000),0.9140375173108397,0.03153084999985367,0,5.0,19.0,5.0,0.0,14.0,0.0,0.2631578947368421,1.0,0.4166666666666667,0.0,1143.0,1143.0,2122.5,2122.5,1.856955380577428,1.856955380577428,0.4711425206124853,29715.0,hyperplane_gauss,40715,3,0.43336618444882335,0.03437180696055293,5,prior,sudden,0,0.27852051734924316,1.0,True,medium,abrupt,prior/sudden/K=5/recurring/medium/abrupt/n/a/balanced/noisy,0.0,-0.0
scn-fbac6d341f02,1490248559,Oracle,0.9140375173108397,0.019586637999964296,0,5.0,5.0,5.0,0.0,0.0,0.0,1.0,1.0,1.0,0.0,1.0,1.0,inf,29715.0,inf,29715.0,0.0,29715.0,hyperplane_gauss,40715,3,0.43336618444882335,0.03437180696055293,5,prior,sudden,0,0.27852051734924316,1.0,True,medium,abrupt,prior/sudden/K=5/recurring/medium/abrupt/n/a/balanced/noisy,0.0,-0.0
scn-31e9bf4704aa,1998737190,ADWIN,0.8561441063946074,0.08673585299993647,0,3.0,1.0,0.0,3.0,1.0,0.0,0.0,0.0,0.0,1.0,,,37567.0,37567.0,,,0.026619107195144674,37567.0,hyperplane_gauss,44912,27,0.22494822461158037,0.08195105893537402,3,prior,gradual,115,0.07301862969994545,1.0,True,low,fast,prior/gradual/K=3/recurring/low/fast/n/a/imbalanced/noisy,0.0,-0.0
scn-31e9bf4704aa,1998737190,PageHinkley,0.8561441063946074,0.09616073400002279,0,3.0,3.0,0.0,3.0,3.0,0.0,0.0,0.0,0.0,1.0,,,12522.333333333334,12522.333333333334,,,0.07985732158543403,37567.0,hyperplane_gauss,44912,27,0.22494822461158037,0.08195105893537402,3,prior,gradual,115,0.07301862969994545,1.0,True,low,fast,prior/gradual/K=3/recurring/low/fast/n/a/imbalanced/noisy,0.0,-0.0
scn-31e9bf4704aa,1998737190,PageHinkley-up,0.8561441063946074,0.09549733699986973,0,3.0,2.0,1.0,2.0,1.0,0.0,0.5,0.3333333333333333,0.4,0.6666666666666667,580.0,580.0,37567.0,37567.0,21.590229885057468,21.590229885057468,0.026619107195144674,37567.0,hyperplane_gauss,44912,27,0.22494822461158037,0.08195105893537402,3,prior,gradual,115,0.07301862969994545,1.0,True,low,fast,prior/gradual/K=3/recurring/low/fast/n/a/imbalanced/noisy,0.0,-0.0
scn-31e9bf4704aa,1998737190,DDM,0.8561441063946074,0.09536060199980056,0,3.0,0.0,0.0,3.0,0.0,0.0,,0.0,0.0,1.0,,,inf,37567.0,,,0.0,37567.0,hyperplane_gauss,44912,27,0.22494822461158037,0.08195105893537402,3,prior,gradual,115,0.07301862969994545,1.0,True,low,fast,prior/gradual/K=3/recurring/low/fast/n/a/imbalanced/noisy,0.0,-0.0
scn-31e9bf4704aa,1998737190,EDDM,0.8561441063946074,0.08620820800024376,0,3.0,86.0,2.0,1.0,77.0,7.0,0.023255813953488372,0.6666666666666666,0.0449438202247191,0.33333333333333337,71.5,71.5,487.8831168831169,487.8831168831169,4.549026730844912,4.549026730844912,2.04967125402614,37567.0,hyperplane_gauss,44912,27,0.22494822461158037,0.08195105893537402,3,prior,gradual,115,0.07301862969994545,1.0,True,low,fast,prior/gradual/K=3/recurring/low/fast/n/a/imbalanced/noisy,0.0,-0.0
scn-31e9bf4704aa,1998737190,HDDM_A,0.8561441063946074,0.1865236769999683,0,3.0,0.0,0.0,3.0,0.0,0.0,,0.0,0.0,1.0,,,inf,37567.0,,,0.0,37567.0,hyperplane_gauss,44912,27,0.22494822461158037,0.08195105893537402,3,prior,gradual,115,0.07301862969994545,1.0,True,low,fast,prior/gradual/K=3/recurring/low/fast/n/a/imbalanced/noisy,0.0,-0.0
scn-31e9bf4704aa,1998737190,HDDM_W,0.8561441063946074,0.18369340600020223,0,3.0,0.0,0.0,3.0,0.0,0.0,,0.0,0.0,1.0,,,inf,37567.0,,,0.0,37567.0,hyperplane_gauss,44912,27,0.22494822461158037,0.08195105893537402,3,prior,gradual,115,0.07301862969994545,1.0,True,low,fast,prior/gradual/K=3/recurring/low/fast/n/a/imbalanced/noisy,0.0,-0.0
scn-31e9bf4704aa,1998737190,FHDDM,0.8561441063946074,0.08789696899975752,0,3.0,0.0,0.0,3.0,0.0,0.0,,0.0,0.0,1.0,,,inf,37567.0,,,0.0,37567.0,hyperplane_gauss,44912,27,0.22494822461158037,0.08195105893537402,3,prior,gradual,115,0.07301862969994545,1.0,True,low,fast,prior/gradual/K=3/recurring/low/fast/n/a/imbalanced/noisy,0.0,-0.0
scn-31e9bf4704aa,1998737190,NoDrift,0.8561441063946074,0.07997973900000943,0,3.0,0.0,0.0,3.0,0.0,0.0,,0.0,0.0,1.0,,,inf,37567.0,,,0.0,37567.0,hyperplane_gauss,44912,27,0.22494822461158037,0.08195105893537402,3,prior,gradual,115,0.07301862969994545,1.0,True,low,fast,prior/gradual/K=3/recurring/low/fast/n/a/imbalanced/noisy,0.0,-0.0
scn-31e9bf4704aa,1998737190,Periodic(2000),0.8561441063946074,0.07472415100028229,0,3.0,21.0,3.0,0.0,18.0,0.0,0.14285714285714285,1.0,0.25,0.0,1102.0,1102.0,2087.0555555555557,2087.0555555555557,1.8938798144787257,1.8938798144787257,0.47914392951260415,37567.0,hyperplane_gauss,44912,27,0.22494822461158037,0.08195105893537402,3,prior,gradual,115,0.07301862969994545,1.0,True,low,fast,prior/gradual/K=3/recurring/low/fast/n/a/imbalanced/noisy,0.0,-0.0
scn-31e9bf4704aa,1998737190,Oracle,0.8561441063946074,0.07671720999996978,0,3.0,3.0,3.0,0.0,0.0,0.0,1.0,1.0,1.0,0.0,58.0,58.0,inf,37567.0,inf,647.7068965517242,0.0,37567.0,hyperplane_gauss,44912,27,0.22494822461158037,0.08195105893537402,3,prior,gradual,115,0.07301862969994545,1.0,True,low,fast,prior/gradual/K=3/recurring/low/fast/n/a/imbalanced/noisy,0.0,-0.0
scn-31e9bf4704aa,1998737191,ADWIN,0.8583075241391874,0.08320288100003381,0,3.0,1.0,1.0,2.0,0.0,0.0,1.0,0.3333333333333333,0.5,0.6666666666666667,1790.0,1790.0,inf,37567.0,inf,6.995716945996275,0.0,37567.0,hyperplane_gauss,44912,27,0.22494822461158037,0.08195105893537402,3,prior,gradual,115,0.07301862969994545,1.0,True,low,fast,prior/gradual/K=3/recurring/low/fast/n/a/imbalanced/noisy,0.0,-0.0
scn-31e9bf4704aa,1998737191,PageHinkley,0.8583075241391874,0.09379220099981467,0,3.0,2.0,0.0,3.0,2.0,0.0,0.0,0.0,0.0,1.0,,,18783.5,18783.5,,,0.05323821439028935,37567.0,hyperplane_gauss,44912,27,0.22494822461158037,0.08195105893537402,3,prior,gradual,115,0.07301862969994545,1.0,True,low,fast,prior/gradual/K=3/recurring/low/fast/n/a/imbalanced/noisy,0.0,-0.0
scn-31e9bf4704aa,1998737191,PageHinkley-up,0.8583075241391874,0.09599511899978097,0,3.0,1.0,1.0,2.0,0.0,0.0,1.0,0.3333333333333333,0.5,0.6666666666666667,1330.0,1330.0,inf,37567.0,inf,9.415288220551377,0.0,37567.0,hyperplane_gauss,44912,27,0.22494822461158037,0.08195105893537402,3,prior,gradual,115,0.07301862969994545,1.0,True,low,fast,prior/gradual/K=3/recurring/low/fast/n/a/imbalanced/noisy,0.0,-0.0
scn-31e9bf4704aa,1998737191,DDM,0.8583075241391874,0.09381709499984936,0,3.0,1.0,0.0,3.0,1.0,0.0,0.0,0.0,0.0,1.0,,,37567.0,37567.0,,,0.026619107195144674,37567.0,hyperplane_gauss,44912,27,0.22494822461158037,0.08195105893537402,3,prior,gradual,115,0.07301862969994545,1.0,True,low,fast,prior/gradual/K=3/recurring/low/fast/n/a/imbalanced/noisy,0.0,-0.0
scn-31e9bf4704aa,1998737191,EDDM,0.8583075241391874,0.08616832300003807,0,3.0,46.0,1.0,2.0,37.0,8.0,0.021739130434782608,0.3333333333333333,0.04081632653061224,0.6666666666666667,191.0,191.0,1015.3243243243244,1015.3243243243244,1.7719447195886984,1.7719447195886984,0.984906966220353,37567.0,hyperplane_gauss,44912,27,0.22494822461158037,0.08195105893537402,3,prior,gradual,115,0.07301862969994545,1.0,True,low,fast,prior/gradual/K=3/recurring/low/fast/n/a/imbalanced/noisy,0.0,-0.0
scn-31e9bf4704aa,1998737191,HDDM_A,0.8583075241391874,0.1987063430001399,0,3.0,0.0,0.0,3.0,0.0,0.0,,0.0,0.0,1.0,,,inf,37567.0,,,0.0,37567.0,hyperplane_gauss,44912,27,0.22494822461158037,0.08195105893537402,3,prior,gradual,115,0.07301862969994545,1.0,True,low,fast,prior/gradual/K=3/recurring/low/fast/n/a/imbalanced/noisy,0.0,-0.0
scn-31e9bf4704aa,1998737191,HDDM_W,0.8583075241391874,0.18306538099977843,0,3.0,0.0,0.0,3.0,0.0,0.0,,0.0,0.0,1.0,,,inf,37567.0,,,0.0,37567.0,hyperplane_gauss,44912,27,0.22494822461158037,0.08195105893537402,3,prior,gradual,115,0.07301862969994545,1.0,True,low,fast,prior/gradual/K=3/recurring/low/fast/n/a/imbalanced/noisy,0.0,-0.0
scn-31e9bf4704aa,1998737191,FHDDM,0.8583075241391874,0.08697111599985874,0,3.0,0.0,0.0,3.0,0.0,0.0,,0.0,0.0,1.0,,,inf,37567.0,,,0.0,37567.0,hyperplane_gauss,44912,27,0.22494822461158037,0.08195105893537402,3,prior,gradual,115,0.07301862969994545,1.0,True,low,fast,prior/gradual/K=3/recurring/low/fast/n/a/imbalanced/noisy,0.0,-0.0
scn-31e9bf4704aa,1998737191,NoDrift,0.8583075241391874,0.07242661899999803,0,3.0,0.0,0.0,3.0,0.0,0.0,,0.0,0.0,1.0,,,inf,37567.0,,,0.0,37567.0,hyperplane_gauss,44912,27,0.22494822461158037,0.08195105893537402,3,prior,gradual,115,0.07301862969994545,1.0,True,low,fast,prior/gradual/K=3/recurring/low/fast/n/a/imbalanced/noisy,0.0,-0.0
scn-31e9bf4704aa,1998737191,Periodic(2000),0.8583075241391874,0.07486078900001303,0,3.0,21.0,3.0,0.0,18.0,0.0,0.14285714285714285,1.0,0.25,0.0,1102.0,1102.0,2087.0555555555557,2087.0555555555557,1.8938798144787257,1.8938798144787257,0.47914392951260415,37567.0,hyperplane_gauss,44912,27,0.22494822461158037,0.08195105893537402,3,prior,gradual,115,0.07301862969994545,1.0,True,low,fast,prior/gradual/K=3/recurring/low/fast/n/a/imbalanced/noisy,0.0,-0.0
scn-31e9bf4704aa,1998737191,Oracle,0.8583075241391874,0.07363954700031172,0,3.0,3.0,3.0,0.0,0.0,0.0,1.0,1.0,1.0,0.0,58.0,58.0,inf,37567.0,inf,647.7068965517242,0.0,37567.0,hyperplane_gauss,44912,27,0.22494822461158037,0.08195105893537402,3,prior,gradual,115,0.07301862969994545,1.0,True,low,fast,prior/gradual/K=3/recurring/low/fast/n/a/imbalanced/noisy,0.0,-0.0
scn-31e9bf4704aa,1998737192,ADWIN,0.8612224448897795,0.083964620000188,0,3.0,2.0,0.0,3.0,2.0,0.0,0.0,0.0,0.0,1.0,,,18783.5,18783.5,,,0.05323821439028935,37567.0,hyperplane_gauss,44912,27,0.22494822461158037,0.08195105893537402,3,prior,gradual,115,0.07301862969994545,1.0,True,low,fast,prior/gradual/K=3/recurring/low/fast/n/a/imbalanced/noisy,0.0,-0.0
scn-31e9bf4704aa,1998737192,PageHinkley,0.8612224448897795,0.09513295700025992,0,3.0,3.0,1.0,2.0,2.0,0.0,0.3333333333333333,0.3333333333333333,0.3333333333333333,0.6666666666666667,1214.0,1214.0,18783.5,18783.5,5.157468423942888,5.157468423942888,0.05323821439028935,37567.0,hyperplane_gauss,44912,27,0.22494822461158037,0.08195105893537402,3,prior,gradual,115,0.07301862969994545,1.0,True,low,fast,prior/gradual/K=3/recurring/low/fast/n/a/imbalanced/noisy,0.0,-0.0
scn-31e9bf4704aa,1998737192,PageHinkley-up,0.8612224448897795,0.09418317900008333,0,3.0,1.0,1.0,2.0,0.0,0.0,1.0,0.3333333333333333,0.5,0.6666666666666667,406.0,406.0,inf,37567.0,inf,30.843185550082094,0.0,37567.0,hyperplane_gauss,44912,27,0.22494822461158037,0.08195105893537402,3,prior,gradual,115,0.07301862969994545,1.0,True,low,fast,prior/gradual/K=3/recurring/low/fast/n/a/imbalanced/noisy,0.0,-0.0
scn-31e9bf4704aa,1998737192,DDM,0.8612224448897795,0.09587374699958673,0,3.0,1.0,0.0,3.0,1.0,0.0,0.0,0.0,0.0,1.0,,,37567.0,37567.0,,,0.026619107195144674,37567.0,hyperplane_gauss,44912,27,0.22494822461158037,0.08195105893537402,3,prior,gradual,115,0.07301862969994545,1.0,True,low,fast,prior/gradual/K=3/recurring/low/fast/n/a/imbalanced/noisy,0.0,-0.0
scn-31e9bf4704aa,1998737192,EDDM,0.8612224448897795,0.08601687899999888,0,3.0,29.0,1.0,2.0,20.0,8.0,0.034482758620689655,0.3333333333333333,0.0625,0.6666666666666667,161.0,161.0,1878.35,1878.35,3.8889233954451337,3.8889233954451337,0.5323821439028935,37567.0,hyperplane_gauss,44912,27,0.22494822461158037,0.08195105893537402,3,prior,gradual,115,0.07301862969994545,1.0,True,low,fast,prior/gradual/K=3/recurring/low/fast/n/a/imbalanced/noisy,0.0,-0.0
scn-31e9bf4704aa,1998737192,HDDM_A,0.8612224448897795,0.19306265699970027,0,3.0,0.0,0.0,3.0,0.0,0.0,,0.0,0.0,1.0,,,inf,37567.0,,,0.0,37567.0,hyperplane_gauss,44912,27,0.22494822461158037,0.08195105893537402,3,prior,gradual,115,0.07301862969994545,1.0,True,low,fast,prior/gradual/K=3/recurring/low/fast/n/a/imbalanced/noisy,0.0,-0.0
scn-31e9bf4704aa,1998737192,HDDM_W,0.8612224448897795,0.18937236299962024,0,3.0,1.0,0.0,3.0,1.0,0.0,0.0,0.0,0.0,1.0,,,37567.0,37567.0,,,0.026619107195144674,37567.0,hyperplane_gauss,44912,27,0.22494822461158037,0.08195105893537402,3,prior,gradual,115,0.07301862969994545,1.0,True,low,fast,prior/gradual/K=3/recurring/low/fast/n/a/imbalanced/noisy,0.0,-0.0
scn-31e9bf4704aa,1998737192,FHDDM,0.8612224448897795,0.08765283699995052,0,3.0,0.0,0.0,3.0,0.0,0.0,,0.0,0.0,1.0,,,inf,37567.0,,,0.0,37567.0,hyperplane_gauss,44912,27,0.22494822461158037,0.08195105893537402,3,prior,gradual,115,0.07301862969994545,1.0,True,low,fast,prior/gradual/K=3/recurring/low/fast/n/a/imbalanced/noisy,0.0,-0.0
scn-31e9bf4704aa,1998737192,NoDrift,0.8612224448897795,0.07476788400026635,0,3.0,0.0,0.0,3.0,0.0,0.0,,0.0,0.0,1.0,,,inf,37567.0,,,0.0,37567.0,hyperplane_gauss,44912,27,0.22494822461158037,0.08195105893537402,3,prior,gradual,115,0.07301862969994545,1.0,True,low,fast,prior/gradual/K=3/recurring/low/fast/n/a/imbalanced/noisy,0.0,-0.0
scn-31e9bf4704aa,1998737192,Periodic(2000),0.8612224448897795,0.07428703300001871,0,3.0,21.0,3.0,0.0,18.0,0.0,0.14285714285714285,1.0,0.25,0.0,1102.0,1102.0,2087.0555555555557,2087.0555555555557,1.8938798144787257,1.8938798144787257,0.47914392951260415,37567.0,hyperplane_gauss,44912,27,0.22494822461158037,0.08195105893537402,3,prior,gradual,115,0.07301862969994545,1.0,True,low,fast,prior/gradual/K=3/recurring/low/fast/n/a/imbalanced/noisy,0.0,-0.0
scn-31e9bf4704aa,1998737192,Oracle,0.8612224448897795,0.07507383200027107,0,3.0,3.0,3.0,0.0,0.0,0.0,1.0,1.0,1.0,0.0,58.0,58.0,inf,37567.0,inf,647.7068965517242,0.0,37567.0,hyperplane_gauss,44912,27,0.22494822461158037,0.08195105893537402,3,prior,gradual,115,0.07301862969994545,1.0,True,low,fast,prior/gradual/K=3/recurring/low/fast/n/a/imbalanced/noisy,0.0,-0.0
scn-50e85be0e557,582590119,ADWIN,0.6098808689558515,0.012579397000081372,0,5.0,2.0,2.0,3.0,0.0,0.0,1.0,0.4,0.5714285714285715,0.6,1014.0,1014.0,inf,970.0,inf,0.3826429980276134,0.0,970.0,hyperplane_gauss,15270,6,0.41514424337074163,0.2051148885861039,5,real,gradual,660,0.35850084081292155,0.9932925036797922,False,high,fast,real/gradual/K=5/high/fast/partial/balanced/noisy,0.0,-0.0
scn-50e85be0e557,582590119,PageHinkley,0.6098808689558515,0.017018679000102566,0,5.0,4.0,3.0,2.0,0.0,1.0,0.75,0.6,0.6666666666666665,0.4,1122.6666666666667,1079.0,inf,970.0,inf,0.5184085510688835,0.0,970.0,hyperplane_gauss,15270,6,0.41514424337074163,0.2051148885861039,5,real,gradual,660,0.35850084081292155,0.9932925036797922,False,high,fast,real/gradual/K=5/high/fast/partial/balanced/noisy,0.0,-0.0
scn-50e85be0e557,582590119,PageHinkley-up,0.6098808689558515,0.016354073000002245,0,5.0,3.0,3.0,2.0,0.0,0.0,1.0,0.6,0.7499999999999999,0.4,1057.3333333333333,882.0,inf,970.0,inf,0.5504413619167718,0.0,970.0,hyperplane_gauss,15270,6,0.41514424337074163,0.2051148885861039,5,real,gradual,660,0.35850084081292155,0.9932925036797922,False,high,fast,real/gradual/K=5/high/fast/partial/balanced/noisy,0.0,-0.0
scn-50e85be0e557,582590119,DDM,0.6098808689558515,0.015833677999580686,0,5.0,2.0,2.0,3.0,0.0,0.0,1.0,0.4,0.5714285714285715,0.6,586.5,586.5,inf,970.0,inf,0.6615515771526002,0.0,970.0,hyperplane_gauss,15270,6,0.41514424337074163,0.2051148885861039,5,real,gradual,660,0.35850084081292155,0.9932925036797922,False,high,fast,real/gradual/K=5/high/fast/partial/balanced/noisy,0.0,-0.0
scn-50e85be0e557,582590119,EDDM,0.6098808689558515,0.02060974999994869,0,5.0,21.0,3.0,2.0,1.0,17.0,0.14285714285714285,0.6,0.23076923076923073,0.4,747.0,646.0,970.0,970.0,0.7791164658634537,0.7791164658634537,1.0309278350515463,970.0,hyperplane_gauss,15270,6,0.41514424337074163,0.2051148885861039,5,real,gradual,660,0.35850084081292155,0.9932925036797922,False,high,fast,real/gradual/K=5/high/fast/partial/balanced/noisy,0.0,-0.0
scn-50e85be0e557,582590119,HDDM_A,0.6098808689558515,0.05365767900002538,0,5.0,3.0,3.0,2.0,0.0,0.0,1.0,0.6,0.7499999999999999,0.4,1020.6666666666666,810.0,inf,970.0,inf,0.5702155453951666,0.0,970.0,hyperplane_gauss,15270,6,0.41514424337074163,0.2051148885861039,5,real,gradual,660,0.35850084081292155,0.9932925036797922,False,high,fast,real/gradual/K=5/high/fast/partial/balanced/noisy,0.0,-0.0
scn-50e85be0e557,582590119,HDDM_W,0.6098808689558515,0.05398735799963106,0,5.0,7.0,4.0,1.0,1.0,2.0,0.5714285714285714,0.8,0.6666666666666666,0.19999999999999996,763.0,739.0,970.0,970.0,1.017038007863696,1.017038007863696,1.0309278350515463,970.0,hyperplane_gauss,15270,6,0.41514424337074163,0.2051148885861039,5,real,gradual,660,0.35850084081292155,0.9932925036797922,False,high,fast,real/gradual/K=5/high/fast/partial/balanced/noisy,0.0,-0.0
scn-50e85be0e557,582590119,FHDDM,0.6098808689558515,0.013955237000118359,0,5.0,3.0,2.0,3.0,0.0,1.0,0.6666666666666666,0.4,0.5,0.6,747.5,747.5,inf,970.0,inf,0.5190635451505017,0.0,970.0,hyperplane_gauss,15270,6,0.41514424337074163,0.2051148885861039,5,real,gradual,660,0.35850084081292155,0.9932925036797922,False,high,fast,real/gradual/K=5/high/fast/partial/balanced/noisy,0.0,-0.0
scn-50e85be0e557,582590119,NoDrift,0.6098808689558515,0.009183687000131613,0,5.0,0.0,0.0,5.0,0.0,0.0,,0.0,0.0,1.0,,,inf,970.0,,,0.0,970.0,hyperplane_gauss,15270,6,0.41514424337074163,0.2051148885861039,5,real,gradual,660,0.35850084081292155,0.9932925036797922,False,high,fast,real/gradual/K=5/high/fast/partial/balanced/noisy,0.0,-0.0
scn-50e85be0e557,582590119,Periodic(2000),0.6098808689558515,0.009472440000081406,0,5.0,7.0,5.0,0.0,0.0,2.0,0.7142857142857143,1.0,0.8333333333333333,0.0,995.0,1049.0,inf,970.0,inf,0.9748743718592965,0.0,970.0,hyperplane_gauss,15270,6,0.41514424337074163,0.2051148885861039,5,real,gradual,660,0.35850084081292155,0.9932925036797922,False,high,fast,real/gradual/K=5/high/fast/partial/balanced/noisy,0.0,-0.0
scn-50e85be0e557,582590119,Oracle,0.6098808689558515,0.009685719000117388,0,5.0,5.0,5.0,0.0,0.0,0.0,1.0,1.0,1.0,0.0,331.0,331.0,inf,970.0,inf,2.930513595166163,0.0,970.0,hyperplane_gauss,15270,6,0.41514424337074163,0.2051148885861039,5,real,gradual,660,0.35850084081292155,0.9932925036797922,False,high,fast,real/gradual/K=5/high/fast/partial/balanced/noisy,0.0,-0.0
scn-50e85be0e557,582590120,ADWIN,0.6046951646811493,0.01258960199993453,0,5.0,2.0,2.0,3.0,0.0,0.0,1.0,0.4,0.5714285714285715,0.6,1155.0,1155.0,inf,970.0,inf,0.33593073593073597,0.0,970.0,hyperplane_gauss,15270,6,0.41514424337074163,0.2051148885861039,5,real,gradual,660,0.35850084081292155,0.9932925036797922,False,high,fast,real/gradual/K=5/high/fast/partial/balanced/noisy,0.0,-0.0
scn-50e85be0e557,582590120,PageHinkley,0.6046951646811493,0.01655464099985693,0,5.0,6.0,5.0,0.0,1.0,0.0,0.8333333333333334,1.0,0.9090909090909091,0.0,997.6,982.0,970.0,970.0,0.9723336006415396,0.9723336006415396,1.0309278350515463,970.0,hyperplane_gauss,15270,6,0.41514424337074163,0.2051148885861039,5,real,gradual,660,0.35850084081292155,0.9932925036797922,False,high,fast,real/gradual/K=5/high/fast/partial/balanced/noisy,0.0,-0.0
scn-50e85be0e557,582590120,PageHinkley-up,0.6046951646811493,0.016238379000242276,0,5.0,4.0,4.0,1.0,0.0,0.0,1.0,0.8,0.888888888888889,0.19999999999999996,1102.0,1080.5,inf,970.0,inf,0.7041742286751362,0.0,970.0,hyperplane_gauss,15270,6,0.41514424337074163,0.2051148885861039,5,real,gradual,660,0.35850084081292155,0.9932925036797922,False,high,fast,real/gradual/K=5/high/fast/partial/balanced/noisy,0.0,-0.0
scn-50e85be0e557,582590120,DDM,0.6046951646811493,0.015855196999837062,0,5.0,3.0,3.0,2.0,0.0,0.0,1.0,0.6,0.7499999999999999,0.4,930.0,907.0,inf,970.0,inf,0.6258064516129032,0.0,970.0,hyperplane_gauss,15270,6,0.41514424337074163,0.2051148885861039,5,real,gradual,660,0.35850084081292155,0.9932925036797922,False,high,fast,real/gradual/K=5/high/fast/partial/balanced/noisy,0.0,-0.0
scn-50e85be0e557,582590120,EDDM,0.6046951646811493,0.015642976999970415,0,5.0,28.0,3.0,2.0,0.0,25.0,0.10714285714285714,0.6,0.18181818181818182,0.4,546.6666666666666,693.0,inf,970.0,inf,1.0646341463414635,0.0,970.0,hyperplane_gauss,15270,6,0.41514424337074163,0.2051148885861039,5,real,gradual,660,0.35850084081292155,0.9932925036797922,False,high,fast,real/gradual/K=5/high/fast/partial/balanced/noisy,0.0,-0.0
scn-50e85be0e557,582590120,HDDM_A,0.6046951646811493,0.05681280800035893,0,5.0,5.0,4.0,1.0,0.0,1.0,0.8,0.8,0.8000000000000002,0.19999999999999996,919.75,1061.0,inf,970.0,inf,0.8437075292198968,0.0,970.0,hyperplane_gauss,15270,6,0.41514424337074163,0.2051148885861039,5,real,gradual,660,0.35850084081292155,0.9932925036797922,False,high,fast,real/gradual/K=5/high/fast/partial/balanced/noisy,0.0,-0.0
scn-50e85be0e557,582590120,HDDM_W,0.6046951646811493,0.05659745399998428,0,5.0,9.0,5.0,0.0,0.0,4.0,0.5555555555555556,1.0,0.7142857142857143,0.0,427.6,393.0,inf,970.0,inf,2.268475210477081,0.0,970.0,hyperplane_gauss,15270,6,0.41514424337074163,0.2051148885861039,5,real,gradual,660,0.35850084081292155,0.9932925036797922,False,high,fast,real/gradual/K=5/high/fast/partial/balanced/noisy,0.0,-0.0
scn-50e85be0e557,582590120,FHDDM,0.6046951646811493,0.014612533999752486,0,5.0,4.0,4.0,1.0,0.0,0.0,1.0,0.8,0.888888888888889,0.19999999999999996,885.75,910.0,inf,970.0,inf,0.8760937058989557,0.0,970.0,hyperplane_gauss,15270,6,0.41514424337074163,0.2051148885861039,5,real,gradual,660,0.35850084081292155,0.9932925036797922,False,high,fast,real/gradual/K=5/high/fast/partial/balanced/noisy,0.0,-0.0
scn-50e85be0e557,582590120,NoDrift,0.6046951646811493,0.009119568999722105,0,5.0,0.0,0.0,5.0,0.0,0.0,,0.0,0.0,1.0,,,inf,970.0,,,0.0,970.0,hyperplane_gauss,15270,6,0.41514424337074163,0.2051148885861039,5,real,gradual,660,0.35850084081292155,0.9932925036797922,False,high,fast,real/gradual/K=5/high/fast/partial/balanced/noisy,0.0,-0.0
scn-50e85be0e557,582590120,Periodic(2000),0.6046951646811493,0.009516753000298195,0,5.0,7.0,5.0,0.0,0.0,2.0,0.7142857142857143,1.0,0.8333333333333333,0.0,995.0,1049.0,inf,970.0,inf,0.9748743718592965,0.0,970.0,hyperplane_gauss,15270,6,0.41514424337074163,0.2051148885861039,5,real,gradual,660,0.35850084081292155,0.9932925036797922,False,high,fast,real/gradual/K=5/high/fast/partial/balanced/noisy,0.0,-0.0
scn-50e85be0e557,582590120,Oracle,0.6046951646811493,0.009526022000045486,0,5.0,5.0,5.0,0.0,0.0,0.0,1.0,1.0,1.0,0.0,331.0,331.0,inf,970.0,inf,2.930513595166163,0.0,970.0,hyperplane_gauss,15270,6,0.41514424337074163,0.2051148885861039,5,real,gradual,660,0.35850084081292155,0.9932925036797922,False,high,fast,real/gradual/K=5/high/fast/partial/balanced/noisy,0.0,-0.0
scn-50e85be0e557,582590121,ADWIN,0.607988787666433,0.012449582000044757,0,5.0,2.0,2.0,3.0,0.0,0.0,1.0,0.4,0.5714285714285715,0.6,1190.0,1190.0,inf,970.0,inf,0.32605042016806723,0.0,970.0,hyperplane_gauss,15270,6,0.41514424337074163,0.2051148885861039,5,real,gradual,660,0.35850084081292155,0.9932925036797922,False,high,fast,real/gradual/K=5/high/fast/partial/balanced/noisy,0.0,-0.0
scn-50e85be0e557,582590121,PageHinkley,0.607988787666433,0.0166071040002862,0,5.0,7.0,4.0,1.0,1.0,2.0,0.5714285714285714,0.8,0.6666666666666666,0.19999999999999996,897.75,905.0,970.0,970.0,0.8643831801726538,0.8643831801726538,1.0309278350515463,970.0,hyperplane_gauss,15270,6,0.41514424337074163,0.2051148885861039,5,real,gradual,660,0.35850084081292155,0.9932925036797922,False,high,fast,real/gradual/K=5/high/fast/partial/balanced/noisy,0.0,-0.0
scn-50e85be0e557,582590121,PageHinkley-up,0.607988787666433,0.01697906299978058,0,5.0,3.0,3.0,2.0,0.0,0.0,1.0,0.6,0.7499999999999999,0.4,896.0,943.0,inf,970.0,inf,0.6495535714285715,0.0,970.0,hyperplane_gauss,15270,6,0.41514424337074163,0.2051148885861039,5,real,gradual,660,0.35850084081292155,0.9932925036797922,False,high,fast,real/gradual/K=5/high/fast/partial/balanced/noisy,0.0,-0.0
scn-50e85be0e557,582590121,DDM,0.607988787666433,0.0160564500001783,0,5.0,3.0,3.0,2.0,0.0,0.0,1.0,0.6,0.7499999999999999,0.4,929.0,973.0,inf,970.0,inf,0.6264800861141012,0.0,970.0,hyperplane_gauss,15270,6,0.41514424337074163,0.2051148885861039,5,real,gradual,660,0.35850084081292155,0.9932925036797922,False,high,fast,real/gradual/K=5/high/fast/partial/balanced/noisy,0.0,-0.0
scn-50e85be0e557,582590121,EDDM,0.607988787666433,0.015073935000145866,0,5.0,26.0,3.0,2.0,2.0,21.0,0.11538461538461539,0.6,0.1935483870967742,0.4,822.3333333333334,81.0,485.0,485.0,0.35387109850020265,0.35387109850020265,2.0618556701030926,970.0,hyperplane_gauss,15270,6,0.41514424337074163,0.2051148885861039,5,real,gradual,660,0.35850084081292155,0.9932925036797922,False,high,fast,real/gradual/K=5/high/fast/partial/balanced/noisy,0.0,-0.0
scn-50e85be0e557,582590121,HDDM_A,0.607988787666433,0.05460388400024385,0,5.0,3.0,3.0,2.0,0.0,0.0,1.0,0.6,0.7499999999999999,0.4,843.0,784.0,inf,970.0,inf,0.6903914590747331,0.0,970.0,hyperplane_gauss,15270,6,0.41514424337074163,0.2051148885861039,5,real,gradual,660,0.35850084081292155,0.9932925036797922,False,high,fast,real/gradual/K=5/high/fast/partial/balanced/noisy,0.0,-0.0
scn-50e85be0e557,582590121,HDDM_W,0.607988787666433,0.05773625199981325,0,5.0,11.0,5.0,0.0,0.0,6.0,0.45454545454545453,1.0,0.625,0.0,470.4,449.0,inf,970.0,inf,2.062074829931973,0.0,970.0,hyperplane_gauss,15270,6,0.41514424337074163,0.2051148885861039,5,real,gradual,660,0.35850084081292155,0.9932925036797922,False,high,fast,real/gradual/K=5/high/fast/partial/balanced/noisy,0.0,-0.0
scn-50e85be0e557,582590121,FHDDM,0.607988787666433,0.014013054000315606,0,5.0,5.0,4.0,1.0,0.0,1.0,0.8,0.8,0.8000000000000002,0.19999999999999996,628.75,610.5,inf,970.0,inf,1.2341948310139166,0.0,970.0,hyperplane_gauss,15270,6,0.41514424337074163,0.2051148885861039,5,real,gradual,660,0.35850084081292155,0.9932925036797922,False,high,fast,real/gradual/K=5/high/fast/partial/balanced/noisy,0.0,-0.0
scn-50e85be0e557,582590121,NoDrift,0.607988787666433,0.009193967999635788,0,5.0,0.0,0.0,5.0,0.0,0.0,,0.0,0.0,1.0,,,inf,970.0,,,0.0,970.0,hyperplane_gauss,15270,6,0.41514424337074163,0.2051148885861039,5,real,gradual,660,0.35850084081292155,0.9932925036797922,False,high,fast,real/gradual/K=5/high/fast/partial/balanced/noisy,0.0,-0.0
scn-50e85be0e557,582590121,Periodic(2000),0.607988787666433,0.00956275699991238,0,5.0,7.0,5.0,0.0,0.0,2.0,0.7142857142857143,1.0,0.8333333333333333,0.0,995.0,1049.0,inf,970.0,inf,0.9748743718592965,0.0,970.0,hyperplane_gauss,15270,6,0.41514424337074163,0.2051148885861039,5,real,gradual,660,0.35850084081292155,0.9932925036797922,False,high,fast,real/gradual/K=5/high/fast/partial/balanced/noisy,0.0,-0.0
scn-50e85be0e557,582590121,Oracle,0.607988787666433,0.009646620000239636,0,5.0,5.0,5.0,0.0,0.0,0.0,1.0,1.0,1.0,0.0,331.0,331.0,inf,970.0,inf,2.930513595166163,0.0,970.0,hyperplane_gauss,15270,6,0.41514424337074163,0.2051148885861039,5,real,gradual,660,0.35850084081292155,0.9932925036797922,False,high,fast,real/gradual/K=5/high/fast/partial/balanced/noisy,0.0,-0.0
scn-fb2f27f187e6,269926837,ADWIN,0.9011436324869161,0.030842243000279268,0,4.0,0.0,0.0,4.0,0.0,0.0,,0.0,0.0,1.0,,,inf,15035.0,,,0.0,15035.0,hyperplane_gauss,26795,10,0.1532439632341266,0.007737334258854389,4,virtual,incremental,690,0.4021758268773556,0.6556549496948719,False,high,fast,virtual/incremental/K=4/high/fast/partial/imbalanced/noisy,0.0,-0.0
scn-fb2f27f187e6,269926837,PageHinkley,0.9011436324869161,0.033655890999853,0,4.0,0.0,0.0,4.0,0.0,0.0,,0.0,0.0,1.0,,,inf,15035.0,,,0.0,15035.0,hyperplane_gauss,26795,10,0.1532439632341266,0.007737334258854389,4,virtual,incremental,690,0.4021758268773556,0.6556549496948719,False,high,fast,virtual/incremental/K=4/high/fast/partial/imbalanced/noisy,0.0,-0.0
scn-fb2f27f187e6,269926837,PageHinkley-up,0.9011436324869161,0.03279277000001457,0,4.0,0.0,0.0,4.0,0.0,0.0,,0.0,0.0,1.0,,,inf,15035.0,,,0.0,15035.0,hyperplane_gauss,26795,10,0.1532439632341266,0.007737334258854389,4,virtual,incremental,690,0.4021758268773556,0.6556549496948719,False,high,fast,virtual/incremental/K=4/high/fast/partial/imbalanced/noisy,0.0,-0.0
scn-fb2f27f187e6,269926837,DDM,0.9011436324869161,0.03285614600008557,0,4.0,0.0,0.0,4.0,0.0,0.0,,0.0,0.0,1.0,,,inf,15035.0,,,0.0,15035.0,hyperplane_gauss,26795,10,0.1532439632341266,0.007737334258854389,4,virtual,incremental,690,0.4021758268773556,0.6556549496948719,False,high,fast,virtual/incremental/K=4/high/fast/partial/imbalanced/noisy,0.0,-0.0
scn-fb2f27f187e6,269926837,EDDM,0.9011436324869161,0.027000320000297506,0,4.0,7.0,1.0,3.0,5.0,1.0,0.14285714285714285,0.25,0.18181818181818182,0.75,277.0,277.0,3007.0,3007.0,2.713898916967509,2.713898916967509,0.3325573661456601,15035.0,hyperplane_gauss,26795,10,0.1532439632341266,0.007737334258854389,4,virtual,incremental,690,0.4021758268773556,0.6556549496948719,False,high,fast,virtual/incremental/K=4/high/fast/partial/imbalanced/noisy,0.0,-0.0
scn-fb2f27f187e6,269926837,HDDM_A,0.9011436324869161,0.09320781399992484,0,4.0,0.0,0.0,4.0,0.0,0.0,,0.0,0.0,1.0,,,inf,15035.0,,,0.0,15035.0,hyperplane_gauss,26795,10,0.1532439632341266,0.007737334258854389,4,virtual,incremental,690,0.4021758268773556,0.6556549496948719,False,high,fast,virtual/incremental/K=4/high/fast/partial/imbalanced/noisy,0.0,-0.0
scn-fb2f27f187e6,269926837,HDDM_W,0.9011436324869161,0.08548988900020049,0,4.0,0.0,0.0,4.0,0.0,0.0,,0.0,0.0,1.0,,,inf,15035.0,,,0.0,15035.0,hyperplane_gauss,26795,10,0.1532439632341266,0.007737334258854389,4,virtual,incremental,690,0.4021758268773556,0.6556549496948719,False,high,fast,virtual/incremental/K=4/high/fast/partial/imbalanced/noisy,0.0,-0.0
scn-fb2f27f187e6,269926837,FHDDM,0.9011436324869161,0.02889086999994106,0,4.0,0.0,0.0,4.0,0.0,0.0,,0.0,0.0,1.0,,,inf,15035.0,,,0.0,15035.0,hyperplane_gauss,26795,10,0.1532439632341266,0.007737334258854389,4,virtual,incremental,690,0.4021758268773556,0.6556549496948719,False,high,fast,virtual/incremental/K=4/high/fast/partial/imbalanced/noisy,0.0,-0.0
scn-fb2f27f187e6,269926837,NoDrift,0.9011436324869161,0.02054755800008934,0,4.0,0.0,0.0,4.0,0.0,0.0,,0.0,0.0,1.0,,,inf,15035.0,,,0.0,15035.0,hyperplane_gauss,26795,10,0.1532439632341266,0.007737334258854389,4,virtual,incremental,690,0.4021758268773556,0.6556549496948719,False,high,fast,virtual/incremental/K=4/high/fast/partial/imbalanced/noisy,0.0,-0.0
scn-fb2f27f187e6,269926837,Periodic(2000),0.9011436324869161,0.02121084800000972,0,4.0,12.0,4.0,0.0,7.0,1.0,0.3333333333333333,1.0,0.5,0.0,948.0,999.5,2147.8571428571427,2147.8571428571427,2.2656720916214583,2.2656720916214583,0.4655803126039242,15035.0,hyperplane_gauss,26795,10,0.1532439632341266,0.007737334258854389,4,virtual,incremental,690,0.4021758268773556,0.6556549496948719,False,high,fast,virtual/incremental/K=4/high/fast/partial/imbalanced/noisy,0.0,-0.0
scn-fb2f27f187e6,269926837,Oracle,0.9011436324869161,0.02174786600016887,0,4.0,4.0,4.0,0.0,0.0,0.0,1.0,1.0,1.0,0.0,346.0,346.0,inf,15035.0,inf,43.45375722543353,0.0,15035.0,hyperplane_gauss,26795,10,0.1532439632341266,0.007737334258854389,4,virtual,incremental,690,0.4021758268773556,0.6556549496948719,False,high,fast,virtual/incremental/K=4/high/fast/partial/imbalanced/noisy,0.0,-0.0
scn-fb2f27f187e6,269926838,ADWIN,0.9033533630548556,0.026539277999745536,0,4.0,0.0,0.0,4.0,0.0,0.0,,0.0,0.0,1.0,,,inf,15035.0,,,0.0,15035.0,hyperplane_gauss,26795,10,0.1532439632341266,0.007737334258854389,4,virtual,incremental,690,0.4021758268773556,0.6556549496948719,False,high,fast,virtual/incremental/K=4/high/fast/partial/imbalanced/noisy,0.0,-0.0
scn-fb2f27f187e6,269926838,PageHinkley,0.9033533630548556,0.03318553200006136,0,4.0,1.0,1.0,3.0,0.0,0.0,1.0,0.25,0.4,0.75,1776.0,1776.0,inf,15035.0,inf,2.1164132882882885,0.0,15035.0,hyperplane_gauss,26795,10,0.1532439632341266,0.007737334258854389,4,virtual,incremental,690,0.4021758268773556,0.6556549496948719,False,high,fast,virtual/incremental/K=4/high/fast/partial/imbalanced/noisy,0.0,-0.0
scn-fb2f27f187e6,269926838,PageHinkley-up,0.9033533630548556,0.033265319999827625,0,4.0,0.0,0.0,4.0,0.0,0.0,,0.0,0.0,1.0,,,inf,15035.0,,,0.0,15035.0,hyperplane_gauss,26795,10,0.1532439632341266,0.007737334258854389,4,virtual,incremental,690,0.4021758268773556,0.6556549496948719,False,high,fast,virtual/incremental/K=4/high/fast/partial/imbalanced/noisy,0.0,-0.0
scn-fb2f27f187e6,269926838,DDM,0.9033533630548556,0.032999345999996876,0,4.0,0.0,0.0,4.0,0.0,0.0,,0.0,0.0,1.0,,,inf,15035.0,,,0.0,15035.0,hyperplane_gauss,26795,10,0.1532439632341266,0.007737334258854389,4,virtual,incremental,690,0.4021758268773556,0.6556549496948719,False,high,fast,virtual/incremental/K=4/high/fast/partial/imbalanced/noisy,0.0,-0.0
scn-fb2f27f187e6,269926838,EDDM,0.9033533630548556,0.027593633999913436,0,4.0,6.0,1.0,3.0,2.0,3.0,0.16666666666666666,0.25,0.2,0.75,1548.0,1548.0,7517.5,7517.5,1.2140665374677002,1.2140665374677002,0.13302294645826404,15035.0,hyperplane_gauss,26795,10,0.1532439632341266,0.007737334258854389,4,virtual,incremental,690,0.4021758268773556,0.6556549496948719,False,high,fast,virtual/incremental/K=4/high/fast/partial/imbalanced/noisy,0.0,-0.0
scn-fb2f27f187e6,269926838,HDDM_A,0.9033533630548556,0.09237503100030153,0,4.0,0.0,0.0,4.0,0.0,0.0,,0.0,0.0,1.0,,,inf,15035.0,,,0.0,15035.0,hyperplane_gauss,26795,10,0.1532439632341266,0.007737334258854389,4,virtual,incremental,690,0.4021758268773556,0.6556549496948719,False,high,fast,virtual/incremental/K=4/high/fast/partial/imbalanced/noisy,0.0,-0.0
scn-fb2f27f187e6,269926838,HDDM_W,0.9033533630548556,0.0859371349997673,0,4.0,0.0,0.0,4.0,0.0,0.0,,0.0,0.0,1.0,,,inf,15035.0,,,0.0,15035.0,hyperplane_gauss,26795,10,0.1532439632341266,0.007737334258854389,4,virtual,incremental,690,0.4021758268773556,0.6556549496948719,False,high,fast,virtual/incremental/K=4/high/fast/partial/imbalanced/noisy,0.0,-0.0
scn-fb2f27f187e6,269926838,FHDDM,0.9033533630548556,0.029176085000017338,0,4.0,0.0,0.0,4.0,0.0,0.0,,0.0,0.0,1.0,,,inf,15035.0,,,0.0,15035.0,hyperplane_gauss,26795,10,0.1532439632341266,0.007737334258854389,4,virtual,incremental,690,0.4021758268773556,0.6556549496948719,False,high,fast,virtual/incremental/K=4/high/fast/partial/imbalanced/noisy,0.0,-0.0
scn-fb2f27f187e6,269926838,NoDrift,0.9033533630548556,0.02094425399991451,0,4.0,0.0,0.0,4.0,0.0,0.0,,0.0,0.0,1.0,,,inf,15035.0,,,0.0,15035.0,hyperplane_gauss,26795,10,0.1532439632341266,0.007737334258854389,4,virtual,incremental,690,0.4021758268773556,0.6556549496948719,False,high,fast,virtual/incremental/K=4/high/fast/partial/imbalanced/noisy,0.0,-0.0
scn-fb2f27f187e6,269926838,Periodic(2000),0.9033533630548556,0.021612083000036364,0,4.0,12.0,4.0,0.0,7.0,1.0,0.3333333333333333,1.0,0.5,0.0,948.0,999.5,2147.8571428571427,2147.8571428571427,2.2656720916214583,2.2656720916214583,0.4655803126039242,15035.0,hyperplane_gauss,26795,10,0.1532439632341266,0.007737334258854389,4,virtual,incremental,690,0.4021758268773556,0.6556549496948719,False,high,fast,virtual/incremental/K=4/high/fast/partial/imbalanced/noisy,0.0,-0.0
scn-fb2f27f187e6,269926838,Oracle,0.9033533630548556,0.02199465900002906,0,4.0,4.0,4.0,0.0,0.0,0.0,1.0,1.0,1.0,0.0,346.0,346.0,inf,15035.0,inf,43.45375722543353,0.0,15035.0,hyperplane_gauss,26795,10,0.1532439632341266,0.007737334258854389,4,virtual,incremental,690,0.4021758268773556,0.6556549496948719,False,high,fast,virtual/incremental/K=4/high/fast/partial/imbalanced/noisy,0.0,-0.0
scn-fb2f27f187e6,269926839,ADWIN,0.9000193836014732,0.026778701999774057,0,4.0,0.0,0.0,4.0,0.0,0.0,,0.0,0.0,1.0,,,inf,15035.0,,,0.0,15035.0,hyperplane_gauss,26795,10,0.1532439632341266,0.007737334258854389,4,virtual,incremental,690,0.4021758268773556,0.6556549496948719,False,high,fast,virtual/incremental/K=4/high/fast/partial/imbalanced/noisy,0.0,-0.0
scn-fb2f27f187e6,269926839,PageHinkley,0.9000193836014732,0.03425260800031538,0,4.0,0.0,0.0,4.0,0.0,0.0,,0.0,0.0,1.0,,,inf,15035.0,,,0.0,15035.0,hyperplane_gauss,26795,10,0.1532439632341266,0.007737334258854389,4,virtual,incremental,690,0.4021758268773556,0.6556549496948719,False,high,fast,virtual/incremental/K=4/high/fast/partial/imbalanced/noisy,0.0,-0.0
scn-fb2f27f187e6,269926839,PageHinkley-up,0.9000193836014732,0.03362840199997663,0,4.0,0.0,0.0,4.0,0.0,0.0,,0.0,0.0,1.0,,,inf,15035.0,,,0.0,15035.0,hyperplane_gauss,26795,10,0.1532439632341266,0.007737334258854389,4,virtual,incremental,690,0.4021758268773556,0.6556549496948719,False,high,fast,virtual/incremental/K=4/high/fast/partial/imbalanced/noisy,0.0,-0.0
scn-fb2f27f187e6,269926839,DDM,0.9000193836014732,0.03368886299995211,0,4.0,0.0,0.0,4.0,0.0,0.0,,0.0,0.0,1.0,,,inf,15035.0,,,0.0,15035.0,hyperplane_gauss,26795,10,0.1532439632341266,0.007737334258854389,4,virtual,incremental,690,0.4021758268773556,0.6556549496948719,False,high,fast,virtual/incremental/K=4/high/fast/partial/imbalanced/noisy,0.0,-0.0
scn-fb2f27f187e6,269926839,EDDM,0.9000193836014732,0.02743580700007442,0,4.0,65.0,4.0,0.0,33.0,28.0,0.06153846153846154,1.0,0.11594202898550725,0.0,172.5,147.0,455.6060606060606,455.6060606060606,2.6411945542380324,2.6411945542380324,2.1948786165613567,15035.0,hyperplane_gauss,26795,10,0.1532439632341266,0.007737334258854389,4,virtual,incremental,690,0.4021758268773556,0.6556549496948719,False,high,fast,virtual/incremental/K=4/high/fast/partial/imbalanced/noisy,0.0,-0.0
scn-fb2f27f187e6,269926839,HDDM_A,0.9000193836014732,0.08696453099992141,0,4.0,0.0,0.0,4.0,0.0,0.0,,0.0,0.0,1.0,,,inf,15035.0,,,0.0,15035.0,hyperplane_gauss,26795,10,0.1532439632341266,0.007737334258854389,4,virtual,incremental,690,0.4021758268773556,0.6556549496948719,False,high,fast,virtual/incremental/K=4/high/fast/partial/imbalanced/noisy,0.0,-0.0
scn-fb2f27f187e6,269926839,HDDM_W,0.9000193836014732,0.08417307899981097,0,4.0,0.0,0.0,4.0,0.0,0.0,,0.0,0.0,1.0,,,inf,15035.0,,,0.0,15035.0,hyperplane_gauss,26795,10,0.1532439632341266,0.007737334258854389,4,virtual,incremental,690,0.4021758268773556,0.6556549496948719,False,high,fast,virtual/incremental/K=4/high/fast/partial/imbalanced/noisy,0.0,-0.0
scn-fb2f27f187e6,269926839,FHDDM,0.9000193836014732,0.02940897100006623,0,4.0,0.0,0.0,4.0,0.0,0.0,,0.0,0.0,1.0,,,inf,15035.0,,,0.0,15035.0,hyperplane_gauss,26795,10,0.1532439632341266,0.007737334258854389,4,virtual,incremental,690,0.4021758268773556,0.6556549496948719,False,high,fast,virtual/incremental/K=4/high/fast/partial/imbalanced/noisy,0.0,-0.0
scn-fb2f27f187e6,269926839,NoDrift,0.9000193836014732,0.03469283999993422,0,4.0,0.0,0.0,4.0,0.0,0.0,,0.0,0.0,1.0,,,inf,15035.0,,,0.0,15035.0,hyperplane_gauss,26795,10,0.1532439632341266,0.007737334258854389,4,virtual,incremental,690,0.4021758268773556,0.6556549496948719,False,high,fast,virtual/incremental/K=4/high/fast/partial/imbalanced/noisy,0.0,-0.0
scn-fb2f27f187e6,269926839,Periodic(2000),0.9000193836014732,0.024432405999959883,0,4.0,12.0,4.0,0.0,7.0,1.0,0.3333333333333333,1.0,0.5,0.0,948.0,999.5,2147.8571428571427,2147.8571428571427,2.2656720916214583,2.2656720916214583,0.4655803126039242,15035.0,hyperplane_gauss,26795,10,0.1532439632341266,0.007737334258854389,4,virtual,incremental,690,0.4021758268773556,0.6556549496948719,False,high,fast,virtual/incremental/K=4/high/fast/partial/imbalanced/noisy,0.0,-0.0
scn-fb2f27f187e6,269926839,Oracle,0.9000193836014732,0.022183043000040925,0,4.0,4.0,4.0,0.0,0.0,0.0,1.0,1.0,1.0,0.0,346.0,346.0,inf,15035.0,inf,43.45375722543353,0.0,15035.0,hyperplane_gauss,26795,10,0.1532439632341266,0.007737334258854389,4,virtual,incremental,690,0.4021758268773556,0.6556549496948719,False,high,fast,virtual/incremental/K=4/high/fast/partial/imbalanced/noisy,0.0,-0.0
scn-c8ca2027043b,238058262,ADWIN,0.7059041501976284,0.020611874000223906,0,2.0,1.0,1.0,1.0,0.0,0.0,1.0,0.5,0.6666666666666666,0.5,1704.0,1704.0,inf,28384.0,inf,8.328638497652582,0.0,28384.0,hyperplane_gauss,33384,2,0.31458295350894333,0.2771313342265785,2,prior,sudden,0,0.2058435772359371,1.0,True,medium,abrupt,prior/sudden/K=2/recurring/medium/abrupt/n/a/imbalanced/noisy,0.0,-0.0
scn-c8ca2027043b,238058262,PageHinkley,0.7059041501976284,0.030214534999686293,0,2.0,4.0,1.0,1.0,3.0,0.0,0.25,0.5,0.3333333333333333,0.5,227.0,227.0,9461.333333333334,9461.333333333334,20.839941262848754,20.839941262848754,0.10569334836527622,28384.0,hyperplane_gauss,33384,2,0.31458295350894333,0.2771313342265785,2,prior,sudden,0,0.2058435772359371,1.0,True,medium,abrupt,prior/sudden/K=2/recurring/medium/abrupt/n/a/imbalanced/noisy,0.0,-0.0
scn-c8ca2027043b,238058262,PageHinkley-up,0.7059041501976284,0.029296026000338315,0,2.0,2.0,1.0,1.0,1.0,0.0,0.5,0.5,0.5,0.5,227.0,227.0,28384.0,28384.0,62.519823788546255,62.519823788546255,0.035231116121758735,28384.0,hyperplane_gauss,33384,2,0.31458295350894333,0.2771313342265785,2,prior,sudden,0,0.2058435772359371,1.0,True,medium,abrupt,prior/sudden/K=2/recurring/medium/abrupt/n/a/imbalanced/noisy,0.0,-0.0
scn-c8ca2027043b,238058262,DDM,0.7059041501976284,0.028213423999659426,0,2.0,0.0,0.0,2.0,0.0,0.0,,0.0,0.0,1.0,,,inf,28384.0,,,0.0,28384.0,hyperplane_gauss,33384,2,0.31458295350894333,0.2771313342265785,2,prior,sudden,0,0.2058435772359371,1.0,True,medium,abrupt,prior/sudden/K=2/recurring/medium/abrupt/n/a/imbalanced/noisy,0.0,-0.0
scn-c8ca2027043b,238058262,EDDM,0.7059041501976284,0.024788021999938792,0,2.0,39.0,1.0,1.0,33.0,5.0,0.02564102564102564,0.5,0.048780487804878044,0.5,64.0,64.0,860.1212121212121,860.1212121212121,6.71969696969697,6.71969696969697,1.1626268320180384,28384.0,hyperplane_gauss,33384,2,0.31458295350894333,0.2771313342265785,2,prior,sudden,0,0.2058435772359371,1.0,True,medium,abrupt,prior/sudden/K=2/recurring/medium/abrupt/n/a/imbalanced/noisy,0.0,-0.0
scn-c8ca2027043b,238058262,HDDM_A,0.7059041501976284,0.0891054889998486,0,2.0,1.0,0.0,2.0,1.0,0.0,0.0,0.0,0.0,1.0,,,28384.0,28384.0,,,0.035231116121758735,28384.0,hyperplane_gauss,33384,2,0.31458295350894333,0.2771313342265785,2,prior,sudden,0,0.2058435772359371,1.0,True,medium,abrupt,prior/sudden/K=2/recurring/medium/abrupt/n/a/imbalanced/noisy,0.0,-0.0
scn-c8ca2027043b,238058262,HDDM_W,0.7059041501976284,0.12165362299992921,0,2.0,15.0,1.0,1.0,14.0,0.0,0.06666666666666667,0.5,0.11764705882352941,0.5,50.0,50.0,2027.4285714285713,2027.4285714285713,20.274285714285714,20.274285714285714,0.4932356257046223,28384.0,hyperplane_gauss,33384,2,0.31458295350894333,0.2771313342265785,2,prior,sudden,0,0.2058435772359371,1.0,True,medium,abrupt,prior/sudden/K=2/recurring/medium/abrupt/n/a/imbalanced/noisy,0.0,-0.0
scn-c8ca2027043b,238058262,FHDDM,0.7059041501976284,0.024965018999864697,0,2.0,5.0,1.0,1.0,4.0,0.0,0.2,0.5,0.28571428571428575,0.5,83.0,83.0,7096.0,7096.0,42.74698795180723,42.74698795180723,0.14092446448703494,28384.0,hyperplane_gauss,33384,2,0.31458295350894333,0.2771313342265785,2,prior,sudden,0,0.2058435772359371,1.0,True,medium,abrupt,prior/sudden/K=2/recurring/medium/abrupt/n/a/imbalanced/noisy,0.0,-0.0
scn-c8ca2027043b,238058262,NoDrift,0.7059041501976284,0.013593820000096457,0,2.0,0.0,0.0,2.0,0.0,0.0,,0.0,0.0,1.0,,,inf,28384.0,,,0.0,28384.0,hyperplane_gauss,33384,2,0.31458295350894333,0.2771313342265785,2,prior,sudden,0,0.2058435772359371,1.0,True,medium,abrupt,prior/sudden/K=2/recurring/medium/abrupt/n/a/imbalanced/noisy,0.0,-0.0
scn-c8ca2027043b,238058262,Periodic(2000),0.7059041501976284,0.014419833000374638,0,2.0,16.0,2.0,0.0,14.0,0.0,0.125,1.0,0.2222222222222222,0.0,808.0,808.0,2027.4285714285713,2027.4285714285713,2.509193776520509,2.509193776520509,0.4932356257046223,28384.0,hyperplane_gauss,33384,2,0.31458295350894333,0.2771313342265785,2,prior,sudden,0,0.2058435772359371,1.0,True,medium,abrupt,prior/sudden/K=2/recurring/medium/abrupt/n/a/imbalanced/noisy,0.0,-0.0
scn-c8ca2027043b,238058262,Oracle,0.7059041501976284,0.014481077999789704,0,2.0,2.0,2.0,0.0,0.0,0.0,1.0,1.0,1.0,0.0,1.0,1.0,inf,28384.0,inf,28384.0,0.0,28384.0,hyperplane_gauss,33384,2,0.31458295350894333,0.2771313342265785,2,prior,sudden,0,0.2058435772359371,1.0,True,medium,abrupt,prior/sudden/K=2/recurring/medium/abrupt/n/a/imbalanced/noisy,0.0,-0.0
scn-c8ca2027043b,238058263,ADWIN,0.7074172430830039,0.02069483700006458,0,2.0,0.0,0.0,2.0,0.0,0.0,,0.0,0.0,1.0,,,inf,28384.0,,,0.0,28384.0,hyperplane_gauss,33384,2,0.31458295350894333,0.2771313342265785,2,prior,sudden,0,0.2058435772359371,1.0,True,medium,abrupt,prior/sudden/K=2/recurring/medium/abrupt/n/a/imbalanced/noisy,0.0,-0.0
scn-c8ca2027043b,238058263,PageHinkley,0.7074172430830039,0.02906166699995083,0,2.0,3.0,1.0,1.0,2.0,0.0,0.3333333333333333,0.5,0.4,0.5,640.0,640.0,14192.0,14192.0,11.0875,11.0875,0.07046223224351747,28384.0,hyperplane_gauss,33384,2,0.31458295350894333,0.2771313342265785,2,prior,sudden,0,0.2058435772359371,1.0,True,medium,abrupt,prior/sudden/K=2/recurring/medium/abrupt/n/a/imbalanced/noisy,0.0,-0.0
scn-c8ca2027043b,238058263,PageHinkley-up,0.7074172430830039,0.028643358999943302,0,2.0,2.0,1.0,1.0,1.0,0.0,0.5,0.5,0.5,0.5,640.0,640.0,28384.0,28384.0,22.175,22.175,0.035231116121758735,28384.0,hyperplane_gauss,33384,2,0.31458295350894333,0.2771313342265785,2,prior,sudden,0,0.2058435772359371,1.0,True,medium,abrupt,prior/sudden/K=2/recurring/medium/abrupt/n/a/imbalanced/noisy,0.0,-0.0
scn-c8ca2027043b,238058263,DDM,0.7074172430830039,0.028273154000089562,0,2.0,0.0,0.0,2.0,0.0,0.0,,0.0,0.0,1.0,,,inf,28384.0,,,0.0,28384.0,hyperplane_gauss,33384,2,0.31458295350894333,0.2771313342265785,2,prior,sudden,0,0.2058435772359371,1.0,True,medium,abrupt,prior/sudden/K=2/recurring/medium/abrupt/n/a/imbalanced/noisy,0.0,-0.0
scn-c8ca2027043b,238058263,EDDM,0.7074172430830039,0.024962985000001936,0,2.0,62.0,1.0,1.0,47.0,14.0,0.016129032258064516,0.5,0.03125,0.5,50.0,50.0,603.9148936170212,603.9148936170212,6.039148936170212,6.039148936170212,1.6558624577226606,28384.0,hyperplane_gauss,33384,2,0.31458295350894333,0.2771313342265785,2,prior,sudden,0,0.2058435772359371,1.0,True,medium,abrupt,prior/sudden/K=2/recurring/medium/abrupt/n/a/imbalanced/noisy,0.0,-0.0
scn-c8ca2027043b,238058263,HDDM_A,0.7074172430830039,0.08228940299977694,0,2.0,0.0,0.0,2.0,0.0,0.0,,0.0,0.0,1.0,,,inf,28384.0,,,0.0,28384.0,hyperplane_gauss,33384,2,0.31458295350894333,0.2771313342265785,2,prior,sudden,0,0.2058435772359371,1.0,True,medium,abrupt,prior/sudden/K=2/recurring/medium/abrupt/n/a/imbalanced/noisy,0.0,-0.0
scn-c8ca2027043b,238058263,HDDM_W,0.7074172430830039,0.12065527799995834,0,2.0,11.0,2.0,0.0,8.0,1.0,0.18181818181818182,1.0,0.3076923076923077,0.0,720.0,720.0,3548.0,3548.0,4.927777777777778,4.927777777777778,0.2818489289740699,28384.0,hyperplane_gauss,33384,2,0.31458295350894333,0.2771313342265785,2,prior,sudden,0,0.2058435772359371,1.0,True,medium,abrupt,prior/sudden/K=2/recurring/medium/abrupt/n/a/imbalanced/noisy,0.0,-0.0
scn-c8ca2027043b,238058263,FHDDM,0.7074172430830039,0.02493259599987141,0,2.0,4.0,1.0,1.0,2.0,1.0,0.25,0.5,0.3333333333333333,0.5,476.0,476.0,14192.0,14192.0,14.907563025210084,14.907563025210084,0.07046223224351747,28384.0,hyperplane_gauss,33384,2,0.31458295350894333,0.2771313342265785,2,prior,sudden,0,0.2058435772359371,1.0,True,medium,abrupt,prior/sudden/K=2/recurring/medium/abrupt/n/a/imbalanced/noisy,0.0,-0.0
scn-c8ca2027043b,238058263,NoDrift,0.7074172430830039,0.013642910000271513,0,2.0,0.0,0.0,2.0,0.0,0.0,,0.0,0.0,1.0,,,inf,28384.0,,,0.0,28384.0,hyperplane_gauss,33384,2,0.31458295350894333,0.2771313342265785,2,prior,sudden,0,0.2058435772359371,1.0,True,medium,abrupt,prior/sudden/K=2/recurring/medium/abrupt/n/a/imbalanced/noisy,0.0,-0.0
scn-c8ca2027043b,238058263,Periodic(2000),0.7074172430830039,0.014379459999872779,0,2.0,16.0,2.0,0.0,14.0,0.0,0.125,1.0,0.2222222222222222,0.0,808.0,808.0,2027.4285714285713,2027.4285714285713,2.509193776520509,2.509193776520509,0.4932356257046223,28384.0,hyperplane_gauss,33384,2,0.31458295350894333,0.2771313342265785,2,prior,sudden,0,0.2058435772359371,1.0,True,medium,abrupt,prior/sudden/K=2/recurring/medium/abrupt/n/a/imbalanced/noisy,0.0,-0.0
scn-c8ca2027043b,238058263,Oracle,0.7074172430830039,0.014765833000183193,0,2.0,2.0,2.0,0.0,0.0,0.0,1.0,1.0,1.0,0.0,1.0,1.0,inf,28384.0,inf,28384.0,0.0,28384.0,hyperplane_gauss,33384,2,0.31458295350894333,0.2771313342265785,2,prior,sudden,0,0.2058435772359371,1.0,True,medium,abrupt,prior/sudden/K=2/recurring/medium/abrupt/n/a/imbalanced/noisy,0.0,-0.0
scn-c8ca2027043b,238058264,ADWIN,0.7071702075098815,0.020907843000259163,0,2.0,0.0,0.0,2.0,0.0,0.0,,0.0,0.0,1.0,,,inf,28384.0,,,0.0,28384.0,hyperplane_gauss,33384,2,0.31458295350894333,0.2771313342265785,2,prior,sudden,0,0.2058435772359371,1.0,True,medium,abrupt,prior/sudden/K=2/recurring/medium/abrupt/n/a/imbalanced/noisy,0.0,-0.0
scn-c8ca2027043b,238058264,PageHinkley,0.7071702075098815,0.02909851599997637,0,2.0,4.0,0.0,2.0,4.0,0.0,0.0,0.0,0.0,1.0,,,7096.0,7096.0,,,0.14092446448703494,28384.0,hyperplane_gauss,33384,2,0.31458295350894333,0.2771313342265785,2,prior,sudden,0,0.2058435772359371,1.0,True,medium,abrupt,prior/sudden/K=2/recurring/medium/abrupt/n/a/imbalanced/noisy,0.0,-0.0
scn-c8ca2027043b,238058264,PageHinkley-up,0.7071702075098815,0.028827623999859497,0,2.0,2.0,0.0,2.0,2.0,0.0,0.0,0.0,0.0,1.0,,,14192.0,14192.0,,,0.07046223224351747,28384.0,hyperplane_gauss,33384,2,0.31458295350894333,0.2771313342265785,2,prior,sudden,0,0.2058435772359371,1.0,True,medium,abrupt,prior/sudden/K=2/recurring/medium/abrupt/n/a/imbalanced/noisy,0.0,-0.0
scn-c8ca2027043b,238058264,DDM,0.7071702075098815,0.028025517000060063,0,2.0,0.0,0.0,2.0,0.0,0.0,,0.0,0.0,1.0,,,inf,28384.0,,,0.0,28384.0,hyperplane_gauss,33384,2,0.31458295350894333,0.2771313342265785,2,prior,sudden,0,0.2058435772359371,1.0,True,medium,abrupt,prior/sudden/K=2/recurring/medium/abrupt/n/a/imbalanced/noisy,0.0,-0.0
scn-c8ca2027043b,238058264,EDDM,0.7071702075098815,0.024881518999791297,0,2.0,102.0,1.0,1.0,84.0,17.0,0.00980392156862745,0.5,0.019230769230769232,0.5,62.0,62.0,337.9047619047619,337.9047619047619,2.7250384024577574,2.7250384024577574,2.959413754227734,28384.0,hyperplane_gauss,33384,2,0.31458295350894333,0.2771313342265785,2,prior,sudden,0,0.2058435772359371,1.0,True,medium,abrupt,prior/sudden/K=2/recurring/medium/abrupt/n/a/imbalanced/noisy,0.0,-0.0
scn-c8ca2027043b,238058264,HDDM_A,0.7071702075098815,0.0823613029997432,0,2.0,0.0,0.0,2.0,0.0,0.0,,0.0,0.0,1.0,,,inf,28384.0,,,0.0,28384.0,hyperplane_gauss,33384,2,0.31458295350894333,0.2771313342265785,2,prior,sudden,0,0.2058435772359371,1.0,True,medium,abrupt,prior/sudden/K=2/recurring/medium/abrupt/n/a/imbalanced/noisy,0.0,-0.0
scn-c8ca2027043b,238058264,HDDM_W,0.7071702075098815,0.12448638199975903,0,2.0,15.0,2.0,0.0,13.0,0.0,0.13333333333333333,1.0,0.23529411764705882,0.0,504.0,504.0,2183.3846153846152,2183.3846153846152,4.332112332112332,4.332112332112332,0.4580045095828636,28384.0,hyperplane_gauss,33384,2,0.31458295350894333,0.2771313342265785,2,prior,sudden,0,0.2058435772359371,1.0,True,medium,abrupt,prior/sudden/K=2/recurring/medium/abrupt/n/a/imbalanced/noisy,0.0,-0.0
scn-c8ca2027043b,238058264,FHDDM,0.7071702075098815,0.024465660999794636,0,2.0,5.0,1.0,1.0,4.0,0.0,0.2,0.5,0.28571428571428575,0.5,509.0,509.0,7096.0,7096.0,6.970530451866405,6.970530451866405,0.14092446448703494,28384.0,hyperplane_gauss,33384,2,0.31458295350894333,0.2771313342265785,2,prior,sudden,0,0.2058435772359371,1.0,True,medium,abrupt,prior/sudden/K=2/recurring/medium/abrupt/n/a/imbalanced/noisy,0.0,-0.0
scn-c8ca2027043b,238058264,NoDrift,0.7071702075098815,0.013609749000352167,0,2.0,0.0,0.0,2.0,0.0,0.0,,0.0,0.0,1.0,,,inf,28384.0,,,0.0,28384.0,hyperplane_gauss,33384,2,0.31458295350894333,0.2771313342265785,2,prior,sudden,0,0.2058435772359371,1.0,True,medium,abrupt,prior/sudden/K=2/recurring/medium/abrupt/n/a/imbalanced/noisy,0.0,-0.0
scn-c8ca2027043b,238058264,Periodic(2000),0.7071702075098815,0.01455618800036973,0,2.0,16.0,2.0,0.0,14.0,0.0,0.125,1.0,0.2222222222222222,0.0,808.0,808.0,2027.4285714285713,2027.4285714285713,2.509193776520509,2.509193776520509,0.4932356257046223,28384.0,hyperplane_gauss,33384,2,0.31458295350894333,0.2771313342265785,2,prior,sudden,0,0.2058435772359371,1.0,True,medium,abrupt,prior/sudden/K=2/recurring/medium/abrupt/n/a/imbalanced/noisy,0.0,-0.0
scn-c8ca2027043b,238058264,Oracle,0.7071702075098815,0.015111150999928213,0,2.0,2.0,2.0,0.0,0.0,0.0,1.0,1.0,1.0,0.0,1.0,1.0,inf,28384.0,inf,28384.0,0.0,28384.0,hyperplane_gauss,33384,2,0.31458295350894333,0.2771313342265785,2,prior,sudden,0,0.2058435772359371,1.0,True,medium,abrupt,prior/sudden/K=2/recurring/medium/abrupt/n/a/imbalanced/noisy,0.0,-0.0
scn-57ca8b757032,63390050,ADWIN,0.6922472351653287,0.060244034999868745,0,1.0,2.0,1.0,0.0,1.0,0.0,0.5,1.0,0.6666666666666666,0.0,1092.0,1092.0,32377.0,32377.0,29.649267399267398,29.649267399267398,0.030886122864996757,32377.0,hyperplane_gauss,36626,22,0.46416810490190985,0.23323779255151747,1,real,incremental,1249,0.30605463072657585,0.7595870070159436,False,high,slow,real/incremental/K=1/high/slow/partial/balanced/noisy,0.0,-0.0
scn-57ca8b757032,63390050,PageHinkley,0.6922472351653287,0.06952212999976837,0,1.0,5.0,1.0,0.0,4.0,0.0,0.2,1.0,0.33333333333333337,0.0,882.0,882.0,8094.25,8094.25,9.177154195011338,9.177154195011338,0.12354449145998703,32377.0,hyperplane_gauss,36626,22,0.46416810490190985,0.23323779255151747,1,real,incremental,1249,0.30605463072657585,0.7595870070159436,False,high,slow,real/incremental/K=1/high/slow/partial/balanced/noisy,0.0,-0.0
scn-57ca8b757032,63390050,PageHinkley-up,0.6922472351653287,0.06728913200004172,0,1.0,1.0,1.0,0.0,0.0,0.0,1.0,1.0,1.0,0.0,873.0,873.0,inf,32377.0,inf,37.08705612829324,0.0,32377.0,hyperplane_gauss,36626,22,0.46416810490190985,0.23323779255151747,1,real,incremental,1249,0.30605463072657585,0.7595870070159436,False,high,slow,real/incremental/K=1/high/slow/partial/balanced/noisy,0.0,-0.0
scn-57ca8b757032,63390050,DDM,0.6922472351653287,0.06691523800009236,0,1.0,1.0,1.0,0.0,0.0,0.0,1.0,1.0,1.0,0.0,1479.0,1479.0,inf,32377.0,inf,21.891142663962135,0.0,32377.0,hyperplane_gauss,36626,22,0.46416810490190985,0.23323779255151747,1,real,incremental,1249,0.30605463072657585,0.7595870070159436,False,high,slow,real/incremental/K=1/high/slow/partial/balanced/noisy,0.0,-0.0
scn-57ca8b757032,63390050,EDDM,0.6922472351653287,0.06334554299974116,0,1.0,27.0,0.0,1.0,27.0,0.0,0.0,0.0,0.0,1.0,,,1199.148148148148,1199.148148148148,,,0.8339253173549125,32377.0,hyperplane_gauss,36626,22,0.46416810490190985,0.23323779255151747,1,real,incremental,1249,0.30605463072657585,0.7595870070159436,False,high,slow,real/incremental/K=1/high/slow/partial/balanced/noisy,0.0,-0.0
scn-57ca8b757032,63390050,HDDM_A,0.6922472351653287,0.15119442099967273,0,1.0,2.0,1.0,0.0,1.0,0.0,0.5,1.0,0.6666666666666666,0.0,882.0,882.0,32377.0,32377.0,36.708616780045354,36.708616780045354,0.030886122864996757,32377.0,hyperplane_gauss,36626,22,0.46416810490190985,0.23323779255151747,1,real,incremental,1249,0.30605463072657585,0.7595870070159436,False,high,slow,real/incremental/K=1/high/slow/partial/balanced/noisy,0.0,-0.0
scn-57ca8b757032,63390050,HDDM_W,0.6922472351653287,0.14914425799997844,0,1.0,10.0,1.0,0.0,7.0,2.0,0.1,1.0,0.18181818181818182,0.0,709.0,709.0,4625.285714285715,4625.285714285715,6.523675196453758,6.523675196453758,0.2162028600549773,32377.0,hyperplane_gauss,36626,22,0.46416810490190985,0.23323779255151747,1,real,incremental,1249,0.30605463072657585,0.7595870070159436,False,high,slow,real/incremental/K=1/high/slow/partial/balanced/noisy,0.0,-0.0
scn-57ca8b757032,63390050,FHDDM,0.6922472351653287,0.06237470999985817,0,1.0,4.0,1.0,0.0,2.0,1.0,0.25,1.0,0.4,0.0,892.0,892.0,16188.5,16188.5,18.14854260089686,18.14854260089686,0.061772245729993513,32377.0,hyperplane_gauss,36626,22,0.46416810490190985,0.23323779255151747,1,real,incremental,1249,0.30605463072657585,0.7595870070159436,False,high,slow,real/incremental/K=1/high/slow/partial/balanced/noisy,0.0,-0.0
scn-57ca8b757032,63390050,NoDrift,0.6922472351653287,0.05235328600019784,0,1.0,0.0,0.0,1.0,0.0,0.0,,0.0,0.0,1.0,,,inf,32377.0,,,0.0,32377.0,hyperplane_gauss,36626,22,0.46416810490190985,0.23323779255151747,1,real,incremental,1249,0.30605463072657585,0.7595870070159436,False,high,slow,real/incremental/K=1/high/slow/partial/balanced/noisy,0.0,-0.0
scn-57ca8b757032,63390050,Periodic(2000),0.6922472351653287,0.050959638000222185,0,1.0,17.0,1.0,0.0,16.0,0.0,0.058823529411764705,1.0,0.1111111111111111,0.0,1812.0,1812.0,2023.5625,2023.5625,1.1167563465783665,1.1167563465783665,0.4941779658399481,32377.0,hyperplane_gauss,36626,22,0.46416810490190985,0.23323779255151747,1,real,incremental,1249,0.30605463072657585,0.7595870070159436,False,high,slow,real/incremental/K=1/high/slow/partial/balanced/noisy,0.0,-0.0
scn-57ca8b757032,63390050,Oracle,0.6922472351653287,0.05118510700003753,0,1.0,1.0,1.0,0.0,0.0,0.0,1.0,1.0,1.0,0.0,625.0,625.0,inf,32377.0,inf,51.8032,0.0,32377.0,hyperplane_gauss,36626,22,0.46416810490190985,0.23323779255151747,1,real,incremental,1249,0.30605463072657585,0.7595870070159436,False,high,slow,real/incremental/K=1/high/slow/partial/balanced/noisy,0.0,-0.0
scn-57ca8b757032,63390051,ADWIN,0.6936507045416269,0.059269976999985374,0,1.0,1.0,1.0,0.0,0.0,0.0,1.0,1.0,1.0,0.0,1124.0,1124.0,inf,32377.0,inf,28.805160142348754,0.0,32377.0,hyperplane_gauss,36626,22,0.46416810490190985,0.23323779255151747,1,real,incremental,1249,0.30605463072657585,0.7595870070159436,False,high,slow,real/incremental/K=1/high/slow/partial/balanced/noisy,0.0,-0.0
scn-57ca8b757032,63390051,PageHinkley,0.6936507045416269,0.07160574099998485,0,1.0,4.0,1.0,0.0,3.0,0.0,0.25,1.0,0.4,0.0,962.0,962.0,10792.333333333334,10792.333333333334,11.218641718641718,11.218641718641718,0.09265836859499027,32377.0,hyperplane_gauss,36626,22,0.46416810490190985,0.23323779255151747,1,real,incremental,1249,0.30605463072657585,0.7595870070159436,False,high,slow,real/incremental/K=1/high/slow/partial/balanced/noisy,0.0,-0.0
scn-57ca8b757032,63390051,PageHinkley-up,0.6936507045416269,0.06704235500001232,0,1.0,1.0,1.0,0.0,0.0,0.0,1.0,1.0,1.0,0.0,954.0,954.0,inf,32377.0,inf,33.93815513626834,0.0,32377.0,hyperplane_gauss,36626,22,0.46416810490190985,0.23323779255151747,1,real,incremental,1249,0.30605463072657585,0.7595870070159436,False,high,slow,real/incremental/K=1/high/slow/partial/balanced/noisy,0.0,-0.0
scn-57ca8b757032,63390051,DDM,0.6936507045416269,0.0665291789996445,0,1.0,1.0,1.0,0.0,0.0,0.0,1.0,1.0,1.0,0.0,1672.0,1672.0,inf,32377.0,inf,19.364234449760765,0.0,32377.0,hyperplane_gauss,36626,22,0.46416810490190985,0.23323779255151747,1,real,incremental,1249,0.30605463072657585,0.7595870070159436,False,high,slow,real/incremental/K=1/high/slow/partial/balanced/noisy,0.0,-0.0
scn-57ca8b757032,63390051,EDDM,0.6936507045416269,0.06346593599982953,0,1.0,81.0,0.0,1.0,81.0,0.0,0.0,0.0,0.0,1.0,,,399.71604938271605,399.71604938271605,,,2.501775952064737,32377.0,hyperplane_gauss,36626,22,0.46416810490190985,0.23323779255151747,1,real,incremental,1249,0.30605463072657585,0.7595870070159436,False,high,slow,real/incremental/K=1/high/slow/partial/balanced/noisy,0.0,-0.0
scn-57ca8b757032,63390051,HDDM_A,0.6936507045416269,0.1419515739999042,0,1.0,1.0,1.0,0.0,0.0,0.0,1.0,1.0,1.0,0.0,1074.0,1074.0,inf,32377.0,inf,30.146182495344508,0.0,32377.0,hyperplane_gauss,36626,22,0.46416810490190985,0.23323779255151747,1,real,incremental,1249,0.30605463072657585,0.7595870070159436,False,high,slow,real/incremental/K=1/high/slow/partial/balanced/noisy,0.0,-0.0
scn-57ca8b757032,63390051,HDDM_W,0.6936507045416269,0.1556312280004022,0,1.0,16.0,1.0,0.0,13.0,2.0,0.0625,1.0,0.11764705882352941,0.0,663.0,663.0,2490.5384615384614,2490.5384615384614,3.756468267780485,3.756468267780485,0.40151959724495784,32377.0,hyperplane_gauss,36626,22,0.46416810490190985,0.23323779255151747,1,real,incremental,1249,0.30605463072657585,0.7595870070159436,False,high,slow,real/incremental/K=1/high/slow/partial/balanced/noisy,0.0,-0.0
scn-57ca8b757032,63390051,FHDDM,0.6936507045416269,0.061144272000092315,0,1.0,3.0,1.0,0.0,2.0,0.0,0.3333333333333333,1.0,0.5,0.0,831.0,831.0,16188.5,16188.5,19.480746089049337,19.480746089049337,0.061772245729993513,32377.0,hyperplane_gauss,36626,22,0.46416810490190985,0.23323779255151747,1,real,incremental,1249,0.30605463072657585,0.7595870070159436,False,high,slow,real/incremental/K=1/high/slow/partial/balanced/noisy,0.0,-0.0
scn-57ca8b757032,63390051,NoDrift,0.6936507045416269,0.049725448999652144,0,1.0,0.0,0.0,1.0,0.0,0.0,,0.0,0.0,1.0,,,inf,32377.0,,,0.0,32377.0,hyperplane_gauss,36626,22,0.46416810490190985,0.23323779255151747,1,real,incremental,1249,0.30605463072657585,0.7595870070159436,False,high,slow,real/incremental/K=1/high/slow/partial/balanced/noisy,0.0,-0.0
scn-57ca8b757032,63390051,Periodic(2000),0.6936507045416269,0.05215833799957181,0,1.0,17.0,1.0,0.0,16.0,0.0,0.058823529411764705,1.0,0.1111111111111111,0.0,1812.0,1812.0,2023.5625,2023.5625,1.1167563465783665,1.1167563465783665,0.4941779658399481,32377.0,hyperplane_gauss,36626,22,0.46416810490190985,0.23323779255151747,1,real,incremental,1249,0.30605463072657585,0.7595870070159436,False,high,slow,real/incremental/K=1/high/slow/partial/balanced/noisy,0.0,-0.0
scn-57ca8b757032,63390051,Oracle,0.6936507045416269,0.05087238900023294,0,1.0,1.0,1.0,0.0,0.0,0.0,1.0,1.0,1.0,0.0,625.0,625.0,inf,32377.0,inf,51.8032,0.0,32377.0,hyperplane_gauss,36626,22,0.46416810490190985,0.23323779255151747,1,real,incremental,1249,0.30605463072657585,0.7595870070159436,False,high,slow,real/incremental/K=1/high/slow/partial/balanced/noisy,0.0,-0.0
scn-57ca8b757032,63390052,ADWIN,0.6919384719025431,0.06049589299982472,0,1.0,3.0,1.0,0.0,2.0,0.0,0.3333333333333333,1.0,0.5,0.0,1252.0,1252.0,16188.5,16188.5,12.930111821086262,12.930111821086262,0.061772245729993513,32377.0,hyperplane_gauss,36626,22,0.46416810490190985,0.23323779255151747,1,real,incremental,1249,0.30605463072657585,0.7595870070159436,False,high,slow,real/incremental/K=1/high/slow/partial/balanced/noisy,0.0,-0.0
scn-57ca8b757032,63390052,PageHinkley,0.6919384719025431,0.06752176200006943,0,1.0,5.0,1.0,0.0,4.0,0.0,0.2,1.0,0.33333333333333337,0.0,1155.0,1155.0,8094.25,8094.25,7.008008658008658,7.008008658008658,0.12354449145998703,32377.0,hyperplane_gauss,36626,22,0.46416810490190985,0.23323779255151747,1,real,incremental,1249,0.30605463072657585,0.7595870070159436,False,high,slow,real/incremental/K=1/high/slow/partial/balanced/noisy,0.0,-0.0
scn-57ca8b757032,63390052,PageHinkley-up,0.6919384719025431,0.06698747199970967,0,1.0,2.0,1.0,0.0,1.0,0.0,0.5,1.0,0.6666666666666666,0.0,1156.0,1156.0,32377.0,32377.0,28.007785467128027,28.007785467128027,0.030886122864996757,32377.0,hyperplane_gauss,36626,22,0.46416810490190985,0.23323779255151747,1,real,incremental,1249,0.30605463072657585,0.7595870070159436,False,high,slow,real/incremental/K=1/high/slow/partial/balanced/noisy,0.0,-0.0
scn-57ca8b757032,63390052,DDM,0.6919384719025431,0.06691644300008193,0,1.0,4.0,1.0,0.0,1.0,2.0,0.25,1.0,0.4,0.0,1847.0,1847.0,32377.0,32377.0,17.529507309149974,17.529507309149974,0.030886122864996757,32377.0,hyperplane_gauss,36626,22,0.46416810490190985,0.23323779255151747,1,real,incremental,1249,0.30605463072657585,0.7595870070159436,False,high,slow,real/incremental/K=1/high/slow/partial/balanced/noisy,0.0,-0.0
scn-57ca8b757032,63390052,EDDM,0.6919384719025431,0.06353626399959467,0,1.0,33.0,0.0,1.0,33.0,0.0,0.0,0.0,0.0,1.0,,,981.1212121212121,981.1212121212121,,,1.019242054544893,32377.0,hyperplane_gauss,36626,22,0.46416810490190985,0.23323779255151747,1,real,incremental,1249,0.30605463072657585,0.7595870070159436,False,high,slow,real/incremental/K=1/high/slow/partial/balanced/noisy,0.0,-0.0
scn-57ca8b757032,63390052,HDDM_A,0.6919384719025431,0.14969313999972655,0,1.0,1.0,1.0,0.0,0.0,0.0,1.0,1.0,1.0,0.0,1163.0,1163.0,inf,32377.0,inf,27.83920894239037,0.0,32377.0,hyperplane_gauss,36626,22,0.46416810490190985,0.23323779255151747,1,real,incremental,1249,0.30605463072657585,0.7595870070159436,False,high,slow,real/incremental/K=1/high/slow/partial/balanced/noisy,0.0,-0.0
scn-57ca8b757032,63390052,HDDM_W,0.6919384719025431,0.1577138319998994,0,1.0,16.0,1.0,0.0,14.0,1.0,0.0625,1.0,0.11764705882352941,0.0,1161.0,1161.0,2312.6428571428573,2312.6428571428573,1.9919404454288177,1.9919404454288177,0.4324057201099546,32377.0,hyperplane_gauss,36626,22,0.46416810490190985,0.23323779255151747,1,real,incremental,1249,0.30605463072657585,0.7595870070159436,False,high,slow,real/incremental/K=1/high/slow/partial/balanced/noisy,0.0,-0.0
scn-57ca8b757032,63390052,FHDDM,0.6919384719025431,0.06175107700028093,0,1.0,4.0,1.0,0.0,2.0,1.0,0.25,1.0,0.4,0.0,1167.0,1167.0,16188.5,16188.5,13.871893744644387,13.871893744644387,0.061772245729993513,32377.0,hyperplane_gauss,36626,22,0.46416810490190985,0.23323779255151747,1,real,incremental,1249,0.30605463072657585,0.7595870070159436,False,high,slow,real/incremental/K=1/high/slow/partial/balanced/noisy,0.0,-0.0
scn-57ca8b757032,63390052,NoDrift,0.6919384719025431,0.05019445500010988,0,1.0,0.0,0.0,1.0,0.0,0.0,,0.0,0.0,1.0,,,inf,32377.0,,,0.0,32377.0,hyperplane_gauss,36626,22,0.46416810490190985,0.23323779255151747,1,real,incremental,1249,0.30605463072657585,0.7595870070159436,False,high,slow,real/incremental/K=1/high/slow/partial/balanced/noisy,0.0,-0.0
scn-57ca8b757032,63390052,Periodic(2000),0.6919384719025431,0.050950056000147015,0,1.0,17.0,1.0,0.0,16.0,0.0,0.058823529411764705,1.0,0.1111111111111111,0.0,1812.0,1812.0,2023.5625,2023.5625,1.1167563465783665,1.1167563465783665,0.4941779658399481,32377.0,hyperplane_gauss,36626,22,0.46416810490190985,0.23323779255151747,1,real,incremental,1249,0.30605463072657585,0.7595870070159436,False,high,slow,real/incremental/K=1/high/slow/partial/balanced/noisy,0.0,-0.0
scn-57ca8b757032,63390052,Oracle,0.6919384719025431,0.05082728299976225,0,1.0,1.0,1.0,0.0,0.0,0.0,1.0,1.0,1.0,0.0,625.0,625.0,inf,32377.0,inf,51.8032,0.0,32377.0,hyperplane_gauss,36626,22,0.46416810490190985,0.23323779255151747,1,real,incremental,1249,0.30605463072657585,0.7595870070159436,False,high,slow,real/incremental/K=1/high/slow/partial/balanced/noisy,0.0,-0.0
scn-dab2433f9620,1461802473,ADWIN,0.9093280561302509,0.016370319000088784,0,3.0,2.0,1.0,2.0,1.0,0.0,0.5,0.3333333333333333,0.4,0.6666666666666667,60.0,60.0,16234.0,16234.0,90.18888888888887,90.18888888888887,0.06159911297277319,16234.0,hyperplane_gauss,23234,3,0.1759224352426827,0.05376860545948148,3,prior,sudden,0,0.11048032328486443,1.0,False,medium,abrupt,prior/sudden/K=3/medium/abrupt/n/a/imbalanced/noisy,0.0,-0.0
scn-dab2433f9620,1461802473,PageHinkley,0.9093280561302509,0.021263017999899603,0,3.0,2.0,0.0,3.0,2.0,0.0,0.0,0.0,0.0,1.0,,,8117.0,8117.0,,,0.12319822594554639,16234.0,hyperplane_gauss,23234,3,0.1759224352426827,0.05376860545948148,3,prior,sudden,0,0.11048032328486443,1.0,False,medium,abrupt,prior/sudden/K=3/medium/abrupt/n/a/imbalanced/noisy,0.0,-0.0
scn-dab2433f9620,1461802473,PageHinkley-up,0.9093280561302509,0.021323129000393237,0,3.0,0.0,0.0,3.0,0.0,0.0,,0.0,0.0,1.0,,,inf,16234.0,,,0.0,16234.0,hyperplane_gauss,23234,3,0.1759224352426827,0.05376860545948148,3,prior,sudden,0,0.11048032328486443,1.0,False,medium,abrupt,prior/sudden/K=3/medium/abrupt/n/a/imbalanced/noisy,0.0,-0.0
scn-dab2433f9620,1461802473,DDM,0.9093280561302509,0.021227398000064568,0,3.0,1.0,0.0,3.0,1.0,0.0,0.0,0.0,0.0,1.0,,,16234.0,16234.0,,,0.06159911297277319,16234.0,hyperplane_gauss,23234,3,0.1759224352426827,0.05376860545948148,3,prior,sudden,0,0.11048032328486443,1.0,False,medium,abrupt,prior/sudden/K=3/medium/abrupt/n/a/imbalanced/noisy,0.0,-0.0
scn-dab2433f9620,1461802473,EDDM,0.9093280561302509,0.015913600999738264,0,3.0,13.0,1.0,2.0,10.0,2.0,0.07692307692307693,0.3333333333333333,0.125,0.6666666666666667,153.0,153.0,1623.4,1623.4,3.5368191721132893,3.5368191721132893,0.615991129727732,16234.0,hyperplane_gauss,23234,3,0.1759224352426827,0.05376860545948148,3,prior,sudden,0,0.11048032328486443,1.0,False,medium,abrupt,prior/sudden/K=3/medium/abrupt/n/a/imbalanced/noisy,0.0,-0.0
scn-dab2433f9620,1461802473,HDDM_A,0.9093280561302509,0.1026386960002128,0,3.0,0.0,0.0,3.0,0.0,0.0,,0.0,0.0,1.0,,,inf,16234.0,,,0.0,16234.0,hyperplane_gauss,23234,3,0.1759224352426827,0.05376860545948148,3,prior,sudden,0,0.11048032328486443,1.0,False,medium,abrupt,prior/sudden/K=3/medium/abrupt/n/a/imbalanced/noisy,0.0,-0.0
scn-dab2433f9620,1461802473,HDDM_W,0.9093280561302509,0.06631263199960813,0,3.0,0.0,0.0,3.0,0.0,0.0,,0.0,0.0,1.0,,,inf,16234.0,,,0.0,16234.0,hyperplane_gauss,23234,3,0.1759224352426827,0.05376860545948148,3,prior,sudden,0,0.11048032328486443,1.0,False,medium,abrupt,prior/sudden/K=3/medium/abrupt/n/a/imbalanced/noisy,0.0,-0.0
scn-dab2433f9620,1461802473,FHDDM,0.9093280561302509,0.01788206999981412,0,3.0,0.0,0.0,3.0,0.0,0.0,,0.0,0.0,1.0,,,inf,16234.0,,,0.0,16234.0,hyperplane_gauss,23234,3,0.1759224352426827,0.05376860545948148,3,prior,sudden,0,0.11048032328486443,1.0,False,medium,abrupt,prior/sudden/K=3/medium/abrupt/n/a/imbalanced/noisy,0.0,-0.0
scn-dab2433f9620,1461802473,NoDrift,0.9093280561302509,0.01043066700003692,0,3.0,0.0,0.0,3.0,0.0,0.0,,0.0,0.0,1.0,,,inf,16234.0,,,0.0,16234.0,hyperplane_gauss,23234,3,0.1759224352426827,0.05376860545948148,3,prior,sudden,0,0.11048032328486443,1.0,False,medium,abrupt,prior/sudden/K=3/medium/abrupt/n/a/imbalanced/noisy,0.0,-0.0
scn-dab2433f9620,1461802473,Periodic(2000),0.9093280561302509,0.01114390300017476,0,3.0,11.0,3.0,0.0,8.0,0.0,0.2727272727272727,1.0,0.42857142857142855,0.0,1217.0,1295.0,2029.25,2029.25,1.6674198849630237,1.6674198849630237,0.49279290378218554,16234.0,hyperplane_gauss,23234,3,0.1759224352426827,0.05376860545948148,3,prior,sudden,0,0.11048032328486443,1.0,False,medium,abrupt,prior/sudden/K=3/medium/abrupt/n/a/imbalanced/noisy,0.0,-0.0
scn-dab2433f9620,1461802473,Oracle,0.9093280561302509,0.01127882100036004,0,3.0,3.0,3.0,0.0,0.0,0.0,1.0,1.0,1.0,0.0,1.0,1.0,inf,16234.0,inf,16234.0,0.0,16234.0,hyperplane_gauss,23234,3,0.1759224352426827,0.05376860545948148,3,prior,sudden,0,0.11048032328486443,1.0,False,medium,abrupt,prior/sudden/K=3/medium/abrupt/n/a/imbalanced/noisy,0.0,-0.0
scn-dab2433f9620,1461802474,ADWIN,0.9139606008815327,0.015957222999986698,0,3.0,1.0,0.0,3.0,1.0,0.0,0.0,0.0,0.0,1.0,,,16234.0,16234.0,,,0.06159911297277319,16234.0,hyperplane_gauss,23234,3,0.1759224352426827,0.05376860545948148,3,prior,sudden,0,0.11048032328486443,1.0,False,medium,abrupt,prior/sudden/K=3/medium/abrupt/n/a/imbalanced/noisy,0.0,-0.0
scn-dab2433f9620,1461802474,PageHinkley,0.9139606008815327,0.021195772999817564,0,3.0,2.0,0.0,3.0,2.0,0.0,0.0,0.0,0.0,1.0,,,8117.0,8117.0,,,0.12319822594554639,16234.0,hyperplane_gauss,23234,3,0.1759224352426827,0.05376860545948148,3,prior,sudden,0,0.11048032328486443,1.0,False,medium,abrupt,prior/sudden/K=3/medium/abrupt/n/a/imbalanced/noisy,0.0,-0.0
scn-dab2433f9620,1461802474,PageHinkley-up,0.9139606008815327,0.02089429299985568,0,3.0,0.0,0.0,3.0,0.0,0.0,,0.0,0.0,1.0,,,inf,16234.0,,,0.0,16234.0,hyperplane_gauss,23234,3,0.1759224352426827,0.05376860545948148,3,prior,sudden,0,0.11048032328486443,1.0,False,medium,abrupt,prior/sudden/K=3/medium/abrupt/n/a/imbalanced/noisy,0.0,-0.0
scn-dab2433f9620,1461802474,DDM,0.9139606008815327,0.020664929000304255,0,3.0,6.0,1.0,2.0,4.0,1.0,0.16666666666666666,0.3333333333333333,0.2222222222222222,0.6666666666666667,114.0,114.0,4058.5,4058.5,11.866959064327483,11.866959064327483,0.24639645189109277,16234.0,hyperplane_gauss,23234,3,0.1759224352426827,0.05376860545948148,3,prior,sudden,0,0.11048032328486443,1.0,False,medium,abrupt,prior/sudden/K=3/medium/abrupt/n/a/imbalanced/noisy,0.0,-0.0
scn-dab2433f9620,1461802474,EDDM,0.9139606008815327,0.015736543999992136,0,3.0,20.0,1.0,2.0,15.0,4.0,0.05,0.3333333333333333,0.08695652173913045,0.6666666666666667,114.0,114.0,1082.2666666666667,1082.2666666666667,3.164522417153995,3.164522417153995,0.9239866945915979,16234.0,hyperplane_gauss,23234,3,0.1759224352426827,0.05376860545948148,3,prior,sudden,0,0.11048032328486443,1.0,False,medium,abrupt,prior/sudden/K=3/medium/abrupt/n/a/imbalanced/noisy,0.0,-0.0
scn-dab2433f9620,1461802474,HDDM_A,0.9139606008815327,0.09474095199993826,0,3.0,0.0,0.0,3.0,0.0,0.0,,0.0,0.0,1.0,,,inf,16234.0,,,0.0,16234.0,hyperplane_gauss,23234,3,0.1759224352426827,0.05376860545948148,3,prior,sudden,0,0.11048032328486443,1.0,False,medium,abrupt,prior/sudden/K=3/medium/abrupt/n/a/imbalanced/noisy,0.0,-0.0
scn-dab2433f9620,1461802474,HDDM_W,0.9139606008815327,0.06598308699994959,0,3.0,0.0,0.0,3.0,0.0,0.0,,0.0,0.0,1.0,,,inf,16234.0,,,0.0,16234.0,hyperplane_gauss,23234,3,0.1759224352426827,0.05376860545948148,3,prior,sudden,0,0.11048032328486443,1.0,False,medium,abrupt,prior/sudden/K=3/medium/abrupt/n/a/imbalanced/noisy,0.0,-0.0
scn-dab2433f9620,1461802474,FHDDM,0.9139606008815327,0.017822851999881095,0,3.0,0.0,0.0,3.0,0.0,0.0,,0.0,0.0,1.0,,,inf,16234.0,,,0.0,16234.0,hyperplane_gauss,23234,3,0.1759224352426827,0.05376860545948148,3,prior,sudden,0,0.11048032328486443,1.0,False,medium,abrupt,prior/sudden/K=3/medium/abrupt/n/a/imbalanced/noisy,0.0,-0.0
scn-dab2433f9620,1461802474,NoDrift,0.9139606008815327,0.01057274699996924,0,3.0,0.0,0.0,3.0,0.0,0.0,,0.0,0.0,1.0,,,inf,16234.0,,,0.0,16234.0,hyperplane_gauss,23234,3,0.1759224352426827,0.05376860545948148,3,prior,sudden,0,0.11048032328486443,1.0,False,medium,abrupt,prior/sudden/K=3/medium/abrupt/n/a/imbalanced/noisy,0.0,-0.0
scn-dab2433f9620,1461802474,Periodic(2000),0.9139606008815327,0.011051984999994602,0,3.0,11.0,3.0,0.0,8.0,0.0,0.2727272727272727,1.0,0.42857142857142855,0.0,1217.0,1295.0,2029.25,2029.25,1.6674198849630237,1.6674198849630237,0.49279290378218554,16234.0,hyperplane_gauss,23234,3,0.1759224352426827,0.05376860545948148,3,prior,sudden,0,0.11048032328486443,1.0,False,medium,abrupt,prior/sudden/K=3/medium/abrupt/n/a/imbalanced/noisy,0.0,-0.0
scn-dab2433f9620,1461802474,Oracle,0.9139606008815327,0.01122895599974072,0,3.0,3.0,3.0,0.0,0.0,0.0,1.0,1.0,1.0,0.0,1.0,1.0,inf,16234.0,inf,16234.0,0.0,16234.0,hyperplane_gauss,23234,3,0.1759224352426827,0.05376860545948148,3,prior,sudden,0,0.11048032328486443,1.0,False,medium,abrupt,prior/sudden/K=3/medium/abrupt/n/a/imbalanced/noisy,0.0,-0.0
scn-dab2433f9620,1461802475,ADWIN,0.90541512998111,0.015564759999961097,0,3.0,1.0,1.0,2.0,0.0,0.0,1.0,0.3333333333333333,0.5,0.6666666666666667,924.0,924.0,inf,16234.0,inf,5.856421356421355,0.0,16234.0,hyperplane_gauss,23234,3,0.1759224352426827,0.05376860545948148,3,prior,sudden,0,0.11048032328486443,1.0,False,medium,abrupt,prior/sudden/K=3/medium/abrupt/n/a/imbalanced/noisy,0.0,-0.0
scn-dab2433f9620,1461802475,PageHinkley,0.90541512998111,0.021104390999880707,0,3.0,3.0,2.0,1.0,1.0,0.0,0.6666666666666666,0.6666666666666666,0.6666666666666666,0.33333333333333337,1125.0,1125.0,16234.0,16234.0,9.620148148148147,9.620148148148147,0.06159911297277319,16234.0,hyperplane_gauss,23234,3,0.1759224352426827,0.05376860545948148,3,prior,sudden,0,0.11048032328486443,1.0,False,medium,abrupt,prior/sudden/K=3/medium/abrupt/n/a/imbalanced/noisy,0.0,-0.0
scn-dab2433f9620,1461802475,PageHinkley-up,0.90541512998111,0.020913936999932048,0,3.0,1.0,1.0,2.0,0.0,0.0,1.0,0.3333333333333333,0.5,0.6666666666666667,1317.0,1317.0,inf,16234.0,inf,4.108833206783092,0.0,16234.0,hyperplane_gauss,23234,3,0.1759224352426827,0.05376860545948148,3,prior,sudden,0,0.11048032328486443,1.0,False,medium,abrupt,prior/sudden/K=3/medium/abrupt/n/a/imbalanced/noisy,0.0,-0.0
scn-dab2433f9620,1461802475,DDM,0.90541512998111,0.02033626299999014,0,3.0,1.0,0.0,3.0,1.0,0.0,0.0,0.0,0.0,1.0,,,16234.0,16234.0,,,0.06159911297277319,16234.0,hyperplane_gauss,23234,3,0.1759224352426827,0.05376860545948148,3,prior,sudden,0,0.11048032328486443,1.0,False,medium,abrupt,prior/sudden/K=3/medium/abrupt/n/a/imbalanced/noisy,0.0,-0.0
scn-dab2433f9620,1461802475,EDDM,0.90541512998111,0.016007274000003235,0,3.0,21.0,1.0,2.0,13.0,7.0,0.047619047619047616,0.3333333333333333,0.08333333333333333,0.6666666666666667,11.0,11.0,1248.7692307692307,1248.7692307692307,37.84149184149183,37.84149184149183,0.8007884686460515,16234.0,hyperplane_gauss,23234,3,0.1759224352426827,0.05376860545948148,3,prior,sudden,0,0.11048032328486443,1.0,False,medium,abrupt,prior/sudden/K=3/medium/abrupt/n/a/imbalanced/noisy,0.0,-0.0
scn-dab2433f9620,1461802475,HDDM_A,0.90541512998111,0.09764698100025271,0,3.0,0.0,0.0,3.0,0.0,0.0,,0.0,0.0,1.0,,,inf,16234.0,,,0.0,16234.0,hyperplane_gauss,23234,3,0.1759224352426827,0.05376860545948148,3,prior,sudden,0,0.11048032328486443,1.0,False,medium,abrupt,prior/sudden/K=3/medium/abrupt/n/a/imbalanced/noisy,0.0,-0.0
scn-dab2433f9620,1461802475,HDDM_W,0.90541512998111,0.06637122900019676,0,3.0,0.0,0.0,3.0,0.0,0.0,,0.0,0.0,1.0,,,inf,16234.0,,,0.0,16234.0,hyperplane_gauss,23234,3,0.1759224352426827,0.05376860545948148,3,prior,sudden,0,0.11048032328486443,1.0,False,medium,abrupt,prior/sudden/K=3/medium/abrupt/n/a/imbalanced/noisy,0.0,-0.0
scn-dab2433f9620,1461802475,FHDDM,0.90541512998111,0.01801678299989362,0,3.0,0.0,0.0,3.0,0.0,0.0,,0.0,0.0,1.0,,,inf,16234.0,,,0.0,16234.0,hyperplane_gauss,23234,3,0.1759224352426827,0.05376860545948148,3,prior,sudden,0,0.11048032328486443,1.0,False,medium,abrupt,prior/sudden/K=3/medium/abrupt/n/a/imbalanced/noisy,0.0,-0.0
scn-dab2433f9620,1461802475,NoDrift,0.90541512998111,0.010452172999976028,0,3.0,0.0,0.0,3.0,0.0,0.0,,0.0,0.0,1.0,,,inf,16234.0,,,0.0,16234.0,hyperplane_gauss,23234,3,0.1759224352426827,0.05376860545948148,3,prior,sudden,0,0.11048032328486443,1.0,False,medium,abrupt,prior/sudden/K=3/medium/abrupt/n/a/imbalanced/noisy,0.0,-0.0
scn-dab2433f9620,1461802475,Periodic(2000),0.90541512998111,0.010999609999998938,0,3.0,11.0,3.0,0.0,8.0,0.0,0.2727272727272727,1.0,0.42857142857142855,0.0,1217.0,1295.0,2029.25,2029.25,1.6674198849630237,1.6674198849630237,0.49279290378218554,16234.0,hyperplane_gauss,23234,3,0.1759224352426827,0.05376860545948148,3,prior,sudden,0,0.11048032328486443,1.0,False,medium,abrupt,prior/sudden/K=3/medium/abrupt/n/a/imbalanced/noisy,0.0,-0.0
scn-dab2433f9620,1461802475,Oracle,0.90541512998111,0.011279731999820797,0,3.0,3.0,3.0,0.0,0.0,0.0,1.0,1.0,1.0,0.0,1.0,1.0,inf,16234.0,inf,16234.0,0.0,16234.0,hyperplane_gauss,23234,3,0.1759224352426827,0.05376860545948148,3,prior,sudden,0,0.11048032328486443,1.0,False,medium,abrupt,prior/sudden/K=3/medium/abrupt/n/a/imbalanced/noisy,0.0,-0.0
scn-1fa239a2aa7a,1478193778,ADWIN,0.7937350098117596,0.04158641100002569,0,4.0,1.0,0.0,4.0,1.0,0.0,0.0,0.0,0.0,1.0,,,5199.0,5199.0,,,0.19234468166955185,5199.0,hyperplane_gauss,14759,43,0.3639946557581425,0.15521776797249912,4,virtual,incremental,140,0.16831944182515143,0.5889886923134326,False,medium,fast,virtual/incremental/K=4/medium/fast/partial/imbalanced/noisy,0.0,-0.0
scn-1fa239a2aa7a,1478193778,PageHinkley,0.7937350098117596,0.04478757399965616,0,4.0,2.0,1.0,3.0,1.0,0.0,0.5,0.25,0.3333333333333333,0.75,8.0,8.0,5199.0,5199.0,162.46875,162.46875,0.19234468166955185,5199.0,hyperplane_gauss,14759,43,0.3639946557581425,0.15521776797249912,4,virtual,incremental,140,0.16831944182515143,0.5889886923134326,False,medium,fast,virtual/incremental/K=4/medium/fast/partial/imbalanced/noisy,0.0,-0.0
scn-1fa239a2aa7a,1478193778,PageHinkley-up,0.7937350098117596,0.04480833799971151,0,4.0,0.0,0.0,4.0,0.0,0.0,,0.0,0.0,1.0,,,inf,5199.0,,,0.0,5199.0,hyperplane_gauss,14759,43,0.3639946557581425,0.15521776797249912,4,virtual,incremental,140,0.16831944182515143,0.5889886923134326,False,medium,fast,virtual/incremental/K=4/medium/fast/partial/imbalanced/noisy,0.0,-0.0
scn-1fa239a2aa7a,1478193778,DDM,0.7937350098117596,0.04496034599969789,0,4.0,0.0,0.0,4.0,0.0,0.0,,0.0,0.0,1.0,,,inf,5199.0,,,0.0,5199.0,hyperplane_gauss,14759,43,0.3639946557581425,0.15521776797249912,4,virtual,incremental,140,0.16831944182515143,0.5889886923134326,False,medium,fast,virtual/incremental/K=4/medium/fast/partial/imbalanced/noisy,0.0,-0.0
scn-1fa239a2aa7a,1478193778,EDDM,0.7937350098117596,0.04241939799976535,0,4.0,1.0,0.0,4.0,1.0,0.0,0.0,0.0,0.0,1.0,,,5199.0,5199.0,,,0.19234468166955185,5199.0,hyperplane_gauss,14759,43,0.3639946557581425,0.15521776797249912,4,virtual,incremental,140,0.16831944182515143,0.5889886923134326,False,medium,fast,virtual/incremental/K=4/medium/fast/partial/imbalanced/noisy,0.0,-0.0
scn-1fa239a2aa7a,1478193778,HDDM_A,0.7937350098117596,0.08224778300018443,0,4.0,1.0,1.0,3.0,0.0,0.0,1.0,0.25,0.4,0.75,256.0,256.0,inf,5199.0,inf,5.0771484375,0.0,5199.0,hyperplane_gauss,14759,43,0.3639946557581425,0.15521776797249912,4,virtual,incremental,140,0.16831944182515143,0.5889886923134326,False,medium,fast,virtual/incremental/K=4/medium/fast/partial/imbalanced/noisy,0.0,-0.0
scn-1fa239a2aa7a,1478193778,HDDM_W,0.7937350098117596,0.08343945200022063,0,4.0,1.0,1.0,3.0,0.0,0.0,1.0,0.25,0.4,0.75,665.0,665.0,inf,5199.0,inf,1.9545112781954888,0.0,5199.0,hyperplane_gauss,14759,43,0.3639946557581425,0.15521776797249912,4,virtual,incremental,140,0.16831944182515143,0.5889886923134326,False,medium,fast,virtual/incremental/K=4/medium/fast/partial/imbalanced/noisy,0.0,-0.0
scn-1fa239a2aa7a,1478193778,FHDDM,0.7937350098117596,0.042093561999990925,0,4.0,0.0,0.0,4.0,0.0,0.0,,0.0,0.0,1.0,,,inf,5199.0,,,0.0,5199.0,hyperplane_gauss,14759,43,0.3639946557581425,0.15521776797249912,4,virtual,incremental,140,0.16831944182515143,0.5889886923134326,False,medium,fast,virtual/incremental/K=4/medium/fast/partial/imbalanced/noisy,0.0,-0.0
scn-1fa239a2aa7a,1478193778,NoDrift,0.7937350098117596,0.0372995819998323,0,4.0,0.0,0.0,4.0,0.0,0.0,,0.0,0.0,1.0,,,inf,5199.0,,,0.0,5199.0,hyperplane_gauss,14759,43,0.3639946557581425,0.15521776797249912,4,virtual,incremental,140,0.16831944182515143,0.5889886923134326,False,medium,fast,virtual/incremental/K=4/medium/fast/partial/imbalanced/noisy,0.0,-0.0
scn-1fa239a2aa7a,1478193778,Periodic(2000),0.7937350098117596,0.03976297400004114,0,4.0,6.0,4.0,0.0,2.0,0.0,0.6666666666666666,1.0,0.8,0.0,1191.0,1191.0,2599.5,2599.5,2.1826196473551636,2.1826196473551636,0.3846893633391037,5199.0,hyperplane_gauss,14759,43,0.3639946557581425,0.15521776797249912,4,virtual,incremental,140,0.16831944182515143,0.5889886923134326,False,medium,fast,virtual/incremental/K=4/medium/fast/partial/imbalanced/noisy,0.0,-0.0
scn-1fa239a2aa7a,1478193778,Oracle,0.7937350098117596,0.038089781000053335,0,4.0,4.0,4.0,0.0,0.0,0.0,1.0,1.0,1.0,0.0,71.0,71.0,inf,5199.0,inf,73.22535211267606,0.0,5199.0,hyperplane_gauss,14759,43,0.3639946557581425,0.15521776797249912,4,virtual,incremental,140,0.16831944182515143,0.5889886923134326,False,medium,fast,virtual/incremental/K=4/medium/fast/partial/imbalanced/noisy,0.0,-0.0
scn-1fa239a2aa7a,1478193779,ADWIN,0.7934442910095211,0.041008440000041446,0,4.0,1.0,0.0,4.0,1.0,0.0,0.0,0.0,0.0,1.0,,,5199.0,5199.0,,,0.19234468166955185,5199.0,hyperplane_gauss,14759,43,0.3639946557581425,0.15521776797249912,4,virtual,incremental,140,0.16831944182515143,0.5889886923134326,False,medium,fast,virtual/incremental/K=4/medium/fast/partial/imbalanced/noisy,0.0,-0.0
scn-1fa239a2aa7a,1478193779,PageHinkley,0.7934442910095211,0.044425593000141816,0,4.0,2.0,1.0,3.0,1.0,0.0,0.5,0.25,0.3333333333333333,0.75,1746.0,1746.0,5199.0,5199.0,0.7444158075601375,0.7444158075601375,0.19234468166955185,5199.0,hyperplane_gauss,14759,43,0.3639946557581425,0.15521776797249912,4,virtual,incremental,140,0.16831944182515143,0.5889886923134326,False,medium,fast,virtual/incremental/K=4/medium/fast/partial/imbalanced/noisy,0.0,-0.0
scn-1fa239a2aa7a,1478193779,PageHinkley-up,0.7934442910095211,0.04435360000024957,0,4.0,0.0,0.0,4.0,0.0,0.0,,0.0,0.0,1.0,,,inf,5199.0,,,0.0,5199.0,hyperplane_gauss,14759,43,0.3639946557581425,0.15521776797249912,4,virtual,incremental,140,0.16831944182515143,0.5889886923134326,False,medium,fast,virtual/incremental/K=4/medium/fast/partial/imbalanced/noisy,0.0,-0.0
scn-1fa239a2aa7a,1478193779,DDM,0.7934442910095211,0.04640294300043024,0,4.0,1.0,0.0,4.0,1.0,0.0,0.0,0.0,0.0,1.0,,,5199.0,5199.0,,,0.19234468166955185,5199.0,hyperplane_gauss,14759,43,0.3639946557581425,0.15521776797249912,4,virtual,incremental,140,0.16831944182515143,0.5889886923134326,False,medium,fast,virtual/incremental/K=4/medium/fast/partial/imbalanced/noisy,0.0,-0.0
scn-1fa239a2aa7a,1478193779,EDDM,0.7934442910095211,0.041727757999979076,0,4.0,7.0,1.0,3.0,3.0,3.0,0.14285714285714285,0.25,0.18181818181818182,0.75,1331.0,1331.0,1733.0,1733.0,0.32550713749060856,0.32550713749060856,0.5770340450086555,5199.0,hyperplane_gauss,14759,43,0.3639946557581425,0.15521776797249912,4,virtual,incremental,140,0.16831944182515143,0.5889886923134326,False,medium,fast,virtual/incremental/K=4/medium/fast/partial/imbalanced/noisy,0.0,-0.0
scn-1fa239a2aa7a,1478193779,HDDM_A,0.7934442910095211,0.08736756200005402,0,4.0,1.0,0.0,4.0,1.0,0.0,0.0,0.0,0.0,1.0,,,5199.0,5199.0,,,0.19234468166955185,5199.0,hyperplane_gauss,14759,43,0.3639946557581425,0.15521776797249912,4,virtual,incremental,140,0.16831944182515143,0.5889886923134326,False,medium,fast,virtual/incremental/K=4/medium/fast/partial/imbalanced/noisy,0.0,-0.0
scn-1fa239a2aa7a,1478193779,HDDM_W,0.7934442910095211,0.08578816099998221,0,4.0,2.0,1.0,3.0,1.0,0.0,0.5,0.25,0.3333333333333333,0.75,370.0,370.0,5199.0,5199.0,3.512837837837838,3.512837837837838,0.19234468166955185,5199.0,hyperplane_gauss,14759,43,0.3639946557581425,0.15521776797249912,4,virtual,incremental,140,0.16831944182515143,0.5889886923134326,False,medium,fast,virtual/incremental/K=4/medium/fast/partial/imbalanced/noisy,0.0,-0.0
scn-1fa239a2aa7a,1478193779,FHDDM,0.7934442910095211,0.04205090699997527,0,4.0,1.0,1.0,3.0,0.0,0.0,1.0,0.25,0.4,0.75,1398.0,1398.0,inf,5199.0,inf,0.9297210300429185,0.0,5199.0,hyperplane_gauss,14759,43,0.3639946557581425,0.15521776797249912,4,virtual,incremental,140,0.16831944182515143,0.5889886923134326,False,medium,fast,virtual/incremental/K=4/medium/fast/partial/imbalanced/noisy,0.0,-0.0
scn-1fa239a2aa7a,1478193779,NoDrift,0.7934442910095211,0.03959368499999982,0,4.0,0.0,0.0,4.0,0.0,0.0,,0.0,0.0,1.0,,,inf,5199.0,,,0.0,5199.0,hyperplane_gauss,14759,43,0.3639946557581425,0.15521776797249912,4,virtual,incremental,140,0.16831944182515143,0.5889886923134326,False,medium,fast,virtual/incremental/K=4/medium/fast/partial/imbalanced/noisy,0.0,-0.0
scn-1fa239a2aa7a,1478193779,Periodic(2000),0.7934442910095211,0.03780720799977644,0,4.0,6.0,4.0,0.0,2.0,0.0,0.6666666666666666,1.0,0.8,0.0,1191.0,1191.0,2599.5,2599.5,2.1826196473551636,2.1826196473551636,0.3846893633391037,5199.0,hyperplane_gauss,14759,43,0.3639946557581425,0.15521776797249912,4,virtual,incremental,140,0.16831944182515143,0.5889886923134326,False,medium,fast,virtual/incremental/K=4/medium/fast/partial/imbalanced/noisy,0.0,-0.0
scn-1fa239a2aa7a,1478193779,Oracle,0.7934442910095211,0.03802274800000305,0,4.0,4.0,4.0,0.0,0.0,0.0,1.0,1.0,1.0,0.0,71.0,71.0,inf,5199.0,inf,73.22535211267606,0.0,5199.0,hyperplane_gauss,14759,43,0.3639946557581425,0.15521776797249912,4,virtual,incremental,140,0.16831944182515143,0.5889886923134326,False,medium,fast,virtual/incremental/K=4/medium/fast/partial/imbalanced/noisy,0.0,-0.0
scn-1fa239a2aa7a,1478193780,ADWIN,0.7973689948397412,0.04165172499961045,0,4.0,0.0,0.0,4.0,0.0,0.0,,0.0,0.0,1.0,,,inf,5199.0,,,0.0,5199.0,hyperplane_gauss,14759,43,0.3639946557581425,0.15521776797249912,4,virtual,incremental,140,0.16831944182515143,0.5889886923134326,False,medium,fast,virtual/incremental/K=4/medium/fast/partial/imbalanced/noisy,0.0,-0.0
scn-1fa239a2aa7a,1478193780,PageHinkley,0.7973689948397412,0.04433364300030007,0,4.0,1.0,1.0,3.0,0.0,0.0,1.0,0.25,0.4,0.75,334.0,334.0,inf,5199.0,inf,3.8914670658682633,0.0,5199.0,hyperplane_gauss,14759,43,0.3639946557581425,0.15521776797249912,4,virtual,incremental,140,0.16831944182515143,0.5889886923134326,False,medium,fast,virtual/incremental/K=4/medium/fast/partial/imbalanced/noisy,0.0,-0.0
scn-1fa239a2aa7a,1478193780,PageHinkley-up,0.7973689948397412,0.04623674499998742,0,4.0,0.0,0.0,4.0,0.0,0.0,,0.0,0.0,1.0,,,inf,5199.0,,,0.0,5199.0,hyperplane_gauss,14759,43,0.3639946557581425,0.15521776797249912,4,virtual,incremental,140,0.16831944182515143,0.5889886923134326,False,medium,fast,virtual/incremental/K=4/medium/fast/partial/imbalanced/noisy,0.0,-0.0
scn-1fa239a2aa7a,1478193780,DDM,0.7973689948397412,0.04396483700020326,0,4.0,0.0,0.0,4.0,0.0,0.0,,0.0,0.0,1.0,,,inf,5199.0,,,0.0,5199.0,hyperplane_gauss,14759,43,0.3639946557581425,0.15521776797249912,4,virtual,incremental,140,0.16831944182515143,0.5889886923134326,False,medium,fast,virtual/incremental/K=4/medium/fast/partial/imbalanced/noisy,0.0,-0.0
scn-1fa239a2aa7a,1478193780,EDDM,0.7973689948397412,0.04279766900026516,0,4.0,13.0,1.0,3.0,4.0,8.0,0.07692307692307693,0.25,0.11764705882352941,0.75,125.0,125.0,1299.75,1299.75,2.5995,2.5995,0.7693787266782074,5199.0,hyperplane_gauss,14759,43,0.3639946557581425,0.15521776797249912,4,virtual,incremental,140,0.16831944182515143,0.5889886923134326,False,medium,fast,virtual/incremental/K=4/medium/fast/partial/imbalanced/noisy,0.0,-0.0
scn-1fa239a2aa7a,1478193780,HDDM_A,0.7973689948397412,0.08589128999983586,0,4.0,0.0,0.0,4.0,0.0,0.0,,0.0,0.0,1.0,,,inf,5199.0,,,0.0,5199.0,hyperplane_gauss,14759,43,0.3639946557581425,0.15521776797249912,4,virtual,incremental,140,0.16831944182515143,0.5889886923134326,False,medium,fast,virtual/incremental/K=4/medium/fast/partial/imbalanced/noisy,0.0,-0.0
scn-1fa239a2aa7a,1478193780,HDDM_W,0.7973689948397412,0.07398946400007844,0,4.0,1.0,0.0,4.0,1.0,0.0,0.0,0.0,0.0,1.0,,,5199.0,5199.0,,,0.19234468166955185,5199.0,hyperplane_gauss,14759,43,0.3639946557581425,0.15521776797249912,4,virtual,incremental,140,0.16831944182515143,0.5889886923134326,False,medium,fast,virtual/incremental/K=4/medium/fast/partial/imbalanced/noisy,0.0,-0.0
scn-1fa239a2aa7a,1478193780,FHDDM,0.7973689948397412,0.04381763699984731,0,4.0,1.0,0.0,4.0,1.0,0.0,0.0,0.0,0.0,1.0,,,5199.0,5199.0,,,0.19234468166955185,5199.0,hyperplane_gauss,14759,43,0.3639946557581425,0.15521776797249912,4,virtual,incremental,140,0.16831944182515143,0.5889886923134326,False,medium,fast,virtual/incremental/K=4/medium/fast/partial/imbalanced/noisy,0.0,-0.0
scn-1fa239a2aa7a,1478193780,NoDrift,0.7973689948397412,0.03765879299999142,0,4.0,0.0,0.0,4.0,0.0,0.0,,0.0,0.0,1.0,,,inf,5199.0,,,0.0,5199.0,hyperplane_gauss,14759,43,0.3639946557581425,0.15521776797249912,4,virtual,incremental,140,0.16831944182515143,0.5889886923134326,False,medium,fast,virtual/incremental/K=4/medium/fast/partial/imbalanced/noisy,0.0,-0.0
scn-1fa239a2aa7a,1478193780,Periodic(2000),0.7973689948397412,0.03802046499959033,0,4.0,6.0,4.0,0.0,2.0,0.0,0.6666666666666666,1.0,0.8,0.0,1191.0,1191.0,2599.5,2599.5,2.1826196473551636,2.1826196473551636,0.3846893633391037,5199.0,hyperplane_gauss,14759,43,0.3639946557581425,0.15521776797249912,4,virtual,incremental,140,0.16831944182515143,0.5889886923134326,False,medium,fast,virtual/incremental/K=4/medium/fast/partial/imbalanced/noisy,0.0,-0.0
scn-1fa239a2aa7a,1478193780,Oracle,0.7973689948397412,0.03843472300013673,0,4.0,4.0,4.0,0.0,0.0,0.0,1.0,1.0,1.0,0.0,71.0,71.0,inf,5199.0,inf,73.22535211267606,0.0,5199.0,hyperplane_gauss,14759,43,0.3639946557581425,0.15521776797249912,4,virtual,incremental,140,0.16831944182515143,0.5889886923134326,False,medium,fast,virtual/incremental/K=4/medium/fast/partial/imbalanced/noisy,0.0,-0.0
scn-e13d74cf589f,1266593514,ADWIN,0.8009660302054515,0.04231374400023924,0,2.0,1.0,1.0,1.0,0.0,0.0,1.0,0.5,0.6666666666666666,0.5,1400.0,1400.0,inf,40098.0,inf,14.320714285714285,0.0,40098.0,hyperplane_gauss,45098,7,0.10383031973615289,0.12959135994315146,2,real,sudden,0,0.189878642773631,0.9098722709875021,True,medium,abrupt,real/sudden/K=2/recurring/medium/abrupt/partial/imbalanced/noisy,0.0,-0.0
scn-e13d74cf589f,1266593514,PageHinkley,0.8009660302054515,0.05091028100014228,0,2.0,3.0,1.0,1.0,2.0,0.0,0.3333333333333333,0.5,0.4,0.5,1657.0,1657.0,20049.0,20049.0,6.049788774894387,6.049788774894387,0.04987779939149085,40098.0,hyperplane_gauss,45098,7,0.10383031973615289,0.12959135994315146,2,real,sudden,0,0.189878642773631,0.9098722709875021,True,medium,abrupt,real/sudden/K=2/recurring/medium/abrupt/partial/imbalanced/noisy,0.0,-0.0
scn-e13d74cf589f,1266593514,PageHinkley-up,0.8009660302054515,0.05174834400031614,0,2.0,2.0,2.0,0.0,0.0,0.0,1.0,1.0,1.0,0.0,938.5,938.5,inf,40098.0,inf,42.72562599893447,0.0,40098.0,hyperplane_gauss,45098,7,0.10383031973615289,0.12959135994315146,2,real,sudden,0,0.189878642773631,0.9098722709875021,True,medium,abrupt,real/sudden/K=2/recurring/medium/abrupt/partial/imbalanced/noisy,0.0,-0.0
scn-e13d74cf589f,1266593514,DDM,0.8009660302054515,0.060410513000078936,0,2.0,0.0,0.0,2.0,0.0,0.0,,0.0,0.0,1.0,,,inf,40098.0,,,0.0,40098.0,hyperplane_gauss,45098,7,0.10383031973615289,0.12959135994315146,2,real,sudden,0,0.189878642773631,0.9098722709875021,True,medium,abrupt,real/sudden/K=2/recurring/medium/abrupt/partial/imbalanced/noisy,0.0,-0.0
scn-e13d74cf589f,1266593514,EDDM,0.8009660302054515,0.043647259999943344,0,2.0,36.0,1.0,1.0,32.0,3.0,0.027777777777777776,0.5,0.05263157894736842,0.5,82.0,82.0,1253.0625,1253.0625,7.640625,7.640625,0.7980447902638536,40098.0,hyperplane_gauss,45098,7,0.10383031973615289,0.12959135994315146,2,real,sudden,0,0.189878642773631,0.9098722709875021,True,medium,abrupt,real/sudden/K=2/recurring/medium/abrupt/partial/imbalanced/noisy,0.0,-0.0
scn-e13d74cf589f,1266593514,HDDM_A,0.8009660302054515,0.14293202599992583,0,2.0,2.0,1.0,1.0,1.0,0.0,0.5,0.5,0.5,0.5,1402.0,1402.0,40098.0,40098.0,14.300285306704708,14.300285306704708,0.024938899695745424,40098.0,hyperplane_gauss,45098,7,0.10383031973615289,0.12959135994315146,2,real,sudden,0,0.189878642773631,0.9098722709875021,True,medium,abrupt,real/sudden/K=2/recurring/medium/abrupt/partial/imbalanced/noisy,0.0,-0.0
scn-e13d74cf589f,1266593514,HDDM_W,0.8009660302054515,0.14483140699985597,0,2.0,3.0,0.0,2.0,3.0,0.0,0.0,0.0,0.0,1.0,,,13366.0,13366.0,,,0.07481669908723627,40098.0,hyperplane_gauss,45098,7,0.10383031973615289,0.12959135994315146,2,real,sudden,0,0.189878642773631,0.9098722709875021,True,medium,abrupt,real/sudden/K=2/recurring/medium/abrupt/partial/imbalanced/noisy,0.0,-0.0
scn-e13d74cf589f,1266593514,FHDDM,0.8009660302054515,0.04374271300002874,0,2.0,2.0,1.0,1.0,1.0,0.0,0.5,0.5,0.5,0.5,1098.0,1098.0,40098.0,40098.0,18.259562841530055,18.259562841530055,0.024938899695745424,40098.0,hyperplane_gauss,45098,7,0.10383031973615289,0.12959135994315146,2,real,sudden,0,0.189878642773631,0.9098722709875021,True,medium,abrupt,real/sudden/K=2/recurring/medium/abrupt/partial/imbalanced/noisy,0.0,-0.0
scn-e13d74cf589f,1266593514,NoDrift,0.8009660302054515,0.029446583000208193,0,2.0,0.0,0.0,2.0,0.0,0.0,,0.0,0.0,1.0,,,inf,40098.0,,,0.0,40098.0,hyperplane_gauss,45098,7,0.10383031973615289,0.12959135994315146,2,real,sudden,0,0.189878642773631,0.9098722709875021,True,medium,abrupt,real/sudden/K=2/recurring/medium/abrupt/partial/imbalanced/noisy,0.0,-0.0
scn-e13d74cf589f,1266593514,Periodic(2000),0.8009660302054515,0.03224512099995991,0,2.0,22.0,2.0,0.0,20.0,0.0,0.09090909090909091,1.0,0.16666666666666669,0.0,1951.5,1951.5,2004.9,2004.9,1.0273635664873175,1.0273635664873175,0.49877799391490846,40098.0,hyperplane_gauss,45098,7,0.10383031973615289,0.12959135994315146,2,real,sudden,0,0.189878642773631,0.9098722709875021,True,medium,abrupt,real/sudden/K=2/recurring/medium/abrupt/partial/imbalanced/noisy,0.0,-0.0
scn-e13d74cf589f,1266593514,Oracle,0.8009660302054515,0.032229494000148406,0,2.0,2.0,2.0,0.0,0.0,0.0,1.0,1.0,1.0,0.0,1.0,1.0,inf,40098.0,inf,40098.0,0.0,40098.0,hyperplane_gauss,45098,7,0.10383031973615289,0.12959135994315146,2,real,sudden,0,0.189878642773631,0.9098722709875021,True,medium,abrupt,real/sudden/K=2/recurring/medium/abrupt/partial/imbalanced/noisy,0.0,-0.0
scn-e13d74cf589f,1266593515,ADWIN,0.8000816363553903,0.039347177000308875,0,2.0,1.0,0.0,2.0,1.0,0.0,0.0,0.0,0.0,1.0,,,40098.0,40098.0,,,0.024938899695745424,40098.0,hyperplane_gauss,45098,7,0.10383031973615289,0.12959135994315146,2,real,sudden,0,0.189878642773631,0.9098722709875021,True,medium,abrupt,real/sudden/K=2/recurring/medium/abrupt/partial/imbalanced/noisy,0.0,-0.0
scn-e13d74cf589f,1266593515,PageHinkley,0.8000816363553903,0.05139211699997759,0,2.0,2.0,1.0,1.0,1.0,0.0,0.5,0.5,0.5,0.5,1054.0,1054.0,40098.0,40098.0,19.02182163187856,19.02182163187856,0.024938899695745424,40098.0,hyperplane_gauss,45098,7,0.10383031973615289,0.12959135994315146,2,real,sudden,0,0.189878642773631,0.9098722709875021,True,medium,abrupt,real/sudden/K=2/recurring/medium/abrupt/partial/imbalanced/noisy,0.0,-0.0
scn-e13d74cf589f,1266593515,PageHinkley-up,0.8000816363553903,0.049791869999808114,0,2.0,2.0,1.0,1.0,1.0,0.0,0.5,0.5,0.5,0.5,1054.0,1054.0,40098.0,40098.0,19.02182163187856,19.02182163187856,0.024938899695745424,40098.0,hyperplane_gauss,45098,7,0.10383031973615289,0.12959135994315146,2,real,sudden,0,0.189878642773631,0.9098722709875021,True,medium,abrupt,real/sudden/K=2/recurring/medium/abrupt/partial/imbalanced/noisy,0.0,-0.0
scn-e13d74cf589f,1266593515,DDM,0.8000816363553903,0.049119096000140416,0,2.0,1.0,0.0,2.0,1.0,0.0,0.0,0.0,0.0,1.0,,,40098.0,40098.0,,,0.024938899695745424,40098.0,hyperplane_gauss,45098,7,0.10383031973615289,0.12959135994315146,2,real,sudden,0,0.189878642773631,0.9098722709875021,True,medium,abrupt,real/sudden/K=2/recurring/medium/abrupt/partial/imbalanced/noisy,0.0,-0.0
scn-e13d74cf589f,1266593515,EDDM,0.8000816363553903,0.042960290999872086,0,2.0,42.0,1.0,1.0,41.0,0.0,0.023809523809523808,0.5,0.04545454545454545,0.5,73.0,73.0,978.0,978.0,6.698630136986301,6.698630136986301,1.0224948875255624,40098.0,hyperplane_gauss,45098,7,0.10383031973615289,0.12959135994315146,2,real,sudden,0,0.189878642773631,0.9098722709875021,True,medium,abrupt,real/sudden/K=2/recurring/medium/abrupt/partial/imbalanced/noisy,0.0,-0.0
scn-e13d74cf589f,1266593515,HDDM_A,0.8000816363553903,0.14322489199958,0,2.0,2.0,0.0,2.0,2.0,0.0,0.0,0.0,0.0,1.0,,,20049.0,20049.0,,,0.04987779939149085,40098.0,hyperplane_gauss,45098,7,0.10383031973615289,0.12959135994315146,2,real,sudden,0,0.189878642773631,0.9098722709875021,True,medium,abrupt,real/sudden/K=2/recurring/medium/abrupt/partial/imbalanced/noisy,0.0,-0.0
scn-e13d74cf589f,1266593515,HDDM_W,0.8000816363553903,0.1423035660000096,0,2.0,3.0,1.0,1.0,2.0,0.0,0.3333333333333333,0.5,0.4,0.5,43.0,43.0,20049.0,20049.0,233.12790697674419,233.12790697674419,0.04987779939149085,40098.0,hyperplane_gauss,45098,7,0.10383031973615289,0.12959135994315146,2,real,sudden,0,0.189878642773631,0.9098722709875021,True,medium,abrupt,real/sudden/K=2/recurring/medium/abrupt/partial/imbalanced/noisy,0.0,-0.0
scn-e13d74cf589f,1266593515,FHDDM,0.8000816363553903,0.0428400870000587,0,2.0,2.0,1.0,1.0,1.0,0.0,0.5,0.5,0.5,0.5,42.0,42.0,40098.0,40098.0,477.35714285714283,477.35714285714283,0.024938899695745424,40098.0,hyperplane_gauss,45098,7,0.10383031973615289,0.12959135994315146,2,real,sudden,0,0.189878642773631,0.9098722709875021,True,medium,abrupt,real/sudden/K=2/recurring/medium/abrupt/partial/imbalanced/noisy,0.0,-0.0
scn-e13d74cf589f,1266593515,NoDrift,0.8000816363553903,0.02853566800013141,0,2.0,0.0,0.0,2.0,0.0,0.0,,0.0,0.0,1.0,,,inf,40098.0,,,0.0,40098.0,hyperplane_gauss,45098,7,0.10383031973615289,0.12959135994315146,2,real,sudden,0,0.189878642773631,0.9098722709875021,True,medium,abrupt,real/sudden/K=2/recurring/medium/abrupt/partial/imbalanced/noisy,0.0,-0.0
scn-e13d74cf589f,1266593515,Periodic(2000),0.8000816363553903,0.029190712999934476,0,2.0,22.0,2.0,0.0,20.0,0.0,0.09090909090909091,1.0,0.16666666666666669,0.0,1951.5,1951.5,2004.9,2004.9,1.0273635664873175,1.0273635664873175,0.49877799391490846,40098.0,hyperplane_gauss,45098,7,0.10383031973615289,0.12959135994315146,2,real,sudden,0,0.189878642773631,0.9098722709875021,True,medium,abrupt,real/sudden/K=2/recurring/medium/abrupt/partial/imbalanced/noisy,0.0,-0.0
scn-e13d74cf589f,1266593515,Oracle,0.8000816363553903,0.029380097000284877,0,2.0,2.0,2.0,0.0,0.0,0.0,1.0,1.0,1.0,0.0,1.0,1.0,inf,40098.0,inf,40098.0,0.0,40098.0,hyperplane_gauss,45098,7,0.10383031973615289,0.12959135994315146,2,real,sudden,0,0.189878642773631,0.9098722709875021,True,medium,abrupt,real/sudden/K=2/recurring/medium/abrupt/partial/imbalanced/noisy,0.0,-0.0
scn-e13d74cf589f,1266593516,ADWIN,0.7981767880629507,0.03900005900004544,0,2.0,1.0,1.0,1.0,0.0,0.0,1.0,0.5,0.6666666666666666,0.5,568.0,568.0,inf,40098.0,inf,35.29753521126761,0.0,40098.0,hyperplane_gauss,45098,7,0.10383031973615289,0.12959135994315146,2,real,sudden,0,0.189878642773631,0.9098722709875021,True,medium,abrupt,real/sudden/K=2/recurring/medium/abrupt/partial/imbalanced/noisy,0.0,-0.0
scn-e13d74cf589f,1266593516,PageHinkley,0.7981767880629507,0.05155865300002915,0,2.0,5.0,2.0,0.0,3.0,0.0,0.4,1.0,0.5714285714285715,0.0,313.0,313.0,13366.0,13366.0,42.70287539936102,42.70287539936102,0.07481669908723627,40098.0,hyperplane_gauss,45098,7,0.10383031973615289,0.12959135994315146,2,real,sudden,0,0.189878642773631,0.9098722709875021,True,medium,abrupt,real/sudden/K=2/recurring/medium/abrupt/partial/imbalanced/noisy,0.0,-0.0
scn-e13d74cf589f,1266593516,PageHinkley-up,0.7981767880629507,0.050976222999906895,0,2.0,3.0,2.0,0.0,1.0,0.0,0.6666666666666666,1.0,0.8,0.0,992.5,992.5,40098.0,40098.0,40.40100755667506,40.40100755667506,0.024938899695745424,40098.0,hyperplane_gauss,45098,7,0.10383031973615289,0.12959135994315146,2,real,sudden,0,0.189878642773631,0.9098722709875021,True,medium,abrupt,real/sudden/K=2/recurring/medium/abrupt/partial/imbalanced/noisy,0.0,-0.0
scn-e13d74cf589f,1266593516,DDM,0.7981767880629507,0.050185161999706906,0,2.0,2.0,0.0,2.0,2.0,0.0,0.0,0.0,0.0,1.0,,,20049.0,20049.0,,,0.04987779939149085,40098.0,hyperplane_gauss,45098,7,0.10383031973615289,0.12959135994315146,2,real,sudden,0,0.189878642773631,0.9098722709875021,True,medium,abrupt,real/sudden/K=2/recurring/medium/abrupt/partial/imbalanced/noisy,0.0,-0.0
scn-e13d74cf589f,1266593516,EDDM,0.7981767880629507,0.04460340500008897,0,2.0,28.0,0.0,2.0,28.0,0.0,0.0,0.0,0.0,1.0,,,1432.0714285714287,1432.0714285714287,,,0.6982891914808719,40098.0,hyperplane_gauss,45098,7,0.10383031973615289,0.12959135994315146,2,real,sudden,0,0.189878642773631,0.9098722709875021,True,medium,abrupt,real/sudden/K=2/recurring/medium/abrupt/partial/imbalanced/noisy,0.0,-0.0
scn-e13d74cf589f,1266593516,HDDM_A,0.7981767880629507,0.1442238790000374,0,2.0,2.0,1.0,1.0,1.0,0.0,0.5,0.5,0.5,0.5,567.0,567.0,40098.0,40098.0,35.35978835978836,35.35978835978836,0.024938899695745424,40098.0,hyperplane_gauss,45098,7,0.10383031973615289,0.12959135994315146,2,real,sudden,0,0.189878642773631,0.9098722709875021,True,medium,abrupt,real/sudden/K=2/recurring/medium/abrupt/partial/imbalanced/noisy,0.0,-0.0
scn-e13d74cf589f,1266593516,HDDM_W,0.7981767880629507,0.14585291799994593,0,2.0,4.0,1.0,1.0,3.0,0.0,0.25,0.5,0.3333333333333333,0.5,322.0,322.0,13366.0,13366.0,20.75465838509317,20.75465838509317,0.07481669908723627,40098.0,hyperplane_gauss,45098,7,0.10383031973615289,0.12959135994315146,2,real,sudden,0,0.189878642773631,0.9098722709875021,True,medium,abrupt,real/sudden/K=2/recurring/medium/abrupt/partial/imbalanced/noisy,0.0,-0.0
scn-e13d74cf589f,1266593516,FHDDM,0.7981767880629507,0.04356078199998592,0,2.0,1.0,1.0,1.0,0.0,0.0,1.0,0.5,0.6666666666666666,0.5,465.0,465.0,inf,40098.0,inf,43.116129032258065,0.0,40098.0,hyperplane_gauss,45098,7,0.10383031973615289,0.12959135994315146,2,real,sudden,0,0.189878642773631,0.9098722709875021,True,medium,abrupt,real/sudden/K=2/recurring/medium/abrupt/partial/imbalanced/noisy,0.0,-0.0
scn-e13d74cf589f,1266593516,NoDrift,0.7981767880629507,0.02862355999968713,0,2.0,0.0,0.0,2.0,0.0,0.0,,0.0,0.0,1.0,,,inf,40098.0,,,0.0,40098.0,hyperplane_gauss,45098,7,0.10383031973615289,0.12959135994315146,2,real,sudden,0,0.189878642773631,0.9098722709875021,True,medium,abrupt,real/sudden/K=2/recurring/medium/abrupt/partial/imbalanced/noisy,0.0,-0.0
scn-e13d74cf589f,1266593516,Periodic(2000),0.7981767880629507,0.029499787999611726,0,2.0,22.0,2.0,0.0,20.0,0.0,0.09090909090909091,1.0,0.16666666666666669,0.0,1951.5,1951.5,2004.9,2004.9,1.0273635664873175,1.0273635664873175,0.49877799391490846,40098.0,hyperplane_gauss,45098,7,0.10383031973615289,0.12959135994315146,2,real,sudden,0,0.189878642773631,0.9098722709875021,True,medium,abrupt,real/sudden/K=2/recurring/medium/abrupt/partial/imbalanced/noisy,0.0,-0.0
scn-e13d74cf589f,1266593516,Oracle,0.7981767880629507,0.03142048800009434,0,2.0,2.0,2.0,0.0,0.0,0.0,1.0,1.0,1.0,0.0,1.0,1.0,inf,40098.0,inf,40098.0,0.0,40098.0,hyperplane_gauss,45098,7,0.10383031973615289,0.12959135994315146,2,real,sudden,0,0.189878642773631,0.9098722709875021,True,medium,abrupt,real/sudden/K=2/recurring/medium/abrupt/partial/imbalanced/noisy,0.0,-0.0
scn-53b1c009b728,553326012,ADWIN,0.6395982783357246,0.15464673300039067,0,4.0,1.0,0.0,4.0,1.0,0.0,0.0,0.0,0.0,1.0,,,37305.0,37305.0,,,0.026806058169146225,37305.0,hyperplane_gauss,46305,48,0.39394541196525096,0.2982495711185038,4,real,sudden,0,0.17225171357393262,0.8585608899593353,False,medium,abrupt,real/sudden/K=4/medium/abrupt/partial/imbalanced/noisy,0.0,-0.0
scn-53b1c009b728,553326012,PageHinkley,0.6395982783357246,0.16376699000011286,0,4.0,5.0,2.0,2.0,3.0,0.0,0.4,0.5,0.4444444444444445,0.5,1339.5,1339.5,12435.0,12435.0,4.641657334826427,4.641657334826427,0.08041817450743868,37305.0,hyperplane_gauss,46305,48,0.39394541196525096,0.2982495711185038,4,real,sudden,0,0.17225171357393262,0.8585608899593353,False,medium,abrupt,real/sudden/K=4/medium/abrupt/partial/imbalanced/noisy,0.0,-0.0
scn-53b1c009b728,553326012,PageHinkley-up,0.6395982783357246,0.16414266399988264,0,4.0,3.0,1.0,3.0,2.0,0.0,0.3333333333333333,0.25,0.28571428571428575,0.75,710.0,710.0,18652.5,18652.5,6.567781690140845,6.567781690140845,0.05361211633829245,37305.0,hyperplane_gauss,46305,48,0.39394541196525096,0.2982495711185038,4,real,sudden,0,0.17225171357393262,0.8585608899593353,False,medium,abrupt,real/sudden/K=4/medium/abrupt/partial/imbalanced/noisy,0.0,-0.0
scn-53b1c009b728,553326012,DDM,0.6395982783357246,0.1626244429999133,0,4.0,1.0,1.0,3.0,0.0,0.0,1.0,0.25,0.4,0.75,680.0,680.0,inf,37305.0,inf,13.715073529411764,0.0,37305.0,hyperplane_gauss,46305,48,0.39394541196525096,0.2982495711185038,4,real,sudden,0,0.17225171357393262,0.8585608899593353,False,medium,abrupt,real/sudden/K=4/medium/abrupt/partial/imbalanced/noisy,0.0,-0.0
scn-53b1c009b728,553326012,EDDM,0.6395982783357246,0.15904896000029112,0,4.0,13.0,0.0,4.0,13.0,0.0,0.0,0.0,0.0,1.0,,,2869.6153846153848,2869.6153846153848,,,0.34847875619890095,37305.0,hyperplane_gauss,46305,48,0.39394541196525096,0.2982495711185038,4,real,sudden,0,0.17225171357393262,0.8585608899593353,False,medium,abrupt,real/sudden/K=4/medium/abrupt/partial/imbalanced/noisy,0.0,-0.0
scn-53b1c009b728,553326012,HDDM_A,0.6395982783357246,0.24008910300017305,0,4.0,1.0,0.0,4.0,1.0,0.0,0.0,0.0,0.0,1.0,,,37305.0,37305.0,,,0.026806058169146225,37305.0,hyperplane_gauss,46305,48,0.39394541196525096,0.2982495711185038,4,real,sudden,0,0.17225171357393262,0.8585608899593353,False,medium,abrupt,real/sudden/K=4/medium/abrupt/partial/imbalanced/noisy,0.0,-0.0
scn-53b1c009b728,553326012,HDDM_W,0.6395982783357246,0.2839472079999723,0,4.0,32.0,4.0,0.0,23.0,5.0,0.125,1.0,0.2222222222222222,0.0,379.5,346.5,1621.9565217391305,1621.9565217391305,4.273930228561609,4.273930228561609,0.6165393378903632,37305.0,hyperplane_gauss,46305,48,0.39394541196525096,0.2982495711185038,4,real,sudden,0,0.17225171357393262,0.8585608899593353,False,medium,abrupt,real/sudden/K=4/medium/abrupt/partial/imbalanced/noisy,0.0,-0.0
scn-53b1c009b728,553326012,FHDDM,0.6395982783357246,0.15766295599996738,0,4.0,10.0,3.0,1.0,7.0,0.0,0.3,0.75,0.4285714285714285,0.25,751.0,931.0,5329.285714285715,5329.285714285715,5.322189461670154,5.322189461670154,0.18764240718402359,37305.0,hyperplane_gauss,46305,48,0.39394541196525096,0.2982495711185038,4,real,sudden,0,0.17225171357393262,0.8585608899593353,False,medium,abrupt,real/sudden/K=4/medium/abrupt/partial/imbalanced/noisy,0.0,-0.0
scn-53b1c009b728,553326012,NoDrift,0.6395982783357246,0.1413188279998394,0,4.0,0.0,0.0,4.0,0.0,0.0,,0.0,0.0,1.0,,,inf,37305.0,,,0.0,37305.0,hyperplane_gauss,46305,48,0.39394541196525096,0.2982495711185038,4,real,sudden,0,0.17225171357393262,0.8585608899593353,False,medium,abrupt,real/sudden/K=4/medium/abrupt/partial/imbalanced/noisy,0.0,-0.0
scn-53b1c009b728,553326012,Periodic(2000),0.6395982783357246,0.1419939530001102,0,4.0,22.0,4.0,0.0,18.0,0.0,0.18181818181818182,1.0,0.3076923076923077,0.0,848.0,1011.0,2072.5,2072.5,2.4439858490566038,2.4439858490566038,0.4825090470446321,37305.0,hyperplane_gauss,46305,48,0.39394541196525096,0.2982495711185038,4,real,sudden,0,0.17225171357393262,0.8585608899593353,False,medium,abrupt,real/sudden/K=4/medium/abrupt/partial/imbalanced/noisy,0.0,-0.0
scn-53b1c009b728,553326012,Oracle,0.6395982783357246,0.14303428699986398,0,4.0,4.0,4.0,0.0,0.0,0.0,1.0,1.0,1.0,0.0,1.0,1.0,inf,37305.0,inf,37305.0,0.0,37305.0,hyperplane_gauss,46305,48,0.39394541196525096,0.2982495711185038,4,real,sudden,0,0.17225171357393262,0.8585608899593353,False,medium,abrupt,real/sudden/K=4/medium/abrupt/partial/imbalanced/noisy,0.0,-0.0
scn-53b1c009b728,553326013,ADWIN,0.6390906081006511,0.15889975599975514,0,4.0,1.0,0.0,4.0,1.0,0.0,0.0,0.0,0.0,1.0,,,37305.0,37305.0,,,0.026806058169146225,37305.0,hyperplane_gauss,46305,48,0.39394541196525096,0.2982495711185038,4,real,sudden,0,0.17225171357393262,0.8585608899593353,False,medium,abrupt,real/sudden/K=4/medium/abrupt/partial/imbalanced/noisy,0.0,-0.0
scn-53b1c009b728,553326013,PageHinkley,0.6390906081006511,0.16627262400015752,0,4.0,6.0,2.0,2.0,4.0,0.0,0.3333333333333333,0.5,0.4,0.5,1083.0,1083.0,9326.25,9326.25,4.305747922437673,4.305747922437673,0.1072242326765849,37305.0,hyperplane_gauss,46305,48,0.39394541196525096,0.2982495711185038,4,real,sudden,0,0.17225171357393262,0.8585608899593353,False,medium,abrupt,real/sudden/K=4/medium/abrupt/partial/imbalanced/noisy,0.0,-0.0
scn-53b1c009b728,553326013,PageHinkley-up,0.6390906081006511,0.16744708400028685,0,4.0,3.0,1.0,3.0,2.0,0.0,0.3333333333333333,0.25,0.28571428571428575,0.75,1382.0,1382.0,18652.5,18652.5,3.374185962373372,3.374185962373372,0.05361211633829245,37305.0,hyperplane_gauss,46305,48,0.39394541196525096,0.2982495711185038,4,real,sudden,0,0.17225171357393262,0.8585608899593353,False,medium,abrupt,real/sudden/K=4/medium/abrupt/partial/imbalanced/noisy,0.0,-0.0
scn-53b1c009b728,553326013,DDM,0.6390906081006511,0.1660061500001575,0,4.0,1.0,0.0,4.0,1.0,0.0,0.0,0.0,0.0,1.0,,,37305.0,37305.0,,,0.026806058169146225,37305.0,hyperplane_gauss,46305,48,0.39394541196525096,0.2982495711185038,4,real,sudden,0,0.17225171357393262,0.8585608899593353,False,medium,abrupt,real/sudden/K=4/medium/abrupt/partial/imbalanced/noisy,0.0,-0.0
scn-53b1c009b728,553326013,EDDM,0.6390906081006511,0.1647016500000973,0,4.0,4.0,0.0,4.0,4.0,0.0,0.0,0.0,0.0,1.0,,,9326.25,9326.25,,,0.1072242326765849,37305.0,hyperplane_gauss,46305,48,0.39394541196525096,0.2982495711185038,4,real,sudden,0,0.17225171357393262,0.8585608899593353,False,medium,abrupt,real/sudden/K=4/medium/abrupt/partial/imbalanced/noisy,0.0,-0.0
scn-53b1c009b728,553326013,HDDM_A,0.6390906081006511,0.24216620600009264,0,4.0,2.0,0.0,4.0,2.0,0.0,0.0,0.0,0.0,1.0,,,18652.5,18652.5,,,0.05361211633829245,37305.0,hyperplane_gauss,46305,48,0.39394541196525096,0.2982495711185038,4,real,sudden,0,0.17225171357393262,0.8585608899593353,False,medium,abrupt,real/sudden/K=4/medium/abrupt/partial/imbalanced/noisy,0.0,-0.0
scn-53b1c009b728,553326013,HDDM_W,0.6390906081006511,0.2921338099999957,0,4.0,30.0,4.0,0.0,24.0,2.0,0.13333333333333333,1.0,0.23529411764705882,0.0,615.25,765.0,1554.375,1554.375,2.526412027631044,2.526412027631044,0.6433453960595095,37305.0,hyperplane_gauss,46305,48,0.39394541196525096,0.2982495711185038,4,real,sudden,0,0.17225171357393262,0.8585608899593353,False,medium,abrupt,real/sudden/K=4/medium/abrupt/partial/imbalanced/noisy,0.0,-0.0
scn-53b1c009b728,553326013,FHDDM,0.6390906081006511,0.1597211260000222,0,4.0,8.0,3.0,1.0,4.0,1.0,0.375,0.75,0.5,0.25,607.3333333333334,723.0,9326.25,9326.25,11.517048572996707,11.517048572996707,0.1072242326765849,37305.0,hyperplane_gauss,46305,48,0.39394541196525096,0.2982495711185038,4,real,sudden,0,0.17225171357393262,0.8585608899593353,False,medium,abrupt,real/sudden/K=4/medium/abrupt/partial/imbalanced/noisy,0.0,-0.0
scn-53b1c009b728,553326013,NoDrift,0.6390906081006511,0.14608754099981525,0,4.0,0.0,0.0,4.0,0.0,0.0,,0.0,0.0,1.0,,,inf,37305.0,,,0.0,37305.0,hyperplane_gauss,46305,48,0.39394541196525096,0.2982495711185038,4,real,sudden,0,0.17225171357393262,0.8585608899593353,False,medium,abrupt,real/sudden/K=4/medium/abrupt/partial/imbalanced/noisy,0.0,-0.0
scn-53b1c009b728,553326013,Periodic(2000),0.6390906081006511,0.1567318269999305,0,4.0,22.0,4.0,0.0,18.0,0.0,0.18181818181818182,1.0,0.3076923076923077,0.0,848.0,1011.0,2072.5,2072.5,2.4439858490566038,2.4439858490566038,0.4825090470446321,37305.0,hyperplane_gauss,46305,48,0.39394541196525096,0.2982495711185038,4,real,sudden,0,0.17225171357393262,0.8585608899593353,False,medium,abrupt,real/sudden/K=4/medium/abrupt/partial/imbalanced/noisy,0.0,-0.0
scn-53b1c009b728,553326013,Oracle,0.6390906081006511,0.1512923199998113,0,4.0,4.0,4.0,0.0,0.0,0.0,1.0,1.0,1.0,0.0,1.0,1.0,inf,37305.0,inf,37305.0,0.0,37305.0,hyperplane_gauss,46305,48,0.39394541196525096,0.2982495711185038,4,real,sudden,0,0.17225171357393262,0.8585608899593353,False,medium,abrupt,real/sudden/K=4/medium/abrupt/partial/imbalanced/noisy,0.0,-0.0
scn-53b1c009b728,553326014,ADWIN,0.6350071736011478,0.15113033199986603,0,4.0,1.0,0.0,4.0,1.0,0.0,0.0,0.0,0.0,1.0,,,37305.0,37305.0,,,0.026806058169146225,37305.0,hyperplane_gauss,46305,48,0.39394541196525096,0.2982495711185038,4,real,sudden,0,0.17225171357393262,0.8585608899593353,False,medium,abrupt,real/sudden/K=4/medium/abrupt/partial/imbalanced/noisy,0.0,-0.0
scn-53b1c009b728,553326014,PageHinkley,0.6350071736011478,0.1623734400000103,0,4.0,7.0,2.0,2.0,5.0,0.0,0.2857142857142857,0.5,0.36363636363636365,0.5,1126.5,1126.5,7461.0,7461.0,3.3115845539280957,3.3115845539280957,0.13403029084573115,37305.0,hyperplane_gauss,46305,48,0.39394541196525096,0.2982495711185038,4,real,sudden,0,0.17225171357393262,0.8585608899593353,False,medium,abrupt,real/sudden/K=4/medium/abrupt/partial/imbalanced/noisy,0.0,-0.0
scn-53b1c009b728,553326014,PageHinkley-up,0.6350071736011478,0.16341189500008113,0,4.0,4.0,2.0,2.0,2.0,0.0,0.5,0.5,0.5,0.5,1133.5,1133.5,18652.5,18652.5,8.227834142037935,8.227834142037935,0.05361211633829245,37305.0,hyperplane_gauss,46305,48,0.39394541196525096,0.2982495711185038,4,real,sudden,0,0.17225171357393262,0.8585608899593353,False,medium,abrupt,real/sudden/K=4/medium/abrupt/partial/imbalanced/noisy,0.0,-0.0
scn-53b1c009b728,553326014,DDM,0.6350071736011478,0.15929597099966486,0,4.0,0.0,0.0,4.0,0.0,0.0,,0.0,0.0,1.0,,,inf,37305.0,,,0.0,37305.0,hyperplane_gauss,46305,48,0.39394541196525096,0.2982495711185038,4,real,sudden,0,0.17225171357393262,0.8585608899593353,False,medium,abrupt,real/sudden/K=4/medium/abrupt/partial/imbalanced/noisy,0.0,-0.0
scn-53b1c009b728,553326014,EDDM,0.6350071736011478,0.15889213599984942,0,4.0,7.0,0.0,4.0,7.0,0.0,0.0,0.0,0.0,1.0,,,5329.285714285715,5329.285714285715,,,0.18764240718402359,37305.0,hyperplane_gauss,46305,48,0.39394541196525096,0.2982495711185038,4,real,sudden,0,0.17225171357393262,0.8585608899593353,False,medium,abrupt,real/sudden/K=4/medium/abrupt/partial/imbalanced/noisy,0.0,-0.0
scn-53b1c009b728,553326014,HDDM_A,0.6350071736011478,0.23940337000021827,0,4.0,1.0,0.0,4.0,1.0,0.0,0.0,0.0,0.0,1.0,,,37305.0,37305.0,,,0.026806058169146225,37305.0,hyperplane_gauss,46305,48,0.39394541196525096,0.2982495711185038,4,real,sudden,0,0.17225171357393262,0.8585608899593353,False,medium,abrupt,real/sudden/K=4/medium/abrupt/partial/imbalanced/noisy,0.0,-0.0
scn-53b1c009b728,553326014,HDDM_W,0.6350071736011478,0.28129414199975145,0,4.0,28.0,4.0,0.0,24.0,0.0,0.14285714285714285,1.0,0.25,0.0,739.5,639.5,1554.375,1554.375,2.1019269776876266,2.1019269776876266,0.6433453960595095,37305.0,hyperplane_gauss,46305,48,0.39394541196525096,0.2982495711185038,4,real,sudden,0,0.17225171357393262,0.8585608899593353,False,medium,abrupt,real/sudden/K=4/medium/abrupt/partial/imbalanced/noisy,0.0,-0.0
scn-53b1c009b728,553326014,FHDDM,0.6350071736011478,0.1640193680000266,0,4.0,8.0,2.0,2.0,6.0,0.0,0.25,0.5,0.3333333333333333,0.5,850.0,850.0,6217.5,6217.5,3.6573529411764705,3.6573529411764705,0.16083634901487737,37305.0,hyperplane_gauss,46305,48,0.39394541196525096,0.2982495711185038,4,real,sudden,0,0.17225171357393262,0.8585608899593353,False,medium,abrupt,real/sudden/K=4/medium/abrupt/partial/imbalanced/noisy,0.0,-0.0
scn-53b1c009b728,553326014,NoDrift,0.6350071736011478,0.14487779899991438,0,4.0,0.0,0.0,4.0,0.0,0.0,,0.0,0.0,1.0,,,inf,37305.0,,,0.0,37305.0,hyperplane_gauss,46305,48,0.39394541196525096,0.2982495711185038,4,real,sudden,0,0.17225171357393262,0.8585608899593353,False,medium,abrupt,real/sudden/K=4/medium/abrupt/partial/imbalanced/noisy,0.0,-0.0
scn-53b1c009b728,553326014,Periodic(2000),0.6350071736011478,0.14040506800029107,0,4.0,22.0,4.0,0.0,18.0,0.0,0.18181818181818182,1.0,0.3076923076923077,0.0,848.0,1011.0,2072.5,2072.5,2.4439858490566038,2.4439858490566038,0.4825090470446321,37305.0,hyperplane_gauss,46305,48,0.39394541196525096,0.2982495711185038,4,real,sudden,0,0.17225171357393262,0.8585608899593353,False,medium,abrupt,real/sudden/K=4/medium/abrupt/partial/imbalanced/noisy,0.0,-0.0
scn-53b1c009b728,553326014,Oracle,0.6350071736011478,0.14069685000004029,0,4.0,4.0,4.0,0.0,0.0,0.0,1.0,1.0,1.0,0.0,1.0,1.0,inf,37305.0,inf,37305.0,0.0,37305.0,hyperplane_gauss,46305,48,0.39394541196525096,0.2982495711185038,4,real,sudden,0,0.17225171357393262,0.8585608899593353,False,medium,abrupt,real/sudden/K=4/medium/abrupt/partial/imbalanced/noisy,0.0,-0.0
scn-1d9ca14d5036,260446498,ADWIN,0.8890840852830791,0.01223737100008293,0,1.0,0.0,0.0,1.0,0.0,0.0,,0.0,0.0,1.0,,,inf,8866.0,,,0.0,8866.0,hyperplane_gauss,13523,8,0.24614707278087739,0.023913009837269784,1,virtual,incremental,1657,0.48872818738222124,0.5545656397938729,False,high,slow,virtual/incremental/K=1/high/slow/partial/imbalanced/noisy,0.0,-0.0
scn-1d9ca14d5036,260446498,PageHinkley,0.8890840852830791,0.01962143399987326,0,1.0,0.0,0.0,1.0,0.0,0.0,,0.0,0.0,1.0,,,inf,8866.0,,,0.0,8866.0,hyperplane_gauss,13523,8,0.24614707278087739,0.023913009837269784,1,virtual,incremental,1657,0.48872818738222124,0.5545656397938729,False,high,slow,virtual/incremental/K=1/high/slow/partial/imbalanced/noisy,0.0,-0.0
scn-1d9ca14d5036,260446498,PageHinkley-up,0.8890840852830791,0.03042086899995411,0,1.0,0.0,0.0,1.0,0.0,0.0,,0.0,0.0,1.0,,,inf,8866.0,,,0.0,8866.0,hyperplane_gauss,13523,8,0.24614707278087739,0.023913009837269784,1,virtual,incremental,1657,0.48872818738222124,0.5545656397938729,False,high,slow,virtual/incremental/K=1/high/slow/partial/imbalanced/noisy,0.0,-0.0
scn-1d9ca14d5036,260446498,DDM,0.8890840852830791,0.015063717999964865,0,1.0,0.0,0.0,1.0,0.0,0.0,,0.0,0.0,1.0,,,inf,8866.0,,,0.0,8866.0,hyperplane_gauss,13523,8,0.24614707278087739,0.023913009837269784,1,virtual,incremental,1657,0.48872818738222124,0.5545656397938729,False,high,slow,virtual/incremental/K=1/high/slow/partial/imbalanced/noisy,0.0,-0.0
scn-1d9ca14d5036,260446498,EDDM,0.8890840852830791,0.012477885999942373,0,1.0,19.0,1.0,0.0,13.0,5.0,0.05263157894736842,1.0,0.1,0.0,1.0,1.0,682.0,682.0,682.0,682.0,1.466275659824047,8866.0,hyperplane_gauss,13523,8,0.24614707278087739,0.023913009837269784,1,virtual,incremental,1657,0.48872818738222124,0.5545656397938729,False,high,slow,virtual/incremental/K=1/high/slow/partial/imbalanced/noisy,0.0,-0.0
scn-1d9ca14d5036,260446498,HDDM_A,0.8890840852830791,0.046463170999686554,0,1.0,0.0,0.0,1.0,0.0,0.0,,0.0,0.0,1.0,,,inf,8866.0,,,0.0,8866.0,hyperplane_gauss,13523,8,0.24614707278087739,0.023913009837269784,1,virtual,incremental,1657,0.48872818738222124,0.5545656397938729,False,high,slow,virtual/incremental/K=1/high/slow/partial/imbalanced/noisy,0.0,-0.0
scn-1d9ca14d5036,260446498,HDDM_W,0.8890840852830791,0.041979704000368656,0,1.0,0.0,0.0,1.0,0.0,0.0,,0.0,0.0,1.0,,,inf,8866.0,,,0.0,8866.0,hyperplane_gauss,13523,8,0.24614707278087739,0.023913009837269784,1,virtual,incremental,1657,0.48872818738222124,0.5545656397938729,False,high,slow,virtual/incremental/K=1/high/slow/partial/imbalanced/noisy,0.0,-0.0
scn-1d9ca14d5036,260446498,FHDDM,0.8890840852830791,0.013031137000325543,0,1.0,0.0,0.0,1.0,0.0,0.0,,0.0,0.0,1.0,,,inf,8866.0,,,0.0,8866.0,hyperplane_gauss,13523,8,0.24614707278087739,0.023913009837269784,1,virtual,incremental,1657,0.48872818738222124,0.5545656397938729,False,high,slow,virtual/incremental/K=1/high/slow/partial/imbalanced/noisy,0.0,-0.0
scn-1d9ca14d5036,260446498,NoDrift,0.8890840852830791,0.009254618999875674,0,1.0,0.0,0.0,1.0,0.0,0.0,,0.0,0.0,1.0,,,inf,8866.0,,,0.0,8866.0,hyperplane_gauss,13523,8,0.24614707278087739,0.023913009837269784,1,virtual,incremental,1657,0.48872818738222124,0.5545656397938729,False,high,slow,virtual/incremental/K=1/high/slow/partial/imbalanced/noisy,0.0,-0.0
scn-1d9ca14d5036,260446498,Periodic(2000),0.8890840852830791,0.00935397999955967,0,1.0,6.0,1.0,0.0,4.0,1.0,0.16666666666666666,1.0,0.2857142857142857,0.0,1567.0,1567.0,2216.5,2216.5,1.4144862795149968,1.4144862795149968,0.45116174148432214,8866.0,hyperplane_gauss,13523,8,0.24614707278087739,0.023913009837269784,1,virtual,incremental,1657,0.48872818738222124,0.5545656397938729,False,high,slow,virtual/incremental/K=1/high/slow/partial/imbalanced/noisy,0.0,-0.0
scn-1d9ca14d5036,260446498,Oracle,0.8890840852830791,0.009640975999900547,0,1.0,1.0,1.0,0.0,0.0,0.0,1.0,1.0,1.0,0.0,829.0,829.0,inf,8866.0,inf,10.69481302774427,0.0,8866.0,hyperplane_gauss,13523,8,0.24614707278087739,0.023913009837269784,1,virtual,incremental,1657,0.48872818738222124,0.5545656397938729,False,high,slow,virtual/incremental/K=1/high/slow/partial/imbalanced/noisy,0.0,-0.0
scn-1d9ca14d5036,260446499,ADWIN,0.8847720194841492,0.012554445000205305,0,1.0,0.0,0.0,1.0,0.0,0.0,,0.0,0.0,1.0,,,inf,8866.0,,,0.0,8866.0,hyperplane_gauss,13523,8,0.24614707278087739,0.023913009837269784,1,virtual,incremental,1657,0.48872818738222124,0.5545656397938729,False,high,slow,virtual/incremental/K=1/high/slow/partial/imbalanced/noisy,0.0,-0.0
scn-1d9ca14d5036,260446499,PageHinkley,0.8847720194841492,0.015365493999979662,0,1.0,0.0,0.0,1.0,0.0,0.0,,0.0,0.0,1.0,,,inf,8866.0,,,0.0,8866.0,hyperplane_gauss,13523,8,0.24614707278087739,0.023913009837269784,1,virtual,incremental,1657,0.48872818738222124,0.5545656397938729,False,high,slow,virtual/incremental/K=1/high/slow/partial/imbalanced/noisy,0.0,-0.0
scn-1d9ca14d5036,260446499,PageHinkley-up,0.8847720194841492,0.01563013300028615,0,1.0,0.0,0.0,1.0,0.0,0.0,,0.0,0.0,1.0,,,inf,8866.0,,,0.0,8866.0,hyperplane_gauss,13523,8,0.24614707278087739,0.023913009837269784,1,virtual,incremental,1657,0.48872818738222124,0.5545656397938729,False,high,slow,virtual/incremental/K=1/high/slow/partial/imbalanced/noisy,0.0,-0.0
scn-1d9ca14d5036,260446499,DDM,0.8847720194841492,0.015606313000262162,0,1.0,0.0,0.0,1.0,0.0,0.0,,0.0,0.0,1.0,,,inf,8866.0,,,0.0,8866.0,hyperplane_gauss,13523,8,0.24614707278087739,0.023913009837269784,1,virtual,incremental,1657,0.48872818738222124,0.5545656397938729,False,high,slow,virtual/incremental/K=1/high/slow/partial/imbalanced/noisy,0.0,-0.0
scn-1d9ca14d5036,260446499,EDDM,0.8847720194841492,0.012307300999964355,0,1.0,0.0,0.0,1.0,0.0,0.0,,0.0,0.0,1.0,,,inf,8866.0,,,0.0,8866.0,hyperplane_gauss,13523,8,0.24614707278087739,0.023913009837269784,1,virtual,incremental,1657,0.48872818738222124,0.5545656397938729,False,high,slow,virtual/incremental/K=1/high/slow/partial/imbalanced/noisy,0.0,-0.0
scn-1d9ca14d5036,260446499,HDDM_A,0.8847720194841492,0.049744643999929394,0,1.0,0.0,0.0,1.0,0.0,0.0,,0.0,0.0,1.0,,,inf,8866.0,,,0.0,8866.0,hyperplane_gauss,13523,8,0.24614707278087739,0.023913009837269784,1,virtual,incremental,1657,0.48872818738222124,0.5545656397938729,False,high,slow,virtual/incremental/K=1/high/slow/partial/imbalanced/noisy,0.0,-0.0
scn-1d9ca14d5036,260446499,HDDM_W,0.8847720194841492,0.041714858999966964,0,1.0,0.0,0.0,1.0,0.0,0.0,,0.0,0.0,1.0,,,inf,8866.0,,,0.0,8866.0,hyperplane_gauss,13523,8,0.24614707278087739,0.023913009837269784,1,virtual,incremental,1657,0.48872818738222124,0.5545656397938729,False,high,slow,virtual/incremental/K=1/high/slow/partial/imbalanced/noisy,0.0,-0.0
scn-1d9ca14d5036,260446499,FHDDM,0.8847720194841492,0.01337908800041987,0,1.0,0.0,0.0,1.0,0.0,0.0,,0.0,0.0,1.0,,,inf,8866.0,,,0.0,8866.0,hyperplane_gauss,13523,8,0.24614707278087739,0.023913009837269784,1,virtual,incremental,1657,0.48872818738222124,0.5545656397938729,False,high,slow,virtual/incremental/K=1/high/slow/partial/imbalanced/noisy,0.0,-0.0
scn-1d9ca14d5036,260446499,NoDrift,0.8847720194841492,0.009044085000368796,0,1.0,0.0,0.0,1.0,0.0,0.0,,0.0,0.0,1.0,,,inf,8866.0,,,0.0,8866.0,hyperplane_gauss,13523,8,0.24614707278087739,0.023913009837269784,1,virtual,incremental,1657,0.48872818738222124,0.5545656397938729,False,high,slow,virtual/incremental/K=1/high/slow/partial/imbalanced/noisy,0.0,-0.0
scn-1d9ca14d5036,260446499,Periodic(2000),0.8847720194841492,0.009392267999828618,0,1.0,6.0,1.0,0.0,4.0,1.0,0.16666666666666666,1.0,0.2857142857142857,0.0,1567.0,1567.0,2216.5,2216.5,1.4144862795149968,1.4144862795149968,0.45116174148432214,8866.0,hyperplane_gauss,13523,8,0.24614707278087739,0.023913009837269784,1,virtual,incremental,1657,0.48872818738222124,0.5545656397938729,False,high,slow,virtual/incremental/K=1/high/slow/partial/imbalanced/noisy,0.0,-0.0
scn-1d9ca14d5036,260446499,Oracle,0.8847720194841492,0.009633273999952507,0,1.0,1.0,1.0,0.0,0.0,0.0,1.0,1.0,1.0,0.0,829.0,829.0,inf,8866.0,inf,10.69481302774427,0.0,8866.0,hyperplane_gauss,13523,8,0.24614707278087739,0.023913009837269784,1,virtual,incremental,1657,0.48872818738222124,0.5545656397938729,False,high,slow,virtual/incremental/K=1/high/slow/partial/imbalanced/noisy,0.0,-0.0
scn-1d9ca14d5036,260446500,ADWIN,0.8894034975644813,0.01212783600021794,0,1.0,0.0,0.0,1.0,0.0,0.0,,0.0,0.0,1.0,,,inf,8866.0,,,0.0,8866.0,hyperplane_gauss,13523,8,0.24614707278087739,0.023913009837269784,1,virtual,incremental,1657,0.48872818738222124,0.5545656397938729,False,high,slow,virtual/incremental/K=1/high/slow/partial/imbalanced/noisy,0.0,-0.0
scn-1d9ca14d5036,260446500,PageHinkley,0.8894034975644813,0.015244131999679666,0,1.0,0.0,0.0,1.0,0.0,0.0,,0.0,0.0,1.0,,,inf,8866.0,,,0.0,8866.0,hyperplane_gauss,13523,8,0.24614707278087739,0.023913009837269784,1,virtual,incremental,1657,0.48872818738222124,0.5545656397938729,False,high,slow,virtual/incremental/K=1/high/slow/partial/imbalanced/noisy,0.0,-0.0
scn-1d9ca14d5036,260446500,PageHinkley-up,0.8894034975644813,0.01506171400023959,0,1.0,0.0,0.0,1.0,0.0,0.0,,0.0,0.0,1.0,,,inf,8866.0,,,0.0,8866.0,hyperplane_gauss,13523,8,0.24614707278087739,0.023913009837269784,1,virtual,incremental,1657,0.48872818738222124,0.5545656397938729,False,high,slow,virtual/incremental/K=1/high/slow/partial/imbalanced/noisy,0.0,-0.0
scn-1d9ca14d5036,260446500,DDM,0.8894034975644813,0.014989278000030026,0,1.0,0.0,0.0,1.0,0.0,0.0,,0.0,0.0,1.0,,,inf,8866.0,,,0.0,8866.0,hyperplane_gauss,13523,8,0.24614707278087739,0.023913009837269784,1,virtual,incremental,1657,0.48872818738222124,0.5545656397938729,False,high,slow,virtual/incremental/K=1/high/slow/partial/imbalanced/noisy,0.0,-0.0
scn-1d9ca14d5036,260446500,EDDM,0.8894034975644813,0.012683153000125458,0,1.0,27.0,1.0,0.0,16.0,10.0,0.037037037037037035,1.0,0.07142857142857142,0.0,241.0,241.0,554.125,554.125,2.2992738589211617,2.2992738589211617,1.8046469659372886,8866.0,hyperplane_gauss,13523,8,0.24614707278087739,0.023913009837269784,1,virtual,incremental,1657,0.48872818738222124,0.5545656397938729,False,high,slow,virtual/incremental/K=1/high/slow/partial/imbalanced/noisy,0.0,-0.0
scn-1d9ca14d5036,260446500,HDDM_A,0.8894034975644813,0.0486930899996878,0,1.0,0.0,0.0,1.0,0.0,0.0,,0.0,0.0,1.0,,,inf,8866.0,,,0.0,8866.0,hyperplane_gauss,13523,8,0.24614707278087739,0.023913009837269784,1,virtual,incremental,1657,0.48872818738222124,0.5545656397938729,False,high,slow,virtual/incremental/K=1/high/slow/partial/imbalanced/noisy,0.0,-0.0
scn-1d9ca14d5036,260446500,HDDM_W,0.8894034975644813,0.041543538000041735,0,1.0,0.0,0.0,1.0,0.0,0.0,,0.0,0.0,1.0,,,inf,8866.0,,,0.0,8866.0,hyperplane_gauss,13523,8,0.24614707278087739,0.023913009837269784,1,virtual,incremental,1657,0.48872818738222124,0.5545656397938729,False,high,slow,virtual/incremental/K=1/high/slow/partial/imbalanced/noisy,0.0,-0.0
scn-1d9ca14d5036,260446500,FHDDM,0.8894034975644813,0.013118607999786036,0,1.0,0.0,0.0,1.0,0.0,0.0,,0.0,0.0,1.0,,,inf,8866.0,,,0.0,8866.0,hyperplane_gauss,13523,8,0.24614707278087739,0.023913009837269784,1,virtual,incremental,1657,0.48872818738222124,0.5545656397938729,False,high,slow,virtual/incremental/K=1/high/slow/partial/imbalanced/noisy,0.0,-0.0
scn-1d9ca14d5036,260446500,NoDrift,0.8894034975644813,0.00902103199996418,0,1.0,0.0,0.0,1.0,0.0,0.0,,0.0,0.0,1.0,,,inf,8866.0,,,0.0,8866.0,hyperplane_gauss,13523,8,0.24614707278087739,0.023913009837269784,1,virtual,incremental,1657,0.48872818738222124,0.5545656397938729,False,high,slow,virtual/incremental/K=1/high/slow/partial/imbalanced/noisy,0.0,-0.0
scn-1d9ca14d5036,260446500,Periodic(2000),0.8894034975644813,0.00937770400014415,0,1.0,6.0,1.0,0.0,4.0,1.0,0.16666666666666666,1.0,0.2857142857142857,0.0,1567.0,1567.0,2216.5,2216.5,1.4144862795149968,1.4144862795149968,0.45116174148432214,8866.0,hyperplane_gauss,13523,8,0.24614707278087739,0.023913009837269784,1,virtual,incremental,1657,0.48872818738222124,0.5545656397938729,False,high,slow,virtual/incremental/K=1/high/slow/partial/imbalanced/noisy,0.0,-0.0
scn-1d9ca14d5036,260446500,Oracle,0.8894034975644813,0.009527144999992743,0,1.0,1.0,1.0,0.0,0.0,0.0,1.0,1.0,1.0,0.0,829.0,829.0,inf,8866.0,inf,10.69481302774427,0.0,8866.0,hyperplane_gauss,13523,8,0.24614707278087739,0.023913009837269784,1,virtual,incremental,1657,0.48872818738222124,0.5545656397938729,False,high,slow,virtual/incremental/K=1/high/slow/partial/imbalanced/noisy,0.0,-0.0
scn-a8cf8b947a90,1685144789,ADWIN,0.7502668545322574,0.0360095360001651,0,3.0,0.0,0.0,3.0,0.0,0.0,,0.0,0.0,1.0,,,inf,14145.0,,,0.0,14145.0,hyperplane_gauss,24421,20,0.3217467457056046,0.22260976843535898,3,prior,gradual,1092,0.272466653585434,1.0,True,medium,slow,prior/gradual/K=3/recurring/medium/slow/n/a/imbalanced/noisy,0.0,-0.0
scn-a8cf8b947a90,1685144789,PageHinkley,0.7502668545322574,0.04417217999980494,0,3.0,2.0,0.0,3.0,2.0,0.0,0.0,0.0,0.0,1.0,,,7072.5,7072.5,,,0.14139271827500885,14145.0,hyperplane_gauss,24421,20,0.3217467457056046,0.22260976843535898,3,prior,gradual,1092,0.272466653585434,1.0,True,medium,slow,prior/gradual/K=3/recurring/medium/slow/n/a/imbalanced/noisy,0.0,-0.0
scn-a8cf8b947a90,1685144789,PageHinkley-up,0.7502668545322574,0.041874858000028325,0,3.0,0.0,0.0,3.0,0.0,0.0,,0.0,0.0,1.0,,,inf,14145.0,,,0.0,14145.0,hyperplane_gauss,24421,20,0.3217467457056046,0.22260976843535898,3,prior,gradual,1092,0.272466653585434,1.0,True,medium,slow,prior/gradual/K=3/recurring/medium/slow/n/a/imbalanced/noisy,0.0,-0.0
scn-a8cf8b947a90,1685144789,DDM,0.7502668545322574,0.041255733000070904,0,3.0,0.0,0.0,3.0,0.0,0.0,,0.0,0.0,1.0,,,inf,14145.0,,,0.0,14145.0,hyperplane_gauss,24421,20,0.3217467457056046,0.22260976843535898,3,prior,gradual,1092,0.272466653585434,1.0,True,medium,slow,prior/gradual/K=3/recurring/medium/slow/n/a/imbalanced/noisy,0.0,-0.0
scn-a8cf8b947a90,1685144789,EDDM,0.7502668545322574,0.038840302000153315,0,3.0,12.0,1.0,2.0,9.0,2.0,0.08333333333333333,0.3333333333333333,0.13333333333333333,0.6666666666666667,176.0,176.0,1571.6666666666667,1571.6666666666667,2.9766414141414135,2.9766414141414135,0.6362672322375398,14145.0,hyperplane_gauss,24421,20,0.3217467457056046,0.22260976843535898,3,prior,gradual,1092,0.272466653585434,1.0,True,medium,slow,prior/gradual/K=3/recurring/medium/slow/n/a/imbalanced/noisy,0.0,-0.0
scn-a8cf8b947a90,1685144789,HDDM_A,0.7502668545322574,0.09048402700000224,0,3.0,0.0,0.0,3.0,0.0,0.0,,0.0,0.0,1.0,,,inf,14145.0,,,0.0,14145.0,hyperplane_gauss,24421,20,0.3217467457056046,0.22260976843535898,3,prior,gradual,1092,0.272466653585434,1.0,True,medium,slow,prior/gradual/K=3/recurring/medium/slow/n/a/imbalanced/noisy,0.0,-0.0
scn-a8cf8b947a90,1685144789,HDDM_W,0.7502668545322574,0.09768477499983419,0,3.0,2.0,0.0,3.0,2.0,0.0,0.0,0.0,0.0,1.0,,,7072.5,7072.5,,,0.14139271827500885,14145.0,hyperplane_gauss,24421,20,0.3217467457056046,0.22260976843535898,3,prior,gradual,1092,0.272466653585434,1.0,True,medium,slow,prior/gradual/K=3/recurring/medium/slow/n/a/imbalanced/noisy,0.0,-0.0
scn-a8cf8b947a90,1685144789,FHDDM,0.7502668545322574,0.038305632999708905,0,3.0,3.0,0.0,3.0,3.0,0.0,0.0,0.0,0.0,1.0,,,4715.0,4715.0,,,0.21208907741251326,14145.0,hyperplane_gauss,24421,20,0.3217467457056046,0.22260976843535898,3,prior,gradual,1092,0.272466653585434,1.0,True,medium,slow,prior/gradual/K=3/recurring/medium/slow/n/a/imbalanced/noisy,0.0,-0.0
scn-a8cf8b947a90,1685144789,NoDrift,0.7502668545322574,0.03183123600001636,0,3.0,0.0,0.0,3.0,0.0,0.0,,0.0,0.0,1.0,,,inf,14145.0,,,0.0,14145.0,hyperplane_gauss,24421,20,0.3217467457056046,0.22260976843535898,3,prior,gradual,1092,0.272466653585434,1.0,True,medium,slow,prior/gradual/K=3/recurring/medium/slow/n/a/imbalanced/noisy,0.0,-0.0
scn-a8cf8b947a90,1685144789,Periodic(2000),0.7502668545322574,0.0376675460001934,0,3.0,11.0,3.0,0.0,7.0,1.0,0.2727272727272727,1.0,0.42857142857142855,0.0,1169.3333333333333,1643.0,2020.7142857142858,2020.7142857142858,1.7280908942824567,1.7280908942824567,0.4948745139625309,14145.0,hyperplane_gauss,24421,20,0.3217467457056046,0.22260976843535898,3,prior,gradual,1092,0.272466653585434,1.0,True,medium,slow,prior/gradual/K=3/recurring/medium/slow/n/a/imbalanced/noisy,0.0,-0.0
scn-a8cf8b947a90,1685144789,Oracle,0.7502668545322574,0.03193881199968018,0,3.0,3.0,3.0,0.0,0.0,0.0,1.0,1.0,1.0,0.0,547.0,547.0,inf,14145.0,inf,25.859232175502743,0.0,14145.0,hyperplane_gauss,24421,20,0.3217467457056046,0.22260976843535898,3,prior,gradual,1092,0.272466653585434,1.0,True,medium,slow,prior/gradual/K=3/recurring/medium/slow/n/a/imbalanced/noisy,0.0,-0.0
scn-a8cf8b947a90,1685144790,ADWIN,0.7501814610819351,0.036676821999662934,0,3.0,0.0,0.0,3.0,0.0,0.0,,0.0,0.0,1.0,,,inf,14145.0,,,0.0,14145.0,hyperplane_gauss,24421,20,0.3217467457056046,0.22260976843535898,3,prior,gradual,1092,0.272466653585434,1.0,True,medium,slow,prior/gradual/K=3/recurring/medium/slow/n/a/imbalanced/noisy,0.0,-0.0
scn-a8cf8b947a90,1685144790,PageHinkley,0.7501814610819351,0.047743750999870826,0,3.0,2.0,0.0,3.0,2.0,0.0,0.0,0.0,0.0,1.0,,,7072.5,7072.5,,,0.14139271827500885,14145.0,hyperplane_gauss,24421,20,0.3217467457056046,0.22260976843535898,3,prior,gradual,1092,0.272466653585434,1.0,True,medium,slow,prior/gradual/K=3/recurring/medium/slow/n/a/imbalanced/noisy,0.0,-0.0
scn-a8cf8b947a90,1685144790,PageHinkley-up,0.7501814610819351,0.04216816899997866,0,3.0,0.0,0.0,3.0,0.0,0.0,,0.0,0.0,1.0,,,inf,14145.0,,,0.0,14145.0,hyperplane_gauss,24421,20,0.3217467457056046,0.22260976843535898,3,prior,gradual,1092,0.272466653585434,1.0,True,medium,slow,prior/gradual/K=3/recurring/medium/slow/n/a/imbalanced/noisy,0.0,-0.0
scn-a8cf8b947a90,1685144790,DDM,0.7501814610819351,0.041475108999748045,0,3.0,0.0,0.0,3.0,0.0,0.0,,0.0,0.0,1.0,,,inf,14145.0,,,0.0,14145.0,hyperplane_gauss,24421,20,0.3217467457056046,0.22260976843535898,3,prior,gradual,1092,0.272466653585434,1.0,True,medium,slow,prior/gradual/K=3/recurring/medium/slow/n/a/imbalanced/noisy,0.0,-0.0
scn-a8cf8b947a90,1685144790,EDDM,0.7501814610819351,0.03866545400023824,0,3.0,66.0,2.0,1.0,42.0,22.0,0.030303030303030304,0.6666666666666666,0.057971014492753624,0.33333333333333337,224.0,224.0,336.7857142857143,336.7857142857143,1.0023384353741496,1.0023384353741496,2.9692470837751856,14145.0,hyperplane_gauss,24421,20,0.3217467457056046,0.22260976843535898,3,prior,gradual,1092,0.272466653585434,1.0,True,medium,slow,prior/gradual/K=3/recurring/medium/slow/n/a/imbalanced/noisy,0.0,-0.0
scn-a8cf8b947a90,1685144790,HDDM_A,0.7501814610819351,0.09247074699987934,0,3.0,0.0,0.0,3.0,0.0,0.0,,0.0,0.0,1.0,,,inf,14145.0,,,0.0,14145.0,hyperplane_gauss,24421,20,0.3217467457056046,0.22260976843535898,3,prior,gradual,1092,0.272466653585434,1.0,True,medium,slow,prior/gradual/K=3/recurring/medium/slow/n/a/imbalanced/noisy,0.0,-0.0
scn-a8cf8b947a90,1685144790,HDDM_W,0.7501814610819351,0.09922047800000655,0,3.0,7.0,3.0,0.0,3.0,1.0,0.42857142857142855,1.0,0.6,0.0,934.0,994.0,4715.0,4715.0,5.048179871520342,5.048179871520342,0.21208907741251326,14145.0,hyperplane_gauss,24421,20,0.3217467457056046,0.22260976843535898,3,prior,gradual,1092,0.272466653585434,1.0,True,medium,slow,prior/gradual/K=3/recurring/medium/slow/n/a/imbalanced/noisy,0.0,-0.0
scn-a8cf8b947a90,1685144790,FHDDM,0.7501814610819351,0.0415226889999758,0,3.0,2.0,1.0,2.0,1.0,0.0,0.5,0.3333333333333333,0.4,0.6666666666666667,582.0,582.0,14145.0,14145.0,8.101374570446733,8.101374570446733,0.07069635913750442,14145.0,hyperplane_gauss,24421,20,0.3217467457056046,0.22260976843535898,3,prior,gradual,1092,0.272466653585434,1.0,True,medium,slow,prior/gradual/K=3/recurring/medium/slow/n/a/imbalanced/noisy,0.0,-0.0
scn-a8cf8b947a90,1685144790,NoDrift,0.7501814610819351,0.034996619999674294,0,3.0,0.0,0.0,3.0,0.0,0.0,,0.0,0.0,1.0,,,inf,14145.0,,,0.0,14145.0,hyperplane_gauss,24421,20,0.3217467457056046,0.22260976843535898,3,prior,gradual,1092,0.272466653585434,1.0,True,medium,slow,prior/gradual/K=3/recurring/medium/slow/n/a/imbalanced/noisy,0.0,-0.0
scn-a8cf8b947a90,1685144790,Periodic(2000),0.7501814610819351,0.03436518499984231,0,3.0,11.0,3.0,0.0,7.0,1.0,0.2727272727272727,1.0,0.42857142857142855,0.0,1169.3333333333333,1643.0,2020.7142857142858,2020.7142857142858,1.7280908942824567,1.7280908942824567,0.4948745139625309,14145.0,hyperplane_gauss,24421,20,0.3217467457056046,0.22260976843535898,3,prior,gradual,1092,0.272466653585434,1.0,True,medium,slow,prior/gradual/K=3/recurring/medium/slow/n/a/imbalanced/noisy,0.0,-0.0
scn-a8cf8b947a90,1685144790,Oracle,0.7501814610819351,0.03203662499981874,0,3.0,3.0,3.0,0.0,0.0,0.0,1.0,1.0,1.0,0.0,547.0,547.0,inf,14145.0,inf,25.859232175502743,0.0,14145.0,hyperplane_gauss,24421,20,0.3217467457056046,0.22260976843535898,3,prior,gradual,1092,0.272466653585434,1.0,True,medium,slow,prior/gradual/K=3/recurring/medium/slow/n/a/imbalanced/noisy,0.0,-0.0
scn-a8cf8b947a90,1685144791,ADWIN,0.7491140429529055,0.04017794299988964,0,3.0,0.0,0.0,3.0,0.0,0.0,,0.0,0.0,1.0,,,inf,14145.0,,,0.0,14145.0,hyperplane_gauss,24421,20,0.3217467457056046,0.22260976843535898,3,prior,gradual,1092,0.272466653585434,1.0,True,medium,slow,prior/gradual/K=3/recurring/medium/slow/n/a/imbalanced/noisy,0.0,-0.0
scn-a8cf8b947a90,1685144791,PageHinkley,0.7491140429529055,0.04346020299999509,0,3.0,2.0,0.0,3.0,2.0,0.0,0.0,0.0,0.0,1.0,,,7072.5,7072.5,,,0.14139271827500885,14145.0,hyperplane_gauss,24421,20,0.3217467457056046,0.22260976843535898,3,prior,gradual,1092,0.272466653585434,1.0,True,medium,slow,prior/gradual/K=3/recurring/medium/slow/n/a/imbalanced/noisy,0.0,-0.0
scn-a8cf8b947a90,1685144791,PageHinkley-up,0.7491140429529055,0.043173588999707135,0,3.0,1.0,1.0,2.0,0.0,0.0,1.0,0.3333333333333333,0.5,0.6666666666666667,1593.0,1593.0,inf,14145.0,inf,2.9598242310106713,0.0,14145.0,hyperplane_gauss,24421,20,0.3217467457056046,0.22260976843535898,3,prior,gradual,1092,0.272466653585434,1.0,True,medium,slow,prior/gradual/K=3/recurring/medium/slow/n/a/imbalanced/noisy,0.0,-0.0
scn-a8cf8b947a90,1685144791,DDM,0.7491140429529055,0.0444500240000707,0,3.0,0.0,0.0,3.0,0.0,0.0,,0.0,0.0,1.0,,,inf,14145.0,,,0.0,14145.0,hyperplane_gauss,24421,20,0.3217467457056046,0.22260976843535898,3,prior,gradual,1092,0.272466653585434,1.0,True,medium,slow,prior/gradual/K=3/recurring/medium/slow/n/a/imbalanced/noisy,0.0,-0.0
scn-a8cf8b947a90,1685144791,EDDM,0.7491140429529055,0.03900276900003519,0,3.0,1.0,0.0,3.0,1.0,0.0,0.0,0.0,0.0,1.0,,,14145.0,14145.0,,,0.07069635913750442,14145.0,hyperplane_gauss,24421,20,0.3217467457056046,0.22260976843535898,3,prior,gradual,1092,0.272466653585434,1.0,True,medium,slow,prior/gradual/K=3/recurring/medium/slow/n/a/imbalanced/noisy,0.0,-0.0
scn-a8cf8b947a90,1685144791,HDDM_A,0.7491140429529055,0.08948267300002044,0,3.0,0.0,0.0,3.0,0.0,0.0,,0.0,0.0,1.0,,,inf,14145.0,,,0.0,14145.0,hyperplane_gauss,24421,20,0.3217467457056046,0.22260976843535898,3,prior,gradual,1092,0.272466653585434,1.0,True,medium,slow,prior/gradual/K=3/recurring/medium/slow/n/a/imbalanced/noisy,0.0,-0.0
scn-a8cf8b947a90,1685144791,HDDM_W,0.7491140429529055,0.09564663699984521,0,3.0,4.0,2.0,1.0,2.0,0.0,0.5,0.6666666666666666,0.5714285714285715,0.33333333333333337,1516.0,1516.0,7072.5,7072.5,3.1101583113456464,3.1101583113456464,0.14139271827500885,14145.0,hyperplane_gauss,24421,20,0.3217467457056046,0.22260976843535898,3,prior,gradual,1092,0.272466653585434,1.0,True,medium,slow,prior/gradual/K=3/recurring/medium/slow/n/a/imbalanced/noisy,0.0,-0.0
scn-a8cf8b947a90,1685144791,FHDDM,0.7491140429529055,0.03889564499968401,0,3.0,0.0,0.0,3.0,0.0,0.0,,0.0,0.0,1.0,,,inf,14145.0,,,0.0,14145.0,hyperplane_gauss,24421,20,0.3217467457056046,0.22260976843535898,3,prior,gradual,1092,0.272466653585434,1.0,True,medium,slow,prior/gradual/K=3/recurring/medium/slow/n/a/imbalanced/noisy,0.0,-0.0
scn-a8cf8b947a90,1685144791,NoDrift,0.7491140429529055,0.03150382600006196,0,3.0,0.0,0.0,3.0,0.0,0.0,,0.0,0.0,1.0,,,inf,14145.0,,,0.0,14145.0,hyperplane_gauss,24421,20,0.3217467457056046,0.22260976843535898,3,prior,gradual,1092,0.272466653585434,1.0,True,medium,slow,prior/gradual/K=3/recurring/medium/slow/n/a/imbalanced/noisy,0.0,-0.0
scn-a8cf8b947a90,1685144791,Periodic(2000),0.7491140429529055,0.03209571900015362,0,3.0,11.0,3.0,0.0,7.0,1.0,0.2727272727272727,1.0,0.42857142857142855,0.0,1169.3333333333333,1643.0,2020.7142857142858,2020.7142857142858,1.7280908942824567,1.7280908942824567,0.4948745139625309,14145.0,hyperplane_gauss,24421,20,0.3217467457056046,0.22260976843535898,3,prior,gradual,1092,0.272466653585434,1.0,True,medium,slow,prior/gradual/K=3/recurring/medium/slow/n/a/imbalanced/noisy,0.0,-0.0
scn-a8cf8b947a90,1685144791,Oracle,0.7491140429529055,0.03221697099979792,0,3.0,3.0,3.0,0.0,0.0,0.0,1.0,1.0,1.0,0.0,547.0,547.0,inf,14145.0,inf,25.859232175502743,0.0,14145.0,hyperplane_gauss,24421,20,0.3217467457056046,0.22260976843535898,3,prior,gradual,1092,0.272466653585434,1.0,True,medium,slow,prior/gradual/K=3/recurring/medium/slow/n/a/imbalanced/noisy,0.0,-0.0
scn-8d0586c49753,261798252,ADWIN,0.8388793629573658,0.023960464000083448,0,5.0,0.0,0.0,5.0,0.0,0.0,,0.0,0.0,1.0,,,inf,22889.0,,,0.0,22889.0,hyperplane_gauss,35409,3,0.14608014756813648,0.10204303348436951,5,virtual,incremental,304,0.107015141248703,0.9142185511688391,False,medium,fast,virtual/incremental/K=5/medium/fast/partial/imbalanced/noisy,0.0,-0.0
scn-8d0586c49753,261798252,PageHinkley,0.8388793629573658,0.03360842100028094,0,5.0,2.0,1.0,4.0,1.0,0.0,0.5,0.2,0.28571428571428575,0.8,2214.0,2214.0,22889.0,22889.0,2.067660343270099,2.067660343270099,0.04368910830529949,22889.0,hyperplane_gauss,35409,3,0.14608014756813648,0.10204303348436951,5,virtual,incremental,304,0.107015141248703,0.9142185511688391,False,medium,fast,virtual/incremental/K=5/medium/fast/partial/imbalanced/noisy,0.0,-0.0
scn-8d0586c49753,261798252,PageHinkley-up,0.8388793629573658,0.032040126000083546,0,5.0,1.0,0.0,5.0,1.0,0.0,0.0,0.0,0.0,1.0,,,22889.0,22889.0,,,0.04368910830529949,22889.0,hyperplane_gauss,35409,3,0.14608014756813648,0.10204303348436951,5,virtual,incremental,304,0.107015141248703,0.9142185511688391,False,medium,fast,virtual/incremental/K=5/medium/fast/partial/imbalanced/noisy,0.0,-0.0
scn-8d0586c49753,261798252,DDM,0.8388793629573658,0.03113089399994351,0,5.0,0.0,0.0,5.0,0.0,0.0,,0.0,0.0,1.0,,,inf,22889.0,,,0.0,22889.0,hyperplane_gauss,35409,3,0.14608014756813648,0.10204303348436951,5,virtual,incremental,304,0.107015141248703,0.9142185511688391,False,medium,fast,virtual/incremental/K=5/medium/fast/partial/imbalanced/noisy,0.0,-0.0
scn-8d0586c49753,261798252,EDDM,0.8388793629573658,0.025658165000095323,0,5.0,30.0,2.0,3.0,20.0,8.0,0.06666666666666667,0.4,0.1142857142857143,0.6,917.0,917.0,1144.45,1144.45,0.4992148309705562,0.4992148309705562,0.8737821661059898,22889.0,hyperplane_gauss,35409,3,0.14608014756813648,0.10204303348436951,5,virtual,incremental,304,0.107015141248703,0.9142185511688391,False,medium,fast,virtual/incremental/K=5/medium/fast/partial/imbalanced/noisy,0.0,-0.0
scn-8d0586c49753,261798252,HDDM_A,0.8388793629573658,0.09491325799990591,0,5.0,0.0,0.0,5.0,0.0,0.0,,0.0,0.0,1.0,,,inf,22889.0,,,0.0,22889.0,hyperplane_gauss,35409,3,0.14608014756813648,0.10204303348436951,5,virtual,incremental,304,0.107015141248703,0.9142185511688391,False,medium,fast,virtual/incremental/K=5/medium/fast/partial/imbalanced/noisy,0.0,-0.0
scn-8d0586c49753,261798252,HDDM_W,0.8388793629573658,0.10221230099978129,0,5.0,0.0,0.0,5.0,0.0,0.0,,0.0,0.0,1.0,,,inf,22889.0,,,0.0,22889.0,hyperplane_gauss,35409,3,0.14608014756813648,0.10204303348436951,5,virtual,incremental,304,0.107015141248703,0.9142185511688391,False,medium,fast,virtual/incremental/K=5/medium/fast/partial/imbalanced/noisy,0.0,-0.0
scn-8d0586c49753,261798252,FHDDM,0.8388793629573658,0.027609363999999914,0,5.0,0.0,0.0,5.0,0.0,0.0,,0.0,0.0,1.0,,,inf,22889.0,,,0.0,22889.0,hyperplane_gauss,35409,3,0.14608014756813648,0.10204303348436951,5,virtual,incremental,304,0.107015141248703,0.9142185511688391,False,medium,fast,virtual/incremental/K=5/medium/fast/partial/imbalanced/noisy,0.0,-0.0
scn-8d0586c49753,261798252,NoDrift,0.8388793629573658,0.015921717999844986,0,5.0,0.0,0.0,5.0,0.0,0.0,,0.0,0.0,1.0,,,inf,22889.0,,,0.0,22889.0,hyperplane_gauss,35409,3,0.14608014756813648,0.10204303348436951,5,virtual,incremental,304,0.107015141248703,0.9142185511688391,False,medium,fast,virtual/incremental/K=5/medium/fast/partial/imbalanced/noisy,0.0,-0.0
scn-8d0586c49753,261798252,Periodic(2000),0.8388793629573658,0.016620403000160877,0,5.0,17.0,5.0,0.0,11.0,1.0,0.29411764705882354,1.0,0.45454545454545453,0.0,1148.0,1066.0,2080.818181818182,2080.818181818182,1.8125593918276846,1.8125593918276846,0.4805801913582944,22889.0,hyperplane_gauss,35409,3,0.14608014756813648,0.10204303348436951,5,virtual,incremental,304,0.107015141248703,0.9142185511688391,False,medium,fast,virtual/incremental/K=5/medium/fast/partial/imbalanced/noisy,0.0,-0.0
scn-8d0586c49753,261798252,Oracle,0.8388793629573658,0.016524432000096567,0,5.0,5.0,5.0,0.0,0.0,0.0,1.0,1.0,1.0,0.0,153.0,153.0,inf,22889.0,inf,149.6013071895425,0.0,22889.0,hyperplane_gauss,35409,3,0.14608014756813648,0.10204303348436951,5,virtual,incremental,304,0.107015141248703,0.9142185511688391,False,medium,fast,virtual/incremental/K=5/medium/fast/partial/imbalanced/noisy,0.0,-0.0
scn-8d0586c49753,261798253,ADWIN,0.8422796361417071,0.023726540000097884,0,5.0,0.0,0.0,5.0,0.0,0.0,,0.0,0.0,1.0,,,inf,22889.0,,,0.0,22889.0,hyperplane_gauss,35409,3,0.14608014756813648,0.10204303348436951,5,virtual,incremental,304,0.107015141248703,0.9142185511688391,False,medium,fast,virtual/incremental/K=5/medium/fast/partial/imbalanced/noisy,0.0,-0.0
scn-8d0586c49753,261798253,PageHinkley,0.8422796361417071,0.03321294099987426,0,5.0,2.0,1.0,4.0,1.0,0.0,0.5,0.2,0.28571428571428575,0.8,57.0,57.0,22889.0,22889.0,80.31228070175437,80.31228070175437,0.04368910830529949,22889.0,hyperplane_gauss,35409,3,0.14608014756813648,0.10204303348436951,5,virtual,incremental,304,0.107015141248703,0.9142185511688391,False,medium,fast,virtual/incremental/K=5/medium/fast/partial/imbalanced/noisy,0.0,-0.0
scn-8d0586c49753,261798253,PageHinkley-up,0.8422796361417071,0.03197995999971681,0,5.0,0.0,0.0,5.0,0.0,0.0,,0.0,0.0,1.0,,,inf,22889.0,,,0.0,22889.0,hyperplane_gauss,35409,3,0.14608014756813648,0.10204303348436951,5,virtual,incremental,304,0.107015141248703,0.9142185511688391,False,medium,fast,virtual/incremental/K=5/medium/fast/partial/imbalanced/noisy,0.0,-0.0
scn-8d0586c49753,261798253,DDM,0.8422796361417071,0.03166058899978452,0,5.0,4.0,1.0,4.0,2.0,1.0,0.25,0.2,0.22222222222222224,0.8,157.0,157.0,11444.5,11444.5,14.578980891719743,14.578980891719743,0.08737821661059898,22889.0,hyperplane_gauss,35409,3,0.14608014756813648,0.10204303348436951,5,virtual,incremental,304,0.107015141248703,0.9142185511688391,False,medium,fast,virtual/incremental/K=5/medium/fast/partial/imbalanced/noisy,0.0,-0.0
scn-8d0586c49753,261798253,EDDM,0.8422796361417071,0.025785960000121122,0,5.0,14.0,1.0,4.0,10.0,3.0,0.07142857142857142,0.2,0.10526315789473682,0.8,1.0,1.0,2288.9,2288.9,457.7799999999999,457.7799999999999,0.4368910830529949,22889.0,hyperplane_gauss,35409,3,0.14608014756813648,0.10204303348436951,5,virtual,incremental,304,0.107015141248703,0.9142185511688391,False,medium,fast,virtual/incremental/K=5/medium/fast/partial/imbalanced/noisy,0.0,-0.0
scn-8d0586c49753,261798253,HDDM_A,0.8422796361417071,0.10071754899990992,0,5.0,0.0,0.0,5.0,0.0,0.0,,0.0,0.0,1.0,,,inf,22889.0,,,0.0,22889.0,hyperplane_gauss,35409,3,0.14608014756813648,0.10204303348436951,5,virtual,incremental,304,0.107015141248703,0.9142185511688391,False,medium,fast,virtual/incremental/K=5/medium/fast/partial/imbalanced/noisy,0.0,-0.0
scn-8d0586c49753,261798253,HDDM_W,0.8422796361417071,0.10226529500005199,0,5.0,1.0,0.0,5.0,1.0,0.0,0.0,0.0,0.0,1.0,,,22889.0,22889.0,,,0.04368910830529949,22889.0,hyperplane_gauss,35409,3,0.14608014756813648,0.10204303348436951,5,virtual,incremental,304,0.107015141248703,0.9142185511688391,False,medium,fast,virtual/incremental/K=5/medium/fast/partial/imbalanced/noisy,0.0,-0.0
scn-8d0586c49753,261798253,FHDDM,0.8422796361417071,0.027261084000201663,0,5.0,0.0,0.0,5.0,0.0,0.0,,0.0,0.0,1.0,,,inf,22889.0,,,0.0,22889.0,hyperplane_gauss,35409,3,0.14608014756813648,0.10204303348436951,5,virtual,incremental,304,0.107015141248703,0.9142185511688391,False,medium,fast,virtual/incremental/K=5/medium/fast/partial/imbalanced/noisy,0.0,-0.0
scn-8d0586c49753,261798253,NoDrift,0.8422796361417071,0.01628914299999451,0,5.0,0.0,0.0,5.0,0.0,0.0,,0.0,0.0,1.0,,,inf,22889.0,,,0.0,22889.0,hyperplane_gauss,35409,3,0.14608014756813648,0.10204303348436951,5,virtual,incremental,304,0.107015141248703,0.9142185511688391,False,medium,fast,virtual/incremental/K=5/medium/fast/partial/imbalanced/noisy,0.0,-0.0
scn-8d0586c49753,261798253,Periodic(2000),0.8422796361417071,0.01679762200001278,0,5.0,17.0,5.0,0.0,11.0,1.0,0.29411764705882354,1.0,0.45454545454545453,0.0,1148.0,1066.0,2080.818181818182,2080.818181818182,1.8125593918276846,1.8125593918276846,0.4805801913582944,22889.0,hyperplane_gauss,35409,3,0.14608014756813648,0.10204303348436951,5,virtual,incremental,304,0.107015141248703,0.9142185511688391,False,medium,fast,virtual/incremental/K=5/medium/fast/partial/imbalanced/noisy,0.0,-0.0
scn-8d0586c49753,261798253,Oracle,0.8422796361417071,0.017055406000054063,0,5.0,5.0,5.0,0.0,0.0,0.0,1.0,1.0,1.0,0.0,153.0,153.0,inf,22889.0,inf,149.6013071895425,0.0,22889.0,hyperplane_gauss,35409,3,0.14608014756813648,0.10204303348436951,5,virtual,incremental,304,0.107015141248703,0.9142185511688391,False,medium,fast,virtual/incremental/K=5/medium/fast/partial/imbalanced/noisy,0.0,-0.0
scn-8d0586c49753,261798254,ADWIN,0.8381237466941789,0.024264573999971617,0,5.0,0.0,0.0,5.0,0.0,0.0,,0.0,0.0,1.0,,,inf,22889.0,,,0.0,22889.0,hyperplane_gauss,35409,3,0.14608014756813648,0.10204303348436951,5,virtual,incremental,304,0.107015141248703,0.9142185511688391,False,medium,fast,virtual/incremental/K=5/medium/fast/partial/imbalanced/noisy,0.0,-0.0
scn-8d0586c49753,261798254,PageHinkley,0.8381237466941789,0.03290099400010149,0,5.0,1.0,1.0,4.0,0.0,0.0,1.0,0.2,0.33333333333333337,0.8,739.0,739.0,inf,22889.0,inf,6.194587280108253,0.0,22889.0,hyperplane_gauss,35409,3,0.14608014756813648,0.10204303348436951,5,virtual,incremental,304,0.107015141248703,0.9142185511688391,False,medium,fast,virtual/incremental/K=5/medium/fast/partial/imbalanced/noisy,0.0,-0.0
scn-8d0586c49753,261798254,PageHinkley-up,0.8381237466941789,0.03250678299991705,0,5.0,1.0,1.0,4.0,0.0,0.0,1.0,0.2,0.33333333333333337,0.8,739.0,739.0,inf,22889.0,inf,6.194587280108253,0.0,22889.0,hyperplane_gauss,35409,3,0.14608014756813648,0.10204303348436951,5,virtual,incremental,304,0.107015141248703,0.9142185511688391,False,medium,fast,virtual/incremental/K=5/medium/fast/partial/imbalanced/noisy,0.0,-0.0
scn-8d0586c49753,261798254,DDM,0.8381237466941789,0.0322390359997371,0,5.0,0.0,0.0,5.0,0.0,0.0,,0.0,0.0,1.0,,,inf,22889.0,,,0.0,22889.0,hyperplane_gauss,35409,3,0.14608014756813648,0.10204303348436951,5,virtual,incremental,304,0.107015141248703,0.9142185511688391,False,medium,fast,virtual/incremental/K=5/medium/fast/partial/imbalanced/noisy,0.0,-0.0
scn-8d0586c49753,261798254,EDDM,0.8381237466941789,0.026486650000151712,0,5.0,64.0,3.0,2.0,41.0,20.0,0.046875,0.6,0.08695652173913043,0.4,106.66666666666667,32.0,558.2682926829268,558.2682926829268,3.1402591463414633,3.1402591463414633,1.791253440517279,22889.0,hyperplane_gauss,35409,3,0.14608014756813648,0.10204303348436951,5,virtual,incremental,304,0.107015141248703,0.9142185511688391,False,medium,fast,virtual/incremental/K=5/medium/fast/partial/imbalanced/noisy,0.0,-0.0
scn-8d0586c49753,261798254,HDDM_A,0.8381237466941789,0.09625648800010822,0,5.0,0.0,0.0,5.0,0.0,0.0,,0.0,0.0,1.0,,,inf,22889.0,,,0.0,22889.0,hyperplane_gauss,35409,3,0.14608014756813648,0.10204303348436951,5,virtual,incremental,304,0.107015141248703,0.9142185511688391,False,medium,fast,virtual/incremental/K=5/medium/fast/partial/imbalanced/noisy,0.0,-0.0
scn-8d0586c49753,261798254,HDDM_W,0.8381237466941789,0.10409883600004832,0,5.0,0.0,0.0,5.0,0.0,0.0,,0.0,0.0,1.0,,,inf,22889.0,,,0.0,22889.0,hyperplane_gauss,35409,3,0.14608014756813648,0.10204303348436951,5,virtual,incremental,304,0.107015141248703,0.9142185511688391,False,medium,fast,virtual/incremental/K=5/medium/fast/partial/imbalanced/noisy,0.0,-0.0
scn-8d0586c49753,261798254,FHDDM,0.8381237466941789,0.026865555999847857,0,5.0,0.0,0.0,5.0,0.0,0.0,,0.0,0.0,1.0,,,inf,22889.0,,,0.0,22889.0,hyperplane_gauss,35409,3,0.14608014756813648,0.10204303348436951,5,virtual,incremental,304,0.107015141248703,0.9142185511688391,False,medium,fast,virtual/incremental/K=5/medium/fast/partial/imbalanced/noisy,0.0,-0.0
scn-8d0586c49753,261798254,NoDrift,0.8381237466941789,0.01573531899975933,0,5.0,0.0,0.0,5.0,0.0,0.0,,0.0,0.0,1.0,,,inf,22889.0,,,0.0,22889.0,hyperplane_gauss,35409,3,0.14608014756813648,0.10204303348436951,5,virtual,incremental,304,0.107015141248703,0.9142185511688391,False,medium,fast,virtual/incremental/K=5/medium/fast/partial/imbalanced/noisy,0.0,-0.0
scn-8d0586c49753,261798254,Periodic(2000),0.8381237466941789,0.016499862000273424,0,5.0,17.0,5.0,0.0,11.0,1.0,0.29411764705882354,1.0,0.45454545454545453,0.0,1148.0,1066.0,2080.818181818182,2080.818181818182,1.8125593918276846,1.8125593918276846,0.4805801913582944,22889.0,hyperplane_gauss,35409,3,0.14608014756813648,0.10204303348436951,5,virtual,incremental,304,0.107015141248703,0.9142185511688391,False,medium,fast,virtual/incremental/K=5/medium/fast/partial/imbalanced/noisy,0.0,-0.0
scn-8d0586c49753,261798254,Oracle,0.8381237466941789,0.017379873000209045,0,5.0,5.0,5.0,0.0,0.0,0.0,1.0,1.0,1.0,0.0,153.0,153.0,inf,22889.0,inf,149.6013071895425,0.0,22889.0,hyperplane_gauss,35409,3,0.14608014756813648,0.10204303348436951,5,virtual,incremental,304,0.107015141248703,0.9142185511688391,False,medium,fast,virtual/incremental/K=5/medium/fast/partial/imbalanced/noisy,0.0,-0.0
scn-b1f68f7ce7e5,634259626,ADWIN,0.8230844822965367,0.0365897120000227,0,5.0,0.0,0.0,5.0,0.0,0.0,,0.0,0.0,1.0,,,inf,19791.0,,,0.0,19791.0,hyperplane_gauss,34581,11,0.18305545244365934,0.14579067137092352,5,prior,gradual,758,0.42120875656604767,1.0,False,high,fast,prior/gradual/K=5/high/fast/n/a/imbalanced/noisy,0.0,-0.0
scn-b1f68f7ce7e5,634259626,PageHinkley,0.8230844822965367,0.045075707000250986,0,5.0,5.0,4.0,1.0,1.0,0.0,0.8,0.8,0.8000000000000002,0.19999999999999996,1331.75,1270.5,19791.0,19791.0,11.888717852449785,11.888717852449785,0.05052801778586226,19791.0,hyperplane_gauss,34581,11,0.18305545244365934,0.14579067137092352,5,prior,gradual,758,0.42120875656604767,1.0,False,high,fast,prior/gradual/K=5/high/fast/n/a/imbalanced/noisy,0.0,-0.0
scn-b1f68f7ce7e5,634259626,PageHinkley-up,0.8230844822965367,0.04459881000002497,0,5.0,2.0,2.0,3.0,0.0,0.0,1.0,0.4,0.5714285714285715,0.6,1320.0,1320.0,inf,19791.0,inf,5.997272727272728,0.0,19791.0,hyperplane_gauss,34581,11,0.18305545244365934,0.14579067137092352,5,prior,gradual,758,0.42120875656604767,1.0,False,high,fast,prior/gradual/K=5/high/fast/n/a/imbalanced/noisy,0.0,-0.0
scn-b1f68f7ce7e5,634259626,DDM,0.8230844822965367,0.04391659300017636,0,5.0,0.0,0.0,5.0,0.0,0.0,,0.0,0.0,1.0,,,inf,19791.0,,,0.0,19791.0,hyperplane_gauss,34581,11,0.18305545244365934,0.14579067137092352,5,prior,gradual,758,0.42120875656604767,1.0,False,high,fast,prior/gradual/K=5/high/fast/n/a/imbalanced/noisy,0.0,-0.0
scn-b1f68f7ce7e5,634259626,EDDM,0.8230844822965367,0.037923507999948924,0,5.0,24.0,1.0,4.0,15.0,8.0,0.041666666666666664,0.2,0.06896551724137931,0.8,43.0,43.0,1319.4,1319.4,6.136744186046511,6.136744186046511,0.7579202667879339,19791.0,hyperplane_gauss,34581,11,0.18305545244365934,0.14579067137092352,5,prior,gradual,758,0.42120875656604767,1.0,False,high,fast,prior/gradual/K=5/high/fast/n/a/imbalanced/noisy,0.0,-0.0
scn-b1f68f7ce7e5,634259626,HDDM_A,0.8230844822965367,0.10818199100003767,0,5.0,0.0,0.0,5.0,0.0,0.0,,0.0,0.0,1.0,,,inf,19791.0,,,0.0,19791.0,hyperplane_gauss,34581,11,0.18305545244365934,0.14579067137092352,5,prior,gradual,758,0.42120875656604767,1.0,False,high,fast,prior/gradual/K=5/high/fast/n/a/imbalanced/noisy,0.0,-0.0
scn-b1f68f7ce7e5,634259626,HDDM_W,0.8230844822965367,0.1114891180000086,0,5.0,0.0,0.0,5.0,0.0,0.0,,0.0,0.0,1.0,,,inf,19791.0,,,0.0,19791.0,hyperplane_gauss,34581,11,0.18305545244365934,0.14579067137092352,5,prior,gradual,758,0.42120875656604767,1.0,False,high,fast,prior/gradual/K=5/high/fast/n/a/imbalanced/noisy,0.0,-0.0
scn-b1f68f7ce7e5,634259626,FHDDM,0.8230844822965367,0.0388714370001253,0,5.0,0.0,0.0,5.0,0.0,0.0,,0.0,0.0,1.0,,,inf,19791.0,,,0.0,19791.0,hyperplane_gauss,34581,11,0.18305545244365934,0.14579067137092352,5,prior,gradual,758,0.42120875656604767,1.0,False,high,fast,prior/gradual/K=5/high/fast/n/a/imbalanced/noisy,0.0,-0.0
scn-b1f68f7ce7e5,634259626,NoDrift,0.8230844822965367,0.028379083999880095,0,5.0,0.0,0.0,5.0,0.0,0.0,,0.0,0.0,1.0,,,inf,19791.0,,,0.0,19791.0,hyperplane_gauss,34581,11,0.18305545244365934,0.14579067137092352,5,prior,gradual,758,0.42120875656604767,1.0,False,high,fast,prior/gradual/K=5/high/fast/n/a/imbalanced/noisy,0.0,-0.0
scn-b1f68f7ce7e5,634259626,Periodic(2000),0.8230844822965367,0.029261142999985168,0,5.0,16.0,5.0,0.0,9.0,2.0,0.3125,1.0,0.47619047619047616,0.0,989.0,1157.0,2199.0,2199.0,2.223458038422649,2.223458038422649,0.45475216007276037,19791.0,hyperplane_gauss,34581,11,0.18305545244365934,0.14579067137092352,5,prior,gradual,758,0.42120875656604767,1.0,False,high,fast,prior/gradual/K=5/high/fast/n/a/imbalanced/noisy,0.0,-0.0
scn-b1f68f7ce7e5,634259626,Oracle,0.8230844822965367,0.02957007299983161,0,5.0,5.0,5.0,0.0,0.0,0.0,1.0,1.0,1.0,0.0,380.0,380.0,inf,19791.0,inf,52.08157894736842,0.0,19791.0,hyperplane_gauss,34581,11,0.18305545244365934,0.14579067137092352,5,prior,gradual,758,0.42120875656604767,1.0,False,high,fast,prior/gradual/K=5/high/fast/n/a/imbalanced/noisy,0.0,-0.0
scn-b1f68f7ce7e5,634259627,ADWIN,0.8199577141836157,0.03574574300000677,0,5.0,0.0,0.0,5.0,0.0,0.0,,0.0,0.0,1.0,,,inf,19791.0,,,0.0,19791.0,hyperplane_gauss,34581,11,0.18305545244365934,0.14579067137092352,5,prior,gradual,758,0.42120875656604767,1.0,False,high,fast,prior/gradual/K=5/high/fast/n/a/imbalanced/noisy,0.0,-0.0
scn-b1f68f7ce7e5,634259627,PageHinkley,0.8199577141836157,0.04538160499987498,0,5.0,3.0,3.0,2.0,0.0,0.0,1.0,0.6,0.7499999999999999,0.4,1774.3333333333333,1679.0,inf,19791.0,inf,6.692429081345106,0.0,19791.0,hyperplane_gauss,34581,11,0.18305545244365934,0.14579067137092352,5,prior,gradual,758,0.42120875656604767,1.0,False,high,fast,prior/gradual/K=5/high/fast/n/a/imbalanced/noisy,0.0,-0.0
scn-b1f68f7ce7e5,634259627,PageHinkley-up,0.8199577141836157,0.04494608300001346,0,5.0,3.0,3.0,2.0,0.0,0.0,1.0,0.6,0.7499999999999999,0.4,1774.3333333333333,1679.0,inf,19791.0,inf,6.692429081345106,0.0,19791.0,hyperplane_gauss,34581,11,0.18305545244365934,0.14579067137092352,5,prior,gradual,758,0.42120875656604767,1.0,False,high,fast,prior/gradual/K=5/high/fast/n/a/imbalanced/noisy,0.0,-0.0
scn-b1f68f7ce7e5,634259627,DDM,0.8199577141836157,0.043629225000131555,0,5.0,1.0,1.0,4.0,0.0,0.0,1.0,0.2,0.33333333333333337,0.8,591.0,591.0,inf,19791.0,inf,6.6974619289340085,0.0,19791.0,hyperplane_gauss,34581,11,0.18305545244365934,0.14579067137092352,5,prior,gradual,758,0.42120875656604767,1.0,False,high,fast,prior/gradual/K=5/high/fast/n/a/imbalanced/noisy,0.0,-0.0
scn-b1f68f7ce7e5,634259627,EDDM,0.8199577141836157,0.038099059000160196,0,5.0,16.0,1.0,4.0,11.0,4.0,0.0625,0.2,0.09523809523809523,0.8,155.0,155.0,1799.1818181818182,1799.1818181818182,2.3215249266862164,2.3215249266862164,0.5558081956444849,19791.0,hyperplane_gauss,34581,11,0.18305545244365934,0.14579067137092352,5,prior,gradual,758,0.42120875656604767,1.0,False,high,fast,prior/gradual/K=5/high/fast/n/a/imbalanced/noisy,0.0,-0.0
scn-b1f68f7ce7e5,634259627,HDDM_A,0.8199577141836157,0.10894882299999153,0,5.0,0.0,0.0,5.0,0.0,0.0,,0.0,0.0,1.0,,,inf,19791.0,,,0.0,19791.0,hyperplane_gauss,34581,11,0.18305545244365934,0.14579067137092352,5,prior,gradual,758,0.42120875656604767,1.0,False,high,fast,prior/gradual/K=5/high/fast/n/a/imbalanced/noisy,0.0,-0.0
scn-b1f68f7ce7e5,634259627,HDDM_W,0.8199577141836157,0.1155951460000324,0,5.0,2.0,1.0,4.0,1.0,0.0,0.5,0.2,0.28571428571428575,0.8,612.0,612.0,19791.0,19791.0,6.467647058823528,6.467647058823528,0.05052801778586226,19791.0,hyperplane_gauss,34581,11,0.18305545244365934,0.14579067137092352,5,prior,gradual,758,0.42120875656604767,1.0,False,high,fast,prior/gradual/K=5/high/fast/n/a/imbalanced/noisy,0.0,-0.0
scn-b1f68f7ce7e5,634259627,FHDDM,0.8199577141836157,0.03941072099996745,0,5.0,1.0,0.0,5.0,1.0,0.0,0.0,0.0,0.0,1.0,,,19791.0,19791.0,,,0.05052801778586226,19791.0,hyperplane_gauss,34581,11,0.18305545244365934,0.14579067137092352,5,prior,gradual,758,0.42120875656604767,1.0,False,high,fast,prior/gradual/K=5/high/fast/n/a/imbalanced/noisy,0.0,-0.0
scn-b1f68f7ce7e5,634259627,NoDrift,0.8199577141836157,0.028378328000144393,0,5.0,0.0,0.0,5.0,0.0,0.0,,0.0,0.0,1.0,,,inf,19791.0,,,0.0,19791.0,hyperplane_gauss,34581,11,0.18305545244365934,0.14579067137092352,5,prior,gradual,758,0.42120875656604767,1.0,False,high,fast,prior/gradual/K=5/high/fast/n/a/imbalanced/noisy,0.0,-0.0
scn-b1f68f7ce7e5,634259627,Periodic(2000),0.8199577141836157,0.029688267999972595,0,5.0,16.0,5.0,0.0,9.0,2.0,0.3125,1.0,0.47619047619047616,0.0,989.0,1157.0,2199.0,2199.0,2.223458038422649,2.223458038422649,0.45475216007276037,19791.0,hyperplane_gauss,34581,11,0.18305545244365934,0.14579067137092352,5,prior,gradual,758,0.42120875656604767,1.0,False,high,fast,prior/gradual/K=5/high/fast/n/a/imbalanced/noisy,0.0,-0.0
scn-b1f68f7ce7e5,634259627,Oracle,0.8199577141836157,0.02994934199978161,0,5.0,5.0,5.0,0.0,0.0,0.0,1.0,1.0,1.0,0.0,380.0,380.0,inf,19791.0,inf,52.08157894736842,0.0,19791.0,hyperplane_gauss,34581,11,0.18305545244365934,0.14579067137092352,5,prior,gradual,758,0.42120875656604767,1.0,False,high,fast,prior/gradual/K=5/high/fast/n/a/imbalanced/noisy,0.0,-0.0
scn-b1f68f7ce7e5,634259628,ADWIN,0.8199279354396831,0.03641529700007595,0,5.0,1.0,0.0,5.0,1.0,0.0,0.0,0.0,0.0,1.0,,,19791.0,19791.0,,,0.05052801778586226,19791.0,hyperplane_gauss,34581,11,0.18305545244365934,0.14579067137092352,5,prior,gradual,758,0.42120875656604767,1.0,False,high,fast,prior/gradual/K=5/high/fast/n/a/imbalanced/noisy,0.0,-0.0
scn-b1f68f7ce7e5,634259628,PageHinkley,0.8199279354396831,0.044828306999988854,0,5.0,5.0,2.0,3.0,3.0,0.0,0.4,0.4,0.4000000000000001,0.6,1128.5,1128.5,6597.0,6597.0,2.3383252104563583,2.3383252104563583,0.1515840533575868,19791.0,hyperplane_gauss,34581,11,0.18305545244365934,0.14579067137092352,5,prior,gradual,758,0.42120875656604767,1.0,False,high,fast,prior/gradual/K=5/high/fast/n/a/imbalanced/noisy,0.0,-0.0
scn-b1f68f7ce7e5,634259628,PageHinkley-up,0.8199279354396831,0.04447783999967214,0,5.0,2.0,2.0,3.0,0.0,0.0,1.0,0.4,0.5714285714285715,0.6,1647.5,1647.5,inf,19791.0,inf,4.805098634294385,0.0,19791.0,hyperplane_gauss,34581,11,0.18305545244365934,0.14579067137092352,5,prior,gradual,758,0.42120875656604767,1.0,False,high,fast,prior/gradual/K=5/high/fast/n/a/imbalanced/noisy,0.0,-0.0
scn-b1f68f7ce7e5,634259628,DDM,0.8199279354396831,0.04447799900026439,0,5.0,0.0,0.0,5.0,0.0,0.0,,0.0,0.0,1.0,,,inf,19791.0,,,0.0,19791.0,hyperplane_gauss,34581,11,0.18305545244365934,0.14579067137092352,5,prior,gradual,758,0.42120875656604767,1.0,False,high,fast,prior/gradual/K=5/high/fast/n/a/imbalanced/noisy,0.0,-0.0
scn-b1f68f7ce7e5,634259628,EDDM,0.8199279354396831,0.03854285199986407,0,5.0,2.0,0.0,5.0,2.0,0.0,0.0,0.0,0.0,1.0,,,9895.5,9895.5,,,0.10105603557172452,19791.0,hyperplane_gauss,34581,11,0.18305545244365934,0.14579067137092352,5,prior,gradual,758,0.42120875656604767,1.0,False,high,fast,prior/gradual/K=5/high/fast/n/a/imbalanced/noisy,0.0,-0.0
scn-b1f68f7ce7e5,634259628,HDDM_A,0.8199279354396831,0.11596172000008664,0,5.0,0.0,0.0,5.0,0.0,0.0,,0.0,0.0,1.0,,,inf,19791.0,,,0.0,19791.0,hyperplane_gauss,34581,11,0.18305545244365934,0.14579067137092352,5,prior,gradual,758,0.42120875656604767,1.0,False,high,fast,prior/gradual/K=5/high/fast/n/a/imbalanced/noisy,0.0,-0.0
scn-b1f68f7ce7e5,634259628,HDDM_W,0.8199279354396831,0.11718488900032753,0,5.0,3.0,1.0,4.0,2.0,0.0,0.3333333333333333,0.2,0.25,0.8,904.0,904.0,9895.5,9895.5,2.1892699115044243,2.1892699115044243,0.10105603557172452,19791.0,hyperplane_gauss,34581,11,0.18305545244365934,0.14579067137092352,5,prior,gradual,758,0.42120875656604767,1.0,False,high,fast,prior/gradual/K=5/high/fast/n/a/imbalanced/noisy,0.0,-0.0
scn-b1f68f7ce7e5,634259628,FHDDM,0.8199279354396831,0.03967396200005169,0,5.0,1.0,1.0,4.0,0.0,0.0,1.0,0.2,0.33333333333333337,0.8,904.0,904.0,inf,19791.0,inf,4.378539823008849,0.0,19791.0,hyperplane_gauss,34581,11,0.18305545244365934,0.14579067137092352,5,prior,gradual,758,0.42120875656604767,1.0,False,high,fast,prior/gradual/K=5/high/fast/n/a/imbalanced/noisy,0.0,-0.0
scn-b1f68f7ce7e5,634259628,NoDrift,0.8199279354396831,0.02902847900031702,0,5.0,0.0,0.0,5.0,0.0,0.0,,0.0,0.0,1.0,,,inf,19791.0,,,0.0,19791.0,hyperplane_gauss,34581,11,0.18305545244365934,0.14579067137092352,5,prior,gradual,758,0.42120875656604767,1.0,False,high,fast,prior/gradual/K=5/high/fast/n/a/imbalanced/noisy,0.0,-0.0
scn-b1f68f7ce7e5,634259628,Periodic(2000),0.8199279354396831,0.029794470999604528,0,5.0,16.0,5.0,0.0,9.0,2.0,0.3125,1.0,0.47619047619047616,0.0,989.0,1157.0,2199.0,2199.0,2.223458038422649,2.223458038422649,0.45475216007276037,19791.0,hyperplane_gauss,34581,11,0.18305545244365934,0.14579067137092352,5,prior,gradual,758,0.42120875656604767,1.0,False,high,fast,prior/gradual/K=5/high/fast/n/a/imbalanced/noisy,0.0,-0.0
scn-b1f68f7ce7e5,634259628,Oracle,0.8199279354396831,0.03036241500012693,0,5.0,5.0,5.0,0.0,0.0,0.0,1.0,1.0,1.0,0.0,380.0,380.0,inf,19791.0,inf,52.08157894736842,0.0,19791.0,hyperplane_gauss,34581,11,0.18305545244365934,0.14579067137092352,5,prior,gradual,758,0.42120875656604767,1.0,False,high,fast,prior/gradual/K=5/high/fast/n/a/imbalanced/noisy,0.0,-0.0
scn-3778049ad9ee,1020564972,ADWIN,0.7503767974255571,0.016043523000007553,0,2.0,2.0,1.0,1.0,1.0,0.0,0.5,0.5,0.5,0.5,644.0,644.0,19699.0,19699.0,15.294254658385093,15.294254658385093,0.050763998172496064,19699.0,hyperplane_gauss,25549,2,0.457035097759217,0.17643145015463232,2,real,gradual,425,0.25475737392902376,1.0,True,medium,fast,real/gradual/K=2/recurring/medium/fast/global/balanced/noisy,0.0,-0.0
scn-3778049ad9ee,1020564972,PageHinkley,0.7503767974255571,0.02252548599972215,0,2.0,3.0,2.0,0.0,1.0,0.0,0.6666666666666666,1.0,0.8,0.0,1056.0,1056.0,19699.0,19699.0,18.654356060606062,18.654356060606062,0.050763998172496064,19699.0,hyperplane_gauss,25549,2,0.457035097759217,0.17643145015463232,2,real,gradual,425,0.25475737392902376,1.0,True,medium,fast,real/gradual/K=2/recurring/medium/fast/global/balanced/noisy,0.0,-0.0
scn-3778049ad9ee,1020564972,PageHinkley-up,0.7503767974255571,0.022398485999929107,0,2.0,2.0,2.0,0.0,0.0,0.0,1.0,1.0,1.0,0.0,1058.5,1058.5,inf,19699.0,inf,18.61029759093056,0.0,19699.0,hyperplane_gauss,25549,2,0.457035097759217,0.17643145015463232,2,real,gradual,425,0.25475737392902376,1.0,True,medium,fast,real/gradual/K=2/recurring/medium/fast/global/balanced/noisy,0.0,-0.0
scn-3778049ad9ee,1020564972,DDM,0.7503767974255571,0.022114178000265383,0,2.0,2.0,1.0,1.0,1.0,0.0,0.5,0.5,0.5,0.5,612.0,612.0,19699.0,19699.0,16.093954248366014,16.093954248366014,0.050763998172496064,19699.0,hyperplane_gauss,25549,2,0.457035097759217,0.17643145015463232,2,real,gradual,425,0.25475737392902376,1.0,True,medium,fast,real/gradual/K=2/recurring/medium/fast/global/balanced/noisy,0.0,-0.0
scn-3778049ad9ee,1020564972,EDDM,0.7503767974255571,0.018706901000314247,0,2.0,25.0,1.0,1.0,20.0,4.0,0.04,0.5,0.07407407407407407,0.5,1461.0,1461.0,984.95,984.95,0.3370807665982204,0.3370807665982204,1.0152799634499212,19699.0,hyperplane_gauss,25549,2,0.457035097759217,0.17643145015463232,2,real,gradual,425,0.25475737392902376,1.0,True,medium,fast,real/gradual/K=2/recurring/medium/fast/global/balanced/noisy,0.0,-0.0
scn-3778049ad9ee,1020564972,HDDM_A,0.7503767974255571,0.07987171600007059,0,2.0,2.0,1.0,1.0,1.0,0.0,0.5,0.5,0.5,0.5,652.0,652.0,19699.0,19699.0,15.10659509202454,15.10659509202454,0.050763998172496064,19699.0,hyperplane_gauss,25549,2,0.457035097759217,0.17643145015463232,2,real,gradual,425,0.25475737392902376,1.0,True,medium,fast,real/gradual/K=2/recurring/medium/fast/global/balanced/noisy,0.0,-0.0
scn-3778049ad9ee,1020564972,HDDM_W,0.7503767974255571,0.07654868200006604,0,2.0,4.0,1.0,1.0,3.0,0.0,0.25,0.5,0.3333333333333333,0.5,440.0,440.0,6566.333333333333,6566.333333333333,7.4617424242424235,7.4617424242424235,0.1522919945174882,19699.0,hyperplane_gauss,25549,2,0.457035097759217,0.17643145015463232,2,real,gradual,425,0.25475737392902376,1.0,True,medium,fast,real/gradual/K=2/recurring/medium/fast/global/balanced/noisy,0.0,-0.0
scn-3778049ad9ee,1020564972,FHDDM,0.7503767974255571,0.018634677000136435,0,2.0,3.0,1.0,1.0,2.0,0.0,0.3333333333333333,0.5,0.4,0.5,460.0,460.0,9849.5,9849.5,10.705978260869566,10.705978260869566,0.10152799634499213,19699.0,hyperplane_gauss,25549,2,0.457035097759217,0.17643145015463232,2,real,gradual,425,0.25475737392902376,1.0,True,medium,fast,real/gradual/K=2/recurring/medium/fast/global/balanced/noisy,0.0,-0.0
scn-3778049ad9ee,1020564972,NoDrift,0.7503767974255571,0.010517346000142425,0,2.0,0.0,0.0,2.0,0.0,0.0,,0.0,0.0,1.0,,,inf,19699.0,,,0.0,19699.0,hyperplane_gauss,25549,2,0.457035097759217,0.17643145015463232,2,real,gradual,425,0.25475737392902376,1.0,True,medium,fast,real/gradual/K=2/recurring/medium/fast/global/balanced/noisy,0.0,-0.0
scn-3778049ad9ee,1020564972,Periodic(2000),0.7503767974255571,0.01171133900015775,0,2.0,12.0,2.0,0.0,10.0,0.0,0.16666666666666666,1.0,0.2857142857142857,0.0,938.5,938.5,1969.9,1969.9,2.098987746403836,2.098987746403836,0.5076399817249606,19699.0,hyperplane_gauss,25549,2,0.457035097759217,0.17643145015463232,2,real,gradual,425,0.25475737392902376,1.0,True,medium,fast,real/gradual/K=2/recurring/medium/fast/global/balanced/noisy,0.0,-0.0
scn-3778049ad9ee,1020564972,Oracle,0.7503767974255571,0.011151161000270804,0,2.0,2.0,2.0,0.0,0.0,0.0,1.0,1.0,1.0,0.0,213.0,213.0,inf,19699.0,inf,92.48356807511738,0.0,19699.0,hyperplane_gauss,25549,2,0.457035097759217,0.17643145015463232,2,real,gradual,425,0.25475737392902376,1.0,True,medium,fast,real/gradual/K=2/recurring/medium/fast/global/balanced/noisy,0.0,-0.0
scn-3778049ad9ee,1020564973,ADWIN,0.7440628946189254,0.0161460630001784,0,2.0,3.0,1.0,1.0,2.0,0.0,0.3333333333333333,0.5,0.4,0.5,452.0,452.0,9849.5,9849.5,10.89546460176991,10.89546460176991,0.10152799634499213,19699.0,hyperplane_gauss,25549,2,0.457035097759217,0.17643145015463232,2,real,gradual,425,0.25475737392902376,1.0,True,medium,fast,real/gradual/K=2/recurring/medium/fast/global/balanced/noisy,0.0,-0.0
scn-3778049ad9ee,1020564973,PageHinkley,0.7440628946189254,0.022234221999951842,0,2.0,4.0,2.0,0.0,2.0,0.0,0.5,1.0,0.6666666666666666,0.0,826.5,826.5,9849.5,9849.5,11.917120387174833,11.917120387174833,0.10152799634499213,19699.0,hyperplane_gauss,25549,2,0.457035097759217,0.17643145015463232,2,real,gradual,425,0.25475737392902376,1.0,True,medium,fast,real/gradual/K=2/recurring/medium/fast/global/balanced/noisy,0.0,-0.0
scn-3778049ad9ee,1020564973,PageHinkley-up,0.7440628946189254,0.02306864599995606,0,2.0,2.0,2.0,0.0,0.0,0.0,1.0,1.0,1.0,0.0,828.0,828.0,inf,19699.0,inf,23.791062801932366,0.0,19699.0,hyperplane_gauss,25549,2,0.457035097759217,0.17643145015463232,2,real,gradual,425,0.25475737392902376,1.0,True,medium,fast,real/gradual/K=2/recurring/medium/fast/global/balanced/noisy,0.0,-0.0
scn-3778049ad9ee,1020564973,DDM,0.7440628946189254,0.021975115000259393,0,2.0,2.0,1.0,1.0,1.0,0.0,0.5,0.5,0.5,0.5,932.0,932.0,19699.0,19699.0,10.568133047210301,10.568133047210301,0.050763998172496064,19699.0,hyperplane_gauss,25549,2,0.457035097759217,0.17643145015463232,2,real,gradual,425,0.25475737392902376,1.0,True,medium,fast,real/gradual/K=2/recurring/medium/fast/global/balanced/noisy,0.0,-0.0
scn-3778049ad9ee,1020564973,EDDM,0.7440628946189254,0.019035741000152484,0,2.0,28.0,1.0,1.0,22.0,5.0,0.03571428571428571,0.5,0.06666666666666667,0.5,116.0,116.0,895.4090909090909,895.4090909090909,3.8595219435736676,3.8595219435736676,1.1168079597949134,19699.0,hyperplane_gauss,25549,2,0.457035097759217,0.17643145015463232,2,real,gradual,425,0.25475737392902376,1.0,True,medium,fast,real/gradual/K=2/recurring/medium/fast/global/balanced/noisy,0.0,-0.0
scn-3778049ad9ee,1020564973,HDDM_A,0.7440628946189254,0.07788111199988634,0,2.0,1.0,1.0,1.0,0.0,0.0,1.0,0.5,0.6666666666666666,0.5,601.0,601.0,inf,19699.0,inf,16.388519134775375,0.0,19699.0,hyperplane_gauss,25549,2,0.457035097759217,0.17643145015463232,2,real,gradual,425,0.25475737392902376,1.0,True,medium,fast,real/gradual/K=2/recurring/medium/fast/global/balanced/noisy,0.0,-0.0
scn-3778049ad9ee,1020564973,HDDM_W,0.7440628946189254,0.07792005999999674,0,2.0,5.0,2.0,0.0,2.0,1.0,0.4,1.0,0.5714285714285715,0.0,702.0,702.0,9849.5,9849.5,14.03062678062678,14.03062678062678,0.10152799634499213,19699.0,hyperplane_gauss,25549,2,0.457035097759217,0.17643145015463232,2,real,gradual,425,0.25475737392902376,1.0,True,medium,fast,real/gradual/K=2/recurring/medium/fast/global/balanced/noisy,0.0,-0.0
scn-3778049ad9ee,1020564973,FHDDM,0.7440628946189254,0.020653225999922142,0,2.0,2.0,2.0,0.0,0.0,0.0,1.0,1.0,1.0,0.0,729.5,729.5,inf,19699.0,inf,27.003427004797807,0.0,19699.0,hyperplane_gauss,25549,2,0.457035097759217,0.17643145015463232,2,real,gradual,425,0.25475737392902376,1.0,True,medium,fast,real/gradual/K=2/recurring/medium/fast/global/balanced/noisy,0.0,-0.0
scn-3778049ad9ee,1020564973,NoDrift,0.7440628946189254,0.010475730000052863,0,2.0,0.0,0.0,2.0,0.0,0.0,,0.0,0.0,1.0,,,inf,19699.0,,,0.0,19699.0,hyperplane_gauss,25549,2,0.457035097759217,0.17643145015463232,2,real,gradual,425,0.25475737392902376,1.0,True,medium,fast,real/gradual/K=2/recurring/medium/fast/global/balanced/noisy,0.0,-0.0
scn-3778049ad9ee,1020564973,Periodic(2000),0.7440628946189254,0.011094531000253482,0,2.0,12.0,2.0,0.0,10.0,0.0,0.16666666666666666,1.0,0.2857142857142857,0.0,938.5,938.5,1969.9,1969.9,2.098987746403836,2.098987746403836,0.5076399817249606,19699.0,hyperplane_gauss,25549,2,0.457035097759217,0.17643145015463232,2,real,gradual,425,0.25475737392902376,1.0,True,medium,fast,real/gradual/K=2/recurring/medium/fast/global/balanced/noisy,0.0,-0.0
scn-3778049ad9ee,1020564973,Oracle,0.7440628946189254,0.011240619000091101,0,2.0,2.0,2.0,0.0,0.0,0.0,1.0,1.0,1.0,0.0,213.0,213.0,inf,19699.0,inf,92.48356807511738,0.0,19699.0,hyperplane_gauss,25549,2,0.457035097759217,0.17643145015463232,2,real,gradual,425,0.25475737392902376,1.0,True,medium,fast,real/gradual/K=2/recurring/medium/fast/global/balanced/noisy,0.0,-0.0
scn-3778049ad9ee,1020564974,ADWIN,0.7487474031528779,0.01606440500017925,0,2.0,3.0,2.0,0.0,1.0,0.0,0.6666666666666666,1.0,0.8,0.0,1338.5,1338.5,19699.0,19699.0,14.717220769518118,14.717220769518118,0.050763998172496064,19699.0,hyperplane_gauss,25549,2,0.457035097759217,0.17643145015463232,2,real,gradual,425,0.25475737392902376,1.0,True,medium,fast,real/gradual/K=2/recurring/medium/fast/global/balanced/noisy,0.0,-0.0
scn-3778049ad9ee,1020564974,PageHinkley,0.7487474031528779,0.02230848999988666,0,2.0,4.0,2.0,0.0,2.0,0.0,0.5,1.0,0.6666666666666666,0.0,741.5,741.5,9849.5,9849.5,13.2832097100472,13.2832097100472,0.10152799634499213,19699.0,hyperplane_gauss,25549,2,0.457035097759217,0.17643145015463232,2,real,gradual,425,0.25475737392902376,1.0,True,medium,fast,real/gradual/K=2/recurring/medium/fast/global/balanced/noisy,0.0,-0.0
scn-3778049ad9ee,1020564974,PageHinkley-up,0.7487474031528779,0.02211917899967375,0,2.0,2.0,2.0,0.0,0.0,0.0,1.0,1.0,1.0,0.0,747.0,747.0,inf,19699.0,inf,26.37081659973226,0.0,19699.0,hyperplane_gauss,25549,2,0.457035097759217,0.17643145015463232,2,real,gradual,425,0.25475737392902376,1.0,True,medium,fast,real/gradual/K=2/recurring/medium/fast/global/balanced/noisy,0.0,-0.0
scn-3778049ad9ee,1020564974,DDM,0.7487474031528779,0.022180563999881997,0,2.0,3.0,1.0,1.0,2.0,0.0,0.3333333333333333,0.5,0.4,0.5,685.0,685.0,9849.5,9849.5,7.18941605839416,7.18941605839416,0.10152799634499213,19699.0,hyperplane_gauss,25549,2,0.457035097759217,0.17643145015463232,2,real,gradual,425,0.25475737392902376,1.0,True,medium,fast,real/gradual/K=2/recurring/medium/fast/global/balanced/noisy,0.0,-0.0
scn-3778049ad9ee,1020564974,EDDM,0.7487474031528779,0.018787460000112333,0,2.0,30.0,1.0,1.0,17.0,12.0,0.03333333333333333,0.5,0.0625,0.5,362.0,362.0,1158.764705882353,1158.764705882353,1.6005037374065647,1.6005037374065647,0.8629879689324331,19699.0,hyperplane_gauss,25549,2,0.457035097759217,0.17643145015463232,2,real,gradual,425,0.25475737392902376,1.0,True,medium,fast,real/gradual/K=2/recurring/medium/fast/global/balanced/noisy,0.0,-0.0
scn-3778049ad9ee,1020564974,HDDM_A,0.7487474031528779,0.08329393400026674,0,2.0,3.0,2.0,0.0,0.0,1.0,0.6666666666666666,1.0,0.8,0.0,1341.5,1341.5,inf,19699.0,inf,14.684308609765187,0.0,19699.0,hyperplane_gauss,25549,2,0.457035097759217,0.17643145015463232,2,real,gradual,425,0.25475737392902376,1.0,True,medium,fast,real/gradual/K=2/recurring/medium/fast/global/balanced/noisy,0.0,-0.0
scn-3778049ad9ee,1020564974,HDDM_W,0.7487474031528779,0.08268428599967592,0,2.0,10.0,2.0,0.0,5.0,3.0,0.2,1.0,0.33333333333333337,0.0,822.0,822.0,3939.8,3939.8,4.79294403892944,4.79294403892944,0.2538199908624803,19699.0,hyperplane_gauss,25549,2,0.457035097759217,0.17643145015463232,2,real,gradual,425,0.25475737392902376,1.0,True,medium,fast,real/gradual/K=2/recurring/medium/fast/global/balanced/noisy,0.0,-0.0
scn-3778049ad9ee,1020564974,FHDDM,0.7487474031528779,0.018367711999871972,0,2.0,4.0,2.0,0.0,2.0,0.0,0.5,1.0,0.6666666666666666,0.0,494.0,494.0,9849.5,9849.5,19.93825910931174,19.93825910931174,0.10152799634499213,19699.0,hyperplane_gauss,25549,2,0.457035097759217,0.17643145015463232,2,real,gradual,425,0.25475737392902376,1.0,True,medium,fast,real/gradual/K=2/recurring/medium/fast/global/balanced/noisy,0.0,-0.0
scn-3778049ad9ee,1020564974,NoDrift,0.7487474031528779,0.010570516000370844,0,2.0,0.0,0.0,2.0,0.0,0.0,,0.0,0.0,1.0,,,inf,19699.0,,,0.0,19699.0,hyperplane_gauss,25549,2,0.457035097759217,0.17643145015463232,2,real,gradual,425,0.25475737392902376,1.0,True,medium,fast,real/gradual/K=2/recurring/medium/fast/global/balanced/noisy,0.0,-0.0
scn-3778049ad9ee,1020564974,Periodic(2000),0.7487474031528779,0.010979514999689854,0,2.0,12.0,2.0,0.0,10.0,0.0,0.16666666666666666,1.0,0.2857142857142857,0.0,938.5,938.5,1969.9,1969.9,2.098987746403836,2.098987746403836,0.5076399817249606,19699.0,hyperplane_gauss,25549,2,0.457035097759217,0.17643145015463232,2,real,gradual,425,0.25475737392902376,1.0,True,medium,fast,real/gradual/K=2/recurring/medium/fast/global/balanced/noisy,0.0,-0.0
scn-3778049ad9ee,1020564974,Oracle,0.7487474031528779,0.011216964999675838,0,2.0,2.0,2.0,0.0,0.0,0.0,1.0,1.0,1.0,0.0,213.0,213.0,inf,19699.0,inf,92.48356807511738,0.0,19699.0,hyperplane_gauss,25549,2,0.457035097759217,0.17643145015463232,2,real,gradual,425,0.25475737392902376,1.0,True,medium,fast,real/gradual/K=2/recurring/medium/fast/global/balanced/noisy,0.0,-0.0
scn-57da409a8904,1961744331,ADWIN,0.873373470576811,0.02967282500003421,0,1.0,0.0,0.0,1.0,0.0,0.0,,0.0,0.0,1.0,,,inf,13447.0,,,0.0,13447.0,hyperplane_gauss,16447,24,0.08260733839124441,0.07395717864856123,1,real,sudden,0,0.021380826749306633,0.9512123152613641,False,low,abrupt,real/sudden/K=1/low/abrupt/partial/imbalanced/noisy,0.0,-0.0
scn-57da409a8904,1961744331,PageHinkley,0.873373470576811,0.032200166000166064,0,1.0,0.0,0.0,1.0,0.0,0.0,,0.0,0.0,1.0,,,inf,13447.0,,,0.0,13447.0,hyperplane_gauss,16447,24,0.08260733839124441,0.07395717864856123,1,real,sudden,0,0.021380826749306633,0.9512123152613641,False,low,abrupt,real/sudden/K=1/low/abrupt/partial/imbalanced/noisy,0.0,-0.0
scn-57da409a8904,1961744331,PageHinkley-up,0.873373470576811,0.032009031000143295,0,1.0,0.0,0.0,1.0,0.0,0.0,,0.0,0.0,1.0,,,inf,13447.0,,,0.0,13447.0,hyperplane_gauss,16447,24,0.08260733839124441,0.07395717864856123,1,real,sudden,0,0.021380826749306633,0.9512123152613641,False,low,abrupt,real/sudden/K=1/low/abrupt/partial/imbalanced/noisy,0.0,-0.0
scn-57da409a8904,1961744331,DDM,0.873373470576811,0.03272589700009121,0,1.0,0.0,0.0,1.0,0.0,0.0,,0.0,0.0,1.0,,,inf,13447.0,,,0.0,13447.0,hyperplane_gauss,16447,24,0.08260733839124441,0.07395717864856123,1,real,sudden,0,0.021380826749306633,0.9512123152613641,False,low,abrupt,real/sudden/K=1/low/abrupt/partial/imbalanced/noisy,0.0,-0.0
scn-57da409a8904,1961744331,EDDM,0.873373470576811,0.029118998999820178,0,1.0,35.0,1.0,0.0,30.0,4.0,0.02857142857142857,1.0,0.05555555555555556,0.0,194.0,194.0,448.23333333333335,448.23333333333335,2.3104810996563576,2.3104810996563576,2.2309808879303934,13447.0,hyperplane_gauss,16447,24,0.08260733839124441,0.07395717864856123,1,real,sudden,0,0.021380826749306633,0.9512123152613641,False,low,abrupt,real/sudden/K=1/low/abrupt/partial/imbalanced/noisy,0.0,-0.0
scn-57da409a8904,1961744331,HDDM_A,0.873373470576811,0.06839501499962353,0,1.0,0.0,0.0,1.0,0.0,0.0,,0.0,0.0,1.0,,,inf,13447.0,,,0.0,13447.0,hyperplane_gauss,16447,24,0.08260733839124441,0.07395717864856123,1,real,sudden,0,0.021380826749306633,0.9512123152613641,False,low,abrupt,real/sudden/K=1/low/abrupt/partial/imbalanced/noisy,0.0,-0.0
scn-57da409a8904,1961744331,HDDM_W,0.873373470576811,0.06522916399990208,0,1.0,0.0,0.0,1.0,0.0,0.0,,0.0,0.0,1.0,,,inf,13447.0,,,0.0,13447.0,hyperplane_gauss,16447,24,0.08260733839124441,0.07395717864856123,1,real,sudden,0,0.021380826749306633,0.9512123152613641,False,low,abrupt,real/sudden/K=1/low/abrupt/partial/imbalanced/noisy,0.0,-0.0
scn-57da409a8904,1961744331,FHDDM,0.873373470576811,0.030256056999860448,0,1.0,0.0,0.0,1.0,0.0,0.0,,0.0,0.0,1.0,,,inf,13447.0,,,0.0,13447.0,hyperplane_gauss,16447,24,0.08260733839124441,0.07395717864856123,1,real,sudden,0,0.021380826749306633,0.9512123152613641,False,low,abrupt,real/sudden/K=1/low/abrupt/partial/imbalanced/noisy,0.0,-0.0
scn-57da409a8904,1961744331,NoDrift,0.873373470576811,0.025120943999809242,0,1.0,0.0,0.0,1.0,0.0,0.0,,0.0,0.0,1.0,,,inf,13447.0,,,0.0,13447.0,hyperplane_gauss,16447,24,0.08260733839124441,0.07395717864856123,1,real,sudden,0,0.021380826749306633,0.9512123152613641,False,low,abrupt,real/sudden/K=1/low/abrupt/partial/imbalanced/noisy,0.0,-0.0
scn-57da409a8904,1961744331,Periodic(2000),0.873373470576811,0.025045984999906068,0,1.0,7.0,1.0,0.0,6.0,0.0,0.14285714285714285,1.0,0.25,0.0,1277.0,1277.0,2241.1666666666665,2241.1666666666665,1.7550247977029496,1.7550247977029496,0.44619617758607866,13447.0,hyperplane_gauss,16447,24,0.08260733839124441,0.07395717864856123,1,real,sudden,0,0.021380826749306633,0.9512123152613641,False,low,abrupt,real/sudden/K=1/low/abrupt/partial/imbalanced/noisy,0.0,-0.0
scn-57da409a8904,1961744331,Oracle,0.873373470576811,0.025318502000118315,0,1.0,1.0,1.0,0.0,0.0,0.0,1.0,1.0,1.0,0.0,1.0,1.0,inf,13447.0,inf,13447.0,0.0,13447.0,hyperplane_gauss,16447,24,0.08260733839124441,0.07395717864856123,1,real,sudden,0,0.021380826749306633,0.9512123152613641,False,low,abrupt,real/sudden/K=1/low/abrupt/partial/imbalanced/noisy,0.0,-0.0
scn-57da409a8904,1961744332,ADWIN,0.8732439955978507,0.028605539000182034,0,1.0,0.0,0.0,1.0,0.0,0.0,,0.0,0.0,1.0,,,inf,13447.0,,,0.0,13447.0,hyperplane_gauss,16447,24,0.08260733839124441,0.07395717864856123,1,real,sudden,0,0.021380826749306633,0.9512123152613641,False,low,abrupt,real/sudden/K=1/low/abrupt/partial/imbalanced/noisy,0.0,-0.0
scn-57da409a8904,1961744332,PageHinkley,0.8732439955978507,0.031955204000041704,0,1.0,1.0,0.0,1.0,1.0,0.0,0.0,0.0,0.0,1.0,,,13447.0,13447.0,,,0.07436602959767978,13447.0,hyperplane_gauss,16447,24,0.08260733839124441,0.07395717864856123,1,real,sudden,0,0.021380826749306633,0.9512123152613641,False,low,abrupt,real/sudden/K=1/low/abrupt/partial/imbalanced/noisy,0.0,-0.0
scn-57da409a8904,1961744332,PageHinkley-up,0.8732439955978507,0.03164476900019508,0,1.0,0.0,0.0,1.0,0.0,0.0,,0.0,0.0,1.0,,,inf,13447.0,,,0.0,13447.0,hyperplane_gauss,16447,24,0.08260733839124441,0.07395717864856123,1,real,sudden,0,0.021380826749306633,0.9512123152613641,False,low,abrupt,real/sudden/K=1/low/abrupt/partial/imbalanced/noisy,0.0,-0.0
scn-57da409a8904,1961744332,DDM,0.8732439955978507,0.03154951600026834,0,1.0,0.0,0.0,1.0,0.0,0.0,,0.0,0.0,1.0,,,inf,13447.0,,,0.0,13447.0,hyperplane_gauss,16447,24,0.08260733839124441,0.07395717864856123,1,real,sudden,0,0.021380826749306633,0.9512123152613641,False,low,abrupt,real/sudden/K=1/low/abrupt/partial/imbalanced/noisy,0.0,-0.0
scn-57da409a8904,1961744332,EDDM,0.8732439955978507,0.02958139399970605,0,1.0,34.0,0.0,1.0,34.0,0.0,0.0,0.0,0.0,1.0,,,395.5,395.5,,,2.5284450063211126,13447.0,hyperplane_gauss,16447,24,0.08260733839124441,0.07395717864856123,1,real,sudden,0,0.021380826749306633,0.9512123152613641,False,low,abrupt,real/sudden/K=1/low/abrupt/partial/imbalanced/noisy,0.0,-0.0
scn-57da409a8904,1961744332,HDDM_A,0.8732439955978507,0.06950692100008382,0,1.0,0.0,0.0,1.0,0.0,0.0,,0.0,0.0,1.0,,,inf,13447.0,,,0.0,13447.0,hyperplane_gauss,16447,24,0.08260733839124441,0.07395717864856123,1,real,sudden,0,0.021380826749306633,0.9512123152613641,False,low,abrupt,real/sudden/K=1/low/abrupt/partial/imbalanced/noisy,0.0,-0.0
scn-57da409a8904,1961744332,HDDM_W,0.8732439955978507,0.06443142099988108,0,1.0,0.0,0.0,1.0,0.0,0.0,,0.0,0.0,1.0,,,inf,13447.0,,,0.0,13447.0,hyperplane_gauss,16447,24,0.08260733839124441,0.07395717864856123,1,real,sudden,0,0.021380826749306633,0.9512123152613641,False,low,abrupt,real/sudden/K=1/low/abrupt/partial/imbalanced/noisy,0.0,-0.0
scn-57da409a8904,1961744332,FHDDM,0.8732439955978507,0.02918691700006093,0,1.0,0.0,0.0,1.0,0.0,0.0,,0.0,0.0,1.0,,,inf,13447.0,,,0.0,13447.0,hyperplane_gauss,16447,24,0.08260733839124441,0.07395717864856123,1,real,sudden,0,0.021380826749306633,0.9512123152613641,False,low,abrupt,real/sudden/K=1/low/abrupt/partial/imbalanced/noisy,0.0,-0.0
scn-57da409a8904,1961744332,NoDrift,0.8732439955978507,0.024683145000381046,0,1.0,0.0,0.0,1.0,0.0,0.0,,0.0,0.0,1.0,,,inf,13447.0,,,0.0,13447.0,hyperplane_gauss,16447,24,0.08260733839124441,0.07395717864856123,1,real,sudden,0,0.021380826749306633,0.9512123152613641,False,low,abrupt,real/sudden/K=1/low/abrupt/partial/imbalanced/noisy,0.0,-0.0
scn-57da409a8904,1961744332,Periodic(2000),0.8732439955978507,0.024847675999808416,0,1.0,7.0,1.0,0.0,6.0,0.0,0.14285714285714285,1.0,0.25,0.0,1277.0,1277.0,2241.1666666666665,2241.1666666666665,1.7550247977029496,1.7550247977029496,0.44619617758607866,13447.0,hyperplane_gauss,16447,24,0.08260733839124441,0.07395717864856123,1,real,sudden,0,0.021380826749306633,0.9512123152613641,False,low,abrupt,real/sudden/K=1/low/abrupt/partial/imbalanced/noisy,0.0,-0.0
scn-57da409a8904,1961744332,Oracle,0.8732439955978507,0.025542707000113296,0,1.0,1.0,1.0,0.0,0.0,0.0,1.0,1.0,1.0,0.0,1.0,1.0,inf,13447.0,inf,13447.0,0.0,13447.0,hyperplane_gauss,16447,24,0.08260733839124441,0.07395717864856123,1,real,sudden,0,0.021380826749306633,0.9512123152613641,False,low,abrupt,real/sudden/K=1/low/abrupt/partial/imbalanced/noisy,0.0,-0.0
scn-57da409a8904,1961744333,ADWIN,0.8751213827927753,0.02853863700011061,0,1.0,0.0,0.0,1.0,0.0,0.0,,0.0,0.0,1.0,,,inf,13447.0,,,0.0,13447.0,hyperplane_gauss,16447,24,0.08260733839124441,0.07395717864856123,1,real,sudden,0,0.021380826749306633,0.9512123152613641,False,low,abrupt,real/sudden/K=1/low/abrupt/partial/imbalanced/noisy,0.0,-0.0
scn-57da409a8904,1961744333,PageHinkley,0.8751213827927753,0.03326848799997606,0,1.0,0.0,0.0,1.0,0.0,0.0,,0.0,0.0,1.0,,,inf,13447.0,,,0.0,13447.0,hyperplane_gauss,16447,24,0.08260733839124441,0.07395717864856123,1,real,sudden,0,0.021380826749306633,0.9512123152613641,False,low,abrupt,real/sudden/K=1/low/abrupt/partial/imbalanced/noisy,0.0,-0.0
scn-57da409a8904,1961744333,PageHinkley-up,0.8751213827927753,0.03245011099988915,0,1.0,0.0,0.0,1.0,0.0,0.0,,0.0,0.0,1.0,,,inf,13447.0,,,0.0,13447.0,hyperplane_gauss,16447,24,0.08260733839124441,0.07395717864856123,1,real,sudden,0,0.021380826749306633,0.9512123152613641,False,low,abrupt,real/sudden/K=1/low/abrupt/partial/imbalanced/noisy,0.0,-0.0
scn-57da409a8904,1961744333,DDM,0.8751213827927753,0.031707684000139125,0,1.0,1.0,0.0,1.0,1.0,0.0,0.0,0.0,0.0,1.0,,,13447.0,13447.0,,,0.07436602959767978,13447.0,hyperplane_gauss,16447,24,0.08260733839124441,0.07395717864856123,1,real,sudden,0,0.021380826749306633,0.9512123152613641,False,low,abrupt,real/sudden/K=1/low/abrupt/partial/imbalanced/noisy,0.0,-0.0
scn-57da409a8904,1961744333,EDDM,0.8751213827927753,0.0296064330000263,0,1.0,9.0,0.0,1.0,9.0,0.0,0.0,0.0,0.0,1.0,,,1494.111111111111,1494.111111111111,,,0.669294266379118,13447.0,hyperplane_gauss,16447,24,0.08260733839124441,0.07395717864856123,1,real,sudden,0,0.021380826749306633,0.9512123152613641,False,low,abrupt,real/sudden/K=1/low/abrupt/partial/imbalanced/noisy,0.0,-0.0
scn-57da409a8904,1961744333,HDDM_A,0.8751213827927753,0.07088977800003704,0,1.0,0.0,0.0,1.0,0.0,0.0,,0.0,0.0,1.0,,,inf,13447.0,,,0.0,13447.0,hyperplane_gauss,16447,24,0.08260733839124441,0.07395717864856123,1,real,sudden,0,0.021380826749306633,0.9512123152613641,False,low,abrupt,real/sudden/K=1/low/abrupt/partial/imbalanced/noisy,0.0,-0.0
scn-57da409a8904,1961744333,HDDM_W,0.8751213827927753,0.06592646599983709,0,1.0,0.0,0.0,1.0,0.0,0.0,,0.0,0.0,1.0,,,inf,13447.0,,,0.0,13447.0,hyperplane_gauss,16447,24,0.08260733839124441,0.07395717864856123,1,real,sudden,0,0.021380826749306633,0.9512123152613641,False,low,abrupt,real/sudden/K=1/low/abrupt/partial/imbalanced/noisy,0.0,-0.0
scn-57da409a8904,1961744333,FHDDM,0.8751213827927753,0.030887594999967405,0,1.0,0.0,0.0,1.0,0.0,0.0,,0.0,0.0,1.0,,,inf,13447.0,,,0.0,13447.0,hyperplane_gauss,16447,24,0.08260733839124441,0.07395717864856123,1,real,sudden,0,0.021380826749306633,0.9512123152613641,False,low,abrupt,real/sudden/K=1/low/abrupt/partial/imbalanced/noisy,0.0,-0.0
scn-57da409a8904,1961744333,NoDrift,0.8751213827927753,0.025078797000332997,0,1.0,0.0,0.0,1.0,0.0,0.0,,0.0,0.0,1.0,,,inf,13447.0,,,0.0,13447.0,hyperplane_gauss,16447,24,0.08260733839124441,0.07395717864856123,1,real,sudden,0,0.021380826749306633,0.9512123152613641,False,low,abrupt,real/sudden/K=1/low/abrupt/partial/imbalanced/noisy,0.0,-0.0
scn-57da409a8904,1961744333,Periodic(2000),0.8751213827927753,0.02524024400008784,0,1.0,7.0,1.0,0.0,6.0,0.0,0.14285714285714285,1.0,0.25,0.0,1277.0,1277.0,2241.1666666666665,2241.1666666666665,1.7550247977029496,1.7550247977029496,0.44619617758607866,13447.0,hyperplane_gauss,16447,24,0.08260733839124441,0.07395717864856123,1,real,sudden,0,0.021380826749306633,0.9512123152613641,False,low,abrupt,real/sudden/K=1/low/abrupt/partial/imbalanced/noisy,0.0,-0.0
scn-57da409a8904,1961744333,Oracle,0.8751213827927753,0.025567152999883547,0,1.0,1.0,1.0,0.0,0.0,0.0,1.0,1.0,1.0,0.0,1.0,1.0,inf,13447.0,inf,13447.0,0.0,13447.0,hyperplane_gauss,16447,24,0.08260733839124441,0.07395717864856123,1,real,sudden,0,0.021380826749306633,0.9512123152613641,False,low,abrupt,real/sudden/K=1/low/abrupt/partial/imbalanced/noisy,0.0,-0.0
scn-75d4d40e650a,1995533072,ADWIN,0.7277327460994237,0.0345415699998739,0,3.0,0.0,0.0,3.0,0.0,0.0,,0.0,0.0,1.0,,,inf,27740.0,,,0.0,27740.0,hyperplane_gauss,43686,5,0.38521763375028967,0.2507551727816462,3,virtual,incremental,2982,0.33993122428655625,0.5960702858865261,False,high,slow,virtual/incremental/K=3/high/slow/partial/imbalanced/noisy,0.0,-0.0
scn-75d4d40e650a,1995533072,PageHinkley,0.7277327460994237,0.04526246099976561,0,3.0,4.0,3.0,0.0,1.0,0.0,0.75,1.0,0.8571428571428571,0.0,2475.0,2173.0,27740.0,27740.0,11.208080808080808,11.208080808080808,0.03604902667627974,27740.0,hyperplane_gauss,43686,5,0.38521763375028967,0.2507551727816462,3,virtual,incremental,2982,0.33993122428655625,0.5960702858865261,False,high,slow,virtual/incremental/K=3/high/slow/partial/imbalanced/noisy,0.0,-0.0
scn-75d4d40e650a,1995533072,PageHinkley-up,0.7277327460994237,0.04418640999983836,0,3.0,2.0,1.0,2.0,1.0,0.0,0.5,0.3333333333333333,0.4,0.6666666666666667,2173.0,2173.0,27740.0,27740.0,4.255253873293449,4.255253873293449,0.03604902667627974,27740.0,hyperplane_gauss,43686,5,0.38521763375028967,0.2507551727816462,3,virtual,incremental,2982,0.33993122428655625,0.5960702858865261,False,high,slow,virtual/incremental/K=3/high/slow/partial/imbalanced/noisy,0.0,-0.0
scn-75d4d40e650a,1995533072,DDM,0.7277327460994237,0.04540819299973009,0,3.0,0.0,0.0,3.0,0.0,0.0,,0.0,0.0,1.0,,,inf,27740.0,,,0.0,27740.0,hyperplane_gauss,43686,5,0.38521763375028967,0.2507551727816462,3,virtual,incremental,2982,0.33993122428655625,0.5960702858865261,False,high,slow,virtual/incremental/K=3/high/slow/partial/imbalanced/noisy,0.0,-0.0
scn-75d4d40e650a,1995533072,EDDM,0.7277327460994237,0.03899530600028811,0,3.0,14.0,0.0,3.0,14.0,0.0,0.0,0.0,0.0,1.0,,,1981.4285714285713,1981.4285714285713,,,0.5046863734679163,27740.0,hyperplane_gauss,43686,5,0.38521763375028967,0.2507551727816462,3,virtual,incremental,2982,0.33993122428655625,0.5960702858865261,False,high,slow,virtual/incremental/K=3/high/slow/partial/imbalanced/noisy,0.0,-0.0
scn-75d4d40e650a,1995533072,HDDM_A,0.7277327460994237,0.11751721499967971,0,3.0,0.0,0.0,3.0,0.0,0.0,,0.0,0.0,1.0,,,inf,27740.0,,,0.0,27740.0,hyperplane_gauss,43686,5,0.38521763375028967,0.2507551727816462,3,virtual,incremental,2982,0.33993122428655625,0.5960702858865261,False,high,slow,virtual/incremental/K=3/high/slow/partial/imbalanced/noisy,0.0,-0.0
scn-75d4d40e650a,1995533072,HDDM_W,0.7277327460994237,0.14864064700032031,0,3.0,14.0,3.0,0.0,8.0,3.0,0.21428571428571427,1.0,0.35294117647058826,0.0,2175.0,1717.0,3467.5,3467.5,1.5942528735632184,1.5942528735632184,0.2883922134102379,27740.0,hyperplane_gauss,43686,5,0.38521763375028967,0.2507551727816462,3,virtual,incremental,2982,0.33993122428655625,0.5960702858865261,False,high,slow,virtual/incremental/K=3/high/slow/partial/imbalanced/noisy,0.0,-0.0
scn-75d4d40e650a,1995533072,FHDDM,0.7277327460994237,0.04794435699977839,0,3.0,2.0,2.0,1.0,0.0,0.0,1.0,0.6666666666666666,0.8,0.33333333333333337,2200.5,2200.5,inf,27740.0,inf,8.404150571839732,0.0,27740.0,hyperplane_gauss,43686,5,0.38521763375028967,0.2507551727816462,3,virtual,incremental,2982,0.33993122428655625,0.5960702858865261,False,high,slow,virtual/incremental/K=3/high/slow/partial/imbalanced/noisy,0.0,-0.0
scn-75d4d40e650a,1995533072,NoDrift,0.7277327460994237,0.039015103000110685,0,3.0,0.0,0.0,3.0,0.0,0.0,,0.0,0.0,1.0,,,inf,27740.0,,,0.0,27740.0,hyperplane_gauss,43686,5,0.38521763375028967,0.2507551727816462,3,virtual,incremental,2982,0.33993122428655625,0.5960702858865261,False,high,slow,virtual/incremental/K=3/high/slow/partial/imbalanced/noisy,0.0,-0.0
scn-75d4d40e650a,1995533072,Periodic(2000),0.7277327460994237,0.029552719999628607,0,3.0,21.0,3.0,0.0,14.0,4.0,0.14285714285714285,1.0,0.25,0.0,1148.3333333333333,1148.0,1981.4285714285713,1981.4285714285713,1.7254820651047067,1.7254820651047067,0.5046863734679163,27740.0,hyperplane_gauss,43686,5,0.38521763375028967,0.2507551727816462,3,virtual,incremental,2982,0.33993122428655625,0.5960702858865261,False,high,slow,virtual/incremental/K=3/high/slow/partial/imbalanced/noisy,0.0,-0.0
scn-75d4d40e650a,1995533072,Oracle,0.7277327460994237,0.025679928000045038,0,3.0,3.0,3.0,0.0,0.0,0.0,1.0,1.0,1.0,0.0,1492.0,1492.0,inf,27740.0,inf,18.592493297587133,0.0,27740.0,hyperplane_gauss,43686,5,0.38521763375028967,0.2507551727816462,3,virtual,incremental,2982,0.33993122428655625,0.5960702858865261,False,high,slow,virtual/incremental/K=3/high/slow/partial/imbalanced/noisy,0.0,-0.0
scn-75d4d40e650a,1995533073,ADWIN,0.729724031298318,0.03438822699990851,0,3.0,0.0,0.0,3.0,0.0,0.0,,0.0,0.0,1.0,,,inf,27740.0,,,0.0,27740.0,hyperplane_gauss,43686,5,0.38521763375028967,0.2507551727816462,3,virtual,incremental,2982,0.33993122428655625,0.5960702858865261,False,high,slow,virtual/incremental/K=3/high/slow/partial/imbalanced/noisy,0.0,-0.0
scn-75d4d40e650a,1995533073,PageHinkley,0.729724031298318,0.0460734749999574,0,3.0,5.0,2.0,1.0,3.0,0.0,0.4,0.6666666666666666,0.5,0.33333333333333337,2241.0,2241.0,9246.666666666666,9246.666666666666,2.7507561108632057,2.7507561108632057,0.10814708002883922,27740.0,hyperplane_gauss,43686,5,0.38521763375028967,0.2507551727816462,3,virtual,incremental,2982,0.33993122428655625,0.5960702858865261,False,high,slow,virtual/incremental/K=3/high/slow/partial/imbalanced/noisy,0.0,-0.0
scn-75d4d40e650a,1995533073,PageHinkley-up,0.729724031298318,0.04408876700017572,0,3.0,2.0,2.0,1.0,0.0,0.0,1.0,0.6666666666666666,0.8,0.33333333333333337,205.5,205.5,inf,27740.0,inf,89.9918896999189,0.0,27740.0,hyperplane_gauss,43686,5,0.38521763375028967,0.2507551727816462,3,virtual,incremental,2982,0.33993122428655625,0.5960702858865261,False,high,slow,virtual/incremental/K=3/high/slow/partial/imbalanced/noisy,0.0,-0.0
scn-75d4d40e650a,1995533073,DDM,0.729724031298318,0.04333327099993767,0,3.0,0.0,0.0,3.0,0.0,0.0,,0.0,0.0,1.0,,,inf,27740.0,,,0.0,27740.0,hyperplane_gauss,43686,5,0.38521763375028967,0.2507551727816462,3,virtual,incremental,2982,0.33993122428655625,0.5960702858865261,False,high,slow,virtual/incremental/K=3/high/slow/partial/imbalanced/noisy,0.0,-0.0
scn-75d4d40e650a,1995533073,EDDM,0.729724031298318,0.040302871000221785,0,3.0,0.0,0.0,3.0,0.0,0.0,,0.0,0.0,1.0,,,inf,27740.0,,,0.0,27740.0,hyperplane_gauss,43686,5,0.38521763375028967,0.2507551727816462,3,virtual,incremental,2982,0.33993122428655625,0.5960702858865261,False,high,slow,virtual/incremental/K=3/high/slow/partial/imbalanced/noisy,0.0,-0.0
scn-75d4d40e650a,1995533073,HDDM_A,0.729724031298318,0.14100031600037255,0,3.0,0.0,0.0,3.0,0.0,0.0,,0.0,0.0,1.0,,,inf,27740.0,,,0.0,27740.0,hyperplane_gauss,43686,5,0.38521763375028967,0.2507551727816462,3,virtual,incremental,2982,0.33993122428655625,0.5960702858865261,False,high,slow,virtual/incremental/K=3/high/slow/partial/imbalanced/noisy,0.0,-0.0
scn-75d4d40e650a,1995533073,HDDM_W,0.729724031298318,0.14796791000026133,0,3.0,16.0,3.0,0.0,10.0,3.0,0.1875,1.0,0.3157894736842105,0.0,1106.3333333333333,770.0,2774.0,2774.0,2.5073817414884,2.5073817414884,0.3604902667627974,27740.0,hyperplane_gauss,43686,5,0.38521763375028967,0.2507551727816462,3,virtual,incremental,2982,0.33993122428655625,0.5960702858865261,False,high,slow,virtual/incremental/K=3/high/slow/partial/imbalanced/noisy,0.0,-0.0
scn-75d4d40e650a,1995533073,FHDDM,0.729724031298318,0.03817505000006349,0,3.0,3.0,2.0,1.0,1.0,0.0,0.6666666666666666,0.6666666666666666,0.6666666666666666,0.33333333333333337,2336.5,2336.5,27740.0,27740.0,7.914972537270846,7.914972537270846,0.03604902667627974,27740.0,hyperplane_gauss,43686,5,0.38521763375028967,0.2507551727816462,3,virtual,incremental,2982,0.33993122428655625,0.5960702858865261,False,high,slow,virtual/incremental/K=3/high/slow/partial/imbalanced/noisy,0.0,-0.0
scn-75d4d40e650a,1995533073,NoDrift,0.729724031298318,0.024236126000232616,0,3.0,0.0,0.0,3.0,0.0,0.0,,0.0,0.0,1.0,,,inf,27740.0,,,0.0,27740.0,hyperplane_gauss,43686,5,0.38521763375028967,0.2507551727816462,3,virtual,incremental,2982,0.33993122428655625,0.5960702858865261,False,high,slow,virtual/incremental/K=3/high/slow/partial/imbalanced/noisy,0.0,-0.0
scn-75d4d40e650a,1995533073,Periodic(2000),0.729724031298318,0.02550429599978088,0,3.0,21.0,3.0,0.0,14.0,4.0,0.14285714285714285,1.0,0.25,0.0,1148.3333333333333,1148.0,1981.4285714285713,1981.4285714285713,1.7254820651047067,1.7254820651047067,0.5046863734679163,27740.0,hyperplane_gauss,43686,5,0.38521763375028967,0.2507551727816462,3,virtual,incremental,2982,0.33993122428655625,0.5960702858865261,False,high,slow,virtual/incremental/K=3/high/slow/partial/imbalanced/noisy,0.0,-0.0
scn-75d4d40e650a,1995533073,Oracle,0.729724031298318,0.025626778000059858,0,3.0,3.0,3.0,0.0,0.0,0.0,1.0,1.0,1.0,0.0,1492.0,1492.0,inf,27740.0,inf,18.592493297587133,0.0,27740.0,hyperplane_gauss,43686,5,0.38521763375028967,0.2507551727816462,3,virtual,incremental,2982,0.33993122428655625,0.5960702858865261,False,high,slow,virtual/incremental/K=3/high/slow/partial/imbalanced/noisy,0.0,-0.0
scn-75d4d40e650a,1995533074,ADWIN,0.7245466897811929,0.03588349499977994,0,3.0,0.0,0.0,3.0,0.0,0.0,,0.0,0.0,1.0,,,inf,27740.0,,,0.0,27740.0,hyperplane_gauss,43686,5,0.38521763375028967,0.2507551727816462,3,virtual,incremental,2982,0.33993122428655625,0.5960702858865261,False,high,slow,virtual/incremental/K=3/high/slow/partial/imbalanced/noisy,0.0,-0.0
scn-75d4d40e650a,1995533074,PageHinkley,0.7245466897811929,0.0459938039998633,0,3.0,3.0,1.0,2.0,2.0,0.0,0.3333333333333333,0.3333333333333333,0.3333333333333333,0.6666666666666667,2693.0,2693.0,13870.0,13870.0,1.7167966332466886,1.7167966332466886,0.07209805335255948,27740.0,hyperplane_gauss,43686,5,0.38521763375028967,0.2507551727816462,3,virtual,incremental,2982,0.33993122428655625,0.5960702858865261,False,high,slow,virtual/incremental/K=3/high/slow/partial/imbalanced/noisy,0.0,-0.0
scn-75d4d40e650a,1995533074,PageHinkley-up,0.7245466897811929,0.04436239199958436,0,3.0,1.0,1.0,2.0,0.0,0.0,1.0,0.3333333333333333,0.5,0.6666666666666667,2682.0,2682.0,inf,27740.0,inf,3.447675863783245,0.0,27740.0,hyperplane_gauss,43686,5,0.38521763375028967,0.2507551727816462,3,virtual,incremental,2982,0.33993122428655625,0.5960702858865261,False,high,slow,virtual/incremental/K=3/high/slow/partial/imbalanced/noisy,0.0,-0.0
scn-75d4d40e650a,1995533074,DDM,0.7245466897811929,0.04595087300003797,0,3.0,0.0,0.0,3.0,0.0,0.0,,0.0,0.0,1.0,,,inf,27740.0,,,0.0,27740.0,hyperplane_gauss,43686,5,0.38521763375028967,0.2507551727816462,3,virtual,incremental,2982,0.33993122428655625,0.5960702858865261,False,high,slow,virtual/incremental/K=3/high/slow/partial/imbalanced/noisy,0.0,-0.0
scn-75d4d40e650a,1995533074,EDDM,0.7245466897811929,0.03968014299971401,0,3.0,57.0,1.0,2.0,35.0,21.0,0.017543859649122806,0.3333333333333333,0.03333333333333333,0.6666666666666667,66.0,66.0,792.5714285714286,792.5714285714286,4.002886002886002,4.002886002886002,1.261715933669791,27740.0,hyperplane_gauss,43686,5,0.38521763375028967,0.2507551727816462,3,virtual,incremental,2982,0.33993122428655625,0.5960702858865261,False,high,slow,virtual/incremental/K=3/high/slow/partial/imbalanced/noisy,0.0,-0.0
scn-75d4d40e650a,1995533074,HDDM_A,0.7245466897811929,0.15257611300012286,0,3.0,1.0,0.0,3.0,1.0,0.0,0.0,0.0,0.0,1.0,,,27740.0,27740.0,,,0.03604902667627974,27740.0,hyperplane_gauss,43686,5,0.38521763375028967,0.2507551727816462,3,virtual,incremental,2982,0.33993122428655625,0.5960702858865261,False,high,slow,virtual/incremental/K=3/high/slow/partial/imbalanced/noisy,0.0,-0.0
scn-75d4d40e650a,1995533074,HDDM_W,0.7245466897811929,0.14260925200005659,0,3.0,11.0,2.0,1.0,6.0,3.0,0.18181818181818182,0.6666666666666666,0.28571428571428575,0.33333333333333337,1939.5,1939.5,4623.333333333333,4623.333333333333,1.5891839248374435,1.5891839248374435,0.21629416005767843,27740.0,hyperplane_gauss,43686,5,0.38521763375028967,0.2507551727816462,3,virtual,incremental,2982,0.33993122428655625,0.5960702858865261,False,high,slow,virtual/incremental/K=3/high/slow/partial/imbalanced/noisy,0.0,-0.0
scn-75d4d40e650a,1995533074,FHDDM,0.7245466897811929,0.038491967000027216,0,3.0,5.0,1.0,2.0,3.0,1.0,0.2,0.3333333333333333,0.25,0.6666666666666667,1235.0,1235.0,9246.666666666666,9246.666666666666,2.495726495726495,2.495726495726495,0.10814708002883922,27740.0,hyperplane_gauss,43686,5,0.38521763375028967,0.2507551727816462,3,virtual,incremental,2982,0.33993122428655625,0.5960702858865261,False,high,slow,virtual/incremental/K=3/high/slow/partial/imbalanced/noisy,0.0,-0.0
scn-75d4d40e650a,1995533074,NoDrift,0.7245466897811929,0.024926577000314865,0,3.0,0.0,0.0,3.0,0.0,0.0,,0.0,0.0,1.0,,,inf,27740.0,,,0.0,27740.0,hyperplane_gauss,43686,5,0.38521763375028967,0.2507551727816462,3,virtual,incremental,2982,0.33993122428655625,0.5960702858865261,False,high,slow,virtual/incremental/K=3/high/slow/partial/imbalanced/noisy,0.0,-0.0
scn-75d4d40e650a,1995533074,Periodic(2000),0.7245466897811929,0.02626675500005149,0,3.0,21.0,3.0,0.0,14.0,4.0,0.14285714285714285,1.0,0.25,0.0,1148.3333333333333,1148.0,1981.4285714285713,1981.4285714285713,1.7254820651047067,1.7254820651047067,0.5046863734679163,27740.0,hyperplane_gauss,43686,5,0.38521763375028967,0.2507551727816462,3,virtual,incremental,2982,0.33993122428655625,0.5960702858865261,False,high,slow,virtual/incremental/K=3/high/slow/partial/imbalanced/noisy,0.0,-0.0
scn-75d4d40e650a,1995533074,Oracle,0.7245466897811929,0.025296923000041716,0,3.0,3.0,3.0,0.0,0.0,0.0,1.0,1.0,1.0,0.0,1492.0,1492.0,inf,27740.0,inf,18.592493297587133,0.0,27740.0,hyperplane_gauss,43686,5,0.38521763375028967,0.2507551727816462,3,virtual,incremental,2982,0.33993122428655625,0.5960702858865261,False,high,slow,virtual/incremental/K=3/high/slow/partial/imbalanced/noisy,0.0,-0.0
scn-a8dc3d5dd7c4,795455820,ADWIN,0.7986859138760656,0.058552864999910526,0,2.0,2.0,1.0,1.0,1.0,0.0,0.5,0.5,0.5,0.5,1054.0,1054.0,35081.0,35081.0,16.641840607210625,16.641840607210625,0.02850545879535931,35081.0,hyperplane_gauss,41941,18,0.06254187230952084,0.16552999075502156,2,prior,gradual,930,0.138177260607481,1.0,False,medium,fast,prior/gradual/K=2/medium/fast/n/a/imbalanced/noisy,0.0,-0.0
scn-a8dc3d5dd7c4,795455820,PageHinkley,0.7986859138760656,0.09287228400035019,0,2.0,4.0,1.0,1.0,3.0,0.0,0.25,0.5,0.3333333333333333,0.5,1009.0,1009.0,11693.666666666666,11693.666666666666,5.794681202510737,5.794681202510737,0.08551637638607794,35081.0,hyperplane_gauss,41941,18,0.06254187230952084,0.16552999075502156,2,prior,gradual,930,0.138177260607481,1.0,False,medium,fast,prior/gradual/K=2/medium/fast/n/a/imbalanced/noisy,0.0,-0.0
scn-a8dc3d5dd7c4,795455820,PageHinkley-up,0.7986859138760656,0.07267104400034441,0,2.0,2.0,1.0,1.0,1.0,0.0,0.5,0.5,0.5,0.5,1009.0,1009.0,35081.0,35081.0,17.38404360753221,17.38404360753221,0.02850545879535931,35081.0,hyperplane_gauss,41941,18,0.06254187230952084,0.16552999075502156,2,prior,gradual,930,0.138177260607481,1.0,False,medium,fast,prior/gradual/K=2/medium/fast/n/a/imbalanced/noisy,0.0,-0.0
scn-a8dc3d5dd7c4,795455820,DDM,0.7986859138760656,0.06634762300018338,0,2.0,0.0,0.0,2.0,0.0,0.0,,0.0,0.0,1.0,,,inf,35081.0,,,0.0,35081.0,hyperplane_gauss,41941,18,0.06254187230952084,0.16552999075502156,2,prior,gradual,930,0.138177260607481,1.0,False,medium,fast,prior/gradual/K=2/medium/fast/n/a/imbalanced/noisy,0.0,-0.0
scn-a8dc3d5dd7c4,795455820,EDDM,0.7986859138760656,0.060079312000198115,0,2.0,43.0,1.0,1.0,38.0,4.0,0.023255813953488372,0.5,0.04444444444444444,0.5,1859.0,1859.0,923.1842105263158,923.1842105263158,0.24830129384785257,0.24830129384785257,1.0832074342236537,35081.0,hyperplane_gauss,41941,18,0.06254187230952084,0.16552999075502156,2,prior,gradual,930,0.138177260607481,1.0,False,medium,fast,prior/gradual/K=2/medium/fast/n/a/imbalanced/noisy,0.0,-0.0
scn-a8dc3d5dd7c4,795455820,HDDM_A,0.7986859138760656,0.1775503009998829,0,2.0,2.0,1.0,1.0,1.0,0.0,0.5,0.5,0.5,0.5,1159.0,1159.0,35081.0,35081.0,15.134167385677308,15.134167385677308,0.02850545879535931,35081.0,hyperplane_gauss,41941,18,0.06254187230952084,0.16552999075502156,2,prior,gradual,930,0.138177260607481,1.0,False,medium,fast,prior/gradual/K=2/medium/fast/n/a/imbalanced/noisy,0.0,-0.0
scn-a8dc3d5dd7c4,795455820,HDDM_W,0.7986859138760656,0.15913733599973057,0,2.0,5.0,1.0,1.0,4.0,0.0,0.2,0.5,0.28571428571428575,0.5,776.0,776.0,8770.25,8770.25,5.650934278350515,5.650934278350515,0.11402183518143724,35081.0,hyperplane_gauss,41941,18,0.06254187230952084,0.16552999075502156,2,prior,gradual,930,0.138177260607481,1.0,False,medium,fast,prior/gradual/K=2/medium/fast/n/a/imbalanced/noisy,0.0,-0.0
scn-a8dc3d5dd7c4,795455820,FHDDM,0.7986859138760656,0.06343760900017514,0,2.0,1.0,1.0,1.0,0.0,0.0,1.0,0.5,0.6666666666666666,0.5,929.0,929.0,inf,35081.0,inf,18.881054897739507,0.0,35081.0,hyperplane_gauss,41941,18,0.06254187230952084,0.16552999075502156,2,prior,gradual,930,0.138177260607481,1.0,False,medium,fast,prior/gradual/K=2/medium/fast/n/a/imbalanced/noisy,0.0,-0.0
scn-a8dc3d5dd7c4,795455820,NoDrift,0.7986859138760656,0.048446804999912274,0,2.0,0.0,0.0,2.0,0.0,0.0,,0.0,0.0,1.0,,,inf,35081.0,,,0.0,35081.0,hyperplane_gauss,41941,18,0.06254187230952084,0.16552999075502156,2,prior,gradual,930,0.138177260607481,1.0,False,medium,fast,prior/gradual/K=2/medium/fast/n/a/imbalanced/noisy,0.0,-0.0
scn-a8dc3d5dd7c4,795455820,Periodic(2000),0.7986859138760656,0.04958278399999472,0,2.0,20.0,2.0,0.0,17.0,1.0,0.1,1.0,0.18181818181818182,0.0,995.0,995.0,2063.5882352941176,2063.5882352941176,2.0739580254212235,2.0739580254212235,0.4845927995211083,35081.0,hyperplane_gauss,41941,18,0.06254187230952084,0.16552999075502156,2,prior,gradual,930,0.138177260607481,1.0,False,medium,fast,prior/gradual/K=2/medium/fast/n/a/imbalanced/noisy,0.0,-0.0
scn-a8dc3d5dd7c4,795455820,Oracle,0.7986859138760656,0.04941269199980525,0,2.0,2.0,2.0,0.0,0.0,0.0,1.0,1.0,1.0,0.0,466.0,466.0,inf,35081.0,inf,75.28111587982832,0.0,35081.0,hyperplane_gauss,41941,18,0.06254187230952084,0.16552999075502156,2,prior,gradual,930,0.138177260607481,1.0,False,medium,fast,prior/gradual/K=2/medium/fast/n/a/imbalanced/noisy,0.0,-0.0
scn-a8dc3d5dd7c4,795455821,ADWIN,0.8019100657043062,0.05901640699994459,0,2.0,2.0,1.0,1.0,1.0,0.0,0.5,0.5,0.5,0.5,1054.0,1054.0,35081.0,35081.0,16.641840607210625,16.641840607210625,0.02850545879535931,35081.0,hyperplane_gauss,41941,18,0.06254187230952084,0.16552999075502156,2,prior,gradual,930,0.138177260607481,1.0,False,medium,fast,prior/gradual/K=2/medium/fast/n/a/imbalanced/noisy,0.0,-0.0
scn-a8dc3d5dd7c4,795455821,PageHinkley,0.8019100657043062,0.06845380999993722,0,2.0,7.0,1.0,1.0,6.0,0.0,0.14285714285714285,0.5,0.22222222222222224,0.5,764.0,764.0,5846.833333333333,5846.833333333333,3.826461605584642,3.826461605584642,0.17103275277215588,35081.0,hyperplane_gauss,41941,18,0.06254187230952084,0.16552999075502156,2,prior,gradual,930,0.138177260607481,1.0,False,medium,fast,prior/gradual/K=2/medium/fast/n/a/imbalanced/noisy,0.0,-0.0
scn-a8dc3d5dd7c4,795455821,PageHinkley-up,0.8019100657043062,0.06901726900014182,0,2.0,2.0,1.0,1.0,1.0,0.0,0.5,0.5,0.5,0.5,764.0,764.0,35081.0,35081.0,22.958769633507853,22.958769633507853,0.02850545879535931,35081.0,hyperplane_gauss,41941,18,0.06254187230952084,0.16552999075502156,2,prior,gradual,930,0.138177260607481,1.0,False,medium,fast,prior/gradual/K=2/medium/fast/n/a/imbalanced/noisy,0.0,-0.0
scn-a8dc3d5dd7c4,795455821,DDM,0.8019100657043062,0.06802090500013946,0,2.0,2.0,1.0,1.0,0.0,1.0,0.5,0.5,0.5,0.5,1184.0,1184.0,inf,35081.0,inf,14.814611486486486,0.0,35081.0,hyperplane_gauss,41941,18,0.06254187230952084,0.16552999075502156,2,prior,gradual,930,0.138177260607481,1.0,False,medium,fast,prior/gradual/K=2/medium/fast/n/a/imbalanced/noisy,0.0,-0.0
scn-a8dc3d5dd7c4,795455821,EDDM,0.8019100657043062,0.061281291999875975,0,2.0,49.0,1.0,1.0,31.0,17.0,0.02040816326530612,0.5,0.039215686274509796,0.5,136.0,136.0,1131.6451612903227,1131.6451612903227,4.160460151802657,4.160460151802657,0.8836692226561387,35081.0,hyperplane_gauss,41941,18,0.06254187230952084,0.16552999075502156,2,prior,gradual,930,0.138177260607481,1.0,False,medium,fast,prior/gradual/K=2/medium/fast/n/a/imbalanced/noisy,0.0,-0.0
scn-a8dc3d5dd7c4,795455821,HDDM_A,0.8019100657043062,0.17673157099989112,0,2.0,1.0,1.0,1.0,0.0,0.0,1.0,0.5,0.6666666666666666,0.5,1390.0,1390.0,inf,35081.0,inf,12.619064748201438,0.0,35081.0,hyperplane_gauss,41941,18,0.06254187230952084,0.16552999075502156,2,prior,gradual,930,0.138177260607481,1.0,False,medium,fast,prior/gradual/K=2/medium/fast/n/a/imbalanced/noisy,0.0,-0.0
scn-a8dc3d5dd7c4,795455821,HDDM_W,0.8019100657043062,0.1548726720002378,0,2.0,2.0,1.0,1.0,1.0,0.0,0.5,0.5,0.5,0.5,884.0,884.0,35081.0,35081.0,19.842194570135746,19.842194570135746,0.02850545879535931,35081.0,hyperplane_gauss,41941,18,0.06254187230952084,0.16552999075502156,2,prior,gradual,930,0.138177260607481,1.0,False,medium,fast,prior/gradual/K=2/medium/fast/n/a/imbalanced/noisy,0.0,-0.0
scn-a8dc3d5dd7c4,795455821,FHDDM,0.8019100657043062,0.06377500099961253,0,2.0,1.0,1.0,1.0,0.0,0.0,1.0,0.5,0.6666666666666666,0.5,2382.0,2382.0,inf,35081.0,inf,7.36376994122586,0.0,35081.0,hyperplane_gauss,41941,18,0.06254187230952084,0.16552999075502156,2,prior,gradual,930,0.138177260607481,1.0,False,medium,fast,prior/gradual/K=2/medium/fast/n/a/imbalanced/noisy,0.0,-0.0
scn-a8dc3d5dd7c4,795455821,NoDrift,0.8019100657043062,0.04923833500015462,0,2.0,0.0,0.0,2.0,0.0,0.0,,0.0,0.0,1.0,,,inf,35081.0,,,0.0,35081.0,hyperplane_gauss,41941,18,0.06254187230952084,0.16552999075502156,2,prior,gradual,930,0.138177260607481,1.0,False,medium,fast,prior/gradual/K=2/medium/fast/n/a/imbalanced/noisy,0.0,-0.0
scn-a8dc3d5dd7c4,795455821,Periodic(2000),0.8019100657043062,0.0501166609997199,0,2.0,20.0,2.0,0.0,17.0,1.0,0.1,1.0,0.18181818181818182,0.0,995.0,995.0,2063.5882352941176,2063.5882352941176,2.0739580254212235,2.0739580254212235,0.4845927995211083,35081.0,hyperplane_gauss,41941,18,0.06254187230952084,0.16552999075502156,2,prior,gradual,930,0.138177260607481,1.0,False,medium,fast,prior/gradual/K=2/medium/fast/n/a/imbalanced/noisy,0.0,-0.0
scn-a8dc3d5dd7c4,795455821,Oracle,0.8019100657043062,0.05052460299975792,0,2.0,2.0,2.0,0.0,0.0,0.0,1.0,1.0,1.0,0.0,466.0,466.0,inf,35081.0,inf,75.28111587982832,0.0,35081.0,hyperplane_gauss,41941,18,0.06254187230952084,0.16552999075502156,2,prior,gradual,930,0.138177260607481,1.0,False,medium,fast,prior/gradual/K=2/medium/fast/n/a/imbalanced/noisy,0.0,-0.0
scn-a8dc3d5dd7c4,795455822,ADWIN,0.8010063261766933,0.059253848000025755,0,2.0,3.0,1.0,1.0,2.0,0.0,0.3333333333333333,0.5,0.4,0.5,798.0,798.0,17540.5,17540.5,10.990288220551378,10.990288220551378,0.05701091759071862,35081.0,hyperplane_gauss,41941,18,0.06254187230952084,0.16552999075502156,2,prior,gradual,930,0.138177260607481,1.0,False,medium,fast,prior/gradual/K=2/medium/fast/n/a/imbalanced/noisy,0.0,-0.0
scn-a8dc3d5dd7c4,795455822,PageHinkley,0.8010063261766933,0.06907748100002209,0,2.0,4.0,1.0,1.0,3.0,0.0,0.25,0.5,0.3333333333333333,0.5,777.0,777.0,11693.666666666666,11693.666666666666,7.524882024882024,7.524882024882024,0.08551637638607794,35081.0,hyperplane_gauss,41941,18,0.06254187230952084,0.16552999075502156,2,prior,gradual,930,0.138177260607481,1.0,False,medium,fast,prior/gradual/K=2/medium/fast/n/a/imbalanced/noisy,0.0,-0.0
scn-a8dc3d5dd7c4,795455822,PageHinkley-up,0.8010063261766933,0.06983314699982657,0,2.0,2.0,1.0,1.0,1.0,0.0,0.5,0.5,0.5,0.5,777.0,777.0,35081.0,35081.0,22.574646074646076,22.574646074646076,0.02850545879535931,35081.0,hyperplane_gauss,41941,18,0.06254187230952084,0.16552999075502156,2,prior,gradual,930,0.138177260607481,1.0,False,medium,fast,prior/gradual/K=2/medium/fast/n/a/imbalanced/noisy,0.0,-0.0
scn-a8dc3d5dd7c4,795455822,DDM,0.8010063261766933,0.07018523299984736,0,2.0,1.0,0.0,2.0,1.0,0.0,0.0,0.0,0.0,1.0,,,35081.0,35081.0,,,0.02850545879535931,35081.0,hyperplane_gauss,41941,18,0.06254187230952084,0.16552999075502156,2,prior,gradual,930,0.138177260607481,1.0,False,medium,fast,prior/gradual/K=2/medium/fast/n/a/imbalanced/noisy,0.0,-0.0
scn-a8dc3d5dd7c4,795455822,EDDM,0.8010063261766933,0.06363473600004,0,2.0,37.0,1.0,1.0,28.0,8.0,0.02702702702702703,0.5,0.05128205128205129,0.5,1355.0,1355.0,1252.892857142857,1252.892857142857,0.4623220875065893,0.4623220875065893,0.7981528462700607,35081.0,hyperplane_gauss,41941,18,0.06254187230952084,0.16552999075502156,2,prior,gradual,930,0.138177260607481,1.0,False,medium,fast,prior/gradual/K=2/medium/fast/n/a/imbalanced/noisy,0.0,-0.0
scn-a8dc3d5dd7c4,795455822,HDDM_A,0.8010063261766933,0.1762341510002443,0,2.0,1.0,1.0,1.0,0.0,0.0,1.0,0.5,0.6666666666666666,0.5,542.0,542.0,inf,35081.0,inf,32.36254612546126,0.0,35081.0,hyperplane_gauss,41941,18,0.06254187230952084,0.16552999075502156,2,prior,gradual,930,0.138177260607481,1.0,False,medium,fast,prior/gradual/K=2/medium/fast/n/a/imbalanced/noisy,0.0,-0.0
scn-a8dc3d5dd7c4,795455822,HDDM_W,0.8010063261766933,0.15704599399987274,0,2.0,3.0,1.0,1.0,2.0,0.0,0.3333333333333333,0.5,0.4,0.5,529.0,529.0,17540.5,17540.5,16.578922495274103,16.578922495274103,0.05701091759071862,35081.0,hyperplane_gauss,41941,18,0.06254187230952084,0.16552999075502156,2,prior,gradual,930,0.138177260607481,1.0,False,medium,fast,prior/gradual/K=2/medium/fast/n/a/imbalanced/noisy,0.0,-0.0
scn-a8dc3d5dd7c4,795455822,FHDDM,0.8010063261766933,0.06586243399988234,0,2.0,2.0,1.0,1.0,1.0,0.0,0.5,0.5,0.5,0.5,540.0,540.0,35081.0,35081.0,32.48240740740741,32.48240740740741,0.02850545879535931,35081.0,hyperplane_gauss,41941,18,0.06254187230952084,0.16552999075502156,2,prior,gradual,930,0.138177260607481,1.0,False,medium,fast,prior/gradual/K=2/medium/fast/n/a/imbalanced/noisy,0.0,-0.0
scn-a8dc3d5dd7c4,795455822,NoDrift,0.8010063261766933,0.04942308900035641,0,2.0,0.0,0.0,2.0,0.0,0.0,,0.0,0.0,1.0,,,inf,35081.0,,,0.0,35081.0,hyperplane_gauss,41941,18,0.06254187230952084,0.16552999075502156,2,prior,gradual,930,0.138177260607481,1.0,False,medium,fast,prior/gradual/K=2/medium/fast/n/a/imbalanced/noisy,0.0,-0.0
scn-a8dc3d5dd7c4,795455822,Periodic(2000),0.8010063261766933,0.050467645000026096,0,2.0,20.0,2.0,0.0,17.0,1.0,0.1,1.0,0.18181818181818182,0.0,995.0,995.0,2063.5882352941176,2063.5882352941176,2.0739580254212235,2.0739580254212235,0.4845927995211083,35081.0,hyperplane_gauss,41941,18,0.06254187230952084,0.16552999075502156,2,prior,gradual,930,0.138177260607481,1.0,False,medium,fast,prior/gradual/K=2/medium/fast/n/a/imbalanced/noisy,0.0,-0.0
scn-a8dc3d5dd7c4,795455822,Oracle,0.8010063261766933,0.05112351600018883,0,2.0,2.0,2.0,0.0,0.0,0.0,1.0,1.0,1.0,0.0,466.0,466.0,inf,35081.0,inf,75.28111587982832,0.0,35081.0,hyperplane_gauss,41941,18,0.06254187230952084,0.16552999075502156,2,prior,gradual,930,0.138177260607481,1.0,False,medium,fast,prior/gradual/K=2/medium/fast/n/a/imbalanced/noisy,0.0,-0.0
scn-f99539a43185,1704564104,ADWIN,0.7614603024574669,0.012881712000307743,0,4.0,3.0,2.0,2.0,1.0,0.0,0.6666666666666666,0.5,0.5714285714285715,0.5,952.0,952.0,7332.0,7332.0,3.850840336134454,3.850840336134454,0.13638843426077468,7332.0,hyperplane_gauss,17928,4,0.35079086958430705,0.12146717151626944,4,real,gradual,399,0.30459923192858696,0.9429079224355519,True,high,fast,real/gradual/K=4/recurring/high/fast/partial/imbalanced/noisy,0.0,-0.0
scn-f99539a43185,1704564104,PageHinkley,0.7614603024574669,0.017688369000097737,0,4.0,4.0,2.0,2.0,2.0,0.0,0.5,0.5,0.5,0.5,804.0,804.0,3666.0,3666.0,2.279850746268657,2.279850746268657,0.27277686852154936,7332.0,hyperplane_gauss,17928,4,0.35079086958430705,0.12146717151626944,4,real,gradual,399,0.30459923192858696,0.9429079224355519,True,high,fast,real/gradual/K=4/recurring/high/fast/partial/imbalanced/noisy,0.0,-0.0
scn-f99539a43185,1704564104,PageHinkley-up,0.7614603024574669,0.01716726699987703,0,4.0,2.0,2.0,2.0,0.0,0.0,1.0,0.5,0.6666666666666666,0.5,852.0,852.0,inf,7332.0,inf,4.302816901408451,0.0,7332.0,hyperplane_gauss,17928,4,0.35079086958430705,0.12146717151626944,4,real,gradual,399,0.30459923192858696,0.9429079224355519,True,high,fast,real/gradual/K=4/recurring/high/fast/partial/imbalanced/noisy,0.0,-0.0
scn-f99539a43185,1704564104,DDM,0.7614603024574669,0.016675389999818435,0,4.0,4.0,2.0,2.0,1.0,1.0,0.5,0.5,0.5,0.5,946.0,946.0,7332.0,7332.0,3.875264270613108,3.875264270613108,0.13638843426077468,7332.0,hyperplane_gauss,17928,4,0.35079086958430705,0.12146717151626944,4,real,gradual,399,0.30459923192858696,0.9429079224355519,True,high,fast,real/gradual/K=4/recurring/high/fast/partial/imbalanced/noisy,0.0,-0.0
scn-f99539a43185,1704564104,EDDM,0.7614603024574669,0.014629464999870834,0,4.0,9.0,1.0,3.0,5.0,3.0,0.1111111111111111,0.25,0.15384615384615383,0.75,77.0,77.0,1466.4,1466.4,4.761038961038961,4.761038961038961,0.6819421713038735,7332.0,hyperplane_gauss,17928,4,0.35079086958430705,0.12146717151626944,4,real,gradual,399,0.30459923192858696,0.9429079224355519,True,high,fast,real/gradual/K=4/recurring/high/fast/partial/imbalanced/noisy,0.0,-0.0
scn-f99539a43185,1704564104,HDDM_A,0.7614603024574669,0.06347725500017987,0,4.0,3.0,2.0,2.0,1.0,0.0,0.6666666666666666,0.5,0.5714285714285715,0.5,1026.0,1026.0,7332.0,7332.0,3.573099415204678,3.573099415204678,0.13638843426077468,7332.0,hyperplane_gauss,17928,4,0.35079086958430705,0.12146717151626944,4,real,gradual,399,0.30459923192858696,0.9429079224355519,True,high,fast,real/gradual/K=4/recurring/high/fast/partial/imbalanced/noisy,0.0,-0.0
scn-f99539a43185,1704564104,HDDM_W,0.7614603024574669,0.057401217999995424,0,4.0,5.0,2.0,2.0,2.0,1.0,0.4,0.5,0.4444444444444445,0.5,541.5,541.5,3666.0,3666.0,3.3850415512465375,3.3850415512465375,0.27277686852154936,7332.0,hyperplane_gauss,17928,4,0.35079086958430705,0.12146717151626944,4,real,gradual,399,0.30459923192858696,0.9429079224355519,True,high,fast,real/gradual/K=4/recurring/high/fast/partial/imbalanced/noisy,0.0,-0.0
scn-f99539a43185,1704564104,FHDDM,0.7614603024574669,0.014664647999779845,0,4.0,2.0,2.0,2.0,0.0,0.0,1.0,0.5,0.6666666666666666,0.5,695.0,695.0,inf,7332.0,inf,5.2748201438848925,0.0,7332.0,hyperplane_gauss,17928,4,0.35079086958430705,0.12146717151626944,4,real,gradual,399,0.30459923192858696,0.9429079224355519,True,high,fast,real/gradual/K=4/recurring/high/fast/partial/imbalanced/noisy,0.0,-0.0
scn-f99539a43185,1704564104,NoDrift,0.7614603024574669,0.008889400000043679,0,4.0,0.0,0.0,4.0,0.0,0.0,,0.0,0.0,1.0,,,inf,7332.0,,,0.0,7332.0,hyperplane_gauss,17928,4,0.35079086958430705,0.12146717151626944,4,real,gradual,399,0.30459923192858696,0.9429079224355519,True,high,fast,real/gradual/K=4/recurring/high/fast/partial/imbalanced/noisy,0.0,-0.0
scn-f99539a43185,1704564104,Periodic(2000),0.7614603024574669,0.009271240000089165,0,4.0,8.0,4.0,0.0,3.0,1.0,0.5,1.0,0.6666666666666666,0.0,736.0,736.0,2444.0,2444.0,3.3206521739130435,3.3206521739130435,0.40916530278232405,7332.0,hyperplane_gauss,17928,4,0.35079086958430705,0.12146717151626944,4,real,gradual,399,0.30459923192858696,0.9429079224355519,True,high,fast,real/gradual/K=4/recurring/high/fast/partial/imbalanced/noisy,0.0,-0.0
scn-f99539a43185,1704564104,Oracle,0.7614603024574669,0.010369408999849838,0,4.0,4.0,4.0,0.0,0.0,0.0,1.0,1.0,1.0,0.0,200.0,200.0,inf,7332.0,inf,36.66,0.0,7332.0,hyperplane_gauss,17928,4,0.35079086958430705,0.12146717151626944,4,real,gradual,399,0.30459923192858696,0.9429079224355519,True,high,fast,real/gradual/K=4/recurring/high/fast/partial/imbalanced/noisy,0.0,-0.0
scn-f99539a43185,1704564105,ADWIN,0.7654182419659735,0.012636184999792022,0,4.0,4.0,2.0,2.0,2.0,0.0,0.5,0.5,0.5,0.5,728.0,728.0,3666.0,3666.0,2.517857142857143,2.517857142857143,0.27277686852154936,7332.0,hyperplane_gauss,17928,4,0.35079086958430705,0.12146717151626944,4,real,gradual,399,0.30459923192858696,0.9429079224355519,True,high,fast,real/gradual/K=4/recurring/high/fast/partial/imbalanced/noisy,0.0,-0.0
scn-f99539a43185,1704564105,PageHinkley,0.7654182419659735,0.017400339000232634,0,4.0,5.0,4.0,0.0,1.0,0.0,0.8,1.0,0.888888888888889,0.0,959.25,922.5,7332.0,7332.0,7.6434714620797495,7.6434714620797495,0.13638843426077468,7332.0,hyperplane_gauss,17928,4,0.35079086958430705,0.12146717151626944,4,real,gradual,399,0.30459923192858696,0.9429079224355519,True,high,fast,real/gradual/K=4/recurring/high/fast/partial/imbalanced/noisy,0.0,-0.0
scn-f99539a43185,1704564105,PageHinkley-up,0.7654182419659735,0.016988368000056653,0,4.0,3.0,3.0,1.0,0.0,0.0,1.0,0.75,0.8571428571428571,0.25,1063.0,1106.0,inf,7332.0,inf,5.173095014111007,0.0,7332.0,hyperplane_gauss,17928,4,0.35079086958430705,0.12146717151626944,4,real,gradual,399,0.30459923192858696,0.9429079224355519,True,high,fast,real/gradual/K=4/recurring/high/fast/partial/imbalanced/noisy,0.0,-0.0
scn-f99539a43185,1704564105,DDM,0.7654182419659735,0.01715874100000292,0,4.0,1.0,1.0,3.0,0.0,0.0,1.0,0.25,0.4,0.75,205.0,205.0,inf,7332.0,inf,8.941463414634146,0.0,7332.0,hyperplane_gauss,17928,4,0.35079086958430705,0.12146717151626944,4,real,gradual,399,0.30459923192858696,0.9429079224355519,True,high,fast,real/gradual/K=4/recurring/high/fast/partial/imbalanced/noisy,0.0,-0.0
scn-f99539a43185,1704564105,EDDM,0.7654182419659735,0.014882500000112486,0,4.0,8.0,1.0,3.0,4.0,3.0,0.125,0.25,0.16666666666666666,0.75,80.0,80.0,1833.0,1833.0,5.728125,5.728125,0.5455537370430987,7332.0,hyperplane_gauss,17928,4,0.35079086958430705,0.12146717151626944,4,real,gradual,399,0.30459923192858696,0.9429079224355519,True,high,fast,real/gradual/K=4/recurring/high/fast/partial/imbalanced/noisy,0.0,-0.0
scn-f99539a43185,1704564105,HDDM_A,0.7654182419659735,0.056522383999890735,0,4.0,1.0,1.0,3.0,0.0,0.0,1.0,0.25,0.4,0.75,452.0,452.0,inf,7332.0,inf,4.0553097345132745,0.0,7332.0,hyperplane_gauss,17928,4,0.35079086958430705,0.12146717151626944,4,real,gradual,399,0.30459923192858696,0.9429079224355519,True,high,fast,real/gradual/K=4/recurring/high/fast/partial/imbalanced/noisy,0.0,-0.0
scn-f99539a43185,1704564105,HDDM_W,0.7654182419659735,0.0602568969998174,0,4.0,6.0,3.0,1.0,0.0,3.0,0.5,0.75,0.6,0.25,496.6666666666667,504.0,inf,7332.0,inf,11.071812080536912,0.0,7332.0,hyperplane_gauss,17928,4,0.35079086958430705,0.12146717151626944,4,real,gradual,399,0.30459923192858696,0.9429079224355519,True,high,fast,real/gradual/K=4/recurring/high/fast/partial/imbalanced/noisy,0.0,-0.0
scn-f99539a43185,1704564105,FHDDM,0.7654182419659735,0.014444700999774795,0,4.0,1.0,1.0,3.0,0.0,0.0,1.0,0.25,0.4,0.75,542.0,542.0,inf,7332.0,inf,3.3819188191881917,0.0,7332.0,hyperplane_gauss,17928,4,0.35079086958430705,0.12146717151626944,4,real,gradual,399,0.30459923192858696,0.9429079224355519,True,high,fast,real/gradual/K=4/recurring/high/fast/partial/imbalanced/noisy,0.0,-0.0
scn-f99539a43185,1704564105,NoDrift,0.7654182419659735,0.008771551999871008,0,4.0,0.0,0.0,4.0,0.0,0.0,,0.0,0.0,1.0,,,inf,7332.0,,,0.0,7332.0,hyperplane_gauss,17928,4,0.35079086958430705,0.12146717151626944,4,real,gradual,399,0.30459923192858696,0.9429079224355519,True,high,fast,real/gradual/K=4/recurring/high/fast/partial/imbalanced/noisy,0.0,-0.0
scn-f99539a43185,1704564105,Periodic(2000),0.7654182419659735,0.00920038599997497,0,4.0,8.0,4.0,0.0,3.0,1.0,0.5,1.0,0.6666666666666666,0.0,736.0,736.0,2444.0,2444.0,3.3206521739130435,3.3206521739130435,0.40916530278232405,7332.0,hyperplane_gauss,17928,4,0.35079086958430705,0.12146717151626944,4,real,gradual,399,0.30459923192858696,0.9429079224355519,True,high,fast,real/gradual/K=4/recurring/high/fast/partial/imbalanced/noisy,0.0,-0.0
scn-f99539a43185,1704564105,Oracle,0.7654182419659735,0.009500840999862703,0,4.0,4.0,4.0,0.0,0.0,0.0,1.0,1.0,1.0,0.0,200.0,200.0,inf,7332.0,inf,36.66,0.0,7332.0,hyperplane_gauss,17928,4,0.35079086958430705,0.12146717151626944,4,real,gradual,399,0.30459923192858696,0.9429079224355519,True,high,fast,real/gradual/K=4/recurring/high/fast/partial/imbalanced/noisy,0.0,-0.0
scn-f99539a43185,1704564106,ADWIN,0.7578568052930057,0.013073609000002762,0,4.0,2.0,2.0,2.0,0.0,0.0,1.0,0.5,0.6666666666666666,0.5,464.0,464.0,inf,7332.0,inf,7.900862068965517,0.0,7332.0,hyperplane_gauss,17928,4,0.35079086958430705,0.12146717151626944,4,real,gradual,399,0.30459923192858696,0.9429079224355519,True,high,fast,real/gradual/K=4/recurring/high/fast/partial/imbalanced/noisy,0.0,-0.0
scn-f99539a43185,1704564106,PageHinkley,0.7578568052930057,0.017598338999960106,0,4.0,4.0,2.0,2.0,2.0,0.0,0.5,0.5,0.5,0.5,1048.5,1048.5,3666.0,3666.0,1.748211731044349,1.748211731044349,0.27277686852154936,7332.0,hyperplane_gauss,17928,4,0.35079086958430705,0.12146717151626944,4,real,gradual,399,0.30459923192858696,0.9429079224355519,True,high,fast,real/gradual/K=4/recurring/high/fast/partial/imbalanced/noisy,0.0,-0.0
scn-f99539a43185,1704564106,PageHinkley-up,0.7578568052930057,0.01703307700017831,0,4.0,3.0,2.0,2.0,1.0,0.0,0.6666666666666666,0.5,0.5714285714285715,0.5,1071.5,1071.5,7332.0,7332.0,3.4213719085394305,3.4213719085394305,0.13638843426077468,7332.0,hyperplane_gauss,17928,4,0.35079086958430705,0.12146717151626944,4,real,gradual,399,0.30459923192858696,0.9429079224355519,True,high,fast,real/gradual/K=4/recurring/high/fast/partial/imbalanced/noisy,0.0,-0.0
scn-f99539a43185,1704564106,DDM,0.7578568052930057,0.01647579800010135,0,4.0,1.0,1.0,3.0,0.0,0.0,1.0,0.25,0.4,0.75,412.0,412.0,inf,7332.0,inf,4.449029126213592,0.0,7332.0,hyperplane_gauss,17928,4,0.35079086958430705,0.12146717151626944,4,real,gradual,399,0.30459923192858696,0.9429079224355519,True,high,fast,real/gradual/K=4/recurring/high/fast/partial/imbalanced/noisy,0.0,-0.0
scn-f99539a43185,1704564106,EDDM,0.7578568052930057,0.014246082000227034,0,4.0,1.0,1.0,3.0,0.0,0.0,1.0,0.25,0.4,0.75,370.0,370.0,inf,7332.0,inf,4.954054054054054,0.0,7332.0,hyperplane_gauss,17928,4,0.35079086958430705,0.12146717151626944,4,real,gradual,399,0.30459923192858696,0.9429079224355519,True,high,fast,real/gradual/K=4/recurring/high/fast/partial/imbalanced/noisy,0.0,-0.0
scn-f99539a43185,1704564106,HDDM_A,0.7578568052930057,0.05692141600002287,0,4.0,1.0,1.0,3.0,0.0,0.0,1.0,0.25,0.4,0.75,748.0,748.0,inf,7332.0,inf,2.450534759358289,0.0,7332.0,hyperplane_gauss,17928,4,0.35079086958430705,0.12146717151626944,4,real,gradual,399,0.30459923192858696,0.9429079224355519,True,high,fast,real/gradual/K=4/recurring/high/fast/partial/imbalanced/noisy,0.0,-0.0
scn-f99539a43185,1704564106,HDDM_W,0.7578568052930057,0.05852089000018168,0,4.0,5.0,2.0,2.0,3.0,0.0,0.4,0.5,0.4444444444444445,0.5,514.5,514.5,2444.0,2444.0,2.3751214771622933,2.3751214771622933,0.40916530278232405,7332.0,hyperplane_gauss,17928,4,0.35079086958430705,0.12146717151626944,4,real,gradual,399,0.30459923192858696,0.9429079224355519,True,high,fast,real/gradual/K=4/recurring/high/fast/partial/imbalanced/noisy,0.0,-0.0
scn-f99539a43185,1704564106,FHDDM,0.7578568052930057,0.014475615000264952,0,4.0,2.0,2.0,2.0,0.0,0.0,1.0,0.5,0.6666666666666666,0.5,910.5,910.5,inf,7332.0,inf,4.026359143327842,0.0,7332.0,hyperplane_gauss,17928,4,0.35079086958430705,0.12146717151626944,4,real,gradual,399,0.30459923192858696,0.9429079224355519,True,high,fast,real/gradual/K=4/recurring/high/fast/partial/imbalanced/noisy,0.0,-0.0
scn-f99539a43185,1704564106,NoDrift,0.7578568052930057,0.008989164000013261,0,4.0,0.0,0.0,4.0,0.0,0.0,,0.0,0.0,1.0,,,inf,7332.0,,,0.0,7332.0,hyperplane_gauss,17928,4,0.35079086958430705,0.12146717151626944,4,real,gradual,399,0.30459923192858696,0.9429079224355519,True,high,fast,real/gradual/K=4/recurring/high/fast/partial/imbalanced/noisy,0.0,-0.0
scn-f99539a43185,1704564106,Periodic(2000),0.7578568052930057,0.009465062000344915,0,4.0,8.0,4.0,0.0,3.0,1.0,0.5,1.0,0.6666666666666666,0.0,736.0,736.0,2444.0,2444.0,3.3206521739130435,3.3206521739130435,0.40916530278232405,7332.0,hyperplane_gauss,17928,4,0.35079086958430705,0.12146717151626944,4,real,gradual,399,0.30459923192858696,0.9429079224355519,True,high,fast,real/gradual/K=4/recurring/high/fast/partial/imbalanced/noisy,0.0,-0.0
scn-f99539a43185,1704564106,Oracle,0.7578568052930057,0.009867896000287146,0,4.0,4.0,4.0,0.0,0.0,0.0,1.0,1.0,1.0,0.0,200.0,200.0,inf,7332.0,inf,36.66,0.0,7332.0,hyperplane_gauss,17928,4,0.35079086958430705,0.12146717151626944,4,real,gradual,399,0.30459923192858696,0.9429079224355519,True,high,fast,real/gradual/K=4/recurring/high/fast/partial/imbalanced/noisy,0.0,-0.0
scn-f11cedc08594,287926757,ADWIN,0.6632763082231168,0.06471133500008364,0,5.0,0.0,0.0,5.0,0.0,0.0,,0.0,0.0,1.0,,,inf,17824.0,,,0.0,17824.0,hyperplane_gauss,28824,34,0.21545306933112446,0.24164801454171536,5,real,sudden,0,0.3504388662822237,0.6450097776949406,True,high,abrupt,real/sudden/K=5/recurring/high/abrupt/partial/imbalanced/noisy,0.0,-0.0
scn-f11cedc08594,287926757,PageHinkley,0.6632763082231168,0.07287048899979709,0,5.0,5.0,2.0,3.0,3.0,0.0,0.4,0.4,0.4000000000000001,0.6,1025.0,1025.0,5941.333333333333,5941.333333333333,2.318569105691057,2.318569105691057,0.16831238779174149,17824.0,hyperplane_gauss,28824,34,0.21545306933112446,0.24164801454171536,5,real,sudden,0,0.3504388662822237,0.6450097776949406,True,high,abrupt,real/sudden/K=5/recurring/high/abrupt/partial/imbalanced/noisy,0.0,-0.0
scn-f11cedc08594,287926757,PageHinkley-up,0.6632763082231168,0.0747244689996478,0,5.0,3.0,3.0,2.0,0.0,0.0,1.0,0.6,0.7499999999999999,0.4,919.6666666666666,988.0,inf,17824.0,inf,11.628561072852483,0.0,17824.0,hyperplane_gauss,28824,34,0.21545306933112446,0.24164801454171536,5,real,sudden,0,0.3504388662822237,0.6450097776949406,True,high,abrupt,real/sudden/K=5/recurring/high/abrupt/partial/imbalanced/noisy,0.0,-0.0
scn-f11cedc08594,287926757,DDM,0.6632763082231168,0.07064013400031399,0,5.0,1.0,1.0,4.0,0.0,0.0,1.0,0.2,0.33333333333333337,0.8,716.0,716.0,inf,17824.0,inf,4.978770949720669,0.0,17824.0,hyperplane_gauss,28824,34,0.21545306933112446,0.24164801454171536,5,real,sudden,0,0.3504388662822237,0.6450097776949406,True,high,abrupt,real/sudden/K=5/recurring/high/abrupt/partial/imbalanced/noisy,0.0,-0.0
scn-f11cedc08594,287926757,EDDM,0.6632763082231168,0.06939734299976408,0,5.0,22.0,1.0,4.0,12.0,9.0,0.045454545454545456,0.2,0.07407407407407407,0.8,55.0,55.0,1485.3333333333333,1485.3333333333333,5.40121212121212,5.40121212121212,0.6732495511669659,17824.0,hyperplane_gauss,28824,34,0.21545306933112446,0.24164801454171536,5,real,sudden,0,0.3504388662822237,0.6450097776949406,True,high,abrupt,real/sudden/K=5/recurring/high/abrupt/partial/imbalanced/noisy,0.0,-0.0
scn-f11cedc08594,287926757,HDDM_A,0.6632763082231168,0.12030327899992699,0,5.0,0.0,0.0,5.0,0.0,0.0,,0.0,0.0,1.0,,,inf,17824.0,,,0.0,17824.0,hyperplane_gauss,28824,34,0.21545306933112446,0.24164801454171536,5,real,sudden,0,0.3504388662822237,0.6450097776949406,True,high,abrupt,real/sudden/K=5/recurring/high/abrupt/partial/imbalanced/noisy,0.0,-0.0
scn-f11cedc08594,287926757,HDDM_W,0.6632763082231168,0.14220072900025116,0,5.0,14.0,5.0,0.0,8.0,1.0,0.35714285714285715,1.0,0.5263157894736842,0.0,820.4,961.0,2228.0,2228.0,2.7157484154071185,2.7157484154071185,0.4488330341113106,17824.0,hyperplane_gauss,28824,34,0.21545306933112446,0.24164801454171536,5,real,sudden,0,0.3504388662822237,0.6450097776949406,True,high,abrupt,real/sudden/K=5/recurring/high/abrupt/partial/imbalanced/noisy,0.0,-0.0
scn-f11cedc08594,287926757,FHDDM,0.6632763082231168,0.06696726099971784,0,5.0,3.0,1.0,4.0,2.0,0.0,0.3333333333333333,0.2,0.25,0.8,1116.0,1116.0,8912.0,8912.0,1.5971326164874549,1.5971326164874549,0.11220825852782765,17824.0,hyperplane_gauss,28824,34,0.21545306933112446,0.24164801454171536,5,real,sudden,0,0.3504388662822237,0.6450097776949406,True,high,abrupt,real/sudden/K=5/recurring/high/abrupt/partial/imbalanced/noisy,0.0,-0.0
scn-f11cedc08594,287926757,NoDrift,0.6632763082231168,0.05927103200019701,0,5.0,0.0,0.0,5.0,0.0,0.0,,0.0,0.0,1.0,,,inf,17824.0,,,0.0,17824.0,hyperplane_gauss,28824,34,0.21545306933112446,0.24164801454171536,5,real,sudden,0,0.3504388662822237,0.6450097776949406,True,high,abrupt,real/sudden/K=5/recurring/high/abrupt/partial/imbalanced/noisy,0.0,-0.0
scn-f11cedc08594,287926757,Periodic(2000),0.6632763082231168,0.05966162999993685,0,5.0,13.0,5.0,0.0,8.0,0.0,0.38461538461538464,1.0,0.5555555555555556,0.0,1088.4,1088.0,2228.0,2228.0,2.0470415288496873,2.0470415288496873,0.4488330341113106,17824.0,hyperplane_gauss,28824,34,0.21545306933112446,0.24164801454171536,5,real,sudden,0,0.3504388662822237,0.6450097776949406,True,high,abrupt,real/sudden/K=5/recurring/high/abrupt/partial/imbalanced/noisy,0.0,-0.0
scn-f11cedc08594,287926757,Oracle,0.6632763082231168,0.061112724999929924,0,5.0,5.0,5.0,0.0,0.0,0.0,1.0,1.0,1.0,0.0,1.0,1.0,inf,17824.0,inf,17824.0,0.0,17824.0,hyperplane_gauss,28824,34,0.21545306933112446,0.24164801454171536,5,real,sudden,0,0.3504388662822237,0.6450097776949406,True,high,abrupt,real/sudden/K=5/recurring/high/abrupt/partial/imbalanced/noisy,0.0,-0.0
scn-f11cedc08594,287926758,ADWIN,0.6670500287521565,0.06847198400009802,0,5.0,0.0,0.0,5.0,0.0,0.0,,0.0,0.0,1.0,,,inf,17824.0,,,0.0,17824.0,hyperplane_gauss,28824,34,0.21545306933112446,0.24164801454171536,5,real,sudden,0,0.3504388662822237,0.6450097776949406,True,high,abrupt,real/sudden/K=5/recurring/high/abrupt/partial/imbalanced/noisy,0.0,-0.0
scn-f11cedc08594,287926758,PageHinkley,0.6670500287521565,0.07244771300020147,0,5.0,3.0,1.0,4.0,2.0,0.0,0.3333333333333333,0.2,0.25,0.8,748.0,748.0,8912.0,8912.0,2.382887700534759,2.382887700534759,0.11220825852782765,17824.0,hyperplane_gauss,28824,34,0.21545306933112446,0.24164801454171536,5,real,sudden,0,0.3504388662822237,0.6450097776949406,True,high,abrupt,real/sudden/K=5/recurring/high/abrupt/partial/imbalanced/noisy,0.0,-0.0
scn-f11cedc08594,287926758,PageHinkley-up,0.6670500287521565,0.07200562499974694,0,5.0,2.0,1.0,4.0,1.0,0.0,0.5,0.2,0.28571428571428575,0.8,748.0,748.0,17824.0,17824.0,4.765775401069518,4.765775401069518,0.056104129263913824,17824.0,hyperplane_gauss,28824,34,0.21545306933112446,0.24164801454171536,5,real,sudden,0,0.3504388662822237,0.6450097776949406,True,high,abrupt,real/sudden/K=5/recurring/high/abrupt/partial/imbalanced/noisy,0.0,-0.0
scn-f11cedc08594,287926758,DDM,0.6670500287521565,0.07132705700041697,0,5.0,0.0,0.0,5.0,0.0,0.0,,0.0,0.0,1.0,,,inf,17824.0,,,0.0,17824.0,hyperplane_gauss,28824,34,0.21545306933112446,0.24164801454171536,5,real,sudden,0,0.3504388662822237,0.6450097776949406,True,high,abrupt,real/sudden/K=5/recurring/high/abrupt/partial/imbalanced/noisy,0.0,-0.0
scn-f11cedc08594,287926758,EDDM,0.6670500287521565,0.07117171299978509,0,5.0,23.0,1.0,4.0,10.0,12.0,0.043478260869565216,0.2,0.07142857142857142,0.8,47.0,47.0,1782.4,1782.4,7.584680851063828,7.584680851063828,0.5610412926391383,17824.0,hyperplane_gauss,28824,34,0.21545306933112446,0.24164801454171536,5,real,sudden,0,0.3504388662822237,0.6450097776949406,True,high,abrupt,real/sudden/K=5/recurring/high/abrupt/partial/imbalanced/noisy,0.0,-0.0
scn-f11cedc08594,287926758,HDDM_A,0.6670500287521565,0.12397718000011082,0,5.0,1.0,1.0,4.0,0.0,0.0,1.0,0.2,0.33333333333333337,0.8,250.0,250.0,inf,17824.0,inf,14.259199999999998,0.0,17824.0,hyperplane_gauss,28824,34,0.21545306933112446,0.24164801454171536,5,real,sudden,0,0.3504388662822237,0.6450097776949406,True,high,abrupt,real/sudden/K=5/recurring/high/abrupt/partial/imbalanced/noisy,0.0,-0.0
scn-f11cedc08594,287926758,HDDM_W,0.6670500287521565,0.14238650500010408,0,5.0,12.0,2.0,3.0,9.0,1.0,0.16666666666666666,0.4,0.23529411764705882,0.6,285.0,285.0,1980.4444444444443,1980.4444444444443,2.779571150097466,2.779571150097466,0.5049371633752244,17824.0,hyperplane_gauss,28824,34,0.21545306933112446,0.24164801454171536,5,real,sudden,0,0.3504388662822237,0.6450097776949406,True,high,abrupt,real/sudden/K=5/recurring/high/abrupt/partial/imbalanced/noisy,0.0,-0.0
scn-f11cedc08594,287926758,FHDDM,0.6670500287521565,0.06857455699991988,0,5.0,2.0,2.0,3.0,0.0,0.0,1.0,0.4,0.5714285714285715,0.6,955.0,955.0,inf,17824.0,inf,7.465549738219896,0.0,17824.0,hyperplane_gauss,28824,34,0.21545306933112446,0.24164801454171536,5,real,sudden,0,0.3504388662822237,0.6450097776949406,True,high,abrupt,real/sudden/K=5/recurring/high/abrupt/partial/imbalanced/noisy,0.0,-0.0
scn-f11cedc08594,287926758,NoDrift,0.6670500287521565,0.06105371500007095,0,5.0,0.0,0.0,5.0,0.0,0.0,,0.0,0.0,1.0,,,inf,17824.0,,,0.0,17824.0,hyperplane_gauss,28824,34,0.21545306933112446,0.24164801454171536,5,real,sudden,0,0.3504388662822237,0.6450097776949406,True,high,abrupt,real/sudden/K=5/recurring/high/abrupt/partial/imbalanced/noisy,0.0,-0.0
scn-f11cedc08594,287926758,Periodic(2000),0.6670500287521565,0.06045053999969241,0,5.0,13.0,5.0,0.0,8.0,0.0,0.38461538461538464,1.0,0.5555555555555556,0.0,1088.4,1088.0,2228.0,2228.0,2.0470415288496873,2.0470415288496873,0.4488330341113106,17824.0,hyperplane_gauss,28824,34,0.21545306933112446,0.24164801454171536,5,real,sudden,0,0.3504388662822237,0.6450097776949406,True,high,abrupt,real/sudden/K=5/recurring/high/abrupt/partial/imbalanced/noisy,0.0,-0.0
scn-f11cedc08594,287926758,Oracle,0.6670500287521565,0.05988914699992165,0,5.0,5.0,5.0,0.0,0.0,0.0,1.0,1.0,1.0,0.0,1.0,1.0,inf,17824.0,inf,17824.0,0.0,17824.0,hyperplane_gauss,28824,34,0.21545306933112446,0.24164801454171536,5,real,sudden,0,0.3504388662822237,0.6450097776949406,True,high,abrupt,real/sudden/K=5/recurring/high/abrupt/partial/imbalanced/noisy,0.0,-0.0
scn-f11cedc08594,287926759,ADWIN,0.6636716503737781,0.06419284499997957,0,5.0,1.0,0.0,5.0,1.0,0.0,0.0,0.0,0.0,1.0,,,17824.0,17824.0,,,0.056104129263913824,17824.0,hyperplane_gauss,28824,34,0.21545306933112446,0.24164801454171536,5,real,sudden,0,0.3504388662822237,0.6450097776949406,True,high,abrupt,real/sudden/K=5/recurring/high/abrupt/partial/imbalanced/noisy,0.0,-0.0
scn-f11cedc08594,287926759,PageHinkley,0.6636716503737781,0.07130896199987546,0,5.0,5.0,2.0,3.0,3.0,0.0,0.4,0.4,0.4000000000000001,0.6,771.0,771.0,5941.333333333333,5941.333333333333,3.0824038045827926,3.0824038045827926,0.16831238779174149,17824.0,hyperplane_gauss,28824,34,0.21545306933112446,0.24164801454171536,5,real,sudden,0,0.3504388662822237,0.6450097776949406,True,high,abrupt,real/sudden/K=5/recurring/high/abrupt/partial/imbalanced/noisy,0.0,-0.0
scn-f11cedc08594,287926759,PageHinkley-up,0.6636716503737781,0.07249018999982582,0,5.0,3.0,2.0,3.0,1.0,0.0,0.6666666666666666,0.4,0.5,0.6,618.5,618.5,17824.0,17824.0,11.527243330638642,11.527243330638642,0.056104129263913824,17824.0,hyperplane_gauss,28824,34,0.21545306933112446,0.24164801454171536,5,real,sudden,0,0.3504388662822237,0.6450097776949406,True,high,abrupt,real/sudden/K=5/recurring/high/abrupt/partial/imbalanced/noisy,0.0,-0.0
scn-f11cedc08594,287926759,DDM,0.6636716503737781,0.07308718200010844,0,5.0,0.0,0.0,5.0,0.0,0.0,,0.0,0.0,1.0,,,inf,17824.0,,,0.0,17824.0,hyperplane_gauss,28824,34,0.21545306933112446,0.24164801454171536,5,real,sudden,0,0.3504388662822237,0.6450097776949406,True,high,abrupt,real/sudden/K=5/recurring/high/abrupt/partial/imbalanced/noisy,0.0,-0.0
scn-f11cedc08594,287926759,EDDM,0.6636716503737781,0.06923225699983959,0,5.0,45.0,2.0,3.0,31.0,12.0,0.044444444444444446,0.4,0.07999999999999999,0.6,241.5,241.5,574.9677419354839,574.9677419354839,0.9523275228745075,0.9523275228745075,1.7392280071813286,17824.0,hyperplane_gauss,28824,34,0.21545306933112446,0.24164801454171536,5,real,sudden,0,0.3504388662822237,0.6450097776949406,True,high,abrupt,real/sudden/K=5/recurring/high/abrupt/partial/imbalanced/noisy,0.0,-0.0
scn-f11cedc08594,287926759,HDDM_A,0.6636716503737781,0.12585937099993316,0,5.0,1.0,1.0,4.0,0.0,0.0,1.0,0.2,0.33333333333333337,0.8,531.0,531.0,inf,17824.0,inf,6.71337099811676,0.0,17824.0,hyperplane_gauss,28824,34,0.21545306933112446,0.24164801454171536,5,real,sudden,0,0.3504388662822237,0.6450097776949406,True,high,abrupt,real/sudden/K=5/recurring/high/abrupt/partial/imbalanced/noisy,0.0,-0.0
scn-f11cedc08594,287926759,HDDM_W,0.6636716503737781,0.14741201900005763,0,5.0,17.0,5.0,0.0,9.0,3.0,0.29411764705882354,1.0,0.45454545454545453,0.0,463.4,290.0,1980.4444444444443,1980.4444444444443,4.273725603030739,4.273725603030739,0.5049371633752244,17824.0,hyperplane_gauss,28824,34,0.21545306933112446,0.24164801454171536,5,real,sudden,0,0.3504388662822237,0.6450097776949406,True,high,abrupt,real/sudden/K=5/recurring/high/abrupt/partial/imbalanced/noisy,0.0,-0.0
scn-f11cedc08594,287926759,FHDDM,0.6636716503737781,0.0676502649998838,0,5.0,4.0,4.0,1.0,0.0,0.0,1.0,0.8,0.888888888888889,0.19999999999999996,671.75,613.0,inf,17824.0,inf,21.226944547822853,0.0,17824.0,hyperplane_gauss,28824,34,0.21545306933112446,0.24164801454171536,5,real,sudden,0,0.3504388662822237,0.6450097776949406,True,high,abrupt,real/sudden/K=5/recurring/high/abrupt/partial/imbalanced/noisy,0.0,-0.0
scn-f11cedc08594,287926759,NoDrift,0.6636716503737781,0.057978609999736364,0,5.0,0.0,0.0,5.0,0.0,0.0,,0.0,0.0,1.0,,,inf,17824.0,,,0.0,17824.0,hyperplane_gauss,28824,34,0.21545306933112446,0.24164801454171536,5,real,sudden,0,0.3504388662822237,0.6450097776949406,True,high,abrupt,real/sudden/K=5/recurring/high/abrupt/partial/imbalanced/noisy,0.0,-0.0
scn-f11cedc08594,287926759,Periodic(2000),0.6636716503737781,0.06193600400001742,0,5.0,13.0,5.0,0.0,8.0,0.0,0.38461538461538464,1.0,0.5555555555555556,0.0,1088.4,1088.0,2228.0,2228.0,2.0470415288496873,2.0470415288496873,0.4488330341113106,17824.0,hyperplane_gauss,28824,34,0.21545306933112446,0.24164801454171536,5,real,sudden,0,0.3504388662822237,0.6450097776949406,True,high,abrupt,real/sudden/K=5/recurring/high/abrupt/partial/imbalanced/noisy,0.0,-0.0
scn-f11cedc08594,287926759,Oracle,0.6636716503737781,0.05923013700021329,0,5.0,5.0,5.0,0.0,0.0,0.0,1.0,1.0,1.0,0.0,1.0,1.0,inf,17824.0,inf,17824.0,0.0,17824.0,hyperplane_gauss,28824,34,0.21545306933112446,0.24164801454171536,5,real,sudden,0,0.3504388662822237,0.6450097776949406,True,high,abrupt,real/sudden/K=5/recurring/high/abrupt/partial/imbalanced/noisy,0.0,-0.0
scn-bdd94839bdac,654018439,ADWIN,0.9375228838664581,0.02833799900008671,0,3.0,1.0,1.0,2.0,0.0,0.0,1.0,0.3333333333333333,0.5,0.6666666666666667,4049.0,4049.0,inf,12391.0,inf,1.0200872643451055,0.0,12391.0,hyperplane_gauss,31043,8,0.47561408109031617,0.04315189551562071,3,virtual,incremental,3884,0.14067549064755439,0.34273042604327203,False,medium,slow,virtual/incremental/K=3/medium/slow/partial/balanced/noisy,0.0,-0.0
scn-bdd94839bdac,654018439,PageHinkley,0.9375228838664581,0.03769293200002721,0,3.0,2.0,2.0,1.0,0.0,0.0,1.0,0.6666666666666666,0.8,0.33333333333333337,3829.5,3829.5,inf,12391.0,inf,2.157113635374505,0.0,12391.0,hyperplane_gauss,31043,8,0.47561408109031617,0.04315189551562071,3,virtual,incremental,3884,0.14067549064755439,0.34273042604327203,False,medium,slow,virtual/incremental/K=3/medium/slow/partial/balanced/noisy,0.0,-0.0
scn-bdd94839bdac,654018439,PageHinkley-up,0.9375228838664581,0.03692495000041163,0,3.0,0.0,0.0,3.0,0.0,0.0,,0.0,0.0,1.0,,,inf,12391.0,,,0.0,12391.0,hyperplane_gauss,31043,8,0.47561408109031617,0.04315189551562071,3,virtual,incremental,3884,0.14067549064755439,0.34273042604327203,False,medium,slow,virtual/incremental/K=3/medium/slow/partial/balanced/noisy,0.0,-0.0
scn-bdd94839bdac,654018439,DDM,0.9375228838664581,0.03552899199985404,0,3.0,1.0,0.0,3.0,1.0,0.0,0.0,0.0,0.0,1.0,,,12391.0,12391.0,,,0.0807037365830038,12391.0,hyperplane_gauss,31043,8,0.47561408109031617,0.04315189551562071,3,virtual,incremental,3884,0.14067549064755439,0.34273042604327203,False,medium,slow,virtual/incremental/K=3/medium/slow/partial/balanced/noisy,0.0,-0.0
scn-bdd94839bdac,654018439,EDDM,0.9375228838664581,0.028169240999886824,0,3.0,14.0,1.0,2.0,8.0,5.0,0.07142857142857142,0.3333333333333333,0.11764705882352941,0.6666666666666667,1229.0,1229.0,1548.875,1548.875,0.42009085977759686,0.42009085977759686,0.6456298926640304,12391.0,hyperplane_gauss,31043,8,0.47561408109031617,0.04315189551562071,3,virtual,incremental,3884,0.14067549064755439,0.34273042604327203,False,medium,slow,virtual/incremental/K=3/medium/slow/partial/balanced/noisy,0.0,-0.0
scn-bdd94839bdac,654018439,HDDM_A,0.9375228838664581,0.12977037000018754,0,3.0,0.0,0.0,3.0,0.0,0.0,,0.0,0.0,1.0,,,inf,12391.0,,,0.0,12391.0,hyperplane_gauss,31043,8,0.47561408109031617,0.04315189551562071,3,virtual,incremental,3884,0.14067549064755439,0.34273042604327203,False,medium,slow,virtual/incremental/K=3/medium/slow/partial/balanced/noisy,0.0,-0.0
scn-bdd94839bdac,654018439,HDDM_W,0.9375228838664581,0.09779872899980546,0,3.0,0.0,0.0,3.0,0.0,0.0,,0.0,0.0,1.0,,,inf,12391.0,,,0.0,12391.0,hyperplane_gauss,31043,8,0.47561408109031617,0.04315189551562071,3,virtual,incremental,3884,0.14067549064755439,0.34273042604327203,False,medium,slow,virtual/incremental/K=3/medium/slow/partial/balanced/noisy,0.0,-0.0
scn-bdd94839bdac,654018439,FHDDM,0.9375228838664581,0.03143000199997914,0,3.0,0.0,0.0,3.0,0.0,0.0,,0.0,0.0,1.0,,,inf,12391.0,,,0.0,12391.0,hyperplane_gauss,31043,8,0.47561408109031617,0.04315189551562071,3,virtual,incremental,3884,0.14067549064755439,0.34273042604327203,False,medium,slow,virtual/incremental/K=3/medium/slow/partial/balanced/noisy,0.0,-0.0
scn-bdd94839bdac,654018439,NoDrift,0.9375228838664581,0.02292485999987548,0,3.0,0.0,0.0,3.0,0.0,0.0,,0.0,0.0,1.0,,,inf,12391.0,,,0.0,12391.0,hyperplane_gauss,31043,8,0.47561408109031617,0.04315189551562071,3,virtual,incremental,3884,0.14067549064755439,0.34273042604327203,False,medium,slow,virtual/incremental/K=3/medium/slow/partial/balanced/noisy,0.0,-0.0
scn-bdd94839bdac,654018439,Periodic(2000),0.9375228838664581,0.022788789000060206,0,3.0,15.0,3.0,0.0,9.0,3.0,0.2,1.0,0.33333333333333337,0.0,1921.0,1921.0,1376.7777777777778,1376.7777777777778,0.7166984788015501,0.7166984788015501,0.7263336292470342,12391.0,hyperplane_gauss,31043,8,0.47561408109031617,0.04315189551562071,3,virtual,incremental,3884,0.14067549064755439,0.34273042604327203,False,medium,slow,virtual/incremental/K=3/medium/slow/partial/balanced/noisy,0.0,-0.0
scn-bdd94839bdac,654018439,Oracle,0.9375228838664581,0.022598593000111578,0,3.0,3.0,3.0,0.0,0.0,0.0,1.0,1.0,1.0,0.0,1943.0,1943.0,inf,12391.0,inf,6.377251672671127,0.0,12391.0,hyperplane_gauss,31043,8,0.47561408109031617,0.04315189551562071,3,virtual,incremental,3884,0.14067549064755439,0.34273042604327203,False,medium,slow,virtual/incremental/K=3/medium/slow/partial/balanced/noisy,0.0,-0.0
scn-bdd94839bdac,654018440,ADWIN,0.9406517325167261,0.029460963000019547,0,3.0,1.0,0.0,3.0,1.0,0.0,0.0,0.0,0.0,1.0,,,12391.0,12391.0,,,0.0807037365830038,12391.0,hyperplane_gauss,31043,8,0.47561408109031617,0.04315189551562071,3,virtual,incremental,3884,0.14067549064755439,0.34273042604327203,False,medium,slow,virtual/incremental/K=3/medium/slow/partial/balanced/noisy,0.0,-0.0
scn-bdd94839bdac,654018440,PageHinkley,0.9406517325167261,0.038004300000011426,0,3.0,1.0,1.0,2.0,0.0,0.0,1.0,0.3333333333333333,0.5,0.6666666666666667,839.0,839.0,inf,12391.0,inf,4.9229241160111235,0.0,12391.0,hyperplane_gauss,31043,8,0.47561408109031617,0.04315189551562071,3,virtual,incremental,3884,0.14067549064755439,0.34273042604327203,False,medium,slow,virtual/incremental/K=3/medium/slow/partial/balanced/noisy,0.0,-0.0
scn-bdd94839bdac,654018440,PageHinkley-up,0.9406517325167261,0.03629986300029486,0,3.0,0.0,0.0,3.0,0.0,0.0,,0.0,0.0,1.0,,,inf,12391.0,,,0.0,12391.0,hyperplane_gauss,31043,8,0.47561408109031617,0.04315189551562071,3,virtual,incremental,3884,0.14067549064755439,0.34273042604327203,False,medium,slow,virtual/incremental/K=3/medium/slow/partial/balanced/noisy,0.0,-0.0
scn-bdd94839bdac,654018440,DDM,0.9406517325167261,0.03676573799975813,0,3.0,0.0,0.0,3.0,0.0,0.0,,0.0,0.0,1.0,,,inf,12391.0,,,0.0,12391.0,hyperplane_gauss,31043,8,0.47561408109031617,0.04315189551562071,3,virtual,incremental,3884,0.14067549064755439,0.34273042604327203,False,medium,slow,virtual/incremental/K=3/medium/slow/partial/balanced/noisy,0.0,-0.0
scn-bdd94839bdac,654018440,EDDM,0.9406517325167261,0.031295912000132375,0,3.0,44.0,3.0,0.0,14.0,27.0,0.06818181818181818,1.0,0.1276595744680851,0.0,151.0,152.0,885.0714285714286,885.0714285714286,5.861400189214758,5.861400189214758,1.1298523121620532,12391.0,hyperplane_gauss,31043,8,0.47561408109031617,0.04315189551562071,3,virtual,incremental,3884,0.14067549064755439,0.34273042604327203,False,medium,slow,virtual/incremental/K=3/medium/slow/partial/balanced/noisy,0.0,-0.0
scn-bdd94839bdac,654018440,HDDM_A,0.9406517325167261,0.13163327199981723,0,3.0,0.0,0.0,3.0,0.0,0.0,,0.0,0.0,1.0,,,inf,12391.0,,,0.0,12391.0,hyperplane_gauss,31043,8,0.47561408109031617,0.04315189551562071,3,virtual,incremental,3884,0.14067549064755439,0.34273042604327203,False,medium,slow,virtual/incremental/K=3/medium/slow/partial/balanced/noisy,0.0,-0.0
scn-bdd94839bdac,654018440,HDDM_W,0.9406517325167261,0.10188620400003856,0,3.0,0.0,0.0,3.0,0.0,0.0,,0.0,0.0,1.0,,,inf,12391.0,,,0.0,12391.0,hyperplane_gauss,31043,8,0.47561408109031617,0.04315189551562071,3,virtual,incremental,3884,0.14067549064755439,0.34273042604327203,False,medium,slow,virtual/incremental/K=3/medium/slow/partial/balanced/noisy,0.0,-0.0
scn-bdd94839bdac,654018440,FHDDM,0.9406517325167261,0.03463671300005444,0,3.0,0.0,0.0,3.0,0.0,0.0,,0.0,0.0,1.0,,,inf,12391.0,,,0.0,12391.0,hyperplane_gauss,31043,8,0.47561408109031617,0.04315189551562071,3,virtual,incremental,3884,0.14067549064755439,0.34273042604327203,False,medium,slow,virtual/incremental/K=3/medium/slow/partial/balanced/noisy,0.0,-0.0
scn-bdd94839bdac,654018440,NoDrift,0.9406517325167261,0.021536556000228302,0,3.0,0.0,0.0,3.0,0.0,0.0,,0.0,0.0,1.0,,,inf,12391.0,,,0.0,12391.0,hyperplane_gauss,31043,8,0.47561408109031617,0.04315189551562071,3,virtual,incremental,3884,0.14067549064755439,0.34273042604327203,False,medium,slow,virtual/incremental/K=3/medium/slow/partial/balanced/noisy,0.0,-0.0
scn-bdd94839bdac,654018440,Periodic(2000),0.9406517325167261,0.022448991000146634,0,3.0,15.0,3.0,0.0,9.0,3.0,0.2,1.0,0.33333333333333337,0.0,1921.0,1921.0,1376.7777777777778,1376.7777777777778,0.7166984788015501,0.7166984788015501,0.7263336292470342,12391.0,hyperplane_gauss,31043,8,0.47561408109031617,0.04315189551562071,3,virtual,incremental,3884,0.14067549064755439,0.34273042604327203,False,medium,slow,virtual/incremental/K=3/medium/slow/partial/balanced/noisy,0.0,-0.0
scn-bdd94839bdac,654018440,Oracle,0.9406517325167261,0.023431005000020377,0,3.0,3.0,3.0,0.0,0.0,0.0,1.0,1.0,1.0,0.0,1943.0,1943.0,inf,12391.0,inf,6.377251672671127,0.0,12391.0,hyperplane_gauss,31043,8,0.47561408109031617,0.04315189551562071,3,virtual,incremental,3884,0.14067549064755439,0.34273042604327203,False,medium,slow,virtual/incremental/K=3/medium/slow/partial/balanced/noisy,0.0,-0.0
scn-bdd94839bdac,654018441,ADWIN,0.9413174449955064,0.02806853800029785,0,3.0,0.0,0.0,3.0,0.0,0.0,,0.0,0.0,1.0,,,inf,12391.0,,,0.0,12391.0,hyperplane_gauss,31043,8,0.47561408109031617,0.04315189551562071,3,virtual,incremental,3884,0.14067549064755439,0.34273042604327203,False,medium,slow,virtual/incremental/K=3/medium/slow/partial/balanced/noisy,0.0,-0.0
scn-bdd94839bdac,654018441,PageHinkley,0.9413174449955064,0.03595449100021142,0,3.0,0.0,0.0,3.0,0.0,0.0,,0.0,0.0,1.0,,,inf,12391.0,,,0.0,12391.0,hyperplane_gauss,31043,8,0.47561408109031617,0.04315189551562071,3,virtual,incremental,3884,0.14067549064755439,0.34273042604327203,False,medium,slow,virtual/incremental/K=3/medium/slow/partial/balanced/noisy,0.0,-0.0
scn-bdd94839bdac,654018441,PageHinkley-up,0.9413174449955064,0.035757936000209156,0,3.0,0.0,0.0,3.0,0.0,0.0,,0.0,0.0,1.0,,,inf,12391.0,,,0.0,12391.0,hyperplane_gauss,31043,8,0.47561408109031617,0.04315189551562071,3,virtual,incremental,3884,0.14067549064755439,0.34273042604327203,False,medium,slow,virtual/incremental/K=3/medium/slow/partial/balanced/noisy,0.0,-0.0
scn-bdd94839bdac,654018441,DDM,0.9413174449955064,0.03551379400005317,0,3.0,2.0,0.0,3.0,2.0,0.0,0.0,0.0,0.0,1.0,,,6195.5,6195.5,,,0.1614074731660076,12391.0,hyperplane_gauss,31043,8,0.47561408109031617,0.04315189551562071,3,virtual,incremental,3884,0.14067549064755439,0.34273042604327203,False,medium,slow,virtual/incremental/K=3/medium/slow/partial/balanced/noisy,0.0,-0.0
scn-bdd94839bdac,654018441,EDDM,0.9413174449955064,0.030419610000080866,0,3.0,12.0,1.0,2.0,4.0,7.0,0.08333333333333333,0.3333333333333333,0.13333333333333333,0.6666666666666667,351.0,351.0,3097.75,3097.75,2.941832858499524,2.941832858499524,0.3228149463320152,12391.0,hyperplane_gauss,31043,8,0.47561408109031617,0.04315189551562071,3,virtual,incremental,3884,0.14067549064755439,0.34273042604327203,False,medium,slow,virtual/incremental/K=3/medium/slow/partial/balanced/noisy,0.0,-0.0
scn-bdd94839bdac,654018441,HDDM_A,0.9413174449955064,0.11907554500021433,0,3.0,0.0,0.0,3.0,0.0,0.0,,0.0,0.0,1.0,,,inf,12391.0,,,0.0,12391.0,hyperplane_gauss,31043,8,0.47561408109031617,0.04315189551562071,3,virtual,incremental,3884,0.14067549064755439,0.34273042604327203,False,medium,slow,virtual/incremental/K=3/medium/slow/partial/balanced/noisy,0.0,-0.0
scn-bdd94839bdac,654018441,HDDM_W,0.9413174449955064,0.09713976599960006,0,3.0,0.0,0.0,3.0,0.0,0.0,,0.0,0.0,1.0,,,inf,12391.0,,,0.0,12391.0,hyperplane_gauss,31043,8,0.47561408109031617,0.04315189551562071,3,virtual,incremental,3884,0.14067549064755439,0.34273042604327203,False,medium,slow,virtual/incremental/K=3/medium/slow/partial/balanced/noisy,0.0,-0.0
scn-bdd94839bdac,654018441,FHDDM,0.9413174449955064,0.032132670000009966,0,3.0,0.0,0.0,3.0,0.0,0.0,,0.0,0.0,1.0,,,inf,12391.0,,,0.0,12391.0,hyperplane_gauss,31043,8,0.47561408109031617,0.04315189551562071,3,virtual,incremental,3884,0.14067549064755439,0.34273042604327203,False,medium,slow,virtual/incremental/K=3/medium/slow/partial/balanced/noisy,0.0,-0.0
scn-bdd94839bdac,654018441,NoDrift,0.9413174449955064,0.022432118999859085,0,3.0,0.0,0.0,3.0,0.0,0.0,,0.0,0.0,1.0,,,inf,12391.0,,,0.0,12391.0,hyperplane_gauss,31043,8,0.47561408109031617,0.04315189551562071,3,virtual,incremental,3884,0.14067549064755439,0.34273042604327203,False,medium,slow,virtual/incremental/K=3/medium/slow/partial/balanced/noisy,0.0,-0.0
scn-bdd94839bdac,654018441,Periodic(2000),0.9413174449955064,0.02163701499966919,0,3.0,15.0,3.0,0.0,9.0,3.0,0.2,1.0,0.33333333333333337,0.0,1921.0,1921.0,1376.7777777777778,1376.7777777777778,0.7166984788015501,0.7166984788015501,0.7263336292470342,12391.0,hyperplane_gauss,31043,8,0.47561408109031617,0.04315189551562071,3,virtual,incremental,3884,0.14067549064755439,0.34273042604327203,False,medium,slow,virtual/incremental/K=3/medium/slow/partial/balanced/noisy,0.0,-0.0
scn-bdd94839bdac,654018441,Oracle,0.9413174449955064,0.022150741999666934,0,3.0,3.0,3.0,0.0,0.0,0.0,1.0,1.0,1.0,0.0,1943.0,1943.0,inf,12391.0,inf,6.377251672671127,0.0,12391.0,hyperplane_gauss,31043,8,0.47561408109031617,0.04315189551562071,3,virtual,incremental,3884,0.14067549064755439,0.34273042604327203,False,medium,slow,virtual/incremental/K=3/medium/slow/partial/balanced/noisy,0.0,-0.0
scn-3eefd6f702b0,1045477939,ADWIN,0.7816788263491979,0.09743363299958219,0,2.0,5.0,2.0,0.0,3.0,0.0,0.4,1.0,0.5714285714285715,0.0,97.0,97.0,11322.333333333334,11322.333333333334,116.72508591065292,116.72508591065292,0.08832101745812111,33967.0,hyperplane_gauss,38967,32,0.30176368043757973,0.01835399279370904,2,real,sudden,0,0.372134355455637,0.739760472625494,False,high,abrupt,real/sudden/K=2/high/abrupt/partial/imbalanced/noisy,0.0,-0.0
scn-3eefd6f702b0,1045477939,PageHinkley,0.7816788263491979,0.10689457199987373,0,2.0,7.0,2.0,0.0,5.0,0.0,0.2857142857142857,1.0,0.4444444444444445,0.0,206.5,206.5,6793.4,6793.4,32.89782082324455,32.89782082324455,0.1472016957635352,33967.0,hyperplane_gauss,38967,32,0.30176368043757973,0.01835399279370904,2,real,sudden,0,0.372134355455637,0.739760472625494,False,high,abrupt,real/sudden/K=2/high/abrupt/partial/imbalanced/noisy,0.0,-0.0
scn-3eefd6f702b0,1045477939,PageHinkley-up,0.7816788263491979,0.1076269449999927,0,2.0,2.0,2.0,0.0,0.0,0.0,1.0,1.0,1.0,0.0,225.5,225.5,inf,33967.0,inf,150.62971175166297,0.0,33967.0,hyperplane_gauss,38967,32,0.30176368043757973,0.01835399279370904,2,real,sudden,0,0.372134355455637,0.739760472625494,False,high,abrupt,real/sudden/K=2/high/abrupt/partial/imbalanced/noisy,0.0,-0.0
scn-3eefd6f702b0,1045477939,DDM,0.7816788263491979,0.12442101799979355,0,2.0,6.0,2.0,0.0,1.0,3.0,0.3333333333333333,1.0,0.5,0.0,519.0,519.0,33967.0,33967.0,65.44701348747591,65.44701348747591,0.02944033915270704,33967.0,hyperplane_gauss,38967,32,0.30176368043757973,0.01835399279370904,2,real,sudden,0,0.372134355455637,0.739760472625494,False,high,abrupt,real/sudden/K=2/high/abrupt/partial/imbalanced/noisy,0.0,-0.0
scn-3eefd6f702b0,1045477939,EDDM,0.7816788263491979,0.11232587299991792,0,2.0,46.0,1.0,1.0,38.0,7.0,0.021739130434782608,0.5,0.041666666666666664,0.5,92.0,92.0,893.8684210526316,893.8684210526316,4.857980549199085,4.857980549199085,1.1187328878028675,33967.0,hyperplane_gauss,38967,32,0.30176368043757973,0.01835399279370904,2,real,sudden,0,0.372134355455637,0.739760472625494,False,high,abrupt,real/sudden/K=2/high/abrupt/partial/imbalanced/noisy,0.0,-0.0
scn-3eefd6f702b0,1045477939,HDDM_A,0.7816788263491979,0.22206993800000419,0,2.0,2.0,2.0,0.0,0.0,0.0,1.0,1.0,1.0,0.0,113.0,113.0,inf,33967.0,inf,300.5929203539823,0.0,33967.0,hyperplane_gauss,38967,32,0.30176368043757973,0.01835399279370904,2,real,sudden,0,0.372134355455637,0.739760472625494,False,high,abrupt,real/sudden/K=2/high/abrupt/partial/imbalanced/noisy,0.0,-0.0
scn-3eefd6f702b0,1045477939,HDDM_W,0.7816788263491979,0.20184652099987943,0,2.0,9.0,2.0,0.0,4.0,3.0,0.2222222222222222,1.0,0.3636363636363636,0.0,71.0,71.0,8491.75,8491.75,119.60211267605634,119.60211267605634,0.11776135661082816,33967.0,hyperplane_gauss,38967,32,0.30176368043757973,0.01835399279370904,2,real,sudden,0,0.372134355455637,0.739760472625494,False,high,abrupt,real/sudden/K=2/high/abrupt/partial/imbalanced/noisy,0.0,-0.0
scn-3eefd6f702b0,1045477939,FHDDM,0.7816788263491979,0.1255482389997269,0,2.0,3.0,2.0,0.0,1.0,0.0,0.6666666666666666,1.0,0.8,0.0,92.5,92.5,33967.0,33967.0,367.2108108108108,367.2108108108108,0.02944033915270704,33967.0,hyperplane_gauss,38967,32,0.30176368043757973,0.01835399279370904,2,real,sudden,0,0.372134355455637,0.739760472625494,False,high,abrupt,real/sudden/K=2/high/abrupt/partial/imbalanced/noisy,0.0,-0.0
scn-3eefd6f702b0,1045477939,NoDrift,0.7816788263491979,0.11462007000000085,0,2.0,0.0,0.0,2.0,0.0,0.0,,0.0,0.0,1.0,,,inf,33967.0,,,0.0,33967.0,hyperplane_gauss,38967,32,0.30176368043757973,0.01835399279370904,2,real,sudden,0,0.372134355455637,0.739760472625494,False,high,abrupt,real/sudden/K=2/high/abrupt/partial/imbalanced/noisy,0.0,-0.0
scn-3eefd6f702b0,1045477939,Periodic(2000),0.7816788263491979,0.08982380900033604,0,2.0,18.0,2.0,0.0,16.0,0.0,0.1111111111111111,1.0,0.19999999999999998,0.0,1017.0,1017.0,2122.9375,2122.9375,2.0874508357915436,2.0874508357915436,0.47104542644331265,33967.0,hyperplane_gauss,38967,32,0.30176368043757973,0.01835399279370904,2,real,sudden,0,0.372134355455637,0.739760472625494,False,high,abrupt,real/sudden/K=2/high/abrupt/partial/imbalanced/noisy,0.0,-0.0
scn-3eefd6f702b0,1045477939,Oracle,0.7816788263491979,0.09293336299970179,0,2.0,2.0,2.0,0.0,0.0,0.0,1.0,1.0,1.0,0.0,1.0,1.0,inf,33967.0,inf,33967.0,0.0,33967.0,hyperplane_gauss,38967,32,0.30176368043757973,0.01835399279370904,2,real,sudden,0,0.372134355455637,0.739760472625494,False,high,abrupt,real/sudden/K=2/high/abrupt/partial/imbalanced/noisy,0.0,-0.0
scn-3eefd6f702b0,1045477940,ADWIN,0.7811257144362209,0.09471756799985087,0,2.0,5.0,2.0,0.0,3.0,0.0,0.4,1.0,0.5714285714285715,0.0,193.0,193.0,11322.333333333334,11322.333333333334,58.66493955094992,58.66493955094992,0.08832101745812111,33967.0,hyperplane_gauss,38967,32,0.30176368043757973,0.01835399279370904,2,real,sudden,0,0.372134355455637,0.739760472625494,False,high,abrupt,real/sudden/K=2/high/abrupt/partial/imbalanced/noisy,0.0,-0.0
scn-3eefd6f702b0,1045477940,PageHinkley,0.7811257144362209,0.1064304279998396,0,2.0,7.0,2.0,0.0,5.0,0.0,0.2857142857142857,1.0,0.4444444444444445,0.0,345.5,345.5,6793.4,6793.4,19.662518089725037,19.662518089725037,0.1472016957635352,33967.0,hyperplane_gauss,38967,32,0.30176368043757973,0.01835399279370904,2,real,sudden,0,0.372134355455637,0.739760472625494,False,high,abrupt,real/sudden/K=2/high/abrupt/partial/imbalanced/noisy,0.0,-0.0
scn-3eefd6f702b0,1045477940,PageHinkley-up,0.7811257144362209,0.14352801999984877,0,2.0,2.0,2.0,0.0,0.0,0.0,1.0,1.0,1.0,0.0,339.5,339.5,inf,33967.0,inf,100.05007363770251,0.0,33967.0,hyperplane_gauss,38967,32,0.30176368043757973,0.01835399279370904,2,real,sudden,0,0.372134355455637,0.739760472625494,False,high,abrupt,real/sudden/K=2/high/abrupt/partial/imbalanced/noisy,0.0,-0.0
scn-3eefd6f702b0,1045477940,DDM,0.7811257144362209,0.12483963500017126,0,2.0,3.0,2.0,0.0,0.0,1.0,0.6666666666666666,1.0,0.8,0.0,767.0,767.0,inf,33967.0,inf,44.285528031290745,0.0,33967.0,hyperplane_gauss,38967,32,0.30176368043757973,0.01835399279370904,2,real,sudden,0,0.372134355455637,0.739760472625494,False,high,abrupt,real/sudden/K=2/high/abrupt/partial/imbalanced/noisy,0.0,-0.0
scn-3eefd6f702b0,1045477940,EDDM,0.7811257144362209,0.10278304799976468,0,2.0,38.0,1.0,1.0,32.0,5.0,0.02631578947368421,0.5,0.05,0.5,801.0,801.0,1061.46875,1061.46875,0.6625897315855181,0.6625897315855181,0.9420908528866253,33967.0,hyperplane_gauss,38967,32,0.30176368043757973,0.01835399279370904,2,real,sudden,0,0.372134355455637,0.739760472625494,False,high,abrupt,real/sudden/K=2/high/abrupt/partial/imbalanced/noisy,0.0,-0.0
scn-3eefd6f702b0,1045477940,HDDM_A,0.7811257144362209,0.22809041600021374,0,2.0,2.0,2.0,0.0,0.0,0.0,1.0,1.0,1.0,0.0,382.5,382.5,inf,33967.0,inf,88.80261437908497,0.0,33967.0,hyperplane_gauss,38967,32,0.30176368043757973,0.01835399279370904,2,real,sudden,0,0.372134355455637,0.739760472625494,False,high,abrupt,real/sudden/K=2/high/abrupt/partial/imbalanced/noisy,0.0,-0.0
scn-3eefd6f702b0,1045477940,HDDM_W,0.7811257144362209,0.21534860199972172,0,2.0,10.0,2.0,0.0,6.0,2.0,0.2,1.0,0.33333333333333337,0.0,110.5,110.5,5661.166666666667,5661.166666666667,51.23227752639518,51.23227752639518,0.17664203491624222,33967.0,hyperplane_gauss,38967,32,0.30176368043757973,0.01835399279370904,2,real,sudden,0,0.372134355455637,0.739760472625494,False,high,abrupt,real/sudden/K=2/high/abrupt/partial/imbalanced/noisy,0.0,-0.0
scn-3eefd6f702b0,1045477940,FHDDM,0.7811257144362209,0.11024308700007168,0,2.0,3.0,2.0,0.0,1.0,0.0,0.6666666666666666,1.0,0.8,0.0,117.5,117.5,33967.0,33967.0,289.0808510638298,289.0808510638298,0.02944033915270704,33967.0,hyperplane_gauss,38967,32,0.30176368043757973,0.01835399279370904,2,real,sudden,0,0.372134355455637,0.739760472625494,False,high,abrupt,real/sudden/K=2/high/abrupt/partial/imbalanced/noisy,0.0,-0.0
scn-3eefd6f702b0,1045477940,NoDrift,0.7811257144362209,0.08796663299972352,0,2.0,0.0,0.0,2.0,0.0,0.0,,0.0,0.0,1.0,,,inf,33967.0,,,0.0,33967.0,hyperplane_gauss,38967,32,0.30176368043757973,0.01835399279370904,2,real,sudden,0,0.372134355455637,0.739760472625494,False,high,abrupt,real/sudden/K=2/high/abrupt/partial/imbalanced/noisy,0.0,-0.0
scn-3eefd6f702b0,1045477940,Periodic(2000),0.7811257144362209,0.09125090999987151,0,2.0,18.0,2.0,0.0,16.0,0.0,0.1111111111111111,1.0,0.19999999999999998,0.0,1017.0,1017.0,2122.9375,2122.9375,2.0874508357915436,2.0874508357915436,0.47104542644331265,33967.0,hyperplane_gauss,38967,32,0.30176368043757973,0.01835399279370904,2,real,sudden,0,0.372134355455637,0.739760472625494,False,high,abrupt,real/sudden/K=2/high/abrupt/partial/imbalanced/noisy,0.0,-0.0
scn-3eefd6f702b0,1045477940,Oracle,0.7811257144362209,0.0934892199998103,0,2.0,2.0,2.0,0.0,0.0,0.0,1.0,1.0,1.0,0.0,1.0,1.0,inf,33967.0,inf,33967.0,0.0,33967.0,hyperplane_gauss,38967,32,0.30176368043757973,0.01835399279370904,2,real,sudden,0,0.372134355455637,0.739760472625494,False,high,abrupt,real/sudden/K=2/high/abrupt/partial/imbalanced/noisy,0.0,-0.0
scn-3eefd6f702b0,1045477941,ADWIN,0.7831274527879474,0.10515316300006816,0,2.0,5.0,2.0,0.0,3.0,0.0,0.4,1.0,0.5714285714285715,0.0,81.0,81.0,11322.333333333334,11322.333333333334,139.78189300411523,139.78189300411523,0.08832101745812111,33967.0,hyperplane_gauss,38967,32,0.30176368043757973,0.01835399279370904,2,real,sudden,0,0.372134355455637,0.739760472625494,False,high,abrupt,real/sudden/K=2/high/abrupt/partial/imbalanced/noisy,0.0,-0.0
scn-3eefd6f702b0,1045477941,PageHinkley,0.7831274527879474,0.10857947500016962,0,2.0,7.0,2.0,0.0,5.0,0.0,0.2857142857142857,1.0,0.4444444444444445,0.0,156.0,156.0,6793.4,6793.4,43.547435897435896,43.547435897435896,0.1472016957635352,33967.0,hyperplane_gauss,38967,32,0.30176368043757973,0.01835399279370904,2,real,sudden,0,0.372134355455637,0.739760472625494,False,high,abrupt,real/sudden/K=2/high/abrupt/partial/imbalanced/noisy,0.0,-0.0
scn-3eefd6f702b0,1045477941,PageHinkley-up,0.7831274527879474,0.10901710500002082,0,2.0,2.0,2.0,0.0,0.0,0.0,1.0,1.0,1.0,0.0,159.5,159.5,inf,33967.0,inf,212.95924764890282,0.0,33967.0,hyperplane_gauss,38967,32,0.30176368043757973,0.01835399279370904,2,real,sudden,0,0.372134355455637,0.739760472625494,False,high,abrupt,real/sudden/K=2/high/abrupt/partial/imbalanced/noisy,0.0,-0.0
scn-3eefd6f702b0,1045477941,DDM,0.7831274527879474,0.10833184300008725,0,2.0,4.0,1.0,1.0,2.0,1.0,0.25,0.5,0.3333333333333333,0.5,706.0,706.0,16983.5,16983.5,12.027974504249292,12.027974504249292,0.05888067830541408,33967.0,hyperplane_gauss,38967,32,0.30176368043757973,0.01835399279370904,2,real,sudden,0,0.372134355455637,0.739760472625494,False,high,abrupt,real/sudden/K=2/high/abrupt/partial/imbalanced/noisy,0.0,-0.0
scn-3eefd6f702b0,1045477941,EDDM,0.7831274527879474,0.12379296399967643,0,2.0,23.0,1.0,1.0,16.0,6.0,0.043478260869565216,0.5,0.08,0.5,26.0,26.0,2122.9375,2122.9375,40.82572115384615,40.82572115384615,0.47104542644331265,33967.0,hyperplane_gauss,38967,32,0.30176368043757973,0.01835399279370904,2,real,sudden,0,0.372134355455637,0.739760472625494,False,high,abrupt,real/sudden/K=2/high/abrupt/partial/imbalanced/noisy,0.0,-0.0
scn-3eefd6f702b0,1045477941,HDDM_A,0.7831274527879474,0.23642608099999052,0,2.0,2.0,2.0,0.0,0.0,0.0,1.0,1.0,1.0,0.0,63.5,63.5,inf,33967.0,inf,534.9133858267717,0.0,33967.0,hyperplane_gauss,38967,32,0.30176368043757973,0.01835399279370904,2,real,sudden,0,0.372134355455637,0.739760472625494,False,high,abrupt,real/sudden/K=2/high/abrupt/partial/imbalanced/noisy,0.0,-0.0
scn-3eefd6f702b0,1045477941,HDDM_W,0.7831274527879474,0.1964258820003124,0,2.0,6.0,2.0,0.0,3.0,1.0,0.3333333333333333,1.0,0.5,0.0,41.0,41.0,11322.333333333334,11322.333333333334,276.1544715447155,276.1544715447155,0.08832101745812111,33967.0,hyperplane_gauss,38967,32,0.30176368043757973,0.01835399279370904,2,real,sudden,0,0.372134355455637,0.739760472625494,False,high,abrupt,real/sudden/K=2/high/abrupt/partial/imbalanced/noisy,0.0,-0.0
scn-3eefd6f702b0,1045477941,FHDDM,0.7831274527879474,0.103268190000108,0,2.0,2.0,2.0,0.0,0.0,0.0,1.0,1.0,1.0,0.0,56.5,56.5,inf,33967.0,inf,601.1858407079646,0.0,33967.0,hyperplane_gauss,38967,32,0.30176368043757973,0.01835399279370904,2,real,sudden,0,0.372134355455637,0.739760472625494,False,high,abrupt,real/sudden/K=2/high/abrupt/partial/imbalanced/noisy,0.0,-0.0
scn-3eefd6f702b0,1045477941,NoDrift,0.7831274527879474,0.0923413570003504,0,2.0,0.0,0.0,2.0,0.0,0.0,,0.0,0.0,1.0,,,inf,33967.0,,,0.0,33967.0,hyperplane_gauss,38967,32,0.30176368043757973,0.01835399279370904,2,real,sudden,0,0.372134355455637,0.739760472625494,False,high,abrupt,real/sudden/K=2/high/abrupt/partial/imbalanced/noisy,0.0,-0.0
scn-3eefd6f702b0,1045477941,Periodic(2000),0.7831274527879474,0.09032031099968663,0,2.0,18.0,2.0,0.0,16.0,0.0,0.1111111111111111,1.0,0.19999999999999998,0.0,1017.0,1017.0,2122.9375,2122.9375,2.0874508357915436,2.0874508357915436,0.47104542644331265,33967.0,hyperplane_gauss,38967,32,0.30176368043757973,0.01835399279370904,2,real,sudden,0,0.372134355455637,0.739760472625494,False,high,abrupt,real/sudden/K=2/high/abrupt/partial/imbalanced/noisy,0.0,-0.0
scn-3eefd6f702b0,1045477941,Oracle,0.7831274527879474,0.09062696099999812,0,2.0,2.0,2.0,0.0,0.0,0.0,1.0,1.0,1.0,0.0,1.0,1.0,inf,33967.0,inf,33967.0,0.0,33967.0,hyperplane_gauss,38967,32,0.30176368043757973,0.01835399279370904,2,real,sudden,0,0.372134355455637,0.739760472625494,False,high,abrupt,real/sudden/K=2/high/abrupt/partial/imbalanced/noisy,0.0,-0.0
scn-c6e25ba22348,967499997,ADWIN,0.6993813412521653,0.016446935000203666,0,4.0,0.0,0.0,4.0,0.0,0.0,,0.0,0.0,1.0,,,inf,5357.0,,,0.0,5357.0,hyperplane_gauss,21205,5,0.11157098929397763,0.26872102953493593,4,prior,incremental,1712,0.05562847033143044,1.0,True,low,slow,prior/incremental/K=4/recurring/low/slow/n/a/imbalanced/noisy,0.0,-0.0
scn-c6e25ba22348,967499997,PageHinkley,0.6993813412521653,0.02200468599994565,0,4.0,2.0,1.0,3.0,1.0,0.0,0.5,0.25,0.3333333333333333,0.75,2659.0,2659.0,5357.0,5357.0,0.5036667920270779,0.5036667920270779,0.1866716445771887,5357.0,hyperplane_gauss,21205,5,0.11157098929397763,0.26872102953493593,4,prior,incremental,1712,0.05562847033143044,1.0,True,low,slow,prior/incremental/K=4/recurring/low/slow/n/a/imbalanced/noisy,0.0,-0.0
scn-c6e25ba22348,967499997,PageHinkley-up,0.6993813412521653,0.021716221000133373,0,4.0,1.0,0.0,4.0,1.0,0.0,0.0,0.0,0.0,1.0,,,5357.0,5357.0,,,0.1866716445771887,5357.0,hyperplane_gauss,21205,5,0.11157098929397763,0.26872102953493593,4,prior,incremental,1712,0.05562847033143044,1.0,True,low,slow,prior/incremental/K=4/recurring/low/slow/n/a/imbalanced/noisy,0.0,-0.0
scn-c6e25ba22348,967499997,DDM,0.6993813412521653,0.03750391600033254,0,4.0,0.0,0.0,4.0,0.0,0.0,,0.0,0.0,1.0,,,inf,5357.0,,,0.0,5357.0,hyperplane_gauss,21205,5,0.11157098929397763,0.26872102953493593,4,prior,incremental,1712,0.05562847033143044,1.0,True,low,slow,prior/incremental/K=4/recurring/low/slow/n/a/imbalanced/noisy,0.0,-0.0
scn-c6e25ba22348,967499997,EDDM,0.6993813412521653,0.01920506899978136,0,4.0,32.0,1.0,3.0,15.0,16.0,0.03125,0.25,0.05555555555555555,0.75,1026.0,1026.0,357.1333333333333,357.1333333333333,0.0870207927225471,0.0870207927225471,2.800074668657831,5357.0,hyperplane_gauss,21205,5,0.11157098929397763,0.26872102953493593,4,prior,incremental,1712,0.05562847033143044,1.0,True,low,slow,prior/incremental/K=4/recurring/low/slow/n/a/imbalanced/noisy,0.0,-0.0
scn-c6e25ba22348,967499997,HDDM_A,0.6993813412521653,0.05876131400009399,0,4.0,0.0,0.0,4.0,0.0,0.0,,0.0,0.0,1.0,,,inf,5357.0,,,0.0,5357.0,hyperplane_gauss,21205,5,0.11157098929397763,0.26872102953493593,4,prior,incremental,1712,0.05562847033143044,1.0,True,low,slow,prior/incremental/K=4/recurring/low/slow/n/a/imbalanced/noisy,0.0,-0.0
scn-c6e25ba22348,967499997,HDDM_W,0.6993813412521653,0.07796103999999104,0,4.0,4.0,2.0,2.0,1.0,1.0,0.5,0.5,0.5,0.5,806.5,806.5,5357.0,5357.0,3.3211407315561066,3.3211407315561066,0.1866716445771887,5357.0,hyperplane_gauss,21205,5,0.11157098929397763,0.26872102953493593,4,prior,incremental,1712,0.05562847033143044,1.0,True,low,slow,prior/incremental/K=4/recurring/low/slow/n/a/imbalanced/noisy,0.0,-0.0
scn-c6e25ba22348,967499997,FHDDM,0.6993813412521653,0.018315841000003275,0,4.0,1.0,1.0,3.0,0.0,0.0,1.0,0.25,0.4,0.75,1184.0,1184.0,inf,5357.0,inf,1.1311233108108107,0.0,5357.0,hyperplane_gauss,21205,5,0.11157098929397763,0.26872102953493593,4,prior,incremental,1712,0.05562847033143044,1.0,True,low,slow,prior/incremental/K=4/recurring/low/slow/n/a/imbalanced/noisy,0.0,-0.0
scn-c6e25ba22348,967499997,NoDrift,0.6993813412521653,0.011876239000230271,0,4.0,0.0,0.0,4.0,0.0,0.0,,0.0,0.0,1.0,,,inf,5357.0,,,0.0,5357.0,hyperplane_gauss,21205,5,0.11157098929397763,0.26872102953493593,4,prior,incremental,1712,0.05562847033143044,1.0,True,low,slow,prior/incremental/K=4/recurring/low/slow/n/a/imbalanced/noisy,0.0,-0.0
scn-c6e25ba22348,967499997,Periodic(2000),0.6993813412521653,0.012743490000048041,0,4.0,10.0,4.0,0.0,2.0,4.0,0.4,1.0,0.5714285714285715,0.0,754.0,754.0,2678.5,2678.5,3.552387267904509,3.552387267904509,0.3733432891543774,5357.0,hyperplane_gauss,21205,5,0.11157098929397763,0.26872102953493593,4,prior,incremental,1712,0.05562847033143044,1.0,True,low,slow,prior/incremental/K=4/recurring/low/slow/n/a/imbalanced/noisy,0.0,-0.0
scn-c6e25ba22348,967499997,Oracle,0.6993813412521653,0.012370946999908483,0,4.0,4.0,4.0,0.0,0.0,0.0,1.0,1.0,1.0,0.0,857.0,857.0,inf,5357.0,inf,6.250875145857643,0.0,5357.0,hyperplane_gauss,21205,5,0.11157098929397763,0.26872102953493593,4,prior,incremental,1712,0.05562847033143044,1.0,True,low,slow,prior/incremental/K=4/recurring/low/slow/n/a/imbalanced/noisy,0.0,-0.0
scn-c6e25ba22348,967499998,ADWIN,0.699678297451126,0.019122847000289767,0,4.0,0.0,0.0,4.0,0.0,0.0,,0.0,0.0,1.0,,,inf,5357.0,,,0.0,5357.0,hyperplane_gauss,21205,5,0.11157098929397763,0.26872102953493593,4,prior,incremental,1712,0.05562847033143044,1.0,True,low,slow,prior/incremental/K=4/recurring/low/slow/n/a/imbalanced/noisy,0.0,-0.0
scn-c6e25ba22348,967499998,PageHinkley,0.699678297451126,0.022636959000010393,0,4.0,3.0,2.0,2.0,0.0,1.0,0.6666666666666666,0.5,0.5714285714285715,0.5,1663.5,1663.5,inf,5357.0,inf,1.6101593026750827,0.0,5357.0,hyperplane_gauss,21205,5,0.11157098929397763,0.26872102953493593,4,prior,incremental,1712,0.05562847033143044,1.0,True,low,slow,prior/incremental/K=4/recurring/low/slow/n/a/imbalanced/noisy,0.0,-0.0
scn-c6e25ba22348,967499998,PageHinkley-up,0.699678297451126,0.021607127000152104,0,4.0,1.0,1.0,3.0,0.0,0.0,1.0,0.25,0.4,0.75,1419.0,1419.0,inf,5357.0,inf,0.9437984496124031,0.0,5357.0,hyperplane_gauss,21205,5,0.11157098929397763,0.26872102953493593,4,prior,incremental,1712,0.05562847033143044,1.0,True,low,slow,prior/incremental/K=4/recurring/low/slow/n/a/imbalanced/noisy,0.0,-0.0
scn-c6e25ba22348,967499998,DDM,0.699678297451126,0.021359685999868816,0,4.0,0.0,0.0,4.0,0.0,0.0,,0.0,0.0,1.0,,,inf,5357.0,,,0.0,5357.0,hyperplane_gauss,21205,5,0.11157098929397763,0.26872102953493593,4,prior,incremental,1712,0.05562847033143044,1.0,True,low,slow,prior/incremental/K=4/recurring/low/slow/n/a/imbalanced/noisy,0.0,-0.0
scn-c6e25ba22348,967499998,EDDM,0.699678297451126,0.019516255999860732,0,4.0,14.0,1.0,3.0,4.0,9.0,0.07142857142857142,0.25,0.11111111111111112,0.75,204.0,204.0,1339.25,1339.25,1.6412377450980393,1.6412377450980393,0.7466865783087548,5357.0,hyperplane_gauss,21205,5,0.11157098929397763,0.26872102953493593,4,prior,incremental,1712,0.05562847033143044,1.0,True,low,slow,prior/incremental/K=4/recurring/low/slow/n/a/imbalanced/noisy,0.0,-0.0
scn-c6e25ba22348,967499998,HDDM_A,0.699678297451126,0.06301228200027253,0,4.0,1.0,0.0,4.0,1.0,0.0,0.0,0.0,0.0,1.0,,,5357.0,5357.0,,,0.1866716445771887,5357.0,hyperplane_gauss,21205,5,0.11157098929397763,0.26872102953493593,4,prior,incremental,1712,0.05562847033143044,1.0,True,low,slow,prior/incremental/K=4/recurring/low/slow/n/a/imbalanced/noisy,0.0,-0.0
scn-c6e25ba22348,967499998,HDDM_W,0.699678297451126,0.07427656199979538,0,4.0,10.0,4.0,0.0,3.0,3.0,0.4,1.0,0.5714285714285715,0.0,1786.5,1741.0,1785.6666666666667,1785.6666666666667,0.9995335385763597,0.9995335385763597,0.5600149337315662,5357.0,hyperplane_gauss,21205,5,0.11157098929397763,0.26872102953493593,4,prior,incremental,1712,0.05562847033143044,1.0,True,low,slow,prior/incremental/K=4/recurring/low/slow/n/a/imbalanced/noisy,0.0,-0.0
scn-c6e25ba22348,967499998,FHDDM,0.699678297451126,0.018659459999980754,0,4.0,1.0,1.0,3.0,0.0,0.0,1.0,0.25,0.4,0.75,1905.0,1905.0,inf,5357.0,inf,0.703018372703412,0.0,5357.0,hyperplane_gauss,21205,5,0.11157098929397763,0.26872102953493593,4,prior,incremental,1712,0.05562847033143044,1.0,True,low,slow,prior/incremental/K=4/recurring/low/slow/n/a/imbalanced/noisy,0.0,-0.0
scn-c6e25ba22348,967499998,NoDrift,0.699678297451126,0.011983501000031538,0,4.0,0.0,0.0,4.0,0.0,0.0,,0.0,0.0,1.0,,,inf,5357.0,,,0.0,5357.0,hyperplane_gauss,21205,5,0.11157098929397763,0.26872102953493593,4,prior,incremental,1712,0.05562847033143044,1.0,True,low,slow,prior/incremental/K=4/recurring/low/slow/n/a/imbalanced/noisy,0.0,-0.0
scn-c6e25ba22348,967499998,Periodic(2000),0.699678297451126,0.014777257999867288,0,4.0,10.0,4.0,0.0,2.0,4.0,0.4,1.0,0.5714285714285715,0.0,754.0,754.0,2678.5,2678.5,3.552387267904509,3.552387267904509,0.3733432891543774,5357.0,hyperplane_gauss,21205,5,0.11157098929397763,0.26872102953493593,4,prior,incremental,1712,0.05562847033143044,1.0,True,low,slow,prior/incremental/K=4/recurring/low/slow/n/a/imbalanced/noisy,0.0,-0.0
scn-c6e25ba22348,967499998,Oracle,0.699678297451126,0.012577387999954226,0,4.0,4.0,4.0,0.0,0.0,0.0,1.0,1.0,1.0,0.0,857.0,857.0,inf,5357.0,inf,6.250875145857643,0.0,5357.0,hyperplane_gauss,21205,5,0.11157098929397763,0.26872102953493593,4,prior,incremental,1712,0.05562847033143044,1.0,True,low,slow,prior/incremental/K=4/recurring/low/slow/n/a/imbalanced/noisy,0.0,-0.0
scn-c6e25ba22348,967499999,ADWIN,0.700321702548874,0.016211111999837158,0,4.0,0.0,0.0,4.0,0.0,0.0,,0.0,0.0,1.0,,,inf,5357.0,,,0.0,5357.0,hyperplane_gauss,21205,5,0.11157098929397763,0.26872102953493593,4,prior,incremental,1712,0.05562847033143044,1.0,True,low,slow,prior/incremental/K=4/recurring/low/slow/n/a/imbalanced/noisy,0.0,-0.0
scn-c6e25ba22348,967499999,PageHinkley,0.700321702548874,0.03638882099994589,0,4.0,3.0,3.0,1.0,0.0,0.0,1.0,0.75,0.8571428571428571,0.25,1648.0,1646.0,inf,5357.0,inf,2.4379550970873787,0.0,5357.0,hyperplane_gauss,21205,5,0.11157098929397763,0.26872102953493593,4,prior,incremental,1712,0.05562847033143044,1.0,True,low,slow,prior/incremental/K=4/recurring/low/slow/n/a/imbalanced/noisy,0.0,-0.0
scn-c6e25ba22348,967499999,PageHinkley-up,0.700321702548874,0.024611914999695728,0,4.0,1.0,1.0,3.0,0.0,0.0,1.0,0.25,0.4,0.75,3624.0,3624.0,inf,5357.0,inf,0.3695502207505519,0.0,5357.0,hyperplane_gauss,21205,5,0.11157098929397763,0.26872102953493593,4,prior,incremental,1712,0.05562847033143044,1.0,True,low,slow,prior/incremental/K=4/recurring/low/slow/n/a/imbalanced/noisy,0.0,-0.0
scn-c6e25ba22348,967499999,DDM,0.700321702548874,0.02185249100011788,0,4.0,0.0,0.0,4.0,0.0,0.0,,0.0,0.0,1.0,,,inf,5357.0,,,0.0,5357.0,hyperplane_gauss,21205,5,0.11157098929397763,0.26872102953493593,4,prior,incremental,1712,0.05562847033143044,1.0,True,low,slow,prior/incremental/K=4/recurring/low/slow/n/a/imbalanced/noisy,0.0,-0.0
scn-c6e25ba22348,967499999,EDDM,0.700321702548874,0.01941819600006056,0,4.0,7.0,1.0,3.0,3.0,3.0,0.14285714285714285,0.25,0.18181818181818182,0.75,1203.0,1203.0,1785.6666666666667,1785.6666666666667,0.3710861734552508,0.3710861734552508,0.5600149337315662,5357.0,hyperplane_gauss,21205,5,0.11157098929397763,0.26872102953493593,4,prior,incremental,1712,0.05562847033143044,1.0,True,low,slow,prior/incremental/K=4/recurring/low/slow/n/a/imbalanced/noisy,0.0,-0.0
scn-c6e25ba22348,967499999,HDDM_A,0.700321702548874,0.05822995300013645,0,4.0,0.0,0.0,4.0,0.0,0.0,,0.0,0.0,1.0,,,inf,5357.0,,,0.0,5357.0,hyperplane_gauss,21205,5,0.11157098929397763,0.26872102953493593,4,prior,incremental,1712,0.05562847033143044,1.0,True,low,slow,prior/incremental/K=4/recurring/low/slow/n/a/imbalanced/noisy,0.0,-0.0
scn-c6e25ba22348,967499999,HDDM_W,0.700321702548874,0.07446485099990241,0,4.0,10.0,4.0,0.0,1.0,5.0,0.4,1.0,0.5714285714285715,0.0,1342.5,1150.5,5357.0,5357.0,3.990316573556797,3.990316573556797,0.1866716445771887,5357.0,hyperplane_gauss,21205,5,0.11157098929397763,0.26872102953493593,4,prior,incremental,1712,0.05562847033143044,1.0,True,low,slow,prior/incremental/K=4/recurring/low/slow/n/a/imbalanced/noisy,0.0,-0.0
scn-c6e25ba22348,967499999,FHDDM,0.700321702548874,0.01924749799991332,0,4.0,4.0,4.0,0.0,0.0,0.0,1.0,1.0,1.0,0.0,2085.0,2024.0,inf,5357.0,inf,2.569304556354916,0.0,5357.0,hyperplane_gauss,21205,5,0.11157098929397763,0.26872102953493593,4,prior,incremental,1712,0.05562847033143044,1.0,True,low,slow,prior/incremental/K=4/recurring/low/slow/n/a/imbalanced/noisy,0.0,-0.0
scn-c6e25ba22348,967499999,NoDrift,0.700321702548874,0.01183723900021505,0,4.0,0.0,0.0,4.0,0.0,0.0,,0.0,0.0,1.0,,,inf,5357.0,,,0.0,5357.0,hyperplane_gauss,21205,5,0.11157098929397763,0.26872102953493593,4,prior,incremental,1712,0.05562847033143044,1.0,True,low,slow,prior/incremental/K=4/recurring/low/slow/n/a/imbalanced/noisy,0.0,-0.0
scn-c6e25ba22348,967499999,Periodic(2000),0.700321702548874,0.012349124999673222,0,4.0,10.0,4.0,0.0,2.0,4.0,0.4,1.0,0.5714285714285715,0.0,754.0,754.0,2678.5,2678.5,3.552387267904509,3.552387267904509,0.3733432891543774,5357.0,hyperplane_gauss,21205,5,0.11157098929397763,0.26872102953493593,4,prior,incremental,1712,0.05562847033143044,1.0,True,low,slow,prior/incremental/K=4/recurring/low/slow/n/a/imbalanced/noisy,0.0,-0.0
scn-c6e25ba22348,967499999,Oracle,0.700321702548874,0.012576510999679158,0,4.0,4.0,4.0,0.0,0.0,0.0,1.0,1.0,1.0,0.0,857.0,857.0,inf,5357.0,inf,6.250875145857643,0.0,5357.0,hyperplane_gauss,21205,5,0.11157098929397763,0.26872102953493593,4,prior,incremental,1712,0.05562847033143044,1.0,True,low,slow,prior/incremental/K=4/recurring/low/slow/n/a/imbalanced/noisy,0.0,-0.0
scn-3dacfd2919e9,311620718,ADWIN,0.8763963963963964,0.014306812000086211,0,3.0,0.0,0.0,3.0,0.0,0.0,,0.0,0.0,1.0,,,inf,5100.0,,,0.0,5100.0,hyperplane_gauss,12100,12,0.42620570310391487,0.09007519148290156,3,prior,sudden,0,0.2231693063676357,1.0,True,medium,abrupt,prior/sudden/K=3/recurring/medium/abrupt/n/a/balanced/noisy,0.0,-0.0
scn-3dacfd2919e9,311620718,PageHinkley,0.8763963963963964,0.01627697200001421,0,3.0,0.0,0.0,3.0,0.0,0.0,,0.0,0.0,1.0,,,inf,5100.0,,,0.0,5100.0,hyperplane_gauss,12100,12,0.42620570310391487,0.09007519148290156,3,prior,sudden,0,0.2231693063676357,1.0,True,medium,abrupt,prior/sudden/K=3/recurring/medium/abrupt/n/a/balanced/noisy,0.0,-0.0
scn-3dacfd2919e9,311620718,PageHinkley-up,0.8763963963963964,0.01566757399996277,0,3.0,0.0,0.0,3.0,0.0,0.0,,0.0,0.0,1.0,,,inf,5100.0,,,0.0,5100.0,hyperplane_gauss,12100,12,0.42620570310391487,0.09007519148290156,3,prior,sudden,0,0.2231693063676357,1.0,True,medium,abrupt,prior/sudden/K=3/recurring/medium/abrupt/n/a/balanced/noisy,0.0,-0.0
scn-3dacfd2919e9,311620718,DDM,0.8763963963963964,0.016438223000022845,0,3.0,0.0,0.0,3.0,0.0,0.0,,0.0,0.0,1.0,,,inf,5100.0,,,0.0,5100.0,hyperplane_gauss,12100,12,0.42620570310391487,0.09007519148290156,3,prior,sudden,0,0.2231693063676357,1.0,True,medium,abrupt,prior/sudden/K=3/recurring/medium/abrupt/n/a/balanced/noisy,0.0,-0.0
scn-3dacfd2919e9,311620718,EDDM,0.8763963963963964,0.01446900100017956,0,3.0,39.0,3.0,0.0,17.0,19.0,0.07692307692307693,1.0,0.14285714285714288,0.0,63.0,77.0,300.0,300.0,4.761904761904762,4.761904761904762,3.3333333333333335,5100.0,hyperplane_gauss,12100,12,0.42620570310391487,0.09007519148290156,3,prior,sudden,0,0.2231693063676357,1.0,True,medium,abrupt,prior/sudden/K=3/recurring/medium/abrupt/n/a/balanced/noisy,0.0,-0.0
scn-3dacfd2919e9,311620718,HDDM_A,0.8763963963963964,0.046517558000232384,0,3.0,0.0,0.0,3.0,0.0,0.0,,0.0,0.0,1.0,,,inf,5100.0,,,0.0,5100.0,hyperplane_gauss,12100,12,0.42620570310391487,0.09007519148290156,3,prior,sudden,0,0.2231693063676357,1.0,True,medium,abrupt,prior/sudden/K=3/recurring/medium/abrupt/n/a/balanced/noisy,0.0,-0.0
scn-3dacfd2919e9,311620718,HDDM_W,0.8763963963963964,0.0417521009999291,0,3.0,0.0,0.0,3.0,0.0,0.0,,0.0,0.0,1.0,,,inf,5100.0,,,0.0,5100.0,hyperplane_gauss,12100,12,0.42620570310391487,0.09007519148290156,3,prior,sudden,0,0.2231693063676357,1.0,True,medium,abrupt,prior/sudden/K=3/recurring/medium/abrupt/n/a/balanced/noisy,0.0,-0.0
scn-3dacfd2919e9,311620718,FHDDM,0.8763963963963964,0.014387766000254487,0,3.0,0.0,0.0,3.0,0.0,0.0,,0.0,0.0,1.0,,,inf,5100.0,,,0.0,5100.0,hyperplane_gauss,12100,12,0.42620570310391487,0.09007519148290156,3,prior,sudden,0,0.2231693063676357,1.0,True,medium,abrupt,prior/sudden/K=3/recurring/medium/abrupt/n/a/balanced/noisy,0.0,-0.0
scn-3dacfd2919e9,311620718,NoDrift,0.8763963963963964,0.01045281899996553,0,3.0,0.0,0.0,3.0,0.0,0.0,,0.0,0.0,1.0,,,inf,5100.0,,,0.0,5100.0,hyperplane_gauss,12100,12,0.42620570310391487,0.09007519148290156,3,prior,sudden,0,0.2231693063676357,1.0,True,medium,abrupt,prior/sudden/K=3/recurring/medium/abrupt/n/a/balanced/noisy,0.0,-0.0
scn-3dacfd2919e9,311620718,Periodic(2000),0.8763963963963964,0.010670914000002085,0,3.0,5.0,3.0,0.0,2.0,0.0,0.6,1.0,0.7499999999999999,0.0,1450.0,1450.0,2550.0,2550.0,1.7586206896551724,1.7586206896551724,0.39215686274509803,5100.0,hyperplane_gauss,12100,12,0.42620570310391487,0.09007519148290156,3,prior,sudden,0,0.2231693063676357,1.0,True,medium,abrupt,prior/sudden/K=3/recurring/medium/abrupt/n/a/balanced/noisy,0.0,-0.0
scn-3dacfd2919e9,311620718,Oracle,0.8763963963963964,0.011424688999795762,0,3.0,3.0,3.0,0.0,0.0,0.0,1.0,1.0,1.0,0.0,1.0,1.0,inf,5100.0,inf,5100.0,0.0,5100.0,hyperplane_gauss,12100,12,0.42620570310391487,0.09007519148290156,3,prior,sudden,0,0.2231693063676357,1.0,True,medium,abrupt,prior/sudden/K=3/recurring/medium/abrupt/n/a/balanced/noisy,0.0,-0.0
scn-3dacfd2919e9,311620719,ADWIN,0.8741441441441441,0.013953121999747964,0,3.0,0.0,0.0,3.0,0.0,0.0,,0.0,0.0,1.0,,,inf,5100.0,,,0.0,5100.0,hyperplane_gauss,12100,12,0.42620570310391487,0.09007519148290156,3,prior,sudden,0,0.2231693063676357,1.0,True,medium,abrupt,prior/sudden/K=3/recurring/medium/abrupt/n/a/balanced/noisy,0.0,-0.0
scn-3dacfd2919e9,311620719,PageHinkley,0.8741441441441441,0.016460850000385108,0,3.0,1.0,1.0,2.0,0.0,0.0,1.0,0.3333333333333333,0.5,0.6666666666666667,1871.0,1871.0,inf,5100.0,inf,0.9086050240513093,0.0,5100.0,hyperplane_gauss,12100,12,0.42620570310391487,0.09007519148290156,3,prior,sudden,0,0.2231693063676357,1.0,True,medium,abrupt,prior/sudden/K=3/recurring/medium/abrupt/n/a/balanced/noisy,0.0,-0.0
scn-3dacfd2919e9,311620719,PageHinkley-up,0.8741441441441441,0.016078116000244336,0,3.0,1.0,1.0,2.0,0.0,0.0,1.0,0.3333333333333333,0.5,0.6666666666666667,1871.0,1871.0,inf,5100.0,inf,0.9086050240513093,0.0,5100.0,hyperplane_gauss,12100,12,0.42620570310391487,0.09007519148290156,3,prior,sudden,0,0.2231693063676357,1.0,True,medium,abrupt,prior/sudden/K=3/recurring/medium/abrupt/n/a/balanced/noisy,0.0,-0.0
scn-3dacfd2919e9,311620719,DDM,0.8741441441441441,0.01582494800004497,0,3.0,0.0,0.0,3.0,0.0,0.0,,0.0,0.0,1.0,,,inf,5100.0,,,0.0,5100.0,hyperplane_gauss,12100,12,0.42620570310391487,0.09007519148290156,3,prior,sudden,0,0.2231693063676357,1.0,True,medium,abrupt,prior/sudden/K=3/recurring/medium/abrupt/n/a/balanced/noisy,0.0,-0.0
scn-3dacfd2919e9,311620719,EDDM,0.8741441441441441,0.013459970999974757,0,3.0,0.0,0.0,3.0,0.0,0.0,,0.0,0.0,1.0,,,inf,5100.0,,,0.0,5100.0,hyperplane_gauss,12100,12,0.42620570310391487,0.09007519148290156,3,prior,sudden,0,0.2231693063676357,1.0,True,medium,abrupt,prior/sudden/K=3/recurring/medium/abrupt/n/a/balanced/noisy,0.0,-0.0
scn-3dacfd2919e9,311620719,HDDM_A,0.8741441441441441,0.04602335099980337,0,3.0,0.0,0.0,3.0,0.0,0.0,,0.0,0.0,1.0,,,inf,5100.0,,,0.0,5100.0,hyperplane_gauss,12100,12,0.42620570310391487,0.09007519148290156,3,prior,sudden,0,0.2231693063676357,1.0,True,medium,abrupt,prior/sudden/K=3/recurring/medium/abrupt/n/a/balanced/noisy,0.0,-0.0
scn-3dacfd2919e9,311620719,HDDM_W,0.8741441441441441,0.03935288499997114,0,3.0,0.0,0.0,3.0,0.0,0.0,,0.0,0.0,1.0,,,inf,5100.0,,,0.0,5100.0,hyperplane_gauss,12100,12,0.42620570310391487,0.09007519148290156,3,prior,sudden,0,0.2231693063676357,1.0,True,medium,abrupt,prior/sudden/K=3/recurring/medium/abrupt/n/a/balanced/noisy,0.0,-0.0
scn-3dacfd2919e9,311620719,FHDDM,0.8741441441441441,0.014415035000183707,0,3.0,0.0,0.0,3.0,0.0,0.0,,0.0,0.0,1.0,,,inf,5100.0,,,0.0,5100.0,hyperplane_gauss,12100,12,0.42620570310391487,0.09007519148290156,3,prior,sudden,0,0.2231693063676357,1.0,True,medium,abrupt,prior/sudden/K=3/recurring/medium/abrupt/n/a/balanced/noisy,0.0,-0.0
scn-3dacfd2919e9,311620719,NoDrift,0.8741441441441441,0.010448842000187142,0,3.0,0.0,0.0,3.0,0.0,0.0,,0.0,0.0,1.0,,,inf,5100.0,,,0.0,5100.0,hyperplane_gauss,12100,12,0.42620570310391487,0.09007519148290156,3,prior,sudden,0,0.2231693063676357,1.0,True,medium,abrupt,prior/sudden/K=3/recurring/medium/abrupt/n/a/balanced/noisy,0.0,-0.0
scn-3dacfd2919e9,311620719,Periodic(2000),0.8741441441441441,0.011123690000204078,0,3.0,5.0,3.0,0.0,2.0,0.0,0.6,1.0,0.7499999999999999,0.0,1450.0,1450.0,2550.0,2550.0,1.7586206896551724,1.7586206896551724,0.39215686274509803,5100.0,hyperplane_gauss,12100,12,0.42620570310391487,0.09007519148290156,3,prior,sudden,0,0.2231693063676357,1.0,True,medium,abrupt,prior/sudden/K=3/recurring/medium/abrupt/n/a/balanced/noisy,0.0,-0.0
scn-3dacfd2919e9,311620719,Oracle,0.8741441441441441,0.011151513000186242,0,3.0,3.0,3.0,0.0,0.0,0.0,1.0,1.0,1.0,0.0,1.0,1.0,inf,5100.0,inf,5100.0,0.0,5100.0,hyperplane_gauss,12100,12,0.42620570310391487,0.09007519148290156,3,prior,sudden,0,0.2231693063676357,1.0,True,medium,abrupt,prior/sudden/K=3/recurring/medium/abrupt/n/a/balanced/noisy,0.0,-0.0
scn-3dacfd2919e9,311620720,ADWIN,0.8662162162162163,0.013387903999955597,0,3.0,0.0,0.0,3.0,0.0,0.0,,0.0,0.0,1.0,,,inf,5100.0,,,0.0,5100.0,hyperplane_gauss,12100,12,0.42620570310391487,0.09007519148290156,3,prior,sudden,0,0.2231693063676357,1.0,True,medium,abrupt,prior/sudden/K=3/recurring/medium/abrupt/n/a/balanced/noisy,0.0,-0.0
scn-3dacfd2919e9,311620720,PageHinkley,0.8662162162162163,0.015927485000247543,0,3.0,0.0,0.0,3.0,0.0,0.0,,0.0,0.0,1.0,,,inf,5100.0,,,0.0,5100.0,hyperplane_gauss,12100,12,0.42620570310391487,0.09007519148290156,3,prior,sudden,0,0.2231693063676357,1.0,True,medium,abrupt,prior/sudden/K=3/recurring/medium/abrupt/n/a/balanced/noisy,0.0,-0.0
scn-3dacfd2919e9,311620720,PageHinkley-up,0.8662162162162163,0.015586756999709905,0,3.0,0.0,0.0,3.0,0.0,0.0,,0.0,0.0,1.0,,,inf,5100.0,,,0.0,5100.0,hyperplane_gauss,12100,12,0.42620570310391487,0.09007519148290156,3,prior,sudden,0,0.2231693063676357,1.0,True,medium,abrupt,prior/sudden/K=3/recurring/medium/abrupt/n/a/balanced/noisy,0.0,-0.0
scn-3dacfd2919e9,311620720,DDM,0.8662162162162163,0.015823086999716907,0,3.0,0.0,0.0,3.0,0.0,0.0,,0.0,0.0,1.0,,,inf,5100.0,,,0.0,5100.0,hyperplane_gauss,12100,12,0.42620570310391487,0.09007519148290156,3,prior,sudden,0,0.2231693063676357,1.0,True,medium,abrupt,prior/sudden/K=3/recurring/medium/abrupt/n/a/balanced/noisy,0.0,-0.0
scn-3dacfd2919e9,311620720,EDDM,0.8662162162162163,0.01417137599992202,0,3.0,28.0,3.0,0.0,13.0,12.0,0.10714285714285714,1.0,0.19354838709677416,0.0,117.66666666666667,90.0,392.3076923076923,392.3076923076923,3.334059707997385,3.334059707997385,2.549019607843137,5100.0,hyperplane_gauss,12100,12,0.42620570310391487,0.09007519148290156,3,prior,sudden,0,0.2231693063676357,1.0,True,medium,abrupt,prior/sudden/K=3/recurring/medium/abrupt/n/a/balanced/noisy,0.0,-0.0
scn-3dacfd2919e9,311620720,HDDM_A,0.8662162162162163,0.043224807000115106,0,3.0,0.0,0.0,3.0,0.0,0.0,,0.0,0.0,1.0,,,inf,5100.0,,,0.0,5100.0,hyperplane_gauss,12100,12,0.42620570310391487,0.09007519148290156,3,prior,sudden,0,0.2231693063676357,1.0,True,medium,abrupt,prior/sudden/K=3/recurring/medium/abrupt/n/a/balanced/noisy,0.0,-0.0
scn-3dacfd2919e9,311620720,HDDM_W,0.8662162162162163,0.03947281599994312,0,3.0,0.0,0.0,3.0,0.0,0.0,,0.0,0.0,1.0,,,inf,5100.0,,,0.0,5100.0,hyperplane_gauss,12100,12,0.42620570310391487,0.09007519148290156,3,prior,sudden,0,0.2231693063676357,1.0,True,medium,abrupt,prior/sudden/K=3/recurring/medium/abrupt/n/a/balanced/noisy,0.0,-0.0
scn-3dacfd2919e9,311620720,FHDDM,0.8662162162162163,0.014942979000352352,0,3.0,0.0,0.0,3.0,0.0,0.0,,0.0,0.0,1.0,,,inf,5100.0,,,0.0,5100.0,hyperplane_gauss,12100,12,0.42620570310391487,0.09007519148290156,3,prior,sudden,0,0.2231693063676357,1.0,True,medium,abrupt,prior/sudden/K=3/recurring/medium/abrupt/n/a/balanced/noisy,0.0,-0.0
scn-3dacfd2919e9,311620720,NoDrift,0.8662162162162163,0.011653977999685594,0,3.0,0.0,0.0,3.0,0.0,0.0,,0.0,0.0,1.0,,,inf,5100.0,,,0.0,5100.0,hyperplane_gauss,12100,12,0.42620570310391487,0.09007519148290156,3,prior,sudden,0,0.2231693063676357,1.0,True,medium,abrupt,prior/sudden/K=3/recurring/medium/abrupt/n/a/balanced/noisy,0.0,-0.0
scn-3dacfd2919e9,311620720,Periodic(2000),0.8662162162162163,0.010840570999789634,0,3.0,5.0,3.0,0.0,2.0,0.0,0.6,1.0,0.7499999999999999,0.0,1450.0,1450.0,2550.0,2550.0,1.7586206896551724,1.7586206896551724,0.39215686274509803,5100.0,hyperplane_gauss,12100,12,0.42620570310391487,0.09007519148290156,3,prior,sudden,0,0.2231693063676357,1.0,True,medium,abrupt,prior/sudden/K=3/recurring/medium/abrupt/n/a/balanced/noisy,0.0,-0.0
scn-3dacfd2919e9,311620720,Oracle,0.8662162162162163,0.0108289629997671,0,3.0,3.0,3.0,0.0,0.0,0.0,1.0,1.0,1.0,0.0,1.0,1.0,inf,5100.0,inf,5100.0,0.0,5100.0,hyperplane_gauss,12100,12,0.42620570310391487,0.09007519148290156,3,prior,sudden,0,0.2231693063676357,1.0,True,medium,abrupt,prior/sudden/K=3/recurring/medium/abrupt/n/a/balanced/noisy,0.0,-0.0
scn-1e0c96fe4e7f,1958876184,ADWIN,0.7684038326711848,0.030115931000182172,0,1.0,0.0,0.0,1.0,0.0,0.0,,0.0,0.0,1.0,,,inf,44696.0,,,0.0,44696.0,hyperplane_gauss,48069,2,0.26486338856630026,0.19480256969109178,1,virtual,incremental,373,0.38859163627028465,1.0,False,high,fast,virtual/incremental/K=1/high/fast/global/imbalanced/noisy,0.0,-0.0
scn-1e0c96fe4e7f,1958876184,PageHinkley,0.7684038326711848,0.042813531999854604,0,1.0,4.0,0.0,1.0,4.0,0.0,0.0,0.0,0.0,1.0,,,11174.0,11174.0,,,0.08949346697691068,44696.0,hyperplane_gauss,48069,2,0.26486338856630026,0.19480256969109178,1,virtual,incremental,373,0.38859163627028465,1.0,False,high,fast,virtual/incremental/K=1/high/fast/global/imbalanced/noisy,0.0,-0.0
scn-1e0c96fe4e7f,1958876184,PageHinkley-up,0.7684038326711848,0.04201061200001277,0,1.0,4.0,0.0,1.0,4.0,0.0,0.0,0.0,0.0,1.0,,,11174.0,11174.0,,,0.08949346697691068,44696.0,hyperplane_gauss,48069,2,0.26486338856630026,0.19480256969109178,1,virtual,incremental,373,0.38859163627028465,1.0,False,high,fast,virtual/incremental/K=1/high/fast/global/imbalanced/noisy,0.0,-0.0
scn-1e0c96fe4e7f,1958876184,DDM,0.7684038326711848,0.04158263399995121,0,1.0,1.0,0.0,1.0,1.0,0.0,0.0,0.0,0.0,1.0,,,44696.0,44696.0,,,0.02237336674422767,44696.0,hyperplane_gauss,48069,2,0.26486338856630026,0.19480256969109178,1,virtual,incremental,373,0.38859163627028465,1.0,False,high,fast,virtual/incremental/K=1/high/fast/global/imbalanced/noisy,0.0,-0.0
scn-1e0c96fe4e7f,1958876184,EDDM,0.7684038326711848,0.03423236299977361,0,1.0,50.0,0.0,1.0,50.0,0.0,0.0,0.0,0.0,1.0,,,893.92,893.92,,,1.1186683372113835,44696.0,hyperplane_gauss,48069,2,0.26486338856630026,0.19480256969109178,1,virtual,incremental,373,0.38859163627028465,1.0,False,high,fast,virtual/incremental/K=1/high/fast/global/imbalanced/noisy,0.0,-0.0
scn-1e0c96fe4e7f,1958876184,HDDM_A,0.7684038326711848,0.1167472740003177,0,1.0,0.0,0.0,1.0,0.0,0.0,,0.0,0.0,1.0,,,inf,44696.0,,,0.0,44696.0,hyperplane_gauss,48069,2,0.26486338856630026,0.19480256969109178,1,virtual,incremental,373,0.38859163627028465,1.0,False,high,fast,virtual/incremental/K=1/high/fast/global/imbalanced/noisy,0.0,-0.0
scn-1e0c96fe4e7f,1958876184,HDDM_W,0.7684038326711848,0.14215525999998135,0,1.0,5.0,0.0,1.0,5.0,0.0,0.0,0.0,0.0,1.0,,,8939.2,8939.2,,,0.11186683372113836,44696.0,hyperplane_gauss,48069,2,0.26486338856630026,0.19480256969109178,1,virtual,incremental,373,0.38859163627028465,1.0,False,high,fast,virtual/incremental/K=1/high/fast/global/imbalanced/noisy,0.0,-0.0
scn-1e0c96fe4e7f,1958876184,FHDDM,0.7684038326711848,0.034600590000081866,0,1.0,2.0,0.0,1.0,2.0,0.0,0.0,0.0,0.0,1.0,,,22348.0,22348.0,,,0.04474673348845534,44696.0,hyperplane_gauss,48069,2,0.26486338856630026,0.19480256969109178,1,virtual,incremental,373,0.38859163627028465,1.0,False,high,fast,virtual/incremental/K=1/high/fast/global/imbalanced/noisy,0.0,-0.0
scn-1e0c96fe4e7f,1958876184,NoDrift,0.7684038326711848,0.019671785999889835,0,1.0,0.0,0.0,1.0,0.0,0.0,,0.0,0.0,1.0,,,inf,44696.0,,,0.0,44696.0,hyperplane_gauss,48069,2,0.26486338856630026,0.19480256969109178,1,virtual,incremental,373,0.38859163627028465,1.0,False,high,fast,virtual/incremental/K=1/high/fast/global/imbalanced/noisy,0.0,-0.0
scn-1e0c96fe4e7f,1958876184,Periodic(2000),0.7684038326711848,0.02112652400001025,0,1.0,23.0,1.0,0.0,22.0,0.0,0.043478260869565216,1.0,0.08333333333333333,0.0,1652.0,1652.0,2031.6363636363637,2031.6363636363637,1.2298040942108739,1.2298040942108739,0.4922140683730088,44696.0,hyperplane_gauss,48069,2,0.26486338856630026,0.19480256969109178,1,virtual,incremental,373,0.38859163627028465,1.0,False,high,fast,virtual/incremental/K=1/high/fast/global/imbalanced/noisy,0.0,-0.0
scn-1e0c96fe4e7f,1958876184,Oracle,0.7684038326711848,0.021539559000302688,0,1.0,1.0,1.0,0.0,0.0,0.0,1.0,1.0,1.0,0.0,187.0,187.0,inf,44696.0,inf,239.01604278074868,0.0,44696.0,hyperplane_gauss,48069,2,0.26486338856630026,0.19480256969109178,1,virtual,incremental,373,0.38859163627028465,1.0,False,high,fast,virtual/incremental/K=1/high/fast/global/imbalanced/noisy,0.0,-0.0
scn-1e0c96fe4e7f,1958876185,ADWIN,0.7690836856529776,0.03068407999990086,0,1.0,0.0,0.0,1.0,0.0,0.0,,0.0,0.0,1.0,,,inf,44696.0,,,0.0,44696.0,hyperplane_gauss,48069,2,0.26486338856630026,0.19480256969109178,1,virtual,incremental,373,0.38859163627028465,1.0,False,high,fast,virtual/incremental/K=1/high/fast/global/imbalanced/noisy,0.0,-0.0
scn-1e0c96fe4e7f,1958876185,PageHinkley,0.7690836856529776,0.04346125500023845,0,1.0,1.0,0.0,1.0,1.0,0.0,0.0,0.0,0.0,1.0,,,44696.0,44696.0,,,0.02237336674422767,44696.0,hyperplane_gauss,48069,2,0.26486338856630026,0.19480256969109178,1,virtual,incremental,373,0.38859163627028465,1.0,False,high,fast,virtual/incremental/K=1/high/fast/global/imbalanced/noisy,0.0,-0.0
scn-1e0c96fe4e7f,1958876185,PageHinkley-up,0.7690836856529776,0.041606578000028094,0,1.0,1.0,0.0,1.0,1.0,0.0,0.0,0.0,0.0,1.0,,,44696.0,44696.0,,,0.02237336674422767,44696.0,hyperplane_gauss,48069,2,0.26486338856630026,0.19480256969109178,1,virtual,incremental,373,0.38859163627028465,1.0,False,high,fast,virtual/incremental/K=1/high/fast/global/imbalanced/noisy,0.0,-0.0
scn-1e0c96fe4e7f,1958876185,DDM,0.7690836856529776,0.04144277900013549,0,1.0,0.0,0.0,1.0,0.0,0.0,,0.0,0.0,1.0,,,inf,44696.0,,,0.0,44696.0,hyperplane_gauss,48069,2,0.26486338856630026,0.19480256969109178,1,virtual,incremental,373,0.38859163627028465,1.0,False,high,fast,virtual/incremental/K=1/high/fast/global/imbalanced/noisy,0.0,-0.0
scn-1e0c96fe4e7f,1958876185,EDDM,0.7690836856529776,0.034988621000138664,0,1.0,53.0,0.0,1.0,53.0,0.0,0.0,0.0,0.0,1.0,,,843.3207547169811,843.3207547169811,,,1.1857884374440666,44696.0,hyperplane_gauss,48069,2,0.26486338856630026,0.19480256969109178,1,virtual,incremental,373,0.38859163627028465,1.0,False,high,fast,virtual/incremental/K=1/high/fast/global/imbalanced/noisy,0.0,-0.0
scn-1e0c96fe4e7f,1958876185,HDDM_A,0.7690836856529776,0.12630913599969062,0,1.0,1.0,0.0,1.0,1.0,0.0,0.0,0.0,0.0,1.0,,,44696.0,44696.0,,,0.02237336674422767,44696.0,hyperplane_gauss,48069,2,0.26486338856630026,0.19480256969109178,1,virtual,incremental,373,0.38859163627028465,1.0,False,high,fast,virtual/incremental/K=1/high/fast/global/imbalanced/noisy,0.0,-0.0
scn-1e0c96fe4e7f,1958876185,HDDM_W,0.7690836856529776,0.1484366360000422,0,1.0,7.0,1.0,0.0,6.0,0.0,0.14285714285714285,1.0,0.25,0.0,381.0,381.0,7449.333333333333,7449.333333333333,19.552055993000874,19.552055993000874,0.13424020046536603,44696.0,hyperplane_gauss,48069,2,0.26486338856630026,0.19480256969109178,1,virtual,incremental,373,0.38859163627028465,1.0,False,high,fast,virtual/incremental/K=1/high/fast/global/imbalanced/noisy,0.0,-0.0
scn-1e0c96fe4e7f,1958876185,FHDDM,0.7690836856529776,0.035541687999739224,0,1.0,0.0,0.0,1.0,0.0,0.0,,0.0,0.0,1.0,,,inf,44696.0,,,0.0,44696.0,hyperplane_gauss,48069,2,0.26486338856630026,0.19480256969109178,1,virtual,incremental,373,0.38859163627028465,1.0,False,high,fast,virtual/incremental/K=1/high/fast/global/imbalanced/noisy,0.0,-0.0
scn-1e0c96fe4e7f,1958876185,NoDrift,0.7690836856529776,0.020259113000065554,0,1.0,0.0,0.0,1.0,0.0,0.0,,0.0,0.0,1.0,,,inf,44696.0,,,0.0,44696.0,hyperplane_gauss,48069,2,0.26486338856630026,0.19480256969109178,1,virtual,incremental,373,0.38859163627028465,1.0,False,high,fast,virtual/incremental/K=1/high/fast/global/imbalanced/noisy,0.0,-0.0
scn-1e0c96fe4e7f,1958876185,Periodic(2000),0.7690836856529776,0.02122769800007518,0,1.0,23.0,1.0,0.0,22.0,0.0,0.043478260869565216,1.0,0.08333333333333333,0.0,1652.0,1652.0,2031.6363636363637,2031.6363636363637,1.2298040942108739,1.2298040942108739,0.4922140683730088,44696.0,hyperplane_gauss,48069,2,0.26486338856630026,0.19480256969109178,1,virtual,incremental,373,0.38859163627028465,1.0,False,high,fast,virtual/incremental/K=1/high/fast/global/imbalanced/noisy,0.0,-0.0
scn-1e0c96fe4e7f,1958876185,Oracle,0.7690836856529776,0.021719814000334736,0,1.0,1.0,1.0,0.0,0.0,0.0,1.0,1.0,1.0,0.0,187.0,187.0,inf,44696.0,inf,239.01604278074868,0.0,44696.0,hyperplane_gauss,48069,2,0.26486338856630026,0.19480256969109178,1,virtual,incremental,373,0.38859163627028465,1.0,False,high,fast,virtual/incremental/K=1/high/fast/global/imbalanced/noisy,0.0,-0.0
scn-1e0c96fe4e7f,1958876186,ADWIN,0.7672565807644097,0.03032960600012302,0,1.0,0.0,0.0,1.0,0.0,0.0,,0.0,0.0,1.0,,,inf,44696.0,,,0.0,44696.0,hyperplane_gauss,48069,2,0.26486338856630026,0.19480256969109178,1,virtual,incremental,373,0.38859163627028465,1.0,False,high,fast,virtual/incremental/K=1/high/fast/global/imbalanced/noisy,0.0,-0.0
scn-1e0c96fe4e7f,1958876186,PageHinkley,0.7672565807644097,0.04261676200030706,0,1.0,3.0,0.0,1.0,3.0,0.0,0.0,0.0,0.0,1.0,,,14898.666666666666,14898.666666666666,,,0.06712010023268301,44696.0,hyperplane_gauss,48069,2,0.26486338856630026,0.19480256969109178,1,virtual,incremental,373,0.38859163627028465,1.0,False,high,fast,virtual/incremental/K=1/high/fast/global/imbalanced/noisy,0.0,-0.0
scn-1e0c96fe4e7f,1958876186,PageHinkley-up,0.7672565807644097,0.04219203699994978,0,1.0,2.0,0.0,1.0,2.0,0.0,0.0,0.0,0.0,1.0,,,22348.0,22348.0,,,0.04474673348845534,44696.0,hyperplane_gauss,48069,2,0.26486338856630026,0.19480256969109178,1,virtual,incremental,373,0.38859163627028465,1.0,False,high,fast,virtual/incremental/K=1/high/fast/global/imbalanced/noisy,0.0,-0.0
scn-1e0c96fe4e7f,1958876186,DDM,0.7672565807644097,0.041478630999790767,0,1.0,1.0,0.0,1.0,1.0,0.0,0.0,0.0,0.0,1.0,,,44696.0,44696.0,,,0.02237336674422767,44696.0,hyperplane_gauss,48069,2,0.26486338856630026,0.19480256969109178,1,virtual,incremental,373,0.38859163627028465,1.0,False,high,fast,virtual/incremental/K=1/high/fast/global/imbalanced/noisy,0.0,-0.0
scn-1e0c96fe4e7f,1958876186,EDDM,0.7672565807644097,0.03535743000020375,0,1.0,38.0,0.0,1.0,38.0,0.0,0.0,0.0,0.0,1.0,,,1176.2105263157894,1176.2105263157894,,,0.8501879362806515,44696.0,hyperplane_gauss,48069,2,0.26486338856630026,0.19480256969109178,1,virtual,incremental,373,0.38859163627028465,1.0,False,high,fast,virtual/incremental/K=1/high/fast/global/imbalanced/noisy,0.0,-0.0
scn-1e0c96fe4e7f,1958876186,HDDM_A,0.7672565807644097,0.12383867299968188,0,1.0,0.0,0.0,1.0,0.0,0.0,,0.0,0.0,1.0,,,inf,44696.0,,,0.0,44696.0,hyperplane_gauss,48069,2,0.26486338856630026,0.19480256969109178,1,virtual,incremental,373,0.38859163627028465,1.0,False,high,fast,virtual/incremental/K=1/high/fast/global/imbalanced/noisy,0.0,-0.0
scn-1e0c96fe4e7f,1958876186,HDDM_W,0.7672565807644097,0.14533328699963022,0,1.0,7.0,0.0,1.0,7.0,0.0,0.0,0.0,0.0,1.0,,,6385.142857142857,6385.142857142857,,,0.1566135672095937,44696.0,hyperplane_gauss,48069,2,0.26486338856630026,0.19480256969109178,1,virtual,incremental,373,0.38859163627028465,1.0,False,high,fast,virtual/incremental/K=1/high/fast/global/imbalanced/noisy,0.0,-0.0
scn-1e0c96fe4e7f,1958876186,FHDDM,0.7672565807644097,0.03609157800019602,0,1.0,2.0,0.0,1.0,2.0,0.0,0.0,0.0,0.0,1.0,,,22348.0,22348.0,,,0.04474673348845534,44696.0,hyperplane_gauss,48069,2,0.26486338856630026,0.19480256969109178,1,virtual,incremental,373,0.38859163627028465,1.0,False,high,fast,virtual/incremental/K=1/high/fast/global/imbalanced/noisy,0.0,-0.0
scn-1e0c96fe4e7f,1958876186,NoDrift,0.7672565807644097,0.020714285999929416,0,1.0,0.0,0.0,1.0,0.0,0.0,,0.0,0.0,1.0,,,inf,44696.0,,,0.0,44696.0,hyperplane_gauss,48069,2,0.26486338856630026,0.19480256969109178,1,virtual,incremental,373,0.38859163627028465,1.0,False,high,fast,virtual/incremental/K=1/high/fast/global/imbalanced/noisy,0.0,-0.0
scn-1e0c96fe4e7f,1958876186,Periodic(2000),0.7672565807644097,0.021294125000167696,0,1.0,23.0,1.0,0.0,22.0,0.0,0.043478260869565216,1.0,0.08333333333333333,0.0,1652.0,1652.0,2031.6363636363637,2031.6363636363637,1.2298040942108739,1.2298040942108739,0.4922140683730088,44696.0,hyperplane_gauss,48069,2,0.26486338856630026,0.19480256969109178,1,virtual,incremental,373,0.38859163627028465,1.0,False,high,fast,virtual/incremental/K=1/high/fast/global/imbalanced/noisy,0.0,-0.0
scn-1e0c96fe4e7f,1958876186,Oracle,0.7672565807644097,0.02178785100022651,0,1.0,1.0,1.0,0.0,0.0,0.0,1.0,1.0,1.0,0.0,187.0,187.0,inf,44696.0,inf,239.01604278074868,0.0,44696.0,hyperplane_gauss,48069,2,0.26486338856630026,0.19480256969109178,1,virtual,incremental,373,0.38859163627028465,1.0,False,high,fast,virtual/incremental/K=1/high/fast/global/imbalanced/noisy,0.0,-0.0
