scenario_id,seed,detector,accuracy,runtime_s,n_resets,n_events,n_detections,tp,fn,fp_out,fp_red,precision,recall,f1,mdr,mtd,median_delay,mtfa,mtfa_capped,mtr,mtr_capped,far,t_stable,family,n,d,pi0,eta,K,kind,form,width,magnitude,alpha,recurring,severity,speed,signature,delta_accuracy,oracle_gap
scn-f0818ee39310,681555473,ADWIN,0.7169918068855688,0.0909514830000262,0,5.0,0.0,0.0,5.0,0.0,0.0,,0.0,0.0,1.0,,,inf,35018.0,,,0.0,35018.0,hyperplane_gauss,48723,27,0.15886300713755191,0.24695917507633566,5,virtual,gradual,541,0.24731842771172521,0.6243781223893166,False,medium,fast,virtual/gradual/K=5/medium/fast/partial/imbalanced/noisy,0.0,-0.011461978500932557
scn-f0818ee39310,681555473,KSWIN,0.7076671625840789,10.293713012999888,5,5.0,5.0,0.0,5.0,5.0,0.0,0.0,0.0,0.0,1.0,,,7003.6,7003.6,,,0.1427837112342224,35018.0,hyperplane_gauss,48723,27,0.15886300713755191,0.24695917507633566,5,virtual,gradual,541,0.24731842771172521,0.6243781223893166,False,medium,fast,virtual/gradual/K=5/medium/fast/partial/imbalanced/noisy,-0.009324644301489937,-0.00213733419944262
scn-f0818ee39310,681555473,PageHinkley,0.6957022819185718,0.13834995200022604,12,5.0,12.0,3.0,2.0,7.0,2.0,0.25,0.6,0.35294117647058826,0.4,972.0,1089.0,5002.571428571428,5002.571428571428,3.0880070546737213,3.0880070546737213,0.19989719572791137,35018.0,hyperplane_gauss,48723,27,0.15886300713755191,0.24695917507633566,5,virtual,gradual,541,0.24731842771172521,0.6243781223893166,False,medium,fast,virtual/gradual/K=5/medium/fast/partial/imbalanced/noisy,-0.021289524966997098,0.00982754646606454
scn-f0818ee39310,681555473,PageHinkley-up,0.7089663265092303,0.10552885599963702,4,5.0,4.0,1.0,4.0,3.0,0.0,0.25,0.2,0.22222222222222224,0.8,269.0,269.0,11672.666666666666,11672.666666666666,8.678562577447334,8.678562577447334,0.08567022674053344,35018.0,hyperplane_gauss,48723,27,0.15886300713755191,0.24695917507633566,5,virtual,gradual,541,0.24731842771172521,0.6243781223893166,False,medium,fast,virtual/gradual/K=5/medium/fast/partial/imbalanced/noisy,-0.008025480376338545,-0.003436498124594012
scn-f0818ee39310,681555473,DDM,0.7169918068855688,0.10142580799993084,0,5.0,0.0,0.0,5.0,0.0,0.0,,0.0,0.0,1.0,,,inf,35018.0,,,0.0,35018.0,hyperplane_gauss,48723,27,0.15886300713755191,0.24695917507633566,5,virtual,gradual,541,0.24731842771172521,0.6243781223893166,False,medium,fast,virtual/gradual/K=5/medium/fast/partial/imbalanced/noisy,0.0,-0.011461978500932557
scn-f0818ee39310,681555473,EDDM,0.715064015254699,0.09905330599985973,1,5.0,1.0,0.0,5.0,1.0,0.0,0.0,0.0,0.0,1.0,,,35018.0,35018.0,,,0.02855674224684448,35018.0,hyperplane_gauss,48723,27,0.15886300713755191,0.24695917507633566,5,virtual,gradual,541,0.24731842771172521,0.6243781223893166,False,medium,fast,virtual/gradual/K=5/medium/fast/partial/imbalanced/noisy,-0.0019277916308698684,-0.009534186870062689
scn-f0818ee39310,681555473,HDDM_A,0.7169918068855688,0.1875699940001141,0,5.0,0.0,0.0,5.0,0.0,0.0,,0.0,0.0,1.0,,,inf,35018.0,,,0.0,35018.0,hyperplane_gauss,48723,27,0.15886300713755191,0.24695917507633566,5,virtual,gradual,541,0.24731842771172521,0.6243781223893166,False,medium,fast,virtual/gradual/K=5/medium/fast/partial/imbalanced/noisy,0.0,-0.011461978500932557
scn-f0818ee39310,681555473,HDDM_W,0.6938792615719883,0.2458191320001788,14,5.0,14.0,4.0,1.0,9.0,1.0,0.2857142857142857,0.8,0.4210526315789473,0.19999999999999996,1409.5,1693.0,3890.8888888888887,3890.8888888888887,2.2083796460525797,2.2083796460525797,0.25701068022160034,35018.0,hyperplane_gauss,48723,27,0.15886300713755191,0.24695917507633566,5,virtual,gradual,541,0.24731842771172521,0.6243781223893166,False,medium,fast,virtual/gradual/K=5/medium/fast/partial/imbalanced/noisy,-0.023112545313580535,0.011650566812647978
scn-f0818ee39310,681555473,FHDDM,0.7079395679232237,0.10736889000008887,5,5.0,5.0,1.0,4.0,4.0,0.0,0.2,0.2,0.20000000000000004,0.8,270.0,270.0,8754.5,8754.5,6.484814814814814,6.484814814814814,0.11422696898737791,35018.0,hyperplane_gauss,48723,27,0.15886300713755191,0.24695917507633566,5,virtual,gradual,541,0.24731842771172521,0.6243781223893166,False,medium,fast,virtual/gradual/K=5/medium/fast/partial/imbalanced/noisy,-0.009052238962345194,-0.0024097395385873632
scn-f0818ee39310,681555473,NoDrift,0.7169918068855688,0.07970457900000838,0,5.0,0.0,0.0,5.0,0.0,0.0,,0.0,0.0,1.0,,,inf,35018.0,,,0.0,35018.0,hyperplane_gauss,48723,27,0.15886300713755191,0.24695917507633566,5,virtual,gradual,541,0.24731842771172521,0.6243781223893166,False,medium,fast,virtual/gradual/K=5/medium/fast/partial/imbalanced/noisy,0.0,-0.011461978500932557
scn-f0818ee39310,681555473,Periodic(2000),0.6836535842256355,0.08332886199968925,23,5.0,23.0,5.0,0.0,16.0,2.0,0.21739130434782608,1.0,0.3571428571428571,0.0,1009.4,954.0,2188.625,2188.625,2.1682435109966316,2.1682435109966316,0.45690787594951165,35018.0,hyperplane_gauss,48723,27,0.15886300713755191,0.24695917507633566,5,virtual,gradual,541,0.24731842771172521,0.6243781223893166,False,medium,fast,virtual/gradual/K=5/medium/fast/partial/imbalanced/noisy,-0.03333822265993336,0.0218762441590008
scn-f0818ee39310,681555473,Oracle,0.7055298283846363,0.08658706599999277,5,5.0,5.0,5.0,0.0,0.0,0.0,1.0,1.0,1.0,0.0,271.0,271.0,inf,35018.0,inf,129.21771217712177,0.0,35018.0,hyperplane_gauss,48723,27,0.15886300713755191,0.24695917507633566,5,virtual,gradual,541,0.24731842771172521,0.6243781223893166,False,medium,fast,virtual/gradual/K=5/medium/fast/partial/imbalanced/noisy,-0.011461978500932557,-0.0
scn-f0818ee39310,681555474,ADWIN,0.7201558996710181,0.09052086900010181,0,5.0,0.0,0.0,5.0,0.0,0.0,,0.0,0.0,1.0,,,inf,35018.0,,,0.0,35018.0,hyperplane_gauss,48723,27,0.15886300713755191,0.24695917507633566,5,virtual,gradual,541,0.24731842771172521,0.6243781223893166,False,medium,fast,virtual/gradual/K=5/medium/fast/partial/imbalanced/noisy,0.0,-0.01194392640864983
scn-f0818ee39310,681555474,KSWIN,0.7168241728307105,10.210217273000126,2,5.0,2.0,1.0,4.0,1.0,0.0,0.5,0.2,0.28571428571428575,0.8,453.0,453.0,35018.0,35018.0,15.460485651214125,15.460485651214125,0.02855674224684448,35018.0,hyperplane_gauss,48723,27,0.15886300713755191,0.24695917507633566,5,virtual,gradual,541,0.24731842771172521,0.6243781223893166,False,medium,fast,virtual/gradual/K=5/medium/fast/partial/imbalanced/noisy,-0.0033317268403075806,-0.00861219956834225
scn-f0818ee39310,681555474,PageHinkley,0.7147287471449825,0.10644111500005238,3,5.0,3.0,1.0,4.0,2.0,0.0,0.3333333333333333,0.2,0.25,0.8,2199.0,2199.0,17509.0,17509.0,1.592451114142792,1.592451114142792,0.05711348449368896,35018.0,hyperplane_gauss,48723,27,0.15886300713755191,0.24695917507633566,5,virtual,gradual,541,0.24731842771172521,0.6243781223893166,False,medium,fast,virtual/gradual/K=5/medium/fast/partial/imbalanced/noisy,-0.00542715252603565,-0.00651677388261418
scn-f0818ee39310,681555474,PageHinkley-up,0.718647193177294,0.10296221699991293,1,5.0,1.0,0.0,5.0,1.0,0.0,0.0,0.0,0.0,1.0,,,35018.0,35018.0,,,0.02855674224684448,35018.0,hyperplane_gauss,48723,27,0.15886300713755191,0.24695917507633566,5,virtual,gradual,541,0.24731842771172521,0.6243781223893166,False,medium,fast,virtual/gradual/K=5/medium/fast/partial/imbalanced/noisy,-0.0015087064937241434,-0.010435219914925686
scn-f0818ee39310,681555474,DDM,0.7201558996710181,0.09943546599970432,0,5.0,0.0,0.0,5.0,0.0,0.0,,0.0,0.0,1.0,,,inf,35018.0,,,0.0,35018.0,hyperplane_gauss,48723,27,0.15886300713755191,0.24695917507633566,5,virtual,gradual,541,0.24731842771172521,0.6243781223893166,False,medium,fast,virtual/gradual/K=5/medium/fast/partial/imbalanced/noisy,0.0,-0.01194392640864983
scn-f0818ee39310,681555474,EDDM,0.717159440940427,0.10533775900012188,4,5.0,4.0,0.0,5.0,4.0,0.0,0.0,0.0,0.0,1.0,,,8754.5,8754.5,,,0.11422696898737791,35018.0,hyperplane_gauss,48723,27,0.15886300713755191,0.24695917507633566,5,virtual,gradual,541,0.24731842771172521,0.6243781223893166,False,medium,fast,virtual/gradual/K=5/medium/fast/partial/imbalanced/noisy,-0.0029964587305910673,-0.008947467678058763
scn-f0818ee39310,681555474,HDDM_A,0.7201558996710181,0.18063726199989105,0,5.0,0.0,0.0,5.0,0.0,0.0,,0.0,0.0,1.0,,,inf,35018.0,,,0.0,35018.0,hyperplane_gauss,48723,27,0.15886300713755191,0.24695917507633566,5,virtual,gradual,541,0.24731842771172521,0.6243781223893166,False,medium,fast,virtual/gradual/K=5/medium/fast/partial/imbalanced/noisy,0.0,-0.01194392640864983
scn-f0818ee39310,681555474,HDDM_W,0.689667455943675,0.25051654800017786,19,5.0,19.0,2.0,3.0,17.0,0.0,0.10526315789473684,0.4,0.16666666666666666,0.6,287.5,287.5,2059.8823529411766,2059.8823529411766,2.8659232736572893,2.8659232736572893,0.48546461819635617,35018.0,hyperplane_gauss,48723,27,0.15886300713755191,0.24695917507633566,5,virtual,gradual,541,0.24731842771172521,0.6243781223893166,False,medium,fast,virtual/gradual/K=5/medium/fast/partial/imbalanced/noisy,-0.030488443727343162,0.018544517318693332
scn-f0818ee39310,681555474,FHDDM,0.7056765081826373,0.10590688399997816,6,5.0,6.0,0.0,5.0,6.0,0.0,0.0,0.0,0.0,1.0,,,5836.333333333333,5836.333333333333,,,0.17134045348106688,35018.0,hyperplane_gauss,48723,27,0.15886300713755191,0.24695917507633566,5,virtual,gradual,541,0.24731842771172521,0.6243781223893166,False,medium,fast,virtual/gradual/K=5/medium/fast/partial/imbalanced/noisy,-0.014479391488380844,0.002535465079731014
scn-f0818ee39310,681555474,NoDrift,0.7201558996710181,0.07914675400024862,0,5.0,0.0,0.0,5.0,0.0,0.0,,0.0,0.0,1.0,,,inf,35018.0,,,0.0,35018.0,hyperplane_gauss,48723,27,0.15886300713755191,0.24695917507633566,5,virtual,gradual,541,0.24731842771172521,0.6243781223893166,False,medium,fast,virtual/gradual/K=5/medium/fast/partial/imbalanced/noisy,0.0,-0.01194392640864983
scn-f0818ee39310,681555474,Periodic(2000),0.6829830480062025,0.08349700100006885,23,5.0,23.0,5.0,0.0,16.0,2.0,0.21739130434782608,1.0,0.3571428571428571,0.0,1009.4,954.0,2188.625,2188.625,2.1682435109966316,2.1682435109966316,0.45690787594951165,35018.0,hyperplane_gauss,48723,27,0.15886300713755191,0.24695917507633566,5,virtual,gradual,541,0.24731842771172521,0.6243781223893166,False,medium,fast,virtual/gradual/K=5/medium/fast/partial/imbalanced/noisy,-0.037172851664815654,0.025228925256165824
scn-f0818ee39310,681555474,Oracle,0.7082119732623683,0.08937342100034584,5,5.0,5.0,5.0,0.0,0.0,0.0,1.0,1.0,1.0,0.0,271.0,271.0,inf,35018.0,inf,129.21771217712177,0.0,35018.0,hyperplane_gauss,48723,27,0.15886300713755191,0.24695917507633566,5,virtual,gradual,541,0.24731842771172521,0.6243781223893166,False,medium,fast,virtual/gradual/K=5/medium/fast/partial/imbalanced/noisy,-0.01194392640864983,-0.0
scn-f0818ee39310,681555475,ADWIN,0.7174108920227145,0.0903206949997184,0,5.0,0.0,0.0,5.0,0.0,0.0,,0.0,0.0,1.0,,,inf,35018.0,,,0.0,35018.0,hyperplane_gauss,48723,27,0.15886300713755191,0.24695917507633566,5,virtual,gradual,541,0.24731842771172521,0.6243781223893166,False,medium,fast,virtual/gradual/K=5/medium/fast/partial/imbalanced/noisy,0.0,-0.013305953104373214
scn-f0818ee39310,681555475,KSWIN,0.7095739999580915,10.02458801900002,4,5.0,4.0,1.0,4.0,3.0,0.0,0.25,0.2,0.22222222222222224,0.8,905.0,905.0,11672.666666666666,11672.666666666666,2.579594843462246,2.579594843462246,0.08567022674053344,35018.0,hyperplane_gauss,48723,27,0.15886300713755191,0.24695917507633566,5,virtual,gradual,541,0.24731842771172521,0.6243781223893166,False,medium,fast,virtual/gradual/K=5/medium/fast/partial/imbalanced/noisy,-0.007836892064623013,-0.0054690610397502
scn-f0818ee39310,681555475,PageHinkley,0.6889969197242419,0.1266301810001096,17,5.0,17.0,4.0,1.0,12.0,1.0,0.23529411764705882,0.8,0.3636363636363636,0.19999999999999996,1025.25,925.0,2918.1666666666665,2918.1666666666665,2.2770381207835486,2.2770381207835486,0.34268090696213377,35018.0,hyperplane_gauss,48723,27,0.15886300713755191,0.24695917507633566,5,virtual,gradual,541,0.24731842771172521,0.6243781223893166,False,medium,fast,virtual/gradual/K=5/medium/fast/partial/imbalanced/noisy,-0.028413972298472534,0.01510801919409932
scn-f0818ee39310,681555475,PageHinkley-up,0.7114389288183894,0.104895480000323,2,5.0,2.0,1.0,4.0,1.0,0.0,0.5,0.2,0.28571428571428575,0.8,405.0,405.0,35018.0,35018.0,17.292839506172836,17.292839506172836,0.02855674224684448,35018.0,hyperplane_gauss,48723,27,0.15886300713755191,0.24695917507633566,5,virtual,gradual,541,0.24731842771172521,0.6243781223893166,False,medium,fast,virtual/gradual/K=5/medium/fast/partial/imbalanced/noisy,-0.005971963204325026,-0.007333989900048188
scn-f0818ee39310,681555475,DDM,0.7174108920227145,0.1013903059997574,0,5.0,0.0,0.0,5.0,0.0,0.0,,0.0,0.0,1.0,,,inf,35018.0,,,0.0,35018.0,hyperplane_gauss,48723,27,0.15886300713755191,0.24695917507633566,5,virtual,gradual,541,0.24731842771172521,0.6243781223893166,False,medium,fast,virtual/gradual/K=5/medium/fast/partial/imbalanced/noisy,0.0,-0.013305953104373214
scn-f0818ee39310,681555475,EDDM,0.7128428640278273,0.12089496899989172,9,5.0,9.0,0.0,5.0,9.0,0.0,0.0,0.0,0.0,1.0,,,3890.8888888888887,3890.8888888888887,,,0.25701068022160034,35018.0,hyperplane_gauss,48723,27,0.15886300713755191,0.24695917507633566,5,virtual,gradual,541,0.24731842771172521,0.6243781223893166,False,medium,fast,virtual/gradual/K=5/medium/fast/partial/imbalanced/noisy,-0.004568027994887203,-0.008737925109486011
scn-f0818ee39310,681555475,HDDM_A,0.7174108920227145,0.18084999500024423,0,5.0,0.0,0.0,5.0,0.0,0.0,,0.0,0.0,1.0,,,inf,35018.0,,,0.0,35018.0,hyperplane_gauss,48723,27,0.15886300713755191,0.24695917507633566,5,virtual,gradual,541,0.24731842771172521,0.6243781223893166,False,medium,fast,virtual/gradual/K=5/medium/fast/partial/imbalanced/noisy,0.0,-0.013305953104373214
scn-f0818ee39310,681555475,HDDM_W,0.6905056262179662,0.24260541300009208,17,5.0,17.0,3.0,2.0,13.0,1.0,0.17647058823529413,0.6,0.2727272727272727,0.4,768.0,884.0,2693.6923076923076,2693.6923076923076,2.104447115384615,2.104447115384615,0.3712376492089782,35018.0,hyperplane_gauss,48723,27,0.15886300713755191,0.24695917507633566,5,virtual,gradual,541,0.24731842771172521,0.6243781223893166,False,medium,fast,virtual/gradual/K=5/medium/fast/partial/imbalanced/noisy,-0.02690526580474828,0.013599312700375066
scn-f0818ee39310,681555475,FHDDM,0.7069128093372169,0.10516726900004869,5,5.0,5.0,1.0,4.0,4.0,0.0,0.2,0.2,0.20000000000000004,0.8,1471.0,1471.0,8754.5,8754.5,1.1902787219578514,1.1902787219578514,0.11422696898737791,35018.0,hyperplane_gauss,48723,27,0.15886300713755191,0.24695917507633566,5,virtual,gradual,541,0.24731842771172521,0.6243781223893166,False,medium,fast,virtual/gradual/K=5/medium/fast/partial/imbalanced/noisy,-0.010498082685497567,-0.0028078704188756465
scn-f0818ee39310,681555475,NoDrift,0.7174108920227145,0.07883379300028537,0,5.0,0.0,0.0,5.0,0.0,0.0,,0.0,0.0,1.0,,,inf,35018.0,,,0.0,35018.0,hyperplane_gauss,48723,27,0.15886300713755191,0.24695917507633566,5,virtual,gradual,541,0.24731842771172521,0.6243781223893166,False,medium,fast,virtual/gradual/K=5/medium/fast/partial/imbalanced/noisy,0.0,-0.013305953104373214
scn-f0818ee39310,681555475,Periodic(2000),0.6815581585399074,0.08349145300007876,23,5.0,23.0,5.0,0.0,16.0,2.0,0.21739130434782608,1.0,0.3571428571428571,0.0,1009.4,954.0,2188.625,2188.625,2.1682435109966316,2.1682435109966316,0.45690787594951165,35018.0,hyperplane_gauss,48723,27,0.15886300713755191,0.24695917507633566,5,virtual,gradual,541,0.24731842771172521,0.6243781223893166,False,medium,fast,virtual/gradual/K=5/medium/fast/partial/imbalanced/noisy,-0.03585273348280704,0.02254678037843383
scn-f0818ee39310,681555475,Oracle,0.7041049389183412,0.08660757600000579,5,5.0,5.0,5.0,0.0,0.0,0.0,1.0,1.0,1.0,0.0,271.0,271.0,inf,35018.0,inf,129.21771217712177,0.0,35018.0,hyperplane_gauss,48723,27,0.15886300713755191,0.24695917507633566,5,virtual,gradual,541,0.24731842771172521,0.6243781223893166,False,medium,fast,virtual/gradual/K=5/medium/fast/partial/imbalanced/noisy,-0.013305953104373214,-0.0
scn-ef58e975b25e,1185068650,ADWIN,0.8750240153698366,0.025819508000040514,2,2.0,2.0,2.0,0.0,0.0,0.0,1.0,1.0,1.0,0.0,617.5,617.5,inf,4720.0,inf,7.6437246963562755,0.0,4720.0,hyperplane_gauss,11410,4,0.30631794477812946,0.06604361291974782,2,real,gradual,845,0.35212456831044137,0.5703603252768517,True,high,fast,real/gradual/K=2/recurring/high/fast/partial/imbalanced/noisy,0.0989433237271854,0.0022094140249759864
scn-ef58e975b25e,1185068650,KSWIN,0.7760806916426513,2.288744145000237,0,2.0,0.0,0.0,2.0,0.0,0.0,,0.0,0.0,1.0,,,inf,4720.0,,,0.0,4720.0,hyperplane_gauss,11410,4,0.30631794477812946,0.06604361291974782,2,real,gradual,845,0.35212456831044137,0.5703603252768517,True,high,fast,real/gradual/K=2/recurring/high/fast/partial/imbalanced/noisy,0.0,0.10115273775216138
scn-ef58e975b25e,1185068650,PageHinkley,0.8663784822286263,0.012466808000226592,5,2.0,5.0,2.0,0.0,3.0,0.0,0.4,1.0,0.5714285714285715,0.0,686.0,686.0,1573.3333333333333,1573.3333333333333,2.2934888241010687,2.2934888241010687,0.635593220338983,4720.0,hyperplane_gauss,11410,4,0.30631794477812946,0.06604361291974782,2,real,gradual,845,0.35212456831044137,0.5703603252768517,True,high,fast,real/gradual/K=2/recurring/high/fast/partial/imbalanced/noisy,0.09029779058597509,0.01085494716618629
scn-ef58e975b25e,1185068650,PageHinkley-up,0.8762728146013449,0.012013381999622652,2,2.0,2.0,2.0,0.0,0.0,0.0,1.0,1.0,1.0,0.0,637.5,637.5,inf,4720.0,inf,7.403921568627451,0.0,4720.0,hyperplane_gauss,11410,4,0.30631794477812946,0.06604361291974782,2,real,gradual,845,0.35212456831044137,0.5703603252768517,True,high,fast,real/gradual/K=2/recurring/high/fast/partial/imbalanced/noisy,0.10019212295869362,0.0009606147934677622
scn-ef58e975b25e,1185068650,DDM,0.8738712776176754,0.011952125999869168,3,2.0,3.0,2.0,0.0,1.0,0.0,0.6666666666666666,1.0,0.8,0.0,609.5,609.5,4720.0,4720.0,7.744052502050861,7.744052502050861,0.211864406779661,4720.0,hyperplane_gauss,11410,4,0.30631794477812946,0.06604361291974782,2,real,gradual,845,0.35212456831044137,0.5703603252768517,True,high,fast,real/gradual/K=2/recurring/high/fast/partial/imbalanced/noisy,0.0977905859750241,0.003362151777137279
scn-ef58e975b25e,1185068650,EDDM,0.8718539865513929,0.011234913999942364,5,2.0,5.0,2.0,0.0,1.0,2.0,0.4,1.0,0.5714285714285715,0.0,582.0,582.0,4720.0,4720.0,8.109965635738831,8.109965635738831,0.211864406779661,4720.0,hyperplane_gauss,11410,4,0.30631794477812946,0.06604361291974782,2,real,gradual,845,0.35212456831044137,0.5703603252768517,True,high,fast,real/gradual/K=2/recurring/high/fast/partial/imbalanced/noisy,0.09577329490874165,0.005379442843419735
scn-ef58e975b25e,1185068650,HDDM_A,0.8760806916426513,0.05263462699986121,2,2.0,2.0,2.0,0.0,0.0,0.0,1.0,1.0,1.0,0.0,616.5,616.5,inf,4720.0,inf,7.656123276561233,0.0,4720.0,hyperplane_gauss,11410,4,0.30631794477812946,0.06604361291974782,2,real,gradual,845,0.35212456831044137,0.5703603252768517,True,high,fast,real/gradual/K=2/recurring/high/fast/partial/imbalanced/noisy,0.10000000000000009,0.0011527377521612925
scn-ef58e975b25e,1185068650,HDDM_W,0.8720461095100864,0.0376659789999394,2,2.0,2.0,2.0,0.0,0.0,0.0,1.0,1.0,1.0,0.0,681.5,681.5,inf,4720.0,inf,6.925898752751284,0.0,4720.0,hyperplane_gauss,11410,4,0.30631794477812946,0.06604361291974782,2,real,gradual,845,0.35212456831044137,0.5703603252768517,True,high,fast,real/gradual/K=2/recurring/high/fast/partial/imbalanced/noisy,0.09596541786743518,0.005187319884726205
scn-ef58e975b25e,1185068650,FHDDM,0.8772334293948126,0.010211551999873336,2,2.0,2.0,2.0,0.0,0.0,0.0,1.0,1.0,1.0,0.0,593.5,593.5,inf,4720.0,inf,7.952822240943555,0.0,4720.0,hyperplane_gauss,11410,4,0.30631794477812946,0.06604361291974782,2,real,gradual,845,0.35212456831044137,0.5703603252768517,True,high,fast,real/gradual/K=2/recurring/high/fast/partial/imbalanced/noisy,0.10115273775216138,-0.0
scn-ef58e975b25e,1185068650,NoDrift,0.7760806916426513,0.0055804580001677095,0,2.0,0.0,0.0,2.0,0.0,0.0,,0.0,0.0,1.0,,,inf,4720.0,,,0.0,4720.0,hyperplane_gauss,11410,4,0.30631794477812946,0.06604361291974782,2,real,gradual,845,0.35212456831044137,0.5703603252768517,True,high,fast,real/gradual/K=2/recurring/high/fast/partial/imbalanced/noisy,0.0,0.10115273775216138
scn-ef58e975b25e,1185068650,Periodic(2000),0.8493756003842459,0.006617974000164395,5,2.0,5.0,2.0,0.0,2.0,1.0,0.4,1.0,0.5714285714285715,0.0,1217.5,1217.5,2360.0,2360.0,1.9383983572895278,1.9383983572895278,0.423728813559322,4720.0,hyperplane_gauss,11410,4,0.30631794477812946,0.06604361291974782,2,real,gradual,845,0.35212456831044137,0.5703603252768517,True,high,fast,real/gradual/K=2/recurring/high/fast/partial/imbalanced/noisy,0.07329490874159461,0.02785782901056677
scn-ef58e975b25e,1185068650,Oracle,0.8772334293948126,0.007057465999878332,2,2.0,2.0,2.0,0.0,0.0,0.0,1.0,1.0,1.0,0.0,423.0,423.0,inf,4720.0,inf,11.15839243498818,0.0,4720.0,hyperplane_gauss,11410,4,0.30631794477812946,0.06604361291974782,2,real,gradual,845,0.35212456831044137,0.5703603252768517,True,high,fast,real/gradual/K=2/recurring/high/fast/partial/imbalanced/noisy,0.10115273775216138,-0.0
scn-ef58e975b25e,1185068651,ADWIN,0.8536983669548511,0.009334172999842849,2,2.0,2.0,2.0,0.0,0.0,0.0,1.0,1.0,1.0,0.0,505.5,505.5,inf,4720.0,inf,9.33728981206726,0.0,4720.0,hyperplane_gauss,11410,4,0.30631794477812946,0.06604361291974782,2,real,gradual,845,0.35212456831044137,0.5703603252768517,True,high,fast,real/gradual/K=2/recurring/high/fast/partial/imbalanced/noisy,0.07752161383285305,-0.0005763688760807018
scn-ef58e975b25e,1185068651,KSWIN,0.7761767531219981,2.2428188310000223,0,2.0,0.0,0.0,2.0,0.0,0.0,,0.0,0.0,1.0,,,inf,4720.0,,,0.0,4720.0,hyperplane_gauss,11410,4,0.30631794477812946,0.06604361291974782,2,real,gradual,845,0.35212456831044137,0.5703603252768517,True,high,fast,real/gradual/K=2/recurring/high/fast/partial/imbalanced/noisy,0.0,0.07694524495677235
scn-ef58e975b25e,1185068651,PageHinkley,0.8566762728146013,0.013440457999877253,4,2.0,4.0,2.0,0.0,0.0,2.0,0.5,1.0,0.6666666666666666,0.0,622.0,622.0,inf,4720.0,inf,7.588424437299035,0.0,4720.0,hyperplane_gauss,11410,4,0.30631794477812946,0.06604361291974782,2,real,gradual,845,0.35212456831044137,0.5703603252768517,True,high,fast,real/gradual/K=2/recurring/high/fast/partial/imbalanced/noisy,0.08049951969260327,-0.00355427473583092
scn-ef58e975b25e,1185068651,PageHinkley-up,0.8569644572526417,0.011885989000347763,2,2.0,2.0,2.0,0.0,0.0,0.0,1.0,1.0,1.0,0.0,593.5,593.5,inf,4720.0,inf,7.952822240943555,0.0,4720.0,hyperplane_gauss,11410,4,0.30631794477812946,0.06604361291974782,2,real,gradual,845,0.35212456831044137,0.5703603252768517,True,high,fast,real/gradual/K=2/recurring/high/fast/partial/imbalanced/noisy,0.08078770413064362,-0.003842459173871271
scn-ef58e975b25e,1185068651,DDM,0.8560999039385206,0.011505911000313063,2,2.0,2.0,2.0,0.0,0.0,0.0,1.0,1.0,1.0,0.0,563.0,563.0,inf,4720.0,inf,8.383658969804618,0.0,4720.0,hyperplane_gauss,11410,4,0.30631794477812946,0.06604361291974782,2,real,gradual,845,0.35212456831044137,0.5703603252768517,True,high,fast,real/gradual/K=2/recurring/high/fast/partial/imbalanced/noisy,0.07992315081652257,-0.0029779058597502184
scn-ef58e975b25e,1185068651,EDDM,0.8552353506243996,0.012364166000224941,6,2.0,6.0,2.0,0.0,2.0,2.0,0.3333333333333333,1.0,0.5,0.0,505.5,505.5,2360.0,2360.0,4.66864490603363,4.66864490603363,0.423728813559322,4720.0,hyperplane_gauss,11410,4,0.30631794477812946,0.06604361291974782,2,real,gradual,845,0.35212456831044137,0.5703603252768517,True,high,fast,real/gradual/K=2/recurring/high/fast/partial/imbalanced/noisy,0.07905859750240152,-0.0021133525456291657
scn-ef58e975b25e,1185068651,HDDM_A,0.8549471661863592,0.04797893100021611,2,2.0,2.0,2.0,0.0,0.0,0.0,1.0,1.0,1.0,0.0,566.0,566.0,inf,4720.0,inf,8.33922261484099,0.0,4720.0,hyperplane_gauss,11410,4,0.30631794477812946,0.06604361291974782,2,real,gradual,845,0.35212456831044137,0.5703603252768517,True,high,fast,real/gradual/K=2/recurring/high/fast/partial/imbalanced/noisy,0.07877041306436117,-0.0018251681075888149
scn-ef58e975b25e,1185068651,HDDM_W,0.8548511047070125,0.04250551599989194,2,2.0,2.0,2.0,0.0,0.0,0.0,1.0,1.0,1.0,0.0,638.5,638.5,inf,4720.0,inf,7.3923257635082225,0.0,4720.0,hyperplane_gauss,11410,4,0.30631794477812946,0.06604361291974782,2,real,gradual,845,0.35212456831044137,0.5703603252768517,True,high,fast,real/gradual/K=2/recurring/high/fast/partial/imbalanced/noisy,0.07867435158501446,-0.0017291066282421053
scn-ef58e975b25e,1185068651,FHDDM,0.8536983669548511,0.01043126599961397,2,2.0,2.0,2.0,0.0,0.0,0.0,1.0,1.0,1.0,0.0,501.5,501.5,inf,4720.0,inf,9.411764705882353,0.0,4720.0,hyperplane_gauss,11410,4,0.30631794477812946,0.06604361291974782,2,real,gradual,845,0.35212456831044137,0.5703603252768517,True,high,fast,real/gradual/K=2/recurring/high/fast/partial/imbalanced/noisy,0.07752161383285305,-0.0005763688760807018
scn-ef58e975b25e,1185068651,NoDrift,0.7761767531219981,0.005651598999975249,0,2.0,0.0,0.0,2.0,0.0,0.0,,0.0,0.0,1.0,,,inf,4720.0,,,0.0,4720.0,hyperplane_gauss,11410,4,0.30631794477812946,0.06604361291974782,2,real,gradual,845,0.35212456831044137,0.5703603252768517,True,high,fast,real/gradual/K=2/recurring/high/fast/partial/imbalanced/noisy,0.0,0.07694524495677235
scn-ef58e975b25e,1185068651,Periodic(2000),0.8481268011527378,0.006794858000375825,5,2.0,5.0,2.0,0.0,2.0,1.0,0.4,1.0,0.5714285714285715,0.0,1217.5,1217.5,2360.0,2360.0,1.9383983572895278,1.9383983572895278,0.423728813559322,4720.0,hyperplane_gauss,11410,4,0.30631794477812946,0.06604361291974782,2,real,gradual,845,0.35212456831044137,0.5703603252768517,True,high,fast,real/gradual/K=2/recurring/high/fast/partial/imbalanced/noisy,0.07195004803073968,0.0049951969260326745
scn-ef58e975b25e,1185068651,Oracle,0.8531219980787704,0.007197684999937337,2,2.0,2.0,2.0,0.0,0.0,0.0,1.0,1.0,1.0,0.0,423.0,423.0,inf,4720.0,inf,11.15839243498818,0.0,4720.0,hyperplane_gauss,11410,4,0.30631794477812946,0.06604361291974782,2,real,gradual,845,0.35212456831044137,0.5703603252768517,True,high,fast,real/gradual/K=2/recurring/high/fast/partial/imbalanced/noisy,0.07694524495677235,-0.0
scn-ef58e975b25e,1185068652,ADWIN,0.8635926993275697,0.00945842500004801,3,2.0,3.0,2.0,0.0,1.0,0.0,0.6666666666666666,1.0,0.8,0.0,729.5,729.5,4720.0,4720.0,6.470185058259082,6.470185058259082,0.211864406779661,4720.0,hyperplane_gauss,11410,4,0.30631794477812946,0.06604361291974782,2,real,gradual,845,0.35212456831044137,0.5703603252768517,True,high,fast,real/gradual/K=2/recurring/high/fast/partial/imbalanced/noisy,0.08040345821325645,0.005571565802113376
scn-ef58e975b25e,1185068652,KSWIN,0.796445725264169,2.1457115419998445,1,2.0,1.0,1.0,1.0,0.0,0.0,1.0,0.5,0.6666666666666666,0.5,2511.0,2511.0,inf,4720.0,inf,0.9398645957785743,0.0,4720.0,hyperplane_gauss,11410,4,0.30631794477812946,0.06604361291974782,2,real,gradual,845,0.35212456831044137,0.5703603252768517,True,high,fast,real/gradual/K=2/recurring/high/fast/partial/imbalanced/noisy,0.013256484149855807,0.07271853986551402
scn-ef58e975b25e,1185068652,PageHinkley,0.8680115273775216,0.012046019000081287,3,2.0,3.0,2.0,0.0,0.0,1.0,0.6666666666666666,1.0,0.8,0.0,611.5,611.5,inf,4720.0,inf,7.718724448078495,0.0,4720.0,hyperplane_gauss,11410,4,0.30631794477812946,0.06604361291974782,2,real,gradual,845,0.35212456831044137,0.5703603252768517,True,high,fast,real/gradual/K=2/recurring/high/fast/partial/imbalanced/noisy,0.08482228626320842,0.0011527377521614035
scn-ef58e975b25e,1185068652,PageHinkley-up,0.8694524495677234,0.011571226999876671,2,2.0,2.0,2.0,0.0,0.0,0.0,1.0,1.0,1.0,0.0,611.5,611.5,inf,4720.0,inf,7.718724448078495,0.0,4720.0,hyperplane_gauss,11410,4,0.30631794477812946,0.06604361291974782,2,real,gradual,845,0.35212456831044137,0.5703603252768517,True,high,fast,real/gradual/K=2/recurring/high/fast/partial/imbalanced/noisy,0.08626320845341018,-0.0002881844380403509
scn-ef58e975b25e,1185068652,DDM,0.8689721421709894,0.011507139000059396,3,2.0,3.0,2.0,0.0,1.0,0.0,0.6666666666666666,1.0,0.8,0.0,530.0,530.0,4720.0,4720.0,8.90566037735849,8.90566037735849,0.211864406779661,4720.0,hyperplane_gauss,11410,4,0.30631794477812946,0.06604361291974782,2,real,gradual,845,0.35212456831044137,0.5703603252768517,True,high,fast,real/gradual/K=2/recurring/high/fast/partial/imbalanced/noisy,0.08578290105667619,0.00019212295869364127
scn-ef58e975b25e,1185068652,EDDM,0.8639769452449567,0.013466460000017832,8,2.0,8.0,2.0,0.0,2.0,4.0,0.25,1.0,0.4,0.0,500.0,500.0,2360.0,2360.0,4.72,4.72,0.423728813559322,4720.0,hyperplane_gauss,11410,4,0.30631794477812946,0.06604361291974782,2,real,gradual,845,0.35212456831044137,0.5703603252768517,True,high,fast,real/gradual/K=2/recurring/high/fast/partial/imbalanced/noisy,0.08078770413064351,0.005187319884726316
scn-ef58e975b25e,1185068652,HDDM_A,0.8693563880883766,0.04893619599988597,2,2.0,2.0,2.0,0.0,0.0,0.0,1.0,1.0,1.0,0.0,567.0,567.0,inf,4720.0,inf,8.324514991181658,0.0,4720.0,hyperplane_gauss,11410,4,0.30631794477812946,0.06604361291974782,2,real,gradual,845,0.35212456831044137,0.5703603252768517,True,high,fast,real/gradual/K=2/recurring/high/fast/partial/imbalanced/noisy,0.08616714697406336,-0.00019212295869353024
scn-ef58e975b25e,1185068652,HDDM_W,0.8652257444764649,0.03646693799964851,2,2.0,2.0,2.0,0.0,0.0,0.0,1.0,1.0,1.0,0.0,791.0,791.0,inf,4720.0,inf,5.967130214917826,0.0,4720.0,hyperplane_gauss,11410,4,0.30631794477812946,0.06604361291974782,2,real,gradual,845,0.35212456831044137,0.5703603252768517,True,high,fast,real/gradual/K=2/recurring/high/fast/partial/imbalanced/noisy,0.08203650336215174,0.003938520653218092
scn-ef58e975b25e,1185068652,FHDDM,0.8681075888568685,0.010140032999970572,2,2.0,2.0,2.0,0.0,0.0,0.0,1.0,1.0,1.0,0.0,607.5,607.5,inf,4720.0,inf,7.769547325102881,0.0,4720.0,hyperplane_gauss,11410,4,0.30631794477812946,0.06604361291974782,2,real,gradual,845,0.35212456831044137,0.5703603252768517,True,high,fast,real/gradual/K=2/recurring/high/fast/partial/imbalanced/noisy,0.08491834774255524,0.0010566762728145829
scn-ef58e975b25e,1185068652,NoDrift,0.7831892411143132,0.005699119999917457,0,2.0,0.0,0.0,2.0,0.0,0.0,,0.0,0.0,1.0,,,inf,4720.0,,,0.0,4720.0,hyperplane_gauss,11410,4,0.30631794477812946,0.06604361291974782,2,real,gradual,845,0.35212456831044137,0.5703603252768517,True,high,fast,real/gradual/K=2/recurring/high/fast/partial/imbalanced/noisy,0.0,0.08597502401536983
scn-ef58e975b25e,1185068652,Periodic(2000),0.8518731988472622,0.006481107999661617,5,2.0,5.0,2.0,0.0,2.0,1.0,0.4,1.0,0.5714285714285715,0.0,1217.5,1217.5,2360.0,2360.0,1.9383983572895278,1.9383983572895278,0.423728813559322,4720.0,hyperplane_gauss,11410,4,0.30631794477812946,0.06604361291974782,2,real,gradual,845,0.35212456831044137,0.5703603252768517,True,high,fast,real/gradual/K=2/recurring/high/fast/partial/imbalanced/noisy,0.068683957732949,0.01729106628242083
scn-ef58e975b25e,1185068652,Oracle,0.869164265129683,0.00690344999975423,2,2.0,2.0,2.0,0.0,0.0,0.0,1.0,1.0,1.0,0.0,423.0,423.0,inf,4720.0,inf,11.15839243498818,0.0,4720.0,hyperplane_gauss,11410,4,0.30631794477812946,0.06604361291974782,2,real,gradual,845,0.35212456831044137,0.5703603252768517,True,high,fast,real/gradual/K=2/recurring/high/fast/partial/imbalanced/noisy,0.08597502401536983,-0.0
scn-eab9ac782338,771769208,ADWIN,0.781323394261207,0.0350218080002378,0,1.0,0.0,0.0,1.0,0.0,0.0,,0.0,0.0,1.0,,,inf,17586.0,,,0.0,17586.0,hyperplane_gauss,20586,14,0.22723008417524398,0.17084331046789883,1,virtual,sudden,0,0.34749491199851035,0.42702200114727024,False,high,abrupt,virtual/sudden/K=1/high/abrupt/partial/imbalanced/noisy,0.0,-0.006331052792811209
scn-eab9ac782338,771769208,KSWIN,0.781323394261207,4.3339840730000105,0,1.0,0.0,0.0,1.0,0.0,0.0,,0.0,0.0,1.0,,,inf,17586.0,,,0.0,17586.0,hyperplane_gauss,20586,14,0.22723008417524398,0.17084331046789883,1,virtual,sudden,0,0.34749491199851035,0.42702200114727024,False,high,abrupt,virtual/sudden/K=1/high/abrupt/partial/imbalanced/noisy,0.0,-0.006331052792811209
scn-eab9ac782338,771769208,PageHinkley,0.7626365771469417,0.036967994999940856,8,1.0,8.0,1.0,0.0,6.0,1.0,0.125,1.0,0.2222222222222222,0.0,920.0,920.0,2931.0,2931.0,3.1858695652173914,3.1858695652173914,0.34118048447628796,17586.0,hyperplane_gauss,20586,14,0.22723008417524398,0.17084331046789883,1,virtual,sudden,0,0.34749491199851035,0.42702200114727024,False,high,abrupt,virtual/sudden/K=1/high/abrupt/partial/imbalanced/noisy,-0.01868681711426534,0.012355764321454132
scn-eab9ac782338,771769208,PageHinkley-up,0.7742264883079751,0.030545298000106413,1,1.0,1.0,1.0,0.0,0.0,0.0,1.0,1.0,1.0,0.0,469.0,469.0,inf,17586.0,inf,37.49680170575693,0.0,17586.0,hyperplane_gauss,20586,14,0.22723008417524398,0.17084331046789883,1,virtual,sudden,0,0.34749491199851035,0.42702200114727024,False,high,abrupt,virtual/sudden/K=1/high/abrupt/partial/imbalanced/noisy,-0.007096905953231869,0.0007658531604206598
scn-eab9ac782338,771769208,DDM,0.7811702236291228,0.02985600300007718,1,1.0,1.0,0.0,1.0,1.0,0.0,0.0,0.0,0.0,1.0,,,17586.0,17586.0,,,0.05686341407938133,17586.0,hyperplane_gauss,20586,14,0.22723008417524398,0.17084331046789883,1,virtual,sudden,0,0.34749491199851035,0.42702200114727024,False,high,abrupt,virtual/sudden/K=1/high/abrupt/partial/imbalanced/noisy,-0.00015317063208419857,-0.006177882160727011
scn-eab9ac782338,771769208,EDDM,0.7784131522516083,0.034607598000093276,6,1.0,6.0,0.0,1.0,6.0,0.0,0.0,0.0,0.0,1.0,,,2931.0,2931.0,,,0.34118048447628796,17586.0,hyperplane_gauss,20586,14,0.22723008417524398,0.17084331046789883,1,virtual,sudden,0,0.34749491199851035,0.42702200114727024,False,high,abrupt,virtual/sudden/K=1/high/abrupt/partial/imbalanced/noisy,-0.0029102420095986625,-0.0034208107832125467
scn-eab9ac782338,771769208,HDDM_A,0.781323394261207,0.06674578199999814,0,1.0,0.0,0.0,1.0,0.0,0.0,,0.0,0.0,1.0,,,inf,17586.0,,,0.0,17586.0,hyperplane_gauss,20586,14,0.22723008417524398,0.17084331046789883,1,virtual,sudden,0,0.34749491199851035,0.42702200114727024,False,high,abrupt,virtual/sudden/K=1/high/abrupt/partial/imbalanced/noisy,0.0,-0.006331052792811209
scn-eab9ac782338,771769208,HDDM_W,0.775962422138262,0.07552373099997567,2,1.0,2.0,0.0,1.0,2.0,0.0,0.0,0.0,0.0,1.0,,,8793.0,8793.0,,,0.11372682815876266,17586.0,hyperplane_gauss,20586,14,0.22723008417524398,0.17084331046789883,1,virtual,sudden,0,0.34749491199851035,0.42702200114727024,False,high,abrupt,virtual/sudden/K=1/high/abrupt/partial/imbalanced/noisy,-0.005360972122944951,-0.0009700806698662578
scn-eab9ac782338,771769208,FHDDM,0.781323394261207,0.026859779999995226,0,1.0,0.0,0.0,1.0,0.0,0.0,,0.0,0.0,1.0,,,inf,17586.0,,,0.0,17586.0,hyperplane_gauss,20586,14,0.22723008417524398,0.17084331046789883,1,virtual,sudden,0,0.34749491199851035,0.42702200114727024,False,high,abrupt,virtual/sudden/K=1/high/abrupt/partial/imbalanced/noisy,0.0,-0.006331052792811209
scn-eab9ac782338,771769208,NoDrift,0.781323394261207,0.019462008999653335,0,1.0,0.0,0.0,1.0,0.0,0.0,,0.0,0.0,1.0,,,inf,17586.0,,,0.0,17586.0,hyperplane_gauss,20586,14,0.22723008417524398,0.17084331046789883,1,virtual,sudden,0,0.34749491199851035,0.42702200114727024,False,high,abrupt,virtual/sudden/K=1/high/abrupt/partial/imbalanced/noisy,0.0,-0.006331052792811209
scn-eab9ac782338,771769208,Periodic(2000),0.756101296844685,0.020861916999820096,9,1.0,9.0,1.0,0.0,8.0,0.0,0.1111111111111111,1.0,0.19999999999999998,0.0,1207.0,1207.0,2198.25,2198.25,1.8212510356255178,1.8212510356255178,0.45490731263505063,17586.0,hyperplane_gauss,20586,14,0.22723008417524398,0.17084331046789883,1,virtual,sudden,0,0.34749491199851035,0.42702200114727024,False,high,abrupt,virtual/sudden/K=1/high/abrupt/partial/imbalanced/noisy,-0.025222097416522038,0.01889104462371083
scn-eab9ac782338,771769208,Oracle,0.7749923414683958,0.02080475499997192,1,1.0,1.0,1.0,0.0,0.0,0.0,1.0,1.0,1.0,0.0,1.0,1.0,inf,17586.0,inf,17586.0,0.0,17586.0,hyperplane_gauss,20586,14,0.22723008417524398,0.17084331046789883,1,virtual,sudden,0,0.34749491199851035,0.42702200114727024,False,high,abrupt,virtual/sudden/K=1/high/abrupt/partial/imbalanced/noisy,-0.006331052792811209,-0.0
scn-eab9ac782338,771769209,ADWIN,0.7855611150822016,0.025031217000105244,0,1.0,0.0,0.0,1.0,0.0,0.0,,0.0,0.0,1.0,,,inf,17586.0,,,0.0,17586.0,hyperplane_gauss,20586,14,0.22723008417524398,0.17084331046789883,1,virtual,sudden,0,0.34749491199851035,0.42702200114727024,False,high,abrupt,virtual/sudden/K=1/high/abrupt/partial/imbalanced/noisy,0.0,-0.0037782089247422324
scn-eab9ac782338,771769209,KSWIN,0.7855611150822016,4.136596317000112,0,1.0,0.0,0.0,1.0,0.0,0.0,,0.0,0.0,1.0,,,inf,17586.0,,,0.0,17586.0,hyperplane_gauss,20586,14,0.22723008417524398,0.17084331046789883,1,virtual,sudden,0,0.34749491199851035,0.42702200114727024,False,high,abrupt,virtual/sudden/K=1/high/abrupt/partial/imbalanced/noisy,0.0,-0.0037782089247422324
scn-eab9ac782338,771769209,PageHinkley,0.7855611150822016,0.030217607999929896,0,1.0,0.0,0.0,1.0,0.0,0.0,,0.0,0.0,1.0,,,inf,17586.0,,,0.0,17586.0,hyperplane_gauss,20586,14,0.22723008417524398,0.17084331046789883,1,virtual,sudden,0,0.34749491199851035,0.42702200114727024,False,high,abrupt,virtual/sudden/K=1/high/abrupt/partial/imbalanced/noisy,0.0,-0.0037782089247422324
scn-eab9ac782338,771769209,PageHinkley-up,0.7855611150822016,0.02901617499992426,0,1.0,0.0,0.0,1.0,0.0,0.0,,0.0,0.0,1.0,,,inf,17586.0,,,0.0,17586.0,hyperplane_gauss,20586,14,0.22723008417524398,0.17084331046789883,1,virtual,sudden,0,0.34749491199851035,0.42702200114727024,False,high,abrupt,virtual/sudden/K=1/high/abrupt/partial/imbalanced/noisy,0.0,-0.0037782089247422324
scn-eab9ac782338,771769209,DDM,0.7855611150822016,0.02875000399990313,0,1.0,0.0,0.0,1.0,0.0,0.0,,0.0,0.0,1.0,,,inf,17586.0,,,0.0,17586.0,hyperplane_gauss,20586,14,0.22723008417524398,0.17084331046789883,1,virtual,sudden,0,0.34749491199851035,0.42702200114727024,False,high,abrupt,virtual/sudden/K=1/high/abrupt/partial/imbalanced/noisy,0.0,-0.0037782089247422324
scn-eab9ac782338,771769209,EDDM,0.7799448585724497,0.03412576699975034,5,1.0,5.0,0.0,1.0,5.0,0.0,0.0,0.0,0.0,1.0,,,3517.2,3517.2,,,0.2843170703969066,17586.0,hyperplane_gauss,20586,14,0.22723008417524398,0.17084331046789883,1,virtual,sudden,0,0.34749491199851035,0.42702200114727024,False,high,abrupt,virtual/sudden/K=1/high/abrupt/partial/imbalanced/noisy,-0.005616256509751949,0.0018380475850097167
scn-eab9ac782338,771769209,HDDM_A,0.7855611150822016,0.06834666599979755,0,1.0,0.0,0.0,1.0,0.0,0.0,,0.0,0.0,1.0,,,inf,17586.0,,,0.0,17586.0,hyperplane_gauss,20586,14,0.22723008417524398,0.17084331046789883,1,virtual,sudden,0,0.34749491199851035,0.42702200114727024,False,high,abrupt,virtual/sudden/K=1/high/abrupt/partial/imbalanced/noisy,0.0,-0.0037782089247422324
scn-eab9ac782338,771769209,HDDM_W,0.7827529868273256,0.07090899900003933,1,1.0,1.0,0.0,1.0,1.0,0.0,0.0,0.0,0.0,1.0,,,17586.0,17586.0,,,0.05686341407938133,17586.0,hyperplane_gauss,20586,14,0.22723008417524398,0.17084331046789883,1,virtual,sudden,0,0.34749491199851035,0.42702200114727024,False,high,abrupt,virtual/sudden/K=1/high/abrupt/partial/imbalanced/noisy,-0.0028081282548759745,-0.0009700806698662578
scn-eab9ac782338,771769209,FHDDM,0.7855611150822016,0.0263392520000707,0,1.0,0.0,0.0,1.0,0.0,0.0,,0.0,0.0,1.0,,,inf,17586.0,,,0.0,17586.0,hyperplane_gauss,20586,14,0.22723008417524398,0.17084331046789883,1,virtual,sudden,0,0.34749491199851035,0.42702200114727024,False,high,abrupt,virtual/sudden/K=1/high/abrupt/partial/imbalanced/noisy,0.0,-0.0037782089247422324
scn-eab9ac782338,771769209,NoDrift,0.7855611150822016,0.019594506999965233,0,1.0,0.0,0.0,1.0,0.0,0.0,,0.0,0.0,1.0,,,inf,17586.0,,,0.0,17586.0,hyperplane_gauss,20586,14,0.22723008417524398,0.17084331046789883,1,virtual,sudden,0,0.34749491199851035,0.42702200114727024,False,high,abrupt,virtual/sudden/K=1/high/abrupt/partial/imbalanced/noisy,0.0,-0.0037782089247422324
scn-eab9ac782338,771769209,Periodic(2000),0.7580414581844175,0.021395857999777945,9,1.0,9.0,1.0,0.0,8.0,0.0,0.1111111111111111,1.0,0.19999999999999998,0.0,1207.0,1207.0,2198.25,2198.25,1.8212510356255178,1.8212510356255178,0.45490731263505063,17586.0,hyperplane_gauss,20586,14,0.22723008417524398,0.17084331046789883,1,virtual,sudden,0,0.34749491199851035,0.42702200114727024,False,high,abrupt,virtual/sudden/K=1/high/abrupt/partial/imbalanced/noisy,-0.02751965689778413,0.023741447973041896
scn-eab9ac782338,771769209,Oracle,0.7817829061574594,0.022049640999739495,1,1.0,1.0,1.0,0.0,0.0,0.0,1.0,1.0,1.0,0.0,1.0,1.0,inf,17586.0,inf,17586.0,0.0,17586.0,hyperplane_gauss,20586,14,0.22723008417524398,0.17084331046789883,1,virtual,sudden,0,0.34749491199851035,0.42702200114727024,False,high,abrupt,virtual/sudden/K=1/high/abrupt/partial/imbalanced/noisy,-0.0037782089247422324,-0.0
scn-eab9ac782338,771769210,ADWIN,0.778515266006331,0.02434243300012895,0,1.0,0.0,0.0,1.0,0.0,0.0,,0.0,0.0,1.0,,,inf,17586.0,,,0.0,17586.0,hyperplane_gauss,20586,14,0.22723008417524398,0.17084331046789883,1,virtual,sudden,0,0.34749491199851035,0.42702200114727024,False,high,abrupt,virtual/sudden/K=1/high/abrupt/partial/imbalanced/noisy,0.0,-0.0013274788113958325
scn-eab9ac782338,771769210,KSWIN,0.778515266006331,4.254654724999909,0,1.0,0.0,0.0,1.0,0.0,0.0,,0.0,0.0,1.0,,,inf,17586.0,,,0.0,17586.0,hyperplane_gauss,20586,14,0.22723008417524398,0.17084331046789883,1,virtual,sudden,0,0.34749491199851035,0.42702200114727024,False,high,abrupt,virtual/sudden/K=1/high/abrupt/partial/imbalanced/noisy,0.0,-0.0013274788113958325
scn-eab9ac782338,771769210,PageHinkley,0.7698355968548963,0.033619037000335084,4,1.0,4.0,1.0,0.0,3.0,0.0,0.25,1.0,0.4,0.0,612.0,612.0,5862.0,5862.0,9.57843137254902,9.57843137254902,0.17059024223814398,17586.0,hyperplane_gauss,20586,14,0.22723008417524398,0.17084331046789883,1,virtual,sudden,0,0.34749491199851035,0.42702200114727024,False,high,abrupt,virtual/sudden/K=1/high/abrupt/partial/imbalanced/noisy,-0.008679669151434699,0.007352190340038867
scn-eab9ac782338,771769210,PageHinkley-up,0.778515266006331,0.029187716000251385,0,1.0,0.0,0.0,1.0,0.0,0.0,,0.0,0.0,1.0,,,inf,17586.0,,,0.0,17586.0,hyperplane_gauss,20586,14,0.22723008417524398,0.17084331046789883,1,virtual,sudden,0,0.34749491199851035,0.42702200114727024,False,high,abrupt,virtual/sudden/K=1/high/abrupt/partial/imbalanced/noisy,0.0,-0.0013274788113958325
scn-eab9ac782338,771769210,DDM,0.778515266006331,0.028835049999997864,0,1.0,0.0,0.0,1.0,0.0,0.0,,0.0,0.0,1.0,,,inf,17586.0,,,0.0,17586.0,hyperplane_gauss,20586,14,0.22723008417524398,0.17084331046789883,1,virtual,sudden,0,0.34749491199851035,0.42702200114727024,False,high,abrupt,virtual/sudden/K=1/high/abrupt/partial/imbalanced/noisy,0.0,-0.0013274788113958325
scn-eab9ac782338,771769210,EDDM,0.7713162462983764,0.04286199199987095,10,1.0,10.0,0.0,1.0,10.0,0.0,0.0,0.0,0.0,1.0,,,1758.6,1758.6,,,0.5686341407938132,17586.0,hyperplane_gauss,20586,14,0.22723008417524398,0.17084331046789883,1,virtual,sudden,0,0.34749491199851035,0.42702200114727024,False,high,abrupt,virtual/sudden/K=1/high/abrupt/partial/imbalanced/noisy,-0.007199019707954668,0.005871540896558836
scn-eab9ac782338,771769210,HDDM_A,0.778515266006331,0.06805846899987955,0,1.0,0.0,0.0,1.0,0.0,0.0,,0.0,0.0,1.0,,,inf,17586.0,,,0.0,17586.0,hyperplane_gauss,20586,14,0.22723008417524398,0.17084331046789883,1,virtual,sudden,0,0.34749491199851035,0.42702200114727024,False,high,abrupt,virtual/sudden/K=1/high/abrupt/partial/imbalanced/noisy,0.0,-0.0013274788113958325
scn-eab9ac782338,771769210,HDDM_W,0.7697845399775349,0.07719410400022753,3,1.0,3.0,0.0,1.0,3.0,0.0,0.0,0.0,0.0,1.0,,,5862.0,5862.0,,,0.17059024223814398,17586.0,hyperplane_gauss,20586,14,0.22723008417524398,0.17084331046789883,1,virtual,sudden,0,0.34749491199851035,0.42702200114727024,False,high,abrupt,virtual/sudden/K=1/high/abrupt/partial/imbalanced/noisy,-0.008730726028796099,0.007403247217400266
scn-eab9ac782338,771769210,FHDDM,0.7752986827325641,0.027584122999996907,1,1.0,1.0,0.0,1.0,1.0,0.0,0.0,0.0,0.0,1.0,,,17586.0,17586.0,,,0.05686341407938133,17586.0,hyperplane_gauss,20586,14,0.22723008417524398,0.17084331046789883,1,virtual,sudden,0,0.34749491199851035,0.42702200114727024,False,high,abrupt,virtual/sudden/K=1/high/abrupt/partial/imbalanced/noisy,-0.0032165832737669486,0.0018891044623711162
scn-eab9ac782338,771769210,NoDrift,0.778515266006331,0.019763348000196856,0,1.0,0.0,0.0,1.0,0.0,0.0,,0.0,0.0,1.0,,,inf,17586.0,,,0.0,17586.0,hyperplane_gauss,20586,14,0.22723008417524398,0.17084331046789883,1,virtual,sudden,0,0.34749491199851035,0.42702200114727024,False,high,abrupt,virtual/sudden/K=1/high/abrupt/partial/imbalanced/noisy,0.0,-0.0013274788113958325
scn-eab9ac782338,771769210,Periodic(2000),0.7517614622689677,0.021868432999781362,9,1.0,9.0,1.0,0.0,8.0,0.0,0.1111111111111111,1.0,0.19999999999999998,0.0,1207.0,1207.0,2198.25,2198.25,1.8212510356255178,1.8212510356255178,0.45490731263505063,17586.0,hyperplane_gauss,20586,14,0.22723008417524398,0.17084331046789883,1,virtual,sudden,0,0.34749491199851035,0.42702200114727024,False,high,abrupt,virtual/sudden/K=1/high/abrupt/partial/imbalanced/noisy,-0.026753803737363357,0.025426324925967525
scn-eab9ac782338,771769210,Oracle,0.7771877871949352,0.020670812999924237,1,1.0,1.0,1.0,0.0,0.0,0.0,1.0,1.0,1.0,0.0,1.0,1.0,inf,17586.0,inf,17586.0,0.0,17586.0,hyperplane_gauss,20586,14,0.22723008417524398,0.17084331046789883,1,virtual,sudden,0,0.34749491199851035,0.42702200114727024,False,high,abrupt,virtual/sudden/K=1/high/abrupt/partial/imbalanced/noisy,-0.0013274788113958325,-0.0
scn-fceb2ba96c6d,1958901549,ADWIN,0.8419509664029057,0.05009716699987621,1,3.0,1.0,0.0,3.0,1.0,0.0,0.0,0.0,0.0,1.0,,,32155.0,32155.0,,,0.03109936246306951,32155.0,hyperplane_gauss,39545,2,0.4031852092128247,0.14435675656422972,3,prior,incremental,130,0.03200858101248741,1.0,False,low,fast,prior/incremental/K=3/low/fast/n/a/balanced/noisy,-0.0042288234531068225,-0.003217019068621041
scn-fceb2ba96c6d,1958901549,KSWIN,0.8461797898560125,8.40234975300018,0,3.0,0.0,0.0,3.0,0.0,0.0,,0.0,0.0,1.0,,,inf,32155.0,,,0.0,32155.0,hyperplane_gauss,39545,2,0.4031852092128247,0.14435675656422972,3,prior,incremental,130,0.03200858101248741,1.0,False,low,fast,prior/incremental/K=3/low/fast/n/a/balanced/noisy,0.0,-0.007445842521727863
scn-fceb2ba96c6d,1958901549,PageHinkley,0.8356207030743287,0.03766063500006567,7,3.0,7.0,0.0,3.0,7.0,0.0,0.0,0.0,0.0,1.0,,,4593.571428571428,4593.571428571428,,,0.21769553724148655,32155.0,hyperplane_gauss,39545,2,0.4031852092128247,0.14435675656422972,3,prior,incremental,130,0.03200858101248741,1.0,False,low,fast,prior/incremental/K=3/low/fast/n/a/balanced/noisy,-0.010559086781683824,0.0031132442599559607
scn-fceb2ba96c6d,1958901549,PageHinkley-up,0.8450901543650279,0.034297928000341926,1,3.0,1.0,0.0,3.0,1.0,0.0,0.0,0.0,0.0,1.0,,,32155.0,32155.0,,,0.03109936246306951,32155.0,hyperplane_gauss,39545,2,0.4031852092128247,0.14435675656422972,3,prior,incremental,130,0.03200858101248741,1.0,False,low,fast,prior/incremental/K=3/low/fast/n/a/balanced/noisy,-0.0010896354909846195,-0.006356207030743244
scn-fceb2ba96c6d,1958901549,DDM,0.8461797898560125,0.034085064999999304,0,3.0,0.0,0.0,3.0,0.0,0.0,,0.0,0.0,1.0,,,inf,32155.0,,,0.0,32155.0,hyperplane_gauss,39545,2,0.4031852092128247,0.14435675656422972,3,prior,incremental,130,0.03200858101248741,1.0,False,low,fast,prior/incremental/K=3/low/fast/n/a/balanced/noisy,0.0,-0.007445842521727863
scn-fceb2ba96c6d,1958901549,EDDM,0.8452977039823583,0.032377128999996785,9,3.0,9.0,0.0,3.0,9.0,0.0,0.0,0.0,0.0,1.0,,,3572.777777777778,3572.777777777778,,,0.2798942621676256,32155.0,hyperplane_gauss,39545,2,0.4031852092128247,0.14435675656422972,3,prior,incremental,130,0.03200858101248741,1.0,False,low,fast,prior/incremental/K=3/low/fast/n/a/balanced/noisy,-0.000882085873654237,-0.0065637566480736265
scn-fceb2ba96c6d,1958901549,HDDM_A,0.8461797898560125,0.11389068400012547,0,3.0,0.0,0.0,3.0,0.0,0.0,,0.0,0.0,1.0,,,inf,32155.0,,,0.0,32155.0,hyperplane_gauss,39545,2,0.4031852092128247,0.14435675656422972,3,prior,incremental,130,0.03200858101248741,1.0,False,low,fast,prior/incremental/K=3/low/fast/n/a/balanced/noisy,0.0,-0.007445842521727863
scn-fceb2ba96c6d,1958901549,HDDM_W,0.8461797898560125,0.10979762600027243,0,3.0,0.0,0.0,3.0,0.0,0.0,,0.0,0.0,1.0,,,inf,32155.0,,,0.0,32155.0,hyperplane_gauss,39545,2,0.4031852092128247,0.14435675656422972,3,prior,incremental,130,0.03200858101248741,1.0,False,low,fast,prior/incremental/K=3/low/fast/n/a/balanced/noisy,0.0,-0.007445842521727863
scn-fceb2ba96c6d,1958901549,FHDDM,0.8461797898560125,0.028196942000249692,0,3.0,0.0,0.0,3.0,0.0,0.0,,0.0,0.0,1.0,,,inf,32155.0,,,0.0,32155.0,hyperplane_gauss,39545,2,0.4031852092128247,0.14435675656422972,3,prior,incremental,130,0.03200858101248741,1.0,False,low,fast,prior/incremental/K=3/low/fast/n/a/balanced/noisy,0.0,-0.007445842521727863
scn-fceb2ba96c6d,1958901549,NoDrift,0.8461797898560125,0.015782192000187933,0,3.0,0.0,0.0,3.0,0.0,0.0,,0.0,0.0,1.0,,,inf,32155.0,,,0.0,32155.0,hyperplane_gauss,39545,2,0.4031852092128247,0.14435675656422972,3,prior,incremental,130,0.03200858101248741,1.0,False,low,fast,prior/incremental/K=3/low/fast/n/a/balanced/noisy,0.0,-0.007445842521727863
scn-fceb2ba96c6d,1958901549,Periodic(2000),0.826799844337787,0.0178047740000693,19,3.0,19.0,3.0,0.0,16.0,0.0,0.15789473684210525,1.0,0.2727272727272727,0.0,1126.3333333333333,945.0,2009.6875,2009.6875,1.7842741935483872,1.7842741935483872,0.49758979940911213,32155.0,hyperplane_gauss,39545,2,0.4031852092128247,0.14435675656422972,3,prior,incremental,130,0.03200858101248741,1.0,False,low,fast,prior/incremental/K=3/low/fast/n/a/balanced/noisy,-0.019379945518225528,0.011934102996497664
scn-fceb2ba96c6d,1958901549,Oracle,0.8387339473342846,0.01894679199995153,3,3.0,3.0,3.0,0.0,0.0,0.0,1.0,1.0,1.0,0.0,66.0,66.0,inf,32155.0,inf,487.1969696969697,0.0,32155.0,hyperplane_gauss,39545,2,0.4031852092128247,0.14435675656422972,3,prior,incremental,130,0.03200858101248741,1.0,False,low,fast,prior/incremental/K=3/low/fast/n/a/balanced/noisy,-0.007445842521727863,-0.0
scn-fceb2ba96c6d,1958901550,ADWIN,0.8437670255545466,0.024987381999835634,1,3.0,1.0,0.0,3.0,1.0,0.0,0.0,0.0,0.0,1.0,,,32155.0,32155.0,,,0.03109936246306951,32155.0,hyperplane_gauss,39545,2,0.4031852092128247,0.14435675656422972,3,prior,incremental,130,0.03200858101248741,1.0,False,low,fast,prior/incremental/K=3/low/fast/n/a/balanced/noisy,-0.0028797509404592248,-0.0020495524711375834
scn-fceb2ba96c6d,1958901550,KSWIN,0.8466467764950059,8.100934443999904,0,3.0,0.0,0.0,3.0,0.0,0.0,,0.0,0.0,1.0,,,inf,32155.0,,,0.0,32155.0,hyperplane_gauss,39545,2,0.4031852092128247,0.14435675656422972,3,prior,incremental,130,0.03200858101248741,1.0,False,low,fast,prior/incremental/K=3/low/fast/n/a/balanced/noisy,0.0,-0.004929303411596808
scn-fceb2ba96c6d,1958901550,PageHinkley,0.8430665455960565,0.034743485000035434,2,3.0,2.0,0.0,3.0,2.0,0.0,0.0,0.0,0.0,1.0,,,16077.5,16077.5,,,0.06219872492613902,32155.0,hyperplane_gauss,39545,2,0.4031852092128247,0.14435675656422972,3,prior,incremental,130,0.03200858101248741,1.0,False,low,fast,prior/incremental/K=3/low/fast/n/a/balanced/noisy,-0.0035802308989493214,-0.0013490725126474867
scn-fceb2ba96c6d,1958901550,PageHinkley-up,0.8422622908289012,0.033864598000036494,1,3.0,1.0,0.0,3.0,1.0,0.0,0.0,0.0,0.0,1.0,,,32155.0,32155.0,,,0.03109936246306951,32155.0,hyperplane_gauss,39545,2,0.4031852092128247,0.14435675656422972,3,prior,incremental,130,0.03200858101248741,1.0,False,low,fast,prior/incremental/K=3/low/fast/n/a/balanced/noisy,-0.0043844856661046094,-0.0005448177454921987
scn-fceb2ba96c6d,1958901550,DDM,0.8478401867946556,0.03406101300015507,1,3.0,1.0,0.0,3.0,1.0,0.0,0.0,0.0,0.0,1.0,,,32155.0,32155.0,,,0.03109936246306951,32155.0,hyperplane_gauss,39545,2,0.4031852092128247,0.14435675656422972,3,prior,incremental,130,0.03200858101248741,1.0,False,low,fast,prior/incremental/K=3/low/fast/n/a/balanced/noisy,0.0011934102996496998,-0.006122713711246508
scn-fceb2ba96c6d,1958901550,EDDM,0.8468802698145025,0.027445437999631395,2,3.0,2.0,0.0,3.0,2.0,0.0,0.0,0.0,0.0,1.0,,,16077.5,16077.5,,,0.06219872492613902,32155.0,hyperplane_gauss,39545,2,0.4031852092128247,0.14435675656422972,3,prior,incremental,130,0.03200858101248741,1.0,False,low,fast,prior/incremental/K=3/low/fast/n/a/balanced/noisy,0.00023349331949662488,-0.005162796731093433
scn-fceb2ba96c6d,1958901550,HDDM_A,0.8466467764950059,0.11781038400022226,0,3.0,0.0,0.0,3.0,0.0,0.0,,0.0,0.0,1.0,,,inf,32155.0,,,0.0,32155.0,hyperplane_gauss,39545,2,0.4031852092128247,0.14435675656422972,3,prior,incremental,130,0.03200858101248741,1.0,False,low,fast,prior/incremental/K=3/low/fast/n/a/balanced/noisy,0.0,-0.004929303411596808
scn-fceb2ba96c6d,1958901550,HDDM_W,0.8466467764950059,0.10998402199993507,0,3.0,0.0,0.0,3.0,0.0,0.0,,0.0,0.0,1.0,,,inf,32155.0,,,0.0,32155.0,hyperplane_gauss,39545,2,0.4031852092128247,0.14435675656422972,3,prior,incremental,130,0.03200858101248741,1.0,False,low,fast,prior/incremental/K=3/low/fast/n/a/balanced/noisy,0.0,-0.004929303411596808
scn-fceb2ba96c6d,1958901550,FHDDM,0.8466467764950059,0.02860095200003343,0,3.0,0.0,0.0,3.0,0.0,0.0,,0.0,0.0,1.0,,,inf,32155.0,,,0.0,32155.0,hyperplane_gauss,39545,2,0.4031852092128247,0.14435675656422972,3,prior,incremental,130,0.03200858101248741,1.0,False,low,fast,prior/incremental/K=3/low/fast/n/a/balanced/noisy,0.0,-0.004929303411596808
scn-fceb2ba96c6d,1958901550,NoDrift,0.8466467764950059,0.016120016000058968,0,3.0,0.0,0.0,3.0,0.0,0.0,,0.0,0.0,1.0,,,inf,32155.0,,,0.0,32155.0,hyperplane_gauss,39545,2,0.4031852092128247,0.14435675656422972,3,prior,incremental,130,0.03200858101248741,1.0,False,low,fast,prior/incremental/K=3/low/fast/n/a/balanced/noisy,0.0,-0.004929303411596808
scn-fceb2ba96c6d,1958901550,Periodic(2000),0.8272149435724477,0.017732680000335677,19,3.0,19.0,3.0,0.0,16.0,0.0,0.15789473684210525,1.0,0.2727272727272727,0.0,1126.3333333333333,945.0,2009.6875,2009.6875,1.7842741935483872,1.7842741935483872,0.49758979940911213,32155.0,hyperplane_gauss,39545,2,0.4031852092128247,0.14435675656422972,3,prior,incremental,130,0.03200858101248741,1.0,False,low,fast,prior/incremental/K=3/low/fast/n/a/balanced/noisy,-0.019431832922558123,0.014502529510961315
scn-fceb2ba96c6d,1958901550,Oracle,0.841717473083409,0.01936676199966314,3,3.0,3.0,3.0,0.0,0.0,0.0,1.0,1.0,1.0,0.0,66.0,66.0,inf,32155.0,inf,487.1969696969697,0.0,32155.0,hyperplane_gauss,39545,2,0.4031852092128247,0.14435675656422972,3,prior,incremental,130,0.03200858101248741,1.0,False,low,fast,prior/incremental/K=3/low/fast/n/a/balanced/noisy,-0.004929303411596808,-0.0
scn-fceb2ba96c6d,1958901551,ADWIN,0.8437410818523803,0.025385027000083937,1,3.0,1.0,0.0,3.0,1.0,0.0,0.0,0.0,0.0,1.0,,,32155.0,32155.0,,,0.03109936246306951,32155.0,hyperplane_gauss,39545,2,0.4031852092128247,0.14435675656422972,3,prior,incremental,130,0.03200858101248741,1.0,False,low,fast,prior/incremental/K=3/low/fast/n/a/balanced/noisy,-0.004047217537942682,-0.003969386431443733
scn-fceb2ba96c6d,1958901551,KSWIN,0.847788299390323,8.107329211999968,0,3.0,0.0,0.0,3.0,0.0,0.0,,0.0,0.0,1.0,,,inf,32155.0,,,0.0,32155.0,hyperplane_gauss,39545,2,0.4031852092128247,0.14435675656422972,3,prior,incremental,130,0.03200858101248741,1.0,False,low,fast,prior/incremental/K=3/low/fast/n/a/balanced/noisy,0.0,-0.008016603969386416
scn-fceb2ba96c6d,1958901551,PageHinkley,0.841976910105072,0.03676616699976876,3,3.0,3.0,0.0,3.0,3.0,0.0,0.0,0.0,0.0,1.0,,,10718.333333333334,10718.333333333334,,,0.09329808738920851,32155.0,hyperplane_gauss,39545,2,0.4031852092128247,0.14435675656422972,3,prior,incremental,130,0.03200858101248741,1.0,False,low,fast,prior/incremental/K=3/low/fast/n/a/balanced/noisy,-0.005811389285250934,-0.0022052146841354814
scn-fceb2ba96c6d,1958901551,PageHinkley-up,0.8384745103126217,0.03528403600012098,2,3.0,2.0,1.0,2.0,1.0,0.0,0.5,0.3333333333333333,0.4,0.6666666666666667,1193.0,1193.0,32155.0,32155.0,8.98435317127689,8.98435317127689,0.03109936246306951,32155.0,hyperplane_gauss,39545,2,0.4031852092128247,0.14435675656422972,3,prior,incremental,130,0.03200858101248741,1.0,False,low,fast,prior/incremental/K=3/low/fast/n/a/balanced/noisy,-0.009313789077701307,0.001297185108314891
scn-fceb2ba96c6d,1958901551,DDM,0.847788299390323,0.03389517999994496,0,3.0,0.0,0.0,3.0,0.0,0.0,,0.0,0.0,1.0,,,inf,32155.0,,,0.0,32155.0,hyperplane_gauss,39545,2,0.4031852092128247,0.14435675656422972,3,prior,incremental,130,0.03200858101248741,1.0,False,low,fast,prior/incremental/K=3/low/fast/n/a/balanced/noisy,0.0,-0.008016603969386416
scn-fceb2ba96c6d,1958901551,EDDM,0.847269425346997,0.027573607999784144,2,3.0,2.0,0.0,3.0,2.0,0.0,0.0,0.0,0.0,1.0,,,16077.5,16077.5,,,0.06219872492613902,32155.0,hyperplane_gauss,39545,2,0.4031852092128247,0.14435675656422972,3,prior,incremental,130,0.03200858101248741,1.0,False,low,fast,prior/incremental/K=3/low/fast/n/a/balanced/noisy,-0.0005188740433259564,-0.007497729926060459
scn-fceb2ba96c6d,1958901551,HDDM_A,0.847788299390323,0.11595665300001201,0,3.0,0.0,0.0,3.0,0.0,0.0,,0.0,0.0,1.0,,,inf,32155.0,,,0.0,32155.0,hyperplane_gauss,39545,2,0.4031852092128247,0.14435675656422972,3,prior,incremental,130,0.03200858101248741,1.0,False,low,fast,prior/incremental/K=3/low/fast/n/a/balanced/noisy,0.0,-0.008016603969386416
scn-fceb2ba96c6d,1958901551,HDDM_W,0.8435075885328837,0.12190874499992788,1,3.0,1.0,1.0,2.0,0.0,0.0,1.0,0.3333333333333333,0.5,0.6666666666666667,1196.0,1196.0,inf,32155.0,inf,8.961817168338905,0.0,32155.0,hyperplane_gauss,39545,2,0.4031852092128247,0.14435675656422972,3,prior,incremental,130,0.03200858101248741,1.0,False,low,fast,prior/incremental/K=3/low/fast/n/a/balanced/noisy,-0.004280710857439307,-0.0037358931119471084
scn-fceb2ba96c6d,1958901551,FHDDM,0.847788299390323,0.029034079000211932,0,3.0,0.0,0.0,3.0,0.0,0.0,,0.0,0.0,1.0,,,inf,32155.0,,,0.0,32155.0,hyperplane_gauss,39545,2,0.4031852092128247,0.14435675656422972,3,prior,incremental,130,0.03200858101248741,1.0,False,low,fast,prior/incremental/K=3/low/fast/n/a/balanced/noisy,0.0,-0.008016603969386416
scn-fceb2ba96c6d,1958901551,NoDrift,0.847788299390323,0.016327887999977975,0,3.0,0.0,0.0,3.0,0.0,0.0,,0.0,0.0,1.0,,,inf,32155.0,,,0.0,32155.0,hyperplane_gauss,39545,2,0.4031852092128247,0.14435675656422972,3,prior,incremental,130,0.03200858101248741,1.0,False,low,fast,prior/incremental/K=3/low/fast/n/a/balanced/noisy,0.0,-0.008016603969386416
scn-fceb2ba96c6d,1958901551,Periodic(2000),0.8272927746789467,0.018183958000008715,19,3.0,19.0,3.0,0.0,16.0,0.0,0.15789473684210525,1.0,0.2727272727272727,0.0,1126.3333333333333,945.0,2009.6875,2009.6875,1.7842741935483872,1.7842741935483872,0.49758979940911213,32155.0,hyperplane_gauss,39545,2,0.4031852092128247,0.14435675656422972,3,prior,incremental,130,0.03200858101248741,1.0,False,low,fast,prior/incremental/K=3/low/fast/n/a/balanced/noisy,-0.02049552471137628,0.012478920741989863
scn-fceb2ba96c6d,1958901551,Oracle,0.8397716954209365,0.019498622999890358,3,3.0,3.0,3.0,0.0,0.0,0.0,1.0,1.0,1.0,0.0,66.0,66.0,inf,32155.0,inf,487.1969696969697,0.0,32155.0,hyperplane_gauss,39545,2,0.4031852092128247,0.14435675656422972,3,prior,incremental,130,0.03200858101248741,1.0,False,low,fast,prior/incremental/K=3/low/fast/n/a/balanced/noisy,-0.008016603969386416,-0.0
scn-8b7357aa82e6,1083536928,ADWIN,0.8322352781362494,0.04708957799994096,8,4.0,8.0,4.0,0.0,3.0,1.0,0.5,1.0,0.6666666666666666,0.0,101.5,101.5,7148.666666666667,7148.666666666667,70.43021346469622,70.43021346469622,0.13988622586962604,21446.0,hyperplane_gauss,30446,15,0.3698491238523275,0.09413866437971592,4,real,sudden,0,0.4270735745184242,0.5327603593468666,False,high,abrupt,real/sudden/K=4/high/abrupt/partial/imbalanced/noisy,0.15356924539835637,0.01647082795625887
scn-8b7357aa82e6,1083536928,KSWIN,0.8240168443931264,6.333037574000173,4,4.0,4.0,4.0,0.0,0.0,0.0,1.0,1.0,1.0,0.0,617.25,588.5,inf,21446.0,inf,34.7444309437019,0.0,21446.0,hyperplane_gauss,30446,15,0.3698491238523275,0.09413866437971592,4,real,sudden,0,0.4270735745184242,0.5327603593468666,False,high,abrupt,real/sudden/K=4/high/abrupt/partial/imbalanced/noisy,0.14535081165523334,0.024689261699381904
scn-8b7357aa82e6,1083536928,PageHinkley,0.8006860014942607,0.09008117199982735,25,4.0,25.0,4.0,0.0,18.0,3.0,0.16,1.0,0.2758620689655173,0.0,337.5,199.5,1191.4444444444443,1191.4444444444443,3.5302057613168722,3.5302057613168722,0.8393173552177562,21446.0,hyperplane_gauss,30446,15,0.3698491238523275,0.09413866437971592,4,real,sudden,0,0.4270735745184242,0.5327603593468666,False,high,abrupt,real/sudden/K=4/high/abrupt/partial/imbalanced/noisy,0.12201996875636767,0.04802010459824757
scn-8b7357aa82e6,1083536928,PageHinkley-up,0.842729063370237,0.04656545099987852,4,4.0,4.0,4.0,0.0,0.0,0.0,1.0,1.0,1.0,0.0,156.25,172.5,inf,21446.0,inf,137.2544,0.0,21446.0,hyperplane_gauss,30446,15,0.3698491238523275,0.09413866437971592,4,real,sudden,0,0.4270735745184242,0.5327603593468666,False,high,abrupt,real/sudden/K=4/high/abrupt/partial/imbalanced/noisy,0.16406303063234395,0.005977042722271286
scn-8b7357aa82e6,1083536928,DDM,0.8426271819601984,0.04636710900012986,4,4.0,4.0,4.0,0.0,0.0,0.0,1.0,1.0,1.0,0.0,189.0,201.5,inf,21446.0,inf,113.47089947089947,0.0,21446.0,hyperplane_gauss,30446,15,0.3698491238523275,0.09413866437971592,4,real,sudden,0,0.4270735745184242,0.5327603593468666,False,high,abrupt,real/sudden/K=4/high/abrupt/partial/imbalanced/noisy,0.1639611492223053,0.006078924132309926
scn-8b7357aa82e6,1083536928,EDDM,0.8218433743123005,0.04960451599981752,9,4.0,9.0,4.0,0.0,3.0,2.0,0.4444444444444444,1.0,0.6153846153846153,0.0,609.25,633.0,7148.666666666667,7148.666666666667,11.733552181644098,11.733552181644098,0.13988622586962604,21446.0,hyperplane_gauss,30446,15,0.3698491238523275,0.09413866437971592,4,real,sudden,0,0.4270735745184242,0.5327603593468666,False,high,abrupt,real/sudden/K=4/high/abrupt/partial/imbalanced/noisy,0.14317734157440742,0.026862731780207816
scn-8b7357aa82e6,1083536928,HDDM_A,0.8461251103715275,0.14489378999996916,4,4.0,4.0,4.0,0.0,0.0,0.0,1.0,1.0,1.0,0.0,84.0,65.0,inf,21446.0,inf,255.3095238095238,0.0,21446.0,hyperplane_gauss,30446,15,0.3698491238523275,0.09413866437971592,4,real,sudden,0,0.4270735745184242,0.5327603593468666,False,high,abrupt,real/sudden/K=4/high/abrupt/partial/imbalanced/noisy,0.16745907763363443,0.0025809957209808054
scn-8b7357aa82e6,1083536928,HDDM_W,0.8465326360116824,0.11402898100004677,4,4.0,4.0,4.0,0.0,0.0,0.0,1.0,1.0,1.0,0.0,51.75,40.0,inf,21446.0,inf,414.4154589371981,0.0,21446.0,hyperplane_gauss,30446,15,0.3698491238523275,0.09413866437971592,4,real,sudden,0,0.4270735745184242,0.5327603593468666,False,high,abrupt,real/sudden/K=4/high/abrupt/partial/imbalanced/noisy,0.16786660327378933,0.002173470080825912
scn-8b7357aa82e6,1083536928,FHDDM,0.8469741221218502,0.04314301300018997,4,4.0,4.0,4.0,0.0,0.0,0.0,1.0,1.0,1.0,0.0,65.5,65.0,inf,21446.0,inf,327.41984732824426,0.0,21446.0,hyperplane_gauss,30446,15,0.3698491238523275,0.09413866437971592,4,real,sudden,0,0.4270735745184242,0.5327603593468666,False,high,abrupt,real/sudden/K=4/high/abrupt/partial/imbalanced/noisy,0.16830808938395714,0.001731983970658102
scn-8b7357aa82e6,1083536928,NoDrift,0.678666032737893,0.030117518000224663,0,4.0,0.0,0.0,4.0,0.0,0.0,,0.0,0.0,1.0,,,inf,21446.0,,,0.0,21446.0,hyperplane_gauss,30446,15,0.3698491238523275,0.09413866437971592,4,real,sudden,0,0.4270735745184242,0.5327603593468666,False,high,abrupt,real/sudden/K=4/high/abrupt/partial/imbalanced/noisy,0.0,0.17004007335461524
scn-8b7357aa82e6,1083536928,Periodic(2000),0.8029613529851253,0.03322615999968548,14,4.0,14.0,4.0,0.0,10.0,0.0,0.2857142857142857,1.0,0.4444444444444445,0.0,1277.5,1277.5,2144.6,2144.6,1.6787475538160468,1.6787475538160468,0.46628741956542014,21446.0,hyperplane_gauss,30446,15,0.3698491238523275,0.09413866437971592,4,real,sudden,0,0.4270735745184242,0.5327603593468666,False,high,abrupt,real/sudden/K=4/high/abrupt/partial/imbalanced/noisy,0.12429532024723222,0.04574475310738302
scn-8b7357aa82e6,1083536928,Oracle,0.8487061060925083,0.03357272599987482,4,4.0,4.0,4.0,0.0,0.0,0.0,1.0,1.0,1.0,0.0,1.0,1.0,inf,21446.0,inf,21446.0,0.0,21446.0,hyperplane_gauss,30446,15,0.3698491238523275,0.09413866437971592,4,real,sudden,0,0.4270735745184242,0.5327603593468666,False,high,abrupt,real/sudden/K=4/high/abrupt/partial/imbalanced/noisy,0.17004007335461524,-0.0
scn-8b7357aa82e6,1083536929,ADWIN,0.8338653806968689,0.04585120399997322,10,4.0,10.0,4.0,0.0,4.0,2.0,0.4,1.0,0.5714285714285715,0.0,461.5,87.0,5361.5,5361.5,11.617551462621885,11.617551462621885,0.18651496782616805,21446.0,hyperplane_gauss,30446,15,0.3698491238523275,0.09413866437971592,4,real,sudden,0,0.4270735745184242,0.5327603593468666,False,high,abrupt,real/sudden/K=4/high/abrupt/partial/imbalanced/noisy,0.1491543842966787,0.021904503158323707
scn-8b7357aa82e6,1083536929,KSWIN,0.8133872172790871,6.322681274999923,4,4.0,4.0,3.0,1.0,1.0,0.0,0.75,0.75,0.75,0.25,499.6666666666667,340.0,21446.0,21446.0,32.190460306871245,32.190460306871245,0.046628741956542014,21446.0,hyperplane_gauss,30446,15,0.3698491238523275,0.09413866437971592,4,real,sudden,0,0.4270735745184242,0.5327603593468666,False,high,abrupt,real/sudden/K=4/high/abrupt/partial/imbalanced/noisy,0.12867622087889696,0.042382666576105454
scn-8b7357aa82e6,1083536929,PageHinkley,0.7971201521429057,0.07204590399987865,23,4.0,23.0,4.0,0.0,16.0,3.0,0.17391304347826086,1.0,0.29629629629629634,0.0,829.0,822.0,1340.375,1340.375,1.6168576598311217,1.6168576598311217,0.7460598713046722,21446.0,hyperplane_gauss,30446,15,0.3698491238523275,0.09413866437971592,4,real,sudden,0,0.4270735745184242,0.5327603593468666,False,high,abrupt,real/sudden/K=4/high/abrupt/partial/imbalanced/noisy,0.11240915574271548,0.058649731712286934
scn-8b7357aa82e6,1083536929,PageHinkley-up,0.8503022481831148,0.05330770299997312,4,4.0,4.0,4.0,0.0,0.0,0.0,1.0,1.0,1.0,0.0,167.25,176.5,inf,21446.0,inf,128.2272047832586,0.0,21446.0,hyperplane_gauss,30446,15,0.3698491238523275,0.09413866437971592,4,real,sudden,0,0.4270735745184242,0.5327603593468666,False,high,abrupt,real/sudden/K=4/high/abrupt/partial/imbalanced/noisy,0.16559125178292466,0.005467635672077753
scn-8b7357aa82e6,1083536929,DDM,0.8444270868708823,0.04839166800002204,4,4.0,4.0,4.0,0.0,0.0,0.0,1.0,1.0,1.0,0.0,312.0,219.0,inf,21446.0,inf,68.73717948717949,0.0,21446.0,hyperplane_gauss,30446,15,0.3698491238523275,0.09413866437971592,4,real,sudden,0,0.4270735745184242,0.5327603593468666,False,high,abrupt,real/sudden/K=4/high/abrupt/partial/imbalanced/noisy,0.15971609047069213,0.011342796984310288
scn-8b7357aa82e6,1083536929,EDDM,0.8290090334850234,0.048819279999861465,8,4.0,8.0,4.0,0.0,1.0,3.0,0.5,1.0,0.6666666666666666,0.0,576.75,632.0,21446.0,21446.0,37.18422193324664,37.18422193324664,0.046628741956542014,21446.0,hyperplane_gauss,30446,15,0.3698491238523275,0.09413866437971592,4,real,sudden,0,0.4270735745184242,0.5327603593468666,False,high,abrupt,real/sudden/K=4/high/abrupt/partial/imbalanced/noisy,0.14429803708483324,0.026760850370169176
scn-8b7357aa82e6,1083536929,HDDM_A,0.8522719554438634,0.16358062700010123,4,4.0,4.0,4.0,0.0,0.0,0.0,1.0,1.0,1.0,0.0,73.25,69.5,inf,21446.0,inf,292.77815699658703,0.0,21446.0,hyperplane_gauss,30446,15,0.3698491238523275,0.09413866437971592,4,real,sudden,0,0.4270735745184242,0.5327603593468666,False,high,abrupt,real/sudden/K=4/high/abrupt/partial/imbalanced/noisy,0.16756095904367319,0.003497928411329232
scn-8b7357aa82e6,1083536929,HDDM_W,0.8525775996739795,0.11584046500001932,4,4.0,4.0,4.0,0.0,0.0,0.0,1.0,1.0,1.0,0.0,56.0,57.5,inf,21446.0,inf,382.9642857142857,0.0,21446.0,hyperplane_gauss,30446,15,0.3698491238523275,0.09413866437971592,4,real,sudden,0,0.4270735745184242,0.5327603593468666,False,high,abrupt,real/sudden/K=4/high/abrupt/partial/imbalanced/noisy,0.16786660327378933,0.0031922841812130898
scn-8b7357aa82e6,1083536929,FHDDM,0.851321062283502,0.04254409899976963,4,4.0,4.0,4.0,0.0,0.0,0.0,1.0,1.0,1.0,0.0,70.5,73.5,inf,21446.0,inf,304.1985815602837,0.0,21446.0,hyperplane_gauss,30446,15,0.3698491238523275,0.09413866437971592,4,real,sudden,0,0.4270735745184242,0.5327603593468666,False,high,abrupt,real/sudden/K=4/high/abrupt/partial/imbalanced/noisy,0.16661006588331184,0.0044488215716905755
scn-8b7357aa82e6,1083536929,NoDrift,0.6847109964001902,0.030331994999869494,0,4.0,0.0,0.0,4.0,0.0,0.0,,0.0,0.0,1.0,,,inf,21446.0,,,0.0,21446.0,hyperplane_gauss,30446,15,0.3698491238523275,0.09413866437971592,4,real,sudden,0,0.4270735745184242,0.5327603593468666,False,high,abrupt,real/sudden/K=4/high/abrupt/partial/imbalanced/noisy,0.0,0.17105888745500242
scn-8b7357aa82e6,1083536929,Periodic(2000),0.8041160089655641,0.03250595200006501,14,4.0,14.0,4.0,0.0,10.0,0.0,0.2857142857142857,1.0,0.4444444444444445,0.0,1277.5,1277.5,2144.6,2144.6,1.6787475538160468,1.6787475538160468,0.46628741956542014,21446.0,hyperplane_gauss,30446,15,0.3698491238523275,0.09413866437971592,4,real,sudden,0,0.4270735745184242,0.5327603593468666,False,high,abrupt,real/sudden/K=4/high/abrupt/partial/imbalanced/noisy,0.11940501256537395,0.05165387488962847
scn-8b7357aa82e6,1083536929,Oracle,0.8557698838551926,0.03392057400014892,4,4.0,4.0,4.0,0.0,0.0,0.0,1.0,1.0,1.0,0.0,1.0,1.0,inf,21446.0,inf,21446.0,0.0,21446.0,hyperplane_gauss,30446,15,0.3698491238523275,0.09413866437971592,4,real,sudden,0,0.4270735745184242,0.5327603593468666,False,high,abrupt,real/sudden/K=4/high/abrupt/partial/imbalanced/noisy,0.17105888745500242,-0.0
scn-8b7357aa82e6,1083536930,ADWIN,0.8381443999184949,0.04361747099983404,7,4.0,7.0,4.0,0.0,2.0,1.0,0.5714285714285714,1.0,0.7272727272727273,0.0,93.5,100.0,10723.0,10723.0,114.68449197860963,114.68449197860963,0.09325748391308403,21446.0,hyperplane_gauss,30446,15,0.3698491238523275,0.09413866437971592,4,real,sudden,0,0.4270735745184242,0.5327603593468666,False,high,abrupt,real/sudden/K=4/high/abrupt/partial/imbalanced/noisy,0.1568634109896081,0.009441010663587601
scn-8b7357aa82e6,1083536930,KSWIN,0.8251375399035523,6.096119985000314,5,4.0,5.0,4.0,0.0,0.0,1.0,0.8,1.0,0.888888888888889,0.0,581.75,555.0,inf,21446.0,inf,36.86463257412978,0.0,21446.0,hyperplane_gauss,30446,15,0.3698491238523275,0.09413866437971592,4,real,sudden,0,0.4270735745184242,0.5327603593468666,False,high,abrupt,real/sudden/K=4/high/abrupt/partial/imbalanced/noisy,0.14385655097466554,0.022447870678530157
scn-8b7357aa82e6,1083536930,PageHinkley,0.7935882632615635,0.06793531499988603,25,4.0,25.0,4.0,0.0,18.0,3.0,0.16,1.0,0.2758620689655173,0.0,496.75,251.0,1191.4444444444443,1191.4444444444443,2.398479002404518,2.398479002404518,0.8393173552177562,21446.0,hyperplane_gauss,30446,15,0.3698491238523275,0.09413866437971592,4,real,sudden,0,0.4270735745184242,0.5327603593468666,False,high,abrupt,real/sudden/K=4/high/abrupt/partial/imbalanced/noisy,0.11230727433267673,0.05399714732051897
scn-8b7357aa82e6,1083536930,PageHinkley-up,0.8422875772600693,0.04721250499960661,4,4.0,4.0,4.0,0.0,0.0,0.0,1.0,1.0,1.0,0.0,165.25,169.5,inf,21446.0,inf,129.77912254160364,0.0,21446.0,hyperplane_gauss,30446,15,0.3698491238523275,0.09413866437971592,4,real,sudden,0,0.4270735745184242,0.5327603593468666,False,high,abrupt,real/sudden/K=4/high/abrupt/partial/imbalanced/noisy,0.16100658833118253,0.005297833322013168
scn-8b7357aa82e6,1083536930,DDM,0.8364124159478367,0.048633684999913385,5,4.0,5.0,4.0,0.0,1.0,0.0,0.8,1.0,0.888888888888889,0.0,219.0,221.0,21446.0,21446.0,97.9269406392694,97.9269406392694,0.046628741956542014,21446.0,hyperplane_gauss,30446,15,0.3698491238523275,0.09413866437971592,4,real,sudden,0,0.4270735745184242,0.5327603593468666,False,high,abrupt,real/sudden/K=4/high/abrupt/partial/imbalanced/noisy,0.15513142701894989,0.011172994634245814
scn-8b7357aa82e6,1083536930,EDDM,0.8174964341506487,0.055970099000205664,12,4.0,12.0,4.0,0.0,5.0,3.0,0.3333333333333333,1.0,0.5,0.0,657.25,764.5,4289.2,4289.2,6.525979459870673,6.525979459870673,0.23314370978271007,21446.0,hyperplane_gauss,30446,15,0.3698491238523275,0.09413866437971592,4,real,sudden,0,0.4270735745184242,0.5327603593468666,False,high,abrupt,real/sudden/K=4/high/abrupt/partial/imbalanced/noisy,0.13621544522176188,0.030088976431433823
scn-8b7357aa82e6,1083536930,HDDM_A,0.8436799565305984,0.14246696999998676,4,4.0,4.0,4.0,0.0,0.0,0.0,1.0,1.0,1.0,0.0,77.0,73.0,inf,21446.0,inf,278.5194805194805,0.0,21446.0,hyperplane_gauss,30446,15,0.3698491238523275,0.09413866437971592,4,real,sudden,0,0.4270735745184242,0.5327603593468666,False,high,abrupt,real/sudden/K=4/high/abrupt/partial/imbalanced/noisy,0.16239896760171157,0.003905454051484125
scn-8b7357aa82e6,1083536930,HDDM_W,0.8450044148611017,0.1119413460000942,4,4.0,4.0,4.0,0.0,0.0,0.0,1.0,1.0,1.0,0.0,49.0,55.0,inf,21446.0,inf,437.6734693877551,0.0,21446.0,hyperplane_gauss,30446,15,0.3698491238523275,0.09413866437971592,4,real,sudden,0,0.4270735745184242,0.5327603593468666,False,high,abrupt,real/sudden/K=4/high/abrupt/partial/imbalanced/noisy,0.1637234259322149,0.0025809957209808054
scn-8b7357aa82e6,1083536930,FHDDM,0.8445968892209468,0.04284836900023947,4,4.0,4.0,4.0,0.0,0.0,0.0,1.0,1.0,1.0,0.0,67.75,67.5,inf,21446.0,inf,316.54612546125463,0.0,21446.0,hyperplane_gauss,30446,15,0.3698491238523275,0.09413866437971592,4,real,sudden,0,0.4270735745184242,0.5327603593468666,False,high,abrupt,real/sudden/K=4/high/abrupt/partial/imbalanced/noisy,0.16331590029206,0.0029885213611356987
scn-8b7357aa82e6,1083536930,NoDrift,0.6812809889288868,0.029859068000405387,0,4.0,0.0,0.0,4.0,0.0,0.0,,0.0,0.0,1.0,,,inf,21446.0,,,0.0,21446.0,hyperplane_gauss,30446,15,0.3698491238523275,0.09413866437971592,4,real,sudden,0,0.4270735745184242,0.5327603593468666,False,high,abrupt,real/sudden/K=4/high/abrupt/partial/imbalanced/noisy,0.0,0.1663044216531957
scn-8b7357aa82e6,1083536930,Periodic(2000),0.8022481831148544,0.0326199210003324,14,4.0,14.0,4.0,0.0,10.0,0.0,0.2857142857142857,1.0,0.4444444444444445,0.0,1277.5,1277.5,2144.6,2144.6,1.6787475538160468,1.6787475538160468,0.46628741956542014,21446.0,hyperplane_gauss,30446,15,0.3698491238523275,0.09413866437971592,4,real,sudden,0,0.4270735745184242,0.5327603593468666,False,high,abrupt,real/sudden/K=4/high/abrupt/partial/imbalanced/noisy,0.12096719418596757,0.045337227467228125
scn-8b7357aa82e6,1083536930,Oracle,0.8475854105820825,0.03407975800018903,4,4.0,4.0,4.0,0.0,0.0,0.0,1.0,1.0,1.0,0.0,1.0,1.0,inf,21446.0,inf,21446.0,0.0,21446.0,hyperplane_gauss,30446,15,0.3698491238523275,0.09413866437971592,4,real,sudden,0,0.4270735745184242,0.5327603593468666,False,high,abrupt,real/sudden/K=4/high/abrupt/partial/imbalanced/noisy,0.1663044216531957,-0.0
scn-30947a311976,717772230,ADWIN,0.7392989254888145,0.019595408999975916,0,1.0,0.0,0.0,1.0,0.0,0.0,,0.0,0.0,1.0,,,inf,26151.0,,,0.0,26151.0,hyperplane_gauss,29385,3,0.09533376260660589,0.21878634402528405,1,prior,incremental,234,0.17981310889124869,1.0,False,medium,fast,prior/incremental/K=1/medium/fast/n/a/imbalanced/noisy,0.0,0.012788444601021687
scn-30947a311976,717772230,KSWIN,0.7454993834771887,6.196554656999979,1,1.0,1.0,0.0,1.0,1.0,0.0,0.0,0.0,0.0,1.0,,,26151.0,26151.0,,,0.0382394554701541,26151.0,hyperplane_gauss,29385,3,0.09533376260660589,0.21878634402528405,1,prior,incremental,234,0.17981310889124869,1.0,False,medium,fast,prior/incremental/K=1/medium/fast/n/a/imbalanced/noisy,0.006200457988374208,0.006587986612647478
scn-30947a311976,717772230,PageHinkley,0.7491985203452528,0.0284170909999375,3,1.0,3.0,1.0,0.0,2.0,0.0,0.3333333333333333,1.0,0.5,0.0,1516.0,1516.0,13075.5,13075.5,8.625,8.625,0.0764789109403082,26151.0,hyperplane_gauss,29385,3,0.09533376260660589,0.21878634402528405,1,prior,incremental,234,0.17981310889124869,1.0,False,medium,fast,prior/incremental/K=1/medium/fast/n/a/imbalanced/noisy,0.00989959485643832,0.002888849744583366
scn-30947a311976,717772230,PageHinkley-up,0.7500792672186014,0.027583518000028562,1,1.0,1.0,1.0,0.0,0.0,0.0,1.0,1.0,1.0,0.0,1516.0,1516.0,inf,26151.0,inf,17.25,0.0,26151.0,hyperplane_gauss,29385,3,0.09533376260660589,0.21878634402528405,1,prior,incremental,234,0.17981310889124869,1.0,False,medium,fast,prior/incremental/K=1/medium/fast/n/a/imbalanced/noisy,0.010780341729786924,0.0020081028712347626
scn-30947a311976,717772230,DDM,0.740849039985908,0.026346698999986984,1,1.0,1.0,0.0,1.0,1.0,0.0,0.0,0.0,0.0,1.0,,,26151.0,26151.0,,,0.0382394554701541,26151.0,hyperplane_gauss,29385,3,0.09533376260660589,0.21878634402528405,1,prior,incremental,234,0.17981310889124869,1.0,False,medium,fast,prior/incremental/K=1/medium/fast/n/a/imbalanced/noisy,0.0015501144970935243,0.011238330103928162
scn-30947a311976,717772230,EDDM,0.7422934648581998,0.023809401000107755,2,1.0,2.0,0.0,1.0,2.0,0.0,0.0,0.0,0.0,1.0,,,13075.5,13075.5,,,0.0764789109403082,26151.0,hyperplane_gauss,29385,3,0.09533376260660589,0.21878634402528405,1,prior,incremental,234,0.17981310889124869,1.0,False,medium,fast,prior/incremental/K=1/medium/fast/n/a/imbalanced/noisy,0.0029945393693853184,0.009793905231636368
scn-30947a311976,717772230,HDDM_A,0.7392989254888145,0.07750805399973615,0,1.0,0.0,0.0,1.0,0.0,0.0,,0.0,0.0,1.0,,,inf,26151.0,,,0.0,26151.0,hyperplane_gauss,29385,3,0.09533376260660589,0.21878634402528405,1,prior,incremental,234,0.17981310889124869,1.0,False,medium,fast,prior/incremental/K=1/medium/fast/n/a/imbalanced/noisy,0.0,0.012788444601021687
scn-30947a311976,717772230,HDDM_W,0.7495860489695262,0.09302593199981857,6,1.0,6.0,1.0,0.0,4.0,1.0,0.16666666666666666,1.0,0.2857142857142857,0.0,223.0,223.0,6537.75,6537.75,29.317264573991032,29.317264573991032,0.1529578218806164,26151.0,hyperplane_gauss,29385,3,0.09533376260660589,0.21878634402528405,1,prior,incremental,234,0.17981310889124869,1.0,False,medium,fast,prior/incremental/K=1/medium/fast/n/a/imbalanced/noisy,0.010287123480711702,0.002501321120309985
scn-30947a311976,717772230,FHDDM,0.7476484058481593,0.02364529099986612,1,1.0,1.0,0.0,1.0,1.0,0.0,0.0,0.0,0.0,1.0,,,26151.0,26151.0,,,0.0382394554701541,26151.0,hyperplane_gauss,29385,3,0.09533376260660589,0.21878634402528405,1,prior,incremental,234,0.17981310889124869,1.0,False,medium,fast,prior/incremental/K=1/medium/fast/n/a/imbalanced/noisy,0.008349480359344796,0.00443896424167689
scn-30947a311976,717772230,NoDrift,0.7392989254888145,0.013159115000235033,0,1.0,0.0,0.0,1.0,0.0,0.0,,0.0,0.0,1.0,,,inf,26151.0,,,0.0,26151.0,hyperplane_gauss,29385,3,0.09533376260660589,0.21878634402528405,1,prior,incremental,234,0.17981310889124869,1.0,False,medium,fast,prior/incremental/K=1/medium/fast/n/a/imbalanced/noisy,0.0,0.012788444601021687
scn-30947a311976,717772230,Periodic(2000),0.7468733485996125,0.014813373000379215,14,1.0,14.0,1.0,0.0,13.0,0.0,0.07142857142857142,1.0,0.13333333333333333,0.0,925.0,925.0,2011.6153846153845,2011.6153846153845,2.1747193347193345,2.1747193347193345,0.4971129211120034,26151.0,hyperplane_gauss,29385,3,0.09533376260660589,0.21878634402528405,1,prior,incremental,234,0.17981310889124869,1.0,False,medium,fast,prior/incremental/K=1/medium/fast/n/a/imbalanced/noisy,0.007574423110798034,0.005214021490223653
scn-30947a311976,717772230,Oracle,0.7520873700898362,0.014422792999994272,1,1.0,1.0,1.0,0.0,0.0,0.0,1.0,1.0,1.0,0.0,118.0,118.0,inf,26151.0,inf,221.61864406779662,0.0,26151.0,hyperplane_gauss,29385,3,0.09533376260660589,0.21878634402528405,1,prior,incremental,234,0.17981310889124869,1.0,False,medium,fast,prior/incremental/K=1/medium/fast/n/a/imbalanced/noisy,0.012788444601021687,-0.0
scn-30947a311976,717772231,ADWIN,0.7526158182138454,0.019530324000243127,1,1.0,1.0,1.0,0.0,0.0,0.0,1.0,1.0,1.0,0.0,205.0,205.0,inf,26151.0,inf,127.56585365853658,0.0,26151.0,hyperplane_gauss,29385,3,0.09533376260660589,0.21878634402528405,1,prior,incremental,234,0.17981310889124869,1.0,False,medium,fast,prior/incremental/K=1/medium/fast/n/a/imbalanced/noisy,0.0163114320944161,0.0001056896248018413
scn-30947a311976,717772231,KSWIN,0.7519464505901005,6.026379324000118,1,1.0,1.0,0.0,1.0,1.0,0.0,0.0,0.0,0.0,1.0,,,26151.0,26151.0,,,0.0382394554701541,26151.0,hyperplane_gauss,29385,3,0.09533376260660589,0.21878634402528405,1,prior,incremental,234,0.17981310889124869,1.0,False,medium,fast,prior/incremental/K=1/medium/fast/n/a/imbalanced/noisy,0.01564206447067118,0.0007750572485467622
scn-30947a311976,717772231,PageHinkley,0.7497621983441959,0.02772658899993985,2,1.0,2.0,0.0,1.0,2.0,0.0,0.0,0.0,0.0,1.0,,,13075.5,13075.5,,,0.0764789109403082,26151.0,hyperplane_gauss,29385,3,0.09533376260660589,0.21878634402528405,1,prior,incremental,234,0.17981310889124869,1.0,False,medium,fast,prior/incremental/K=1/medium/fast/n/a/imbalanced/noisy,0.013457812224766608,0.0029593094944513343
scn-30947a311976,717772231,PageHinkley-up,0.7531794962127885,0.02721842100027061,2,1.0,2.0,0.0,1.0,2.0,0.0,0.0,0.0,0.0,1.0,,,13075.5,13075.5,,,0.0764789109403082,26151.0,hyperplane_gauss,29385,3,0.09533376260660589,0.21878634402528405,1,prior,incremental,234,0.17981310889124869,1.0,False,medium,fast,prior/incremental/K=1/medium/fast/n/a/imbalanced/noisy,0.01687511009335918,-0.0004579883741412383
scn-30947a311976,717772231,DDM,0.7363043861194293,0.026300045999960275,0,1.0,0.0,0.0,1.0,0.0,0.0,,0.0,0.0,1.0,,,inf,26151.0,,,0.0,26151.0,hyperplane_gauss,29385,3,0.09533376260660589,0.21878634402528405,1,prior,incremental,234,0.17981310889124869,1.0,False,medium,fast,prior/incremental/K=1/medium/fast/n/a/imbalanced/noisy,0.0,0.016417121719217942
scn-30947a311976,717772231,EDDM,0.7387352474898714,0.033849691999876086,16,1.0,16.0,0.0,1.0,16.0,0.0,0.0,0.0,0.0,1.0,,,1634.4375,1634.4375,,,0.6118312875224656,26151.0,hyperplane_gauss,29385,3,0.09533376260660589,0.21878634402528405,1,prior,incremental,234,0.17981310889124869,1.0,False,medium,fast,prior/incremental/K=1/medium/fast/n/a/imbalanced/noisy,0.002430861370442128,0.013986260348775814
scn-30947a311976,717772231,HDDM_A,0.7513827725911573,0.08372002399983103,1,1.0,1.0,1.0,0.0,0.0,0.0,1.0,1.0,1.0,0.0,448.0,448.0,inf,26151.0,inf,58.372767857142854,0.0,26151.0,hyperplane_gauss,29385,3,0.09533376260660589,0.21878634402528405,1,prior,incremental,234,0.17981310889124869,1.0,False,medium,fast,prior/incremental/K=1/medium/fast/n/a/imbalanced/noisy,0.01507838647172799,0.0013387352474899528
scn-30947a311976,717772231,HDDM_W,0.7512418530914216,0.09014774600018427,5,1.0,5.0,1.0,0.0,4.0,0.0,0.2,1.0,0.33333333333333337,0.0,160.0,160.0,6537.75,6537.75,40.8609375,40.8609375,0.1529578218806164,26151.0,hyperplane_gauss,29385,3,0.09533376260660589,0.21878634402528405,1,prior,incremental,234,0.17981310889124869,1.0,False,medium,fast,prior/incremental/K=1/medium/fast/n/a/imbalanced/noisy,0.014937466971992275,0.0014796547472256671
scn-30947a311976,717772231,FHDDM,0.7518759908402325,0.02293701900043743,2,1.0,2.0,1.0,0.0,1.0,0.0,0.5,1.0,0.6666666666666666,0.0,159.0,159.0,26151.0,26151.0,164.47169811320754,164.47169811320754,0.0382394554701541,26151.0,hyperplane_gauss,29385,3,0.09533376260660589,0.21878634402528405,1,prior,incremental,234,0.17981310889124869,1.0,False,medium,fast,prior/incremental/K=1/medium/fast/n/a/imbalanced/noisy,0.015571604720803212,0.0008455169984147304
scn-30947a311976,717772231,NoDrift,0.7363043861194293,0.01365282799997658,0,1.0,0.0,0.0,1.0,0.0,0.0,,0.0,0.0,1.0,,,inf,26151.0,,,0.0,26151.0,hyperplane_gauss,29385,3,0.09533376260660589,0.21878634402528405,1,prior,incremental,234,0.17981310889124869,1.0,False,medium,fast,prior/incremental/K=1/medium/fast/n/a/imbalanced/noisy,0.0,0.016417121719217942
scn-30947a311976,717772231,Periodic(2000),0.7449004756033116,0.014296662000106153,14,1.0,14.0,1.0,0.0,13.0,0.0,0.07142857142857142,1.0,0.13333333333333333,0.0,925.0,925.0,2011.6153846153845,2011.6153846153845,2.1747193347193345,2.1747193347193345,0.4971129211120034,26151.0,hyperplane_gauss,29385,3,0.09533376260660589,0.21878634402528405,1,prior,incremental,234,0.17981310889124869,1.0,False,medium,fast,prior/incremental/K=1/medium/fast/n/a/imbalanced/noisy,0.008596089483882352,0.00782103223533559
scn-30947a311976,717772231,Oracle,0.7527215078386472,0.013864213000033487,1,1.0,1.0,1.0,0.0,0.0,0.0,1.0,1.0,1.0,0.0,118.0,118.0,inf,26151.0,inf,221.61864406779662,0.0,26151.0,hyperplane_gauss,29385,3,0.09533376260660589,0.21878634402528405,1,prior,incremental,234,0.17981310889124869,1.0,False,medium,fast,prior/incremental/K=1/medium/fast/n/a/imbalanced/noisy,0.016417121719217942,-0.0
scn-30947a311976,717772232,ADWIN,0.7452175444777172,0.019451234999905864,1,1.0,1.0,1.0,0.0,0.0,0.0,1.0,1.0,1.0,0.0,1965.0,1965.0,inf,26151.0,inf,13.308396946564885,0.0,26151.0,hyperplane_gauss,29385,3,0.09533376260660589,0.21878634402528405,1,prior,incremental,234,0.17981310889124869,1.0,False,medium,fast,prior/incremental/K=1/medium/fast/n/a/imbalanced/noisy,0.011344019728730004,0.004932182490752113
scn-30947a311976,717772232,KSWIN,0.7443367976043685,5.959116816999995,2,1.0,2.0,1.0,0.0,1.0,0.0,0.5,1.0,0.6666666666666666,0.0,2151.0,2151.0,26151.0,26151.0,12.157601115760112,12.157601115760112,0.0382394554701541,26151.0,hyperplane_gauss,29385,3,0.09533376260660589,0.21878634402528405,1,prior,incremental,234,0.17981310889124869,1.0,False,medium,fast,prior/incremental/K=1/medium/fast/n/a/imbalanced/noisy,0.0104632728553814,0.005812929364100716
scn-30947a311976,717772232,PageHinkley,0.7458164523515941,0.02922166299958917,4,1.0,4.0,1.0,0.0,3.0,0.0,0.25,1.0,0.4,0.0,403.0,403.0,8717.0,8717.0,21.6302729528536,21.6302729528536,0.11471836641046232,26151.0,hyperplane_gauss,29385,3,0.09533376260660589,0.21878634402528405,1,prior,incremental,234,0.17981310889124869,1.0,False,medium,fast,prior/incremental/K=1/medium/fast/n/a/imbalanced/noisy,0.011942927602606956,0.00433327461687516
scn-30947a311976,717772232,PageHinkley-up,0.7467324290998767,0.02781238099987604,2,1.0,2.0,1.0,0.0,1.0,0.0,0.5,1.0,0.6666666666666666,0.0,403.0,403.0,26151.0,26151.0,64.89081885856079,64.89081885856079,0.0382394554701541,26151.0,hyperplane_gauss,29385,3,0.09533376260660589,0.21878634402528405,1,prior,incremental,234,0.17981310889124869,1.0,False,medium,fast,prior/incremental/K=1/medium/fast/n/a/imbalanced/noisy,0.012858904350889544,0.0034172978685925726
scn-30947a311976,717772232,DDM,0.7338735247489871,0.02581506700016689,0,1.0,0.0,0.0,1.0,0.0,0.0,,0.0,0.0,1.0,,,inf,26151.0,,,0.0,26151.0,hyperplane_gauss,29385,3,0.09533376260660589,0.21878634402528405,1,prior,incremental,234,0.17981310889124869,1.0,False,medium,fast,prior/incremental/K=1/medium/fast/n/a/imbalanced/noisy,0.0,0.016276202219482117
scn-30947a311976,717772232,EDDM,0.7347895014972697,0.02649773399980404,6,1.0,6.0,0.0,1.0,6.0,0.0,0.0,0.0,0.0,1.0,,,4358.5,4358.5,,,0.22943673282092464,26151.0,hyperplane_gauss,29385,3,0.09533376260660589,0.21878634402528405,1,prior,incremental,234,0.17981310889124869,1.0,False,medium,fast,prior/incremental/K=1/medium/fast/n/a/imbalanced/noisy,0.0009159767482825876,0.015360225471199529
scn-30947a311976,717772232,HDDM_A,0.7438435793552933,0.08645873399973425,1,1.0,1.0,0.0,1.0,1.0,0.0,0.0,0.0,0.0,1.0,,,26151.0,26151.0,,,0.0382394554701541,26151.0,hyperplane_gauss,29385,3,0.09533376260660589,0.21878634402528405,1,prior,incremental,234,0.17981310889124869,1.0,False,medium,fast,prior/incremental/K=1/medium/fast/n/a/imbalanced/noisy,0.009970054606306178,0.006306147613175939
scn-30947a311976,717772232,HDDM_W,0.7471199577241501,0.09345889999985957,6,1.0,6.0,1.0,0.0,5.0,0.0,0.16666666666666666,1.0,0.2857142857142857,0.0,35.0,35.0,5230.2,5230.2,149.43428571428572,149.43428571428572,0.19119727735077052,26151.0,hyperplane_gauss,29385,3,0.09533376260660589,0.21878634402528405,1,prior,incremental,234,0.17981310889124869,1.0,False,medium,fast,prior/incremental/K=1/medium/fast/n/a/imbalanced/noisy,0.013246432975162925,0.0030297692443191915
scn-30947a311976,717772232,FHDDM,0.7471904174740179,0.05454361100009919,6,1.0,6.0,1.0,0.0,5.0,0.0,0.16666666666666666,1.0,0.2857142857142857,0.0,40.0,40.0,5230.2,5230.2,130.755,130.755,0.19119727735077052,26151.0,hyperplane_gauss,29385,3,0.09533376260660589,0.21878634402528405,1,prior,incremental,234,0.17981310889124869,1.0,False,medium,fast,prior/incremental/K=1/medium/fast/n/a/imbalanced/noisy,0.013316892725030782,0.0029593094944513343
scn-30947a311976,717772232,NoDrift,0.7338735247489871,0.013479841999924247,0,1.0,0.0,0.0,1.0,0.0,0.0,,0.0,0.0,1.0,,,inf,26151.0,,,0.0,26151.0,hyperplane_gauss,29385,3,0.09533376260660589,0.21878634402528405,1,prior,incremental,234,0.17981310889124869,1.0,False,medium,fast,prior/incremental/K=1/medium/fast/n/a/imbalanced/noisy,0.0,0.016276202219482117
scn-30947a311976,717772232,Periodic(2000),0.7426457636075392,0.01739059700003054,14,1.0,14.0,1.0,0.0,13.0,0.0,0.07142857142857142,1.0,0.13333333333333333,0.0,925.0,925.0,2011.6153846153845,2011.6153846153845,2.1747193347193345,2.1747193347193345,0.4971129211120034,26151.0,hyperplane_gauss,29385,3,0.09533376260660589,0.21878634402528405,1,prior,incremental,234,0.17981310889124869,1.0,False,medium,fast,prior/incremental/K=1/medium/fast/n/a/imbalanced/noisy,0.00877223885855205,0.007503963360930066
scn-30947a311976,717772232,Oracle,0.7501497269684693,0.01381384500018612,1,1.0,1.0,1.0,0.0,0.0,0.0,1.0,1.0,1.0,0.0,118.0,118.0,inf,26151.0,inf,221.61864406779662,0.0,26151.0,hyperplane_gauss,29385,3,0.09533376260660589,0.21878634402528405,1,prior,incremental,234,0.17981310889124869,1.0,False,medium,fast,prior/incremental/K=1/medium/fast/n/a/imbalanced/noisy,0.016276202219482117,-0.0
scn-4dadfe8fc886,1401825932,ADWIN,0.831492027334852,0.07347881099985898,12,3.0,12.0,3.0,0.0,8.0,1.0,0.25,1.0,0.4,0.0,1024.6666666666667,1174.0,1305.875,1305.875,1.2744388418998047,1.2744388418998047,0.7657700775342203,10447.0,hyperplane_gauss,18560,40,0.4662184562999755,0.022415038291364906,3,virtual,gradual,371,0.09945889666676522,0.7158577293157578,True,low,fast,virtual/gradual/K=3/recurring/low/fast/partial/balanced/noisy,-0.10193621867881553,0.05842824601366736
scn-4dadfe8fc886,1401825932,KSWIN,0.9334282460136675,3.9011994809998214,0,3.0,0.0,0.0,3.0,0.0,0.0,,0.0,0.0,1.0,,,inf,10447.0,,,0.0,10447.0,hyperplane_gauss,18560,40,0.4662184562999755,0.022415038291364906,3,virtual,gradual,371,0.09945889666676522,0.7158577293157578,True,low,fast,virtual/gradual/K=3/recurring/low/fast/partial/balanced/noisy,0.0,-0.043507972665148165
scn-4dadfe8fc886,1401825932,PageHinkley,0.800626423690205,0.11602198299988231,21,3.0,21.0,3.0,0.0,11.0,7.0,0.14285714285714285,1.0,0.25,0.0,411.3333333333333,188.0,949.7272727272727,949.7272727272727,2.3088993664358335,2.3088993664358335,1.052933856609553,10447.0,hyperplane_gauss,18560,40,0.4662184562999755,0.022415038291364906,3,virtual,gradual,371,0.09945889666676522,0.7158577293157578,True,low,fast,virtual/gradual/K=3/recurring/low/fast/partial/balanced/noisy,-0.1328018223234625,0.08929384965831433
scn-4dadfe8fc886,1401825932,PageHinkley-up,0.9334282460136675,0.05390807300000233,0,3.0,0.0,0.0,3.0,0.0,0.0,,0.0,0.0,1.0,,,inf,10447.0,,,0.0,10447.0,hyperplane_gauss,18560,40,0.4662184562999755,0.022415038291364906,3,virtual,gradual,371,0.09945889666676522,0.7158577293157578,True,low,fast,virtual/gradual/K=3/recurring/low/fast/partial/balanced/noisy,0.0,-0.043507972665148165
scn-4dadfe8fc886,1401825932,DDM,0.9334282460136675,0.056604756000069756,0,3.0,0.0,0.0,3.0,0.0,0.0,,0.0,0.0,1.0,,,inf,10447.0,,,0.0,10447.0,hyperplane_gauss,18560,40,0.4662184562999755,0.022415038291364906,3,virtual,gradual,371,0.09945889666676522,0.7158577293157578,True,low,fast,virtual/gradual/K=3/recurring/low/fast/partial/balanced/noisy,0.0,-0.043507972665148165
scn-4dadfe8fc886,1401825932,EDDM,0.9257403189066059,0.05287014299983639,1,3.0,1.0,0.0,3.0,1.0,0.0,0.0,0.0,0.0,1.0,,,10447.0,10447.0,,,0.09572125969177754,10447.0,hyperplane_gauss,18560,40,0.4662184562999755,0.022415038291364906,3,virtual,gradual,371,0.09945889666676522,0.7158577293157578,True,low,fast,virtual/gradual/K=3/recurring/low/fast/partial/balanced/noisy,-0.007687927107061565,-0.0358200455580866
scn-4dadfe8fc886,1401825932,HDDM_A,0.9334282460136675,0.1288702279998688,0,3.0,0.0,0.0,3.0,0.0,0.0,,0.0,0.0,1.0,,,inf,10447.0,,,0.0,10447.0,hyperplane_gauss,18560,40,0.4662184562999755,0.022415038291364906,3,virtual,gradual,371,0.09945889666676522,0.7158577293157578,True,low,fast,virtual/gradual/K=3/recurring/low/fast/partial/balanced/noisy,0.0,-0.043507972665148165
scn-4dadfe8fc886,1401825932,HDDM_W,0.9334282460136675,0.09173354799986555,0,3.0,0.0,0.0,3.0,0.0,0.0,,0.0,0.0,1.0,,,inf,10447.0,,,0.0,10447.0,hyperplane_gauss,18560,40,0.4662184562999755,0.022415038291364906,3,virtual,gradual,371,0.09945889666676522,0.7158577293157578,True,low,fast,virtual/gradual/K=3/recurring/low/fast/partial/balanced/noisy,0.0,-0.043507972665148165
scn-4dadfe8fc886,1401825932,FHDDM,0.9334282460136675,0.05139818899988313,0,3.0,0.0,0.0,3.0,0.0,0.0,,0.0,0.0,1.0,,,inf,10447.0,,,0.0,10447.0,hyperplane_gauss,18560,40,0.4662184562999755,0.022415038291364906,3,virtual,gradual,371,0.09945889666676522,0.7158577293157578,True,low,fast,virtual/gradual/K=3/recurring/low/fast/partial/balanced/noisy,0.0,-0.043507972665148165
scn-4dadfe8fc886,1401825932,NoDrift,0.9334282460136675,0.04754292000006899,0,3.0,0.0,0.0,3.0,0.0,0.0,,0.0,0.0,1.0,,,inf,10447.0,,,0.0,10447.0,hyperplane_gauss,18560,40,0.4662184562999755,0.022415038291364906,3,virtual,gradual,371,0.09945889666676522,0.7158577293157578,True,low,fast,virtual/gradual/K=3/recurring/low/fast/partial/balanced/noisy,0.0,-0.043507972665148165
scn-4dadfe8fc886,1401825932,Periodic(2000),0.8482915717539863,0.058346675999928266,8,3.0,8.0,3.0,0.0,4.0,1.0,0.375,1.0,0.5454545454545454,0.0,406.0,406.0,2611.75,2611.75,6.432881773399015,6.432881773399015,0.38288503876711016,10447.0,hyperplane_gauss,18560,40,0.4662184562999755,0.022415038291364906,3,virtual,gradual,371,0.09945889666676522,0.7158577293157578,True,low,fast,virtual/gradual/K=3/recurring/low/fast/partial/balanced/noisy,-0.08513667425968119,0.041628701594533024
scn-4dadfe8fc886,1401825932,Oracle,0.8899202733485193,0.050646739000058005,3,3.0,3.0,3.0,0.0,0.0,0.0,1.0,1.0,1.0,0.0,186.0,186.0,inf,10447.0,inf,56.166666666666664,0.0,10447.0,hyperplane_gauss,18560,40,0.4662184562999755,0.022415038291364906,3,virtual,gradual,371,0.09945889666676522,0.7158577293157578,True,low,fast,virtual/gradual/K=3/recurring/low/fast/partial/balanced/noisy,-0.043507972665148165,-0.0
scn-4dadfe8fc886,1401825933,ADWIN,0.8626423690205012,0.07354798400001528,10,3.0,10.0,2.0,1.0,6.0,2.0,0.2,0.6666666666666666,0.30769230769230765,0.33333333333333337,967.5,967.5,1741.1666666666667,1741.1666666666667,1.1997703129486075,1.1997703129486075,0.5743275581506653,10447.0,hyperplane_gauss,18560,40,0.4662184562999755,0.022415038291364906,3,virtual,gradual,371,0.09945889666676522,0.7158577293157578,True,low,fast,virtual/gradual/K=3/recurring/low/fast/partial/balanced/noisy,-0.07044419134396351,0.028473804100227706
scn-4dadfe8fc886,1401825933,KSWIN,0.9330865603644647,3.81823537199989,0,3.0,0.0,0.0,3.0,0.0,0.0,,0.0,0.0,1.0,,,inf,10447.0,,,0.0,10447.0,hyperplane_gauss,18560,40,0.4662184562999755,0.022415038291364906,3,virtual,gradual,371,0.09945889666676522,0.7158577293157578,True,low,fast,virtual/gradual/K=3/recurring/low/fast/partial/balanced/noisy,0.0,-0.04197038724373581
scn-4dadfe8fc886,1401825933,PageHinkley,0.8377562642369021,0.09992186599993147,16,3.0,16.0,2.0,1.0,9.0,5.0,0.125,0.6666666666666666,0.21052631578947367,0.33333333333333337,93.5,93.5,1160.7777777777778,1160.7777777777778,8.276490394137452,8.276490394137452,0.8614913372259979,10447.0,hyperplane_gauss,18560,40,0.4662184562999755,0.022415038291364906,3,virtual,gradual,371,0.09945889666676522,0.7158577293157578,True,low,fast,virtual/gradual/K=3/recurring/low/fast/partial/balanced/noisy,-0.09533029612756261,0.0533599088838268
scn-4dadfe8fc886,1401825933,PageHinkley-up,0.9330865603644647,0.05329985599973952,0,3.0,0.0,0.0,3.0,0.0,0.0,,0.0,0.0,1.0,,,inf,10447.0,,,0.0,10447.0,hyperplane_gauss,18560,40,0.4662184562999755,0.022415038291364906,3,virtual,gradual,371,0.09945889666676522,0.7158577293157578,True,low,fast,virtual/gradual/K=3/recurring/low/fast/partial/balanced/noisy,0.0,-0.04197038724373581
scn-4dadfe8fc886,1401825933,DDM,0.9247722095671982,0.055251333999876806,1,3.0,1.0,0.0,3.0,1.0,0.0,0.0,0.0,0.0,1.0,,,10447.0,10447.0,,,0.09572125969177754,10447.0,hyperplane_gauss,18560,40,0.4662184562999755,0.022415038291364906,3,virtual,gradual,371,0.09945889666676522,0.7158577293157578,True,low,fast,virtual/gradual/K=3/recurring/low/fast/partial/balanced/noisy,-0.008314350797266501,-0.033656036446469306
scn-4dadfe8fc886,1401825933,EDDM,0.9210706150341685,0.05522870300001159,2,3.0,2.0,0.0,3.0,2.0,0.0,0.0,0.0,0.0,1.0,,,5223.5,5223.5,,,0.19144251938355508,10447.0,hyperplane_gauss,18560,40,0.4662184562999755,0.022415038291364906,3,virtual,gradual,371,0.09945889666676522,0.7158577293157578,True,low,fast,virtual/gradual/K=3/recurring/low/fast/partial/balanced/noisy,-0.012015945330296152,-0.029954441913439656
scn-4dadfe8fc886,1401825933,HDDM_A,0.9330865603644647,0.12042554999970889,0,3.0,0.0,0.0,3.0,0.0,0.0,,0.0,0.0,1.0,,,inf,10447.0,,,0.0,10447.0,hyperplane_gauss,18560,40,0.4662184562999755,0.022415038291364906,3,virtual,gradual,371,0.09945889666676522,0.7158577293157578,True,low,fast,virtual/gradual/K=3/recurring/low/fast/partial/balanced/noisy,0.0,-0.04197038724373581
scn-4dadfe8fc886,1401825933,HDDM_W,0.9330865603644647,0.09017528899994431,0,3.0,0.0,0.0,3.0,0.0,0.0,,0.0,0.0,1.0,,,inf,10447.0,,,0.0,10447.0,hyperplane_gauss,18560,40,0.4662184562999755,0.022415038291364906,3,virtual,gradual,371,0.09945889666676522,0.7158577293157578,True,low,fast,virtual/gradual/K=3/recurring/low/fast/partial/balanced/noisy,0.0,-0.04197038724373581
scn-4dadfe8fc886,1401825933,FHDDM,0.9330865603644647,0.050344280999979674,0,3.0,0.0,0.0,3.0,0.0,0.0,,0.0,0.0,1.0,,,inf,10447.0,,,0.0,10447.0,hyperplane_gauss,18560,40,0.4662184562999755,0.022415038291364906,3,virtual,gradual,371,0.09945889666676522,0.7158577293157578,True,low,fast,virtual/gradual/K=3/recurring/low/fast/partial/balanced/noisy,0.0,-0.04197038724373581
scn-4dadfe8fc886,1401825933,NoDrift,0.9330865603644647,0.04510189000029641,0,3.0,0.0,0.0,3.0,0.0,0.0,,0.0,0.0,1.0,,,inf,10447.0,,,0.0,10447.0,hyperplane_gauss,18560,40,0.4662184562999755,0.022415038291364906,3,virtual,gradual,371,0.09945889666676522,0.7158577293157578,True,low,fast,virtual/gradual/K=3/recurring/low/fast/partial/balanced/noisy,0.0,-0.04197038724373581
scn-4dadfe8fc886,1401825933,Periodic(2000),0.8534738041002278,0.048645354000200314,8,3.0,8.0,3.0,0.0,4.0,1.0,0.375,1.0,0.5454545454545454,0.0,406.0,406.0,2611.75,2611.75,6.432881773399015,6.432881773399015,0.38288503876711016,10447.0,hyperplane_gauss,18560,40,0.4662184562999755,0.022415038291364906,3,virtual,gradual,371,0.09945889666676522,0.7158577293157578,True,low,fast,virtual/gradual/K=3/recurring/low/fast/partial/balanced/noisy,-0.07961275626423692,0.03764236902050111
scn-4dadfe8fc886,1401825933,Oracle,0.8911161731207289,0.05046436799966614,3,3.0,3.0,3.0,0.0,0.0,0.0,1.0,1.0,1.0,0.0,186.0,186.0,inf,10447.0,inf,56.166666666666664,0.0,10447.0,hyperplane_gauss,18560,40,0.4662184562999755,0.022415038291364906,3,virtual,gradual,371,0.09945889666676522,0.7158577293157578,True,low,fast,virtual/gradual/K=3/recurring/low/fast/partial/balanced/noisy,-0.04197038724373581,-0.0
scn-4dadfe8fc886,1401825934,ADWIN,0.8370159453302961,0.07155189900004189,12,3.0,12.0,3.0,0.0,7.0,2.0,0.25,1.0,0.4,0.0,939.3333333333334,886.0,1492.4285714285713,1492.4285714285713,1.5888167900233192,1.5888167900233192,0.6700488178424429,10447.0,hyperplane_gauss,18560,40,0.4662184562999755,0.022415038291364906,3,virtual,gradual,371,0.09945889666676522,0.7158577293157578,True,low,fast,virtual/gradual/K=3/recurring/low/fast/partial/balanced/noisy,-0.09692482915717537,0.05586560364464699
scn-4dadfe8fc886,1401825934,KSWIN,0.9339407744874715,3.784664500999952,0,3.0,0.0,0.0,3.0,0.0,0.0,,0.0,0.0,1.0,,,inf,10447.0,,,0.0,10447.0,hyperplane_gauss,18560,40,0.4662184562999755,0.022415038291364906,3,virtual,gradual,371,0.09945889666676522,0.7158577293157578,True,low,fast,virtual/gradual/K=3/recurring/low/fast/partial/balanced/noisy,0.0,-0.041059225512528386
scn-4dadfe8fc886,1401825934,PageHinkley,0.8104214123006833,0.11061422300008417,19,3.0,19.0,3.0,0.0,10.0,6.0,0.15789473684210525,1.0,0.2727272727272727,0.0,616.3333333333334,184.0,1044.7,1044.7,1.6950243374797187,1.6950243374797187,0.9572125969177755,10447.0,hyperplane_gauss,18560,40,0.4662184562999755,0.022415038291364906,3,virtual,gradual,371,0.09945889666676522,0.7158577293157578,True,low,fast,virtual/gradual/K=3/recurring/low/fast/partial/balanced/noisy,-0.12351936218678816,0.08246013667425978
scn-4dadfe8fc886,1401825934,PageHinkley-up,0.9339407744874715,0.05586783500029924,0,3.0,0.0,0.0,3.0,0.0,0.0,,0.0,0.0,1.0,,,inf,10447.0,,,0.0,10447.0,hyperplane_gauss,18560,40,0.4662184562999755,0.022415038291364906,3,virtual,gradual,371,0.09945889666676522,0.7158577293157578,True,low,fast,virtual/gradual/K=3/recurring/low/fast/partial/balanced/noisy,0.0,-0.041059225512528386
scn-4dadfe8fc886,1401825934,DDM,0.9339407744874715,0.0540475669999978,0,3.0,0.0,0.0,3.0,0.0,0.0,,0.0,0.0,1.0,,,inf,10447.0,,,0.0,10447.0,hyperplane_gauss,18560,40,0.4662184562999755,0.022415038291364906,3,virtual,gradual,371,0.09945889666676522,0.7158577293157578,True,low,fast,virtual/gradual/K=3/recurring/low/fast/partial/balanced/noisy,0.0,-0.041059225512528386
scn-4dadfe8fc886,1401825934,EDDM,0.9250569476082005,0.052364154000315466,1,3.0,1.0,0.0,3.0,1.0,0.0,0.0,0.0,0.0,1.0,,,10447.0,10447.0,,,0.09572125969177754,10447.0,hyperplane_gauss,18560,40,0.4662184562999755,0.022415038291364906,3,virtual,gradual,371,0.09945889666676522,0.7158577293157578,True,low,fast,virtual/gradual/K=3/recurring/low/fast/partial/balanced/noisy,-0.008883826879271028,-0.03217539863325736
scn-4dadfe8fc886,1401825934,HDDM_A,0.9339407744874715,0.12548101899983521,0,3.0,0.0,0.0,3.0,0.0,0.0,,0.0,0.0,1.0,,,inf,10447.0,,,0.0,10447.0,hyperplane_gauss,18560,40,0.4662184562999755,0.022415038291364906,3,virtual,gradual,371,0.09945889666676522,0.7158577293157578,True,low,fast,virtual/gradual/K=3/recurring/low/fast/partial/balanced/noisy,0.0,-0.041059225512528386
scn-4dadfe8fc886,1401825934,HDDM_W,0.9339407744874715,0.0907380399999056,0,3.0,0.0,0.0,3.0,0.0,0.0,,0.0,0.0,1.0,,,inf,10447.0,,,0.0,10447.0,hyperplane_gauss,18560,40,0.4662184562999755,0.022415038291364906,3,virtual,gradual,371,0.09945889666676522,0.7158577293157578,True,low,fast,virtual/gradual/K=3/recurring/low/fast/partial/balanced/noisy,0.0,-0.041059225512528386
scn-4dadfe8fc886,1401825934,FHDDM,0.9339407744874715,0.051109445999827585,0,3.0,0.0,0.0,3.0,0.0,0.0,,0.0,0.0,1.0,,,inf,10447.0,,,0.0,10447.0,hyperplane_gauss,18560,40,0.4662184562999755,0.022415038291364906,3,virtual,gradual,371,0.09945889666676522,0.7158577293157578,True,low,fast,virtual/gradual/K=3/recurring/low/fast/partial/balanced/noisy,0.0,-0.041059225512528386
scn-4dadfe8fc886,1401825934,NoDrift,0.9339407744874715,0.04536534299995765,0,3.0,0.0,0.0,3.0,0.0,0.0,,0.0,0.0,1.0,,,inf,10447.0,,,0.0,10447.0,hyperplane_gauss,18560,40,0.4662184562999755,0.022415038291364906,3,virtual,gradual,371,0.09945889666676522,0.7158577293157578,True,low,fast,virtual/gradual/K=3/recurring/low/fast/partial/balanced/noisy,0.0,-0.041059225512528386
scn-4dadfe8fc886,1401825934,Periodic(2000),0.8535876993166287,0.048702720000164845,8,3.0,8.0,3.0,0.0,4.0,1.0,0.375,1.0,0.5454545454545454,0.0,406.0,406.0,2611.75,2611.75,6.432881773399015,6.432881773399015,0.38288503876711016,10447.0,hyperplane_gauss,18560,40,0.4662184562999755,0.022415038291364906,3,virtual,gradual,371,0.09945889666676522,0.7158577293157578,True,low,fast,virtual/gradual/K=3/recurring/low/fast/partial/balanced/noisy,-0.08035307517084278,0.039293849658314395
scn-4dadfe8fc886,1401825934,Oracle,0.8928815489749431,0.05013651599983859,3,3.0,3.0,3.0,0.0,0.0,0.0,1.0,1.0,1.0,0.0,186.0,186.0,inf,10447.0,inf,56.166666666666664,0.0,10447.0,hyperplane_gauss,18560,40,0.4662184562999755,0.022415038291364906,3,virtual,gradual,371,0.09945889666676522,0.7158577293157578,True,low,fast,virtual/gradual/K=3/recurring/low/fast/partial/balanced/noisy,-0.041059225512528386,-0.0
scn-909d199df6e2,1326133324,ADWIN,0.671178106685209,0.038419631000124355,0,5.0,0.0,0.0,5.0,0.0,0.0,,0.0,0.0,1.0,,,inf,23498.0,,,0.0,23498.0,hyperplane_gauss,41268,9,0.16419875822030008,0.2927072402089834,5,real,gradual,1354,0.10469629209158227,0.22139102071523667,False,medium,slow,real/gradual/K=5/medium/slow/partial/imbalanced/noisy,0.0,0.0013658488129532076
scn-909d199df6e2,1326133324,KSWIN,0.66735373000894,8.626667113000167,5,5.0,5.0,2.0,3.0,3.0,0.0,0.4,0.4,0.4000000000000001,0.6,1761.0,1761.0,7832.666666666667,7832.666666666667,1.7791406397879994,1.7791406397879994,0.12767044003744998,23498.0,hyperplane_gauss,41268,9,0.16419875822030008,0.2927072402089834,5,real,gradual,1354,0.10469629209158227,0.22139102071523667,False,medium,slow,real/gradual/K=5/medium/slow/partial/imbalanced/noisy,-0.0038243766762690035,0.005190225489222211
scn-909d199df6e2,1326133324,PageHinkley,0.6641501937021953,0.061043434999646706,13,5.0,13.0,4.0,1.0,7.0,2.0,0.3076923076923077,0.8,0.4444444444444444,0.19999999999999996,1465.0,1594.0,3356.8571428571427,3356.8571428571427,1.8330960507069722,1.8330960507069722,0.29789769342071665,23498.0,hyperplane_gauss,41268,9,0.16419875822030008,0.2927072402089834,5,real,gradual,1354,0.10469629209158227,0.22139102071523667,False,medium,slow,real/gradual/K=5/medium/slow/partial/imbalanced/noisy,-0.007027912983013751,0.008393761795966959
scn-909d199df6e2,1326133324,PageHinkley-up,0.6687195788218934,0.05176780800002234,2,5.0,2.0,1.0,4.0,1.0,0.0,0.5,0.2,0.28571428571428575,0.8,1747.0,1747.0,23498.0,23498.0,2.690097309673726,2.690097309673726,0.042556813345816666,23498.0,hyperplane_gauss,41268,9,0.16419875822030008,0.2927072402089834,5,real,gradual,1354,0.10469629209158227,0.22139102071523667,False,medium,slow,real/gradual/K=5/medium/slow/partial/imbalanced/noisy,-0.002458527863315685,0.0038243766762688924
scn-909d199df6e2,1326133324,DDM,0.671178106685209,0.049535767000179476,0,5.0,0.0,0.0,5.0,0.0,0.0,,0.0,0.0,1.0,,,inf,23498.0,,,0.0,23498.0,hyperplane_gauss,41268,9,0.16419875822030008,0.2927072402089834,5,real,gradual,1354,0.10469629209158227,0.22139102071523667,False,medium,slow,real/gradual/K=5/medium/slow/partial/imbalanced/noisy,0.0,0.0013658488129532076
scn-909d199df6e2,1326133324,EDDM,0.6710539386113042,0.04659553999999844,1,5.0,1.0,0.0,5.0,1.0,0.0,0.0,0.0,0.0,1.0,,,23498.0,23498.0,,,0.042556813345816666,23498.0,hyperplane_gauss,41268,9,0.16419875822030008,0.2927072402089834,5,real,gradual,1354,0.10469629209158227,0.22139102071523667,False,medium,slow,real/gradual/K=5/medium/slow/partial/imbalanced/noisy,-0.00012416807390480677,0.0014900168868580144
scn-909d199df6e2,1326133324,HDDM_A,0.6712277739147711,0.12454105400001936,1,5.0,1.0,1.0,4.0,0.0,0.0,1.0,0.2,0.33333333333333337,0.8,2836.0,2836.0,inf,23498.0,inf,1.657122708039492,0.0,23498.0,hyperplane_gauss,41268,9,0.16419875822030008,0.2927072402089834,5,real,gradual,1354,0.10469629209158227,0.22139102071523667,False,medium,slow,real/gradual/K=5/medium/slow/partial/imbalanced/noisy,4.966722956201153e-05,0.001316181583391196
scn-909d199df6e2,1326133324,HDDM_W,0.660549319558955,0.1695259459997942,21,5.0,21.0,5.0,0.0,10.0,6.0,0.23809523809523808,1.0,0.3846153846153846,0.0,508.4,420.0,2349.8,2349.8,4.621951219512196,4.621951219512196,0.42556813345816663,23498.0,hyperplane_gauss,41268,9,0.16419875822030008,0.2927072402089834,5,real,gradual,1354,0.10469629209158227,0.22139102071523667,False,medium,slow,real/gradual/K=5/medium/slow/partial/imbalanced/noisy,-0.010628787126254036,0.011994635939207243
scn-909d199df6e2,1326133324,FHDDM,0.6680987384523691,0.05050424599994585,8,5.0,8.0,3.0,2.0,5.0,0.0,0.375,0.6,0.4615384615384615,0.4,787.0,803.0,4699.6,4699.6,3.58292249047014,3.58292249047014,0.21278406672908332,23498.0,hyperplane_gauss,41268,9,0.16419875822030008,0.2927072402089834,5,real,gradual,1354,0.10469629209158227,0.22139102071523667,False,medium,slow,real/gradual/K=5/medium/slow/partial/imbalanced/noisy,-0.0030793682328399408,0.004445217045793148
scn-909d199df6e2,1326133324,NoDrift,0.671178106685209,0.029578491000393115,0,5.0,0.0,0.0,5.0,0.0,0.0,,0.0,0.0,1.0,,,inf,23498.0,,,0.0,23498.0,hyperplane_gauss,41268,9,0.16419875822030008,0.2927072402089834,5,real,gradual,1354,0.10469629209158227,0.22139102071523667,False,medium,slow,real/gradual/K=5/medium/slow/partial/imbalanced/noisy,0.0,0.0013658488129532076
scn-909d199df6e2,1326133324,Periodic(2000),0.6572961160226483,0.03243816500025787,20,5.0,20.0,5.0,0.0,15.0,0.0,0.25,1.0,0.4,0.0,1543.4,1543.0,1566.5333333333333,1566.5333333333333,1.0149885534102199,1.0149885534102199,0.63835220018725,23498.0,hyperplane_gauss,41268,9,0.16419875822030008,0.2927072402089834,5,real,gradual,1354,0.10469629209158227,0.22139102071523667,False,medium,slow,real/gradual/K=5/medium/slow/partial/imbalanced/noisy,-0.013881990662560795,0.015247839475514002
scn-909d199df6e2,1326133324,Oracle,0.6725439554981623,0.03146524300018427,5,5.0,5.0,5.0,0.0,0.0,0.0,1.0,1.0,1.0,0.0,678.0,678.0,inf,23498.0,inf,34.657817109144545,0.0,23498.0,hyperplane_gauss,41268,9,0.16419875822030008,0.2927072402089834,5,real,gradual,1354,0.10469629209158227,0.22139102071523667,False,medium,slow,real/gradual/K=5/medium/slow/partial/imbalanced/noisy,0.0013658488129532076,-0.0
scn-909d199df6e2,1326133325,ADWIN,0.6675027316976259,0.03925059199991665,0,5.0,0.0,0.0,5.0,0.0,0.0,,0.0,0.0,1.0,,,inf,23498.0,,,0.0,23498.0,hyperplane_gauss,41268,9,0.16419875822030008,0.2927072402089834,5,real,gradual,1354,0.10469629209158227,0.22139102071523667,False,medium,slow,real/gradual/K=5/medium/slow/partial/imbalanced/noisy,0.0,0.002955200158935134
scn-909d199df6e2,1326133325,KSWIN,0.6661865501142347,8.34674850700003,6,5.0,6.0,2.0,3.0,4.0,0.0,0.3333333333333333,0.4,0.3636363636363636,0.6,1221.0,1221.0,5874.5,5874.5,1.9244881244881247,1.9244881244881247,0.17022725338326666,23498.0,hyperplane_gauss,41268,9,0.16419875822030008,0.2927072402089834,5,real,gradual,1354,0.10469629209158227,0.22139102071523667,False,medium,slow,real/gradual/K=5/medium/slow/partial/imbalanced/noisy,-0.001316181583391196,0.00427138174232633
scn-909d199df6e2,1326133325,PageHinkley,0.6669315585576636,0.05791426299992963,4,5.0,4.0,1.0,4.0,3.0,0.0,0.25,0.2,0.22222222222222224,0.8,379.0,379.0,7832.666666666667,7832.666666666667,4.133333333333333,4.133333333333333,0.12767044003744998,23498.0,hyperplane_gauss,41268,9,0.16419875822030008,0.2927072402089834,5,real,gradual,1354,0.10469629209158227,0.22139102071523667,False,medium,slow,real/gradual/K=5/medium/slow/partial/imbalanced/noisy,-0.0005711731399622444,0.0035263732988973784
scn-909d199df6e2,1326133325,PageHinkley-up,0.6675027316976259,0.04922537499987811,0,5.0,0.0,0.0,5.0,0.0,0.0,,0.0,0.0,1.0,,,inf,23498.0,,,0.0,23498.0,hyperplane_gauss,41268,9,0.16419875822030008,0.2927072402089834,5,real,gradual,1354,0.10469629209158227,0.22139102071523667,False,medium,slow,real/gradual/K=5/medium/slow/partial/imbalanced/noisy,0.0,0.002955200158935134
scn-909d199df6e2,1326133325,DDM,0.6675027316976259,0.04849847800005591,0,5.0,0.0,0.0,5.0,0.0,0.0,,0.0,0.0,1.0,,,inf,23498.0,,,0.0,23498.0,hyperplane_gauss,41268,9,0.16419875822030008,0.2927072402089834,5,real,gradual,1354,0.10469629209158227,0.22139102071523667,False,medium,slow,real/gradual/K=5/medium/slow/partial/imbalanced/noisy,0.0,0.002955200158935134
scn-909d199df6e2,1326133325,EDDM,0.6675275653124069,0.05229465299998992,6,5.0,6.0,0.0,5.0,6.0,0.0,0.0,0.0,0.0,1.0,,,3916.3333333333335,3916.3333333333335,,,0.25534088007489997,23498.0,hyperplane_gauss,41268,9,0.16419875822030008,0.2927072402089834,5,real,gradual,1354,0.10469629209158227,0.22139102071523667,False,medium,slow,real/gradual/K=5/medium/slow/partial/imbalanced/noisy,2.4833614781005764e-05,0.0029303665441541282
scn-909d199df6e2,1326133325,HDDM_A,0.667428230853283,0.12393806199997925,2,5.0,2.0,0.0,5.0,2.0,0.0,0.0,0.0,0.0,1.0,,,11749.0,11749.0,,,0.08511362669163333,23498.0,hyperplane_gauss,41268,9,0.16419875822030008,0.2927072402089834,5,real,gradual,1354,0.10469629209158227,0.22139102071523667,False,medium,slow,real/gradual/K=5/medium/slow/partial/imbalanced/noisy,-7.450084434290627e-05,0.0030297010032780403
scn-909d199df6e2,1326133325,HDDM_W,0.6562779378166286,0.1701322670000991,22,5.0,22.0,5.0,0.0,13.0,4.0,0.22727272727272727,1.0,0.37037037037037035,0.0,721.6,217.0,1807.5384615384614,1807.5384615384614,2.5049036329524133,2.5049036329524133,0.5532385734956167,23498.0,hyperplane_gauss,41268,9,0.16419875822030008,0.2927072402089834,5,real,gradual,1354,0.10469629209158227,0.22139102071523667,False,medium,slow,real/gradual/K=5/medium/slow/partial/imbalanced/noisy,-0.011224793880997286,0.01417999403993242
scn-909d199df6e2,1326133325,FHDDM,0.6678255686897785,0.04606645999956527,5,5.0,5.0,3.0,2.0,2.0,0.0,0.6,0.6,0.6,0.4,1426.0,1366.0,11749.0,11749.0,4.943478260869566,4.943478260869566,0.08511362669163333,23498.0,hyperplane_gauss,41268,9,0.16419875822030008,0.2927072402089834,5,real,gradual,1354,0.10469629209158227,0.22139102071523667,False,medium,slow,real/gradual/K=5/medium/slow/partial/imbalanced/noisy,0.00032283699215263084,0.002632363166782503
scn-909d199df6e2,1326133325,NoDrift,0.6675027316976259,0.030036898000162182,0,5.0,0.0,0.0,5.0,0.0,0.0,,0.0,0.0,1.0,,,inf,23498.0,,,0.0,23498.0,hyperplane_gauss,41268,9,0.16419875822030008,0.2927072402089834,5,real,gradual,1354,0.10469629209158227,0.22139102071523667,False,medium,slow,real/gradual/K=5/medium/slow/partial/imbalanced/noisy,0.0,0.002955200158935134
scn-909d199df6e2,1326133325,Periodic(2000),0.6552845932253899,0.03277792800008683,20,5.0,20.0,5.0,0.0,15.0,0.0,0.25,1.0,0.4,0.0,1543.4,1543.0,1566.5333333333333,1566.5333333333333,1.0149885534102199,1.0149885534102199,0.63835220018725,23498.0,hyperplane_gauss,41268,9,0.16419875822030008,0.2927072402089834,5,real,gradual,1354,0.10469629209158227,0.22139102071523667,False,medium,slow,real/gradual/K=5/medium/slow/partial/imbalanced/noisy,-0.012218138472235962,0.015173338631171096
scn-909d199df6e2,1326133325,Oracle,0.670457931856561,0.03156535800007987,5,5.0,5.0,5.0,0.0,0.0,0.0,1.0,1.0,1.0,0.0,678.0,678.0,inf,23498.0,inf,34.657817109144545,0.0,23498.0,hyperplane_gauss,41268,9,0.16419875822030008,0.2927072402089834,5,real,gradual,1354,0.10469629209158227,0.22139102071523667,False,medium,slow,real/gradual/K=5/medium/slow/partial/imbalanced/noisy,0.002955200158935134,-0.0
scn-909d199df6e2,1326133326,ADWIN,0.6680739048375881,0.038882209999883344,0,5.0,0.0,0.0,5.0,0.0,0.0,,0.0,0.0,1.0,,,inf,23498.0,,,0.0,23498.0,hyperplane_gauss,41268,9,0.16419875822030008,0.2927072402089834,5,real,gradual,1354,0.10469629209158227,0.22139102071523667,False,medium,slow,real/gradual/K=5/medium/slow/partial/imbalanced/noisy,0.0,0.001117512665143594
scn-909d199df6e2,1326133326,KSWIN,0.6659878811959868,8.512632951999876,3,5.0,3.0,1.0,4.0,2.0,0.0,0.3333333333333333,0.2,0.25,0.8,737.0,737.0,11749.0,11749.0,3.1883310719131606,3.1883310719131606,0.08511362669163333,23498.0,hyperplane_gauss,41268,9,0.16419875822030008,0.2927072402089834,5,real,gradual,1354,0.10469629209158227,0.22139102071523667,False,medium,slow,real/gradual/K=5/medium/slow/partial/imbalanced/noisy,-0.0020860236416012645,0.0032035363067448586
scn-909d199df6e2,1326133326,PageHinkley,0.6671798947054733,0.05515514299986535,1,5.0,1.0,1.0,4.0,0.0,0.0,1.0,0.2,0.33333333333333337,0.8,3247.0,3247.0,inf,23498.0,inf,1.4473668001231903,0.0,23498.0,hyperplane_gauss,41268,9,0.16419875822030008,0.2927072402089834,5,real,gradual,1354,0.10469629209158227,0.22139102071523667,False,medium,slow,real/gradual/K=5/medium/slow/partial/imbalanced/noisy,-0.0008940101321147642,0.0020115227972583583
scn-909d199df6e2,1326133326,PageHinkley-up,0.6672792291645973,0.05350502300007065,1,5.0,1.0,1.0,4.0,0.0,0.0,1.0,0.2,0.33333333333333337,0.8,608.0,608.0,inf,23498.0,inf,7.729605263157893,0.0,23498.0,hyperplane_gauss,41268,9,0.16419875822030008,0.2927072402089834,5,real,gradual,1354,0.10469629209158227,0.22139102071523667,False,medium,slow,real/gradual/K=5/medium/slow/partial/imbalanced/noisy,-0.0007946756729908522,0.0019121883381344462
scn-909d199df6e2,1326133326,DDM,0.6680739048375881,0.048941130000002886,0,5.0,0.0,0.0,5.0,0.0,0.0,,0.0,0.0,1.0,,,inf,23498.0,,,0.0,23498.0,hyperplane_gauss,41268,9,0.16419875822030008,0.2927072402089834,5,real,gradual,1354,0.10469629209158227,0.22139102071523667,False,medium,slow,real/gradual/K=5/medium/slow/partial/imbalanced/noisy,0.0,0.001117512665143594
scn-909d199df6e2,1326133326,EDDM,0.6673288963941592,0.060387466000065615,2,5.0,2.0,0.0,5.0,2.0,0.0,0.0,0.0,0.0,1.0,,,11749.0,11749.0,,,0.08511362669163333,23498.0,hyperplane_gauss,41268,9,0.16419875822030008,0.2927072402089834,5,real,gradual,1354,0.10469629209158227,0.22139102071523667,False,medium,slow,real/gradual/K=5/medium/slow/partial/imbalanced/noisy,-0.0007450084434289517,0.0018625211085725457
scn-909d199df6e2,1326133326,HDDM_A,0.6680739048375881,0.11849375900010273,0,5.0,0.0,0.0,5.0,0.0,0.0,,0.0,0.0,1.0,,,inf,23498.0,,,0.0,23498.0,hyperplane_gauss,41268,9,0.16419875822030008,0.2927072402089834,5,real,gradual,1354,0.10469629209158227,0.22139102071523667,False,medium,slow,real/gradual/K=5/medium/slow/partial/imbalanced/noisy,0.0,0.001117512665143594
scn-909d199df6e2,1326133326,HDDM_W,0.6565014403496573,0.1825579530000141,20,5.0,20.0,5.0,0.0,10.0,5.0,0.25,1.0,0.4,0.0,2076.4,2076.0,2349.8,2349.8,1.131670198420343,1.131670198420343,0.42556813345816663,23498.0,hyperplane_gauss,41268,9,0.16419875822030008,0.2927072402089834,5,real,gradual,1354,0.10469629209158227,0.22139102071523667,False,medium,slow,real/gradual/K=5/medium/slow/partial/imbalanced/noisy,-0.011572464487930811,0.012689977153074405
scn-909d199df6e2,1326133326,FHDDM,0.6663355518029205,0.0478760890000558,6,5.0,6.0,3.0,2.0,3.0,0.0,0.5,0.6,0.5454545454545454,0.4,1644.6666666666667,1949.0,7832.666666666667,7832.666666666667,2.8574787190920143,2.8574787190920143,0.12767044003744998,23498.0,hyperplane_gauss,41268,9,0.16419875822030008,0.2927072402089834,5,real,gradual,1354,0.10469629209158227,0.22139102071523667,False,medium,slow,real/gradual/K=5/medium/slow/partial/imbalanced/noisy,-0.001738353034667628,0.002855865699811222
scn-909d199df6e2,1326133326,NoDrift,0.6680739048375881,0.030316235000100278,0,5.0,0.0,0.0,5.0,0.0,0.0,,0.0,0.0,1.0,,,inf,23498.0,,,0.0,23498.0,hyperplane_gauss,41268,9,0.16419875822030008,0.2927072402089834,5,real,gradual,1354,0.10469629209158227,0.22139102071523667,False,medium,slow,real/gradual/K=5/medium/slow/partial/imbalanced/noisy,0.0,0.001117512665143594
scn-909d199df6e2,1326133326,Periodic(2000),0.6535959074202841,0.032431911999992735,20,5.0,20.0,5.0,0.0,15.0,0.0,0.25,1.0,0.4,0.0,1543.4,1543.0,1566.5333333333333,1566.5333333333333,1.0149885534102199,1.0149885534102199,0.63835220018725,23498.0,hyperplane_gauss,41268,9,0.16419875822030008,0.2927072402089834,5,real,gradual,1354,0.10469629209158227,0.22139102071523667,False,medium,slow,real/gradual/K=5/medium/slow/partial/imbalanced/noisy,-0.014477997417304045,0.015595510082447639
scn-909d199df6e2,1326133326,Oracle,0.6691914175027317,0.03155354799991983,5,5.0,5.0,5.0,0.0,0.0,0.0,1.0,1.0,1.0,0.0,678.0,678.0,inf,23498.0,inf,34.657817109144545,0.0,23498.0,hyperplane_gauss,41268,9,0.16419875822030008,0.2927072402089834,5,real,gradual,1354,0.10469629209158227,0.22139102071523667,False,medium,slow,real/gradual/K=5/medium/slow/partial/imbalanced/noisy,0.001117512665143594,-0.0
scn-4bba27a6b3b3,838195930,ADWIN,0.797273547712915,0.043065390000265324,0,2.0,0.0,0.0,2.0,0.0,0.0,,0.0,0.0,1.0,,,inf,38106.0,,,0.0,38106.0,hyperplane_gauss,43106,10,0.48839889783412216,0.18923962600529193,2,virtual,sudden,0,0.06318929612636566,0.26406068280339245,False,low,abrupt,virtual/sudden/K=2/low/abrupt/partial/balanced/noisy,0.0,-0.008383603286942432
scn-4bba27a6b3b3,838195930,KSWIN,0.797273547712915,9.140604143000019,0,2.0,0.0,0.0,2.0,0.0,0.0,,0.0,0.0,1.0,,,inf,38106.0,,,0.0,38106.0,hyperplane_gauss,43106,10,0.48839889783412216,0.18923962600529193,2,virtual,sudden,0,0.06318929612636566,0.26406068280339245,False,low,abrupt,virtual/sudden/K=2/low/abrupt/partial/balanced/noisy,0.0,-0.008383603286942432
scn-4bba27a6b3b3,838195930,PageHinkley,0.7412957773238968,0.07117809100009254,26,2.0,26.0,2.0,0.0,22.0,2.0,0.07692307692307693,1.0,0.14285714285714288,0.0,384.5,384.5,1732.090909090909,1732.090909090909,4.504787799976357,4.504787799976357,0.5773369023250932,38106.0,hyperplane_gauss,43106,10,0.48839889783412216,0.18923962600529193,2,virtual,sudden,0,0.06318929612636566,0.26406068280339245,False,low,abrupt,virtual/sudden/K=2/low/abrupt/partial/balanced/noisy,-0.05597777038901819,0.04759416710207576
scn-4bba27a6b3b3,838195930,PageHinkley-up,0.7880349593882107,0.0715005479996762,2,2.0,2.0,0.0,2.0,2.0,0.0,0.0,0.0,0.0,1.0,,,19053.0,19053.0,,,0.05248517293864483,38106.0,hyperplane_gauss,43106,10,0.48839889783412216,0.18923962600529193,2,virtual,sudden,0,0.06318929612636566,0.26406068280339245,False,low,abrupt,virtual/sudden/K=2/low/abrupt/partial/balanced/noisy,-0.009238588324704367,0.000854985037761935
scn-4bba27a6b3b3,838195930,DDM,0.797273547712915,0.05425876999970569,0,2.0,0.0,0.0,2.0,0.0,0.0,,0.0,0.0,1.0,,,inf,38106.0,,,0.0,38106.0,hyperplane_gauss,43106,10,0.48839889783412216,0.18923962600529193,2,virtual,sudden,0,0.06318929612636566,0.26406068280339245,False,low,abrupt,virtual/sudden/K=2/low/abrupt/partial/balanced/noisy,0.0,-0.008383603286942432
scn-4bba27a6b3b3,838195930,EDDM,0.7961573172469482,0.05121711800029516,2,2.0,2.0,0.0,2.0,2.0,0.0,0.0,0.0,0.0,1.0,,,19053.0,19053.0,,,0.05248517293864483,38106.0,hyperplane_gauss,43106,10,0.48839889783412216,0.18923962600529193,2,virtual,sudden,0,0.06318929612636566,0.26406068280339245,False,low,abrupt,virtual/sudden/K=2/low/abrupt/partial/balanced/noisy,-0.001116230465966872,-0.0072673728209755595
scn-4bba27a6b3b3,838195930,HDDM_A,0.7965848097658291,0.1466786820001289,1,2.0,1.0,0.0,2.0,1.0,0.0,0.0,0.0,0.0,1.0,,,38106.0,38106.0,,,0.026242586469322416,38106.0,hyperplane_gauss,43106,10,0.48839889783412216,0.18923962600529193,2,virtual,sudden,0,0.06318929612636566,0.26406068280339245,False,low,abrupt,virtual/sudden/K=2/low/abrupt/partial/balanced/noisy,-0.0006887379470859045,-0.007694865339856527
scn-4bba27a6b3b3,838195930,HDDM_W,0.7822163112145537,0.1480889690001277,4,2.0,4.0,0.0,2.0,4.0,0.0,0.0,0.0,0.0,1.0,,,9526.5,9526.5,,,0.10497034587728966,38106.0,hyperplane_gauss,43106,10,0.48839889783412216,0.18923962600529193,2,virtual,sudden,0,0.06318929612636566,0.26406068280339245,False,low,abrupt,virtual/sudden/K=2/low/abrupt/partial/balanced/noisy,-0.015057236498361326,0.0066736332114188945
scn-4bba27a6b3b3,838195930,FHDDM,0.797273547712915,0.048392321999926935,0,2.0,0.0,0.0,2.0,0.0,0.0,,0.0,0.0,1.0,,,inf,38106.0,,,0.0,38106.0,hyperplane_gauss,43106,10,0.48839889783412216,0.18923962600529193,2,virtual,sudden,0,0.06318929612636566,0.26406068280339245,False,low,abrupt,virtual/sudden/K=2/low/abrupt/partial/balanced/noisy,0.0,-0.008383603286942432
scn-4bba27a6b3b3,838195930,NoDrift,0.797273547712915,0.033814743000220915,0,2.0,0.0,0.0,2.0,0.0,0.0,,0.0,0.0,1.0,,,inf,38106.0,,,0.0,38106.0,hyperplane_gauss,43106,10,0.48839889783412216,0.18923962600529193,2,virtual,sudden,0,0.06318929612636566,0.26406068280339245,False,low,abrupt,virtual/sudden/K=2/low/abrupt/partial/balanced/noisy,0.0,-0.008383603286942432
scn-4bba27a6b3b3,838195930,Periodic(2000),0.7465919346411438,0.03651864299990848,21,2.0,21.0,2.0,0.0,19.0,0.0,0.09523809523809523,1.0,0.17391304347826084,0.0,947.5,947.5,2005.578947368421,2005.578947368421,2.1167060130537427,2.1167060130537427,0.49860914291712594,38106.0,hyperplane_gauss,43106,10,0.48839889783412216,0.18923962600529193,2,virtual,sudden,0,0.06318929612636566,0.26406068280339245,False,low,abrupt,virtual/sudden/K=2/low/abrupt/partial/balanced/noisy,-0.050681613071771214,0.04229800978482878
scn-4bba27a6b3b3,838195930,Oracle,0.7888899444259726,0.03739066699972682,2,2.0,2.0,2.0,0.0,0.0,0.0,1.0,1.0,1.0,0.0,1.0,1.0,inf,38106.0,inf,38106.0,0.0,38106.0,hyperplane_gauss,43106,10,0.48839889783412216,0.18923962600529193,2,virtual,sudden,0,0.06318929612636566,0.26406068280339245,False,low,abrupt,virtual/sudden/K=2/low/abrupt/partial/balanced/noisy,-0.008383603286942432,-0.0
scn-4bba27a6b3b3,838195931,ADWIN,0.7982710302569705,0.04288972800031843,0,2.0,0.0,0.0,2.0,0.0,0.0,,0.0,0.0,1.0,,,inf,38106.0,,,0.0,38106.0,hyperplane_gauss,43106,10,0.48839889783412216,0.18923962600529193,2,virtual,sudden,0,0.06318929612636566,0.26406068280339245,False,low,abrupt,virtual/sudden/K=2/low/abrupt/partial/balanced/noisy,0.0,-0.010046074193701626
scn-4bba27a6b3b3,838195931,KSWIN,0.7931173704460172,8.902724143000341,1,2.0,1.0,0.0,2.0,1.0,0.0,0.0,0.0,0.0,1.0,,,38106.0,38106.0,,,0.026242586469322416,38106.0,hyperplane_gauss,43106,10,0.48839889783412216,0.18923962600529193,2,virtual,sudden,0,0.06318929612636566,0.26406068280339245,False,low,abrupt,virtual/sudden/K=2/low/abrupt/partial/balanced/noisy,-0.005153659810953393,-0.004892414382748234
scn-4bba27a6b3b3,838195931,PageHinkley,0.7445969695530328,0.0819303499997659,25,2.0,25.0,2.0,0.0,22.0,1.0,0.08,1.0,0.14814814814814814,0.0,627.5,627.5,1732.090909090909,1732.090909090909,2.760304237595074,2.760304237595074,0.5773369023250932,38106.0,hyperplane_gauss,43106,10,0.48839889783412216,0.18923962600529193,2,virtual,sudden,0,0.06318929612636566,0.26406068280339245,False,low,abrupt,virtual/sudden/K=2/low/abrupt/partial/balanced/noisy,-0.053674060703937765,0.04362798651023614
scn-4bba27a6b3b3,838195931,PageHinkley-up,0.7880824585569752,0.05513101199994708,2,2.0,2.0,0.0,2.0,2.0,0.0,0.0,0.0,0.0,1.0,,,19053.0,19053.0,,,0.05248517293864483,38106.0,hyperplane_gauss,43106,10,0.48839889783412216,0.18923962600529193,2,virtual,sudden,0,0.06318929612636566,0.26406068280339245,False,low,abrupt,virtual/sudden/K=2/low/abrupt/partial/balanced/noisy,-0.010188571699995319,0.00014249750629369284
scn-4bba27a6b3b3,838195931,DDM,0.7982710302569705,0.053141193999636016,0,2.0,0.0,0.0,2.0,0.0,0.0,,0.0,0.0,1.0,,,inf,38106.0,,,0.0,38106.0,hyperplane_gauss,43106,10,0.48839889783412216,0.18923962600529193,2,virtual,sudden,0,0.06318929612636566,0.26406068280339245,False,low,abrupt,virtual/sudden/K=2/low/abrupt/partial/balanced/noisy,0.0,-0.010046074193701626
scn-4bba27a6b3b3,838195931,EDDM,0.7960860684938014,0.04723818899992693,1,2.0,1.0,0.0,2.0,1.0,0.0,0.0,0.0,0.0,1.0,,,38106.0,38106.0,,,0.026242586469322416,38106.0,hyperplane_gauss,43106,10,0.48839889783412216,0.18923962600529193,2,virtual,sudden,0,0.06318929612636566,0.26406068280339245,False,low,abrupt,virtual/sudden/K=2/low/abrupt/partial/balanced/noisy,-0.0021849617631691798,-0.007861112430532446
scn-4bba27a6b3b3,838195931,HDDM_A,0.7982710302569705,0.13077665800028626,0,2.0,0.0,0.0,2.0,0.0,0.0,,0.0,0.0,1.0,,,inf,38106.0,,,0.0,38106.0,hyperplane_gauss,43106,10,0.48839889783412216,0.18923962600529193,2,virtual,sudden,0,0.06318929612636566,0.26406068280339245,False,low,abrupt,virtual/sudden/K=2/low/abrupt/partial/balanced/noisy,0.0,-0.010046074193701626
scn-4bba27a6b3b3,838195931,HDDM_W,0.7982710302569705,0.14005355700010114,0,2.0,0.0,0.0,2.0,0.0,0.0,,0.0,0.0,1.0,,,inf,38106.0,,,0.0,38106.0,hyperplane_gauss,43106,10,0.48839889783412216,0.18923962600529193,2,virtual,sudden,0,0.06318929612636566,0.26406068280339245,False,low,abrupt,virtual/sudden/K=2/low/abrupt/partial/balanced/noisy,0.0,-0.010046074193701626
scn-4bba27a6b3b3,838195931,FHDDM,0.79335486628984,0.048781862999931036,1,2.0,1.0,0.0,2.0,1.0,0.0,0.0,0.0,0.0,1.0,,,38106.0,38106.0,,,0.026242586469322416,38106.0,hyperplane_gauss,43106,10,0.48839889783412216,0.18923962600529193,2,virtual,sudden,0,0.06318929612636566,0.26406068280339245,False,low,abrupt,virtual/sudden/K=2/low/abrupt/partial/balanced/noisy,-0.004916163967130571,-0.005129910226571055
scn-4bba27a6b3b3,838195931,NoDrift,0.7982710302569705,0.03394360400034202,0,2.0,0.0,0.0,2.0,0.0,0.0,,0.0,0.0,1.0,,,inf,38106.0,,,0.0,38106.0,hyperplane_gauss,43106,10,0.48839889783412216,0.18923962600529193,2,virtual,sudden,0,0.06318929612636566,0.26406068280339245,False,low,abrupt,virtual/sudden/K=2/low/abrupt/partial/balanced/noisy,0.0,-0.010046074193701626
scn-4bba27a6b3b3,838195931,Periodic(2000),0.7498693772858975,0.03618126099991059,21,2.0,21.0,2.0,0.0,19.0,0.0,0.09523809523809523,1.0,0.17391304347826084,0.0,947.5,947.5,2005.578947368421,2005.578947368421,2.1167060130537427,2.1167060130537427,0.49860914291712594,38106.0,hyperplane_gauss,43106,10,0.48839889783412216,0.18923962600529193,2,virtual,sudden,0,0.06318929612636566,0.26406068280339245,False,low,abrupt,virtual/sudden/K=2/low/abrupt/partial/balanced/noisy,-0.04840165297107302,0.03835557877737139
scn-4bba27a6b3b3,838195931,Oracle,0.7882249560632689,0.0366217260002486,2,2.0,2.0,2.0,0.0,0.0,0.0,1.0,1.0,1.0,0.0,1.0,1.0,inf,38106.0,inf,38106.0,0.0,38106.0,hyperplane_gauss,43106,10,0.48839889783412216,0.18923962600529193,2,virtual,sudden,0,0.06318929612636566,0.26406068280339245,False,low,abrupt,virtual/sudden/K=2/low/abrupt/partial/balanced/noisy,-0.010046074193701626,-0.0
scn-4bba27a6b3b3,838195932,ADWIN,0.7969885527003278,0.04252956699974675,0,2.0,0.0,0.0,2.0,0.0,0.0,,0.0,0.0,1.0,,,inf,38106.0,,,0.0,38106.0,hyperplane_gauss,43106,10,0.48839889783412216,0.18923962600529193,2,virtual,sudden,0,0.06318929612636566,0.26406068280339245,False,low,abrupt,virtual/sudden/K=2/low/abrupt/partial/balanced/noisy,0.0,-0.009998575024937062
scn-4bba27a6b3b3,838195932,KSWIN,0.7969885527003278,8.84110997300013,0,2.0,0.0,0.0,2.0,0.0,0.0,,0.0,0.0,1.0,,,inf,38106.0,,,0.0,38106.0,hyperplane_gauss,43106,10,0.48839889783412216,0.18923962600529193,2,virtual,sudden,0,0.06318929612636566,0.26406068280339245,False,low,abrupt,virtual/sudden/K=2/low/abrupt/partial/balanced/noisy,0.0,-0.009998575024937062
scn-4bba27a6b3b3,838195932,PageHinkley,0.7549992875124686,0.06646409199993286,19,2.0,19.0,1.0,1.0,18.0,0.0,0.05263157894736842,0.5,0.09523809523809525,0.5,729.0,729.0,2117.0,2117.0,1.4519890260631,1.4519890260631,0.4723665564478035,38106.0,hyperplane_gauss,43106,10,0.48839889783412216,0.18923962600529193,2,virtual,sudden,0,0.06318929612636566,0.26406068280339245,False,low,abrupt,virtual/sudden/K=2/low/abrupt/partial/balanced/noisy,-0.04198926518785917,0.03199069016292211
scn-4bba27a6b3b3,838195932,PageHinkley-up,0.7969885527003278,0.054454177000025084,0,2.0,0.0,0.0,2.0,0.0,0.0,,0.0,0.0,1.0,,,inf,38106.0,,,0.0,38106.0,hyperplane_gauss,43106,10,0.48839889783412216,0.18923962600529193,2,virtual,sudden,0,0.06318929612636566,0.26406068280339245,False,low,abrupt,virtual/sudden/K=2/low/abrupt/partial/balanced/noisy,0.0,-0.009998575024937062
scn-4bba27a6b3b3,838195932,DDM,0.7969885527003278,0.053667450999910216,0,2.0,0.0,0.0,2.0,0.0,0.0,,0.0,0.0,1.0,,,inf,38106.0,,,0.0,38106.0,hyperplane_gauss,43106,10,0.48839889783412216,0.18923962600529193,2,virtual,sudden,0,0.06318929612636566,0.26406068280339245,False,low,abrupt,virtual/sudden/K=2/low/abrupt/partial/balanced/noisy,0.0,-0.009998575024937062
scn-4bba27a6b3b3,838195932,EDDM,0.7940198546525435,0.049846097999761696,3,2.0,3.0,0.0,2.0,3.0,0.0,0.0,0.0,0.0,1.0,,,12702.0,12702.0,,,0.07872775940796725,38106.0,hyperplane_gauss,43106,10,0.48839889783412216,0.18923962600529193,2,virtual,sudden,0,0.06318929612636566,0.26406068280339245,False,low,abrupt,virtual/sudden/K=2/low/abrupt/partial/balanced/noisy,-0.002968698047784213,-0.007029876977152849
scn-4bba27a6b3b3,838195932,HDDM_A,0.7969885527003278,0.13236939599983089,0,2.0,0.0,0.0,2.0,0.0,0.0,,0.0,0.0,1.0,,,inf,38106.0,,,0.0,38106.0,hyperplane_gauss,43106,10,0.48839889783412216,0.18923962600529193,2,virtual,sudden,0,0.06318929612636566,0.26406068280339245,False,low,abrupt,virtual/sudden/K=2/low/abrupt/partial/balanced/noisy,0.0,-0.009998575024937062
scn-4bba27a6b3b3,838195932,HDDM_W,0.7867049826628034,0.1424028320002435,2,2.0,2.0,0.0,2.0,2.0,0.0,0.0,0.0,0.0,1.0,,,19053.0,19053.0,,,0.05248517293864483,38106.0,hyperplane_gauss,43106,10,0.48839889783412216,0.18923962600529193,2,virtual,sudden,0,0.06318929612636566,0.26406068280339245,False,low,abrupt,virtual/sudden/K=2/low/abrupt/partial/balanced/noisy,-0.010283570037524337,0.00028499501258727467
scn-4bba27a6b3b3,838195932,FHDDM,0.7920248895644326,0.0472590270001092,1,2.0,1.0,0.0,2.0,1.0,0.0,0.0,0.0,0.0,1.0,,,38106.0,38106.0,,,0.026242586469322416,38106.0,hyperplane_gauss,43106,10,0.48839889783412216,0.18923962600529193,2,virtual,sudden,0,0.06318929612636566,0.26406068280339245,False,low,abrupt,virtual/sudden/K=2/low/abrupt/partial/balanced/noisy,-0.0049636631358951355,-0.0050349118890419264
scn-4bba27a6b3b3,838195932,NoDrift,0.7969885527003278,0.03263268699993205,0,2.0,0.0,0.0,2.0,0.0,0.0,,0.0,0.0,1.0,,,inf,38106.0,,,0.0,38106.0,hyperplane_gauss,43106,10,0.48839889783412216,0.18923962600529193,2,virtual,sudden,0,0.06318929612636566,0.26406068280339245,False,low,abrupt,virtual/sudden/K=2/low/abrupt/partial/balanced/noisy,0.0,-0.009998575024937062
scn-4bba27a6b3b3,838195932,Periodic(2000),0.746781931316202,0.03509160400017208,21,2.0,21.0,2.0,0.0,19.0,0.0,0.09523809523809523,1.0,0.17391304347826084,0.0,947.5,947.5,2005.578947368421,2005.578947368421,2.1167060130537427,2.1167060130537427,0.49860914291712594,38106.0,hyperplane_gauss,43106,10,0.48839889783412216,0.18923962600529193,2,virtual,sudden,0,0.06318929612636566,0.26406068280339245,False,low,abrupt,virtual/sudden/K=2/low/abrupt/partial/balanced/noisy,-0.050206621384125794,0.04020804635918873
scn-4bba27a6b3b3,838195932,Oracle,0.7869899776753907,0.03610481900022933,2,2.0,2.0,2.0,0.0,0.0,0.0,1.0,1.0,1.0,0.0,1.0,1.0,inf,38106.0,inf,38106.0,0.0,38106.0,hyperplane_gauss,43106,10,0.48839889783412216,0.18923962600529193,2,virtual,sudden,0,0.06318929612636566,0.26406068280339245,False,low,abrupt,virtual/sudden/K=2/low/abrupt/partial/balanced/noisy,-0.009998575024937062,-0.0
scn-f04b7ae59c92,1764348817,ADWIN,0.8552041832669323,0.011081493000347109,2,4.0,2.0,2.0,2.0,0.0,0.0,1.0,0.5,0.6666666666666666,0.5,2045.0,2045.0,inf,7384.0,inf,1.8053789731051344,0.0,7384.0,hyperplane_gauss,17064,2,0.20002617193385958,0.08859777012839913,4,prior,incremental,170,0.3795801681280136,1.0,True,high,fast,prior/incremental/K=4/recurring/high/fast/n/a/imbalanced/noisy,-0.01052041832669326,-0.005789342629482053
scn-f04b7ae59c92,1764348817,KSWIN,0.8657246015936255,3.571568611999737,0,4.0,0.0,0.0,4.0,0.0,0.0,,0.0,0.0,1.0,,,inf,7384.0,,,0.0,7384.0,hyperplane_gauss,17064,2,0.20002617193385958,0.08859777012839913,4,prior,incremental,170,0.3795801681280136,1.0,True,high,fast,prior/incremental/K=4/recurring/high/fast/n/a/imbalanced/noisy,0.0,-0.016309760956175312
scn-f04b7ae59c92,1764348817,PageHinkley,0.8539591633466136,0.01581190900014917,3,4.0,3.0,2.0,2.0,1.0,0.0,0.6666666666666666,0.5,0.5714285714285715,0.5,1423.5,1423.5,7384.0,7384.0,2.593607305936073,2.593607305936073,0.13542795232936078,7384.0,hyperplane_gauss,17064,2,0.20002617193385958,0.08859777012839913,4,prior,incremental,170,0.3795801681280136,1.0,True,high,fast,prior/incremental/K=4/recurring/high/fast/n/a/imbalanced/noisy,-0.011765438247011928,-0.004544322709163384
scn-f04b7ae59c92,1764348817,PageHinkley-up,0.8685881474103586,0.015258676000030391,1,4.0,1.0,1.0,3.0,0.0,0.0,1.0,0.25,0.4,0.75,1003.0,1003.0,inf,7384.0,inf,1.8404785643070787,0.0,7384.0,hyperplane_gauss,17064,2,0.20002617193385958,0.08859777012839913,4,prior,incremental,170,0.3795801681280136,1.0,True,high,fast,prior/incremental/K=4/recurring/high/fast/n/a/imbalanced/noisy,0.002863545816733093,-0.019173306772908405
scn-f04b7ae59c92,1764348817,DDM,0.8685258964143426,0.014957323000089673,1,4.0,1.0,1.0,3.0,0.0,0.0,1.0,0.25,0.4,0.75,1364.0,1364.0,inf,7384.0,inf,1.3533724340175952,0.0,7384.0,hyperplane_gauss,17064,2,0.20002617193385958,0.08859777012839913,4,prior,incremental,170,0.3795801681280136,1.0,True,high,fast,prior/incremental/K=4/recurring/high/fast/n/a/imbalanced/noisy,0.002801294820717115,-0.019111055776892427
scn-f04b7ae59c92,1764348817,EDDM,0.8561379482071713,0.023524164000264136,20,4.0,20.0,2.0,2.0,11.0,7.0,0.1,0.5,0.16666666666666669,0.5,163.5,163.5,671.2727272727273,671.2727272727273,2.0528217959410617,2.0528217959410617,1.4897074756229687,7384.0,hyperplane_gauss,17064,2,0.20002617193385958,0.08859777012839913,4,prior,incremental,170,0.3795801681280136,1.0,True,high,fast,prior/incremental/K=4/recurring/high/fast/n/a/imbalanced/noisy,-0.009586653386454258,-0.006723107569721054
scn-f04b7ae59c92,1764348817,HDDM_A,0.8657246015936255,0.04807326199988893,0,4.0,0.0,0.0,4.0,0.0,0.0,,0.0,0.0,1.0,,,inf,7384.0,,,0.0,7384.0,hyperplane_gauss,17064,2,0.20002617193385958,0.08859777012839913,4,prior,incremental,170,0.3795801681280136,1.0,True,high,fast,prior/incremental/K=4/recurring/high/fast/n/a/imbalanced/noisy,0.0,-0.016309760956175312
scn-f04b7ae59c92,1764348817,HDDM_W,0.8657246015936255,0.04762882599970908,0,4.0,0.0,0.0,4.0,0.0,0.0,,0.0,0.0,1.0,,,inf,7384.0,,,0.0,7384.0,hyperplane_gauss,17064,2,0.20002617193385958,0.08859777012839913,4,prior,incremental,170,0.3795801681280136,1.0,True,high,fast,prior/incremental/K=4/recurring/high/fast/n/a/imbalanced/noisy,0.0,-0.016309760956175312
scn-f04b7ae59c92,1764348817,FHDDM,0.8657246015936255,0.012698982000074466,0,4.0,0.0,0.0,4.0,0.0,0.0,,0.0,0.0,1.0,,,inf,7384.0,,,0.0,7384.0,hyperplane_gauss,17064,2,0.20002617193385958,0.08859777012839913,4,prior,incremental,170,0.3795801681280136,1.0,True,high,fast,prior/incremental/K=4/recurring/high/fast/n/a/imbalanced/noisy,0.0,-0.016309760956175312
scn-f04b7ae59c92,1764348817,NoDrift,0.8657246015936255,0.007151217000227916,0,4.0,0.0,0.0,4.0,0.0,0.0,,0.0,0.0,1.0,,,inf,7384.0,,,0.0,7384.0,hyperplane_gauss,17064,2,0.20002617193385958,0.08859777012839913,4,prior,incremental,170,0.3795801681280136,1.0,True,high,fast,prior/incremental/K=4/recurring/high/fast/n/a/imbalanced/noisy,0.0,-0.016309760956175312
scn-f04b7ae59c92,1764348817,Periodic(2000),0.8507221115537849,0.008167395999862492,8,4.0,8.0,4.0,0.0,4.0,0.0,0.5,1.0,0.6666666666666666,0.0,1053.0,1053.0,1846.0,1846.0,1.7530864197530864,1.7530864197530864,0.5417118093174431,7384.0,hyperplane_gauss,17064,2,0.20002617193385958,0.08859777012839913,4,prior,incremental,170,0.3795801681280136,1.0,True,high,fast,prior/incremental/K=4/recurring/high/fast/n/a/imbalanced/noisy,-0.015002490039840666,-0.0013072709163346463
scn-f04b7ae59c92,1764348817,Oracle,0.8494148406374502,0.007916909999948984,4,4.0,4.0,4.0,0.0,0.0,0.0,1.0,1.0,1.0,0.0,86.0,86.0,inf,7384.0,inf,85.86046511627907,0.0,7384.0,hyperplane_gauss,17064,2,0.20002617193385958,0.08859777012839913,4,prior,incremental,170,0.3795801681280136,1.0,True,high,fast,prior/incremental/K=4/recurring/high/fast/n/a/imbalanced/noisy,-0.016309760956175312,-0.0
scn-f04b7ae59c92,1764348818,ADWIN,0.8791085657370518,0.010652176999883523,0,4.0,0.0,0.0,4.0,0.0,0.0,,0.0,0.0,1.0,,,inf,7384.0,,,0.0,7384.0,hyperplane_gauss,17064,2,0.20002617193385958,0.08859777012839913,4,prior,incremental,170,0.3795801681280136,1.0,True,high,fast,prior/incremental/K=4/recurring/high/fast/n/a/imbalanced/noisy,0.0,-0.022410358565737032
scn-f04b7ae59c92,1764348818,KSWIN,0.8791085657370518,3.414068148000297,0,4.0,0.0,0.0,4.0,0.0,0.0,,0.0,0.0,1.0,,,inf,7384.0,,,0.0,7384.0,hyperplane_gauss,17064,2,0.20002617193385958,0.08859777012839913,4,prior,incremental,170,0.3795801681280136,1.0,True,high,fast,prior/incremental/K=4/recurring/high/fast/n/a/imbalanced/noisy,0.0,-0.022410358565737032
scn-f04b7ae59c92,1764348818,PageHinkley,0.8650398406374502,0.014670818000013242,1,4.0,1.0,1.0,3.0,0.0,0.0,1.0,0.25,0.4,0.75,92.0,92.0,inf,7384.0,inf,20.065217391304348,0.0,7384.0,hyperplane_gauss,17064,2,0.20002617193385958,0.08859777012839913,4,prior,incremental,170,0.3795801681280136,1.0,True,high,fast,prior/incremental/K=4/recurring/high/fast/n/a/imbalanced/noisy,-0.014068725099601553,-0.008341633466135479
scn-f04b7ae59c92,1764348818,PageHinkley-up,0.8783615537848606,0.014859096000236605,1,4.0,1.0,0.0,4.0,1.0,0.0,0.0,0.0,0.0,1.0,,,7384.0,7384.0,,,0.13542795232936078,7384.0,hyperplane_gauss,17064,2,0.20002617193385958,0.08859777012839913,4,prior,incremental,170,0.3795801681280136,1.0,True,high,fast,prior/incremental/K=4/recurring/high/fast/n/a/imbalanced/noisy,-0.0007470119521911789,-0.021663346613545853
scn-f04b7ae59c92,1764348818,DDM,0.8791085657370518,0.014310739000393369,0,4.0,0.0,0.0,4.0,0.0,0.0,,0.0,0.0,1.0,,,inf,7384.0,,,0.0,7384.0,hyperplane_gauss,17064,2,0.20002617193385958,0.08859777012839913,4,prior,incremental,170,0.3795801681280136,1.0,True,high,fast,prior/incremental/K=4/recurring/high/fast/n/a/imbalanced/noisy,0.0,-0.022410358565737032
scn-f04b7ae59c92,1764348818,EDDM,0.8598730079681275,0.01403468900025473,5,4.0,5.0,1.0,3.0,4.0,0.0,0.2,0.25,0.22222222222222224,0.75,154.0,154.0,1846.0,1846.0,2.9967532467532467,2.9967532467532467,0.5417118093174431,7384.0,hyperplane_gauss,17064,2,0.20002617193385958,0.08859777012839913,4,prior,incremental,170,0.3795801681280136,1.0,True,high,fast,prior/incremental/K=4/recurring/high/fast/n/a/imbalanced/noisy,-0.019235557768924272,-0.00317480079681276
scn-f04b7ae59c92,1764348818,HDDM_A,0.8791085657370518,0.051482278000094084,0,4.0,0.0,0.0,4.0,0.0,0.0,,0.0,0.0,1.0,,,inf,7384.0,,,0.0,7384.0,hyperplane_gauss,17064,2,0.20002617193385958,0.08859777012839913,4,prior,incremental,170,0.3795801681280136,1.0,True,high,fast,prior/incremental/K=4/recurring/high/fast/n/a/imbalanced/noisy,0.0,-0.022410358565737032
scn-f04b7ae59c92,1764348818,HDDM_W,0.8791085657370518,0.046808889000203635,0,4.0,0.0,0.0,4.0,0.0,0.0,,0.0,0.0,1.0,,,inf,7384.0,,,0.0,7384.0,hyperplane_gauss,17064,2,0.20002617193385958,0.08859777012839913,4,prior,incremental,170,0.3795801681280136,1.0,True,high,fast,prior/incremental/K=4/recurring/high/fast/n/a/imbalanced/noisy,0.0,-0.022410358565737032
scn-f04b7ae59c92,1764348818,FHDDM,0.8791085657370518,0.012076243000137765,0,4.0,0.0,0.0,4.0,0.0,0.0,,0.0,0.0,1.0,,,inf,7384.0,,,0.0,7384.0,hyperplane_gauss,17064,2,0.20002617193385958,0.08859777012839913,4,prior,incremental,170,0.3795801681280136,1.0,True,high,fast,prior/incremental/K=4/recurring/high/fast/n/a/imbalanced/noisy,0.0,-0.022410358565737032
scn-f04b7ae59c92,1764348818,NoDrift,0.8791085657370518,0.00693947100035075,0,4.0,0.0,0.0,4.0,0.0,0.0,,0.0,0.0,1.0,,,inf,7384.0,,,0.0,7384.0,hyperplane_gauss,17064,2,0.20002617193385958,0.08859777012839913,4,prior,incremental,170,0.3795801681280136,1.0,True,high,fast,prior/incremental/K=4/recurring/high/fast/n/a/imbalanced/noisy,0.0,-0.022410358565737032
scn-f04b7ae59c92,1764348818,Periodic(2000),0.853523406374502,0.00789364399997794,8,4.0,8.0,4.0,0.0,4.0,0.0,0.5,1.0,0.6666666666666666,0.0,1053.0,1053.0,1846.0,1846.0,1.7530864197530864,1.7530864197530864,0.5417118093174431,7384.0,hyperplane_gauss,17064,2,0.20002617193385958,0.08859777012839913,4,prior,incremental,170,0.3795801681280136,1.0,True,high,fast,prior/incremental/K=4/recurring/high/fast/n/a/imbalanced/noisy,-0.025585159362549792,0.00317480079681276
scn-f04b7ae59c92,1764348818,Oracle,0.8566982071713147,0.007638486999894667,4,4.0,4.0,4.0,0.0,0.0,0.0,1.0,1.0,1.0,0.0,86.0,86.0,inf,7384.0,inf,85.86046511627907,0.0,7384.0,hyperplane_gauss,17064,2,0.20002617193385958,0.08859777012839913,4,prior,incremental,170,0.3795801681280136,1.0,True,high,fast,prior/incremental/K=4/recurring/high/fast/n/a/imbalanced/noisy,-0.022410358565737032,-0.0
scn-f04b7ae59c92,1764348819,ADWIN,0.873070219123506,0.010527542000090762,0,4.0,0.0,0.0,4.0,0.0,0.0,,0.0,0.0,1.0,,,inf,7384.0,,,0.0,7384.0,hyperplane_gauss,17064,2,0.20002617193385958,0.08859777012839913,4,prior,incremental,170,0.3795801681280136,1.0,True,high,fast,prior/incremental/K=4/recurring/high/fast/n/a/imbalanced/noisy,0.0,-0.02122758964143434
scn-f04b7ae59c92,1764348819,KSWIN,0.873070219123506,3.428372748000129,0,4.0,0.0,0.0,4.0,0.0,0.0,,0.0,0.0,1.0,,,inf,7384.0,,,0.0,7384.0,hyperplane_gauss,17064,2,0.20002617193385958,0.08859777012839913,4,prior,incremental,170,0.3795801681280136,1.0,True,high,fast,prior/incremental/K=4/recurring/high/fast/n/a/imbalanced/noisy,0.0,-0.02122758964143434
scn-f04b7ae59c92,1764348819,PageHinkley,0.8744397410358565,0.015182631999778096,1,4.0,1.0,1.0,3.0,0.0,0.0,1.0,0.25,0.4,0.75,1857.0,1857.0,inf,7384.0,inf,0.9940764674205708,0.0,7384.0,hyperplane_gauss,17064,2,0.20002617193385958,0.08859777012839913,4,prior,incremental,170,0.3795801681280136,1.0,True,high,fast,prior/incremental/K=4/recurring/high/fast/n/a/imbalanced/noisy,0.0013695219123505131,-0.022597111553784854
scn-f04b7ae59c92,1764348819,PageHinkley-up,0.8744397410358565,0.015006492000338767,1,4.0,1.0,1.0,3.0,0.0,0.0,1.0,0.25,0.4,0.75,1857.0,1857.0,inf,7384.0,inf,0.9940764674205708,0.0,7384.0,hyperplane_gauss,17064,2,0.20002617193385958,0.08859777012839913,4,prior,incremental,170,0.3795801681280136,1.0,True,high,fast,prior/incremental/K=4/recurring/high/fast/n/a/imbalanced/noisy,0.0013695219123505131,-0.022597111553784854
scn-f04b7ae59c92,1764348819,DDM,0.8698954183266933,0.015148547999615403,2,4.0,2.0,1.0,3.0,1.0,0.0,0.5,0.25,0.3333333333333333,0.75,1103.0,1103.0,7384.0,7384.0,1.6736174070716228,1.6736174070716228,0.13542795232936078,7384.0,hyperplane_gauss,17064,2,0.20002617193385958,0.08859777012839913,4,prior,incremental,170,0.3795801681280136,1.0,True,high,fast,prior/incremental/K=4/recurring/high/fast/n/a/imbalanced/noisy,-0.00317480079681276,-0.01805278884462158
scn-f04b7ae59c92,1764348819,EDDM,0.8619895418326693,0.015452983000159293,8,4.0,8.0,2.0,2.0,1.0,5.0,0.25,0.5,0.3333333333333333,0.5,332.5,332.5,7384.0,7384.0,11.10375939849624,11.10375939849624,0.13542795232936078,7384.0,hyperplane_gauss,17064,2,0.20002617193385958,0.08859777012839913,4,prior,incremental,170,0.3795801681280136,1.0,True,high,fast,prior/incremental/K=4/recurring/high/fast/n/a/imbalanced/noisy,-0.011080677290836727,-0.010146912350597614
scn-f04b7ae59c92,1764348819,HDDM_A,0.873070219123506,0.04836449000003995,0,4.0,0.0,0.0,4.0,0.0,0.0,,0.0,0.0,1.0,,,inf,7384.0,,,0.0,7384.0,hyperplane_gauss,17064,2,0.20002617193385958,0.08859777012839913,4,prior,incremental,170,0.3795801681280136,1.0,True,high,fast,prior/incremental/K=4/recurring/high/fast/n/a/imbalanced/noisy,0.0,-0.02122758964143434
scn-f04b7ae59c92,1764348819,HDDM_W,0.873070219123506,0.047454140999889205,0,4.0,0.0,0.0,4.0,0.0,0.0,,0.0,0.0,1.0,,,inf,7384.0,,,0.0,7384.0,hyperplane_gauss,17064,2,0.20002617193385958,0.08859777012839913,4,prior,incremental,170,0.3795801681280136,1.0,True,high,fast,prior/incremental/K=4/recurring/high/fast/n/a/imbalanced/noisy,0.0,-0.02122758964143434
scn-f04b7ae59c92,1764348819,FHDDM,0.873070219123506,0.01224454999965019,0,4.0,0.0,0.0,4.0,0.0,0.0,,0.0,0.0,1.0,,,inf,7384.0,,,0.0,7384.0,hyperplane_gauss,17064,2,0.20002617193385958,0.08859777012839913,4,prior,incremental,170,0.3795801681280136,1.0,True,high,fast,prior/incremental/K=4/recurring/high/fast/n/a/imbalanced/noisy,0.0,-0.02122758964143434
scn-f04b7ae59c92,1764348819,NoDrift,0.873070219123506,0.006968242999846552,0,4.0,0.0,0.0,4.0,0.0,0.0,,0.0,0.0,1.0,,,inf,7384.0,,,0.0,7384.0,hyperplane_gauss,17064,2,0.20002617193385958,0.08859777012839913,4,prior,incremental,170,0.3795801681280136,1.0,True,high,fast,prior/incremental/K=4/recurring/high/fast/n/a/imbalanced/noisy,0.0,-0.02122758964143434
scn-f04b7ae59c92,1764348819,Periodic(2000),0.8523406374501992,0.007842517999961274,8,4.0,8.0,4.0,0.0,4.0,0.0,0.5,1.0,0.6666666666666666,0.0,1053.0,1053.0,1846.0,1846.0,1.7530864197530864,1.7530864197530864,0.5417118093174431,7384.0,hyperplane_gauss,17064,2,0.20002617193385958,0.08859777012839913,4,prior,incremental,170,0.3795801681280136,1.0,True,high,fast,prior/incremental/K=4/recurring/high/fast/n/a/imbalanced/noisy,-0.02072958167330685,-0.0004980079681274896
scn-f04b7ae59c92,1764348819,Oracle,0.8518426294820717,0.007698772999901848,4,4.0,4.0,4.0,0.0,0.0,0.0,1.0,1.0,1.0,0.0,86.0,86.0,inf,7384.0,inf,85.86046511627907,0.0,7384.0,hyperplane_gauss,17064,2,0.20002617193385958,0.08859777012839913,4,prior,incremental,170,0.3795801681280136,1.0,True,high,fast,prior/incremental/K=4/recurring/high/fast/n/a/imbalanced/noisy,-0.02122758964143434,-0.0
scn-04a0315429b2,2000811815,ADWIN,0.710125980508676,0.04770712899971841,0,3.0,0.0,0.0,3.0,0.0,0.0,,0.0,0.0,1.0,,,inf,18366.0,,,0.0,18366.0,hyperplane_gauss,26242,26,0.33187583815306426,0.2648815610446036,3,virtual,gradual,292,0.38115509241819384,0.8846612863242627,True,high,fast,virtual/gradual/K=3/recurring/high/fast/partial/imbalanced/noisy,0.0,-0.02563188336898825
scn-04a0315429b2,2000811815,KSWIN,0.710125980508676,5.453073180000047,0,3.0,0.0,0.0,3.0,0.0,0.0,,0.0,0.0,1.0,,,inf,18366.0,,,0.0,18366.0,hyperplane_gauss,26242,26,0.33187583815306426,0.2648815610446036,3,virtual,gradual,292,0.38115509241819384,0.8846612863242627,True,high,fast,virtual/gradual/K=3/recurring/high/fast/partial/imbalanced/noisy,0.0,-0.02563188336898825
scn-04a0315429b2,2000811815,PageHinkley,0.6687663418112669,0.0624592140002278,8,3.0,8.0,1.0,2.0,7.0,0.0,0.125,0.3333333333333333,0.18181818181818182,0.6666666666666667,928.0,928.0,2623.714285714286,2623.714285714286,0.942426108374384,0.942426108374384,0.38113906130894043,18366.0,hyperplane_gauss,26242,26,0.33187583815306426,0.2648815610446036,3,virtual,gradual,292,0.38115509241819384,0.8846612863242627,True,high,fast,virtual/gradual/K=3/recurring/high/fast/partial/imbalanced/noisy,-0.04135963869740911,0.015727755328420856
scn-04a0315429b2,2000811815,PageHinkley-up,0.710125980508676,0.05238579999968351,0,3.0,0.0,0.0,3.0,0.0,0.0,,0.0,0.0,1.0,,,inf,18366.0,,,0.0,18366.0,hyperplane_gauss,26242,26,0.33187583815306426,0.2648815610446036,3,virtual,gradual,292,0.38115509241819384,0.8846612863242627,True,high,fast,virtual/gradual/K=3/recurring/high/fast/partial/imbalanced/noisy,0.0,-0.02563188336898825
scn-04a0315429b2,2000811815,DDM,0.710125980508676,0.05201360899991414,0,3.0,0.0,0.0,3.0,0.0,0.0,,0.0,0.0,1.0,,,inf,18366.0,,,0.0,18366.0,hyperplane_gauss,26242,26,0.33187583815306426,0.2648815610446036,3,virtual,gradual,292,0.38115509241819384,0.8846612863242627,True,high,fast,virtual/gradual/K=3/recurring/high/fast/partial/imbalanced/noisy,0.0,-0.02563188336898825
scn-04a0315429b2,2000811815,EDDM,0.7056493146343396,0.050904199999877164,1,3.0,1.0,0.0,3.0,1.0,0.0,0.0,0.0,0.0,1.0,,,18366.0,18366.0,,,0.05444843732984863,18366.0,hyperplane_gauss,26242,26,0.33187583815306426,0.2648815610446036,3,virtual,gradual,292,0.38115509241819384,0.8846612863242627,True,high,fast,virtual/gradual/K=3/recurring/high/fast/partial/imbalanced/noisy,-0.004476665874336483,-0.021155217494651768
scn-04a0315429b2,2000811815,HDDM_A,0.710125980508676,0.1045609500001774,0,3.0,0.0,0.0,3.0,0.0,0.0,,0.0,0.0,1.0,,,inf,18366.0,,,0.0,18366.0,hyperplane_gauss,26242,26,0.33187583815306426,0.2648815610446036,3,virtual,gradual,292,0.38115509241819384,0.8846612863242627,True,high,fast,virtual/gradual/K=3/recurring/high/fast/partial/imbalanced/noisy,0.0,-0.02563188336898825
scn-04a0315429b2,2000811815,HDDM_W,0.6698756041518105,0.1266736090001359,8,3.0,8.0,2.0,1.0,5.0,1.0,0.25,0.6666666666666666,0.36363636363636365,0.33333333333333337,1027.0,1027.0,3673.2,3673.2,2.3844206426484904,2.3844206426484904,0.27224218664924316,18366.0,hyperplane_gauss,26242,26,0.33187583815306426,0.2648815610446036,3,virtual,gradual,292,0.38115509241819384,0.8846612863242627,True,high,fast,virtual/gradual/K=3/recurring/high/fast/partial/imbalanced/noisy,-0.04025037635686557,0.014618492987877318
scn-04a0315429b2,2000811815,FHDDM,0.7022819111005467,0.05138362500019866,1,3.0,1.0,1.0,2.0,0.0,0.0,1.0,0.3333333333333333,0.5,0.6666666666666667,843.0,843.0,inf,18366.0,inf,7.262158956109133,0.0,18366.0,hyperplane_gauss,26242,26,0.33187583815306426,0.2648815610446036,3,virtual,gradual,292,0.38115509241819384,0.8846612863242627,True,high,fast,virtual/gradual/K=3/recurring/high/fast/partial/imbalanced/noisy,-0.007844069408129317,-0.017787813960858934
scn-04a0315429b2,2000811815,NoDrift,0.710125980508676,0.0407016350000049,0,3.0,0.0,0.0,3.0,0.0,0.0,,0.0,0.0,1.0,,,inf,18366.0,,,0.0,18366.0,hyperplane_gauss,26242,26,0.33187583815306426,0.2648815610446036,3,virtual,gradual,292,0.38115509241819384,0.8846612863242627,True,high,fast,virtual/gradual/K=3/recurring/high/fast/partial/imbalanced/noisy,0.0,-0.02563188336898825
scn-04a0315429b2,2000811815,Periodic(2000),0.6520877901909516,0.04417548199990051,12,3.0,12.0,3.0,0.0,8.0,1.0,0.25,1.0,0.4,0.0,525.0,525.0,2295.75,2295.75,4.372857142857143,4.372857142857143,0.43558749863878904,18366.0,hyperplane_gauss,26242,26,0.33187583815306426,0.2648815610446036,3,virtual,gradual,292,0.38115509241819384,0.8846612863242627,True,high,fast,virtual/gradual/K=3/recurring/high/fast/partial/imbalanced/noisy,-0.05803819031772439,0.03240630694873614
scn-04a0315429b2,2000811815,Oracle,0.6844940971396878,0.049775346999922476,3,3.0,3.0,3.0,0.0,0.0,0.0,1.0,1.0,1.0,0.0,147.0,147.0,inf,18366.0,inf,124.93877551020408,0.0,18366.0,hyperplane_gauss,26242,26,0.33187583815306426,0.2648815610446036,3,virtual,gradual,292,0.38115509241819384,0.8846612863242627,True,high,fast,virtual/gradual/K=3/recurring/high/fast/partial/imbalanced/noisy,-0.02563188336898825,-0.0
scn-04a0315429b2,2000811816,ADWIN,0.7062831788289359,0.04756938699983948,0,3.0,0.0,0.0,3.0,0.0,0.0,,0.0,0.0,1.0,,,inf,18366.0,,,0.0,18366.0,hyperplane_gauss,26242,26,0.33187583815306426,0.2648815610446036,3,virtual,gradual,292,0.38115509241819384,0.8846612863242627,True,high,fast,virtual/gradual/K=3/recurring/high/fast/partial/imbalanced/noisy,0.0,-0.021551382616274428
scn-04a0315429b2,2000811816,KSWIN,0.7062831788289359,5.463778307999746,0,3.0,0.0,0.0,3.0,0.0,0.0,,0.0,0.0,1.0,,,inf,18366.0,,,0.0,18366.0,hyperplane_gauss,26242,26,0.33187583815306426,0.2648815610446036,3,virtual,gradual,292,0.38115509241819384,0.8846612863242627,True,high,fast,virtual/gradual/K=3/recurring/high/fast/partial/imbalanced/noisy,0.0,-0.021551382616274428
scn-04a0315429b2,2000811816,PageHinkley,0.6576341018936693,0.07328470100037521,11,3.0,11.0,3.0,0.0,6.0,2.0,0.2727272727272727,1.0,0.42857142857142855,0.0,1021.0,902.0,3061.0,3061.0,2.998041136141038,2.998041136141038,0.3266906239790918,18366.0,hyperplane_gauss,26242,26,0.33187583815306426,0.2648815610446036,3,virtual,gradual,292,0.38115509241819384,0.8846612863242627,True,high,fast,virtual/gradual/K=3/recurring/high/fast/partial/imbalanced/noisy,-0.048649076935266544,0.027097694318992116
scn-04a0315429b2,2000811816,PageHinkley-up,0.7062831788289359,0.05610424399992553,0,3.0,0.0,0.0,3.0,0.0,0.0,,0.0,0.0,1.0,,,inf,18366.0,,,0.0,18366.0,hyperplane_gauss,26242,26,0.33187583815306426,0.2648815610446036,3,virtual,gradual,292,0.38115509241819384,0.8846612863242627,True,high,fast,virtual/gradual/K=3/recurring/high/fast/partial/imbalanced/noisy,0.0,-0.021551382616274428
scn-04a0315429b2,2000811816,DDM,0.7062831788289359,0.054392652999922575,0,3.0,0.0,0.0,3.0,0.0,0.0,,0.0,0.0,1.0,,,inf,18366.0,,,0.0,18366.0,hyperplane_gauss,26242,26,0.33187583815306426,0.2648815610446036,3,virtual,gradual,292,0.38115509241819384,0.8846612863242627,True,high,fast,virtual/gradual/K=3/recurring/high/fast/partial/imbalanced/noisy,0.0,-0.021551382616274428
scn-04a0315429b2,2000811816,EDDM,0.6999049203708105,0.06133298100030515,4,3.0,4.0,0.0,3.0,4.0,0.0,0.0,0.0,0.0,1.0,,,4591.5,4591.5,,,0.21779374931939452,18366.0,hyperplane_gauss,26242,26,0.33187583815306426,0.2648815610446036,3,virtual,gradual,292,0.38115509241819384,0.8846612863242627,True,high,fast,virtual/gradual/K=3/recurring/high/fast/partial/imbalanced/noisy,-0.006378258458125341,-0.015173124158149087
scn-04a0315429b2,2000811816,HDDM_A,0.7062831788289359,0.10443613300003562,0,3.0,0.0,0.0,3.0,0.0,0.0,,0.0,0.0,1.0,,,inf,18366.0,,,0.0,18366.0,hyperplane_gauss,26242,26,0.33187583815306426,0.2648815610446036,3,virtual,gradual,292,0.38115509241819384,0.8846612863242627,True,high,fast,virtual/gradual/K=3/recurring/high/fast/partial/imbalanced/noisy,0.0,-0.021551382616274428
scn-04a0315429b2,2000811816,HDDM_W,0.6517708580936534,0.1411500200001683,13,3.0,13.0,3.0,0.0,9.0,1.0,0.23076923076923078,1.0,0.375,0.0,119.66666666666667,60.0,2040.6666666666667,2040.6666666666667,17.05292479108635,17.05292479108635,0.4900359359686377,18366.0,hyperplane_gauss,26242,26,0.33187583815306426,0.2648815610446036,3,virtual,gradual,292,0.38115509241819384,0.8846612863242627,True,high,fast,virtual/gradual/K=3/recurring/high/fast/partial/imbalanced/noisy,-0.05451232073528245,0.03296093811900802
scn-04a0315429b2,2000811816,FHDDM,0.6888519134775375,0.05418304500017257,3,3.0,3.0,2.0,1.0,1.0,0.0,0.6666666666666666,0.6666666666666666,0.6666666666666666,0.33333333333333337,734.5,734.5,18366.0,18366.0,16.669843430905377,16.669843430905377,0.05444843732984863,18366.0,hyperplane_gauss,26242,26,0.33187583815306426,0.2648815610446036,3,virtual,gradual,292,0.38115509241819384,0.8846612863242627,True,high,fast,virtual/gradual/K=3/recurring/high/fast/partial/imbalanced/noisy,-0.017431265351398384,-0.004120117264876044
scn-04a0315429b2,2000811816,NoDrift,0.7062831788289359,0.04140042300014102,0,3.0,0.0,0.0,3.0,0.0,0.0,,0.0,0.0,1.0,,,inf,18366.0,,,0.0,18366.0,hyperplane_gauss,26242,26,0.33187583815306426,0.2648815610446036,3,virtual,gradual,292,0.38115509241819384,0.8846612863242627,True,high,fast,virtual/gradual/K=3/recurring/high/fast/partial/imbalanced/noisy,0.0,-0.021551382616274428
scn-04a0315429b2,2000811816,Periodic(2000),0.6509389113382458,0.044376445000125386,12,3.0,12.0,3.0,0.0,8.0,1.0,0.25,1.0,0.4,0.0,525.0,525.0,2295.75,2295.75,4.372857142857143,4.372857142857143,0.43558749863878904,18366.0,hyperplane_gauss,26242,26,0.33187583815306426,0.2648815610446036,3,virtual,gradual,292,0.38115509241819384,0.8846612863242627,True,high,fast,virtual/gradual/K=3/recurring/high/fast/partial/imbalanced/noisy,-0.0553442674906901,0.033792884874415674
scn-04a0315429b2,2000811816,Oracle,0.6847317962126614,0.050576129000091896,3,3.0,3.0,3.0,0.0,0.0,0.0,1.0,1.0,1.0,0.0,147.0,147.0,inf,18366.0,inf,124.93877551020408,0.0,18366.0,hyperplane_gauss,26242,26,0.33187583815306426,0.2648815610446036,3,virtual,gradual,292,0.38115509241819384,0.8846612863242627,True,high,fast,virtual/gradual/K=3/recurring/high/fast/partial/imbalanced/noisy,-0.021551382616274428,-0.0
scn-04a0315429b2,2000811817,ADWIN,0.7040250376356866,0.0468751630000952,0,3.0,0.0,0.0,3.0,0.0,0.0,,0.0,0.0,1.0,,,inf,18366.0,,,0.0,18366.0,hyperplane_gauss,26242,26,0.33187583815306426,0.2648815610446036,3,virtual,gradual,292,0.38115509241819384,0.8846612863242627,True,high,fast,virtual/gradual/K=3/recurring/high/fast/partial/imbalanced/noisy,0.0,-0.024166072418984275
scn-04a0315429b2,2000811817,KSWIN,0.6781554551937248,5.256868339999983,5,3.0,5.0,1.0,2.0,4.0,0.0,0.2,0.3333333333333333,0.25,0.6666666666666667,2212.0,2212.0,4591.5,4591.5,0.6919077757685351,0.6919077757685351,0.21779374931939452,18366.0,hyperplane_gauss,26242,26,0.33187583815306426,0.2648815610446036,3,virtual,gradual,292,0.38115509241819384,0.8846612863242627,True,high,fast,virtual/gradual/K=3/recurring/high/fast/partial/imbalanced/noisy,-0.025869582441961803,0.001703510022977528
scn-04a0315429b2,2000811817,PageHinkley,0.6581095000396165,0.07454520200008119,11,3.0,11.0,1.0,2.0,10.0,0.0,0.09090909090909091,0.3333333333333333,0.14285714285714288,0.6666666666666667,1357.0,1357.0,1836.6,1836.6,0.45114222549742067,0.45114222549742067,0.5444843732984863,18366.0,hyperplane_gauss,26242,26,0.33187583815306426,0.2648815610446036,3,virtual,gradual,292,0.38115509241819384,0.8846612863242627,True,high,fast,virtual/gradual/K=3/recurring/high/fast/partial/imbalanced/noisy,-0.04591553759607003,0.02174946517708576
scn-04a0315429b2,2000811817,PageHinkley-up,0.6982806433721576,0.05416405799996937,1,3.0,1.0,0.0,3.0,1.0,0.0,0.0,0.0,0.0,1.0,,,18366.0,18366.0,,,0.05444843732984863,18366.0,hyperplane_gauss,26242,26,0.33187583815306426,0.2648815610446036,3,virtual,gradual,292,0.38115509241819384,0.8846612863242627,True,high,fast,virtual/gradual/K=3/recurring/high/fast/partial/imbalanced/noisy,-0.005744394263529018,-0.018421678155455257
scn-04a0315429b2,2000811817,DDM,0.7040250376356866,0.05303112100000362,0,3.0,0.0,0.0,3.0,0.0,0.0,,0.0,0.0,1.0,,,inf,18366.0,,,0.0,18366.0,hyperplane_gauss,26242,26,0.33187583815306426,0.2648815610446036,3,virtual,gradual,292,0.38115509241819384,0.8846612863242627,True,high,fast,virtual/gradual/K=3/recurring/high/fast/partial/imbalanced/noisy,0.0,-0.024166072418984275
scn-04a0315429b2,2000811817,EDDM,0.7040250376356866,0.049782490999859874,0,3.0,0.0,0.0,3.0,0.0,0.0,,0.0,0.0,1.0,,,inf,18366.0,,,0.0,18366.0,hyperplane_gauss,26242,26,0.33187583815306426,0.2648815610446036,3,virtual,gradual,292,0.38115509241819384,0.8846612863242627,True,high,fast,virtual/gradual/K=3/recurring/high/fast/partial/imbalanced/noisy,0.0,-0.024166072418984275
scn-04a0315429b2,2000811817,HDDM_A,0.7040250376356866,0.10123148100001345,0,3.0,0.0,0.0,3.0,0.0,0.0,,0.0,0.0,1.0,,,inf,18366.0,,,0.0,18366.0,hyperplane_gauss,26242,26,0.33187583815306426,0.2648815610446036,3,virtual,gradual,292,0.38115509241819384,0.8846612863242627,True,high,fast,virtual/gradual/K=3/recurring/high/fast/partial/imbalanced/noisy,0.0,-0.024166072418984275
scn-04a0315429b2,2000811817,HDDM_W,0.6458283812693131,0.14342609400000583,15,3.0,15.0,2.0,1.0,12.0,1.0,0.13333333333333333,0.6666666666666666,0.2222222222222222,0.33333333333333337,1123.5,1123.5,1530.5,1530.5,0.9081738614448894,0.9081738614448894,0.6533812479581836,18366.0,hyperplane_gauss,26242,26,0.33187583815306426,0.2648815610446036,3,virtual,gradual,292,0.38115509241819384,0.8846612863242627,True,high,fast,virtual/gradual/K=3/recurring/high/fast/partial/imbalanced/noisy,-0.0581966563663735,0.034030583947389226
scn-04a0315429b2,2000811817,FHDDM,0.6750653672450677,0.05724330300017755,4,3.0,4.0,2.0,1.0,2.0,0.0,0.5,0.6666666666666666,0.5714285714285715,0.33333333333333337,599.5,599.5,9183.0,9183.0,10.21184320266889,10.21184320266889,0.10889687465969726,18366.0,hyperplane_gauss,26242,26,0.33187583815306426,0.2648815610446036,3,virtual,gradual,292,0.38115509241819384,0.8846612863242627,True,high,fast,virtual/gradual/K=3/recurring/high/fast/partial/imbalanced/noisy,-0.028959670390618864,0.004793597971634589
scn-04a0315429b2,2000811817,NoDrift,0.7040250376356866,0.05781831300009799,0,3.0,0.0,0.0,3.0,0.0,0.0,,0.0,0.0,1.0,,,inf,18366.0,,,0.0,18366.0,hyperplane_gauss,26242,26,0.33187583815306426,0.2648815610446036,3,virtual,gradual,292,0.38115509241819384,0.8846612863242627,True,high,fast,virtual/gradual/K=3/recurring/high/fast/partial/imbalanced/noisy,0.0,-0.024166072418984275
scn-04a0315429b2,2000811817,Periodic(2000),0.6480865224625624,0.04440787699968496,12,3.0,12.0,3.0,0.0,8.0,1.0,0.25,1.0,0.4,0.0,525.0,525.0,2295.75,2295.75,4.372857142857143,4.372857142857143,0.43558749863878904,18366.0,hyperplane_gauss,26242,26,0.33187583815306426,0.2648815610446036,3,virtual,gradual,292,0.38115509241819384,0.8846612863242627,True,high,fast,virtual/gradual/K=3/recurring/high/fast/partial/imbalanced/noisy,-0.055938515173124204,0.03177244275413993
scn-04a0315429b2,2000811817,Oracle,0.6798589652167023,0.050462196999887965,3,3.0,3.0,3.0,0.0,0.0,0.0,1.0,1.0,1.0,0.0,147.0,147.0,inf,18366.0,inf,124.93877551020408,0.0,18366.0,hyperplane_gauss,26242,26,0.33187583815306426,0.2648815610446036,3,virtual,gradual,292,0.38115509241819384,0.8846612863242627,True,high,fast,virtual/gradual/K=3/recurring/high/fast/partial/imbalanced/noisy,-0.024166072418984275,-0.0
scn-737e19a4b92b,1248593158,ADWIN,0.9372323950077435,0.03127404899987596,0,1.0,0.0,0.0,1.0,0.0,0.0,,0.0,0.0,1.0,,,inf,29888.0,,,0.0,29888.0,hyperplane_gauss,33931,6,0.07178357308730483,0.01046558730304241,1,real,gradual,1043,0.069557935001251,0.6480735670775175,False,low,slow,real/gradual/K=1/low/slow/partial/imbalanced/noisy,0.0,0.0038261820169445127
scn-737e19a4b92b,1248593158,KSWIN,0.9372323950077435,7.1446812550002505,0,1.0,0.0,0.0,1.0,0.0,0.0,,0.0,0.0,1.0,,,inf,29888.0,,,0.0,29888.0,hyperplane_gauss,33931,6,0.07178357308730483,0.01046558730304241,1,real,gradual,1043,0.069557935001251,0.6480735670775175,False,low,slow,real/gradual/K=1/low/slow/partial/imbalanced/noisy,0.0,0.0038261820169445127
scn-737e19a4b92b,1248593158,PageHinkley,0.9372323950077435,0.0365547820001666,0,1.0,0.0,0.0,1.0,0.0,0.0,,0.0,0.0,1.0,,,inf,29888.0,,,0.0,29888.0,hyperplane_gauss,33931,6,0.07178357308730483,0.01046558730304241,1,real,gradual,1043,0.069557935001251,0.6480735670775175,False,low,slow,real/gradual/K=1/low/slow/partial/imbalanced/noisy,0.0,0.0038261820169445127
scn-737e19a4b92b,1248593158,PageHinkley-up,0.9372323950077435,0.036454049999974814,0,1.0,0.0,0.0,1.0,0.0,0.0,,0.0,0.0,1.0,,,inf,29888.0,,,0.0,29888.0,hyperplane_gauss,33931,6,0.07178357308730483,0.01046558730304241,1,real,gradual,1043,0.069557935001251,0.6480735670775175,False,low,slow,real/gradual/K=1/low/slow/partial/imbalanced/noisy,0.0,0.0038261820169445127
scn-737e19a4b92b,1248593158,DDM,0.9371109289119675,0.036081653999644914,1,1.0,1.0,0.0,1.0,1.0,0.0,0.0,0.0,0.0,1.0,,,29888.0,29888.0,,,0.03345824411134904,29888.0,hyperplane_gauss,33931,6,0.07178357308730483,0.01046558730304241,1,real,gradual,1043,0.069557935001251,0.6480735670775175,False,low,slow,real/gradual/K=1/low/slow/partial/imbalanced/noisy,-0.00012146609577601275,0.003947648112720525
scn-737e19a4b92b,1248593158,EDDM,0.9368679967204154,0.0313244180001675,6,1.0,6.0,0.0,1.0,6.0,0.0,0.0,0.0,0.0,1.0,,,4981.333333333333,4981.333333333333,,,0.2007494646680942,29888.0,hyperplane_gauss,33931,6,0.07178357308730483,0.01046558730304241,1,real,gradual,1043,0.069557935001251,0.6480735670775175,False,low,slow,real/gradual/K=1/low/slow/partial/imbalanced/noisy,-0.00036439828732803825,0.004190580304272551
scn-737e19a4b92b,1248593158,HDDM_A,0.9372323950077435,0.1111739299999499,0,1.0,0.0,0.0,1.0,0.0,0.0,,0.0,0.0,1.0,,,inf,29888.0,,,0.0,29888.0,hyperplane_gauss,33931,6,0.07178357308730483,0.01046558730304241,1,real,gradual,1043,0.069557935001251,0.6480735670775175,False,low,slow,real/gradual/K=1/low/slow/partial/imbalanced/noisy,0.0,0.0038261820169445127
scn-737e19a4b92b,1248593158,HDDM_W,0.9372323950077435,0.10123137600021437,0,1.0,0.0,0.0,1.0,0.0,0.0,,0.0,0.0,1.0,,,inf,29888.0,,,0.0,29888.0,hyperplane_gauss,33931,6,0.07178357308730483,0.01046558730304241,1,real,gradual,1043,0.069557935001251,0.6480735670775175,False,low,slow,real/gradual/K=1/low/slow/partial/imbalanced/noisy,0.0,0.0038261820169445127
scn-737e19a4b92b,1248593158,FHDDM,0.9372323950077435,0.03042003400014437,0,1.0,0.0,0.0,1.0,0.0,0.0,,0.0,0.0,1.0,,,inf,29888.0,,,0.0,29888.0,hyperplane_gauss,33931,6,0.07178357308730483,0.01046558730304241,1,real,gradual,1043,0.069557935001251,0.6480735670775175,False,low,slow,real/gradual/K=1/low/slow/partial/imbalanced/noisy,0.0,0.0038261820169445127
scn-737e19a4b92b,1248593158,NoDrift,0.9372323950077435,0.02002718400035519,0,1.0,0.0,0.0,1.0,0.0,0.0,,0.0,0.0,1.0,,,inf,29888.0,,,0.0,29888.0,hyperplane_gauss,33931,6,0.07178357308730483,0.01046558730304241,1,real,gradual,1043,0.069557935001251,0.6480735670775175,False,low,slow,real/gradual/K=1/low/slow/partial/imbalanced/noisy,0.0,0.0038261820169445127
scn-737e19a4b92b,1248593158,Periodic(2000),0.9388114542528316,0.02259991800019634,16,1.0,16.0,1.0,0.0,15.0,0.0,0.0625,1.0,0.11764705882352941,0.0,1056.0,1056.0,1992.5333333333333,1992.5333333333333,1.8868686868686868,1.8868686868686868,0.5018736616702355,29888.0,hyperplane_gauss,33931,6,0.07178357308730483,0.01046558730304241,1,real,gradual,1043,0.069557935001251,0.6480735670775175,False,low,slow,real/gradual/K=1/low/slow/partial/imbalanced/noisy,0.0015790592450881658,0.002247122771856347
scn-737e19a4b92b,1248593158,Oracle,0.941058577024688,0.022029522000138968,1,1.0,1.0,1.0,0.0,0.0,0.0,1.0,1.0,1.0,0.0,522.0,522.0,inf,29888.0,inf,57.25670498084291,0.0,29888.0,hyperplane_gauss,33931,6,0.07178357308730483,0.01046558730304241,1,real,gradual,1043,0.069557935001251,0.6480735670775175,False,low,slow,real/gradual/K=1/low/slow/partial/imbalanced/noisy,0.0038261820169445127,-0.0
scn-737e19a4b92b,1248593159,ADWIN,0.9372931280556315,0.026940087000184576,0,1.0,0.0,0.0,1.0,0.0,0.0,,0.0,0.0,1.0,,,inf,29888.0,,,0.0,29888.0,hyperplane_gauss,33931,6,0.07178357308730483,0.01046558730304241,1,real,gradual,1043,0.069557935001251,0.6480735670775175,False,low,slow,real/gradual/K=1/low/slow/partial/imbalanced/noisy,0.0,0.0036439828732804935
scn-737e19a4b92b,1248593159,KSWIN,0.9372931280556315,7.2990197509998325,0,1.0,0.0,0.0,1.0,0.0,0.0,,0.0,0.0,1.0,,,inf,29888.0,,,0.0,29888.0,hyperplane_gauss,33931,6,0.07178357308730483,0.01046558730304241,1,real,gradual,1043,0.069557935001251,0.6480735670775175,False,low,slow,real/gradual/K=1/low/slow/partial/imbalanced/noisy,0.0,0.0036439828732804935
scn-737e19a4b92b,1248593159,PageHinkley,0.9392669521119917,0.040844198999820946,1,1.0,1.0,0.0,1.0,1.0,0.0,0.0,0.0,0.0,1.0,,,29888.0,29888.0,,,0.03345824411134904,29888.0,hyperplane_gauss,33931,6,0.07178357308730483,0.01046558730304241,1,real,gradual,1043,0.069557935001251,0.6480735670775175,False,low,slow,real/gradual/K=1/low/slow/partial/imbalanced/noisy,0.0019738240563602627,0.0016701588169202308
scn-737e19a4b92b,1248593159,PageHinkley-up,0.9392669521119917,0.03606411999999182,1,1.0,1.0,0.0,1.0,1.0,0.0,0.0,0.0,0.0,1.0,,,29888.0,29888.0,,,0.03345824411134904,29888.0,hyperplane_gauss,33931,6,0.07178357308730483,0.01046558730304241,1,real,gradual,1043,0.069557935001251,0.6480735670775175,False,low,slow,real/gradual/K=1/low/slow/partial/imbalanced/noisy,0.0019738240563602627,0.0016701588169202308
scn-737e19a4b92b,1248593159,DDM,0.9374145941514075,0.03700422500014611,1,1.0,1.0,0.0,1.0,1.0,0.0,0.0,0.0,0.0,1.0,,,29888.0,29888.0,,,0.03345824411134904,29888.0,hyperplane_gauss,33931,6,0.07178357308730483,0.01046558730304241,1,real,gradual,1043,0.069557935001251,0.6480735670775175,False,low,slow,real/gradual/K=1/low/slow/partial/imbalanced/noisy,0.00012146609577601275,0.0035225167775044808
scn-737e19a4b92b,1248593159,EDDM,0.9386292551091676,0.05418976000009934,36,1.0,36.0,1.0,0.0,33.0,2.0,0.027777777777777776,1.0,0.05405405405405406,0.0,217.0,217.0,905.6969696969697,905.6969696969697,4.173718754363916,4.173718754363916,1.1041220556745182,29888.0,hyperplane_gauss,33931,6,0.07178357308730483,0.01046558730304241,1,real,gradual,1043,0.069557935001251,0.6480735670775175,False,low,slow,real/gradual/K=1/low/slow/partial/imbalanced/noisy,0.0013361270535361403,0.0023078558197443533
scn-737e19a4b92b,1248593159,HDDM_A,0.9372931280556315,0.11222215299994787,0,1.0,0.0,0.0,1.0,0.0,0.0,,0.0,0.0,1.0,,,inf,29888.0,,,0.0,29888.0,hyperplane_gauss,33931,6,0.07178357308730483,0.01046558730304241,1,real,gradual,1043,0.069557935001251,0.6480735670775175,False,low,slow,real/gradual/K=1/low/slow/partial/imbalanced/noisy,0.0,0.0036439828732804935
scn-737e19a4b92b,1248593159,HDDM_W,0.9372931280556315,0.10348489099988001,0,1.0,0.0,0.0,1.0,0.0,0.0,,0.0,0.0,1.0,,,inf,29888.0,,,0.0,29888.0,hyperplane_gauss,33931,6,0.07178357308730483,0.01046558730304241,1,real,gradual,1043,0.069557935001251,0.6480735670775175,False,low,slow,real/gradual/K=1/low/slow/partial/imbalanced/noisy,0.0,0.0036439828732804935
scn-737e19a4b92b,1248593159,FHDDM,0.9372931280556315,0.03081260299995847,0,1.0,0.0,0.0,1.0,0.0,0.0,,0.0,0.0,1.0,,,inf,29888.0,,,0.0,29888.0,hyperplane_gauss,33931,6,0.07178357308730483,0.01046558730304241,1,real,gradual,1043,0.069557935001251,0.6480735670775175,False,low,slow,real/gradual/K=1/low/slow/partial/imbalanced/noisy,0.0,0.0036439828732804935
scn-737e19a4b92b,1248593159,NoDrift,0.9372931280556315,0.01983965499994156,0,1.0,0.0,0.0,1.0,0.0,0.0,,0.0,0.0,1.0,,,inf,29888.0,,,0.0,29888.0,hyperplane_gauss,33931,6,0.07178357308730483,0.01046558730304241,1,real,gradual,1043,0.069557935001251,0.6480735670775175,False,low,slow,real/gradual/K=1/low/slow/partial/imbalanced/noisy,0.0,0.0036439828732804935
scn-737e19a4b92b,1248593159,Periodic(2000),0.940967477452856,0.021826203999808058,16,1.0,16.0,1.0,0.0,15.0,0.0,0.0625,1.0,0.11764705882352941,0.0,1056.0,1056.0,1992.5333333333333,1992.5333333333333,1.8868686868686868,1.8868686868686868,0.5018736616702355,29888.0,hyperplane_gauss,33931,6,0.07178357308730483,0.01046558730304241,1,real,gradual,1043,0.069557935001251,0.6480735670775175,False,low,slow,real/gradual/K=1/low/slow/partial/imbalanced/noisy,0.0036743493972245522,-3.03665239440587e-05
scn-737e19a4b92b,1248593159,Oracle,0.940937110928912,0.02264113699993686,1,1.0,1.0,1.0,0.0,0.0,0.0,1.0,1.0,1.0,0.0,522.0,522.0,inf,29888.0,inf,57.25670498084291,0.0,29888.0,hyperplane_gauss,33931,6,0.07178357308730483,0.01046558730304241,1,real,gradual,1043,0.069557935001251,0.6480735670775175,False,low,slow,real/gradual/K=1/low/slow/partial/imbalanced/noisy,0.0036439828732804935,-0.0
scn-737e19a4b92b,1248593160,ADWIN,0.9381130242021196,0.028498002999640448,0,1.0,0.0,0.0,1.0,0.0,0.0,,0.0,0.0,1.0,,,inf,29888.0,,,0.0,29888.0,hyperplane_gauss,33931,6,0.07178357308730483,0.01046558730304241,1,real,gradual,1043,0.069557935001251,0.6480735670775175,False,low,slow,real/gradual/K=1/low/slow/partial/imbalanced/noisy,0.0,0.0037047159211685
scn-737e19a4b92b,1248593160,KSWIN,0.9381130242021196,7.141567398999996,0,1.0,0.0,0.0,1.0,0.0,0.0,,0.0,0.0,1.0,,,inf,29888.0,,,0.0,29888.0,hyperplane_gauss,33931,6,0.07178357308730483,0.01046558730304241,1,real,gradual,1043,0.069557935001251,0.6480735670775175,False,low,slow,real/gradual/K=1/low/slow/partial/imbalanced/noisy,0.0,0.0037047159211685
scn-737e19a4b92b,1248593160,PageHinkley,0.9406334456894719,0.04006723700013026,1,1.0,1.0,0.0,1.0,1.0,0.0,0.0,0.0,0.0,1.0,,,29888.0,29888.0,,,0.03345824411134904,29888.0,hyperplane_gauss,33931,6,0.07178357308730483,0.01046558730304241,1,real,gradual,1043,0.069557935001251,0.6480735670775175,False,low,slow,real/gradual/K=1/low/slow/partial/imbalanced/noisy,0.00252042148735232,0.0011842944338161798
scn-737e19a4b92b,1248593160,PageHinkley-up,0.9406334456894719,0.03687467200006722,1,1.0,1.0,0.0,1.0,1.0,0.0,0.0,0.0,0.0,1.0,,,29888.0,29888.0,,,0.03345824411134904,29888.0,hyperplane_gauss,33931,6,0.07178357308730483,0.01046558730304241,1,real,gradual,1043,0.069557935001251,0.6480735670775175,False,low,slow,real/gradual/K=1/low/slow/partial/imbalanced/noisy,0.00252042148735232,0.0011842944338161798
scn-737e19a4b92b,1248593160,DDM,0.941119310072576,0.03812131099994076,3,1.0,3.0,0.0,1.0,3.0,0.0,0.0,0.0,0.0,1.0,,,9962.666666666666,9962.666666666666,,,0.1003747323340471,29888.0,hyperplane_gauss,33931,6,0.07178357308730483,0.01046558730304241,1,real,gradual,1043,0.069557935001251,0.6480735670775175,False,low,slow,real/gradual/K=1/low/slow/partial/imbalanced/noisy,0.003006285870456371,0.0006984300507121288
scn-737e19a4b92b,1248593160,EDDM,0.940967477452856,0.032989698000164935,7,1.0,7.0,0.0,1.0,7.0,0.0,0.0,0.0,0.0,1.0,,,4269.714285714285,4269.714285714285,,,0.23420770877944325,29888.0,hyperplane_gauss,33931,6,0.07178357308730483,0.01046558730304241,1,real,gradual,1043,0.069557935001251,0.6480735670775175,False,low,slow,real/gradual/K=1/low/slow/partial/imbalanced/noisy,0.0028544532507364107,0.0008502626704320893
scn-737e19a4b92b,1248593160,HDDM_A,0.9381130242021196,0.11356400899967412,0,1.0,0.0,0.0,1.0,0.0,0.0,,0.0,0.0,1.0,,,inf,29888.0,,,0.0,29888.0,hyperplane_gauss,33931,6,0.07178357308730483,0.01046558730304241,1,real,gradual,1043,0.069557935001251,0.6480735670775175,False,low,slow,real/gradual/K=1/low/slow/partial/imbalanced/noisy,0.0,0.0037047159211685
scn-737e19a4b92b,1248593160,HDDM_W,0.9381130242021196,0.10552594899991163,0,1.0,0.0,0.0,1.0,0.0,0.0,,0.0,0.0,1.0,,,inf,29888.0,,,0.0,29888.0,hyperplane_gauss,33931,6,0.07178357308730483,0.01046558730304241,1,real,gradual,1043,0.069557935001251,0.6480735670775175,False,low,slow,real/gradual/K=1/low/slow/partial/imbalanced/noisy,0.0,0.0037047159211685
scn-737e19a4b92b,1248593160,FHDDM,0.9381130242021196,0.030842316999951436,0,1.0,0.0,0.0,1.0,0.0,0.0,,0.0,0.0,1.0,,,inf,29888.0,,,0.0,29888.0,hyperplane_gauss,33931,6,0.07178357308730483,0.01046558730304241,1,real,gradual,1043,0.069557935001251,0.6480735670775175,False,low,slow,real/gradual/K=1/low/slow/partial/imbalanced/noisy,0.0,0.0037047159211685
scn-737e19a4b92b,1248593160,NoDrift,0.9381130242021196,0.020140103999892744,0,1.0,0.0,0.0,1.0,0.0,0.0,,0.0,0.0,1.0,,,inf,29888.0,,,0.0,29888.0,hyperplane_gauss,33931,6,0.07178357308730483,0.01046558730304241,1,real,gradual,1043,0.069557935001251,0.6480735670775175,False,low,slow,real/gradual/K=1/low/slow/partial/imbalanced/noisy,0.0,0.0037047159211685
scn-737e19a4b92b,1248593160,Periodic(2000),0.9399653821627039,0.022075582000070426,16,1.0,16.0,1.0,0.0,15.0,0.0,0.0625,1.0,0.11764705882352941,0.0,1056.0,1056.0,1992.5333333333333,1992.5333333333333,1.8868686868686868,1.8868686868686868,0.5018736616702355,29888.0,hyperplane_gauss,33931,6,0.07178357308730483,0.01046558730304241,1,real,gradual,1043,0.069557935001251,0.6480735670775175,False,low,slow,real/gradual/K=1/low/slow/partial/imbalanced/noisy,0.00185235796058425,0.00185235796058425
scn-737e19a4b92b,1248593160,Oracle,0.9418177401232881,0.02202038600034939,1,1.0,1.0,1.0,0.0,0.0,0.0,1.0,1.0,1.0,0.0,522.0,522.0,inf,29888.0,inf,57.25670498084291,0.0,29888.0,hyperplane_gauss,33931,6,0.07178357308730483,0.01046558730304241,1,real,gradual,1043,0.069557935001251,0.6480735670775175,False,low,slow,real/gradual/K=1/low/slow/partial/imbalanced/noisy,0.0037047159211685,-0.0
scn-8571a228d9a0,145783740,ADWIN,0.8449828962371722,0.1371833350003726,13,2.0,13.0,2.0,0.0,10.0,1.0,0.15384615384615385,1.0,0.2666666666666667,0.0,548.0,548.0,3108.0,3108.0,5.671532846715328,5.671532846715328,0.32175032175032175,31080.0,hyperplane_gauss,36080,45,0.24949291981756688,0.041701972391456364,2,prior,sudden,0,0.2970456185936928,1.0,False,medium,abrupt,prior/sudden/K=2/medium/abrupt/n/a/imbalanced/noisy,-0.06428164196123154,0.029104903078677302
scn-8571a228d9a0,145783740,KSWIN,0.9092645381984037,7.691275629000302,0,2.0,0.0,0.0,2.0,0.0,0.0,,0.0,0.0,1.0,,,inf,31080.0,,,0.0,31080.0,hyperplane_gauss,36080,45,0.24949291981756688,0.041701972391456364,2,prior,sudden,0,0.2970456185936928,1.0,False,medium,abrupt,prior/sudden/K=2/medium/abrupt/n/a/imbalanced/noisy,0.0,-0.03517673888255424
scn-8571a228d9a0,145783740,PageHinkley,0.8306442417331813,0.1846828560001086,22,2.0,22.0,2.0,0.0,18.0,2.0,0.09090909090909091,1.0,0.16666666666666669,0.0,296.5,296.5,1726.6666666666667,1726.6666666666667,5.823496346261945,5.823496346261945,0.5791505791505791,31080.0,hyperplane_gauss,36080,45,0.24949291981756688,0.041701972391456364,2,prior,sudden,0,0.2970456185936928,1.0,False,medium,abrupt,prior/sudden/K=2/medium/abrupt/n/a/imbalanced/noisy,-0.0786202964652224,0.04344355758266816
scn-8571a228d9a0,145783740,PageHinkley-up,0.8753705815279361,0.11891825300017445,3,2.0,3.0,1.0,1.0,2.0,0.0,0.3333333333333333,0.5,0.4,0.5,431.0,431.0,15540.0,15540.0,18.02784222737819,18.02784222737819,0.06435006435006435,31080.0,hyperplane_gauss,36080,45,0.24949291981756688,0.041701972391456364,2,prior,sudden,0,0.2970456185936928,1.0,False,medium,abrupt,prior/sudden/K=2/medium/abrupt/n/a/imbalanced/noisy,-0.03389395667046757,-0.0012827822120866639
scn-8571a228d9a0,145783740,DDM,0.9092645381984037,0.11277107400019304,0,2.0,0.0,0.0,2.0,0.0,0.0,,0.0,0.0,1.0,,,inf,31080.0,,,0.0,31080.0,hyperplane_gauss,36080,45,0.24949291981756688,0.041701972391456364,2,prior,sudden,0,0.2970456185936928,1.0,False,medium,abrupt,prior/sudden/K=2/medium/abrupt/n/a/imbalanced/noisy,0.0,-0.03517673888255424
scn-8571a228d9a0,145783740,EDDM,0.9071835803876853,0.10712054400028137,1,2.0,1.0,0.0,2.0,1.0,0.0,0.0,0.0,0.0,1.0,,,31080.0,31080.0,,,0.032175032175032175,31080.0,hyperplane_gauss,36080,45,0.24949291981756688,0.041701972391456364,2,prior,sudden,0,0.2970456185936928,1.0,False,medium,abrupt,prior/sudden/K=2/medium/abrupt/n/a/imbalanced/noisy,-0.0020809578107183757,-0.03309578107183586
scn-8571a228d9a0,145783740,HDDM_A,0.8869156214367161,0.22499786499975016,1,2.0,1.0,1.0,1.0,0.0,0.0,1.0,0.5,0.6666666666666666,0.5,882.0,882.0,inf,31080.0,inf,17.61904761904762,0.0,31080.0,hyperplane_gauss,36080,45,0.24949291981756688,0.041701972391456364,2,prior,sudden,0,0.2970456185936928,1.0,False,medium,abrupt,prior/sudden/K=2/medium/abrupt/n/a/imbalanced/noisy,-0.0223489167616876,-0.012827822120866639
scn-8571a228d9a0,145783740,HDDM_W,0.9092645381984037,0.18514152899979308,0,2.0,0.0,0.0,2.0,0.0,0.0,,0.0,0.0,1.0,,,inf,31080.0,,,0.0,31080.0,hyperplane_gauss,36080,45,0.24949291981756688,0.041701972391456364,2,prior,sudden,0,0.2970456185936928,1.0,False,medium,abrupt,prior/sudden/K=2/medium/abrupt/n/a/imbalanced/noisy,0.0,-0.03517673888255424
scn-8571a228d9a0,145783740,FHDDM,0.9092645381984037,0.10768796000002112,0,2.0,0.0,0.0,2.0,0.0,0.0,,0.0,0.0,1.0,,,inf,31080.0,,,0.0,31080.0,hyperplane_gauss,36080,45,0.24949291981756688,0.041701972391456364,2,prior,sudden,0,0.2970456185936928,1.0,False,medium,abrupt,prior/sudden/K=2/medium/abrupt/n/a/imbalanced/noisy,0.0,-0.03517673888255424
scn-8571a228d9a0,145783740,NoDrift,0.9092645381984037,0.09591108500035261,0,2.0,0.0,0.0,2.0,0.0,0.0,,0.0,0.0,1.0,,,inf,31080.0,,,0.0,31080.0,hyperplane_gauss,36080,45,0.24949291981756688,0.041701972391456364,2,prior,sudden,0,0.2970456185936928,1.0,False,medium,abrupt,prior/sudden/K=2/medium/abrupt/n/a/imbalanced/noisy,0.0,-0.03517673888255424
scn-8571a228d9a0,145783740,Periodic(2000),0.8415906499429875,0.1014832099999694,17,2.0,17.0,2.0,0.0,15.0,0.0,0.11764705882352941,1.0,0.21052631578947367,0.0,460.0,460.0,2072.0,2072.0,4.504347826086956,4.504347826086956,0.4826254826254826,31080.0,hyperplane_gauss,36080,45,0.24949291981756688,0.041701972391456364,2,prior,sudden,0,0.2970456185936928,1.0,False,medium,abrupt,prior/sudden/K=2/medium/abrupt/n/a/imbalanced/noisy,-0.0676738882554162,0.032497149372861966
scn-8571a228d9a0,145783740,Oracle,0.8740877993158495,0.1040038689998255,2,2.0,2.0,2.0,0.0,0.0,0.0,1.0,1.0,1.0,0.0,1.0,1.0,inf,31080.0,inf,31080.0,0.0,31080.0,hyperplane_gauss,36080,45,0.24949291981756688,0.041701972391456364,2,prior,sudden,0,0.2970456185936928,1.0,False,medium,abrupt,prior/sudden/K=2/medium/abrupt/n/a/imbalanced/noisy,-0.03517673888255424,-0.0
scn-8571a228d9a0,145783741,ADWIN,0.8500855188141391,0.13106206400016163,12,2.0,12.0,2.0,0.0,9.0,1.0,0.16666666666666666,1.0,0.2857142857142857,0.0,404.0,404.0,3453.3333333333335,3453.3333333333335,8.547854785478549,8.547854785478549,0.28957528957528955,31080.0,hyperplane_gauss,36080,45,0.24949291981756688,0.041701972391456364,2,prior,sudden,0,0.2970456185936928,1.0,False,medium,abrupt,prior/sudden/K=2/medium/abrupt/n/a/imbalanced/noisy,-0.06108893956670469,0.02930444697833523
scn-8571a228d9a0,145783741,KSWIN,0.9111744583808438,7.707623804000377,0,2.0,0.0,0.0,2.0,0.0,0.0,,0.0,0.0,1.0,,,inf,31080.0,,,0.0,31080.0,hyperplane_gauss,36080,45,0.24949291981756688,0.041701972391456364,2,prior,sudden,0,0.2970456185936928,1.0,False,medium,abrupt,prior/sudden/K=2/medium/abrupt/n/a/imbalanced/noisy,0.0,-0.03178449258836946
scn-8571a228d9a0,145783741,PageHinkley,0.8296750285062714,0.20065076000037152,24,2.0,24.0,2.0,0.0,21.0,1.0,0.08333333333333333,1.0,0.15384615384615385,0.0,705.5,705.5,1480.0,1480.0,2.0978029766123316,2.0978029766123316,0.6756756756756757,31080.0,hyperplane_gauss,36080,45,0.24949291981756688,0.041701972391456364,2,prior,sudden,0,0.2970456185936928,1.0,False,medium,abrupt,prior/sudden/K=2/medium/abrupt/n/a/imbalanced/noisy,-0.08149942987457237,0.04971493728620291
scn-8571a228d9a0,145783741,PageHinkley-up,0.8837799315849487,0.14227496600005907,2,2.0,2.0,1.0,1.0,1.0,0.0,0.5,0.5,0.5,0.5,520.0,520.0,31080.0,31080.0,29.884615384615383,29.884615384615383,0.032175032175032175,31080.0,hyperplane_gauss,36080,45,0.24949291981756688,0.041701972391456364,2,prior,sudden,0,0.2970456185936928,1.0,False,medium,abrupt,prior/sudden/K=2/medium/abrupt/n/a/imbalanced/noisy,-0.027394526795895047,-0.004389965792474415
scn-8571a228d9a0,145783741,DDM,0.891733181299886,0.11573775299984845,1,2.0,1.0,1.0,1.0,0.0,0.0,1.0,0.5,0.6666666666666666,0.5,756.0,756.0,inf,31080.0,inf,20.555555555555557,0.0,31080.0,hyperplane_gauss,36080,45,0.24949291981756688,0.041701972391456364,2,prior,sudden,0,0.2970456185936928,1.0,False,medium,abrupt,prior/sudden/K=2/medium/abrupt/n/a/imbalanced/noisy,-0.019441277080957775,-0.012343215507411687
scn-8571a228d9a0,145783741,EDDM,0.9088654503990878,0.12782943299998806,5,2.0,5.0,0.0,2.0,5.0,0.0,0.0,0.0,0.0,1.0,,,6216.0,6216.0,,,0.16087516087516088,31080.0,hyperplane_gauss,36080,45,0.24949291981756688,0.041701972391456364,2,prior,sudden,0,0.2970456185936928,1.0,False,medium,abrupt,prior/sudden/K=2/medium/abrupt/n/a/imbalanced/noisy,-0.0023090079817559284,-0.029475484606613533
scn-8571a228d9a0,145783741,HDDM_A,0.8915906499429874,0.22988378199988801,1,2.0,1.0,1.0,1.0,0.0,0.0,1.0,0.5,0.6666666666666666,0.5,551.0,551.0,inf,31080.0,inf,28.2032667876588,0.0,31080.0,hyperplane_gauss,36080,45,0.24949291981756688,0.041701972391456364,2,prior,sudden,0,0.2970456185936928,1.0,False,medium,abrupt,prior/sudden/K=2/medium/abrupt/n/a/imbalanced/noisy,-0.019583808437856343,-0.01220068415051312
scn-8571a228d9a0,145783741,HDDM_W,0.8898802736602053,0.18812347299990506,1,2.0,1.0,1.0,1.0,0.0,0.0,1.0,0.5,0.6666666666666666,0.5,1701.0,1701.0,inf,31080.0,inf,9.135802469135802,0.0,31080.0,hyperplane_gauss,36080,45,0.24949291981756688,0.041701972391456364,2,prior,sudden,0,0.2970456185936928,1.0,False,medium,abrupt,prior/sudden/K=2/medium/abrupt/n/a/imbalanced/noisy,-0.021294184720638487,-0.010490307867730975
scn-8571a228d9a0,145783741,FHDDM,0.8936145952109464,0.11129231999984768,1,2.0,1.0,1.0,1.0,0.0,0.0,1.0,0.5,0.6666666666666666,0.5,78.0,78.0,inf,31080.0,inf,199.23076923076923,0.0,31080.0,hyperplane_gauss,36080,45,0.24949291981756688,0.041701972391456364,2,prior,sudden,0,0.2970456185936928,1.0,False,medium,abrupt,prior/sudden/K=2/medium/abrupt/n/a/imbalanced/noisy,-0.017559863169897327,-0.014224629418472134
scn-8571a228d9a0,145783741,NoDrift,0.9111744583808438,0.09527385000001232,0,2.0,0.0,0.0,2.0,0.0,0.0,,0.0,0.0,1.0,,,inf,31080.0,,,0.0,31080.0,hyperplane_gauss,36080,45,0.24949291981756688,0.041701972391456364,2,prior,sudden,0,0.2970456185936928,1.0,False,medium,abrupt,prior/sudden/K=2/medium/abrupt/n/a/imbalanced/noisy,0.0,-0.03178449258836946
scn-8571a228d9a0,145783741,Periodic(2000),0.8439281641961232,0.10166529800017088,17,2.0,17.0,2.0,0.0,15.0,0.0,0.11764705882352941,1.0,0.21052631578947367,0.0,460.0,460.0,2072.0,2072.0,4.504347826086956,4.504347826086956,0.4826254826254826,31080.0,hyperplane_gauss,36080,45,0.24949291981756688,0.041701972391456364,2,prior,sudden,0,0.2970456185936928,1.0,False,medium,abrupt,prior/sudden/K=2/medium/abrupt/n/a/imbalanced/noisy,-0.06724629418472061,0.03546180159635115
scn-8571a228d9a0,145783741,Oracle,0.8793899657924743,0.10596930600013366,2,2.0,2.0,2.0,0.0,0.0,0.0,1.0,1.0,1.0,0.0,1.0,1.0,inf,31080.0,inf,31080.0,0.0,31080.0,hyperplane_gauss,36080,45,0.24949291981756688,0.041701972391456364,2,prior,sudden,0,0.2970456185936928,1.0,False,medium,abrupt,prior/sudden/K=2/medium/abrupt/n/a/imbalanced/noisy,-0.03178449258836946,-0.0
scn-8571a228d9a0,145783742,ADWIN,0.8431299885974914,0.15075139400005355,17,2.0,17.0,2.0,0.0,13.0,2.0,0.11764705882352941,1.0,0.21052631578947367,0.0,916.0,916.0,2390.769230769231,2390.769230769231,2.610010077258986,2.610010077258986,0.41827541827541825,31080.0,hyperplane_gauss,36080,45,0.24949291981756688,0.041701972391456364,2,prior,sudden,0,0.2970456185936928,1.0,False,medium,abrupt,prior/sudden/K=2/medium/abrupt/n/a/imbalanced/noisy,-0.07092360319270241,0.036060433295324934
scn-8571a228d9a0,145783742,KSWIN,0.9140535917901939,7.565394220000144,0,2.0,0.0,0.0,2.0,0.0,0.0,,0.0,0.0,1.0,,,inf,31080.0,,,0.0,31080.0,hyperplane_gauss,36080,45,0.24949291981756688,0.041701972391456364,2,prior,sudden,0,0.2970456185936928,1.0,False,medium,abrupt,prior/sudden/K=2/medium/abrupt/n/a/imbalanced/noisy,0.0,-0.03486316989737748
scn-8571a228d9a0,145783742,PageHinkley,0.8333238312428735,0.1969917080000414,24,2.0,24.0,2.0,0.0,20.0,2.0,0.08333333333333333,1.0,0.15384615384615385,0.0,323.5,323.5,1554.0,1554.0,4.80370942812983,4.80370942812983,0.6435006435006435,31080.0,hyperplane_gauss,36080,45,0.24949291981756688,0.041701972391456364,2,prior,sudden,0,0.2970456185936928,1.0,False,medium,abrupt,prior/sudden/K=2/medium/abrupt/n/a/imbalanced/noisy,-0.0807297605473204,0.04586659064994292
scn-8571a228d9a0,145783742,PageHinkley-up,0.8835233751425313,0.12215779799998927,3,2.0,3.0,1.0,1.0,2.0,0.0,0.3333333333333333,0.5,0.4,0.5,534.0,534.0,15540.0,15540.0,14.55056179775281,14.55056179775281,0.06435006435006435,31080.0,hyperplane_gauss,36080,45,0.24949291981756688,0.041701972391456364,2,prior,sudden,0,0.2970456185936928,1.0,False,medium,abrupt,prior/sudden/K=2/medium/abrupt/n/a/imbalanced/noisy,-0.030530216647662534,-0.004332953249714944
scn-8571a228d9a0,145783742,DDM,0.8926453819840365,0.11536146999969787,1,2.0,1.0,1.0,1.0,0.0,0.0,1.0,0.5,0.6666666666666666,0.5,633.0,633.0,inf,31080.0,inf,24.549763033175356,0.0,31080.0,hyperplane_gauss,36080,45,0.24949291981756688,0.041701972391456364,2,prior,sudden,0,0.2970456185936928,1.0,False,medium,abrupt,prior/sudden/K=2/medium/abrupt/n/a/imbalanced/noisy,-0.02140820980615732,-0.013454960091220158
scn-8571a228d9a0,145783742,EDDM,0.9115735461801596,0.11223039299966331,2,2.0,2.0,0.0,2.0,2.0,0.0,0.0,0.0,0.0,1.0,,,15540.0,15540.0,,,0.06435006435006435,31080.0,hyperplane_gauss,36080,45,0.24949291981756688,0.041701972391456364,2,prior,sudden,0,0.2970456185936928,1.0,False,medium,abrupt,prior/sudden/K=2/medium/abrupt/n/a/imbalanced/noisy,-0.0024800456100342316,-0.032383124287343246
scn-8571a228d9a0,145783742,HDDM_A,0.8927023945267959,0.2296999479999613,1,2.0,1.0,1.0,1.0,0.0,0.0,1.0,0.5,0.6666666666666666,0.5,468.0,468.0,inf,31080.0,inf,33.205128205128204,0.0,31080.0,hyperplane_gauss,36080,45,0.24949291981756688,0.041701972391456364,2,prior,sudden,0,0.2970456185936928,1.0,False,medium,abrupt,prior/sudden/K=2/medium/abrupt/n/a/imbalanced/noisy,-0.02135119726339796,-0.013511972633979519
scn-8571a228d9a0,145783742,HDDM_W,0.9140535917901939,0.18340742200007298,0,2.0,0.0,0.0,2.0,0.0,0.0,,0.0,0.0,1.0,,,inf,31080.0,,,0.0,31080.0,hyperplane_gauss,36080,45,0.24949291981756688,0.041701972391456364,2,prior,sudden,0,0.2970456185936928,1.0,False,medium,abrupt,prior/sudden/K=2/medium/abrupt/n/a/imbalanced/noisy,0.0,-0.03486316989737748
scn-8571a228d9a0,145783742,FHDDM,0.9140535917901939,0.10720136600002661,0,2.0,0.0,0.0,2.0,0.0,0.0,,0.0,0.0,1.0,,,inf,31080.0,,,0.0,31080.0,hyperplane_gauss,36080,45,0.24949291981756688,0.041701972391456364,2,prior,sudden,0,0.2970456185936928,1.0,False,medium,abrupt,prior/sudden/K=2/medium/abrupt/n/a/imbalanced/noisy,0.0,-0.03486316989737748
scn-8571a228d9a0,145783742,NoDrift,0.9140535917901939,0.0958501840000281,0,2.0,0.0,0.0,2.0,0.0,0.0,,0.0,0.0,1.0,,,inf,31080.0,,,0.0,31080.0,hyperplane_gauss,36080,45,0.24949291981756688,0.041701972391456364,2,prior,sudden,0,0.2970456185936928,1.0,False,medium,abrupt,prior/sudden/K=2/medium/abrupt/n/a/imbalanced/noisy,0.0,-0.03486316989737748
scn-8571a228d9a0,145783742,Periodic(2000),0.84327251995439,0.10142895400031193,17,2.0,17.0,2.0,0.0,15.0,0.0,0.11764705882352941,1.0,0.21052631578947367,0.0,460.0,460.0,2072.0,2072.0,4.504347826086956,4.504347826086956,0.4826254826254826,31080.0,hyperplane_gauss,36080,45,0.24949291981756688,0.041701972391456364,2,prior,sudden,0,0.2970456185936928,1.0,False,medium,abrupt,prior/sudden/K=2/medium/abrupt/n/a/imbalanced/noisy,-0.07078107183580384,0.035917901938426366
scn-8571a228d9a0,145783742,Oracle,0.8791904218928164,0.10325552599988441,2,2.0,2.0,2.0,0.0,0.0,0.0,1.0,1.0,1.0,0.0,1.0,1.0,inf,31080.0,inf,31080.0,0.0,31080.0,hyperplane_gauss,36080,45,0.24949291981756688,0.041701972391456364,2,prior,sudden,0,0.2970456185936928,1.0,False,medium,abrupt,prior/sudden/K=2/medium/abrupt/n/a/imbalanced/noisy,-0.03486316989737748,-0.0
scn-6b7d006cfa8c,490741113,ADWIN,0.7274003861681587,0.0198062529998424,0,4.0,0.0,0.0,4.0,0.0,0.0,,0.0,0.0,1.0,,,inf,11912.0,,,0.0,11912.0,hyperplane_gauss,23788,6,0.43893022211268545,0.23607594575732946,4,real,incremental,719,0.12901849541552124,0.5677302548040947,True,medium,fast,real/incremental/K=4/recurring/medium/fast/partial/balanced/noisy,0.0,0.007196770229945582
scn-6b7d006cfa8c,490741113,KSWIN,0.7274003861681587,4.803499465999721,0,4.0,0.0,0.0,4.0,0.0,0.0,,0.0,0.0,1.0,,,inf,11912.0,,,0.0,11912.0,hyperplane_gauss,23788,6,0.43893022211268545,0.23607594575732946,4,real,incremental,719,0.12901849541552124,0.5677302548040947,True,medium,fast,real/incremental/K=4/recurring/medium/fast/partial/balanced/noisy,0.0,0.007196770229945582
scn-6b7d006cfa8c,490741113,PageHinkley,0.717307354748113,0.028659200000220153,6,4.0,6.0,2.0,2.0,4.0,0.0,0.3333333333333333,0.5,0.4,0.5,2045.5,2045.5,2978.0,2978.0,0.7279393791249084,0.7279393791249084,0.33579583613163194,11912.0,hyperplane_gauss,23788,6,0.43893022211268545,0.23607594575732946,4,real,incremental,719,0.12901849541552124,0.5677302548040947,True,medium,fast,real/incremental/K=4/recurring/medium/fast/partial/balanced/noisy,-0.010093031420045695,0.017289801649991277
scn-6b7d006cfa8c,490741113,PageHinkley-up,0.7218711602597858,0.02606856099964716,1,4.0,1.0,0.0,4.0,1.0,0.0,0.0,0.0,0.0,1.0,,,11912.0,11912.0,,,0.08394895903290799,11912.0,hyperplane_gauss,23788,6,0.43893022211268545,0.23607594575732946,4,real,incremental,719,0.12901849541552124,0.5677302548040947,True,medium,fast,real/incremental/K=4/recurring/medium/fast/partial/balanced/noisy,-0.005529225908372903,0.012725996138318485
scn-6b7d006cfa8c,490741113,DDM,0.7274003861681587,0.025884476999635808,0,4.0,0.0,0.0,4.0,0.0,0.0,,0.0,0.0,1.0,,,inf,11912.0,,,0.0,11912.0,hyperplane_gauss,23788,6,0.43893022211268545,0.23607594575732946,4,real,incremental,719,0.12901849541552124,0.5677302548040947,True,medium,fast,real/incremental/K=4/recurring/medium/fast/partial/balanced/noisy,0.0,0.007196770229945582
scn-6b7d006cfa8c,490741113,EDDM,0.7261716692996314,0.023991466000097716,1,4.0,1.0,0.0,4.0,1.0,0.0,0.0,0.0,0.0,1.0,,,11912.0,11912.0,,,0.08394895903290799,11912.0,hyperplane_gauss,23788,6,0.43893022211268545,0.23607594575732946,4,real,incremental,719,0.12901849541552124,0.5677302548040947,True,medium,fast,real/incremental/K=4/recurring/medium/fast/partial/balanced/noisy,-0.0012287168685273242,0.008425487098472906
scn-6b7d006cfa8c,490741113,HDDM_A,0.7264349657714586,0.06756718599990563,1,4.0,1.0,1.0,3.0,0.0,0.0,1.0,0.25,0.4,0.75,929.0,929.0,inf,11912.0,inf,3.2055974165769645,0.0,11912.0,hyperplane_gauss,23788,6,0.43893022211268545,0.23607594575732946,4,real,incremental,719,0.12901849541552124,0.5677302548040947,True,medium,fast,real/incremental/K=4/recurring/medium/fast/partial/balanced/noisy,-0.0009654203967001118,0.008162190626645693
scn-6b7d006cfa8c,490741113,HDDM_W,0.7180094786729858,0.08372540000027584,7,4.0,7.0,4.0,0.0,2.0,1.0,0.5714285714285714,1.0,0.7272727272727273,0.0,1402.0,1439.0,5956.0,5956.0,4.248216833095578,4.248216833095578,0.16789791806581597,11912.0,hyperplane_gauss,23788,6,0.43893022211268545,0.23607594575732946,4,real,incremental,719,0.12901849541552124,0.5677302548040947,True,medium,fast,real/incremental/K=4/recurring/medium/fast/partial/balanced/noisy,-0.009390907495172907,0.016587677725118488
scn-6b7d006cfa8c,490741113,FHDDM,0.725337897138845,0.02327517900039311,3,4.0,3.0,3.0,1.0,0.0,0.0,1.0,0.75,0.8571428571428571,0.25,1342.0,963.0,inf,11912.0,inf,6.657228017883755,0.0,11912.0,hyperplane_gauss,23788,6,0.43893022211268545,0.23607594575732946,4,real,incremental,719,0.12901849541552124,0.5677302548040947,True,medium,fast,real/incremental/K=4/recurring/medium/fast/partial/balanced/noisy,-0.002062489029313719,0.0092592592592593
scn-6b7d006cfa8c,490741113,NoDrift,0.7274003861681587,0.014423655999962648,0,4.0,0.0,0.0,4.0,0.0,0.0,,0.0,0.0,1.0,,,inf,11912.0,,,0.0,11912.0,hyperplane_gauss,23788,6,0.43893022211268545,0.23607594575732946,4,real,incremental,719,0.12901849541552124,0.5677302548040947,True,medium,fast,real/incremental/K=4/recurring/medium/fast/partial/balanced/noisy,0.0,0.007196770229945582
scn-6b7d006cfa8c,490741113,Periodic(2000),0.7149815692469721,0.015581715000280383,11,4.0,11.0,4.0,0.0,6.0,1.0,0.36363636363636365,1.0,0.5333333333333333,0.0,965.5,965.5,1985.3333333333333,1985.3333333333333,2.05627481443121,2.05627481443121,0.503693754197448,11912.0,hyperplane_gauss,23788,6,0.43893022211268545,0.23607594575732946,4,real,incremental,719,0.12901849541552124,0.5677302548040947,True,medium,fast,real/incremental/K=4/recurring/medium/fast/partial/balanced/noisy,-0.012418816921186626,0.019615587151132208
scn-6b7d006cfa8c,490741113,Oracle,0.7345971563981043,0.016444437999780348,4,4.0,4.0,4.0,0.0,0.0,0.0,1.0,1.0,1.0,0.0,360.0,360.0,inf,11912.0,inf,33.08888888888889,0.0,11912.0,hyperplane_gauss,23788,6,0.43893022211268545,0.23607594575732946,4,real,incremental,719,0.12901849541552124,0.5677302548040947,True,medium,fast,real/incremental/K=4/recurring/medium/fast/partial/balanced/noisy,0.007196770229945582,-0.0
scn-6b7d006cfa8c,490741114,ADWIN,0.7301211163770406,0.019991454999853886,0,4.0,0.0,0.0,4.0,0.0,0.0,,0.0,0.0,1.0,,,inf,11912.0,,,0.0,11912.0,hyperplane_gauss,23788,6,0.43893022211268545,0.23607594575732946,4,real,incremental,719,0.12901849541552124,0.5677302548040947,True,medium,fast,real/incremental/K=4/recurring/medium/fast/partial/balanced/noisy,0.0,0.003203440407231861
scn-6b7d006cfa8c,490741114,KSWIN,0.7270054414604178,4.695490965000317,2,4.0,2.0,1.0,3.0,0.0,1.0,0.5,0.25,0.3333333333333333,0.75,102.0,102.0,inf,11912.0,inf,29.19607843137255,0.0,11912.0,hyperplane_gauss,23788,6,0.43893022211268545,0.23607594575732946,4,real,incremental,719,0.12901849541552124,0.5677302548040947,True,medium,fast,real/incremental/K=4/recurring/medium/fast/partial/balanced/noisy,-0.0031156749166227904,0.006319115323854652
scn-6b7d006cfa8c,490741114,PageHinkley,0.7241530630156222,0.027592698000262317,4,4.0,4.0,2.0,2.0,2.0,0.0,0.5,0.5,0.5,0.5,1772.0,1772.0,5956.0,5956.0,1.68058690744921,1.68058690744921,0.16789791806581597,11912.0,hyperplane_gauss,23788,6,0.43893022211268545,0.23607594575732946,4,real,incremental,719,0.12901849541552124,0.5677302548040947,True,medium,fast,real/incremental/K=4/recurring/medium/fast/partial/balanced/noisy,-0.005968053361418368,0.00917149376865023
scn-6b7d006cfa8c,490741114,PageHinkley-up,0.7270932069510269,0.0261983750001491,3,4.0,3.0,2.0,2.0,1.0,0.0,0.6666666666666666,0.5,0.5714285714285715,0.5,1940.5,1940.5,11912.0,11912.0,3.0693120329811903,3.0693120329811903,0.08394895903290799,11912.0,hyperplane_gauss,23788,6,0.43893022211268545,0.23607594575732946,4,real,incremental,719,0.12901849541552124,0.5677302548040947,True,medium,fast,real/incremental/K=4/recurring/medium/fast/partial/balanced/noisy,-0.0030279094260137196,0.006231349833245581
scn-6b7d006cfa8c,490741114,DDM,0.7284974548007723,0.02589018800017584,1,4.0,1.0,0.0,4.0,1.0,0.0,0.0,0.0,0.0,1.0,,,11912.0,11912.0,,,0.08394895903290799,11912.0,hyperplane_gauss,23788,6,0.43893022211268545,0.23607594575732946,4,real,incremental,719,0.12901849541552124,0.5677302548040947,True,medium,fast,real/incremental/K=4/recurring/medium/fast/partial/balanced/noisy,-0.0016236615762682538,0.004827101983500115
scn-6b7d006cfa8c,490741114,EDDM,0.722441635948745,0.0318570509998608,10,4.0,10.0,0.0,4.0,10.0,0.0,0.0,0.0,0.0,1.0,,,1191.2,1191.2,,,0.8394895903290799,11912.0,hyperplane_gauss,23788,6,0.43893022211268545,0.23607594575732946,4,real,incremental,719,0.12901849541552124,0.5677302548040947,True,medium,fast,real/incremental/K=4/recurring/medium/fast/partial/balanced/noisy,-0.007679480428295582,0.010882920835527443
scn-6b7d006cfa8c,490741114,HDDM_A,0.7265666140073723,0.0771769560001303,2,4.0,2.0,1.0,3.0,1.0,0.0,0.5,0.25,0.3333333333333333,0.75,1568.0,1568.0,11912.0,11912.0,1.899234693877551,1.899234693877551,0.08394895903290799,11912.0,hyperplane_gauss,23788,6,0.43893022211268545,0.23607594575732946,4,real,incremental,719,0.12901849541552124,0.5677302548040947,True,medium,fast,real/incremental/K=4/recurring/medium/fast/partial/balanced/noisy,-0.0035545023696682554,0.006757942776900117
scn-6b7d006cfa8c,490741114,HDDM_W,0.7266104967526769,0.07663208699977986,3,4.0,3.0,2.0,2.0,1.0,0.0,0.6666666666666666,0.5,0.5714285714285715,0.5,1109.0,1109.0,11912.0,11912.0,5.370604147880974,5.370604147880974,0.08394895903290799,11912.0,hyperplane_gauss,23788,6,0.43893022211268545,0.23607594575732946,4,real,incremental,719,0.12901849541552124,0.5677302548040947,True,medium,fast,real/incremental/K=4/recurring/medium/fast/partial/balanced/noisy,-0.00351061962436372,0.006714060031595581
scn-6b7d006cfa8c,490741114,FHDDM,0.7234948218360541,0.022706695000124455,3,4.0,3.0,1.0,3.0,2.0,0.0,0.3333333333333333,0.25,0.28571428571428575,0.75,832.0,832.0,5956.0,5956.0,1.7896634615384615,1.7896634615384615,0.16789791806581597,11912.0,hyperplane_gauss,23788,6,0.43893022211268545,0.23607594575732946,4,real,incremental,719,0.12901849541552124,0.5677302548040947,True,medium,fast,real/incremental/K=4/recurring/medium/fast/partial/balanced/noisy,-0.00662629454098651,0.009829734948218372
scn-6b7d006cfa8c,490741114,NoDrift,0.7301211163770406,0.014132988000255864,0,4.0,0.0,0.0,4.0,0.0,0.0,,0.0,0.0,1.0,,,inf,11912.0,,,0.0,11912.0,hyperplane_gauss,23788,6,0.43893022211268545,0.23607594575732946,4,real,incremental,719,0.12901849541552124,0.5677302548040947,True,medium,fast,real/incremental/K=4/recurring/medium/fast/partial/balanced/noisy,0.0,0.003203440407231861
scn-6b7d006cfa8c,490741114,Periodic(2000),0.7139722661049676,0.015548770999885164,11,4.0,11.0,4.0,0.0,6.0,1.0,0.36363636363636365,1.0,0.5333333333333333,0.0,965.5,965.5,1985.3333333333333,1985.3333333333333,2.05627481443121,2.05627481443121,0.503693754197448,11912.0,hyperplane_gauss,23788,6,0.43893022211268545,0.23607594575732946,4,real,incremental,719,0.12901849541552124,0.5677302548040947,True,medium,fast,real/incremental/K=4/recurring/medium/fast/partial/balanced/noisy,-0.016148850272073023,0.019352290679304884
scn-6b7d006cfa8c,490741114,Oracle,0.7333245567842724,0.01628522700002577,4,4.0,4.0,4.0,0.0,0.0,0.0,1.0,1.0,1.0,0.0,360.0,360.0,inf,11912.0,inf,33.08888888888889,0.0,11912.0,hyperplane_gauss,23788,6,0.43893022211268545,0.23607594575732946,4,real,incremental,719,0.12901849541552124,0.5677302548040947,True,medium,fast,real/incremental/K=4/recurring/medium/fast/partial/balanced/noisy,0.003203440407231861,-0.0
scn-6b7d006cfa8c,490741115,ADWIN,0.7342899771809724,0.01941975799991269,0,4.0,0.0,0.0,4.0,0.0,0.0,,0.0,0.0,1.0,,,inf,11912.0,,,0.0,11912.0,hyperplane_gauss,23788,6,0.43893022211268545,0.23607594575732946,4,real,incremental,719,0.12901849541552124,0.5677302548040947,True,medium,fast,real/incremental/K=4/recurring/medium/fast/partial/balanced/noisy,0.0,0.004695453747586398
scn-6b7d006cfa8c,490741115,KSWIN,0.7336756187467088,4.782651970000188,1,4.0,1.0,1.0,3.0,0.0,0.0,1.0,0.25,0.4,0.75,2283.0,2283.0,inf,11912.0,inf,1.3044240035041612,0.0,11912.0,hyperplane_gauss,23788,6,0.43893022211268545,0.23607594575732946,4,real,incremental,719,0.12901849541552124,0.5677302548040947,True,medium,fast,real/incremental/K=4/recurring/medium/fast/partial/balanced/noisy,-0.0006143584342636066,0.005309812181850004
scn-6b7d006cfa8c,490741115,PageHinkley,0.7190626645602949,0.03155591299992011,10,4.0,10.0,2.0,2.0,8.0,0.0,0.2,0.5,0.28571428571428575,0.5,927.0,927.0,1489.0,1489.0,0.8031283710895362,0.8031283710895362,0.6715916722632639,11912.0,hyperplane_gauss,23788,6,0.43893022211268545,0.23607594575732946,4,real,incremental,719,0.12901849541552124,0.5677302548040947,True,medium,fast,real/incremental/K=4/recurring/medium/fast/partial/balanced/noisy,-0.015227312620677558,0.019922766368263956
scn-6b7d006cfa8c,490741115,PageHinkley-up,0.7342899771809724,0.025841861999651883,0,4.0,0.0,0.0,4.0,0.0,0.0,,0.0,0.0,1.0,,,inf,11912.0,,,0.0,11912.0,hyperplane_gauss,23788,6,0.43893022211268545,0.23607594575732946,4,real,incremental,719,0.12901849541552124,0.5677302548040947,True,medium,fast,real/incremental/K=4/recurring/medium/fast/partial/balanced/noisy,0.0,0.004695453747586398
scn-6b7d006cfa8c,490741115,DDM,0.7335878532560997,0.025690304999898217,1,4.0,1.0,1.0,3.0,0.0,0.0,1.0,0.25,0.4,0.75,1138.0,1138.0,inf,11912.0,inf,2.616871704745167,0.0,11912.0,hyperplane_gauss,23788,6,0.43893022211268545,0.23607594575732946,4,real,incremental,719,0.12901849541552124,0.5677302548040947,True,medium,fast,real/incremental/K=4/recurring/medium/fast/partial/balanced/noisy,-0.0007021239248727884,0.005397577672459186
scn-6b7d006cfa8c,490741115,EDDM,0.7299017026505178,0.02491479599984814,3,4.0,3.0,0.0,4.0,3.0,0.0,0.0,0.0,0.0,1.0,,,3970.6666666666665,3970.6666666666665,,,0.251846877098724,11912.0,hyperplane_gauss,23788,6,0.43893022211268545,0.23607594575732946,4,real,incremental,719,0.12901849541552124,0.5677302548040947,True,medium,fast,real/incremental/K=4/recurring/medium/fast/partial/balanced/noisy,-0.00438827453045465,0.009083728278041048
scn-6b7d006cfa8c,490741115,HDDM_A,0.7313498332455678,0.07490002900021864,2,4.0,2.0,1.0,3.0,1.0,0.0,0.5,0.25,0.3333333333333333,0.75,247.0,247.0,11912.0,11912.0,12.05668016194332,12.05668016194332,0.08394895903290799,11912.0,hyperplane_gauss,23788,6,0.43893022211268545,0.23607594575732946,4,real,incremental,719,0.12901849541552124,0.5677302548040947,True,medium,fast,real/incremental/K=4/recurring/medium/fast/partial/balanced/noisy,-0.002940143935404649,0.007635597682991047
scn-6b7d006cfa8c,490741115,HDDM_W,0.7274003861681587,0.08075556800031336,6,4.0,6.0,2.0,2.0,3.0,1.0,0.3333333333333333,0.5,0.4,0.5,229.5,229.5,3970.6666666666665,3970.6666666666665,8.650689905591866,8.650689905591866,0.251846877098724,11912.0,hyperplane_gauss,23788,6,0.43893022211268545,0.23607594575732946,4,real,incremental,719,0.12901849541552124,0.5677302548040947,True,medium,fast,real/incremental/K=4/recurring/medium/fast/partial/balanced/noisy,-0.006889591012813723,0.01158504476040012
scn-6b7d006cfa8c,490741115,FHDDM,0.7327540810953134,0.022800404999998136,2,4.0,2.0,2.0,2.0,0.0,0.0,1.0,0.5,0.6666666666666666,0.5,1099.0,1099.0,inf,11912.0,inf,5.419472247497725,0.0,11912.0,hyperplane_gauss,23788,6,0.43893022211268545,0.23607594575732946,4,real,incremental,719,0.12901849541552124,0.5677302548040947,True,medium,fast,real/incremental/K=4/recurring/medium/fast/partial/balanced/noisy,-0.001535896085659072,0.00623134983324547
scn-6b7d006cfa8c,490741115,NoDrift,0.7342899771809724,0.014049885000076756,0,4.0,0.0,0.0,4.0,0.0,0.0,,0.0,0.0,1.0,,,inf,11912.0,,,0.0,11912.0,hyperplane_gauss,23788,6,0.43893022211268545,0.23607594575732946,4,real,incremental,719,0.12901849541552124,0.5677302548040947,True,medium,fast,real/incremental/K=4/recurring/medium/fast/partial/balanced/noisy,0.0,0.004695453747586398
scn-6b7d006cfa8c,490741115,Periodic(2000),0.7195892575039494,0.015497421999953076,11,4.0,11.0,4.0,0.0,6.0,1.0,0.36363636363636365,1.0,0.5333333333333333,0.0,965.5,965.5,1985.3333333333333,1985.3333333333333,2.05627481443121,2.05627481443121,0.503693754197448,11912.0,hyperplane_gauss,23788,6,0.43893022211268545,0.23607594575732946,4,real,incremental,719,0.12901849541552124,0.5677302548040947,True,medium,fast,real/incremental/K=4/recurring/medium/fast/partial/balanced/noisy,-0.014700719677023022,0.01939617342460942
scn-6b7d006cfa8c,490741115,Oracle,0.7389854309285588,0.01618692700003521,4,4.0,4.0,4.0,0.0,0.0,0.0,1.0,1.0,1.0,0.0,360.0,360.0,inf,11912.0,inf,33.08888888888889,0.0,11912.0,hyperplane_gauss,23788,6,0.43893022211268545,0.23607594575732946,4,real,incremental,719,0.12901849541552124,0.5677302548040947,True,medium,fast,real/incremental/K=4/recurring/medium/fast/partial/balanced/noisy,0.004695453747586398,-0.0
scn-aec888674267,1901525899,ADWIN,0.8277475971583786,0.020615641999938816,0,5.0,0.0,0.0,5.0,0.0,0.0,,0.0,0.0,1.0,,,inf,1965.0,,,0.0,1965.0,hyperplane_gauss,12965,21,0.12075238898396493,0.11353302877396344,5,virtual,sudden,0,0.14811901092529295,0.3707248263061047,True,medium,abrupt,virtual/sudden/K=5/recurring/medium/abrupt/partial/imbalanced/noisy,0.0,-0.011617216882574222
scn-aec888674267,1901525899,KSWIN,0.8277475971583786,2.5508179909998034,0,5.0,0.0,0.0,5.0,0.0,0.0,,0.0,0.0,1.0,,,inf,1965.0,,,0.0,1965.0,hyperplane_gauss,12965,21,0.12075238898396493,0.11353302877396344,5,virtual,sudden,0,0.14811901092529295,0.3707248263061047,True,medium,abrupt,virtual/sudden/K=5/recurring/medium/abrupt/partial/imbalanced/noisy,0.0,-0.011617216882574222
scn-aec888674267,1901525899,PageHinkley,0.8277475971583786,0.023527824999746372,0,5.0,0.0,0.0,5.0,0.0,0.0,,0.0,0.0,1.0,,,inf,1965.0,,,0.0,1965.0,hyperplane_gauss,12965,21,0.12075238898396493,0.11353302877396344,5,virtual,sudden,0,0.14811901092529295,0.3707248263061047,True,medium,abrupt,virtual/sudden/K=5/recurring/medium/abrupt/partial/imbalanced/noisy,0.0,-0.011617216882574222
scn-aec888674267,1901525899,PageHinkley-up,0.8277475971583786,0.022825374000149168,0,5.0,0.0,0.0,5.0,0.0,0.0,,0.0,0.0,1.0,,,inf,1965.0,,,0.0,1965.0,hyperplane_gauss,12965,21,0.12075238898396493,0.11353302877396344,5,virtual,sudden,0,0.14811901092529295,0.3707248263061047,True,medium,abrupt,virtual/sudden/K=5/recurring/medium/abrupt/partial/imbalanced/noisy,0.0,-0.011617216882574222
scn-aec888674267,1901525899,DDM,0.8277475971583786,0.022750404000362323,0,5.0,0.0,0.0,5.0,0.0,0.0,,0.0,0.0,1.0,,,inf,1965.0,,,0.0,1965.0,hyperplane_gauss,12965,21,0.12075238898396493,0.11353302877396344,5,virtual,sudden,0,0.14811901092529295,0.3707248263061047,True,medium,abrupt,virtual/sudden/K=5/recurring/medium/abrupt/partial/imbalanced/noisy,0.0,-0.011617216882574222
scn-aec888674267,1901525899,EDDM,0.8263267864605098,0.03303404500002216,6,5.0,6.0,1.0,4.0,0.0,5.0,0.16666666666666666,0.2,0.1818181818181818,0.8,94.0,94.0,inf,1965.0,inf,4.180851063829786,0.0,1965.0,hyperplane_gauss,12965,21,0.12075238898396493,0.11353302877396344,5,virtual,sudden,0,0.14811901092529295,0.3707248263061047,True,medium,abrupt,virtual/sudden/K=5/recurring/medium/abrupt/partial/imbalanced/noisy,-0.0014208106978688129,-0.010196406184705409
scn-aec888674267,1901525899,HDDM_A,0.8277475971583786,0.04914967200011233,0,5.0,0.0,0.0,5.0,0.0,0.0,,0.0,0.0,1.0,,,inf,1965.0,,,0.0,1965.0,hyperplane_gauss,12965,21,0.12075238898396493,0.11353302877396344,5,virtual,sudden,0,0.14811901092529295,0.3707248263061047,True,medium,abrupt,virtual/sudden/K=5/recurring/medium/abrupt/partial/imbalanced/noisy,0.0,-0.011617216882574222
scn-aec888674267,1901525899,HDDM_W,0.8277475971583786,0.04845579299990277,0,5.0,0.0,0.0,5.0,0.0,0.0,,0.0,0.0,1.0,,,inf,1965.0,,,0.0,1965.0,hyperplane_gauss,12965,21,0.12075238898396493,0.11353302877396344,5,virtual,sudden,0,0.14811901092529295,0.3707248263061047,True,medium,abrupt,virtual/sudden/K=5/recurring/medium/abrupt/partial/imbalanced/noisy,0.0,-0.011617216882574222
scn-aec888674267,1901525899,FHDDM,0.8277475971583786,0.021060592999674554,0,5.0,0.0,0.0,5.0,0.0,0.0,,0.0,0.0,1.0,,,inf,1965.0,,,0.0,1965.0,hyperplane_gauss,12965,21,0.12075238898396493,0.11353302877396344,5,virtual,sudden,0,0.14811901092529295,0.3707248263061047,True,medium,abrupt,virtual/sudden/K=5/recurring/medium/abrupt/partial/imbalanced/noisy,0.0,-0.011617216882574222
scn-aec888674267,1901525899,NoDrift,0.8277475971583786,0.017645526000251266,0,5.0,0.0,0.0,5.0,0.0,0.0,,0.0,0.0,1.0,,,inf,1965.0,,,0.0,1965.0,hyperplane_gauss,12965,21,0.12075238898396493,0.11353302877396344,5,virtual,sudden,0,0.14811901092529295,0.3707248263061047,True,medium,abrupt,virtual/sudden/K=5/recurring/medium/abrupt/partial/imbalanced/noisy,0.0,-0.011617216882574222
scn-aec888674267,1901525899,Periodic(2000),0.8200585039699122,0.0200737840000329,5,5.0,5.0,5.0,0.0,0.0,0.0,1.0,1.0,1.0,0.0,1018.0,1018.0,inf,1965.0,inf,1.9302554027504912,0.0,1965.0,hyperplane_gauss,12965,21,0.12075238898396493,0.11353302877396344,5,virtual,sudden,0,0.14811901092529295,0.3707248263061047,True,medium,abrupt,virtual/sudden/K=5/recurring/medium/abrupt/partial/imbalanced/noisy,-0.007689093188466445,-0.003928123694107777
scn-aec888674267,1901525899,Oracle,0.8161303802758044,0.027243637000083254,5,5.0,5.0,5.0,0.0,0.0,0.0,1.0,1.0,1.0,0.0,1.0,1.0,inf,1965.0,inf,1965.0,0.0,1965.0,hyperplane_gauss,12965,21,0.12075238898396493,0.11353302877396344,5,virtual,sudden,0,0.14811901092529295,0.3707248263061047,True,medium,abrupt,virtual/sudden/K=5/recurring/medium/abrupt/partial/imbalanced/noisy,-0.011617216882574222,-0.0
scn-aec888674267,1901525900,ADWIN,0.8220643543669035,0.020350583999970695,0,5.0,0.0,0.0,5.0,0.0,0.0,,0.0,0.0,1.0,,,inf,1965.0,,,0.0,1965.0,hyperplane_gauss,12965,21,0.12075238898396493,0.11353302877396344,5,virtual,sudden,0,0.14811901092529295,0.3707248263061047,True,medium,abrupt,virtual/sudden/K=5/recurring/medium/abrupt/partial/imbalanced/noisy,0.0,-0.009360635185959088
scn-aec888674267,1901525900,KSWIN,0.8220643543669035,2.5172208550002324,0,5.0,0.0,0.0,5.0,0.0,0.0,,0.0,0.0,1.0,,,inf,1965.0,,,0.0,1965.0,hyperplane_gauss,12965,21,0.12075238898396493,0.11353302877396344,5,virtual,sudden,0,0.14811901092529295,0.3707248263061047,True,medium,abrupt,virtual/sudden/K=5/recurring/medium/abrupt/partial/imbalanced/noisy,0.0,-0.009360635185959088
scn-aec888674267,1901525900,PageHinkley,0.8220643543669035,0.023134092999953282,0,5.0,0.0,0.0,5.0,0.0,0.0,,0.0,0.0,1.0,,,inf,1965.0,,,0.0,1965.0,hyperplane_gauss,12965,21,0.12075238898396493,0.11353302877396344,5,virtual,sudden,0,0.14811901092529295,0.3707248263061047,True,medium,abrupt,virtual/sudden/K=5/recurring/medium/abrupt/partial/imbalanced/noisy,0.0,-0.009360635185959088
scn-aec888674267,1901525900,PageHinkley-up,0.8220643543669035,0.022546633999809274,0,5.0,0.0,0.0,5.0,0.0,0.0,,0.0,0.0,1.0,,,inf,1965.0,,,0.0,1965.0,hyperplane_gauss,12965,21,0.12075238898396493,0.11353302877396344,5,virtual,sudden,0,0.14811901092529295,0.3707248263061047,True,medium,abrupt,virtual/sudden/K=5/recurring/medium/abrupt/partial/imbalanced/noisy,0.0,-0.009360635185959088
scn-aec888674267,1901525900,DDM,0.8220643543669035,0.022516512000038347,0,5.0,0.0,0.0,5.0,0.0,0.0,,0.0,0.0,1.0,,,inf,1965.0,,,0.0,1965.0,hyperplane_gauss,12965,21,0.12075238898396493,0.11353302877396344,5,virtual,sudden,0,0.14811901092529295,0.3707248263061047,True,medium,abrupt,virtual/sudden/K=5/recurring/medium/abrupt/partial/imbalanced/noisy,0.0,-0.009360635185959088
scn-aec888674267,1901525900,EDDM,0.8157124947764313,0.03498985700025514,7,5.0,7.0,1.0,4.0,0.0,6.0,0.14285714285714285,0.2,0.16666666666666666,0.8,64.0,64.0,inf,1965.0,inf,6.140624999999998,0.0,1965.0,hyperplane_gauss,12965,21,0.12075238898396493,0.11353302877396344,5,virtual,sudden,0,0.14811901092529295,0.3707248263061047,True,medium,abrupt,virtual/sudden/K=5/recurring/medium/abrupt/partial/imbalanced/noisy,-0.006351859590472242,-0.0030087755954868456
scn-aec888674267,1901525900,HDDM_A,0.8220643543669035,0.04912169299996094,0,5.0,0.0,0.0,5.0,0.0,0.0,,0.0,0.0,1.0,,,inf,1965.0,,,0.0,1965.0,hyperplane_gauss,12965,21,0.12075238898396493,0.11353302877396344,5,virtual,sudden,0,0.14811901092529295,0.3707248263061047,True,medium,abrupt,virtual/sudden/K=5/recurring/medium/abrupt/partial/imbalanced/noisy,0.0,-0.009360635185959088
scn-aec888674267,1901525900,HDDM_W,0.8220643543669035,0.047837539999818546,0,5.0,0.0,0.0,5.0,0.0,0.0,,0.0,0.0,1.0,,,inf,1965.0,,,0.0,1965.0,hyperplane_gauss,12965,21,0.12075238898396493,0.11353302877396344,5,virtual,sudden,0,0.14811901092529295,0.3707248263061047,True,medium,abrupt,virtual/sudden/K=5/recurring/medium/abrupt/partial/imbalanced/noisy,0.0,-0.009360635185959088
scn-aec888674267,1901525900,FHDDM,0.8220643543669035,0.020820278999963193,0,5.0,0.0,0.0,5.0,0.0,0.0,,0.0,0.0,1.0,,,inf,1965.0,,,0.0,1965.0,hyperplane_gauss,12965,21,0.12075238898396493,0.11353302877396344,5,virtual,sudden,0,0.14811901092529295,0.3707248263061047,True,medium,abrupt,virtual/sudden/K=5/recurring/medium/abrupt/partial/imbalanced/noisy,0.0,-0.009360635185959088
scn-aec888674267,1901525900,NoDrift,0.8220643543669035,0.016985394000130327,0,5.0,0.0,0.0,5.0,0.0,0.0,,0.0,0.0,1.0,,,inf,1965.0,,,0.0,1965.0,hyperplane_gauss,12965,21,0.12075238898396493,0.11353302877396344,5,virtual,sudden,0,0.14811901092529295,0.3707248263061047,True,medium,abrupt,virtual/sudden/K=5/recurring/medium/abrupt/partial/imbalanced/noisy,0.0,-0.009360635185959088
scn-aec888674267,1901525900,Periodic(2000),0.8143752611784371,0.01876844800017352,5,5.0,5.0,5.0,0.0,0.0,0.0,1.0,1.0,1.0,0.0,1018.0,1018.0,inf,1965.0,inf,1.9302554027504912,0.0,1965.0,hyperplane_gauss,12965,21,0.12075238898396493,0.11353302877396344,5,virtual,sudden,0,0.14811901092529295,0.3707248263061047,True,medium,abrupt,virtual/sudden/K=5/recurring/medium/abrupt/partial/imbalanced/noisy,-0.007689093188466445,-0.0016715419974926427
scn-aec888674267,1901525900,Oracle,0.8127037191809444,0.026797668000199337,5,5.0,5.0,5.0,0.0,0.0,0.0,1.0,1.0,1.0,0.0,1.0,1.0,inf,1965.0,inf,1965.0,0.0,1965.0,hyperplane_gauss,12965,21,0.12075238898396493,0.11353302877396344,5,virtual,sudden,0,0.14811901092529295,0.3707248263061047,True,medium,abrupt,virtual/sudden/K=5/recurring/medium/abrupt/partial/imbalanced/noisy,-0.009360635185959088,-0.0
scn-aec888674267,1901525901,ADWIN,0.8210614291684079,0.020355690000087634,0,5.0,0.0,0.0,5.0,0.0,0.0,,0.0,0.0,1.0,,,inf,1965.0,,,0.0,1965.0,hyperplane_gauss,12965,21,0.12075238898396493,0.11353302877396344,5,virtual,sudden,0,0.14811901092529295,0.3707248263061047,True,medium,abrupt,virtual/sudden/K=5/recurring/medium/abrupt/partial/imbalanced/noisy,0.0,-0.010447137484329239
scn-aec888674267,1901525901,KSWIN,0.8210614291684079,2.5540702439998313,0,5.0,0.0,0.0,5.0,0.0,0.0,,0.0,0.0,1.0,,,inf,1965.0,,,0.0,1965.0,hyperplane_gauss,12965,21,0.12075238898396493,0.11353302877396344,5,virtual,sudden,0,0.14811901092529295,0.3707248263061047,True,medium,abrupt,virtual/sudden/K=5/recurring/medium/abrupt/partial/imbalanced/noisy,0.0,-0.010447137484329239
scn-aec888674267,1901525901,PageHinkley,0.8210614291684079,0.023024998999972013,0,5.0,0.0,0.0,5.0,0.0,0.0,,0.0,0.0,1.0,,,inf,1965.0,,,0.0,1965.0,hyperplane_gauss,12965,21,0.12075238898396493,0.11353302877396344,5,virtual,sudden,0,0.14811901092529295,0.3707248263061047,True,medium,abrupt,virtual/sudden/K=5/recurring/medium/abrupt/partial/imbalanced/noisy,0.0,-0.010447137484329239
scn-aec888674267,1901525901,PageHinkley-up,0.8210614291684079,0.022702845000367233,0,5.0,0.0,0.0,5.0,0.0,0.0,,0.0,0.0,1.0,,,inf,1965.0,,,0.0,1965.0,hyperplane_gauss,12965,21,0.12075238898396493,0.11353302877396344,5,virtual,sudden,0,0.14811901092529295,0.3707248263061047,True,medium,abrupt,virtual/sudden/K=5/recurring/medium/abrupt/partial/imbalanced/noisy,0.0,-0.010447137484329239
scn-aec888674267,1901525901,DDM,0.8178019222732971,0.023733730999992986,1,5.0,1.0,1.0,4.0,0.0,0.0,1.0,0.2,0.33333333333333337,0.8,50.0,50.0,inf,1965.0,inf,7.859999999999998,0.0,1965.0,hyperplane_gauss,12965,21,0.12075238898396493,0.11353302877396344,5,virtual,sudden,0,0.14811901092529295,0.3707248263061047,True,medium,abrupt,virtual/sudden/K=5/recurring/medium/abrupt/partial/imbalanced/noisy,-0.0032595068951107864,-0.007187630589218452
scn-aec888674267,1901525901,EDDM,0.816213957375679,0.02437735800003793,2,5.0,2.0,1.0,4.0,1.0,0.0,0.5,0.2,0.28571428571428575,0.8,130.0,130.0,1965.0,1965.0,3.023076923076922,3.023076923076922,0.5089058524173028,1965.0,hyperplane_gauss,12965,21,0.12075238898396493,0.11353302877396344,5,virtual,sudden,0,0.14811901092529295,0.3707248263061047,True,medium,abrupt,virtual/sudden/K=5/recurring/medium/abrupt/partial/imbalanced/noisy,-0.004847471792728819,-0.0055996656916004195
scn-aec888674267,1901525901,HDDM_A,0.8210614291684079,0.049212369000088074,0,5.0,0.0,0.0,5.0,0.0,0.0,,0.0,0.0,1.0,,,inf,1965.0,,,0.0,1965.0,hyperplane_gauss,12965,21,0.12075238898396493,0.11353302877396344,5,virtual,sudden,0,0.14811901092529295,0.3707248263061047,True,medium,abrupt,virtual/sudden/K=5/recurring/medium/abrupt/partial/imbalanced/noisy,0.0,-0.010447137484329239
scn-aec888674267,1901525901,HDDM_W,0.8210614291684079,0.04757347600025241,0,5.0,0.0,0.0,5.0,0.0,0.0,,0.0,0.0,1.0,,,inf,1965.0,,,0.0,1965.0,hyperplane_gauss,12965,21,0.12075238898396493,0.11353302877396344,5,virtual,sudden,0,0.14811901092529295,0.3707248263061047,True,medium,abrupt,virtual/sudden/K=5/recurring/medium/abrupt/partial/imbalanced/noisy,0.0,-0.010447137484329239
scn-aec888674267,1901525901,FHDDM,0.8210614291684079,0.020856401000401092,0,5.0,0.0,0.0,5.0,0.0,0.0,,0.0,0.0,1.0,,,inf,1965.0,,,0.0,1965.0,hyperplane_gauss,12965,21,0.12075238898396493,0.11353302877396344,5,virtual,sudden,0,0.14811901092529295,0.3707248263061047,True,medium,abrupt,virtual/sudden/K=5/recurring/medium/abrupt/partial/imbalanced/noisy,0.0,-0.010447137484329239
scn-aec888674267,1901525901,NoDrift,0.8210614291684079,0.01682011599996258,0,5.0,0.0,0.0,5.0,0.0,0.0,,0.0,0.0,1.0,,,inf,1965.0,,,0.0,1965.0,hyperplane_gauss,12965,21,0.12075238898396493,0.11353302877396344,5,virtual,sudden,0,0.14811901092529295,0.3707248263061047,True,medium,abrupt,virtual/sudden/K=5/recurring/medium/abrupt/partial/imbalanced/noisy,0.0,-0.010447137484329239
scn-aec888674267,1901525901,Periodic(2000),0.8118679481821981,0.019015811999906873,5,5.0,5.0,5.0,0.0,0.0,0.0,1.0,1.0,1.0,0.0,1018.0,1018.0,inf,1965.0,inf,1.9302554027504912,0.0,1965.0,hyperplane_gauss,12965,21,0.12075238898396493,0.11353302877396344,5,virtual,sudden,0,0.14811901092529295,0.3707248263061047,True,medium,abrupt,virtual/sudden/K=5/recurring/medium/abrupt/partial/imbalanced/noisy,-0.009193480986209757,-0.001253656498119482
scn-aec888674267,1901525901,Oracle,0.8106142916840786,0.032002941999962786,5,5.0,5.0,5.0,0.0,0.0,0.0,1.0,1.0,1.0,0.0,1.0,1.0,inf,1965.0,inf,1965.0,0.0,1965.0,hyperplane_gauss,12965,21,0.12075238898396493,0.11353302877396344,5,virtual,sudden,0,0.14811901092529295,0.3707248263061047,True,medium,abrupt,virtual/sudden/K=5/recurring/medium/abrupt/partial/imbalanced/noisy,-0.010447137484329239,-0.0
scn-cae5ee465564,1606523163,ADWIN,0.800043568238754,0.03156774600029166,2,3.0,2.0,1.0,2.0,1.0,0.0,0.5,0.3333333333333333,0.4,0.6666666666666667,629.0,629.0,39587.0,39587.0,20.978802331743506,20.978802331743506,0.025260817945285067,39587.0,hyperplane_gauss,46905,3,0.2829050810076296,0.16175465052947402,3,prior,incremental,106,0.4636347532272339,1.0,False,high,fast,prior/incremental/K=3/high/fast/n/a/imbalanced/noisy,-0.001415967759503256,-0.010260320226554875
scn-cae5ee465564,1606523163,KSWIN,0.8035725955778238,9.61216193600012,1,3.0,1.0,0.0,3.0,1.0,0.0,0.0,0.0,0.0,1.0,,,39587.0,39587.0,,,0.025260817945285067,39587.0,hyperplane_gauss,46905,3,0.2829050810076296,0.16175465052947402,3,prior,incremental,106,0.4636347532272339,1.0,False,high,fast,prior/incremental/K=3/high/fast/n/a/imbalanced/noisy,0.002113059579566534,-0.013789347565624666
scn-cae5ee465564,1606523163,PageHinkley,0.7878880296264024,0.04543472200020915,4,3.0,4.0,2.0,1.0,2.0,0.0,0.5,0.6666666666666666,0.5714285714285715,0.33333333333333337,707.5,707.5,19793.5,19793.5,18.651118963486454,18.651118963486454,0.050521635890570134,39587.0,hyperplane_gauss,46905,3,0.2829050810076296,0.16175465052947402,3,prior,incremental,106,0.4636347532272339,1.0,False,high,fast,prior/incremental/K=3/high/fast/n/a/imbalanced/noisy,-0.013571506371854891,0.0018952183857967597
scn-cae5ee465564,1606523163,PageHinkley-up,0.7976908833460408,0.042816109000341385,3,3.0,3.0,2.0,1.0,1.0,0.0,0.6666666666666666,0.6666666666666666,0.6666666666666666,0.33333333333333337,740.0,740.0,39587.0,39587.0,35.663963963963965,35.663963963963965,0.025260817945285067,39587.0,hyperplane_gauss,46905,3,0.2829050810076296,0.16175465052947402,3,prior,incremental,106,0.4636347532272339,1.0,False,high,fast,prior/incremental/K=3/high/fast/n/a/imbalanced/noisy,-0.0037686526522164865,-0.007907635333841645
scn-cae5ee465564,1606523163,DDM,0.8054678139636205,0.04251060400019924,1,3.0,1.0,1.0,2.0,0.0,0.0,1.0,0.3333333333333333,0.5,0.6666666666666667,2043.0,2043.0,inf,39587.0,inf,6.458965573503017,0.0,39587.0,hyperplane_gauss,46905,3,0.2829050810076296,0.16175465052947402,3,prior,incremental,106,0.4636347532272339,1.0,False,high,fast,prior/incremental/K=3/high/fast/n/a/imbalanced/noisy,0.004008277965363294,-0.015684565951421425
scn-cae5ee465564,1606523163,EDDM,0.8004792506262934,0.03758759899983488,4,3.0,4.0,0.0,3.0,4.0,0.0,0.0,0.0,0.0,1.0,,,9896.75,9896.75,,,0.10104327178114027,39587.0,hyperplane_gauss,46905,3,0.2829050810076296,0.16175465052947402,3,prior,incremental,106,0.4636347532272339,1.0,False,high,fast,prior/incremental/K=3/high/fast/n/a/imbalanced/noisy,-0.0009802853719638183,-0.010696002614094313
scn-cae5ee465564,1606523163,HDDM_A,0.8043786079947718,0.13851860099975966,2,3.0,2.0,1.0,2.0,1.0,0.0,0.5,0.3333333333333333,0.4,0.6666666666666667,658.0,658.0,39587.0,39587.0,20.054204660587633,20.054204660587633,0.025260817945285067,39587.0,hyperplane_gauss,46905,3,0.2829050810076296,0.16175465052947402,3,prior,incremental,106,0.4636347532272339,1.0,False,high,fast,prior/incremental/K=3/high/fast/n/a/imbalanced/noisy,0.002919071996514533,-0.014595359982572664
scn-cae5ee465564,1606523163,HDDM_W,0.7912427840104563,0.14491713200004597,7,3.0,7.0,2.0,1.0,5.0,0.0,0.2857142857142857,0.6666666666666666,0.4,0.33333333333333337,379.5,379.5,7917.4,7917.4,13.908476064997803,13.908476064997803,0.12630408972642534,39587.0,hyperplane_gauss,46905,3,0.2829050810076296,0.16175465052947402,3,prior,incremental,106,0.4636347532272339,1.0,False,high,fast,prior/incremental/K=3/high/fast/n/a/imbalanced/noisy,-0.01021675198780092,-0.001459535998257211
scn-cae5ee465564,1606523163,FHDDM,0.7978433721816796,0.036970778000068094,3,3.0,3.0,2.0,1.0,1.0,0.0,0.6666666666666666,0.6666666666666666,0.6666666666666666,0.33333333333333337,303.0,303.0,39587.0,39587.0,87.1001100110011,87.1001100110011,0.025260817945285067,39587.0,hyperplane_gauss,46905,3,0.2829050810076296,0.16175465052947402,3,prior,incremental,106,0.4636347532272339,1.0,False,high,fast,prior/incremental/K=3/high/fast/n/a/imbalanced/noisy,-0.0036161638165777,-0.008060124169480432
scn-cae5ee465564,1606523163,NoDrift,0.8014595359982573,0.020829950000006647,0,3.0,0.0,0.0,3.0,0.0,0.0,,0.0,0.0,1.0,,,inf,39587.0,,,0.0,39587.0,hyperplane_gauss,46905,3,0.2829050810076296,0.16175465052947402,3,prior,incremental,106,0.4636347532272339,1.0,False,high,fast,prior/incremental/K=3/high/fast/n/a/imbalanced/noisy,0.0,-0.011676287986058131
scn-cae5ee465564,1606523163,Periodic(2000),0.783966888138547,0.022680189999846334,22,3.0,22.0,3.0,0.0,18.0,1.0,0.13636363636363635,1.0,0.24000000000000002,0.0,767.6666666666666,799.0,2199.277777777778,2199.277777777778,2.8648863800839486,2.8648863800839486,0.45469472301513125,39587.0,hyperplane_gauss,46905,3,0.2829050810076296,0.16175465052947402,3,prior,incremental,106,0.4636347532272339,1.0,False,high,fast,prior/incremental/K=3/high/fast/n/a/imbalanced/noisy,-0.017492647859710275,0.005816359873652144
scn-cae5ee465564,1606523163,Oracle,0.7897832480121991,0.023527747000116506,3,3.0,3.0,3.0,0.0,0.0,0.0,1.0,1.0,1.0,0.0,54.0,54.0,inf,39587.0,inf,733.0925925925926,0.0,39587.0,hyperplane_gauss,46905,3,0.2829050810076296,0.16175465052947402,3,prior,incremental,106,0.4636347532272339,1.0,False,high,fast,prior/incremental/K=3/high/fast/n/a/imbalanced/noisy,-0.011676287986058131,-0.0
scn-cae5ee465564,1606523164,ADWIN,0.8032240496677922,0.03377222300014182,2,3.0,2.0,1.0,2.0,1.0,0.0,0.5,0.3333333333333333,0.4,0.6666666666666667,949.0,949.0,39587.0,39587.0,13.90481208289427,13.90481208289427,0.025260817945285067,39587.0,hyperplane_gauss,46905,3,0.2829050810076296,0.16175465052947402,3,prior,incremental,106,0.4636347532272339,1.0,False,high,fast,prior/incremental/K=3/high/fast/n/a/imbalanced/noisy,0.0026358784446138817,-0.012809062193660847
scn-cae5ee465564,1606523164,KSWIN,0.8005881712231783,9.709167991000413,0,3.0,0.0,0.0,3.0,0.0,0.0,,0.0,0.0,1.0,,,inf,39587.0,,,0.0,39587.0,hyperplane_gauss,46905,3,0.2829050810076296,0.16175465052947402,3,prior,incremental,106,0.4636347532272339,1.0,False,high,fast,prior/incremental/K=3/high/fast/n/a/imbalanced/noisy,0.0,-0.010173183749046966
scn-cae5ee465564,1606523164,PageHinkley,0.7891079403115129,0.04732672199997978,7,3.0,7.0,3.0,0.0,3.0,1.0,0.42857142857142855,1.0,0.6,0.0,807.6666666666666,299.0,13195.666666666666,13195.666666666666,16.33801073049938,16.33801073049938,0.0757824538358552,39587.0,hyperplane_gauss,46905,3,0.2829050810076296,0.16175465052947402,3,prior,incremental,106,0.4636347532272339,1.0,False,high,fast,prior/incremental/K=3/high/fast/n/a/imbalanced/noisy,-0.01148023091166539,0.0013070471626184244
scn-cae5ee465564,1606523164,PageHinkley-up,0.8052717568892278,0.043129127000156586,3,3.0,3.0,1.0,2.0,2.0,0.0,0.3333333333333333,0.3333333333333333,0.3333333333333333,0.6666666666666667,336.0,336.0,19793.5,19793.5,19.636408730158724,19.636408730158724,0.050521635890570134,39587.0,hyperplane_gauss,46905,3,0.2829050810076296,0.16175465052947402,3,prior,incremental,106,0.4636347532272339,1.0,False,high,fast,prior/incremental/K=3/high/fast/n/a/imbalanced/noisy,0.004683585666049539,-0.014856769415096505
scn-cae5ee465564,1606523164,DDM,0.8059470645899139,0.042885183000180405,1,3.0,1.0,0.0,3.0,1.0,0.0,0.0,0.0,0.0,1.0,,,39587.0,39587.0,,,0.025260817945285067,39587.0,hyperplane_gauss,46905,3,0.2829050810076296,0.16175465052947402,3,prior,incremental,106,0.4636347532272339,1.0,False,high,fast,prior/incremental/K=3/high/fast/n/a/imbalanced/noisy,0.005358893366735673,-0.015532077115782639
scn-cae5ee465564,1606523164,EDDM,0.7980176451366954,0.03554485700033183,1,3.0,1.0,0.0,3.0,1.0,0.0,0.0,0.0,0.0,1.0,,,39587.0,39587.0,,,0.025260817945285067,39587.0,hyperplane_gauss,46905,3,0.2829050810076296,0.16175465052947402,3,prior,incremental,106,0.4636347532272339,1.0,False,high,fast,prior/incremental/K=3/high/fast/n/a/imbalanced/noisy,-0.002570526086482894,-0.007602657662564072
scn-cae5ee465564,1606523164,HDDM_A,0.8079947718113495,0.1370146089998343,1,3.0,1.0,1.0,2.0,0.0,0.0,1.0,0.3333333333333333,0.5,0.6666666666666667,2096.0,2096.0,inf,39587.0,inf,6.295642493638675,0.0,39587.0,hyperplane_gauss,46905,3,0.2829050810076296,0.16175465052947402,3,prior,incremental,106,0.4636347532272339,1.0,False,high,fast,prior/incremental/K=3/high/fast/n/a/imbalanced/noisy,0.007406600588171219,-0.017579784337218185
scn-cae5ee465564,1606523164,HDDM_W,0.8051628362923429,0.1417168450002464,4,3.0,4.0,1.0,2.0,3.0,0.0,0.25,0.3333333333333333,0.28571428571428575,0.6666666666666667,299.0,299.0,13195.666666666666,13195.666666666666,14.710888145670749,14.710888145670749,0.0757824538358552,39587.0,hyperplane_gauss,46905,3,0.2829050810076296,0.16175465052947402,3,prior,incremental,106,0.4636347532272339,1.0,False,high,fast,prior/incremental/K=3/high/fast/n/a/imbalanced/noisy,0.004574665069164596,-0.014747848818211562
scn-cae5ee465564,1606523164,FHDDM,0.8086700795120357,0.036183607000111806,2,3.0,2.0,1.0,2.0,1.0,0.0,0.5,0.3333333333333333,0.4,0.6666666666666667,532.0,532.0,39587.0,39587.0,24.803884711779446,24.803884711779446,0.025260817945285067,39587.0,hyperplane_gauss,46905,3,0.2829050810076296,0.16175465052947402,3,prior,incremental,106,0.4636347532272339,1.0,False,high,fast,prior/incremental/K=3/high/fast/n/a/imbalanced/noisy,0.008081908288857464,-0.01825509203790443
scn-cae5ee465564,1606523164,NoDrift,0.8005881712231783,0.020961101000011695,0,3.0,0.0,0.0,3.0,0.0,0.0,,0.0,0.0,1.0,,,inf,39587.0,,,0.0,39587.0,hyperplane_gauss,46905,3,0.2829050810076296,0.16175465052947402,3,prior,incremental,106,0.4636347532272339,1.0,False,high,fast,prior/incremental/K=3/high/fast/n/a/imbalanced/noisy,0.0,-0.010173183749046966
scn-cae5ee465564,1606523164,Periodic(2000),0.7851867988236576,0.022751947999950062,22,3.0,22.0,3.0,0.0,18.0,1.0,0.13636363636363635,1.0,0.24000000000000002,0.0,767.6666666666666,799.0,2199.277777777778,2199.277777777778,2.8648863800839486,2.8648863800839486,0.45469472301513125,39587.0,hyperplane_gauss,46905,3,0.2829050810076296,0.16175465052947402,3,prior,incremental,106,0.4636347532272339,1.0,False,high,fast,prior/incremental/K=3/high/fast/n/a/imbalanced/noisy,-0.015401372399520663,0.005228188650473697
scn-cae5ee465564,1606523164,Oracle,0.7904149874741313,0.023398421999900165,3,3.0,3.0,3.0,0.0,0.0,0.0,1.0,1.0,1.0,0.0,54.0,54.0,inf,39587.0,inf,733.0925925925926,0.0,39587.0,hyperplane_gauss,46905,3,0.2829050810076296,0.16175465052947402,3,prior,incremental,106,0.4636347532272339,1.0,False,high,fast,prior/incremental/K=3/high/fast/n/a/imbalanced/noisy,-0.010173183749046966,-0.0
scn-cae5ee465564,1606523165,ADWIN,0.8101296155102929,0.032099874999858,1,3.0,1.0,1.0,2.0,0.0,0.0,1.0,0.3333333333333333,0.5,0.6666666666666667,949.0,949.0,inf,39587.0,inf,13.90481208289427,0.0,39587.0,hyperplane_gauss,46905,3,0.2829050810076296,0.16175465052947402,3,prior,incremental,106,0.4636347532272339,1.0,False,high,fast,prior/incremental/K=3/high/fast/n/a/imbalanced/noisy,0.007864067095087579,-0.01773227317285697
scn-cae5ee465564,1606523165,KSWIN,0.8022655484152054,9.653375020000112,0,3.0,0.0,0.0,3.0,0.0,0.0,,0.0,0.0,1.0,,,inf,39587.0,,,0.0,39587.0,hyperplane_gauss,46905,3,0.2829050810076296,0.16175465052947402,3,prior,incremental,106,0.4636347532272339,1.0,False,high,fast,prior/incremental/K=3/high/fast/n/a/imbalanced/noisy,0.0,-0.009868206077769393
scn-cae5ee465564,1606523165,PageHinkley,0.7942925607232327,0.0451439799999207,5,3.0,5.0,2.0,1.0,2.0,1.0,0.4,0.6666666666666666,0.5,0.33333333333333337,359.0,359.0,19793.5,19793.5,36.75673166202414,36.75673166202414,0.050521635890570134,39587.0,hyperplane_gauss,46905,3,0.2829050810076296,0.16175465052947402,3,prior,incremental,106,0.4636347532272339,1.0,False,high,fast,prior/incremental/K=3/high/fast/n/a/imbalanced/noisy,-0.007972987691972633,-0.0018952183857967597
scn-cae5ee465564,1606523165,PageHinkley-up,0.8106742184947173,0.043624335000004066,3,3.0,3.0,0.0,3.0,3.0,0.0,0.0,0.0,0.0,1.0,,,13195.666666666666,13195.666666666666,,,0.0757824538358552,39587.0,hyperplane_gauss,46905,3,0.2829050810076296,0.16175465052947402,3,prior,incremental,106,0.4636347532272339,1.0,False,high,fast,prior/incremental/K=3/high/fast/n/a/imbalanced/noisy,0.00840867007951196,-0.018276876157281352
scn-cae5ee465564,1606523165,DDM,0.8022655484152054,0.04225309599996763,0,3.0,0.0,0.0,3.0,0.0,0.0,,0.0,0.0,1.0,,,inf,39587.0,,,0.0,39587.0,hyperplane_gauss,46905,3,0.2829050810076296,0.16175465052947402,3,prior,incremental,106,0.4636347532272339,1.0,False,high,fast,prior/incremental/K=3/high/fast/n/a/imbalanced/noisy,0.0,-0.009868206077769393
scn-cae5ee465564,1606523165,EDDM,0.799172203463675,0.036646617999849695,3,3.0,3.0,0.0,3.0,3.0,0.0,0.0,0.0,0.0,1.0,,,13195.666666666666,13195.666666666666,,,0.0757824538358552,39587.0,hyperplane_gauss,46905,3,0.2829050810076296,0.16175465052947402,3,prior,incremental,106,0.4636347532272339,1.0,False,high,fast,prior/incremental/K=3/high/fast/n/a/imbalanced/noisy,-0.0030933449515303524,-0.00677486112623904
scn-cae5ee465564,1606523165,HDDM_A,0.8005881712231783,0.13915957500012155,2,3.0,2.0,2.0,1.0,0.0,0.0,1.0,0.6666666666666666,0.8,0.33333333333333337,1039.0,1039.0,inf,39587.0,inf,25.400705806865574,0.0,39587.0,hyperplane_gauss,46905,3,0.2829050810076296,0.16175465052947402,3,prior,incremental,106,0.4636347532272339,1.0,False,high,fast,prior/incremental/K=3/high/fast/n/a/imbalanced/noisy,-0.0016773771920270963,-0.008190828885742296
scn-cae5ee465564,1606523165,HDDM_W,0.7897178956540681,0.13740558200015585,4,3.0,4.0,3.0,0.0,1.0,0.0,0.75,1.0,0.8571428571428571,0.0,381.0,312.0,39587.0,39587.0,103.9028871391076,103.9028871391076,0.025260817945285067,39587.0,hyperplane_gauss,46905,3,0.2829050810076296,0.16175465052947402,3,prior,incremental,106,0.4636347532272339,1.0,False,high,fast,prior/incremental/K=3/high/fast/n/a/imbalanced/noisy,-0.012547652761137229,0.0026794466833678365
scn-cae5ee465564,1606523165,FHDDM,0.7902842827578695,0.036191470000176196,4,3.0,4.0,3.0,0.0,1.0,0.0,0.75,1.0,0.8571428571428571,0.0,368.0,267.0,39587.0,39587.0,107.57336956521739,107.57336956521739,0.025260817945285067,39587.0,hyperplane_gauss,46905,3,0.2829050810076296,0.16175465052947402,3,prior,incremental,106,0.4636347532272339,1.0,False,high,fast,prior/incremental/K=3/high/fast/n/a/imbalanced/noisy,-0.011981265657335816,0.002113059579566423
scn-cae5ee465564,1606523165,NoDrift,0.8022655484152054,0.02051623199986352,0,3.0,0.0,0.0,3.0,0.0,0.0,,0.0,0.0,1.0,,,inf,39587.0,,,0.0,39587.0,hyperplane_gauss,46905,3,0.2829050810076296,0.16175465052947402,3,prior,incremental,106,0.4636347532272339,1.0,False,high,fast,prior/incremental/K=3/high/fast/n/a/imbalanced/noisy,0.0,-0.009868206077769393
scn-cae5ee465564,1606523165,Periodic(2000),0.7849036052717568,0.022512526999889815,22,3.0,22.0,3.0,0.0,18.0,1.0,0.13636363636363635,1.0,0.24000000000000002,0.0,767.6666666666666,799.0,2199.277777777778,2199.277777777778,2.8648863800839486,2.8648863800839486,0.45469472301513125,39587.0,hyperplane_gauss,46905,3,0.2829050810076296,0.16175465052947402,3,prior,incremental,106,0.4636347532272339,1.0,False,high,fast,prior/incremental/K=3/high/fast/n/a/imbalanced/noisy,-0.01736194314344852,0.007493737065679129
scn-cae5ee465564,1606523165,Oracle,0.792397342337436,0.023537885999758146,3,3.0,3.0,3.0,0.0,0.0,0.0,1.0,1.0,1.0,0.0,54.0,54.0,inf,39587.0,inf,733.0925925925926,0.0,39587.0,hyperplane_gauss,46905,3,0.2829050810076296,0.16175465052947402,3,prior,incremental,106,0.4636347532272339,1.0,False,high,fast,prior/incremental/K=3/high/fast/n/a/imbalanced/noisy,-0.009868206077769393,-0.0
scn-747af55be1fa,1827857024,ADWIN,0.8746341354425006,0.09377640599996084,20,3.0,20.0,3.0,0.0,14.0,3.0,0.15,1.0,0.2608695652173913,0.0,1957.0,1726.0,2175.6428571428573,2175.6428571428573,1.1117234834659466,1.1117234834659466,0.45963426245116384,30459.0,hyperplane_gauss,45757,19,0.2069566320627928,0.03055975679308176,3,prior,gradual,2766,0.1896684782207012,1.0,True,medium,slow,prior/gradual/K=3/recurring/medium/slow/n/a/imbalanced/noisy,-0.03624014120696206,0.0339164823379583
scn-747af55be1fa,1827857024,KSWIN,0.9108742766494626,9.567248153999572,0,3.0,0.0,0.0,3.0,0.0,0.0,,0.0,0.0,1.0,,,inf,30459.0,,,0.0,30459.0,hyperplane_gauss,45757,19,0.2069566320627928,0.03055975679308176,3,prior,gradual,2766,0.1896684782207012,1.0,True,medium,slow,prior/gradual/K=3/recurring/medium/slow/n/a/imbalanced/noisy,0.0,-0.002323658869003764
scn-747af55be1fa,1827857024,PageHinkley,0.8628817838550394,0.11388855600034731,28,3.0,28.0,2.0,1.0,23.0,3.0,0.07142857142857142,0.6666666666666666,0.12903225806451613,0.33333333333333337,1761.5,1761.5,1324.304347826087,1324.304347826087,0.5012032729022942,0.5012032729022942,0.7551134311697691,30459.0,hyperplane_gauss,45757,19,0.2069566320627928,0.03055975679308176,3,prior,gradual,2766,0.1896684782207012,1.0,True,medium,slow,prior/gradual/K=3/recurring/medium/slow/n/a/imbalanced/noisy,-0.04799249279442319,0.04566883392541943
scn-747af55be1fa,1827857024,PageHinkley-up,0.9121478204526666,0.07807491100038533,2,3.0,2.0,1.0,2.0,1.0,0.0,0.5,0.3333333333333333,0.4,0.6666666666666667,3045.0,3045.0,30459.0,30459.0,3.3343185550082097,3.3343185550082097,0.0328310187465117,30459.0,hyperplane_gauss,45757,19,0.2069566320627928,0.03055975679308176,3,prior,gradual,2766,0.1896684782207012,1.0,True,medium,slow,prior/gradual/K=3/recurring/medium/slow/n/a/imbalanced/noisy,0.0012735438032039914,-0.0035972026722077555
scn-747af55be1fa,1827857024,DDM,0.9108742766494626,0.07518865500014726,0,3.0,0.0,0.0,3.0,0.0,0.0,,0.0,0.0,1.0,,,inf,30459.0,,,0.0,30459.0,hyperplane_gauss,45757,19,0.2069566320627928,0.03055975679308176,3,prior,gradual,2766,0.1896684782207012,1.0,True,medium,slow,prior/gradual/K=3/recurring/medium/slow/n/a/imbalanced/noisy,0.0,-0.002323658869003764
scn-747af55be1fa,1827857024,EDDM,0.9194092544183032,0.0818242399996052,9,3.0,9.0,1.0,2.0,6.0,2.0,0.1111111111111111,0.3333333333333333,0.16666666666666666,0.6666666666666667,3084.0,3084.0,5076.5,5076.5,0.5486921746649371,0.5486921746649371,0.19698611247907022,30459.0,hyperplane_gauss,45757,19,0.2069566320627928,0.03055975679308176,3,prior,gradual,2766,0.1896684782207012,1.0,True,medium,slow,prior/gradual/K=3/recurring/medium/slow/n/a/imbalanced/noisy,0.008534977768840601,-0.010858636637844366
scn-747af55be1fa,1827857024,HDDM_A,0.9108742766494626,0.21711450299972057,0,3.0,0.0,0.0,3.0,0.0,0.0,,0.0,0.0,1.0,,,inf,30459.0,,,0.0,30459.0,hyperplane_gauss,45757,19,0.2069566320627928,0.03055975679308176,3,prior,gradual,2766,0.1896684782207012,1.0,True,medium,slow,prior/gradual/K=3/recurring/medium/slow/n/a/imbalanced/noisy,0.0,-0.002323658869003764
scn-747af55be1fa,1827857024,HDDM_W,0.9108742766494626,0.17609813500030214,0,3.0,0.0,0.0,3.0,0.0,0.0,,0.0,0.0,1.0,,,inf,30459.0,,,0.0,30459.0,hyperplane_gauss,45757,19,0.2069566320627928,0.03055975679308176,3,prior,gradual,2766,0.1896684782207012,1.0,True,medium,slow,prior/gradual/K=3/recurring/medium/slow/n/a/imbalanced/noisy,0.0,-0.002323658869003764
scn-747af55be1fa,1827857024,FHDDM,0.9108742766494626,0.06956046499999502,0,3.0,0.0,0.0,3.0,0.0,0.0,,0.0,0.0,1.0,,,inf,30459.0,,,0.0,30459.0,hyperplane_gauss,45757,19,0.2069566320627928,0.03055975679308176,3,prior,gradual,2766,0.1896684782207012,1.0,True,medium,slow,prior/gradual/K=3/recurring/medium/slow/n/a/imbalanced/noisy,0.0,-0.002323658869003764
scn-747af55be1fa,1827857024,NoDrift,0.9108742766494626,0.055660399999851506,0,3.0,0.0,0.0,3.0,0.0,0.0,,0.0,0.0,1.0,,,inf,30459.0,,,0.0,30459.0,hyperplane_gauss,45757,19,0.2069566320627928,0.03055975679308176,3,prior,gradual,2766,0.1896684782207012,1.0,True,medium,slow,prior/gradual/K=3/recurring/medium/slow/n/a/imbalanced/noisy,0.0,-0.002323658869003764
scn-747af55be1fa,1827857024,Periodic(2000),0.8783877382308912,0.05946080500007156,22,3.0,22.0,3.0,0.0,15.0,4.0,0.13636363636363635,1.0,0.24000000000000002,0.0,671.6666666666666,924.0,2030.6,2030.6,3.023225806451613,3.023225806451613,0.4924652811976756,30459.0,hyperplane_gauss,45757,19,0.2069566320627928,0.03055975679308176,3,prior,gradual,2766,0.1896684782207012,1.0,True,medium,slow,prior/gradual/K=3/recurring/medium/slow/n/a/imbalanced/noisy,-0.03248653841857141,0.030162879549567645
scn-747af55be1fa,1827857024,Oracle,0.9085506177804589,0.061780045999967115,3,3.0,3.0,3.0,0.0,0.0,0.0,1.0,1.0,1.0,0.0,1384.0,1384.0,inf,30459.0,inf,22.00794797687861,0.0,30459.0,hyperplane_gauss,45757,19,0.2069566320627928,0.03055975679308176,3,prior,gradual,2766,0.1896684782207012,1.0,True,medium,slow,prior/gradual/K=3/recurring/medium/slow/n/a/imbalanced/noisy,-0.002323658869003764,-0.0
scn-747af55be1fa,1827857025,ADWIN,0.8754608217708961,0.08674487999996927,16,3.0,16.0,2.0,1.0,11.0,3.0,0.125,0.6666666666666666,0.21052631578947367,0.33333333333333337,1281.5,1281.5,2769.0,2769.0,1.4404994147483416,1.4404994147483416,0.36114120621162876,30459.0,hyperplane_gauss,45757,19,0.2069566320627928,0.03055975679308176,3,prior,gradual,2766,0.1896684782207012,1.0,True,medium,slow,prior/gradual/K=3/recurring/medium/slow/n/a/imbalanced/noisy,-0.03737962776772352,0.03440802556024758
scn-747af55be1fa,1827857025,KSWIN,0.9128404495386196,9.74013358900038,0,3.0,0.0,0.0,3.0,0.0,0.0,,0.0,0.0,1.0,,,inf,30459.0,,,0.0,30459.0,hyperplane_gauss,45757,19,0.2069566320627928,0.03055975679308176,3,prior,gradual,2766,0.1896684782207012,1.0,True,medium,slow,prior/gradual/K=3/recurring/medium/slow/n/a/imbalanced/noisy,0.0,-0.002971602207475943
scn-747af55be1fa,1827857025,PageHinkley,0.8670375583707577,0.11666948900028729,29,3.0,29.0,3.0,0.0,19.0,7.0,0.10344827586206896,1.0,0.1875,0.0,827.6666666666666,155.0,1603.1052631578948,1603.1052631578948,1.93689721686415,1.93689721686415,0.6237893561837223,30459.0,hyperplane_gauss,45757,19,0.2069566320627928,0.03055975679308176,3,prior,gradual,2766,0.1896684782207012,1.0,True,medium,slow,prior/gradual/K=3/recurring/medium/slow/n/a/imbalanced/noisy,-0.04580289116786196,0.042831288960386016
scn-747af55be1fa,1827857025,PageHinkley-up,0.9266036597627186,0.07919285300022239,2,3.0,2.0,2.0,1.0,0.0,0.0,1.0,0.6666666666666666,0.8,0.33333333333333337,1584.0,1584.0,inf,30459.0,inf,12.819444444444445,0.0,30459.0,hyperplane_gauss,45757,19,0.2069566320627928,0.03055975679308176,3,prior,gradual,2766,0.1896684782207012,1.0,True,medium,slow,prior/gradual/K=3/recurring/medium/slow/n/a/imbalanced/noisy,0.013763210224098987,-0.01673481243157493
scn-747af55be1fa,1827857025,DDM,0.9255758875706593,0.07866695699976844,3,3.0,3.0,1.0,2.0,2.0,0.0,0.3333333333333333,0.3333333333333333,0.3333333333333333,0.6666666666666667,2247.0,2247.0,15229.5,15229.5,2.259234534935469,2.259234534935469,0.0656620374930234,30459.0,hyperplane_gauss,45757,19,0.2069566320627928,0.03055975679308176,3,prior,gradual,2766,0.1896684782207012,1.0,True,medium,slow,prior/gradual/K=3/recurring/medium/slow/n/a/imbalanced/noisy,0.012735438032039692,-0.015707040239515635
scn-747af55be1fa,1827857025,EDDM,0.9190294255647161,0.07259140199994363,4,3.0,4.0,0.0,3.0,4.0,0.0,0.0,0.0,0.0,1.0,,,7614.75,7614.75,,,0.1313240749860468,30459.0,hyperplane_gauss,45757,19,0.2069566320627928,0.03055975679308176,3,prior,gradual,2766,0.1896684782207012,1.0,True,medium,slow,prior/gradual/K=3/recurring/medium/slow/n/a/imbalanced/noisy,0.006188976026096471,-0.009160578233572414
scn-747af55be1fa,1827857025,HDDM_A,0.9128404495386196,0.22014619299989135,0,3.0,0.0,0.0,3.0,0.0,0.0,,0.0,0.0,1.0,,,inf,30459.0,,,0.0,30459.0,hyperplane_gauss,45757,19,0.2069566320627928,0.03055975679308176,3,prior,gradual,2766,0.1896684782207012,1.0,True,medium,slow,prior/gradual/K=3/recurring/medium/slow/n/a/imbalanced/noisy,0.0,-0.002971602207475943
scn-747af55be1fa,1827857025,HDDM_W,0.9128404495386196,0.16536140700009128,0,3.0,0.0,0.0,3.0,0.0,0.0,,0.0,0.0,1.0,,,inf,30459.0,,,0.0,30459.0,hyperplane_gauss,45757,19,0.2069566320627928,0.03055975679308176,3,prior,gradual,2766,0.1896684782207012,1.0,True,medium,slow,prior/gradual/K=3/recurring/medium/slow/n/a/imbalanced/noisy,0.0,-0.002971602207475943
scn-747af55be1fa,1827857025,FHDDM,0.9128404495386196,0.06919021299972883,0,3.0,0.0,0.0,3.0,0.0,0.0,,0.0,0.0,1.0,,,inf,30459.0,,,0.0,30459.0,hyperplane_gauss,45757,19,0.2069566320627928,0.03055975679308176,3,prior,gradual,2766,0.1896684782207012,1.0,True,medium,slow,prior/gradual/K=3/recurring/medium/slow/n/a/imbalanced/noisy,0.0,-0.002971602207475943
scn-747af55be1fa,1827857025,NoDrift,0.9128404495386196,0.0545557559998997,0,3.0,0.0,0.0,3.0,0.0,0.0,,0.0,0.0,1.0,,,inf,30459.0,,,0.0,30459.0,hyperplane_gauss,45757,19,0.2069566320627928,0.03055975679308176,3,prior,gradual,2766,0.1896684782207012,1.0,True,medium,slow,prior/gradual/K=3/recurring/medium/slow/n/a/imbalanced/noisy,0.0,-0.002971602207475943
scn-747af55be1fa,1827857025,Periodic(2000),0.879437853296691,0.05873703999986901,22,3.0,22.0,3.0,0.0,15.0,4.0,0.13636363636363635,1.0,0.24000000000000002,0.0,671.6666666666666,924.0,2030.6,2030.6,3.023225806451613,3.023225806451613,0.4924652811976756,30459.0,hyperplane_gauss,45757,19,0.2069566320627928,0.03055975679308176,3,prior,gradual,2766,0.1896684782207012,1.0,True,medium,slow,prior/gradual/K=3/recurring/medium/slow/n/a/imbalanced/noisy,-0.03340259624192865,0.030430994034452707
scn-747af55be1fa,1827857025,Oracle,0.9098688473311437,0.06025223799997548,3,3.0,3.0,3.0,0.0,0.0,0.0,1.0,1.0,1.0,0.0,1384.0,1384.0,inf,30459.0,inf,22.00794797687861,0.0,30459.0,hyperplane_gauss,45757,19,0.2069566320627928,0.03055975679308176,3,prior,gradual,2766,0.1896684782207012,1.0,True,medium,slow,prior/gradual/K=3/recurring/medium/slow/n/a/imbalanced/noisy,-0.002971602207475943,-0.0
scn-747af55be1fa,1827857026,ADWIN,0.8776951091449382,0.0831497499998477,16,3.0,16.0,3.0,0.0,9.0,4.0,0.1875,1.0,0.3157894736842105,0.0,1423.6666666666667,1772.0,3384.3333333333335,3384.3333333333335,2.377195036291267,2.377195036291267,0.29547916871860536,30459.0,hyperplane_gauss,45757,19,0.2069566320627928,0.03055975679308176,3,prior,gradual,2766,0.1896684782207012,1.0,True,medium,slow,prior/gradual/K=3/recurring/medium/slow/n/a/imbalanced/noisy,-0.03541345487856651,0.03063207989811656
scn-747af55be1fa,1827857026,KSWIN,0.9131085640235047,9.456789130000288,0,3.0,0.0,0.0,3.0,0.0,0.0,,0.0,0.0,1.0,,,inf,30459.0,,,0.0,30459.0,hyperplane_gauss,45757,19,0.2069566320627928,0.03055975679308176,3,prior,gradual,2766,0.1896684782207012,1.0,True,medium,slow,prior/gradual/K=3/recurring/medium/slow/n/a/imbalanced/noisy,0.0,-0.004781374980449948
scn-747af55be1fa,1827857026,PageHinkley,0.8663449292848047,0.12809320499991372,30,3.0,30.0,2.0,1.0,22.0,6.0,0.06666666666666667,0.6666666666666666,0.1212121212121212,0.33333333333333337,1083.0,1083.0,1384.5,1384.5,0.8522622345337025,0.8522622345337025,0.7222824124232575,30459.0,hyperplane_gauss,45757,19,0.2069566320627928,0.03055975679308176,3,prior,gradual,2766,0.1896684782207012,1.0,True,medium,slow,prior/gradual/K=3/recurring/medium/slow/n/a/imbalanced/noisy,-0.046763634738700044,0.041982259758250096
scn-747af55be1fa,1827857026,PageHinkley-up,0.9260450879192081,0.07750966699995843,2,3.0,2.0,1.0,2.0,1.0,0.0,0.5,0.3333333333333333,0.4,0.6666666666666667,1417.0,1417.0,30459.0,30459.0,7.165137614678898,7.165137614678898,0.0328310187465117,30459.0,hyperplane_gauss,45757,19,0.2069566320627928,0.03055975679308176,3,prior,gradual,2766,0.1896684782207012,1.0,True,medium,slow,prior/gradual/K=3/recurring/medium/slow/n/a/imbalanced/noisy,0.012936523895703433,-0.017717898876153382
scn-747af55be1fa,1827857026,DDM,0.9276090890810376,0.07759054199959792,2,3.0,2.0,1.0,2.0,1.0,0.0,0.5,0.3333333333333333,0.4,0.6666666666666667,1390.0,1390.0,30459.0,30459.0,7.304316546762589,7.304316546762589,0.0328310187465117,30459.0,hyperplane_gauss,45757,19,0.2069566320627928,0.03055975679308176,3,prior,gradual,2766,0.1896684782207012,1.0,True,medium,slow,prior/gradual/K=3/recurring/medium/slow/n/a/imbalanced/noisy,0.014500525057532854,-0.019281900037982802
scn-747af55be1fa,1827857026,EDDM,0.9227383426056259,0.06522022299986929,1,3.0,1.0,0.0,3.0,1.0,0.0,0.0,0.0,0.0,1.0,,,30459.0,30459.0,,,0.0328310187465117,30459.0,hyperplane_gauss,45757,19,0.2069566320627928,0.03055975679308176,3,prior,gradual,2766,0.1896684782207012,1.0,True,medium,slow,prior/gradual/K=3/recurring/medium/slow/n/a/imbalanced/noisy,0.009629778582121218,-0.014411153562571166
scn-747af55be1fa,1827857026,HDDM_A,0.9283687467882119,0.2326583680001022,1,3.0,1.0,0.0,3.0,1.0,0.0,0.0,0.0,0.0,1.0,,,30459.0,30459.0,,,0.0328310187465117,30459.0,hyperplane_gauss,45757,19,0.2069566320627928,0.03055975679308176,3,prior,gradual,2766,0.1896684782207012,1.0,True,medium,slow,prior/gradual/K=3/recurring/medium/slow/n/a/imbalanced/noisy,0.015260182764707197,-0.020041557745157146
scn-747af55be1fa,1827857026,HDDM_W,0.9131085640235047,0.16976100400006544,0,3.0,0.0,0.0,3.0,0.0,0.0,,0.0,0.0,1.0,,,inf,30459.0,,,0.0,30459.0,hyperplane_gauss,45757,19,0.2069566320627928,0.03055975679308176,3,prior,gradual,2766,0.1896684782207012,1.0,True,medium,slow,prior/gradual/K=3/recurring/medium/slow/n/a/imbalanced/noisy,0.0,-0.004781374980449948
scn-747af55be1fa,1827857026,FHDDM,0.9131085640235047,0.06921746700027143,0,3.0,0.0,0.0,3.0,0.0,0.0,,0.0,0.0,1.0,,,inf,30459.0,,,0.0,30459.0,hyperplane_gauss,45757,19,0.2069566320627928,0.03055975679308176,3,prior,gradual,2766,0.1896684782207012,1.0,True,medium,slow,prior/gradual/K=3/recurring/medium/slow/n/a/imbalanced/noisy,0.0,-0.004781374980449948
scn-747af55be1fa,1827857026,NoDrift,0.9131085640235047,0.054763999999977386,0,3.0,0.0,0.0,3.0,0.0,0.0,,0.0,0.0,1.0,,,inf,30459.0,,,0.0,30459.0,hyperplane_gauss,45757,19,0.2069566320627928,0.03055975679308176,3,prior,gradual,2766,0.1896684782207012,1.0,True,medium,slow,prior/gradual/K=3/recurring/medium/slow/n/a/imbalanced/noisy,0.0,-0.004781374980449948
scn-747af55be1fa,1827857026,Periodic(2000),0.8786781955895168,0.05799924799975997,22,3.0,22.0,3.0,0.0,15.0,4.0,0.13636363636363635,1.0,0.24000000000000002,0.0,671.6666666666666,924.0,2030.6,2030.6,3.023225806451613,3.023225806451613,0.4924652811976756,30459.0,hyperplane_gauss,45757,19,0.2069566320627928,0.03055975679308176,3,prior,gradual,2766,0.1896684782207012,1.0,True,medium,slow,prior/gradual/K=3/recurring/medium/slow/n/a/imbalanced/noisy,-0.034430368433987946,0.029648993453537997
scn-747af55be1fa,1827857026,Oracle,0.9083271890430548,0.06131586000037714,3,3.0,3.0,3.0,0.0,0.0,0.0,1.0,1.0,1.0,0.0,1384.0,1384.0,inf,30459.0,inf,22.00794797687861,0.0,30459.0,hyperplane_gauss,45757,19,0.2069566320627928,0.03055975679308176,3,prior,gradual,2766,0.1896684782207012,1.0,True,medium,slow,prior/gradual/K=3/recurring/medium/slow/n/a/imbalanced/noisy,-0.004781374980449948,-0.0
scn-a242a869fc4f,1289673117,ADWIN,0.700780771586038,0.00983579900002951,0,1.0,0.0,0.0,1.0,0.0,0.0,,0.0,0.0,1.0,,,inf,11064.0,,,0.0,11064.0,hyperplane_gauss,14064,3,0.48146845446899533,0.2823743443004787,1,virtual,sudden,0,0.47506142541766166,0.7443756920595963,False,high,abrupt,virtual/sudden/K=1/high/abrupt/partial/balanced/noisy,0.0,-0.0030618493570117034
scn-a242a869fc4f,1289673117,KSWIN,0.700780771586038,2.7169765180001377,0,1.0,0.0,0.0,1.0,0.0,0.0,,0.0,0.0,1.0,,,inf,11064.0,,,0.0,11064.0,hyperplane_gauss,14064,3,0.48146845446899533,0.2823743443004787,1,virtual,sudden,0,0.47506142541766166,0.7443756920595963,False,high,abrupt,virtual/sudden/K=1/high/abrupt/partial/balanced/noisy,0.0,-0.0030618493570117034
scn-a242a869fc4f,1289673117,PageHinkley,0.6980251071647275,0.013228562999756832,1,1.0,1.0,0.0,1.0,1.0,0.0,0.0,0.0,0.0,1.0,,,11064.0,11064.0,,,0.09038322487346348,11064.0,hyperplane_gauss,14064,3,0.48146845446899533,0.2823743443004787,1,virtual,sudden,0,0.47506142541766166,0.7443756920595963,False,high,abrupt,virtual/sudden/K=1/high/abrupt/partial/balanced/noisy,-0.0027556644213104775,-0.00030618493570122585
scn-a242a869fc4f,1289673117,PageHinkley-up,0.6994029393753828,0.012628070999653573,1,1.0,1.0,0.0,1.0,1.0,0.0,0.0,0.0,0.0,1.0,,,11064.0,11064.0,,,0.09038322487346348,11064.0,hyperplane_gauss,14064,3,0.48146845446899533,0.2823743443004787,1,virtual,sudden,0,0.47506142541766166,0.7443756920595963,False,high,abrupt,virtual/sudden/K=1/high/abrupt/partial/balanced/noisy,-0.0013778322106552388,-0.0016840171463564646
scn-a242a869fc4f,1289673117,DDM,0.6996325780771586,0.01295781499993609,1,1.0,1.0,0.0,1.0,1.0,0.0,0.0,0.0,0.0,1.0,,,11064.0,11064.0,,,0.09038322487346348,11064.0,hyperplane_gauss,14064,3,0.48146845446899533,0.2823743443004787,1,virtual,sudden,0,0.47506142541766166,0.7443756920595963,False,high,abrupt,virtual/sudden/K=1/high/abrupt/partial/balanced/noisy,-0.0011481935088794026,-0.0019136558481323007
scn-a242a869fc4f,1289673117,EDDM,0.6992498469075321,0.011575459000141564,1,1.0,1.0,0.0,1.0,1.0,0.0,0.0,0.0,0.0,1.0,,,11064.0,11064.0,,,0.09038322487346348,11064.0,hyperplane_gauss,14064,3,0.48146845446899533,0.2823743443004787,1,virtual,sudden,0,0.47506142541766166,0.7443756920595963,False,high,abrupt,virtual/sudden/K=1/high/abrupt/partial/balanced/noisy,-0.0015309246785059072,-0.0015309246785057962
scn-a242a869fc4f,1289673117,HDDM_A,0.700780771586038,0.03923209000004135,0,1.0,0.0,0.0,1.0,0.0,0.0,,0.0,0.0,1.0,,,inf,11064.0,,,0.0,11064.0,hyperplane_gauss,14064,3,0.48146845446899533,0.2823743443004787,1,virtual,sudden,0,0.47506142541766166,0.7443756920595963,False,high,abrupt,virtual/sudden/K=1/high/abrupt/partial/balanced/noisy,0.0,-0.0030618493570117034
scn-a242a869fc4f,1289673117,HDDM_W,0.6966472749540723,0.0402203640001062,1,1.0,1.0,0.0,1.0,1.0,0.0,0.0,0.0,0.0,1.0,,,11064.0,11064.0,,,0.09038322487346348,11064.0,hyperplane_gauss,14064,3,0.48146845446899533,0.2823743443004787,1,virtual,sudden,0,0.47506142541766166,0.7443756920595963,False,high,abrupt,virtual/sudden/K=1/high/abrupt/partial/balanced/noisy,-0.004133496631965716,0.001071647274954013
scn-a242a869fc4f,1289673117,FHDDM,0.6978720146968769,0.011000196000168216,1,1.0,1.0,1.0,0.0,0.0,0.0,1.0,1.0,1.0,0.0,1314.0,1314.0,inf,11064.0,inf,8.420091324200913,0.0,11064.0,hyperplane_gauss,14064,3,0.48146845446899533,0.2823743443004787,1,virtual,sudden,0,0.47506142541766166,0.7443756920595963,False,high,abrupt,virtual/sudden/K=1/high/abrupt/partial/balanced/noisy,-0.002908756889161146,-0.0001530924678505574
scn-a242a869fc4f,1289673117,NoDrift,0.700780771586038,0.006296399999882851,0,1.0,0.0,0.0,1.0,0.0,0.0,,0.0,0.0,1.0,,,inf,11064.0,,,0.0,11064.0,hyperplane_gauss,14064,3,0.48146845446899533,0.2823743443004787,1,virtual,sudden,0,0.47506142541766166,0.7443756920595963,False,high,abrupt,virtual/sudden/K=1/high/abrupt/partial/balanced/noisy,0.0,-0.0030618493570117034
scn-a242a869fc4f,1289673117,Periodic(2000),0.6845529699938763,0.007114774000001489,6,1.0,6.0,1.0,0.0,5.0,0.0,0.16666666666666666,1.0,0.2857142857142857,0.0,468.0,468.0,2212.8,2212.8,4.728205128205128,4.728205128205128,0.45191612436731743,11064.0,hyperplane_gauss,14064,3,0.48146845446899533,0.2823743443004787,1,virtual,sudden,0,0.47506142541766166,0.7443756920595963,False,high,abrupt,virtual/sudden/K=1/high/abrupt/partial/balanced/noisy,-0.01622780159216175,0.013165952235150047
scn-a242a869fc4f,1289673117,Oracle,0.6977189222290263,0.007241092999720422,1,1.0,1.0,1.0,0.0,0.0,0.0,1.0,1.0,1.0,0.0,1.0,1.0,inf,11064.0,inf,11064.0,0.0,11064.0,hyperplane_gauss,14064,3,0.48146845446899533,0.2823743443004787,1,virtual,sudden,0,0.47506142541766166,0.7443756920595963,False,high,abrupt,virtual/sudden/K=1/high/abrupt/partial/balanced/noisy,-0.0030618493570117034,-0.0
scn-a242a869fc4f,1289673118,ADWIN,0.7043018983466014,0.009425845999885496,0,1.0,0.0,0.0,1.0,0.0,0.0,,0.0,0.0,1.0,,,inf,11064.0,,,0.0,11064.0,hyperplane_gauss,14064,3,0.48146845446899533,0.2823743443004787,1,virtual,sudden,0,0.47506142541766166,0.7443756920595963,False,high,abrupt,virtual/sudden/K=1/high/abrupt/partial/balanced/noisy,0.0,-0.005358236374770398
scn-a242a869fc4f,1289673118,KSWIN,0.7043018983466014,2.771343227000216,0,1.0,0.0,0.0,1.0,0.0,0.0,,0.0,0.0,1.0,,,inf,11064.0,,,0.0,11064.0,hyperplane_gauss,14064,3,0.48146845446899533,0.2823743443004787,1,virtual,sudden,0,0.47506142541766166,0.7443756920595963,False,high,abrupt,virtual/sudden/K=1/high/abrupt/partial/balanced/noisy,0.0,-0.005358236374770398
scn-a242a869fc4f,1289673118,PageHinkley,0.7043018983466014,0.012891398000192567,0,1.0,0.0,0.0,1.0,0.0,0.0,,0.0,0.0,1.0,,,inf,11064.0,,,0.0,11064.0,hyperplane_gauss,14064,3,0.48146845446899533,0.2823743443004787,1,virtual,sudden,0,0.47506142541766166,0.7443756920595963,False,high,abrupt,virtual/sudden/K=1/high/abrupt/partial/balanced/noisy,0.0,-0.005358236374770398
scn-a242a869fc4f,1289673118,PageHinkley-up,0.7043018983466014,0.012635649000003468,0,1.0,0.0,0.0,1.0,0.0,0.0,,0.0,0.0,1.0,,,inf,11064.0,,,0.0,11064.0,hyperplane_gauss,14064,3,0.48146845446899533,0.2823743443004787,1,virtual,sudden,0,0.47506142541766166,0.7443756920595963,False,high,abrupt,virtual/sudden/K=1/high/abrupt/partial/balanced/noisy,0.0,-0.005358236374770398
scn-a242a869fc4f,1289673118,DDM,0.7043018983466014,0.012294440000005125,0,1.0,0.0,0.0,1.0,0.0,0.0,,0.0,0.0,1.0,,,inf,11064.0,,,0.0,11064.0,hyperplane_gauss,14064,3,0.48146845446899533,0.2823743443004787,1,virtual,sudden,0,0.47506142541766166,0.7443756920595963,False,high,abrupt,virtual/sudden/K=1/high/abrupt/partial/balanced/noisy,0.0,-0.005358236374770398
scn-a242a869fc4f,1289673118,EDDM,0.6988671157379057,0.013187749000280746,3,1.0,3.0,0.0,1.0,3.0,0.0,0.0,0.0,0.0,1.0,,,3688.0,3688.0,,,0.27114967462039047,11064.0,hyperplane_gauss,14064,3,0.48146845446899533,0.2823743443004787,1,virtual,sudden,0,0.47506142541766166,0.7443756920595963,False,high,abrupt,virtual/sudden/K=1/high/abrupt/partial/balanced/noisy,-0.005434782608695676,7.65462339252787e-05
scn-a242a869fc4f,1289673118,HDDM_A,0.7043018983466014,0.03817269599994688,0,1.0,0.0,0.0,1.0,0.0,0.0,,0.0,0.0,1.0,,,inf,11064.0,,,0.0,11064.0,hyperplane_gauss,14064,3,0.48146845446899533,0.2823743443004787,1,virtual,sudden,0,0.47506142541766166,0.7443756920595963,False,high,abrupt,virtual/sudden/K=1/high/abrupt/partial/balanced/noisy,0.0,-0.005358236374770398
scn-a242a869fc4f,1289673118,HDDM_W,0.6950398040416411,0.04626157799975772,4,1.0,4.0,0.0,1.0,4.0,0.0,0.0,0.0,0.0,1.0,,,2766.0,2766.0,,,0.3615328994938539,11064.0,hyperplane_gauss,14064,3,0.48146845446899533,0.2823743443004787,1,virtual,sudden,0,0.47506142541766166,0.7443756920595963,False,high,abrupt,virtual/sudden/K=1/high/abrupt/partial/balanced/noisy,-0.009262094304960278,0.00390385793018988
scn-a242a869fc4f,1289673118,FHDDM,0.6929730557256583,0.011269653999988805,2,1.0,2.0,1.0,0.0,1.0,0.0,0.5,1.0,0.6666666666666666,0.0,1155.0,1155.0,11064.0,11064.0,9.57922077922078,9.57922077922078,0.09038322487346348,11064.0,hyperplane_gauss,14064,3,0.48146845446899533,0.2823743443004787,1,virtual,sudden,0,0.47506142541766166,0.7443756920595963,False,high,abrupt,virtual/sudden/K=1/high/abrupt/partial/balanced/noisy,-0.011328842620943136,0.005970606246172738
scn-a242a869fc4f,1289673118,NoDrift,0.7043018983466014,0.006398983000053704,0,1.0,0.0,0.0,1.0,0.0,0.0,,0.0,0.0,1.0,,,inf,11064.0,,,0.0,11064.0,hyperplane_gauss,14064,3,0.48146845446899533,0.2823743443004787,1,virtual,sudden,0,0.47506142541766166,0.7443756920595963,False,high,abrupt,virtual/sudden/K=1/high/abrupt/partial/balanced/noisy,0.0,-0.005358236374770398
scn-a242a869fc4f,1289673118,Periodic(2000),0.6824096754439681,0.007604252999954042,6,1.0,6.0,1.0,0.0,5.0,0.0,0.16666666666666666,1.0,0.2857142857142857,0.0,468.0,468.0,2212.8,2212.8,4.728205128205128,4.728205128205128,0.45191612436731743,11064.0,hyperplane_gauss,14064,3,0.48146845446899533,0.2823743443004787,1,virtual,sudden,0,0.47506142541766166,0.7443756920595963,False,high,abrupt,virtual/sudden/K=1/high/abrupt/partial/balanced/noisy,-0.021892222902633263,0.016533986527862865
scn-a242a869fc4f,1289673118,Oracle,0.698943661971831,0.0072998559999177814,1,1.0,1.0,1.0,0.0,0.0,0.0,1.0,1.0,1.0,0.0,1.0,1.0,inf,11064.0,inf,11064.0,0.0,11064.0,hyperplane_gauss,14064,3,0.48146845446899533,0.2823743443004787,1,virtual,sudden,0,0.47506142541766166,0.7443756920595963,False,high,abrupt,virtual/sudden/K=1/high/abrupt/partial/balanced/noisy,-0.005358236374770398,-0.0
scn-a242a869fc4f,1289673119,ADWIN,0.7069810165339865,0.00939797199998793,0,1.0,0.0,0.0,1.0,0.0,0.0,,0.0,0.0,1.0,,,inf,11064.0,,,0.0,11064.0,hyperplane_gauss,14064,3,0.48146845446899533,0.2823743443004787,1,virtual,sudden,0,0.47506142541766166,0.7443756920595963,False,high,abrupt,virtual/sudden/K=1/high/abrupt/partial/balanced/noisy,0.0,-0.0022198407838334155
scn-a242a869fc4f,1289673119,KSWIN,0.7069810165339865,2.7789241189998393,0,1.0,0.0,0.0,1.0,0.0,0.0,,0.0,0.0,1.0,,,inf,11064.0,,,0.0,11064.0,hyperplane_gauss,14064,3,0.48146845446899533,0.2823743443004787,1,virtual,sudden,0,0.47506142541766166,0.7443756920595963,False,high,abrupt,virtual/sudden/K=1/high/abrupt/partial/balanced/noisy,0.0,-0.0022198407838334155
scn-a242a869fc4f,1289673119,PageHinkley,0.7069810165339865,0.01290242400000352,0,1.0,0.0,0.0,1.0,0.0,0.0,,0.0,0.0,1.0,,,inf,11064.0,,,0.0,11064.0,hyperplane_gauss,14064,3,0.48146845446899533,0.2823743443004787,1,virtual,sudden,0,0.47506142541766166,0.7443756920595963,False,high,abrupt,virtual/sudden/K=1/high/abrupt/partial/balanced/noisy,0.0,-0.0022198407838334155
scn-a242a869fc4f,1289673119,PageHinkley-up,0.7069810165339865,0.012687495999671228,0,1.0,0.0,0.0,1.0,0.0,0.0,,0.0,0.0,1.0,,,inf,11064.0,,,0.0,11064.0,hyperplane_gauss,14064,3,0.48146845446899533,0.2823743443004787,1,virtual,sudden,0,0.47506142541766166,0.7443756920595963,False,high,abrupt,virtual/sudden/K=1/high/abrupt/partial/balanced/noisy,0.0,-0.0022198407838334155
scn-a242a869fc4f,1289673119,DDM,0.7069810165339865,0.01254077400017195,0,1.0,0.0,0.0,1.0,0.0,0.0,,0.0,0.0,1.0,,,inf,11064.0,,,0.0,11064.0,hyperplane_gauss,14064,3,0.48146845446899533,0.2823743443004787,1,virtual,sudden,0,0.47506142541766166,0.7443756920595963,False,high,abrupt,virtual/sudden/K=1/high/abrupt/partial/balanced/noisy,0.0,-0.0022198407838334155
scn-a242a869fc4f,1289673119,EDDM,0.6964941824862216,0.014218348999747832,5,1.0,5.0,0.0,1.0,5.0,0.0,0.0,0.0,0.0,1.0,,,2212.8,2212.8,,,0.45191612436731743,11064.0,hyperplane_gauss,14064,3,0.48146845446899533,0.2823743443004787,1,virtual,sudden,0,0.47506142541766166,0.7443756920595963,False,high,abrupt,virtual/sudden/K=1/high/abrupt/partial/balanced/noisy,-0.010486834047764848,0.008266993263931433
scn-a242a869fc4f,1289673119,HDDM_A,0.7069810165339865,0.03839105600036419,0,1.0,0.0,0.0,1.0,0.0,0.0,,0.0,0.0,1.0,,,inf,11064.0,,,0.0,11064.0,hyperplane_gauss,14064,3,0.48146845446899533,0.2823743443004787,1,virtual,sudden,0,0.47506142541766166,0.7443756920595963,False,high,abrupt,virtual/sudden/K=1/high/abrupt/partial/balanced/noisy,0.0,-0.0022198407838334155
scn-a242a869fc4f,1289673119,HDDM_W,0.6940447030006124,0.04174528400017152,2,1.0,2.0,0.0,1.0,2.0,0.0,0.0,0.0,0.0,1.0,,,5532.0,5532.0,,,0.18076644974692696,11064.0,hyperplane_gauss,14064,3,0.48146845446899533,0.2823743443004787,1,virtual,sudden,0,0.47506142541766166,0.7443756920595963,False,high,abrupt,virtual/sudden/K=1/high/abrupt/partial/balanced/noisy,-0.0129363135333741,0.010716472749540684
scn-a242a869fc4f,1289673119,FHDDM,0.6996325780771586,0.011326257999826339,1,1.0,1.0,0.0,1.0,1.0,0.0,0.0,0.0,0.0,1.0,,,11064.0,11064.0,,,0.09038322487346348,11064.0,hyperplane_gauss,14064,3,0.48146845446899533,0.2823743443004787,1,virtual,sudden,0,0.47506142541766166,0.7443756920595963,False,high,abrupt,virtual/sudden/K=1/high/abrupt/partial/balanced/noisy,-0.007348438456827866,0.0051285976729944505
scn-a242a869fc4f,1289673119,NoDrift,0.7069810165339865,0.0063647369997852365,0,1.0,0.0,0.0,1.0,0.0,0.0,,0.0,0.0,1.0,,,inf,11064.0,,,0.0,11064.0,hyperplane_gauss,14064,3,0.48146845446899533,0.2823743443004787,1,virtual,sudden,0,0.47506142541766166,0.7443756920595963,False,high,abrupt,virtual/sudden/K=1/high/abrupt/partial/balanced/noisy,0.0,-0.0022198407838334155
scn-a242a869fc4f,1289673119,Periodic(2000),0.6829454990814452,0.00718735399959769,6,1.0,6.0,1.0,0.0,5.0,0.0,0.16666666666666666,1.0,0.2857142857142857,0.0,468.0,468.0,2212.8,2212.8,4.728205128205128,4.728205128205128,0.45191612436731743,11064.0,hyperplane_gauss,14064,3,0.48146845446899533,0.2823743443004787,1,virtual,sudden,0,0.47506142541766166,0.7443756920595963,False,high,abrupt,virtual/sudden/K=1/high/abrupt/partial/balanced/noisy,-0.02403551745254129,0.021815676668707873
scn-a242a869fc4f,1289673119,Oracle,0.7047611757501531,0.00733184099999562,1,1.0,1.0,1.0,0.0,0.0,0.0,1.0,1.0,1.0,0.0,1.0,1.0,inf,11064.0,inf,11064.0,0.0,11064.0,hyperplane_gauss,14064,3,0.48146845446899533,0.2823743443004787,1,virtual,sudden,0,0.47506142541766166,0.7443756920595963,False,high,abrupt,virtual/sudden/K=1/high/abrupt/partial/balanced/noisy,-0.0022198407838334155,-0.0
scn-32efffca8c07,1158337952,ADWIN,0.8567067530064755,0.07203847900018445,0,2.0,0.0,0.0,2.0,0.0,0.0,,0.0,0.0,1.0,,,inf,16706.0,,,0.0,16706.0,hyperplane_gauss,22620,50,0.05081807374954224,0.10477132229134441,2,real,incremental,457,0.06187933594523767,0.47204398512840273,False,low,fast,real/incremental/K=2/low/fast/partial/imbalanced/noisy,0.0,-0.0013876040703052483
scn-32efffca8c07,1158337952,KSWIN,0.8567067530064755,4.579863094999837,0,2.0,0.0,0.0,2.0,0.0,0.0,,0.0,0.0,1.0,,,inf,16706.0,,,0.0,16706.0,hyperplane_gauss,22620,50,0.05081807374954224,0.10477132229134441,2,real,incremental,457,0.06187933594523767,0.47204398512840273,False,low,fast,real/incremental/K=2/low/fast/partial/imbalanced/noisy,0.0,-0.0013876040703052483
scn-32efffca8c07,1158337952,PageHinkley,0.8555966697502313,0.08060200699992492,1,2.0,1.0,1.0,1.0,0.0,0.0,1.0,0.5,0.6666666666666666,0.5,1593.0,1593.0,inf,16706.0,inf,5.243565599497803,0.0,16706.0,hyperplane_gauss,22620,50,0.05081807374954224,0.10477132229134441,2,real,incremental,457,0.06187933594523767,0.47204398512840273,False,low,fast,real/incremental/K=2/low/fast/partial/imbalanced/noisy,-0.0011100832562441765,-0.0002775208140610719
scn-32efffca8c07,1158337952,PageHinkley-up,0.8555966697502313,0.07925726700023006,1,2.0,1.0,1.0,1.0,0.0,0.0,1.0,0.5,0.6666666666666666,0.5,1593.0,1593.0,inf,16706.0,inf,5.243565599497803,0.0,16706.0,hyperplane_gauss,22620,50,0.05081807374954224,0.10477132229134441,2,real,incremental,457,0.06187933594523767,0.47204398512840273,False,low,fast,real/incremental/K=2/low/fast/partial/imbalanced/noisy,-0.0011100832562441765,-0.0002775208140610719
scn-32efffca8c07,1158337952,DDM,0.8556891766882516,0.08169942400036234,1,2.0,1.0,0.0,2.0,1.0,0.0,0.0,0.0,0.0,1.0,,,16706.0,16706.0,,,0.05985873338920149,16706.0,hyperplane_gauss,22620,50,0.05081807374954224,0.10477132229134441,2,real,incremental,457,0.06187933594523767,0.47204398512840273,False,low,fast,real/incremental/K=2/low/fast/partial/imbalanced/noisy,-0.0010175763182238562,-0.00037002775208139216
scn-32efffca8c07,1158337952,EDDM,0.8399629972247918,0.3535102989999359,53,2.0,53.0,1.0,1.0,42.0,10.0,0.018867924528301886,0.5,0.03636363636363636,0.5,337.0,337.0,397.76190476190476,397.76190476190476,0.5901511940087608,0.5901511940087608,2.5140668023464623,16706.0,hyperplane_gauss,22620,50,0.05081807374954224,0.10477132229134441,2,real,incremental,457,0.06187933594523767,0.47204398512840273,False,low,fast,real/incremental/K=2/low/fast/partial/imbalanced/noisy,-0.016743755781683634,0.015356151711378385
scn-32efffca8c07,1158337952,HDDM_A,0.8567067530064755,0.12079649299994344,0,2.0,0.0,0.0,2.0,0.0,0.0,,0.0,0.0,1.0,,,inf,16706.0,,,0.0,16706.0,hyperplane_gauss,22620,50,0.05081807374954224,0.10477132229134441,2,real,incremental,457,0.06187933594523767,0.47204398512840273,False,low,fast,real/incremental/K=2/low/fast/partial/imbalanced/noisy,0.0,-0.0013876040703052483
scn-32efffca8c07,1158337952,HDDM_W,0.8567067530064755,0.13404461800018908,0,2.0,0.0,0.0,2.0,0.0,0.0,,0.0,0.0,1.0,,,inf,16706.0,,,0.0,16706.0,hyperplane_gauss,22620,50,0.05081807374954224,0.10477132229134441,2,real,incremental,457,0.06187933594523767,0.47204398512840273,False,low,fast,real/incremental/K=2/low/fast/partial/imbalanced/noisy,0.0,-0.0013876040703052483
scn-32efffca8c07,1158337952,FHDDM,0.8567067530064755,0.07445789599978525,0,2.0,0.0,0.0,2.0,0.0,0.0,,0.0,0.0,1.0,,,inf,16706.0,,,0.0,16706.0,hyperplane_gauss,22620,50,0.05081807374954224,0.10477132229134441,2,real,incremental,457,0.06187933594523767,0.47204398512840273,False,low,fast,real/incremental/K=2/low/fast/partial/imbalanced/noisy,0.0,-0.0013876040703052483
scn-32efffca8c07,1158337952,NoDrift,0.8567067530064755,0.06709839799987094,0,2.0,0.0,0.0,2.0,0.0,0.0,,0.0,0.0,1.0,,,inf,16706.0,,,0.0,16706.0,hyperplane_gauss,22620,50,0.05081807374954224,0.10477132229134441,2,real,incremental,457,0.06187933594523767,0.47204398512840273,False,low,fast,real/incremental/K=2/low/fast/partial/imbalanced/noisy,0.0,-0.0013876040703052483
scn-32efffca8c07,1158337952,Periodic(2000),0.8456984273820537,0.07147860899976877,10,2.0,10.0,2.0,0.0,8.0,0.0,0.2,1.0,0.33333333333333337,0.0,1419.0,1419.0,2088.25,2088.25,1.4716349541930938,1.4716349541930938,0.4788698671136119,16706.0,hyperplane_gauss,22620,50,0.05081807374954224,0.10477132229134441,2,real,incremental,457,0.06187933594523767,0.47204398512840273,False,low,fast,real/incremental/K=2/low/fast/partial/imbalanced/noisy,-0.011008325624421778,0.00962072155411653
scn-32efffca8c07,1158337952,Oracle,0.8553191489361702,0.07461079399990922,2,2.0,2.0,2.0,0.0,0.0,0.0,1.0,1.0,1.0,0.0,229.0,229.0,inf,16706.0,inf,72.95196506550218,0.0,16706.0,hyperplane_gauss,22620,50,0.05081807374954224,0.10477132229134441,2,real,incremental,457,0.06187933594523767,0.47204398512840273,False,low,fast,real/incremental/K=2/low/fast/partial/imbalanced/noisy,-0.0013876040703052483,-0.0
scn-32efffca8c07,1158337953,ADWIN,0.8605920444033303,0.07230785100000503,0,2.0,0.0,0.0,2.0,0.0,0.0,,0.0,0.0,1.0,,,inf,16706.0,,,0.0,16706.0,hyperplane_gauss,22620,50,0.05081807374954224,0.10477132229134441,2,real,incremental,457,0.06187933594523767,0.47204398512840273,False,low,fast,real/incremental/K=2/low/fast/partial/imbalanced/noisy,0.0,9.250693802032028e-05
scn-32efffca8c07,1158337953,KSWIN,0.8605920444033303,4.572137350000048,0,2.0,0.0,0.0,2.0,0.0,0.0,,0.0,0.0,1.0,,,inf,16706.0,,,0.0,16706.0,hyperplane_gauss,22620,50,0.05081807374954224,0.10477132229134441,2,real,incremental,457,0.06187933594523767,0.47204398512840273,False,low,fast,real/incremental/K=2/low/fast/partial/imbalanced/noisy,0.0,9.250693802032028e-05
scn-32efffca8c07,1158337953,PageHinkley,0.8605920444033303,0.0779485369998838,0,2.0,0.0,0.0,2.0,0.0,0.0,,0.0,0.0,1.0,,,inf,16706.0,,,0.0,16706.0,hyperplane_gauss,22620,50,0.05081807374954224,0.10477132229134441,2,real,incremental,457,0.06187933594523767,0.47204398512840273,False,low,fast,real/incremental/K=2/low/fast/partial/imbalanced/noisy,0.0,9.250693802032028e-05
scn-32efffca8c07,1158337953,PageHinkley-up,0.8605920444033303,0.07696472799989351,0,2.0,0.0,0.0,2.0,0.0,0.0,,0.0,0.0,1.0,,,inf,16706.0,,,0.0,16706.0,hyperplane_gauss,22620,50,0.05081807374954224,0.10477132229134441,2,real,incremental,457,0.06187933594523767,0.47204398512840273,False,low,fast,real/incremental/K=2/low/fast/partial/imbalanced/noisy,0.0,9.250693802032028e-05
scn-32efffca8c07,1158337953,DDM,0.8600370027752081,0.07859304400017209,1,2.0,1.0,0.0,2.0,1.0,0.0,0.0,0.0,0.0,1.0,,,16706.0,16706.0,,,0.05985873338920149,16706.0,hyperplane_gauss,22620,50,0.05081807374954224,0.10477132229134441,2,real,incremental,457,0.06187933594523767,0.47204398512840273,False,low,fast,real/incremental/K=2/low/fast/partial/imbalanced/noisy,-0.0005550416281221437,0.000647548566142464
scn-32efffca8c07,1158337953,EDDM,0.8560129509713228,0.14835339100000056,15,2.0,15.0,0.0,2.0,15.0,0.0,0.0,0.0,0.0,1.0,,,1113.7333333333333,1113.7333333333333,,,0.8978810008380222,16706.0,hyperplane_gauss,22620,50,0.05081807374954224,0.10477132229134441,2,real,incremental,457,0.06187933594523767,0.47204398512840273,False,low,fast,real/incremental/K=2/low/fast/partial/imbalanced/noisy,-0.004579093432007464,0.004671600370027784
scn-32efffca8c07,1158337953,HDDM_A,0.8605920444033303,0.12292242399962561,0,2.0,0.0,0.0,2.0,0.0,0.0,,0.0,0.0,1.0,,,inf,16706.0,,,0.0,16706.0,hyperplane_gauss,22620,50,0.05081807374954224,0.10477132229134441,2,real,incremental,457,0.06187933594523767,0.47204398512840273,False,low,fast,real/incremental/K=2/low/fast/partial/imbalanced/noisy,0.0,9.250693802032028e-05
scn-32efffca8c07,1158337953,HDDM_W,0.8605920444033303,0.12080976799961718,0,2.0,0.0,0.0,2.0,0.0,0.0,,0.0,0.0,1.0,,,inf,16706.0,,,0.0,16706.0,hyperplane_gauss,22620,50,0.05081807374954224,0.10477132229134441,2,real,incremental,457,0.06187933594523767,0.47204398512840273,False,low,fast,real/incremental/K=2/low/fast/partial/imbalanced/noisy,0.0,9.250693802032028e-05
scn-32efffca8c07,1158337953,FHDDM,0.8605920444033303,0.07376417900013621,0,2.0,0.0,0.0,2.0,0.0,0.0,,0.0,0.0,1.0,,,inf,16706.0,,,0.0,16706.0,hyperplane_gauss,22620,50,0.05081807374954224,0.10477132229134441,2,real,incremental,457,0.06187933594523767,0.47204398512840273,False,low,fast,real/incremental/K=2/low/fast/partial/imbalanced/noisy,0.0,9.250693802032028e-05
scn-32efffca8c07,1158337953,NoDrift,0.8605920444033303,0.0666703309998411,0,2.0,0.0,0.0,2.0,0.0,0.0,,0.0,0.0,1.0,,,inf,16706.0,,,0.0,16706.0,hyperplane_gauss,22620,50,0.05081807374954224,0.10477132229134441,2,real,incremental,457,0.06187933594523767,0.47204398512840273,False,low,fast,real/incremental/K=2/low/fast/partial/imbalanced/noisy,0.0,9.250693802032028e-05
scn-32efffca8c07,1158337953,Periodic(2000),0.8518038852913968,0.07217969699968307,10,2.0,10.0,2.0,0.0,8.0,0.0,0.2,1.0,0.33333333333333337,0.0,1419.0,1419.0,2088.25,2088.25,1.4716349541930938,1.4716349541930938,0.4788698671136119,16706.0,hyperplane_gauss,22620,50,0.05081807374954224,0.10477132229134441,2,real,incremental,457,0.06187933594523767,0.47204398512840273,False,low,fast,real/incremental/K=2/low/fast/partial/imbalanced/noisy,-0.008788159111933425,0.008880666049953745
scn-32efffca8c07,1158337953,Oracle,0.8606845513413506,0.07362268599990784,2,2.0,2.0,2.0,0.0,0.0,0.0,1.0,1.0,1.0,0.0,229.0,229.0,inf,16706.0,inf,72.95196506550218,0.0,16706.0,hyperplane_gauss,22620,50,0.05081807374954224,0.10477132229134441,2,real,incremental,457,0.06187933594523767,0.47204398512840273,False,low,fast,real/incremental/K=2/low/fast/partial/imbalanced/noisy,9.250693802032028e-05,-0.0
scn-32efffca8c07,1158337954,ADWIN,0.8574930619796485,0.07178134700006922,0,2.0,0.0,0.0,2.0,0.0,0.0,,0.0,0.0,1.0,,,inf,16706.0,,,0.0,16706.0,hyperplane_gauss,22620,50,0.05081807374954224,0.10477132229134441,2,real,incremental,457,0.06187933594523767,0.47204398512840273,False,low,fast,real/incremental/K=2/low/fast/partial/imbalanced/noisy,0.0,0.0008325624421832156
scn-32efffca8c07,1158337954,KSWIN,0.8574930619796485,4.713039503000346,0,2.0,0.0,0.0,2.0,0.0,0.0,,0.0,0.0,1.0,,,inf,16706.0,,,0.0,16706.0,hyperplane_gauss,22620,50,0.05081807374954224,0.10477132229134441,2,real,incremental,457,0.06187933594523767,0.47204398512840273,False,low,fast,real/incremental/K=2/low/fast/partial/imbalanced/noisy,0.0,0.0008325624421832156
scn-32efffca8c07,1158337954,PageHinkley,0.8574930619796485,0.08125019499993869,0,2.0,0.0,0.0,2.0,0.0,0.0,,0.0,0.0,1.0,,,inf,16706.0,,,0.0,16706.0,hyperplane_gauss,22620,50,0.05081807374954224,0.10477132229134441,2,real,incremental,457,0.06187933594523767,0.47204398512840273,False,low,fast,real/incremental/K=2/low/fast/partial/imbalanced/noisy,0.0,0.0008325624421832156
scn-32efffca8c07,1158337954,PageHinkley-up,0.8574930619796485,0.07977882900013356,0,2.0,0.0,0.0,2.0,0.0,0.0,,0.0,0.0,1.0,,,inf,16706.0,,,0.0,16706.0,hyperplane_gauss,22620,50,0.05081807374954224,0.10477132229134441,2,real,incremental,457,0.06187933594523767,0.47204398512840273,False,low,fast,real/incremental/K=2/low/fast/partial/imbalanced/noisy,0.0,0.0008325624421832156
scn-32efffca8c07,1158337954,DDM,0.8574930619796485,0.08134961199993995,0,2.0,0.0,0.0,2.0,0.0,0.0,,0.0,0.0,1.0,,,inf,16706.0,,,0.0,16706.0,hyperplane_gauss,22620,50,0.05081807374954224,0.10477132229134441,2,real,incremental,457,0.06187933594523767,0.47204398512840273,False,low,fast,real/incremental/K=2/low/fast/partial/imbalanced/noisy,0.0,0.0008325624421832156
scn-32efffca8c07,1158337954,EDDM,0.8500462534690102,0.24094186799993622,30,2.0,30.0,1.0,1.0,23.0,6.0,0.03333333333333333,0.5,0.0625,0.5,171.0,171.0,726.3478260869565,726.3478260869565,2.123824052885838,2.123824052885838,1.376750867951634,16706.0,hyperplane_gauss,22620,50,0.05081807374954224,0.10477132229134441,2,real,incremental,457,0.06187933594523767,0.47204398512840273,False,low,fast,real/incremental/K=2/low/fast/partial/imbalanced/noisy,-0.007446808510638281,0.008279370952821496
scn-32efffca8c07,1158337954,HDDM_A,0.8574930619796485,0.12546815200039418,0,2.0,0.0,0.0,2.0,0.0,0.0,,0.0,0.0,1.0,,,inf,16706.0,,,0.0,16706.0,hyperplane_gauss,22620,50,0.05081807374954224,0.10477132229134441,2,real,incremental,457,0.06187933594523767,0.47204398512840273,False,low,fast,real/incremental/K=2/low/fast/partial/imbalanced/noisy,0.0,0.0008325624421832156
scn-32efffca8c07,1158337954,HDDM_W,0.8574930619796485,0.12284090499997546,0,2.0,0.0,0.0,2.0,0.0,0.0,,0.0,0.0,1.0,,,inf,16706.0,,,0.0,16706.0,hyperplane_gauss,22620,50,0.05081807374954224,0.10477132229134441,2,real,incremental,457,0.06187933594523767,0.47204398512840273,False,low,fast,real/incremental/K=2/low/fast/partial/imbalanced/noisy,0.0,0.0008325624421832156
scn-32efffca8c07,1158337954,FHDDM,0.8574930619796485,0.07631748399990101,0,2.0,0.0,0.0,2.0,0.0,0.0,,0.0,0.0,1.0,,,inf,16706.0,,,0.0,16706.0,hyperplane_gauss,22620,50,0.05081807374954224,0.10477132229134441,2,real,incremental,457,0.06187933594523767,0.47204398512840273,False,low,fast,real/incremental/K=2/low/fast/partial/imbalanced/noisy,0.0,0.0008325624421832156
scn-32efffca8c07,1158337954,NoDrift,0.8574930619796485,0.06930572500004928,0,2.0,0.0,0.0,2.0,0.0,0.0,,0.0,0.0,1.0,,,inf,16706.0,,,0.0,16706.0,hyperplane_gauss,22620,50,0.05081807374954224,0.10477132229134441,2,real,incremental,457,0.06187933594523767,0.47204398512840273,False,low,fast,real/incremental/K=2/low/fast/partial/imbalanced/noisy,0.0,0.0008325624421832156
scn-32efffca8c07,1158337954,Periodic(2000),0.8486123959296947,0.0742925199997444,10,2.0,10.0,2.0,0.0,8.0,0.0,0.2,1.0,0.33333333333333337,0.0,1419.0,1419.0,2088.25,2088.25,1.4716349541930938,1.4716349541930938,0.4788698671136119,16706.0,hyperplane_gauss,22620,50,0.05081807374954224,0.10477132229134441,2,real,incremental,457,0.06187933594523767,0.47204398512840273,False,low,fast,real/incremental/K=2/low/fast/partial/imbalanced/noisy,-0.008880666049953745,0.00971322849213696
scn-32efffca8c07,1158337954,Oracle,0.8583256244218317,0.07661623700005293,2,2.0,2.0,2.0,0.0,0.0,0.0,1.0,1.0,1.0,0.0,229.0,229.0,inf,16706.0,inf,72.95196506550218,0.0,16706.0,hyperplane_gauss,22620,50,0.05081807374954224,0.10477132229134441,2,real,incremental,457,0.06187933594523767,0.47204398512840273,False,low,fast,real/incremental/K=2/low/fast/partial/imbalanced/noisy,0.0008325624421832156,-0.0
scn-be6279b4bee9,780594871,ADWIN,0.7611812481007763,0.034117002000130014,0,5.0,0.0,0.0,5.0,0.0,0.0,,0.0,0.0,1.0,,,inf,26199.0,,,0.0,26199.0,hyperplane_gauss,37199,7,0.352841314021498,0.21036003101617098,5,virtual,sudden,0,0.08965697124600411,0.9686825874128512,True,low,abrupt,virtual/sudden/K=5/recurring/low/abrupt/partial/imbalanced/noisy,0.0,-0.01193403132683224
scn-be6279b4bee9,780594871,KSWIN,0.7570651122959198,7.697103715000139,2,5.0,2.0,0.0,5.0,2.0,0.0,0.0,0.0,0.0,1.0,,,13099.5,13099.5,,,0.07633879155692966,26199.0,hyperplane_gauss,37199,7,0.352841314021498,0.21036003101617098,5,virtual,sudden,0,0.08965697124600411,0.9686825874128512,True,low,abrupt,virtual/sudden/K=5/recurring/low/abrupt/partial/imbalanced/noisy,-0.00411613580485648,-0.00781789552197576
scn-be6279b4bee9,780594871,PageHinkley,0.7453244564766982,0.047800998000184336,10,5.0,10.0,2.0,3.0,7.0,1.0,0.2,0.4,0.26666666666666666,0.6,677.0,677.0,3742.714285714286,3742.714285714286,2.2113526060350286,2.2113526060350286,0.2671857704492538,26199.0,hyperplane_gauss,37199,7,0.352841314021498,0.21036003101617098,5,virtual,sudden,0,0.08965697124600411,0.9686825874128512,True,low,abrupt,virtual/sudden/K=5/recurring/low/abrupt/partial/imbalanced/noisy,-0.015856791624078048,0.003922760297245809
scn-be6279b4bee9,780594871,PageHinkley-up,0.7589436172269952,0.04186979800033441,1,5.0,1.0,0.0,5.0,1.0,0.0,0.0,0.0,0.0,1.0,,,26199.0,26199.0,,,0.03816939577846483,26199.0,hyperplane_gauss,37199,7,0.352841314021498,0.21036003101617098,5,virtual,sudden,0,0.08965697124600411,0.9686825874128512,True,low,abrupt,virtual/sudden/K=5/recurring/low/abrupt/partial/imbalanced/noisy,-0.002237630873781038,-0.009696400453051202
scn-be6279b4bee9,780594871,DDM,0.7611812481007763,0.04116492899993318,0,5.0,0.0,0.0,5.0,0.0,0.0,,0.0,0.0,1.0,,,inf,26199.0,,,0.0,26199.0,hyperplane_gauss,37199,7,0.352841314021498,0.21036003101617098,5,virtual,sudden,0,0.08965697124600411,0.9686825874128512,True,low,abrupt,virtual/sudden/K=5/recurring/low/abrupt/partial/imbalanced/noisy,0.0,-0.01193403132683224
scn-be6279b4bee9,780594871,EDDM,0.7579491146164259,0.03771911900003033,2,5.0,2.0,0.0,5.0,2.0,0.0,0.0,0.0,0.0,1.0,,,13099.5,13099.5,,,0.07633879155692966,26199.0,hyperplane_gauss,37199,7,0.352841314021498,0.21036003101617098,5,virtual,sudden,0,0.08965697124600411,0.9686825874128512,True,low,abrupt,virtual/sudden/K=5/recurring/low/abrupt/partial/imbalanced/noisy,-0.0032321334843503635,-0.008701897842481876
scn-be6279b4bee9,780594871,HDDM_A,0.7611812481007763,0.10650476600039838,0,5.0,0.0,0.0,5.0,0.0,0.0,,0.0,0.0,1.0,,,inf,26199.0,,,0.0,26199.0,hyperplane_gauss,37199,7,0.352841314021498,0.21036003101617098,5,virtual,sudden,0,0.08965697124600411,0.9686825874128512,True,low,abrupt,virtual/sudden/K=5/recurring/low/abrupt/partial/imbalanced/noisy,0.0,-0.01193403132683224
scn-be6279b4bee9,780594871,HDDM_W,0.7563192353379927,0.11938336200000776,3,5.0,3.0,1.0,4.0,2.0,0.0,0.3333333333333333,0.2,0.25,0.8,428.0,428.0,13099.5,13099.5,6.12126168224299,6.12126168224299,0.07633879155692966,26199.0,hyperplane_gauss,37199,7,0.352841314021498,0.21036003101617098,5,virtual,sudden,0,0.08965697124600411,0.9686825874128512,True,low,abrupt,virtual/sudden/K=5/recurring/low/abrupt/partial/imbalanced/noisy,-0.00486201276278353,-0.00707201856404871
scn-be6279b4bee9,780594871,FHDDM,0.7591646178071217,0.03682925300017814,1,5.0,1.0,0.0,5.0,1.0,0.0,0.0,0.0,0.0,1.0,,,26199.0,26199.0,,,0.03816939577846483,26199.0,hyperplane_gauss,37199,7,0.352841314021498,0.21036003101617098,5,virtual,sudden,0,0.08965697124600411,0.9686825874128512,True,low,abrupt,virtual/sudden/K=5/recurring/low/abrupt/partial/imbalanced/noisy,-0.002016630293654509,-0.00991740103317773
scn-be6279b4bee9,780594871,NoDrift,0.7611812481007763,0.0237788009999349,0,5.0,0.0,0.0,5.0,0.0,0.0,,0.0,0.0,1.0,,,inf,26199.0,,,0.0,26199.0,hyperplane_gauss,37199,7,0.352841314021498,0.21036003101617098,5,virtual,sudden,0,0.08965697124600411,0.9686825874128512,True,low,abrupt,virtual/sudden/K=5/recurring/low/abrupt/partial/imbalanced/noisy,0.0,-0.01193403132683224
scn-be6279b4bee9,780594871,Periodic(2000),0.7318157960164645,0.03669180499991853,18,5.0,18.0,5.0,0.0,13.0,0.0,0.2777777777777778,1.0,0.4347826086956522,0.0,901.0,901.0,2015.3076923076924,2015.3076923076924,2.2367454964569284,2.2367454964569284,0.49620214512004274,26199.0,hyperplane_gauss,37199,7,0.352841314021498,0.21036003101617098,5,virtual,sudden,0,0.08965697124600411,0.9686825874128512,True,low,abrupt,virtual/sudden/K=5/recurring/low/abrupt/partial/imbalanced/noisy,-0.02936545208431174,0.0174314207574795
scn-be6279b4bee9,780594871,Oracle,0.749247216773944,0.027964871000222047,5,5.0,5.0,5.0,0.0,0.0,0.0,1.0,1.0,1.0,0.0,1.0,1.0,inf,26199.0,inf,26199.0,0.0,26199.0,hyperplane_gauss,37199,7,0.352841314021498,0.21036003101617098,5,virtual,sudden,0,0.08965697124600411,0.9686825874128512,True,low,abrupt,virtual/sudden/K=5/recurring/low/abrupt/partial/imbalanced/noisy,-0.01193403132683224,-0.0
scn-be6279b4bee9,780594872,ADWIN,0.7699383960882897,0.03192987400007041,0,5.0,0.0,0.0,5.0,0.0,0.0,,0.0,0.0,1.0,,,inf,26199.0,,,0.0,26199.0,hyperplane_gauss,37199,7,0.352841314021498,0.21036003101617098,5,virtual,sudden,0,0.08965697124600411,0.9686825874128512,True,low,abrupt,virtual/sudden/K=5/recurring/low/abrupt/partial/imbalanced/noisy,0.0,-0.012956159009917423
scn-be6279b4bee9,780594872,KSWIN,0.767369264344319,7.638273198999741,1,5.0,1.0,0.0,5.0,1.0,0.0,0.0,0.0,0.0,1.0,,,26199.0,26199.0,,,0.03816939577846483,26199.0,hyperplane_gauss,37199,7,0.352841314021498,0.21036003101617098,5,virtual,sudden,0,0.08965697124600411,0.9686825874128512,True,low,abrupt,virtual/sudden/K=5/recurring/low/abrupt/partial/imbalanced/noisy,-0.002569131743970776,-0.010387027265946647
scn-be6279b4bee9,780594872,PageHinkley,0.7486394651785961,0.049805504999767436,11,5.0,11.0,2.0,3.0,8.0,1.0,0.18181818181818182,0.4,0.25000000000000006,0.6,541.0,541.0,3274.875,3274.875,2.4213493530499077,2.4213493530499077,0.30535516622771863,26199.0,hyperplane_gauss,37199,7,0.352841314021498,0.21036003101617098,5,virtual,sudden,0,0.08965697124600411,0.9686825874128512,True,low,abrupt,virtual/sudden/K=5/recurring/low/abrupt/partial/imbalanced/noisy,-0.021298930909693592,0.008342771899776169
scn-be6279b4bee9,780594872,PageHinkley-up,0.7658498853559491,0.04229985100027989,2,5.0,2.0,0.0,5.0,2.0,0.0,0.0,0.0,0.0,1.0,,,13099.5,13099.5,,,0.07633879155692966,26199.0,hyperplane_gauss,37199,7,0.352841314021498,0.21036003101617098,5,virtual,sudden,0,0.08965697124600411,0.9686825874128512,True,low,abrupt,virtual/sudden/K=5/recurring/low/abrupt/partial/imbalanced/noisy,-0.004088510732340622,-0.0088676482775768
scn-be6279b4bee9,780594872,DDM,0.7690267686952679,0.04126866400019935,1,5.0,1.0,0.0,5.0,1.0,0.0,0.0,0.0,0.0,1.0,,,26199.0,26199.0,,,0.03816939577846483,26199.0,hyperplane_gauss,37199,7,0.352841314021498,0.21036003101617098,5,virtual,sudden,0,0.08965697124600411,0.9686825874128512,True,low,abrupt,virtual/sudden/K=5/recurring/low/abrupt/partial/imbalanced/noisy,-0.0009116273930218632,-0.01204453161689556
scn-be6279b4bee9,780594872,EDDM,0.7672587640542556,0.03767302999995081,3,5.0,3.0,0.0,5.0,3.0,0.0,0.0,0.0,0.0,1.0,,,8733.0,8733.0,,,0.11450818733539449,26199.0,hyperplane_gauss,37199,7,0.352841314021498,0.21036003101617098,5,virtual,sudden,0,0.08965697124600411,0.9686825874128512,True,low,abrupt,virtual/sudden/K=5/recurring/low/abrupt/partial/imbalanced/noisy,-0.0026796320340340962,-0.010276526975883327
scn-be6279b4bee9,780594872,HDDM_A,0.767507389706898,0.12208583099982206,1,5.0,1.0,1.0,4.0,0.0,0.0,1.0,0.2,0.33333333333333337,0.8,589.0,589.0,inf,26199.0,inf,8.896095076400677,0.0,26199.0,hyperplane_gauss,37199,7,0.352841314021498,0.21036003101617098,5,virtual,sudden,0,0.08965697124600411,0.9686825874128512,True,low,abrupt,virtual/sudden/K=5/recurring/low/abrupt/partial/imbalanced/noisy,-0.0024310063813917093,-0.010525152628525714
scn-be6279b4bee9,780594872,HDDM_W,0.7539434791016326,0.12701714400009223,8,5.0,8.0,3.0,2.0,5.0,0.0,0.375,0.6,0.4615384615384615,0.4,1222.0,1272.0,5239.8,5239.8,2.5727332242225858,2.5727332242225858,0.19084697889232413,26199.0,hyperplane_gauss,37199,7,0.352841314021498,0.21036003101617098,5,virtual,sudden,0,0.08965697124600411,0.9686825874128512,True,low,abrupt,virtual/sudden/K=5/recurring/low/abrupt/partial/imbalanced/noisy,-0.015994916986657115,0.003038757976739692
scn-be6279b4bee9,780594872,FHDDM,0.7613469985358712,0.03761841100003949,3,5.0,3.0,1.0,4.0,2.0,0.0,0.3333333333333333,0.2,0.25,0.8,1845.0,1845.0,13099.5,13099.5,1.4199999999999997,1.4199999999999997,0.07633879155692966,26199.0,hyperplane_gauss,37199,7,0.352841314021498,0.21036003101617098,5,virtual,sudden,0,0.08965697124600411,0.9686825874128512,True,low,abrupt,virtual/sudden/K=5/recurring/low/abrupt/partial/imbalanced/noisy,-0.008591397552418556,-0.004364761457498867
scn-be6279b4bee9,780594872,NoDrift,0.7699383960882897,0.024095457999919745,0,5.0,0.0,0.0,5.0,0.0,0.0,,0.0,0.0,1.0,,,inf,26199.0,,,0.0,26199.0,hyperplane_gauss,37199,7,0.352841314021498,0.21036003101617098,5,virtual,sudden,0,0.08965697124600411,0.9686825874128512,True,low,abrupt,virtual/sudden/K=5/recurring/low/abrupt/partial/imbalanced/noisy,0.0,-0.012956159009917423
scn-be6279b4bee9,780594872,Periodic(2000),0.7378656868974282,0.0254653080000935,18,5.0,18.0,5.0,0.0,13.0,0.0,0.2777777777777778,1.0,0.4347826086956522,0.0,901.0,901.0,2015.3076923076924,2015.3076923076924,2.2367454964569284,2.2367454964569284,0.49620214512004274,26199.0,hyperplane_gauss,37199,7,0.352841314021498,0.21036003101617098,5,virtual,sudden,0,0.08965697124600411,0.9686825874128512,True,low,abrupt,virtual/sudden/K=5/recurring/low/abrupt/partial/imbalanced/noisy,-0.03207270919086158,0.01911655018094416
scn-be6279b4bee9,780594872,Oracle,0.7569822370783723,0.03440896099982638,5,5.0,5.0,5.0,0.0,0.0,0.0,1.0,1.0,1.0,0.0,1.0,1.0,inf,26199.0,inf,26199.0,0.0,26199.0,hyperplane_gauss,37199,7,0.352841314021498,0.21036003101617098,5,virtual,sudden,0,0.08965697124600411,0.9686825874128512,True,low,abrupt,virtual/sudden/K=5/recurring/low/abrupt/partial/imbalanced/noisy,-0.012956159009917423,-0.0
scn-be6279b4bee9,780594873,ADWIN,0.7691925191303627,0.0325493989998904,0,5.0,0.0,0.0,5.0,0.0,0.0,,0.0,0.0,1.0,,,inf,26199.0,,,0.0,26199.0,hyperplane_gauss,37199,7,0.352841314021498,0.21036003101617098,5,virtual,sudden,0,0.08965697124600411,0.9686825874128512,True,low,abrupt,virtual/sudden/K=5/recurring/low/abrupt/partial/imbalanced/noisy,0.0,-0.01508328959363514
scn-be6279b4bee9,780594873,KSWIN,0.7691925191303627,7.6642174409998916,0,5.0,0.0,0.0,5.0,0.0,0.0,,0.0,0.0,1.0,,,inf,26199.0,,,0.0,26199.0,hyperplane_gauss,37199,7,0.352841314021498,0.21036003101617098,5,virtual,sudden,0,0.08965697124600411,0.9686825874128512,True,low,abrupt,virtual/sudden/K=5/recurring/low/abrupt/partial/imbalanced/noisy,0.0,-0.01508328959363514
scn-be6279b4bee9,780594873,PageHinkley,0.749854968369292,0.05283611100003327,8,5.0,8.0,2.0,3.0,6.0,0.0,0.25,0.4,0.3076923076923077,0.6,722.0,722.0,4366.5,4366.5,2.4191135734072025,2.4191135734072025,0.22901637467078897,26199.0,hyperplane_gauss,37199,7,0.352841314021498,0.21036003101617098,5,virtual,sudden,0,0.08965697124600411,0.9686825874128512,True,low,abrupt,virtual/sudden/K=5/recurring/low/abrupt/partial/imbalanced/noisy,-0.019337550761070688,0.004254261167435547
scn-be6279b4bee9,780594873,PageHinkley-up,0.7639713804248737,0.04620445200043832,1,5.0,1.0,0.0,5.0,1.0,0.0,0.0,0.0,0.0,1.0,,,26199.0,26199.0,,,0.03816939577846483,26199.0,hyperplane_gauss,37199,7,0.352841314021498,0.21036003101617098,5,virtual,sudden,0,0.08965697124600411,0.9686825874128512,True,low,abrupt,virtual/sudden/K=5/recurring/low/abrupt/partial/imbalanced/noisy,-0.005221138705489015,-0.009862150888146126
scn-be6279b4bee9,780594873,DDM,0.7691925191303627,0.04296687699979884,0,5.0,0.0,0.0,5.0,0.0,0.0,,0.0,0.0,1.0,,,inf,26199.0,,,0.0,26199.0,hyperplane_gauss,37199,7,0.352841314021498,0.21036003101617098,5,virtual,sudden,0,0.08965697124600411,0.9686825874128512,True,low,abrupt,virtual/sudden/K=5/recurring/low/abrupt/partial/imbalanced/noisy,0.0,-0.01508328959363514
scn-be6279b4bee9,780594873,EDDM,0.7677283902870246,0.0374167730001318,2,5.0,2.0,0.0,5.0,2.0,0.0,0.0,0.0,0.0,1.0,,,13099.5,13099.5,,,0.07633879155692966,26199.0,hyperplane_gauss,37199,7,0.352841314021498,0.21036003101617098,5,virtual,sudden,0,0.08965697124600411,0.9686825874128512,True,low,abrupt,virtual/sudden/K=5/recurring/low/abrupt/partial/imbalanced/noisy,-0.0014641288433381305,-0.01361916075029701
scn-be6279b4bee9,780594873,HDDM_A,0.7691925191303627,0.11089027199977863,0,5.0,0.0,0.0,5.0,0.0,0.0,,0.0,0.0,1.0,,,inf,26199.0,,,0.0,26199.0,hyperplane_gauss,37199,7,0.352841314021498,0.21036003101617098,5,virtual,sudden,0,0.08965697124600411,0.9686825874128512,True,low,abrupt,virtual/sudden/K=5/recurring/low/abrupt/partial/imbalanced/noisy,0.0,-0.01508328959363514
scn-be6279b4bee9,780594873,HDDM_W,0.7547998563496229,0.17068055999970966,5,5.0,5.0,2.0,3.0,3.0,0.0,0.4,0.4,0.4000000000000001,0.6,1276.0,1276.0,8733.0,8733.0,2.737617554858934,2.737617554858934,0.11450818733539449,26199.0,hyperplane_gauss,37199,7,0.352841314021498,0.21036003101617098,5,virtual,sudden,0,0.08965697124600411,0.9686825874128512,True,low,abrupt,virtual/sudden/K=5/recurring/low/abrupt/partial/imbalanced/noisy,-0.014392662780739807,-0.0006906268128953341
scn-be6279b4bee9,780594873,FHDDM,0.7620376253487665,0.03808108299972446,1,5.0,1.0,0.0,5.0,1.0,0.0,0.0,0.0,0.0,1.0,,,26199.0,26199.0,,,0.03816939577846483,26199.0,hyperplane_gauss,37199,7,0.352841314021498,0.21036003101617098,5,virtual,sudden,0,0.08965697124600411,0.9686825874128512,True,low,abrupt,virtual/sudden/K=5/recurring/low/abrupt/partial/imbalanced/noisy,-0.007154893781596172,-0.007928395812038969
scn-be6279b4bee9,780594873,NoDrift,0.7691925191303627,0.023644291999971756,0,5.0,0.0,0.0,5.0,0.0,0.0,,0.0,0.0,1.0,,,inf,26199.0,,,0.0,26199.0,hyperplane_gauss,37199,7,0.352841314021498,0.21036003101617098,5,virtual,sudden,0,0.08965697124600411,0.9686825874128512,True,low,abrupt,virtual/sudden/K=5/recurring/low/abrupt/partial/imbalanced/noisy,0.0,-0.01508328959363514
scn-be6279b4bee9,780594873,Periodic(2000),0.7325616729743916,0.026567769999928714,18,5.0,18.0,5.0,0.0,13.0,0.0,0.2777777777777778,1.0,0.4347826086956522,0.0,901.0,901.0,2015.3076923076924,2015.3076923076924,2.2367454964569284,2.2367454964569284,0.49620214512004274,26199.0,hyperplane_gauss,37199,7,0.352841314021498,0.21036003101617098,5,virtual,sudden,0,0.08965697124600411,0.9686825874128512,True,low,abrupt,virtual/sudden/K=5/recurring/low/abrupt/partial/imbalanced/noisy,-0.03663084615597112,0.02154755656233598
scn-be6279b4bee9,780594873,Oracle,0.7541092295367275,0.027444105000085983,5,5.0,5.0,5.0,0.0,0.0,0.0,1.0,1.0,1.0,0.0,1.0,1.0,inf,26199.0,inf,26199.0,0.0,26199.0,hyperplane_gauss,37199,7,0.352841314021498,0.21036003101617098,5,virtual,sudden,0,0.08965697124600411,0.9686825874128512,True,low,abrupt,virtual/sudden/K=5/recurring/low/abrupt/partial/imbalanced/noisy,-0.01508328959363514,-0.0
scn-7c905a849cb5,2136958947,ADWIN,0.7344614997483644,0.07735821000005672,11,5.0,11.0,5.0,0.0,6.0,0.0,0.45454545454545453,1.0,0.625,0.0,367.4,326.0,3420.3333333333335,3420.3333333333335,9.309562692796227,9.309562692796227,0.2923691647987526,20522.0,hyperplane_gauss,32792,23,0.41794081423431634,0.17926956759765744,5,real,incremental,254,0.4375708283483982,0.5682102724909783,True,high,fast,real/incremental/K=5/recurring/high/fast/partial/balanced/noisy,0.05822219426270758,0.02758555611474578
scn-7c905a849cb5,2136958947,KSWIN,0.7027868646200301,6.872902546000205,5,5.0,5.0,3.0,2.0,1.0,1.0,0.6,0.6,0.6,0.4,1059.0,976.0,20522.0,20522.0,11.627195467422096,11.627195467422096,0.04872819413312543,20522.0,hyperplane_gauss,32792,23,0.41794081423431634,0.17926956759765744,5,real,incremental,254,0.4375708283483982,0.5682102724909783,True,high,fast,real/incremental/K=5/recurring/high/fast/partial/balanced/noisy,0.026547559134373344,0.05926019124308002
scn-7c905a849cb5,2136958947,PageHinkley,0.699955963764469,0.09989294600018184,23,5.0,23.0,5.0,0.0,15.0,3.0,0.21739130434782608,1.0,0.3571428571428571,0.0,925.4,468.0,1368.1333333333334,1368.1333333333334,1.4784237446869823,1.4784237446869823,0.7309229119968814,20522.0,hyperplane_gauss,32792,23,0.41794081423431634,0.17926956759765744,5,real,incremental,254,0.4375708283483982,0.5682102724909783,True,high,fast,real/incremental/K=5/recurring/high/fast/partial/balanced/noisy,0.023716658278812197,0.062091092098641165
scn-7c905a849cb5,2136958947,PageHinkley-up,0.7534599899345747,0.07873673699987194,5,5.0,5.0,5.0,0.0,0.0,0.0,1.0,1.0,1.0,0.0,339.2,338.0,inf,20522.0,inf,60.50117924528302,0.0,20522.0,hyperplane_gauss,32792,23,0.41794081423431634,0.17926956759765744,5,real,incremental,254,0.4375708283483982,0.5682102724909783,True,high,fast,real/incremental/K=5/recurring/high/fast/partial/balanced/noisy,0.07722068444891794,0.00858706592853542
scn-7c905a849cb5,2136958947,DDM,0.7466658278812279,0.09033981199991103,6,5.0,6.0,5.0,0.0,1.0,0.0,0.8333333333333334,1.0,0.9090909090909091,0.0,444.2,443.0,20522.0,20522.0,46.19990995047276,46.19990995047276,0.04872819413312543,20522.0,hyperplane_gauss,32792,23,0.41794081423431634,0.17926956759765744,5,real,incremental,254,0.4375708283483982,0.5682102724909783,True,high,fast,real/incremental/K=5/recurring/high/fast/partial/balanced/noisy,0.07042652239557112,0.01538122798188224
scn-7c905a849cb5,2136958947,EDDM,0.7199924509310518,0.085260579000078,11,5.0,11.0,5.0,0.0,2.0,4.0,0.45454545454545453,1.0,0.625,0.0,1077.2,1240.0,10261.0,10261.0,9.525621982918677,9.525621982918677,0.09745638826625086,20522.0,hyperplane_gauss,32792,23,0.41794081423431634,0.17926956759765744,5,real,incremental,254,0.4375708283483982,0.5682102724909783,True,high,fast,real/incremental/K=5/recurring/high/fast/partial/balanced/noisy,0.04375314544539499,0.04205460493205837
scn-7c905a849cb5,2136958947,HDDM_A,0.7593734272773025,0.18427806700037763,5,5.0,5.0,5.0,0.0,0.0,0.0,1.0,1.0,1.0,0.0,242.8,227.0,inf,20522.0,inf,84.52224052718286,0.0,20522.0,hyperplane_gauss,32792,23,0.41794081423431634,0.17926956759765744,5,real,incremental,254,0.4375708283483982,0.5682102724909783,True,high,fast,real/incremental/K=5/recurring/high/fast/partial/balanced/noisy,0.0831341217916457,0.0026736285858076636
scn-7c905a849cb5,2136958947,HDDM_W,0.7525792652239557,0.15410238200001913,8,5.0,8.0,5.0,0.0,1.0,2.0,0.625,1.0,0.7692307692307693,0.0,210.8,201.0,20522.0,20522.0,97.35294117647058,97.35294117647058,0.04872819413312543,20522.0,hyperplane_gauss,32792,23,0.41794081423431634,0.17926956759765744,5,real,incremental,254,0.4375708283483982,0.5682102724909783,True,high,fast,real/incremental/K=5/recurring/high/fast/partial/balanced/noisy,0.07633995973829888,0.009467790639154483
scn-7c905a849cb5,2136958947,FHDDM,0.7609461499748364,0.07047524400013572,5,5.0,5.0,5.0,0.0,0.0,0.0,1.0,1.0,1.0,0.0,204.6,217.0,inf,20522.0,inf,100.30303030303031,0.0,20522.0,hyperplane_gauss,32792,23,0.41794081423431634,0.17926956759765744,5,real,incremental,254,0.4375708283483982,0.5682102724909783,True,high,fast,real/incremental/K=5/recurring/high/fast/partial/balanced/noisy,0.08470684448917964,0.0011009058882737177
scn-7c905a849cb5,2136958947,NoDrift,0.6762393054856568,0.04916866400026265,0,5.0,0.0,0.0,5.0,0.0,0.0,,0.0,0.0,1.0,,,inf,20522.0,,,0.0,20522.0,hyperplane_gauss,32792,23,0.41794081423431634,0.17926956759765744,5,real,incremental,254,0.4375708283483982,0.5682102724909783,True,high,fast,real/incremental/K=5/recurring/high/fast/partial/balanced/noisy,0.0,0.08580775037745336
scn-7c905a849cb5,2136958947,Periodic(2000),0.7120659285354807,0.051329539000107616,15,5.0,15.0,5.0,0.0,10.0,0.0,0.3333333333333333,1.0,0.5,0.0,1231.4,1231.0,2052.2,2052.2,1.6665583888257265,1.6665583888257265,0.48728194133125424,20522.0,hyperplane_gauss,32792,23,0.41794081423431634,0.17926956759765744,5,real,incremental,254,0.4375708283483982,0.5682102724909783,True,high,fast,real/incremental/K=5/recurring/high/fast/partial/balanced/noisy,0.03582662304982387,0.04998112732762949
scn-7c905a849cb5,2136958947,Oracle,0.7620470558631102,0.06134303799990448,5,5.0,5.0,5.0,0.0,0.0,0.0,1.0,1.0,1.0,0.0,128.0,128.0,inf,20522.0,inf,160.328125,0.0,20522.0,hyperplane_gauss,32792,23,0.41794081423431634,0.17926956759765744,5,real,incremental,254,0.4375708283483982,0.5682102724909783,True,high,fast,real/incremental/K=5/recurring/high/fast/partial/balanced/noisy,0.08580775037745336,-0.0
scn-7c905a849cb5,2136958948,ADWIN,0.7216280825364871,0.06652961899999355,9,5.0,9.0,3.0,2.0,6.0,0.0,0.3333333333333333,0.6,0.42857142857142855,0.4,385.6666666666667,326.0,3420.3333333333335,3420.3333333333335,5.3211754537597225,5.3211754537597225,0.2923691647987526,20522.0,hyperplane_gauss,32792,23,0.41794081423431634,0.17926956759765744,5,real,incremental,254,0.4375708283483982,0.5682102724909783,True,high,fast,real/incremental/K=5/recurring/high/fast/partial/balanced/noisy,0.039664066431806755,0.0350088072471062
scn-7c905a849cb5,2136958948,KSWIN,0.6816494715651736,6.879387801000121,1,5.0,1.0,0.0,5.0,1.0,0.0,0.0,0.0,0.0,1.0,,,20522.0,20522.0,,,0.04872819413312543,20522.0,hyperplane_gauss,32792,23,0.41794081423431634,0.17926956759765744,5,real,incremental,254,0.4375708283483982,0.5682102724909783,True,high,fast,real/incremental/K=5/recurring/high/fast/partial/balanced/noisy,-0.00031454453950674477,0.0749874182184197
scn-7c905a849cb5,2136958948,PageHinkley,0.7074106693507801,0.08884368700000778,19,5.0,19.0,4.0,1.0,13.0,2.0,0.21052631578947367,0.8,0.3333333333333333,0.19999999999999996,703.5,441.5,1578.6153846153845,1578.6153846153845,1.7951560876934012,1.7951560876934012,0.6334665237306305,20522.0,hyperplane_gauss,32792,23,0.41794081423431634,0.17926956759765744,5,real,incremental,254,0.4375708283483982,0.5682102724909783,True,high,fast,real/incremental/K=5/recurring/high/fast/partial/balanced/noisy,0.025446653246099737,0.04922622043281322
scn-7c905a849cb5,2136958948,PageHinkley-up,0.7506290890790136,0.07209714000009626,5,5.0,5.0,5.0,0.0,0.0,0.0,1.0,1.0,1.0,0.0,365.2,351.0,inf,20522.0,inf,56.19386637458927,0.0,20522.0,hyperplane_gauss,32792,23,0.41794081423431634,0.17926956759765744,5,real,incremental,254,0.4375708283483982,0.5682102724909783,True,high,fast,real/incremental/K=5/recurring/high/fast/partial/balanced/noisy,0.06866507297433322,0.0060078007045797355
scn-7c905a849cb5,2136958948,DDM,0.7460367388022144,0.0718940440001461,5,5.0,5.0,5.0,0.0,0.0,0.0,1.0,1.0,1.0,0.0,468.0,494.0,inf,20522.0,inf,43.85042735042735,0.0,20522.0,hyperplane_gauss,32792,23,0.41794081423431634,0.17926956759765744,5,real,incremental,254,0.4375708283483982,0.5682102724909783,True,high,fast,real/incremental/K=5/recurring/high/fast/partial/balanced/noisy,0.06407272269753406,0.010600150981378897
scn-7c905a849cb5,2136958948,EDDM,0.7156202818319074,0.08932213400021283,16,5.0,16.0,5.0,0.0,4.0,7.0,0.3125,1.0,0.47619047619047616,0.0,1241.2,1385.0,5130.5,5130.5,4.133499838865614,4.133499838865614,0.19491277653250172,20522.0,hyperplane_gauss,32792,23,0.41794081423431634,0.17926956759765744,5,real,incremental,254,0.4375708283483982,0.5682102724909783,True,high,fast,real/incremental/K=5/recurring/high/fast/partial/balanced/noisy,0.03365626572722702,0.041016607951685935
scn-7c905a849cb5,2136958948,HDDM_A,0.7472634625062909,0.16921886399995856,7,5.0,7.0,5.0,0.0,0.0,2.0,0.7142857142857143,1.0,0.8333333333333333,0.0,294.4,281.0,inf,20522.0,inf,69.70788043478261,0.0,20522.0,hyperplane_gauss,32792,23,0.41794081423431634,0.17926956759765744,5,real,incremental,254,0.4375708283483982,0.5682102724909783,True,high,fast,real/incremental/K=5/recurring/high/fast/partial/balanced/noisy,0.06529944640161056,0.009373427277302393
scn-7c905a849cb5,2136958948,HDDM_W,0.7512267237040765,0.1433045979997587,6,5.0,6.0,5.0,0.0,1.0,0.0,0.8333333333333334,1.0,0.9090909090909091,0.0,221.4,202.0,20522.0,20522.0,92.69196025293586,92.69196025293586,0.04872819413312543,20522.0,hyperplane_gauss,32792,23,0.41794081423431634,0.17926956759765744,5,real,incremental,254,0.4375708283483982,0.5682102724909783,True,high,fast,real/incremental/K=5/recurring/high/fast/partial/balanced/noisy,0.06926270759939612,0.005410166079516832
scn-7c905a849cb5,2136958948,FHDDM,0.7551585304479114,0.06806034000010186,5,5.0,5.0,5.0,0.0,0.0,0.0,1.0,1.0,1.0,0.0,216.4,205.0,inf,20522.0,inf,94.83364140480592,0.0,20522.0,hyperplane_gauss,32792,23,0.41794081423431634,0.17926956759765744,5,real,incremental,254,0.4375708283483982,0.5682102724909783,True,high,fast,real/incremental/K=5/recurring/high/fast/partial/balanced/noisy,0.07319451434323099,0.0014783593356819669
scn-7c905a849cb5,2136958948,NoDrift,0.6819640161046804,0.04654864899976019,0,5.0,0.0,0.0,5.0,0.0,0.0,,0.0,0.0,1.0,,,inf,20522.0,,,0.0,20522.0,hyperplane_gauss,32792,23,0.41794081423431634,0.17926956759765744,5,real,incremental,254,0.4375708283483982,0.5682102724909783,True,high,fast,real/incremental/K=5/recurring/high/fast/partial/balanced/noisy,0.0,0.07467287367891295
scn-7c905a849cb5,2136958948,Periodic(2000),0.7147081026673376,0.04934987099977661,15,5.0,15.0,5.0,0.0,10.0,0.0,0.3333333333333333,1.0,0.5,0.0,1231.4,1231.0,2052.2,2052.2,1.6665583888257265,1.6665583888257265,0.48728194133125424,20522.0,hyperplane_gauss,32792,23,0.41794081423431634,0.17926956759765744,5,real,incremental,254,0.4375708283483982,0.5682102724909783,True,high,fast,real/incremental/K=5/recurring/high/fast/partial/balanced/noisy,0.03274408656265726,0.041928787116255695
scn-7c905a849cb5,2136958948,Oracle,0.7566368897835933,0.05804516399985005,5,5.0,5.0,5.0,0.0,0.0,0.0,1.0,1.0,1.0,0.0,128.0,128.0,inf,20522.0,inf,160.328125,0.0,20522.0,hyperplane_gauss,32792,23,0.41794081423431634,0.17926956759765744,5,real,incremental,254,0.4375708283483982,0.5682102724909783,True,high,fast,real/incremental/K=5/recurring/high/fast/partial/balanced/noisy,0.07467287367891295,-0.0
scn-7c905a849cb5,2136958949,ADWIN,0.7352164066431807,0.06557917999998608,9,5.0,9.0,4.0,1.0,4.0,1.0,0.4444444444444444,0.8,0.5714285714285714,0.19999999999999996,351.5,335.5,5130.5,5130.5,11.676813655761025,11.676813655761025,0.19491277653250172,20522.0,hyperplane_gauss,32792,23,0.41794081423431634,0.17926956759765744,5,real,incremental,254,0.4375708283483982,0.5682102724909783,True,high,fast,real/incremental/K=5/recurring/high/fast/partial/balanced/noisy,0.057310015098137934,0.021483392048314065
scn-7c905a849cb5,2136958949,KSWIN,0.6986977856064419,6.665682741000182,4,5.0,4.0,2.0,3.0,2.0,0.0,0.5,0.4,0.4444444444444445,0.6,1403.5,1403.5,10261.0,10261.0,2.9244032775204847,2.9244032775204847,0.09745638826625086,20522.0,hyperplane_gauss,32792,23,0.41794081423431634,0.17926956759765744,5,real,incremental,254,0.4375708283483982,0.5682102724909783,True,high,fast,real/incremental/K=5/recurring/high/fast/partial/balanced/noisy,0.020791394061399182,0.05800201308505282
scn-7c905a849cb5,2136958949,PageHinkley,0.709675390035229,0.09299235500020586,22,5.0,22.0,4.0,1.0,16.0,2.0,0.18181818181818182,0.8,0.2962962962962963,0.19999999999999996,834.5,692.5,1282.625,1282.625,1.2295985620131817,1.2295985620131817,0.7796511061300069,20522.0,hyperplane_gauss,32792,23,0.41794081423431634,0.17926956759765744,5,real,incremental,254,0.4375708283483982,0.5682102724909783,True,high,fast,real/incremental/K=5/recurring/high/fast/partial/balanced/noisy,0.03176899849018622,0.04702440865626578
scn-7c905a849cb5,2136958949,PageHinkley-up,0.7506605435329643,0.07200214199974653,5,5.0,5.0,5.0,0.0,0.0,0.0,1.0,1.0,1.0,0.0,361.4,356.0,inf,20522.0,inf,56.784726065301605,0.0,20522.0,hyperplane_gauss,32792,23,0.41794081423431634,0.17926956759765744,5,real,incremental,254,0.4375708283483982,0.5682102724909783,True,high,fast,real/incremental/K=5/recurring/high/fast/partial/balanced/noisy,0.07275415198792157,0.006039255158530432
scn-7c905a849cb5,2136958949,DDM,0.7501572722697534,0.07231095600036497,5,5.0,5.0,5.0,0.0,0.0,0.0,1.0,1.0,1.0,0.0,437.6,430.0,inf,20522.0,inf,46.89670932358318,0.0,20522.0,hyperplane_gauss,32792,23,0.41794081423431634,0.17926956759765744,5,real,incremental,254,0.4375708283483982,0.5682102724909783,True,high,fast,real/incremental/K=5/recurring/high/fast/partial/balanced/noisy,0.07225088072471064,0.006542526421741357
scn-7c905a849cb5,2136958949,EDDM,0.7234209864116758,0.0729675889997452,7,5.0,7.0,5.0,0.0,1.0,1.0,0.7142857142857143,1.0,0.8333333333333333,0.0,1117.4,1152.0,20522.0,20522.0,18.36584929300161,18.36584929300161,0.04872819413312543,20522.0,hyperplane_gauss,32792,23,0.41794081423431634,0.17926956759765744,5,real,incremental,254,0.4375708283483982,0.5682102724909783,True,high,fast,real/incremental/K=5/recurring/high/fast/partial/balanced/noisy,0.04551459486663312,0.03327881227981888
scn-7c905a849cb5,2136958949,HDDM_A,0.753428535480624,0.17187499900001058,5,5.0,5.0,5.0,0.0,0.0,0.0,1.0,1.0,1.0,0.0,257.8,260.0,inf,20522.0,inf,79.60434445306439,0.0,20522.0,hyperplane_gauss,32792,23,0.41794081423431634,0.17926956759765744,5,real,incremental,254,0.4375708283483982,0.5682102724909783,True,high,fast,real/incremental/K=5/recurring/high/fast/partial/balanced/noisy,0.07552214393558132,0.0032712632108706785
scn-7c905a849cb5,2136958949,HDDM_W,0.7460996477101157,0.16759957600015696,9,5.0,9.0,5.0,0.0,3.0,1.0,0.5555555555555556,1.0,0.7142857142857143,0.0,216.6,214.0,6840.666666666667,6840.666666666667,31.582025238534936,31.582025238534936,0.1461845823993763,20522.0,hyperplane_gauss,32792,23,0.41794081423431634,0.17926956759765744,5,real,incremental,254,0.4375708283483982,0.5682102724909783,True,high,fast,real/incremental/K=5/recurring/high/fast/partial/balanced/noisy,0.06819325616507299,0.010600150981379008
scn-7c905a849cb5,2136958949,FHDDM,0.7551899849018621,0.06825941799979773,5,5.0,5.0,5.0,0.0,0.0,0.0,1.0,1.0,1.0,0.0,215.6,216.0,inf,20522.0,inf,95.18552875695732,0.0,20522.0,hyperplane_gauss,32792,23,0.41794081423431634,0.17926956759765744,5,real,incremental,254,0.4375708283483982,0.5682102724909783,True,high,fast,real/incremental/K=5/recurring/high/fast/partial/balanced/noisy,0.07728359335681934,0.0015098137896326635
scn-7c905a849cb5,2136958949,NoDrift,0.6779063915450427,0.046193714999844815,0,5.0,0.0,0.0,5.0,0.0,0.0,,0.0,0.0,1.0,,,inf,20522.0,,,0.0,20522.0,hyperplane_gauss,32792,23,0.41794081423431634,0.17926956759765744,5,real,incremental,254,0.4375708283483982,0.5682102724909783,True,high,fast,real/incremental/K=5/recurring/high/fast/partial/balanced/noisy,0.0,0.078793407146452
scn-7c905a849cb5,2136958949,Periodic(2000),0.7114997483643684,0.049074587999712094,15,5.0,15.0,5.0,0.0,10.0,0.0,0.3333333333333333,1.0,0.5,0.0,1231.4,1231.0,2052.2,2052.2,1.6665583888257265,1.6665583888257265,0.48728194133125424,20522.0,hyperplane_gauss,32792,23,0.41794081423431634,0.17926956759765744,5,real,incremental,254,0.4375708283483982,0.5682102724909783,True,high,fast,real/incremental/K=5/recurring/high/fast/partial/balanced/noisy,0.033593356819325626,0.04520005032712637
scn-7c905a849cb5,2136958949,Oracle,0.7566997986914947,0.05806247300006362,5,5.0,5.0,5.0,0.0,0.0,0.0,1.0,1.0,1.0,0.0,128.0,128.0,inf,20522.0,inf,160.328125,0.0,20522.0,hyperplane_gauss,32792,23,0.41794081423431634,0.17926956759765744,5,real,incremental,254,0.4375708283483982,0.5682102724909783,True,high,fast,real/incremental/K=5/recurring/high/fast/partial/balanced/noisy,0.078793407146452,-0.0
scn-708a61332499,1119015673,ADWIN,0.8389055443816174,0.022492383000098926,1,3.0,1.0,1.0,2.0,0.0,0.0,1.0,0.3333333333333333,0.5,0.6666666666666667,865.0,865.0,inf,20351.0,inf,7.842389210019266,0.0,20351.0,hyperplane_gauss,27351,5,0.27048233775421976,0.13372400254011155,3,prior,sudden,0,0.24214529410004615,1.0,False,medium,abrupt,prior/sudden/K=3/medium/abrupt/n/a/imbalanced/noisy,0.0014041212857196506,-0.025084437023262796
scn-708a61332499,1119015673,KSWIN,0.8375014230958977,5.766972514999907,0,3.0,0.0,0.0,3.0,0.0,0.0,,0.0,0.0,1.0,,,inf,20351.0,,,0.0,20351.0,hyperplane_gauss,27351,5,0.27048233775421976,0.13372400254011155,3,prior,sudden,0,0.24214529410004615,1.0,False,medium,abrupt,prior/sudden/K=3/medium/abrupt/n/a/imbalanced/noisy,0.0,-0.023680315737543145
scn-708a61332499,1119015673,PageHinkley,0.8125687829683883,0.03121118099988962,6,3.0,6.0,2.0,1.0,3.0,1.0,0.3333333333333333,0.6666666666666666,0.4444444444444444,0.33333333333333337,622.0,622.0,6783.666666666667,6783.666666666667,7.270811003929976,7.270811003929976,0.14741290354282344,20351.0,hyperplane_gauss,27351,5,0.27048233775421976,0.13372400254011155,3,prior,sudden,0,0.24214529410004615,1.0,False,medium,abrupt,prior/sudden/K=3/medium/abrupt/n/a/imbalanced/noisy,-0.024932640127509398,0.0012523243899662528
scn-708a61332499,1119015673,PageHinkley-up,0.831088004250313,0.029149983000024804,2,3.0,2.0,1.0,2.0,1.0,0.0,0.5,0.3333333333333333,0.4,0.6666666666666667,763.0,763.0,20351.0,20351.0,8.890782000873742,8.890782000873742,0.049137634514274484,20351.0,hyperplane_gauss,27351,5,0.27048233775421976,0.13372400254011155,3,prior,sudden,0,0.24214529410004615,1.0,False,medium,abrupt,prior/sudden/K=3/medium/abrupt/n/a/imbalanced/noisy,-0.006413418845584662,-0.017266896891958483
scn-708a61332499,1119015673,DDM,0.8390193920534325,0.02835344000004625,1,3.0,1.0,1.0,2.0,0.0,0.0,1.0,0.3333333333333333,0.5,0.6666666666666667,1000.0,1000.0,inf,20351.0,inf,6.783666666666665,0.0,20351.0,hyperplane_gauss,27351,5,0.27048233775421976,0.13372400254011155,3,prior,sudden,0,0.24214529410004615,1.0,False,medium,abrupt,prior/sudden/K=3/medium/abrupt/n/a/imbalanced/noisy,0.0015179689575347544,-0.0251982846950779
scn-708a61332499,1119015673,EDDM,0.8211832568023983,0.02544515899990074,5,3.0,5.0,0.0,3.0,5.0,0.0,0.0,0.0,0.0,1.0,,,4070.2,4070.2,,,0.2456881725713724,20351.0,hyperplane_gauss,27351,5,0.27048233775421976,0.13372400254011155,3,prior,sudden,0,0.24214529410004615,1.0,False,medium,abrupt,prior/sudden/K=3/medium/abrupt/n/a/imbalanced/noisy,-0.01631816629349936,-0.007362149444043786
scn-708a61332499,1119015673,HDDM_A,0.8382224583507267,0.08719691399983276,1,3.0,1.0,0.0,3.0,1.0,0.0,0.0,0.0,0.0,1.0,,,20351.0,20351.0,,,0.049137634514274484,20351.0,hyperplane_gauss,27351,5,0.27048233775421976,0.13372400254011155,3,prior,sudden,0,0.24214529410004615,1.0,False,medium,abrupt,prior/sudden/K=3/medium/abrupt/n/a/imbalanced/noisy,0.0007210352548290277,-0.024401350992372173
scn-708a61332499,1119015673,HDDM_W,0.8382983567986034,0.08165768900016701,1,3.0,1.0,1.0,2.0,0.0,0.0,1.0,0.3333333333333333,0.5,0.6666666666666667,434.0,434.0,inf,20351.0,inf,15.630568356374805,0.0,20351.0,hyperplane_gauss,27351,5,0.27048233775421976,0.13372400254011155,3,prior,sudden,0,0.24214529410004615,1.0,False,medium,abrupt,prior/sudden/K=3/medium/abrupt/n/a/imbalanced/noisy,0.0007969337027057266,-0.02447724944024887
scn-708a61332499,1119015673,FHDDM,0.8375014230958977,0.02309567399970547,0,3.0,0.0,0.0,3.0,0.0,0.0,,0.0,0.0,1.0,,,inf,20351.0,,,0.0,20351.0,hyperplane_gauss,27351,5,0.27048233775421976,0.13372400254011155,3,prior,sudden,0,0.24214529410004615,1.0,False,medium,abrupt,prior/sudden/K=3/medium/abrupt/n/a/imbalanced/noisy,0.0,-0.023680315737543145
scn-708a61332499,1119015673,NoDrift,0.8375014230958977,0.014572629000213055,0,3.0,0.0,0.0,3.0,0.0,0.0,,0.0,0.0,1.0,,,inf,20351.0,,,0.0,20351.0,hyperplane_gauss,27351,5,0.27048233775421976,0.13372400254011155,3,prior,sudden,0,0.24214529410004615,1.0,False,medium,abrupt,prior/sudden/K=3/medium/abrupt/n/a/imbalanced/noisy,0.0,-0.023680315737543145
scn-708a61332499,1119015673,Periodic(2000),0.8017532541459527,0.01619122800002515,13,3.0,13.0,3.0,0.0,10.0,0.0,0.23076923076923078,1.0,0.375,0.0,1158.3333333333333,1041.0,2035.1,2035.1,1.7569208633093525,1.7569208633093525,0.4913763451427448,20351.0,hyperplane_gauss,27351,5,0.27048233775421976,0.13372400254011155,3,prior,sudden,0,0.24214529410004615,1.0,False,medium,abrupt,prior/sudden/K=3/medium/abrupt/n/a/imbalanced/noisy,-0.035748168949945036,0.012067853212401891
scn-708a61332499,1119015673,Oracle,0.8138211073583546,0.017732408000028954,3,3.0,3.0,3.0,0.0,0.0,0.0,1.0,1.0,1.0,0.0,1.0,1.0,inf,20351.0,inf,20351.0,0.0,20351.0,hyperplane_gauss,27351,5,0.27048233775421976,0.13372400254011155,3,prior,sudden,0,0.24214529410004615,1.0,False,medium,abrupt,prior/sudden/K=3/medium/abrupt/n/a/imbalanced/noisy,-0.023680315737543145,-0.0
scn-708a61332499,1119015674,ADWIN,0.8194755417251717,0.023457333999886032,2,3.0,2.0,0.0,3.0,2.0,0.0,0.0,0.0,0.0,1.0,,,10175.5,10175.5,,,0.09827526902854897,20351.0,hyperplane_gauss,27351,5,0.27048233775421976,0.13372400254011155,3,prior,sudden,0,0.24214529410004615,1.0,False,medium,abrupt,prior/sudden/K=3/medium/abrupt/n/a/imbalanced/noisy,-0.014079162081135466,-0.007893438579181011
scn-708a61332499,1119015674,KSWIN,0.8335547038063071,5.6921326560000125,0,3.0,0.0,0.0,3.0,0.0,0.0,,0.0,0.0,1.0,,,inf,20351.0,,,0.0,20351.0,hyperplane_gauss,27351,5,0.27048233775421976,0.13372400254011155,3,prior,sudden,0,0.24214529410004615,1.0,False,medium,abrupt,prior/sudden/K=3/medium/abrupt/n/a/imbalanced/noisy,0.0,-0.021972600660316477
scn-708a61332499,1119015674,PageHinkley,0.8046373951652689,0.03163439899981313,5,3.0,5.0,2.0,1.0,3.0,0.0,0.4,0.6666666666666666,0.5,0.33333333333333337,1056.5,1056.5,6783.666666666667,6783.666666666667,4.280591050113056,4.280591050113056,0.14741290354282344,20351.0,hyperplane_gauss,27351,5,0.27048233775421976,0.13372400254011155,3,prior,sudden,0,0.24214529410004615,1.0,False,medium,abrupt,prior/sudden/K=3/medium/abrupt/n/a/imbalanced/noisy,-0.028917308641038253,0.006944707980721776
scn-708a61332499,1119015674,PageHinkley-up,0.8187545064703426,0.02849074499999915,1,3.0,1.0,0.0,3.0,1.0,0.0,0.0,0.0,0.0,1.0,,,20351.0,20351.0,,,0.049137634514274484,20351.0,hyperplane_gauss,27351,5,0.27048233775421976,0.13372400254011155,3,prior,sudden,0,0.24214529410004615,1.0,False,medium,abrupt,prior/sudden/K=3/medium/abrupt/n/a/imbalanced/noisy,-0.014800197335964493,-0.007172403324351984
scn-708a61332499,1119015674,DDM,0.8335547038063071,0.027777207999861275,0,3.0,0.0,0.0,3.0,0.0,0.0,,0.0,0.0,1.0,,,inf,20351.0,,,0.0,20351.0,hyperplane_gauss,27351,5,0.27048233775421976,0.13372400254011155,3,prior,sudden,0,0.24214529410004615,1.0,False,medium,abrupt,prior/sudden/K=3/medium/abrupt/n/a/imbalanced/noisy,0.0,-0.021972600660316477
scn-708a61332499,1119015674,EDDM,0.8327577701036014,0.024976449999940087,1,3.0,1.0,0.0,3.0,1.0,0.0,0.0,0.0,0.0,1.0,,,20351.0,20351.0,,,0.049137634514274484,20351.0,hyperplane_gauss,27351,5,0.27048233775421976,0.13372400254011155,3,prior,sudden,0,0.24214529410004615,1.0,False,medium,abrupt,prior/sudden/K=3/medium/abrupt/n/a/imbalanced/noisy,-0.0007969337027057266,-0.02117566695761075
scn-708a61332499,1119015674,HDDM_A,0.8335547038063071,0.08714233799992144,0,3.0,0.0,0.0,3.0,0.0,0.0,,0.0,0.0,1.0,,,inf,20351.0,,,0.0,20351.0,hyperplane_gauss,27351,5,0.27048233775421976,0.13372400254011155,3,prior,sudden,0,0.24214529410004615,1.0,False,medium,abrupt,prior/sudden/K=3/medium/abrupt/n/a/imbalanced/noisy,0.0,-0.021972600660316477
scn-708a61332499,1119015674,HDDM_W,0.8337823991499373,0.08261762100028136,1,3.0,1.0,0.0,3.0,1.0,0.0,0.0,0.0,0.0,1.0,,,20351.0,20351.0,,,0.049137634514274484,20351.0,hyperplane_gauss,27351,5,0.27048233775421976,0.13372400254011155,3,prior,sudden,0,0.24214529410004615,1.0,False,medium,abrupt,prior/sudden/K=3/medium/abrupt/n/a/imbalanced/noisy,0.0002276953436302076,-0.022200296003946685
scn-708a61332499,1119015674,FHDDM,0.8332131607908618,0.023896354000044084,1,3.0,1.0,0.0,3.0,1.0,0.0,0.0,0.0,0.0,1.0,,,20351.0,20351.0,,,0.049137634514274484,20351.0,hyperplane_gauss,27351,5,0.27048233775421976,0.13372400254011155,3,prior,sudden,0,0.24214529410004615,1.0,False,medium,abrupt,prior/sudden/K=3/medium/abrupt/n/a/imbalanced/noisy,-0.0003415430154453114,-0.021631057644871166
scn-708a61332499,1119015674,NoDrift,0.8335547038063071,0.014990141999987827,0,3.0,0.0,0.0,3.0,0.0,0.0,,0.0,0.0,1.0,,,inf,20351.0,,,0.0,20351.0,hyperplane_gauss,27351,5,0.27048233775421976,0.13372400254011155,3,prior,sudden,0,0.24214529410004615,1.0,False,medium,abrupt,prior/sudden/K=3/medium/abrupt/n/a/imbalanced/noisy,0.0,-0.021972600660316477
scn-708a61332499,1119015674,Periodic(2000),0.7998557929490342,0.016854974000125367,13,3.0,13.0,3.0,0.0,10.0,0.0,0.23076923076923078,1.0,0.375,0.0,1158.3333333333333,1041.0,2035.1,2035.1,1.7569208633093525,1.7569208633093525,0.4913763451427448,20351.0,hyperplane_gauss,27351,5,0.27048233775421976,0.13372400254011155,3,prior,sudden,0,0.24214529410004615,1.0,False,medium,abrupt,prior/sudden/K=3/medium/abrupt/n/a/imbalanced/noisy,-0.033698910857272946,0.011726310196956469
scn-708a61332499,1119015674,Oracle,0.8115821031459907,0.0181592730000375,3,3.0,3.0,3.0,0.0,0.0,0.0,1.0,1.0,1.0,0.0,1.0,1.0,inf,20351.0,inf,20351.0,0.0,20351.0,hyperplane_gauss,27351,5,0.27048233775421976,0.13372400254011155,3,prior,sudden,0,0.24214529410004615,1.0,False,medium,abrupt,prior/sudden/K=3/medium/abrupt/n/a/imbalanced/noisy,-0.021972600660316477,-0.0
scn-708a61332499,1119015675,ADWIN,0.8362490987059314,0.0213017949999994,1,3.0,1.0,1.0,2.0,0.0,0.0,1.0,0.3333333333333333,0.5,0.6666666666666667,1857.0,1857.0,inf,20351.0,inf,3.6530245916352535,0.0,20351.0,hyperplane_gauss,27351,5,0.27048233775421976,0.13372400254011155,3,prior,sudden,0,0.24214529410004615,1.0,False,medium,abrupt,prior/sudden/K=3/medium/abrupt/n/a/imbalanced/noisy,0.0006830860308906228,-0.02337672194603624
scn-708a61332499,1119015675,KSWIN,0.8355660126750408,5.597571047999736,0,3.0,0.0,0.0,3.0,0.0,0.0,,0.0,0.0,1.0,,,inf,20351.0,,,0.0,20351.0,hyperplane_gauss,27351,5,0.27048233775421976,0.13372400254011155,3,prior,sudden,0,0.24214529410004615,1.0,False,medium,abrupt,prior/sudden/K=3/medium/abrupt/n/a/imbalanced/noisy,0.0,-0.022693635915145616
scn-708a61332499,1119015675,PageHinkley,0.8178437250958218,0.03229807500019888,6,3.0,6.0,1.0,2.0,3.0,2.0,0.16666666666666666,0.3333333333333333,0.2222222222222222,0.6666666666666667,93.0,93.0,6783.666666666667,6783.666666666667,24.314217443249696,24.314217443249696,0.14741290354282344,20351.0,hyperplane_gauss,27351,5,0.27048233775421976,0.13372400254011155,3,prior,sudden,0,0.24214529410004615,1.0,False,medium,abrupt,prior/sudden/K=3/medium/abrupt/n/a/imbalanced/noisy,-0.01772228757921901,-0.004971348335926606
scn-708a61332499,1119015675,PageHinkley-up,0.8387916967098022,0.027665010000418988,1,3.0,1.0,1.0,2.0,0.0,0.0,1.0,0.3333333333333333,0.5,0.6666666666666667,209.0,209.0,inf,20351.0,inf,32.45773524720892,0.0,20351.0,hyperplane_gauss,27351,5,0.27048233775421976,0.13372400254011155,3,prior,sudden,0,0.24214529410004615,1.0,False,medium,abrupt,prior/sudden/K=3/medium/abrupt/n/a/imbalanced/noisy,0.0032256840347614224,-0.025919319949907038
scn-708a61332499,1119015675,DDM,0.8357178095707942,0.02713101299968912,1,3.0,1.0,0.0,3.0,1.0,0.0,0.0,0.0,0.0,1.0,,,20351.0,20351.0,,,0.049137634514274484,20351.0,hyperplane_gauss,27351,5,0.27048233775421976,0.13372400254011155,3,prior,sudden,0,0.24214529410004615,1.0,False,medium,abrupt,prior/sudden/K=3/medium/abrupt/n/a/imbalanced/noisy,0.00015179689575339772,-0.022845432810899013
scn-708a61332499,1119015675,EDDM,0.8330613638951083,0.022879931000261422,1,3.0,1.0,0.0,3.0,1.0,0.0,0.0,0.0,0.0,1.0,,,20351.0,20351.0,,,0.049137634514274484,20351.0,hyperplane_gauss,27351,5,0.27048233775421976,0.13372400254011155,3,prior,sudden,0,0.24214529410004615,1.0,False,medium,abrupt,prior/sudden/K=3/medium/abrupt/n/a/imbalanced/noisy,-0.0025046487799325057,-0.02018898713521311
scn-708a61332499,1119015675,HDDM_A,0.8352624188835338,0.08699677699996755,1,3.0,1.0,0.0,3.0,1.0,0.0,0.0,0.0,0.0,1.0,,,20351.0,20351.0,,,0.049137634514274484,20351.0,hyperplane_gauss,27351,5,0.27048233775421976,0.13372400254011155,3,prior,sudden,0,0.24214529410004615,1.0,False,medium,abrupt,prior/sudden/K=3/medium/abrupt/n/a/imbalanced/noisy,-0.0003035937915070175,-0.022390042123638598
scn-708a61332499,1119015675,HDDM_W,0.8352624188835338,0.08195970499991745,1,3.0,1.0,0.0,3.0,1.0,0.0,0.0,0.0,0.0,1.0,,,20351.0,20351.0,,,0.049137634514274484,20351.0,hyperplane_gauss,27351,5,0.27048233775421976,0.13372400254011155,3,prior,sudden,0,0.24214529410004615,1.0,False,medium,abrupt,prior/sudden/K=3/medium/abrupt/n/a/imbalanced/noisy,-0.0003035937915070175,-0.022390042123638598
scn-708a61332499,1119015675,FHDDM,0.8379947630070965,0.023614111999904708,1,3.0,1.0,1.0,2.0,0.0,0.0,1.0,0.3333333333333333,0.5,0.6666666666666667,122.0,122.0,inf,20351.0,inf,55.603825136612016,0.0,20351.0,hyperplane_gauss,27351,5,0.27048233775421976,0.13372400254011155,3,prior,sudden,0,0.24214529410004615,1.0,False,medium,abrupt,prior/sudden/K=3/medium/abrupt/n/a/imbalanced/noisy,0.002428750332055696,-0.02512238624720131
scn-708a61332499,1119015675,NoDrift,0.8355660126750408,0.014724456999829272,0,3.0,0.0,0.0,3.0,0.0,0.0,,0.0,0.0,1.0,,,inf,20351.0,,,0.0,20351.0,hyperplane_gauss,27351,5,0.27048233775421976,0.13372400254011155,3,prior,sudden,0,0.24214529410004615,1.0,False,medium,abrupt,prior/sudden/K=3/medium/abrupt/n/a/imbalanced/noisy,0.0,-0.022693635915145616
scn-708a61332499,1119015675,Periodic(2000),0.8004629805320481,0.016231530000368366,13,3.0,13.0,3.0,0.0,10.0,0.0,0.23076923076923078,1.0,0.375,0.0,1158.3333333333333,1041.0,2035.1,2035.1,1.7569208633093525,1.7569208633093525,0.4913763451427448,20351.0,hyperplane_gauss,27351,5,0.27048233775421976,0.13372400254011155,3,prior,sudden,0,0.24214529410004615,1.0,False,medium,abrupt,prior/sudden/K=3/medium/abrupt/n/a/imbalanced/noisy,-0.03510303214299271,0.012409396227847092
scn-708a61332499,1119015675,Oracle,0.8128723767598952,0.01788221299966608,3,3.0,3.0,3.0,0.0,0.0,0.0,1.0,1.0,1.0,0.0,1.0,1.0,inf,20351.0,inf,20351.0,0.0,20351.0,hyperplane_gauss,27351,5,0.27048233775421976,0.13372400254011155,3,prior,sudden,0,0.24214529410004615,1.0,False,medium,abrupt,prior/sudden/K=3/medium/abrupt/n/a/imbalanced/noisy,-0.022693635915145616,-0.0
scn-d19282ec8915,2005475208,ADWIN,0.7183013551589964,0.017639830999996775,0,1.0,0.0,0.0,1.0,0.0,0.0,,0.0,0.0,1.0,,,inf,10927.0,,,0.0,10927.0,hyperplane_gauss,15906,12,0.28980452474206686,0.25729201957583425,1,prior,gradual,1979,0.037117742151021954,1.0,False,low,slow,prior/gradual/K=1/low/slow/n/a/imbalanced/noisy,0.0,-0.002750570240171779
scn-d19282ec8915,2005475208,KSWIN,0.7141419562592245,3.129373745999601,1,1.0,1.0,1.0,0.0,0.0,0.0,1.0,1.0,1.0,0.0,552.0,552.0,inf,10927.0,inf,19.795289855072465,0.0,10927.0,hyperplane_gauss,15906,12,0.28980452474206686,0.25729201957583425,1,prior,gradual,1979,0.037117742151021954,1.0,False,low,slow,prior/gradual/K=1/low/slow/n/a/imbalanced/noisy,-0.0041593988997719045,0.0014088286596001254
scn-d19282ec8915,2005475208,PageHinkley,0.6979068831343084,0.02571128999989014,5,1.0,5.0,1.0,0.0,4.0,0.0,0.2,1.0,0.33333333333333337,0.0,3129.0,3129.0,2731.75,2731.75,0.8730425055928411,0.8730425055928411,0.36606570879472866,10927.0,hyperplane_gauss,15906,12,0.28980452474206686,0.25729201957583425,1,prior,gradual,1979,0.037117742151021954,1.0,False,low,slow,prior/gradual/K=1/low/slow/n/a/imbalanced/noisy,-0.020394472024688026,0.017643901784516247
scn-d19282ec8915,2005475208,PageHinkley-up,0.7183013551589964,0.02128172099992298,0,1.0,0.0,0.0,1.0,0.0,0.0,,0.0,0.0,1.0,,,inf,10927.0,,,0.0,10927.0,hyperplane_gauss,15906,12,0.28980452474206686,0.25729201957583425,1,prior,gradual,1979,0.037117742151021954,1.0,False,low,slow,prior/gradual/K=1/low/slow/n/a/imbalanced/noisy,0.0,-0.002750570240171779
scn-d19282ec8915,2005475208,DDM,0.7183013551589964,0.021411341999737488,0,1.0,0.0,0.0,1.0,0.0,0.0,,0.0,0.0,1.0,,,inf,10927.0,,,0.0,10927.0,hyperplane_gauss,15906,12,0.28980452474206686,0.25729201957583425,1,prior,gradual,1979,0.037117742151021954,1.0,False,low,slow,prior/gradual/K=1/low/slow/n/a/imbalanced/noisy,0.0,-0.002750570240171779
scn-d19282ec8915,2005475208,EDDM,0.7074332483563666,0.029826959999809333,7,1.0,7.0,0.0,1.0,7.0,0.0,0.0,0.0,0.0,1.0,,,1561.0,1561.0,,,0.6406149903907752,10927.0,hyperplane_gauss,15906,12,0.28980452474206686,0.25729201957583425,1,prior,gradual,1979,0.037117742151021954,1.0,False,low,slow,prior/gradual/K=1/low/slow/n/a/imbalanced/noisy,-0.01086810680262984,0.008117536562458061
scn-d19282ec8915,2005475208,HDDM_A,0.7183013551589964,0.05344917799993709,0,1.0,0.0,0.0,1.0,0.0,0.0,,0.0,0.0,1.0,,,inf,10927.0,,,0.0,10927.0,hyperplane_gauss,15906,12,0.28980452474206686,0.25729201957583425,1,prior,gradual,1979,0.037117742151021954,1.0,False,low,slow,prior/gradual/K=1/low/slow/n/a/imbalanced/noisy,0.0,-0.002750570240171779
scn-d19282ec8915,2005475208,HDDM_W,0.6840198577753924,0.067310596000425,7,1.0,7.0,1.0,0.0,5.0,1.0,0.14285714285714285,1.0,0.25,0.0,208.0,208.0,2185.4,2185.4,10.506730769230769,10.506730769230769,0.4575821359934108,10927.0,hyperplane_gauss,15906,12,0.28980452474206686,0.25729201957583425,1,prior,gradual,1979,0.037117742151021954,1.0,False,low,slow,prior/gradual/K=1/low/slow/n/a/imbalanced/noisy,-0.034281497383603976,0.0315309271434322
scn-d19282ec8915,2005475208,FHDDM,0.7119280826512814,0.019485937999888847,1,1.0,1.0,0.0,1.0,1.0,0.0,0.0,0.0,0.0,1.0,,,10927.0,10927.0,,,0.09151642719868217,10927.0,hyperplane_gauss,15906,12,0.28980452474206686,0.25729201957583425,1,prior,gradual,1979,0.037117742151021954,1.0,False,low,slow,prior/gradual/K=1/low/slow/n/a/imbalanced/noisy,-0.006373272507715022,0.003622702267543243
scn-d19282ec8915,2005475208,NoDrift,0.7183013551589964,0.01389987500033385,0,1.0,0.0,0.0,1.0,0.0,0.0,,0.0,0.0,1.0,,,inf,10927.0,,,0.0,10927.0,hyperplane_gauss,15906,12,0.28980452474206686,0.25729201957583425,1,prior,gradual,1979,0.037117742151021954,1.0,False,low,slow,prior/gradual/K=1/low/slow/n/a/imbalanced/noisy,0.0,-0.002750570240171779
scn-d19282ec8915,2005475208,Periodic(2000),0.6826110291157923,0.015582454000195867,7,1.0,7.0,1.0,0.0,5.0,1.0,0.14285714285714285,1.0,0.25,0.0,537.0,537.0,2185.4,2185.4,4.069646182495345,4.069646182495345,0.4575821359934108,10927.0,hyperplane_gauss,15906,12,0.28980452474206686,0.25729201957583425,1,prior,gradual,1979,0.037117742151021954,1.0,False,low,slow,prior/gradual/K=1/low/slow/n/a/imbalanced/noisy,-0.0356903260432041,0.03293975580303232
scn-d19282ec8915,2005475208,Oracle,0.7155507849188246,0.015295959000013681,1,1.0,1.0,1.0,0.0,0.0,0.0,1.0,1.0,1.0,0.0,990.0,990.0,inf,10927.0,inf,11.037373737373738,0.0,10927.0,hyperplane_gauss,15906,12,0.28980452474206686,0.25729201957583425,1,prior,gradual,1979,0.037117742151021954,1.0,False,low,slow,prior/gradual/K=1/low/slow/n/a/imbalanced/noisy,-0.002750570240171779,-0.0
scn-d19282ec8915,2005475209,ADWIN,0.7101167315175098,0.03235209400008898,0,1.0,0.0,0.0,1.0,0.0,0.0,,0.0,0.0,1.0,,,inf,10927.0,,,0.0,10927.0,hyperplane_gauss,15906,12,0.28980452474206686,0.25729201957583425,1,prior,gradual,1979,0.037117742151021954,1.0,False,low,slow,prior/gradual/K=1/low/slow/n/a/imbalanced/noisy,0.0,-0.00529987924325781
scn-d19282ec8915,2005475209,KSWIN,0.7101167315175098,3.1076599110001553,0,1.0,0.0,0.0,1.0,0.0,0.0,,0.0,0.0,1.0,,,inf,10927.0,,,0.0,10927.0,hyperplane_gauss,15906,12,0.28980452474206686,0.25729201957583425,1,prior,gradual,1979,0.037117742151021954,1.0,False,low,slow,prior/gradual/K=1/low/slow/n/a/imbalanced/noisy,0.0,-0.00529987924325781
scn-d19282ec8915,2005475209,PageHinkley,0.6913994364685362,0.024494484000115335,4,1.0,4.0,1.0,0.0,2.0,1.0,0.25,1.0,0.4,0.0,484.0,484.0,5463.5,5463.5,11.288223140495868,11.288223140495868,0.18303285439736433,10927.0,hyperplane_gauss,15906,12,0.28980452474206686,0.25729201957583425,1,prior,gradual,1979,0.037117742151021954,1.0,False,low,slow,prior/gradual/K=1/low/slow/n/a/imbalanced/noisy,-0.01871729504897357,0.01341741580571576
scn-d19282ec8915,2005475209,PageHinkley-up,0.7030725882195089,0.02205280500038498,1,1.0,1.0,0.0,1.0,1.0,0.0,0.0,0.0,0.0,1.0,,,10927.0,10927.0,,,0.09151642719868217,10927.0,hyperplane_gauss,15906,12,0.28980452474206686,0.25729201957583425,1,prior,gradual,1979,0.037117742151021954,1.0,False,low,slow,prior/gradual/K=1/low/slow/n/a/imbalanced/noisy,-0.007044143298000849,0.0017442640547430388
scn-d19282ec8915,2005475209,DDM,0.7101167315175098,0.020764099000189162,0,1.0,0.0,0.0,1.0,0.0,0.0,,0.0,0.0,1.0,,,inf,10927.0,,,0.0,10927.0,hyperplane_gauss,15906,12,0.28980452474206686,0.25729201957583425,1,prior,gradual,1979,0.037117742151021954,1.0,False,low,slow,prior/gradual/K=1/low/slow/n/a/imbalanced/noisy,0.0,-0.00529987924325781
scn-d19282ec8915,2005475209,EDDM,0.7038105460888233,0.021614472000237583,2,1.0,2.0,0.0,1.0,2.0,0.0,0.0,0.0,0.0,1.0,,,5463.5,5463.5,,,0.18303285439736433,10927.0,hyperplane_gauss,15906,12,0.28980452474206686,0.25729201957583425,1,prior,gradual,1979,0.037117742151021954,1.0,False,low,slow,prior/gradual/K=1/low/slow/n/a/imbalanced/noisy,-0.006306185428686439,0.0010063061854286293
scn-d19282ec8915,2005475209,HDDM_A,0.7101167315175098,0.05013893300019845,0,1.0,0.0,0.0,1.0,0.0,0.0,,0.0,0.0,1.0,,,inf,10927.0,,,0.0,10927.0,hyperplane_gauss,15906,12,0.28980452474206686,0.25729201957583425,1,prior,gradual,1979,0.037117742151021954,1.0,False,low,slow,prior/gradual/K=1/low/slow/n/a/imbalanced/noisy,0.0,-0.00529987924325781
scn-d19282ec8915,2005475209,HDDM_W,0.6890513887025359,0.06054634099973555,5,1.0,5.0,1.0,0.0,4.0,0.0,0.2,1.0,0.33333333333333337,0.0,2470.0,2470.0,2731.75,2731.75,1.1059716599190283,1.1059716599190283,0.36606570879472866,10927.0,hyperplane_gauss,15906,12,0.28980452474206686,0.25729201957583425,1,prior,gradual,1979,0.037117742151021954,1.0,False,low,slow,prior/gradual/K=1/low/slow/n/a/imbalanced/noisy,-0.021065342814973853,0.015765463571716043
scn-d19282ec8915,2005475209,FHDDM,0.6996511471890514,0.019453530000191677,2,1.0,2.0,0.0,1.0,2.0,0.0,0.0,0.0,0.0,1.0,,,5463.5,5463.5,,,0.18303285439736433,10927.0,hyperplane_gauss,15906,12,0.28980452474206686,0.25729201957583425,1,prior,gradual,1979,0.037117742151021954,1.0,False,low,slow,prior/gradual/K=1/low/slow/n/a/imbalanced/noisy,-0.010465584328458344,0.005165705085200534
scn-d19282ec8915,2005475209,NoDrift,0.7101167315175098,0.013589203999799793,0,1.0,0.0,0.0,1.0,0.0,0.0,,0.0,0.0,1.0,,,inf,10927.0,,,0.0,10927.0,hyperplane_gauss,15906,12,0.28980452474206686,0.25729201957583425,1,prior,gradual,1979,0.037117742151021954,1.0,False,low,slow,prior/gradual/K=1/low/slow/n/a/imbalanced/noisy,0.0,-0.00529987924325781
scn-d19282ec8915,2005475209,Periodic(2000),0.6793908493224206,0.015227976000005583,7,1.0,7.0,1.0,0.0,5.0,1.0,0.14285714285714285,1.0,0.25,0.0,537.0,537.0,2185.4,2185.4,4.069646182495345,4.069646182495345,0.4575821359934108,10927.0,hyperplane_gauss,15906,12,0.28980452474206686,0.25729201957583425,1,prior,gradual,1979,0.037117742151021954,1.0,False,low,slow,prior/gradual/K=1/low/slow/n/a/imbalanced/noisy,-0.030725882195089205,0.025426002951831395
scn-d19282ec8915,2005475209,Oracle,0.704816852274252,0.01485978900018381,1,1.0,1.0,1.0,0.0,0.0,0.0,1.0,1.0,1.0,0.0,990.0,990.0,inf,10927.0,inf,11.037373737373738,0.0,10927.0,hyperplane_gauss,15906,12,0.28980452474206686,0.25729201957583425,1,prior,gradual,1979,0.037117742151021954,1.0,False,low,slow,prior/gradual/K=1/low/slow/n/a/imbalanced/noisy,-0.00529987924325781,-0.0
scn-d19282ec8915,2005475210,ADWIN,0.7132027371528243,0.017157045000203652,0,1.0,0.0,0.0,1.0,0.0,0.0,,0.0,0.0,1.0,,,inf,10927.0,,,0.0,10927.0,hyperplane_gauss,15906,12,0.28980452474206686,0.25729201957583425,1,prior,gradual,1979,0.037117742151021954,1.0,False,low,slow,prior/gradual/K=1/low/slow/n/a/imbalanced/noisy,0.0,-0.00885549443177236
scn-d19282ec8915,2005475210,KSWIN,0.7036092848517376,3.056167834000007,2,1.0,2.0,0.0,1.0,2.0,0.0,0.0,0.0,0.0,1.0,,,5463.5,5463.5,,,0.18303285439736433,10927.0,hyperplane_gauss,15906,12,0.28980452474206686,0.25729201957583425,1,prior,gradual,1979,0.037117742151021954,1.0,False,low,slow,prior/gradual/K=1/low/slow/n/a/imbalanced/noisy,-0.009593452301086769,0.0007379578693144095
scn-d19282ec8915,2005475210,PageHinkley,0.6832818999060781,0.026585613999941415,6,1.0,6.0,1.0,0.0,3.0,2.0,0.16666666666666666,1.0,0.2857142857142857,0.0,903.0,903.0,3642.3333333333335,3642.3333333333335,4.03359173126615,4.03359173126615,0.27454928159604647,10927.0,hyperplane_gauss,15906,12,0.28980452474206686,0.25729201957583425,1,prior,gradual,1979,0.037117742151021954,1.0,False,low,slow,prior/gradual/K=1/low/slow/n/a/imbalanced/noisy,-0.029920837246746212,0.021065342814973853
scn-d19282ec8915,2005475210,PageHinkley-up,0.711659734335167,0.020777304000148433,1,1.0,1.0,0.0,1.0,1.0,0.0,0.0,0.0,0.0,1.0,,,10927.0,10927.0,,,0.09151642719868217,10927.0,hyperplane_gauss,15906,12,0.28980452474206686,0.25729201957583425,1,prior,gradual,1979,0.037117742151021954,1.0,False,low,slow,prior/gradual/K=1/low/slow/n/a/imbalanced/noisy,-0.0015430028176572907,-0.007312491614115069
scn-d19282ec8915,2005475210,DDM,0.7132027371528243,0.020521336999991036,0,1.0,0.0,0.0,1.0,0.0,0.0,,0.0,0.0,1.0,,,inf,10927.0,,,0.0,10927.0,hyperplane_gauss,15906,12,0.28980452474206686,0.25729201957583425,1,prior,gradual,1979,0.037117742151021954,1.0,False,low,slow,prior/gradual/K=1/low/slow/n/a/imbalanced/noisy,0.0,-0.00885549443177236
scn-d19282ec8915,2005475210,EDDM,0.7100496444384812,0.02153794400010156,2,1.0,2.0,0.0,1.0,2.0,0.0,0.0,0.0,0.0,1.0,,,5463.5,5463.5,,,0.18303285439736433,10927.0,hyperplane_gauss,15906,12,0.28980452474206686,0.25729201957583425,1,prior,gradual,1979,0.037117742151021954,1.0,False,low,slow,prior/gradual/K=1/low/slow/n/a/imbalanced/noisy,-0.003153092714343164,-0.005702401717429195
scn-d19282ec8915,2005475210,HDDM_A,0.7106534281497383,0.05377712200015594,1,1.0,1.0,0.0,1.0,1.0,0.0,0.0,0.0,0.0,1.0,,,10927.0,10927.0,,,0.09151642719868217,10927.0,hyperplane_gauss,15906,12,0.28980452474206686,0.25729201957583425,1,prior,gradual,1979,0.037117742151021954,1.0,False,low,slow,prior/gradual/K=1/low/slow/n/a/imbalanced/noisy,-0.002549309003086031,-0.006306185428686328
scn-d19282ec8915,2005475210,HDDM_W,0.6824097678787066,0.06827401900000041,6,1.0,6.0,1.0,0.0,4.0,1.0,0.16666666666666666,1.0,0.2857142857142857,0.0,2176.0,2176.0,2731.75,2731.75,1.2553998161764706,1.2553998161764706,0.36606570879472866,10927.0,hyperplane_gauss,15906,12,0.28980452474206686,0.25729201957583425,1,prior,gradual,1979,0.037117742151021954,1.0,False,low,slow,prior/gradual/K=1/low/slow/n/a/imbalanced/noisy,-0.030792969274117787,0.021937474842345428
scn-d19282ec8915,2005475210,FHDDM,0.6930766134442506,0.02048185800003921,3,1.0,3.0,1.0,0.0,2.0,0.0,0.3333333333333333,1.0,0.5,0.0,3489.0,3489.0,5463.5,5463.5,1.5659214674691888,1.5659214674691888,0.18303285439736433,10927.0,hyperplane_gauss,15906,12,0.28980452474206686,0.25729201957583425,1,prior,gradual,1979,0.037117742151021954,1.0,False,low,slow,prior/gradual/K=1/low/slow/n/a/imbalanced/noisy,-0.020126123708573695,0.011270629276801336
scn-d19282ec8915,2005475210,NoDrift,0.7132027371528243,0.01333984800021426,0,1.0,0.0,0.0,1.0,0.0,0.0,,0.0,0.0,1.0,,,inf,10927.0,,,0.0,10927.0,hyperplane_gauss,15906,12,0.28980452474206686,0.25729201957583425,1,prior,gradual,1979,0.037117742151021954,1.0,False,low,slow,prior/gradual/K=1/low/slow/n/a/imbalanced/noisy,0.0,-0.00885549443177236
scn-d19282ec8915,2005475210,Periodic(2000),0.6769757144773917,0.01511888100003489,7,1.0,7.0,1.0,0.0,5.0,1.0,0.14285714285714285,1.0,0.25,0.0,537.0,537.0,2185.4,2185.4,4.069646182495345,4.069646182495345,0.4575821359934108,10927.0,hyperplane_gauss,15906,12,0.28980452474206686,0.25729201957583425,1,prior,gradual,1979,0.037117742151021954,1.0,False,low,slow,prior/gradual/K=1/low/slow/n/a/imbalanced/noisy,-0.03622702267543265,0.027371528243660292
scn-d19282ec8915,2005475210,Oracle,0.704347242721052,0.014923430999715492,1,1.0,1.0,1.0,0.0,0.0,0.0,1.0,1.0,1.0,0.0,990.0,990.0,inf,10927.0,inf,11.037373737373738,0.0,10927.0,hyperplane_gauss,15906,12,0.28980452474206686,0.25729201957583425,1,prior,gradual,1979,0.037117742151021954,1.0,False,low,slow,prior/gradual/K=1/low/slow/n/a/imbalanced/noisy,-0.00885549443177236,-0.0
scn-4806838055bc,299559781,ADWIN,0.8819937550595582,0.027578449999964505,0,4.0,0.0,0.0,4.0,0.0,0.0,,0.0,0.0,1.0,,,inf,34527.0,,,0.0,34527.0,hyperplane_gauss,44235,2,0.11385294189676642,0.05789881171658635,4,virtual,gradual,177,0.32362774714827536,1.0,True,high,fast,virtual/gradual/K=4/recurring/high/fast/global/imbalanced/noisy,0.0,0.006059905169422897
scn-4806838055bc,299559781,KSWIN,0.8819937550595582,9.222236176000024,0,4.0,0.0,0.0,4.0,0.0,0.0,,0.0,0.0,1.0,,,inf,34527.0,,,0.0,34527.0,hyperplane_gauss,44235,2,0.11385294189676642,0.05789881171658635,4,virtual,gradual,177,0.32362774714827536,1.0,True,high,fast,virtual/gradual/K=4/recurring/high/fast/global/imbalanced/noisy,0.0,0.006059905169422897
scn-4806838055bc,299559781,PageHinkley,0.8816699433329478,0.04023921199996039,1,4.0,1.0,0.0,4.0,1.0,0.0,0.0,0.0,0.0,1.0,,,34527.0,34527.0,,,0.028962840675413444,34527.0,hyperplane_gauss,44235,2,0.11385294189676642,0.05789881171658635,4,virtual,gradual,177,0.32362774714827536,1.0,True,high,fast,virtual/gradual/K=4/recurring/high/fast/global/imbalanced/noisy,-0.00032381172661044566,0.006383716896033342
scn-4806838055bc,299559781,PageHinkley-up,0.8816699433329478,0.039680551000401465,1,4.0,1.0,0.0,4.0,1.0,0.0,0.0,0.0,0.0,1.0,,,34527.0,34527.0,,,0.028962840675413444,34527.0,hyperplane_gauss,44235,2,0.11385294189676642,0.05789881171658635,4,virtual,gradual,177,0.32362774714827536,1.0,True,high,fast,virtual/gradual/K=4/recurring/high/fast/global/imbalanced/noisy,-0.00032381172661044566,0.006383716896033342
scn-4806838055bc,299559781,DDM,0.8821094021047762,0.03900961699991967,1,4.0,1.0,0.0,4.0,1.0,0.0,0.0,0.0,0.0,1.0,,,34527.0,34527.0,,,0.028962840675413444,34527.0,hyperplane_gauss,44235,2,0.11385294189676642,0.05789881171658635,4,virtual,gradual,177,0.32362774714827536,1.0,True,high,fast,virtual/gradual/K=4/recurring/high/fast/global/imbalanced/noisy,0.000115647045217937,0.00594425812420496
scn-4806838055bc,299559781,EDDM,0.8818087197872094,0.030930621000152314,3,4.0,3.0,0.0,4.0,3.0,0.0,0.0,0.0,0.0,1.0,,,11509.0,11509.0,,,0.08688852202624034,34527.0,hyperplane_gauss,44235,2,0.11385294189676642,0.05789881171658635,4,virtual,gradual,177,0.32362774714827536,1.0,True,high,fast,virtual/gradual/K=4/recurring/high/fast/global/imbalanced/noisy,-0.00018503527234881023,0.006244940441771707
scn-4806838055bc,299559781,HDDM_A,0.8819937550595582,0.11768953499995405,0,4.0,0.0,0.0,4.0,0.0,0.0,,0.0,0.0,1.0,,,inf,34527.0,,,0.0,34527.0,hyperplane_gauss,44235,2,0.11385294189676642,0.05789881171658635,4,virtual,gradual,177,0.32362774714827536,1.0,True,high,fast,virtual/gradual/K=4/recurring/high/fast/global/imbalanced/noisy,0.0,0.006059905169422897
scn-4806838055bc,299559781,HDDM_W,0.8819937550595582,0.12244035699995948,0,4.0,0.0,0.0,4.0,0.0,0.0,,0.0,0.0,1.0,,,inf,34527.0,,,0.0,34527.0,hyperplane_gauss,44235,2,0.11385294189676642,0.05789881171658635,4,virtual,gradual,177,0.32362774714827536,1.0,True,high,fast,virtual/gradual/K=4/recurring/high/fast/global/imbalanced/noisy,0.0,0.006059905169422897
scn-4806838055bc,299559781,FHDDM,0.8819937550595582,0.033001054000123986,0,4.0,0.0,0.0,4.0,0.0,0.0,,0.0,0.0,1.0,,,inf,34527.0,,,0.0,34527.0,hyperplane_gauss,44235,2,0.11385294189676642,0.05789881171658635,4,virtual,gradual,177,0.32362774714827536,1.0,True,high,fast,virtual/gradual/K=4/recurring/high/fast/global/imbalanced/noisy,0.0,0.006059905169422897
scn-4806838055bc,299559781,NoDrift,0.8819937550595582,0.017791156999919622,0,4.0,0.0,0.0,4.0,0.0,0.0,,0.0,0.0,1.0,,,inf,34527.0,,,0.0,34527.0,hyperplane_gauss,44235,2,0.11385294189676642,0.05789881171658635,4,virtual,gradual,177,0.32362774714827536,1.0,True,high,fast,virtual/gradual/K=4/recurring/high/fast/global/imbalanced/noisy,0.0,0.006059905169422897
scn-4806838055bc,299559781,Periodic(2000),0.8857407193246213,0.019912102000034793,21,4.0,21.0,4.0,0.0,16.0,1.0,0.19047619047619047,1.0,0.32,0.0,971.5,1067.0,2157.9375,2157.9375,2.2212429233144624,2.2212429233144624,0.4634054508066151,34527.0,hyperplane_gauss,44235,2,0.11385294189676642,0.05789881171658635,4,virtual,gradual,177,0.32362774714827536,1.0,True,high,fast,virtual/gradual/K=4/recurring/high/fast/global/imbalanced/noisy,0.0037469642650630464,0.0023129409043598503
scn-4806838055bc,299559781,Oracle,0.8880536602289811,0.021460853000007774,4,4.0,4.0,4.0,0.0,0.0,0.0,1.0,1.0,1.0,0.0,89.0,89.0,inf,34527.0,inf,387.9438202247191,0.0,34527.0,hyperplane_gauss,44235,2,0.11385294189676642,0.05789881171658635,4,virtual,gradual,177,0.32362774714827536,1.0,True,high,fast,virtual/gradual/K=4/recurring/high/fast/global/imbalanced/noisy,0.006059905169422897,-0.0
scn-4806838055bc,299559782,ADWIN,0.8805134728807679,0.028088485000353103,0,4.0,0.0,0.0,4.0,0.0,0.0,,0.0,0.0,1.0,,,inf,34527.0,,,0.0,34527.0,hyperplane_gauss,44235,2,0.11385294189676642,0.05789881171658635,4,virtual,gradual,177,0.32362774714827536,1.0,True,high,fast,virtual/gradual/K=4/recurring/high/fast/global/imbalanced/noisy,0.0,0.00723950503064652
scn-4806838055bc,299559782,KSWIN,0.8805134728807679,9.186013323000225,0,4.0,0.0,0.0,4.0,0.0,0.0,,0.0,0.0,1.0,,,inf,34527.0,,,0.0,34527.0,hyperplane_gauss,44235,2,0.11385294189676642,0.05789881171658635,4,virtual,gradual,177,0.32362774714827536,1.0,True,high,fast,virtual/gradual/K=4/recurring/high/fast/global/imbalanced/noisy,0.0,0.00723950503064652
scn-4806838055bc,299559782,PageHinkley,0.8811379669249451,0.04022536000002219,2,4.0,2.0,0.0,4.0,2.0,0.0,0.0,0.0,0.0,1.0,,,17263.5,17263.5,,,0.05792568135082689,34527.0,hyperplane_gauss,44235,2,0.11385294189676642,0.05789881171658635,4,virtual,gradual,177,0.32362774714827536,1.0,True,high,fast,virtual/gradual/K=4/recurring/high/fast/global/imbalanced/noisy,0.0006244940441771929,0.006615010986469327
scn-4806838055bc,299559782,PageHinkley-up,0.8813230021972939,0.04035715600002732,2,4.0,2.0,1.0,3.0,1.0,0.0,0.5,0.25,0.3333333333333333,0.75,28.0,28.0,34527.0,34527.0,308.2767857142857,308.2767857142857,0.028962840675413444,34527.0,hyperplane_gauss,44235,2,0.11385294189676642,0.05789881171658635,4,virtual,gradual,177,0.32362774714827536,1.0,True,high,fast,virtual/gradual/K=4/recurring/high/fast/global/imbalanced/noisy,0.0008095293165260031,0.006429975714120517
scn-4806838055bc,299559782,DDM,0.8806522493350295,0.038784924000083265,1,4.0,1.0,0.0,4.0,1.0,0.0,0.0,0.0,0.0,1.0,,,34527.0,34527.0,,,0.028962840675413444,34527.0,hyperplane_gauss,44235,2,0.11385294189676642,0.05789881171658635,4,virtual,gradual,177,0.32362774714827536,1.0,True,high,fast,virtual/gradual/K=4/recurring/high/fast/global/imbalanced/noisy,0.00013877645426163543,0.007100728576384885
scn-4806838055bc,299559782,EDDM,0.8842141783277437,0.03953936400012026,21,4.0,21.0,1.0,3.0,18.0,2.0,0.047619047619047616,0.25,0.08,0.75,194.0,194.0,1918.1666666666667,1918.1666666666667,2.4718642611683848,2.4718642611683848,0.521331132157442,34527.0,hyperplane_gauss,44235,2,0.11385294189676642,0.05789881171658635,4,virtual,gradual,177,0.32362774714827536,1.0,True,high,fast,virtual/gradual/K=4/recurring/high/fast/global/imbalanced/noisy,0.0037007054469758716,0.0035387995836706487
scn-4806838055bc,299559782,HDDM_A,0.8805134728807679,0.11638405100029559,0,4.0,0.0,0.0,4.0,0.0,0.0,,0.0,0.0,1.0,,,inf,34527.0,,,0.0,34527.0,hyperplane_gauss,44235,2,0.11385294189676642,0.05789881171658635,4,virtual,gradual,177,0.32362774714827536,1.0,True,high,fast,virtual/gradual/K=4/recurring/high/fast/global/imbalanced/noisy,0.0,0.00723950503064652
scn-4806838055bc,299559782,HDDM_W,0.8805134728807679,0.12260252100031721,0,4.0,0.0,0.0,4.0,0.0,0.0,,0.0,0.0,1.0,,,inf,34527.0,,,0.0,34527.0,hyperplane_gauss,44235,2,0.11385294189676642,0.05789881171658635,4,virtual,gradual,177,0.32362774714827536,1.0,True,high,fast,virtual/gradual/K=4/recurring/high/fast/global/imbalanced/noisy,0.0,0.00723950503064652
scn-4806838055bc,299559782,FHDDM,0.8805134728807679,0.03191320799987807,0,4.0,0.0,0.0,4.0,0.0,0.0,,0.0,0.0,1.0,,,inf,34527.0,,,0.0,34527.0,hyperplane_gauss,44235,2,0.11385294189676642,0.05789881171658635,4,virtual,gradual,177,0.32362774714827536,1.0,True,high,fast,virtual/gradual/K=4/recurring/high/fast/global/imbalanced/noisy,0.0,0.00723950503064652
scn-4806838055bc,299559782,NoDrift,0.8805134728807679,0.01809164599990254,0,4.0,0.0,0.0,4.0,0.0,0.0,,0.0,0.0,1.0,,,inf,34527.0,,,0.0,34527.0,hyperplane_gauss,44235,2,0.11385294189676642,0.05789881171658635,4,virtual,gradual,177,0.32362774714827536,1.0,True,high,fast,virtual/gradual/K=4/recurring/high/fast/global/imbalanced/noisy,0.0,0.00723950503064652
scn-4806838055bc,299559782,Periodic(2000),0.8859488840060137,0.019688683999902423,21,4.0,21.0,4.0,0.0,16.0,1.0,0.19047619047619047,1.0,0.32,0.0,971.5,1067.0,2157.9375,2157.9375,2.2212429233144624,2.2212429233144624,0.4634054508066151,34527.0,hyperplane_gauss,44235,2,0.11385294189676642,0.05789881171658635,4,virtual,gradual,177,0.32362774714827536,1.0,True,high,fast,virtual/gradual/K=4/recurring/high/fast/global/imbalanced/noisy,0.005435411125245815,0.0018040939054007055
scn-4806838055bc,299559782,Oracle,0.8877529779114144,0.02146307600014552,4,4.0,4.0,4.0,0.0,0.0,0.0,1.0,1.0,1.0,0.0,89.0,89.0,inf,34527.0,inf,387.9438202247191,0.0,34527.0,hyperplane_gauss,44235,2,0.11385294189676642,0.05789881171658635,4,virtual,gradual,177,0.32362774714827536,1.0,True,high,fast,virtual/gradual/K=4/recurring/high/fast/global/imbalanced/noisy,0.00723950503064652,-0.0
scn-4806838055bc,299559783,ADWIN,0.8827107667399098,0.02762095500020223,0,4.0,0.0,0.0,4.0,0.0,0.0,,0.0,0.0,1.0,,,inf,34527.0,,,0.0,34527.0,hyperplane_gauss,44235,2,0.11385294189676642,0.05789881171658635,4,virtual,gradual,177,0.32362774714827536,1.0,True,high,fast,virtual/gradual/K=4/recurring/high/fast/global/imbalanced/noisy,0.0,0.007401410893951632
scn-4806838055bc,299559783,KSWIN,0.8827107667399098,9.158273440999892,0,4.0,0.0,0.0,4.0,0.0,0.0,,0.0,0.0,1.0,,,inf,34527.0,,,0.0,34527.0,hyperplane_gauss,44235,2,0.11385294189676642,0.05789881171658635,4,virtual,gradual,177,0.32362774714827536,1.0,True,high,fast,virtual/gradual/K=4/recurring/high/fast/global/imbalanced/noisy,0.0,0.007401410893951632
scn-4806838055bc,299559783,PageHinkley,0.8860182722331444,0.03999621000002662,3,4.0,3.0,0.0,4.0,3.0,0.0,0.0,0.0,0.0,1.0,,,11509.0,11509.0,,,0.08688852202624034,34527.0,hyperplane_gauss,44235,2,0.11385294189676642,0.05789881171658635,4,virtual,gradual,177,0.32362774714827536,1.0,True,high,fast,virtual/gradual/K=4/recurring/high/fast/global/imbalanced/noisy,0.0033075054932346637,0.004093905400716968
scn-4806838055bc,299559783,PageHinkley-up,0.8860182722331444,0.03918399399981354,3,4.0,3.0,0.0,4.0,3.0,0.0,0.0,0.0,0.0,1.0,,,11509.0,11509.0,,,0.08688852202624034,34527.0,hyperplane_gauss,44235,2,0.11385294189676642,0.05789881171658635,4,virtual,gradual,177,0.32362774714827536,1.0,True,high,fast,virtual/gradual/K=4/recurring/high/fast/global/imbalanced/noisy,0.0033075054932346637,0.004093905400716968
scn-4806838055bc,299559783,DDM,0.8850468370533133,0.037542756000220834,1,4.0,1.0,0.0,4.0,1.0,0.0,0.0,0.0,0.0,1.0,,,34527.0,34527.0,,,0.028962840675413444,34527.0,hyperplane_gauss,44235,2,0.11385294189676642,0.05789881171658635,4,virtual,gradual,177,0.32362774714827536,1.0,True,high,fast,virtual/gradual/K=4/recurring/high/fast/global/imbalanced/noisy,0.0023360703134035488,0.005065340580548083
scn-4806838055bc,299559783,EDDM,0.8806059905169423,0.03187686899991604,6,4.0,6.0,0.0,4.0,6.0,0.0,0.0,0.0,0.0,1.0,,,5754.5,5754.5,,,0.17377704405248068,34527.0,hyperplane_gauss,44235,2,0.11385294189676642,0.05789881171658635,4,virtual,gradual,177,0.32362774714827536,1.0,True,high,fast,virtual/gradual/K=4/recurring/high/fast/global/imbalanced/noisy,-0.0021047762229674527,0.009506187116919085
scn-4806838055bc,299559783,HDDM_A,0.8827107667399098,0.11378524199972162,0,4.0,0.0,0.0,4.0,0.0,0.0,,0.0,0.0,1.0,,,inf,34527.0,,,0.0,34527.0,hyperplane_gauss,44235,2,0.11385294189676642,0.05789881171658635,4,virtual,gradual,177,0.32362774714827536,1.0,True,high,fast,virtual/gradual/K=4/recurring/high/fast/global/imbalanced/noisy,0.0,0.007401410893951632
scn-4806838055bc,299559783,HDDM_W,0.8827107667399098,0.12229206499978318,0,4.0,0.0,0.0,4.0,0.0,0.0,,0.0,0.0,1.0,,,inf,34527.0,,,0.0,34527.0,hyperplane_gauss,44235,2,0.11385294189676642,0.05789881171658635,4,virtual,gradual,177,0.32362774714827536,1.0,True,high,fast,virtual/gradual/K=4/recurring/high/fast/global/imbalanced/noisy,0.0,0.007401410893951632
scn-4806838055bc,299559783,FHDDM,0.8827107667399098,0.03154474300026777,0,4.0,0.0,0.0,4.0,0.0,0.0,,0.0,0.0,1.0,,,inf,34527.0,,,0.0,34527.0,hyperplane_gauss,44235,2,0.11385294189676642,0.05789881171658635,4,virtual,gradual,177,0.32362774714827536,1.0,True,high,fast,virtual/gradual/K=4/recurring/high/fast/global/imbalanced/noisy,0.0,0.007401410893951632
scn-4806838055bc,299559783,NoDrift,0.8827107667399098,0.01770472799989875,0,4.0,0.0,0.0,4.0,0.0,0.0,,0.0,0.0,1.0,,,inf,34527.0,,,0.0,34527.0,hyperplane_gauss,44235,2,0.11385294189676642,0.05789881171658635,4,virtual,gradual,177,0.32362774714827536,1.0,True,high,fast,virtual/gradual/K=4/recurring/high/fast/global/imbalanced/noisy,0.0,0.007401410893951632
scn-4806838055bc,299559783,Periodic(2000),0.8883080837284607,0.01966491599978326,21,4.0,21.0,4.0,0.0,16.0,1.0,0.19047619047619047,1.0,0.32,0.0,971.5,1067.0,2157.9375,2157.9375,2.2212429233144624,2.2212429233144624,0.4634054508066151,34527.0,hyperplane_gauss,44235,2,0.11385294189676642,0.05789881171658635,4,virtual,gradual,177,0.32362774714827536,1.0,True,high,fast,virtual/gradual/K=4/recurring/high/fast/global/imbalanced/noisy,0.005597316988550927,0.0018040939054007055
scn-4806838055bc,299559783,Oracle,0.8901121776338614,0.0212393929996324,4,4.0,4.0,4.0,0.0,0.0,0.0,1.0,1.0,1.0,0.0,89.0,89.0,inf,34527.0,inf,387.9438202247191,0.0,34527.0,hyperplane_gauss,44235,2,0.11385294189676642,0.05789881171658635,4,virtual,gradual,177,0.32362774714827536,1.0,True,high,fast,virtual/gradual/K=4/recurring/high/fast/global/imbalanced/noisy,0.007401410893951632,-0.0
scn-0ced51fc341d,1630796988,ADWIN,0.7884517118037813,0.10917338399985965,10,1.0,10.0,0.0,1.0,10.0,0.0,0.0,0.0,0.0,1.0,,,3679.2,3679.2,,,0.27179821700369644,36792.0,hyperplane_gauss,40140,35,0.32731090490706266,0.12401235597208142,1,real,incremental,348,0.07402303869857232,0.2370076395571232,False,low,fast,real/incremental/K=1/low/fast/partial/imbalanced/noisy,-0.03456821665815024,0.03285641287685237
scn-0ced51fc341d,1630796988,KSWIN,0.8230199284619315,8.344582574000015,0,1.0,0.0,0.0,1.0,0.0,0.0,,0.0,0.0,1.0,,,inf,36792.0,,,0.0,36792.0,hyperplane_gauss,40140,35,0.32731090490706266,0.12401235597208142,1,real,incremental,348,0.07402303869857232,0.2370076395571232,False,low,fast,real/incremental/K=1/low/fast/partial/imbalanced/noisy,0.0,-0.0017118037812978715
scn-0ced51fc341d,1630796988,PageHinkley,0.7513030148185998,0.1523239870002726,27,1.0,27.0,1.0,0.0,25.0,1.0,0.037037037037037035,1.0,0.07142857142857142,0.0,54.0,54.0,1471.68,1471.68,27.253333333333334,27.253333333333334,0.6794955425092412,36792.0,hyperplane_gauss,40140,35,0.32731090490706266,0.12401235597208142,1,real,incremental,348,0.07402303869857232,0.2370076395571232,False,low,fast,real/incremental/K=1/low/fast/partial/imbalanced/noisy,-0.07171691364333166,0.07000510986203379
scn-0ced51fc341d,1630796988,PageHinkley-up,0.8205416453755748,0.10473947099990255,1,1.0,1.0,1.0,0.0,0.0,0.0,1.0,1.0,1.0,0.0,1976.0,1976.0,inf,36792.0,inf,18.619433198380566,0.0,36792.0,hyperplane_gauss,40140,35,0.32731090490706266,0.12401235597208142,1,real,incremental,348,0.07402303869857232,0.2370076395571232,False,low,fast,real/incremental/K=1/low/fast/partial/imbalanced/noisy,-0.0024782830863566696,0.0007664793050587981
scn-0ced51fc341d,1630796988,DDM,0.8230199284619315,0.1013990740002555,0,1.0,0.0,0.0,1.0,0.0,0.0,,0.0,0.0,1.0,,,inf,36792.0,,,0.0,36792.0,hyperplane_gauss,40140,35,0.32731090490706266,0.12401235597208142,1,real,incremental,348,0.07402303869857232,0.2370076395571232,False,low,fast,real/incremental/K=1/low/fast/partial/imbalanced/noisy,0.0,-0.0017118037812978715
scn-0ced51fc341d,1630796988,EDDM,0.819443025038324,0.10041857299984258,2,1.0,2.0,0.0,1.0,2.0,0.0,0.0,0.0,0.0,1.0,,,18396.0,18396.0,,,0.05435964340073929,36792.0,hyperplane_gauss,40140,35,0.32731090490706266,0.12401235597208142,1,real,incremental,348,0.07402303869857232,0.2370076395571232,False,low,fast,real/incremental/K=1/low/fast/partial/imbalanced/noisy,-0.0035769034236075026,0.001865099642309631
scn-0ced51fc341d,1630796988,HDDM_A,0.8230199284619315,0.17610068900012266,0,1.0,0.0,0.0,1.0,0.0,0.0,,0.0,0.0,1.0,,,inf,36792.0,,,0.0,36792.0,hyperplane_gauss,40140,35,0.32731090490706266,0.12401235597208142,1,real,incremental,348,0.07402303869857232,0.2370076395571232,False,low,fast,real/incremental/K=1/low/fast/partial/imbalanced/noisy,0.0,-0.0017118037812978715
scn-0ced51fc341d,1630796988,HDDM_W,0.8230199284619315,0.18235097499973563,0,1.0,0.0,0.0,1.0,0.0,0.0,,0.0,0.0,1.0,,,inf,36792.0,,,0.0,36792.0,hyperplane_gauss,40140,35,0.32731090490706266,0.12401235597208142,1,real,incremental,348,0.07402303869857232,0.2370076395571232,False,low,fast,real/incremental/K=1/low/fast/partial/imbalanced/noisy,0.0,-0.0017118037812978715
scn-0ced51fc341d,1630796988,FHDDM,0.8230199284619315,0.09697169099990788,0,1.0,0.0,0.0,1.0,0.0,0.0,,0.0,0.0,1.0,,,inf,36792.0,,,0.0,36792.0,hyperplane_gauss,40140,35,0.32731090490706266,0.12401235597208142,1,real,incremental,348,0.07402303869857232,0.2370076395571232,False,low,fast,real/incremental/K=1/low/fast/partial/imbalanced/noisy,0.0,-0.0017118037812978715
scn-0ced51fc341d,1630796988,NoDrift,0.8230199284619315,0.08679694599959475,0,1.0,0.0,0.0,1.0,0.0,0.0,,0.0,0.0,1.0,,,inf,36792.0,,,0.0,36792.0,hyperplane_gauss,40140,35,0.32731090490706266,0.12401235597208142,1,real,incremental,348,0.07402303869857232,0.2370076395571232,False,low,fast,real/incremental/K=1/low/fast/partial/imbalanced/noisy,0.0,-0.0017118037812978715
scn-0ced51fc341d,1630796988,Periodic(2000),0.7618804292284108,0.08995550200006619,19,1.0,19.0,1.0,0.0,18.0,0.0,0.05263157894736842,1.0,0.1,0.0,1604.0,1604.0,2044.0,2044.0,1.2743142144638404,1.2743142144638404,0.4892367906066536,36792.0,hyperplane_gauss,40140,35,0.32731090490706266,0.12401235597208142,1,real,incremental,348,0.07402303869857232,0.2370076395571232,False,low,fast,real/incremental/K=1/low/fast/partial/imbalanced/noisy,-0.06113949923352069,0.05942769545222282
scn-0ced51fc341d,1630796988,Oracle,0.8213081246806336,0.08730416399976093,1,1.0,1.0,1.0,0.0,0.0,0.0,1.0,1.0,1.0,0.0,175.0,175.0,inf,36792.0,inf,210.24,0.0,36792.0,hyperplane_gauss,40140,35,0.32731090490706266,0.12401235597208142,1,real,incremental,348,0.07402303869857232,0.2370076395571232,False,low,fast,real/incremental/K=1/low/fast/partial/imbalanced/noisy,-0.0017118037812978715,-0.0
scn-0ced51fc341d,1630796989,ADWIN,0.8225600408788962,0.09573474500029988,0,1.0,0.0,0.0,1.0,0.0,0.0,,0.0,0.0,1.0,,,inf,36792.0,,,0.0,36792.0,hyperplane_gauss,40140,35,0.32731090490706266,0.12401235597208142,1,real,incremental,348,0.07402303869857232,0.2370076395571232,False,low,fast,real/incremental/K=1/low/fast/partial/imbalanced/noisy,0.0,-0.00040878896269791465
scn-0ced51fc341d,1630796989,KSWIN,0.8225600408788962,8.300746476999848,0,1.0,0.0,0.0,1.0,0.0,0.0,,0.0,0.0,1.0,,,inf,36792.0,,,0.0,36792.0,hyperplane_gauss,40140,35,0.32731090490706266,0.12401235597208142,1,real,incremental,348,0.07402303869857232,0.2370076395571232,False,low,fast,real/incremental/K=1/low/fast/partial/imbalanced/noisy,0.0,-0.00040878896269791465
scn-0ced51fc341d,1630796989,PageHinkley,0.7517118037812979,0.15644316499992783,27,1.0,27.0,1.0,0.0,25.0,1.0,0.037037037037037035,1.0,0.07142857142857142,0.0,948.0,948.0,1471.68,1471.68,1.5524050632911393,1.5524050632911393,0.6794955425092412,36792.0,hyperplane_gauss,40140,35,0.32731090490706266,0.12401235597208142,1,real,incremental,348,0.07402303869857232,0.2370076395571232,False,low,fast,real/incremental/K=1/low/fast/partial/imbalanced/noisy,-0.07084823709759835,0.07043944813490044
scn-0ced51fc341d,1630796989,PageHinkley-up,0.8214103219213081,0.10735704899980192,1,1.0,1.0,1.0,0.0,0.0,0.0,1.0,1.0,1.0,0.0,2203.0,2203.0,inf,36792.0,inf,16.700862460281435,0.0,36792.0,hyperplane_gauss,40140,35,0.32731090490706266,0.12401235597208142,1,real,incremental,348,0.07402303869857232,0.2370076395571232,False,low,fast,real/incremental/K=1/low/fast/partial/imbalanced/noisy,-0.0011497189575880862,0.0007409299948901715
scn-0ced51fc341d,1630796989,DDM,0.8225600408788962,0.10544479000009233,0,1.0,0.0,0.0,1.0,0.0,0.0,,0.0,0.0,1.0,,,inf,36792.0,,,0.0,36792.0,hyperplane_gauss,40140,35,0.32731090490706266,0.12401235597208142,1,real,incremental,348,0.07402303869857232,0.2370076395571232,False,low,fast,real/incremental/K=1/low/fast/partial/imbalanced/noisy,0.0,-0.00040878896269791465
scn-0ced51fc341d,1630796989,EDDM,0.8184210526315789,0.11680028299997502,5,1.0,5.0,0.0,1.0,5.0,0.0,0.0,0.0,0.0,1.0,,,7358.4,7358.4,,,0.13589910850184822,36792.0,hyperplane_gauss,40140,35,0.32731090490706266,0.12401235597208142,1,real,incremental,348,0.07402303869857232,0.2370076395571232,False,low,fast,real/incremental/K=1/low/fast/partial/imbalanced/noisy,-0.004138988247317288,0.0037301992846193732
scn-0ced51fc341d,1630796989,HDDM_A,0.8162238119570772,0.21447031200023048,2,1.0,2.0,0.0,1.0,2.0,0.0,0.0,0.0,0.0,1.0,,,18396.0,18396.0,,,0.05435964340073929,36792.0,hyperplane_gauss,40140,35,0.32731090490706266,0.12401235597208142,1,real,incremental,348,0.07402303869857232,0.2370076395571232,False,low,fast,real/incremental/K=1/low/fast/partial/imbalanced/noisy,-0.006336228921819065,0.00592743995912115
scn-0ced51fc341d,1630796989,HDDM_W,0.8083546244251405,0.1991529020001508,4,1.0,4.0,0.0,1.0,4.0,0.0,0.0,0.0,0.0,1.0,,,9198.0,9198.0,,,0.10871928680147858,36792.0,hyperplane_gauss,40140,35,0.32731090490706266,0.12401235597208142,1,real,incremental,348,0.07402303869857232,0.2370076395571232,False,low,fast,real/incremental/K=1/low/fast/partial/imbalanced/noisy,-0.014205416453755726,0.013796627491057811
scn-0ced51fc341d,1630796989,FHDDM,0.8225600408788962,0.09894287699989945,0,1.0,0.0,0.0,1.0,0.0,0.0,,0.0,0.0,1.0,,,inf,36792.0,,,0.0,36792.0,hyperplane_gauss,40140,35,0.32731090490706266,0.12401235597208142,1,real,incremental,348,0.07402303869857232,0.2370076395571232,False,low,fast,real/incremental/K=1/low/fast/partial/imbalanced/noisy,0.0,-0.00040878896269791465
scn-0ced51fc341d,1630796989,NoDrift,0.8225600408788962,0.08621118199971534,0,1.0,0.0,0.0,1.0,0.0,0.0,,0.0,0.0,1.0,,,inf,36792.0,,,0.0,36792.0,hyperplane_gauss,40140,35,0.32731090490706266,0.12401235597208142,1,real,incremental,348,0.07402303869857232,0.2370076395571232,False,low,fast,real/incremental/K=1/low/fast/partial/imbalanced/noisy,0.0,-0.00040878896269791465
scn-0ced51fc341d,1630796989,Periodic(2000),0.7648952478283086,0.09166127900016363,19,1.0,19.0,1.0,0.0,18.0,0.0,0.05263157894736842,1.0,0.1,0.0,1604.0,1604.0,2044.0,2044.0,1.2743142144638404,1.2743142144638404,0.4892367906066536,36792.0,hyperplane_gauss,40140,35,0.32731090490706266,0.12401235597208142,1,real,incremental,348,0.07402303869857232,0.2370076395571232,False,low,fast,real/incremental/K=1/low/fast/partial/imbalanced/noisy,-0.05766479305058758,0.05725600408788967
scn-0ced51fc341d,1630796989,Oracle,0.8221512519161983,0.09018983799978741,1,1.0,1.0,1.0,0.0,0.0,0.0,1.0,1.0,1.0,0.0,175.0,175.0,inf,36792.0,inf,210.24,0.0,36792.0,hyperplane_gauss,40140,35,0.32731090490706266,0.12401235597208142,1,real,incremental,348,0.07402303869857232,0.2370076395571232,False,low,fast,real/incremental/K=1/low/fast/partial/imbalanced/noisy,-0.00040878896269791465,-0.0
scn-0ced51fc341d,1630796990,ADWIN,0.8021716913643332,0.10461681100014175,6,1.0,6.0,0.0,1.0,6.0,0.0,0.0,0.0,0.0,1.0,,,6132.0,6132.0,,,0.16307893020221786,36792.0,hyperplane_gauss,40140,35,0.32731090490706266,0.12401235597208142,1,real,incremental,348,0.07402303869857232,0.2370076395571232,False,low,fast,real/incremental/K=1/low/fast/partial/imbalanced/noisy,-0.016709248850281022,0.018778742973939666
scn-0ced51fc341d,1630796990,KSWIN,0.8188809402146142,8.265955137000219,0,1.0,0.0,0.0,1.0,0.0,0.0,,0.0,0.0,1.0,,,inf,36792.0,,,0.0,36792.0,hyperplane_gauss,40140,35,0.32731090490706266,0.12401235597208142,1,real,incremental,348,0.07402303869857232,0.2370076395571232,False,low,fast,real/incremental/K=1/low/fast/partial/imbalanced/noisy,0.0,0.002069494123658644
scn-0ced51fc341d,1630796990,PageHinkley,0.744404701073071,0.1791556190000847,34,1.0,34.0,1.0,0.0,31.0,2.0,0.029411764705882353,1.0,0.05714285714285715,0.0,791.0,791.0,1186.8387096774193,1186.8387096774193,1.5004282043962316,1.5004282043962316,0.842574472711459,36792.0,hyperplane_gauss,40140,35,0.32731090490706266,0.12401235597208142,1,real,incremental,348,0.07402303869857232,0.2370076395571232,False,low,fast,real/incremental/K=1/low/fast/partial/imbalanced/noisy,-0.07447623914154322,0.07654573326520187
scn-0ced51fc341d,1630796990,PageHinkley-up,0.8201839550332141,0.10677341900009196,1,1.0,1.0,1.0,0.0,0.0,0.0,1.0,1.0,1.0,0.0,1425.0,1425.0,inf,36792.0,inf,25.818947368421053,0.0,36792.0,hyperplane_gauss,40140,35,0.32731090490706266,0.12401235597208142,1,real,incremental,348,0.07402303869857232,0.2370076395571232,False,low,fast,real/incremental/K=1/low/fast/partial/imbalanced/noisy,0.0013030148185998458,0.0007664793050587981
scn-0ced51fc341d,1630796990,DDM,0.8188809402146142,0.10220922100006646,0,1.0,0.0,0.0,1.0,0.0,0.0,,0.0,0.0,1.0,,,inf,36792.0,,,0.0,36792.0,hyperplane_gauss,40140,35,0.32731090490706266,0.12401235597208142,1,real,incremental,348,0.07402303869857232,0.2370076395571232,False,low,fast,real/incremental/K=1/low/fast/partial/imbalanced/noisy,0.0,0.002069494123658644
scn-0ced51fc341d,1630796990,EDDM,0.8141798671435871,0.10268799200002832,2,1.0,2.0,0.0,1.0,2.0,0.0,0.0,0.0,0.0,1.0,,,18396.0,18396.0,,,0.05435964340073929,36792.0,hyperplane_gauss,40140,35,0.32731090490706266,0.12401235597208142,1,real,incremental,348,0.07402303869857232,0.2370076395571232,False,low,fast,real/incremental/K=1/low/fast/partial/imbalanced/noisy,-0.004701073071027073,0.006770567194685717
scn-0ced51fc341d,1630796990,HDDM_A,0.8116760347470618,0.2023916250000184,2,1.0,2.0,0.0,1.0,2.0,0.0,0.0,0.0,0.0,1.0,,,18396.0,18396.0,,,0.05435964340073929,36792.0,hyperplane_gauss,40140,35,0.32731090490706266,0.12401235597208142,1,real,incremental,348,0.07402303869857232,0.2370076395571232,False,low,fast,real/incremental/K=1/low/fast/partial/imbalanced/noisy,-0.007204905467552369,0.009274399591211013
scn-0ced51fc341d,1630796990,HDDM_W,0.8191108840061319,0.18322882100028437,1,1.0,1.0,1.0,0.0,0.0,0.0,1.0,1.0,1.0,0.0,2183.0,2183.0,inf,36792.0,inf,16.853870819972514,0.0,36792.0,hyperplane_gauss,40140,35,0.32731090490706266,0.12401235597208142,1,real,incremental,348,0.07402303869857232,0.2370076395571232,False,low,fast,real/incremental/K=1/low/fast/partial/imbalanced/noisy,0.00022994379151763944,0.0018395503321410045
scn-0ced51fc341d,1630796990,FHDDM,0.8179611650485437,0.09762710199993307,1,1.0,1.0,0.0,1.0,1.0,0.0,0.0,0.0,0.0,1.0,,,36792.0,36792.0,,,0.027179821700369644,36792.0,hyperplane_gauss,40140,35,0.32731090490706266,0.12401235597208142,1,real,incremental,348,0.07402303869857232,0.2370076395571232,False,low,fast,real/incremental/K=1/low/fast/partial/imbalanced/noisy,-0.0009197751660705578,0.0029892692897292017
scn-0ced51fc341d,1630796990,NoDrift,0.8188809402146142,0.08462643499979094,0,1.0,0.0,0.0,1.0,0.0,0.0,,0.0,0.0,1.0,,,inf,36792.0,,,0.0,36792.0,hyperplane_gauss,40140,35,0.32731090490706266,0.12401235597208142,1,real,incremental,348,0.07402303869857232,0.2370076395571232,False,low,fast,real/incremental/K=1/low/fast/partial/imbalanced/noisy,0.0,0.002069494123658644
scn-0ced51fc341d,1630796990,Periodic(2000),0.7641287685232498,0.08929068600036771,19,1.0,19.0,1.0,0.0,18.0,0.0,0.05263157894736842,1.0,0.1,0.0,1604.0,1604.0,2044.0,2044.0,1.2743142144638404,1.2743142144638404,0.4892367906066536,36792.0,hyperplane_gauss,40140,35,0.32731090490706266,0.12401235597208142,1,real,incremental,348,0.07402303869857232,0.2370076395571232,False,low,fast,real/incremental/K=1/low/fast/partial/imbalanced/noisy,-0.05475217169136437,0.056821665815023015
scn-0ced51fc341d,1630796990,Oracle,0.8209504343382729,0.08808635300010792,1,1.0,1.0,1.0,0.0,0.0,0.0,1.0,1.0,1.0,0.0,175.0,175.0,inf,36792.0,inf,210.24,0.0,36792.0,hyperplane_gauss,40140,35,0.32731090490706266,0.12401235597208142,1,real,incremental,348,0.07402303869857232,0.2370076395571232,False,low,fast,real/incremental/K=1/low/fast/partial/imbalanced/noisy,0.002069494123658644,-0.0
scn-848af627ede3,5520125,ADWIN,0.8032909498878086,0.019511899999997695,2,3.0,2.0,1.0,2.0,1.0,0.0,0.5,0.3333333333333333,0.4,0.6666666666666667,473.0,473.0,12718.0,12718.0,8.962649753347426,8.962649753347426,0.07862871520679351,12718.0,hyperplane_gauss,19718,8,0.13787006377242506,0.15375632643699647,3,prior,sudden,0,0.31349060326814654,1.0,False,high,abrupt,prior/sudden/K=3/high/abrupt/n/a/imbalanced/noisy,-0.014691740570573764,-0.004541083449086547
scn-848af627ede3,5520125,KSWIN,0.8179826904583823,3.881638757000019,0,3.0,0.0,0.0,3.0,0.0,0.0,,0.0,0.0,1.0,,,inf,12718.0,,,0.0,12718.0,hyperplane_gauss,19718,8,0.13787006377242506,0.15375632643699647,3,prior,sudden,0,0.31349060326814654,1.0,False,high,abrupt,prior/sudden/K=3/high/abrupt/n/a/imbalanced/noisy,0.0,-0.01923282401966031
scn-848af627ede3,5520125,PageHinkley,0.788171813227909,0.02680543500036947,7,3.0,7.0,3.0,0.0,3.0,1.0,0.42857142857142855,1.0,0.6,0.0,744.0,815.0,4239.333333333333,4239.333333333333,5.698028673835125,5.698028673835125,0.23588614562038057,12718.0,hyperplane_gauss,19718,8,0.13787006377242506,0.15375632643699647,3,prior,sudden,0,0.31349060326814654,1.0,False,high,abrupt,prior/sudden/K=3/high/abrupt/n/a/imbalanced/noisy,-0.029810877230473376,0.010578053210813065
scn-848af627ede3,5520125,PageHinkley-up,0.8035046479324714,0.02328344499983359,2,3.0,2.0,1.0,2.0,1.0,0.0,0.5,0.3333333333333333,0.4,0.6666666666666667,815.0,815.0,12718.0,12718.0,5.20163599182004,5.20163599182004,0.07862871520679351,12718.0,hyperplane_gauss,19718,8,0.13787006377242506,0.15375632643699647,3,prior,sudden,0,0.31349060326814654,1.0,False,high,abrupt,prior/sudden/K=3/high/abrupt/n/a/imbalanced/noisy,-0.014478042525910895,-0.004754781493749416
scn-848af627ede3,5520125,DDM,0.8122128432524842,0.023722605999864754,2,3.0,2.0,0.0,3.0,2.0,0.0,0.0,0.0,0.0,1.0,,,6359.0,6359.0,,,0.15725743041358703,12718.0,hyperplane_gauss,19718,8,0.13787006377242506,0.15375632643699647,3,prior,sudden,0,0.31349060326814654,1.0,False,high,abrupt,prior/sudden/K=3/high/abrupt/n/a/imbalanced/noisy,-0.0057698472058981265,-0.013462976813762184
scn-848af627ede3,5520125,EDDM,0.8123731167859815,0.019842348000111087,1,3.0,1.0,0.0,3.0,1.0,0.0,0.0,0.0,0.0,1.0,,,12718.0,12718.0,,,0.07862871520679351,12718.0,hyperplane_gauss,19718,8,0.13787006377242506,0.15375632643699647,3,prior,sudden,0,0.31349060326814654,1.0,False,high,abrupt,prior/sudden/K=3/high/abrupt/n/a/imbalanced/noisy,-0.0056095736724008916,-0.013623250347259419
scn-848af627ede3,5520125,HDDM_A,0.8042525910887915,0.06526603200018144,1,3.0,1.0,1.0,2.0,0.0,0.0,1.0,0.3333333333333333,0.5,0.6666666666666667,246.0,246.0,inf,12718.0,inf,17.2330623306233,0.0,12718.0,hyperplane_gauss,19718,8,0.13787006377242506,0.15375632643699647,3,prior,sudden,0,0.31349060326814654,1.0,False,high,abrupt,prior/sudden/K=3/high/abrupt/n/a/imbalanced/noisy,-0.013730099369590798,-0.005502724650069513
scn-848af627ede3,5520125,HDDM_W,0.807618335292232,0.06463153499998953,2,3.0,2.0,2.0,1.0,0.0,0.0,1.0,0.6666666666666666,0.8,0.33333333333333337,355.0,355.0,inf,12718.0,inf,23.88356807511737,0.0,12718.0,hyperplane_gauss,19718,8,0.13787006377242506,0.15375632643699647,3,prior,sudden,0,0.31349060326814654,1.0,False,high,abrupt,prior/sudden/K=3/high/abrupt/n/a/imbalanced/noisy,-0.010364355166150307,-0.008868468853510003
scn-848af627ede3,5520125,FHDDM,0.8171813227908965,0.02020211599983668,1,3.0,1.0,0.0,3.0,1.0,0.0,0.0,0.0,0.0,1.0,,,12718.0,12718.0,,,0.07862871520679351,12718.0,hyperplane_gauss,19718,8,0.13787006377242506,0.15375632643699647,3,prior,sudden,0,0.31349060326814654,1.0,False,high,abrupt,prior/sudden/K=3/high/abrupt/n/a/imbalanced/noisy,-0.0008013676674858417,-0.01843145635217447
scn-848af627ede3,5520125,NoDrift,0.8179826904583823,0.013389990000177932,0,3.0,0.0,0.0,3.0,0.0,0.0,,0.0,0.0,1.0,,,inf,12718.0,,,0.0,12718.0,hyperplane_gauss,19718,8,0.13787006377242506,0.15375632643699647,3,prior,sudden,0,0.31349060326814654,1.0,False,high,abrupt,prior/sudden/K=3/high/abrupt/n/a/imbalanced/noisy,0.0,-0.01923282401966031
scn-848af627ede3,5520125,Periodic(2000),0.7882252377390747,0.014804579000156082,9,3.0,9.0,3.0,0.0,6.0,0.0,0.3333333333333333,1.0,0.5,0.0,1641.3333333333333,1641.0,2119.6666666666665,2119.6666666666665,1.291429731925264,1.291429731925264,0.47177229124076114,12718.0,hyperplane_gauss,19718,8,0.13787006377242506,0.15375632643699647,3,prior,sudden,0,0.31349060326814654,1.0,False,high,abrupt,prior/sudden/K=3/high/abrupt/n/a/imbalanced/noisy,-0.02975745271930763,0.01052462869964732
scn-848af627ede3,5520125,Oracle,0.798749866438722,0.017331949999970675,3,3.0,3.0,3.0,0.0,0.0,0.0,1.0,1.0,1.0,0.0,1.0,1.0,inf,12718.0,inf,12718.0,0.0,12718.0,hyperplane_gauss,19718,8,0.13787006377242506,0.15375632643699647,3,prior,sudden,0,0.31349060326814654,1.0,False,high,abrupt,prior/sudden/K=3/high/abrupt/n/a/imbalanced/noisy,-0.01923282401966031,-0.0
scn-848af627ede3,5520126,ADWIN,0.7962389144139331,0.018397769999864977,1,3.0,1.0,0.0,3.0,1.0,0.0,0.0,0.0,0.0,1.0,,,12718.0,12718.0,,,0.07862871520679351,12718.0,hyperplane_gauss,19718,8,0.13787006377242506,0.15375632643699647,3,prior,sudden,0,0.31349060326814654,1.0,False,high,abrupt,prior/sudden/K=3/high/abrupt/n/a/imbalanced/noisy,-0.016134202372048323,0.0033657442034404905
scn-848af627ede3,5520126,KSWIN,0.8123731167859815,3.912829415000033,0,3.0,0.0,0.0,3.0,0.0,0.0,,0.0,0.0,1.0,,,inf,12718.0,,,0.0,12718.0,hyperplane_gauss,19718,8,0.13787006377242506,0.15375632643699647,3,prior,sudden,0,0.31349060326814654,1.0,False,high,abrupt,prior/sudden/K=3/high/abrupt/n/a/imbalanced/noisy,0.0,-0.012768458168607832
scn-848af627ede3,5520126,PageHinkley,0.8039320440217972,0.024632378999740467,2,3.0,2.0,1.0,2.0,1.0,0.0,0.5,0.3333333333333333,0.4,0.6666666666666667,1375.0,1375.0,12718.0,12718.0,3.0831515151515143,3.0831515151515143,0.07862871520679351,12718.0,hyperplane_gauss,19718,8,0.13787006377242506,0.15375632643699647,3,prior,sudden,0,0.31349060326814654,1.0,False,high,abrupt,prior/sudden/K=3/high/abrupt/n/a/imbalanced/noisy,-0.008441072764184265,-0.004327385404423567
scn-848af627ede3,5520126,PageHinkley-up,0.8079388823592264,0.023855375000039203,1,3.0,1.0,0.0,3.0,1.0,0.0,0.0,0.0,0.0,1.0,,,12718.0,12718.0,,,0.07862871520679351,12718.0,hyperplane_gauss,19718,8,0.13787006377242506,0.15375632643699647,3,prior,sudden,0,0.31349060326814654,1.0,False,high,abrupt,prior/sudden/K=3/high/abrupt/n/a/imbalanced/noisy,-0.004434234426755057,-0.008334223741852775
scn-848af627ede3,5520126,DDM,0.8123731167859815,0.02245270299999902,0,3.0,0.0,0.0,3.0,0.0,0.0,,0.0,0.0,1.0,,,inf,12718.0,,,0.0,12718.0,hyperplane_gauss,19718,8,0.13787006377242506,0.15375632643699647,3,prior,sudden,0,0.31349060326814654,1.0,False,high,abrupt,prior/sudden/K=3/high/abrupt/n/a/imbalanced/noisy,0.0,-0.012768458168607832
scn-848af627ede3,5520126,EDDM,0.8074580617587349,0.020873461000064708,2,3.0,2.0,0.0,3.0,2.0,0.0,0.0,0.0,0.0,1.0,,,6359.0,6359.0,,,0.15725743041358703,12718.0,hyperplane_gauss,19718,8,0.13787006377242506,0.15375632643699647,3,prior,sudden,0,0.31349060326814654,1.0,False,high,abrupt,prior/sudden/K=3/high/abrupt/n/a/imbalanced/noisy,-0.00491505502724654,-0.007853403141361293
scn-848af627ede3,5520126,HDDM_A,0.7984827438828934,0.0664465449999625,1,3.0,1.0,0.0,3.0,1.0,0.0,0.0,0.0,0.0,1.0,,,12718.0,12718.0,,,0.07862871520679351,12718.0,hyperplane_gauss,19718,8,0.13787006377242506,0.15375632643699647,3,prior,sudden,0,0.31349060326814654,1.0,False,high,abrupt,prior/sudden/K=3/high/abrupt/n/a/imbalanced/noisy,-0.013890372903088033,0.0011219147344802005
scn-848af627ede3,5520126,HDDM_W,0.7968800085479217,0.06693929399989429,3,3.0,3.0,2.0,1.0,1.0,0.0,0.6666666666666666,0.6666666666666666,0.6666666666666666,0.33333333333333337,743.5,743.5,12718.0,12718.0,11.403721138758126,11.403721138758126,0.07862871520679351,12718.0,hyperplane_gauss,19718,8,0.13787006377242506,0.15375632643699647,3,prior,sudden,0,0.31349060326814654,1.0,False,high,abrupt,prior/sudden/K=3/high/abrupt/n/a/imbalanced/noisy,-0.015493108238059716,0.002724650069451884
scn-848af627ede3,5520126,FHDDM,0.8054813548456031,0.020977010000024165,2,3.0,2.0,2.0,1.0,0.0,0.0,1.0,0.6666666666666666,0.8,0.33333333333333337,760.5,760.5,inf,12718.0,inf,11.148805610344072,0.0,12718.0,hyperplane_gauss,19718,8,0.13787006377242506,0.15375632643699647,3,prior,sudden,0,0.31349060326814654,1.0,False,high,abrupt,prior/sudden/K=3/high/abrupt/n/a/imbalanced/noisy,-0.006891761940378327,-0.0058766962282295054
scn-848af627ede3,5520126,NoDrift,0.8123731167859815,0.013605759000256512,0,3.0,0.0,0.0,3.0,0.0,0.0,,0.0,0.0,1.0,,,inf,12718.0,,,0.0,12718.0,hyperplane_gauss,19718,8,0.13787006377242506,0.15375632643699647,3,prior,sudden,0,0.31349060326814654,1.0,False,high,abrupt,prior/sudden/K=3/high/abrupt/n/a/imbalanced/noisy,0.0,-0.012768458168607832
scn-848af627ede3,5520126,Periodic(2000),0.7894540014958863,0.015250587000082305,9,3.0,9.0,3.0,0.0,6.0,0.0,0.3333333333333333,1.0,0.5,0.0,1641.3333333333333,1641.0,2119.6666666666665,2119.6666666666665,1.291429731925264,1.291429731925264,0.47177229124076114,12718.0,hyperplane_gauss,19718,8,0.13787006377242506,0.15375632643699647,3,prior,sudden,0,0.31349060326814654,1.0,False,high,abrupt,prior/sudden/K=3/high/abrupt/n/a/imbalanced/noisy,-0.02291911529009516,0.010150657121487328
scn-848af627ede3,5520126,Oracle,0.7996046586173736,0.017624925000291114,3,3.0,3.0,3.0,0.0,0.0,0.0,1.0,1.0,1.0,0.0,1.0,1.0,inf,12718.0,inf,12718.0,0.0,12718.0,hyperplane_gauss,19718,8,0.13787006377242506,0.15375632643699647,3,prior,sudden,0,0.31349060326814654,1.0,False,high,abrupt,prior/sudden/K=3/high/abrupt/n/a/imbalanced/noisy,-0.012768458168607832,-0.0
scn-848af627ede3,5520127,ADWIN,0.8108772304733411,0.018048685999929148,0,3.0,0.0,0.0,3.0,0.0,0.0,,0.0,0.0,1.0,,,inf,12718.0,,,0.0,12718.0,hyperplane_gauss,19718,8,0.13787006377242506,0.15375632643699647,3,prior,sudden,0,0.31349060326814654,1.0,False,high,abrupt,prior/sudden/K=3/high/abrupt/n/a/imbalanced/noisy,0.0,-0.015279410193396736
scn-848af627ede3,5520127,KSWIN,0.8108772304733411,3.8798533959998167,0,3.0,0.0,0.0,3.0,0.0,0.0,,0.0,0.0,1.0,,,inf,12718.0,,,0.0,12718.0,hyperplane_gauss,19718,8,0.13787006377242506,0.15375632643699647,3,prior,sudden,0,0.31349060326814654,1.0,False,high,abrupt,prior/sudden/K=3/high/abrupt/n/a/imbalanced/noisy,0.0,-0.015279410193396736
scn-848af627ede3,5520127,PageHinkley,0.7902019446522064,0.025493548000213195,5,3.0,5.0,2.0,1.0,3.0,0.0,0.4,0.6666666666666666,0.5,0.33333333333333337,1555.0,1555.0,4239.333333333333,4239.333333333333,1.8175062522329402,1.8175062522329402,0.23588614562038057,12718.0,hyperplane_gauss,19718,8,0.13787006377242506,0.15375632643699647,3,prior,sudden,0,0.31349060326814654,1.0,False,high,abrupt,prior/sudden/K=3/high/abrupt/n/a/imbalanced/noisy,-0.02067528582113476,0.005395875627738023
scn-848af627ede3,5520127,PageHinkley-up,0.8108772304733411,0.024056059000031382,1,3.0,1.0,1.0,2.0,0.0,0.0,1.0,0.3333333333333333,0.5,0.6666666666666667,1030.0,1030.0,inf,12718.0,inf,4.115857605177993,0.0,12718.0,hyperplane_gauss,19718,8,0.13787006377242506,0.15375632643699647,3,prior,sudden,0,0.31349060326814654,1.0,False,high,abrupt,prior/sudden/K=3/high/abrupt/n/a/imbalanced/noisy,0.0,-0.015279410193396736
scn-848af627ede3,5520127,DDM,0.8108772304733411,0.022486936999939644,0,3.0,0.0,0.0,3.0,0.0,0.0,,0.0,0.0,1.0,,,inf,12718.0,,,0.0,12718.0,hyperplane_gauss,19718,8,0.13787006377242506,0.15375632643699647,3,prior,sudden,0,0.31349060326814654,1.0,False,high,abrupt,prior/sudden/K=3/high/abrupt/n/a/imbalanced/noisy,0.0,-0.015279410193396736
scn-848af627ede3,5520127,EDDM,0.808793674537878,0.019863145999806875,1,3.0,1.0,0.0,3.0,1.0,0.0,0.0,0.0,0.0,1.0,,,12718.0,12718.0,,,0.07862871520679351,12718.0,hyperplane_gauss,19718,8,0.13787006377242506,0.15375632643699647,3,prior,sudden,0,0.31349060326814654,1.0,False,high,abrupt,prior/sudden/K=3/high/abrupt/n/a/imbalanced/noisy,-0.002083555935463166,-0.01319585425793357
scn-848af627ede3,5520127,HDDM_A,0.8108772304733411,0.062494404000062787,0,3.0,0.0,0.0,3.0,0.0,0.0,,0.0,0.0,1.0,,,inf,12718.0,,,0.0,12718.0,hyperplane_gauss,19718,8,0.13787006377242506,0.15375632643699647,3,prior,sudden,0,0.31349060326814654,1.0,False,high,abrupt,prior/sudden/K=3/high/abrupt/n/a/imbalanced/noisy,0.0,-0.015279410193396736
scn-848af627ede3,5520127,HDDM_W,0.809381344160701,0.0628186599997207,1,3.0,1.0,0.0,3.0,1.0,0.0,0.0,0.0,0.0,1.0,,,12718.0,12718.0,,,0.07862871520679351,12718.0,hyperplane_gauss,19718,8,0.13787006377242506,0.15375632643699647,3,prior,sudden,0,0.31349060326814654,1.0,False,high,abrupt,prior/sudden/K=3/high/abrupt/n/a/imbalanced/noisy,-0.0014958863126401933,-0.013783523880756543
scn-848af627ede3,5520127,FHDDM,0.809381344160701,0.0204116840000097,1,3.0,1.0,0.0,3.0,1.0,0.0,0.0,0.0,0.0,1.0,,,12718.0,12718.0,,,0.07862871520679351,12718.0,hyperplane_gauss,19718,8,0.13787006377242506,0.15375632643699647,3,prior,sudden,0,0.31349060326814654,1.0,False,high,abrupt,prior/sudden/K=3/high/abrupt/n/a/imbalanced/noisy,-0.0014958863126401933,-0.013783523880756543
scn-848af627ede3,5520127,NoDrift,0.8108772304733411,0.013604406000013114,0,3.0,0.0,0.0,3.0,0.0,0.0,,0.0,0.0,1.0,,,inf,12718.0,,,0.0,12718.0,hyperplane_gauss,19718,8,0.13787006377242506,0.15375632643699647,3,prior,sudden,0,0.31349060326814654,1.0,False,high,abrupt,prior/sudden/K=3/high/abrupt/n/a/imbalanced/noisy,0.0,-0.015279410193396736
scn-848af627ede3,5520127,Periodic(2000),0.7864088043594402,0.015539306999926339,9,3.0,9.0,3.0,0.0,6.0,0.0,0.3333333333333333,1.0,0.5,0.0,1641.3333333333333,1641.0,2119.6666666666665,2119.6666666666665,1.291429731925264,1.291429731925264,0.47177229124076114,12718.0,hyperplane_gauss,19718,8,0.13787006377242506,0.15375632643699647,3,prior,sudden,0,0.31349060326814654,1.0,False,high,abrupt,prior/sudden/K=3/high/abrupt/n/a/imbalanced/noisy,-0.024468426113900987,0.009189015920504251
scn-848af627ede3,5520127,Oracle,0.7955978202799444,0.017277115000069898,3,3.0,3.0,3.0,0.0,0.0,0.0,1.0,1.0,1.0,0.0,1.0,1.0,inf,12718.0,inf,12718.0,0.0,12718.0,hyperplane_gauss,19718,8,0.13787006377242506,0.15375632643699647,3,prior,sudden,0,0.31349060326814654,1.0,False,high,abrupt,prior/sudden/K=3/high/abrupt/n/a/imbalanced/noisy,-0.015279410193396736,-0.0
scn-79eae9d67f87,1120611205,ADWIN,0.8572737938114093,0.04580155400026342,9,4.0,9.0,4.0,0.0,3.0,2.0,0.4444444444444444,1.0,0.6153846153846153,0.0,1266.5,1097.0,3373.3333333333335,3373.3333333333335,2.6635083563626796,2.6635083563626796,0.2964426877470356,10120.0,hyperplane_gauss,28276,16,0.39628220987506213,0.049981746822595596,4,prior,gradual,2289,0.4472388637065888,1.0,False,high,slow,prior/gradual/K=4/high/slow/n/a/imbalanced/noisy,-0.014408271007479101,0.015838099428068575
scn-79eae9d67f87,1120611205,KSWIN,0.8716820648188884,5.793423381000139,0,4.0,0.0,0.0,4.0,0.0,0.0,,0.0,0.0,1.0,,,inf,10120.0,,,0.0,10120.0,hyperplane_gauss,28276,16,0.39628220987506213,0.049981746822595596,4,prior,gradual,2289,0.4472388637065888,1.0,False,high,slow,prior/gradual/K=4/high/slow/n/a/imbalanced/noisy,0.0,0.001429828420589474
scn-79eae9d67f87,1120611205,PageHinkley,0.8439653908197683,0.059285454000018944,16,4.0,16.0,4.0,0.0,3.0,9.0,0.25,1.0,0.4,0.0,897.5,893.0,3373.3333333333335,3373.3333333333335,3.7585886722376975,3.7585886722376975,0.2964426877470356,10120.0,hyperplane_gauss,28276,16,0.39628220987506213,0.049981746822595596,4,prior,gradual,2289,0.4472388637065888,1.0,False,high,slow,prior/gradual/K=4/high/slow/n/a/imbalanced/noisy,-0.027716673999120145,0.02914650241970962
scn-79eae9d67f87,1120611205,PageHinkley-up,0.9028816542014958,0.044548891999966145,2,4.0,2.0,2.0,2.0,0.0,0.0,1.0,0.5,0.6666666666666666,0.5,1006.5,1006.5,inf,10120.0,inf,5.027322404371585,0.0,10120.0,hyperplane_gauss,28276,16,0.39628220987506213,0.049981746822595596,4,prior,gradual,2289,0.4472388637065888,1.0,False,high,slow,prior/gradual/K=4/high/slow/n/a/imbalanced/noisy,0.031199589382607362,-0.029769760962017888
scn-79eae9d67f87,1120611205,DDM,0.898885467077284,0.045296663000044646,2,4.0,2.0,2.0,2.0,0.0,0.0,1.0,0.5,0.6666666666666666,0.5,1763.0,1763.0,inf,10120.0,inf,2.8701077708451503,0.0,10120.0,hyperplane_gauss,28276,16,0.39628220987506213,0.049981746822595596,4,prior,gradual,2289,0.4472388637065888,1.0,False,high,slow,prior/gradual/K=4/high/slow/n/a/imbalanced/noisy,0.02720340225839557,-0.025773573837806096
scn-79eae9d67f87,1120611205,EDDM,0.8899398738818008,0.042582058000334655,5,4.0,5.0,1.0,3.0,4.0,0.0,0.2,0.25,0.22222222222222224,0.75,1299.0,1299.0,2530.0,2530.0,0.4869130100076982,0.4869130100076982,0.3952569169960474,10120.0,hyperplane_gauss,28276,16,0.39628220987506213,0.049981746822595596,4,prior,gradual,2289,0.4472388637065888,1.0,False,high,slow,prior/gradual/K=4/high/slow/n/a/imbalanced/noisy,0.01825780906291241,-0.016827980642322937
scn-79eae9d67f87,1120611205,HDDM_A,0.8985555066725326,0.14010441500022353,2,4.0,2.0,2.0,2.0,0.0,0.0,1.0,0.5,0.6666666666666666,0.5,1819.5,1819.5,inf,10120.0,inf,2.780983786754603,0.0,10120.0,hyperplane_gauss,28276,16,0.39628220987506213,0.049981746822595596,4,prior,gradual,2289,0.4472388637065888,1.0,False,high,slow,prior/gradual/K=4/high/slow/n/a/imbalanced/noisy,0.026873441853644153,-0.02544361343305468
scn-79eae9d67f87,1120611205,HDDM_W,0.8834506525883561,0.0999624170003699,1,4.0,1.0,1.0,3.0,0.0,0.0,1.0,0.25,0.4,0.75,3075.0,3075.0,inf,10120.0,inf,0.8227642276422764,0.0,10120.0,hyperplane_gauss,28276,16,0.39628220987506213,0.049981746822595596,4,prior,gradual,2289,0.4472388637065888,1.0,False,high,slow,prior/gradual/K=4/high/slow/n/a/imbalanced/noisy,0.011768587769467653,-0.01033875934887818
scn-79eae9d67f87,1120611205,FHDDM,0.8871168793078164,0.039833627000007255,1,4.0,1.0,1.0,3.0,0.0,0.0,1.0,0.25,0.4,0.75,2604.0,2604.0,inf,10120.0,inf,0.9715821812596006,0.0,10120.0,hyperplane_gauss,28276,16,0.39628220987506213,0.049981746822595596,4,prior,gradual,2289,0.4472388637065888,1.0,False,high,slow,prior/gradual/K=4/high/slow/n/a/imbalanced/noisy,0.015434814488927917,-0.014004986068338443
scn-79eae9d67f87,1120611205,NoDrift,0.8716820648188884,0.03038922799987631,0,4.0,0.0,0.0,4.0,0.0,0.0,,0.0,0.0,1.0,,,inf,10120.0,,,0.0,10120.0,hyperplane_gauss,28276,16,0.39628220987506213,0.049981746822595596,4,prior,gradual,2289,0.4472388637065888,1.0,False,high,slow,prior/gradual/K=4/high/slow/n/a/imbalanced/noisy,0.0,0.001429828420589474
scn-79eae9d67f87,1120611205,Periodic(2000),0.8509678838539375,0.03244488000018464,13,4.0,13.0,4.0,0.0,4.0,5.0,0.3076923076923077,1.0,0.47058823529411764,0.0,1006.5,916.0,2530.0,2530.0,2.5136612021857925,2.5136612021857925,0.3952569169960474,10120.0,hyperplane_gauss,28276,16,0.39628220987506213,0.049981746822595596,4,prior,gradual,2289,0.4472388637065888,1.0,False,high,slow,prior/gradual/K=4/high/slow/n/a/imbalanced/noisy,-0.020714180964950923,0.022144009385540397
scn-79eae9d67f87,1120611205,Oracle,0.8731118932394779,0.03607971500014173,4,4.0,4.0,4.0,0.0,0.0,0.0,1.0,1.0,1.0,0.0,1145.0,1145.0,inf,10120.0,inf,8.838427947598253,0.0,10120.0,hyperplane_gauss,28276,16,0.39628220987506213,0.049981746822595596,4,prior,gradual,2289,0.4472388637065888,1.0,False,high,slow,prior/gradual/K=4/high/slow/n/a/imbalanced/noisy,0.001429828420589474,-0.0
scn-79eae9d67f87,1120611206,ADWIN,0.8638730019064379,0.0463340840001365,8,4.0,8.0,4.0,0.0,2.0,2.0,0.5,1.0,0.6666666666666666,0.0,1674.5,1383.5,5060.0,5060.0,3.021797551507913,3.021797551507913,0.1976284584980237,10120.0,hyperplane_gauss,28276,16,0.39628220987506213,0.049981746822595596,4,prior,gradual,2289,0.4472388637065888,1.0,False,high,slow,prior/gradual/K=4/high/slow/n/a/imbalanced/noisy,-0.011218653761548625,0.011475289631910801
scn-79eae9d67f87,1120611206,KSWIN,0.8832306789851885,5.755280549999952,1,4.0,1.0,1.0,3.0,0.0,0.0,1.0,0.25,0.4,0.75,3497.0,3497.0,inf,10120.0,inf,0.7234772662281956,0.0,10120.0,hyperplane_gauss,28276,16,0.39628220987506213,0.049981746822595596,4,prior,gradual,2289,0.4472388637065888,1.0,False,high,slow,prior/gradual/K=4/high/slow/n/a/imbalanced/noisy,0.008139023317201954,-0.007882387446839778
scn-79eae9d67f87,1120611206,PageHinkley,0.8480349024783692,0.06173588899991955,16,4.0,16.0,4.0,0.0,4.0,8.0,0.25,1.0,0.4,0.0,1204.25,782.5,2530.0,2530.0,2.1008926717874195,2.1008926717874195,0.3952569169960474,10120.0,hyperplane_gauss,28276,16,0.39628220987506213,0.049981746822595596,4,prior,gradual,2289,0.4472388637065888,1.0,False,high,slow,prior/gradual/K=4/high/slow/n/a/imbalanced/noisy,-0.02705675318961731,0.027313389059979487
scn-79eae9d67f87,1120611206,PageHinkley-up,0.902221733391993,0.044548326000040106,2,4.0,2.0,2.0,2.0,0.0,0.0,1.0,0.5,0.6666666666666666,0.5,750.0,750.0,inf,10120.0,inf,6.746666666666667,0.0,10120.0,hyperplane_gauss,28276,16,0.39628220987506213,0.049981746822595596,4,prior,gradual,2289,0.4472388637065888,1.0,False,high,slow,prior/gradual/K=4/high/slow/n/a/imbalanced/noisy,0.02713007772400644,-0.026873441853644264
scn-79eae9d67f87,1120611206,DDM,0.9013785012465171,0.04433742199989865,2,4.0,2.0,2.0,2.0,0.0,0.0,1.0,0.5,0.6666666666666666,0.5,1655.0,1655.0,inf,10120.0,inf,3.0574018126888216,0.0,10120.0,hyperplane_gauss,28276,16,0.39628220987506213,0.049981746822595596,4,prior,gradual,2289,0.4472388637065888,1.0,False,high,slow,prior/gradual/K=4/high/slow/n/a/imbalanced/noisy,0.02628684557853056,-0.026030209708168384
scn-79eae9d67f87,1120611206,EDDM,0.8961724593048834,0.04002208400015661,3,4.0,3.0,2.0,2.0,1.0,0.0,0.6666666666666666,0.5,0.5714285714285715,0.5,1989.5,1989.5,10120.0,10120.0,2.5433526011560694,2.5433526011560694,0.09881422924901186,10120.0,hyperplane_gauss,28276,16,0.39628220987506213,0.049981746822595596,4,prior,gradual,2289,0.4472388637065888,1.0,False,high,slow,prior/gradual/K=4/high/slow/n/a/imbalanced/noisy,0.021080803636896905,-0.02082416776653473
scn-79eae9d67f87,1120611206,HDDM_A,0.8964657574424403,0.138831583999945,2,4.0,2.0,2.0,2.0,0.0,0.0,1.0,0.5,0.6666666666666666,0.5,2224.5,2224.5,inf,10120.0,inf,2.274668464823556,0.0,10120.0,hyperplane_gauss,28276,16,0.39628220987506213,0.049981746822595596,4,prior,gradual,2289,0.4472388637065888,1.0,False,high,slow,prior/gradual/K=4/high/slow/n/a/imbalanced/noisy,0.021374101774453758,-0.02111746590409158
scn-79eae9d67f87,1120611206,HDDM_W,0.891956298577504,0.10222473099975105,1,4.0,1.0,1.0,3.0,0.0,0.0,1.0,0.25,0.4,0.75,2076.0,2076.0,inf,10120.0,inf,1.21868978805395,0.0,10120.0,hyperplane_gauss,28276,16,0.39628220987506213,0.049981746822595596,4,prior,gradual,2289,0.4472388637065888,1.0,False,high,slow,prior/gradual/K=4/high/slow/n/a/imbalanced/noisy,0.016864642909517502,-0.016608007039155326
scn-79eae9d67f87,1120611206,FHDDM,0.8921762721806716,0.040053280999927665,1,4.0,1.0,1.0,3.0,0.0,0.0,1.0,0.25,0.4,0.75,2091.0,2091.0,inf,10120.0,inf,1.209947393591583,0.0,10120.0,hyperplane_gauss,28276,16,0.39628220987506213,0.049981746822595596,4,prior,gradual,2289,0.4472388637065888,1.0,False,high,slow,prior/gradual/K=4/high/slow/n/a/imbalanced/noisy,0.017084616512685113,-0.016827980642322937
scn-79eae9d67f87,1120611206,NoDrift,0.8750916556679865,0.029622864999964804,0,4.0,0.0,0.0,4.0,0.0,0.0,,0.0,0.0,1.0,,,inf,10120.0,,,0.0,10120.0,hyperplane_gauss,28276,16,0.39628220987506213,0.049981746822595596,4,prior,gradual,2289,0.4472388637065888,1.0,False,high,slow,prior/gradual/K=4/high/slow/n/a/imbalanced/noisy,0.0,0.0002566358703621763
scn-79eae9d67f87,1120611206,Periodic(2000),0.8543041501686465,0.03275692600027469,13,4.0,13.0,4.0,0.0,4.0,5.0,0.3076923076923077,1.0,0.47058823529411764,0.0,1006.5,916.0,2530.0,2530.0,2.5136612021857925,2.5136612021857925,0.3952569169960474,10120.0,hyperplane_gauss,28276,16,0.39628220987506213,0.049981746822595596,4,prior,gradual,2289,0.4472388637065888,1.0,False,high,slow,prior/gradual/K=4/high/slow/n/a/imbalanced/noisy,-0.020787505499340053,0.02104414136970223
scn-79eae9d67f87,1120611206,Oracle,0.8753482915383487,0.03585385399992447,4,4.0,4.0,4.0,0.0,0.0,0.0,1.0,1.0,1.0,0.0,1145.0,1145.0,inf,10120.0,inf,8.838427947598253,0.0,10120.0,hyperplane_gauss,28276,16,0.39628220987506213,0.049981746822595596,4,prior,gradual,2289,0.4472388637065888,1.0,False,high,slow,prior/gradual/K=4/high/slow/n/a/imbalanced/noisy,0.0002566358703621763,-0.0
scn-79eae9d67f87,1120611207,ADWIN,0.8629197829593782,0.04541195299998435,11,4.0,11.0,3.0,1.0,4.0,4.0,0.2727272727272727,0.75,0.39999999999999997,0.25,1107.6666666666667,1036.0,2530.0,2530.0,1.713060487511285,1.713060487511285,0.3952569169960474,10120.0,hyperplane_gauss,28276,16,0.39628220987506213,0.049981746822595596,4,prior,gradual,2289,0.4472388637065888,1.0,False,high,slow,prior/gradual/K=4/high/slow/n/a/imbalanced/noisy,-0.011401965097521671,0.012685144449332775
scn-79eae9d67f87,1120611207,KSWIN,0.8743217480568999,5.801136628999757,0,4.0,0.0,0.0,4.0,0.0,0.0,,0.0,0.0,1.0,,,inf,10120.0,,,0.0,10120.0,hyperplane_gauss,28276,16,0.39628220987506213,0.049981746822595596,4,prior,gradual,2289,0.4472388637065888,1.0,False,high,slow,prior/gradual/K=4/high/slow/n/a/imbalanced/noisy,0.0,0.0012831793518111034
scn-79eae9d67f87,1120611207,PageHinkley,0.8469350344625312,0.06139223199988919,16,4.0,16.0,4.0,0.0,4.0,8.0,0.25,1.0,0.4,0.0,1398.25,968.5,2530.0,2530.0,1.8094046129089933,1.8094046129089933,0.3952569169960474,10120.0,hyperplane_gauss,28276,16,0.39628220987506213,0.049981746822595596,4,prior,gradual,2289,0.4472388637065888,1.0,False,high,slow,prior/gradual/K=4/high/slow/n/a/imbalanced/noisy,-0.027386713594368728,0.02866989294617983
scn-79eae9d67f87,1120611207,PageHinkley-up,0.8984821821381435,0.044884230000207026,2,4.0,2.0,2.0,2.0,0.0,0.0,1.0,0.5,0.6666666666666666,0.5,653.5,653.5,inf,10120.0,inf,7.74292272379495,0.0,10120.0,hyperplane_gauss,28276,16,0.39628220987506213,0.049981746822595596,4,prior,gradual,2289,0.4472388637065888,1.0,False,high,slow,prior/gradual/K=4/high/slow/n/a/imbalanced/noisy,0.024160434081243576,-0.022877254729432472
scn-79eae9d67f87,1120611207,DDM,0.9015251503152955,0.04522746099974029,2,4.0,2.0,2.0,2.0,0.0,0.0,1.0,0.5,0.6666666666666666,0.5,1517.5,1517.5,inf,10120.0,inf,3.3344316309719932,0.0,10120.0,hyperplane_gauss,28276,16,0.39628220987506213,0.049981746822595596,4,prior,gradual,2289,0.4472388637065888,1.0,False,high,slow,prior/gradual/K=4/high/slow/n/a/imbalanced/noisy,0.02720340225839557,-0.025920222906584467
scn-79eae9d67f87,1120611207,EDDM,0.8910764041648336,0.04110351700001047,3,4.0,3.0,2.0,2.0,1.0,0.0,0.6666666666666666,0.5,0.5714285714285715,0.5,2601.0,2601.0,10120.0,10120.0,1.9454056132256825,1.9454056132256825,0.09881422924901186,10120.0,hyperplane_gauss,28276,16,0.39628220987506213,0.049981746822595596,4,prior,gradual,2289,0.4472388637065888,1.0,False,high,slow,prior/gradual/K=4/high/slow/n/a/imbalanced/noisy,0.016754656107933696,-0.015471476756122593
scn-79eae9d67f87,1120611207,HDDM_A,0.8986288312069218,0.14472843499970622,2,4.0,2.0,2.0,2.0,0.0,0.0,1.0,0.5,0.6666666666666666,0.5,1863.0,1863.0,inf,10120.0,inf,2.7160493827160495,0.0,10120.0,hyperplane_gauss,28276,16,0.39628220987506213,0.049981746822595596,4,prior,gradual,2289,0.4472388637065888,1.0,False,high,slow,prior/gradual/K=4/high/slow/n/a/imbalanced/noisy,0.024307083150021946,-0.023023903798210843
scn-79eae9d67f87,1120611207,HDDM_W,0.8743217480568999,0.1010396970000329,0,4.0,0.0,0.0,4.0,0.0,0.0,,0.0,0.0,1.0,,,inf,10120.0,,,0.0,10120.0,hyperplane_gauss,28276,16,0.39628220987506213,0.049981746822595596,4,prior,gradual,2289,0.4472388637065888,1.0,False,high,slow,prior/gradual/K=4/high/slow/n/a/imbalanced/noisy,0.0,0.0012831793518111034
scn-79eae9d67f87,1120611207,FHDDM,0.8866402698342866,0.03983468999967954,1,4.0,1.0,1.0,3.0,0.0,0.0,1.0,0.25,0.4,0.75,2986.0,2986.0,inf,10120.0,inf,0.8472873409243135,0.0,10120.0,hyperplane_gauss,28276,16,0.39628220987506213,0.049981746822595596,4,prior,gradual,2289,0.4472388637065888,1.0,False,high,slow,prior/gradual/K=4/high/slow/n/a/imbalanced/noisy,0.012318521777386682,-0.011035342425575578
scn-79eae9d67f87,1120611207,NoDrift,0.8743217480568999,0.0304694510000445,0,4.0,0.0,0.0,4.0,0.0,0.0,,0.0,0.0,1.0,,,inf,10120.0,,,0.0,10120.0,hyperplane_gauss,28276,16,0.39628220987506213,0.049981746822595596,4,prior,gradual,2289,0.4472388637065888,1.0,False,high,slow,prior/gradual/K=4/high/slow/n/a/imbalanced/noisy,0.0,0.0012831793518111034
scn-79eae9d67f87,1120611207,Periodic(2000),0.8533875934887813,0.03258651599981022,13,4.0,13.0,4.0,0.0,4.0,5.0,0.3076923076923077,1.0,0.47058823529411764,0.0,1006.5,916.0,2530.0,2530.0,2.5136612021857925,2.5136612021857925,0.3952569169960474,10120.0,hyperplane_gauss,28276,16,0.39628220987506213,0.049981746822595596,4,prior,gradual,2289,0.4472388637065888,1.0,False,high,slow,prior/gradual/K=4/high/slow/n/a/imbalanced/noisy,-0.020934154568118535,0.022217333919929638
scn-79eae9d67f87,1120611207,Oracle,0.875604927408711,0.03636197900004845,4,4.0,4.0,4.0,0.0,0.0,0.0,1.0,1.0,1.0,0.0,1145.0,1145.0,inf,10120.0,inf,8.838427947598253,0.0,10120.0,hyperplane_gauss,28276,16,0.39628220987506213,0.049981746822595596,4,prior,gradual,2289,0.4472388637065888,1.0,False,high,slow,prior/gradual/K=4/high/slow/n/a/imbalanced/noisy,0.0012831793518111034,-0.0
scn-b3af4c0801a3,286847313,ADWIN,0.7367250850117708,0.022788129999753437,0,2.0,0.0,0.0,2.0,0.0,0.0,,0.0,0.0,1.0,,,inf,26176.0,,,0.0,26176.0,hyperplane_gauss,31584,4,0.23413306004367768,0.22529671462252734,2,virtual,gradual,204,0.16075827002525328,0.7020591129548848,True,medium,fast,virtual/gradual/K=2/recurring/medium/fast/partial/imbalanced/noisy,0.0,-0.0030735024849594117
scn-b3af4c0801a3,286847313,KSWIN,0.7334880983520795,6.391455167999993,1,2.0,1.0,0.0,2.0,1.0,0.0,0.0,0.0,0.0,1.0,,,26176.0,26176.0,,,0.038202933985330076,26176.0,hyperplane_gauss,31584,4,0.23413306004367768,0.22529671462252734,2,virtual,gradual,204,0.16075827002525328,0.7020591129548848,True,medium,fast,virtual/gradual/K=2/recurring/medium/fast/partial/imbalanced/noisy,-0.003236986659691299,0.00016348417473188714
scn-b3af4c0801a3,286847313,PageHinkley,0.7335207951870258,0.03148927199981699,2,2.0,2.0,0.0,2.0,2.0,0.0,0.0,0.0,0.0,1.0,,,13088.0,13088.0,,,0.07640586797066015,26176.0,hyperplane_gauss,31584,4,0.23413306004367768,0.22529671462252734,2,virtual,gradual,204,0.16075827002525328,0.7020591129548848,True,medium,fast,virtual/gradual/K=2/recurring/medium/fast/partial/imbalanced/noisy,-0.003204289824744966,0.00013078733978555412
scn-b3af4c0801a3,286847313,PageHinkley-up,0.7364635103321998,0.030570659000204614,1,2.0,1.0,0.0,2.0,1.0,0.0,0.0,0.0,0.0,1.0,,,26176.0,26176.0,,,0.038202933985330076,26176.0,hyperplane_gauss,31584,4,0.23413306004367768,0.22529671462252734,2,virtual,gradual,204,0.16075827002525328,0.7020591129548848,True,medium,fast,virtual/gradual/K=2/recurring/medium/fast/partial/imbalanced/noisy,-0.0002615746795709972,-0.0028119278053884145
scn-b3af4c0801a3,286847313,DDM,0.7367250850117708,0.030157372999838117,0,2.0,0.0,0.0,2.0,0.0,0.0,,0.0,0.0,1.0,,,inf,26176.0,,,0.0,26176.0,hyperplane_gauss,31584,4,0.23413306004367768,0.22529671462252734,2,virtual,gradual,204,0.16075827002525328,0.7020591129548848,True,medium,fast,virtual/gradual/K=2/recurring/medium/fast/partial/imbalanced/noisy,0.0,-0.0030735024849594117
scn-b3af4c0801a3,286847313,EDDM,0.7351883337692912,0.02778924399990501,2,2.0,2.0,0.0,2.0,2.0,0.0,0.0,0.0,0.0,1.0,,,13088.0,13088.0,,,0.07640586797066015,26176.0,hyperplane_gauss,31584,4,0.23413306004367768,0.22529671462252734,2,virtual,gradual,204,0.16075827002525328,0.7020591129548848,True,medium,fast,virtual/gradual/K=2/recurring/medium/fast/partial/imbalanced/noisy,-0.0015367512424796503,-0.0015367512424797614
scn-b3af4c0801a3,286847313,HDDM_A,0.7367250850117708,0.08544350300007864,0,2.0,0.0,0.0,2.0,0.0,0.0,,0.0,0.0,1.0,,,inf,26176.0,,,0.0,26176.0,hyperplane_gauss,31584,4,0.23413306004367768,0.22529671462252734,2,virtual,gradual,204,0.16075827002525328,0.7020591129548848,True,medium,fast,virtual/gradual/K=2/recurring/medium/fast/partial/imbalanced/noisy,0.0,-0.0030735024849594117
scn-b3af4c0801a3,286847313,HDDM_W,0.7300222338477635,0.10496891499997218,8,2.0,8.0,0.0,2.0,8.0,0.0,0.0,0.0,0.0,1.0,,,3272.0,3272.0,,,0.3056234718826406,26176.0,hyperplane_gauss,31584,4,0.23413306004367768,0.22529671462252734,2,virtual,gradual,204,0.16075827002525328,0.7020591129548848,True,medium,fast,virtual/gradual/K=2/recurring/medium/fast/partial/imbalanced/noisy,-0.006702851164007262,0.00362934867904785
scn-b3af4c0801a3,286847313,FHDDM,0.7333246141773476,0.02677641800028141,3,2.0,3.0,0.0,2.0,3.0,0.0,0.0,0.0,0.0,1.0,,,8725.333333333334,8725.333333333334,,,0.11460880195599021,26176.0,hyperplane_gauss,31584,4,0.23413306004367768,0.22529671462252734,2,virtual,gradual,204,0.16075827002525328,0.7020591129548848,True,medium,fast,virtual/gradual/K=2/recurring/medium/fast/partial/imbalanced/noisy,-0.003400470834423186,0.0003269683494637743
scn-b3af4c0801a3,286847313,NoDrift,0.7367250850117708,0.01581845999999132,0,2.0,0.0,0.0,2.0,0.0,0.0,,0.0,0.0,1.0,,,inf,26176.0,,,0.0,26176.0,hyperplane_gauss,31584,4,0.23413306004367768,0.22529671462252734,2,virtual,gradual,204,0.16075827002525328,0.7020591129548848,True,medium,fast,virtual/gradual/K=2/recurring/medium/fast/partial/imbalanced/noisy,0.0,-0.0030735024849594117
scn-b3af4c0801a3,286847313,Periodic(2000),0.7236790478681664,0.01786450600002354,15,2.0,15.0,2.0,0.0,12.0,1.0,0.13333333333333333,1.0,0.23529411764705882,0.0,810.0,810.0,2181.3333333333335,2181.3333333333335,2.6930041152263375,2.6930041152263375,0.45843520782396086,26176.0,hyperplane_gauss,31584,4,0.23413306004367768,0.22529671462252734,2,virtual,gradual,204,0.16075827002525328,0.7020591129548848,True,medium,fast,virtual/gradual/K=2/recurring/medium/fast/partial/imbalanced/noisy,-0.013046037143604416,0.009972534658645005
scn-b3af4c0801a3,286847313,Oracle,0.7336515825268114,0.017909597999732796,2,2.0,2.0,2.0,0.0,0.0,0.0,1.0,1.0,1.0,0.0,103.0,103.0,inf,26176.0,inf,254.1359223300971,0.0,26176.0,hyperplane_gauss,31584,4,0.23413306004367768,0.22529671462252734,2,virtual,gradual,204,0.16075827002525328,0.7020591129548848,True,medium,fast,virtual/gradual/K=2/recurring/medium/fast/partial/imbalanced/noisy,-0.0030735024849594117,-0.0
scn-b3af4c0801a3,286847314,ADWIN,0.7378040805650014,0.022387922999769216,0,2.0,0.0,0.0,2.0,0.0,0.0,,0.0,0.0,1.0,,,inf,26176.0,,,0.0,26176.0,hyperplane_gauss,31584,4,0.23413306004367768,0.22529671462252734,2,virtual,gradual,204,0.16075827002525328,0.7020591129548848,True,medium,fast,virtual/gradual/K=2/recurring/medium/fast/partial/imbalanced/noisy,0.0,-0.00323698665969141
scn-b3af4c0801a3,286847314,KSWIN,0.7379348679047868,6.372700614000223,2,2.0,2.0,0.0,2.0,2.0,0.0,0.0,0.0,0.0,1.0,,,13088.0,13088.0,,,0.07640586797066015,26176.0,hyperplane_gauss,31584,4,0.23413306004367768,0.22529671462252734,2,virtual,gradual,204,0.16075827002525328,0.7020591129548848,True,medium,fast,virtual/gradual/K=2/recurring/medium/fast/partial/imbalanced/noisy,0.0001307873397854431,-0.003367773999476853
scn-b3af4c0801a3,286847314,PageHinkley,0.7325071933036882,0.034398235000026034,7,2.0,7.0,0.0,2.0,7.0,0.0,0.0,0.0,0.0,1.0,,,3739.4285714285716,3739.4285714285716,,,0.2674205378973105,26176.0,hyperplane_gauss,31584,4,0.23413306004367768,0.22529671462252734,2,virtual,gradual,204,0.16075827002525328,0.7020591129548848,True,medium,fast,virtual/gradual/K=2/recurring/medium/fast/partial/imbalanced/noisy,-0.005296887261313166,0.002059900601621756
scn-b3af4c0801a3,286847314,PageHinkley-up,0.7373790217106984,0.03154707099974985,2,2.0,2.0,0.0,2.0,2.0,0.0,0.0,0.0,0.0,1.0,,,13088.0,13088.0,,,0.07640586797066015,26176.0,hyperplane_gauss,31584,4,0.23413306004367768,0.22529671462252734,2,virtual,gradual,204,0.16075827002525328,0.7020591129548848,True,medium,fast,virtual/gradual/K=2/recurring/medium/fast/partial/imbalanced/noisy,-0.0004250588543029954,-0.0028119278053884145
scn-b3af4c0801a3,286847314,DDM,0.7390138634580172,0.03049312400025883,1,2.0,1.0,0.0,2.0,1.0,0.0,0.0,0.0,0.0,1.0,,,26176.0,26176.0,,,0.038202933985330076,26176.0,hyperplane_gauss,31584,4,0.23413306004367768,0.22529671462252734,2,virtual,gradual,204,0.16075827002525328,0.7020591129548848,True,medium,fast,virtual/gradual/K=2/recurring/medium/fast/partial/imbalanced/noisy,0.001209782893015876,-0.004446769552707286
scn-b3af4c0801a3,286847314,EDDM,0.7362673293225216,0.027498644999923272,3,2.0,3.0,0.0,2.0,3.0,0.0,0.0,0.0,0.0,1.0,,,8725.333333333334,8725.333333333334,,,0.11460880195599021,26176.0,hyperplane_gauss,31584,4,0.23413306004367768,0.22529671462252734,2,virtual,gradual,204,0.16075827002525328,0.7020591129548848,True,medium,fast,virtual/gradual/K=2/recurring/medium/fast/partial/imbalanced/noisy,-0.0015367512424797614,-0.0017002354172116485
scn-b3af4c0801a3,286847314,HDDM_A,0.7378040805650014,0.07878978799999459,0,2.0,0.0,0.0,2.0,0.0,0.0,,0.0,0.0,1.0,,,inf,26176.0,,,0.0,26176.0,hyperplane_gauss,31584,4,0.23413306004367768,0.22529671462252734,2,virtual,gradual,204,0.16075827002525328,0.7020591129548848,True,medium,fast,virtual/gradual/K=2/recurring/medium/fast/partial/imbalanced/noisy,0.0,-0.00323698665969141
scn-b3af4c0801a3,286847314,HDDM_W,0.7338477635364896,0.10442320799984373,9,2.0,9.0,1.0,1.0,8.0,0.0,0.1111111111111111,0.5,0.1818181818181818,0.5,1221.0,1221.0,3272.0,3272.0,1.3398853398853399,1.3398853398853399,0.3056234718826406,26176.0,hyperplane_gauss,31584,4,0.23413306004367768,0.22529671462252734,2,virtual,gradual,204,0.16075827002525328,0.7020591129548848,True,medium,fast,virtual/gradual/K=2/recurring/medium/fast/partial/imbalanced/noisy,-0.0039563170285117355,0.0007193303688203256
scn-b3af4c0801a3,286847314,FHDDM,0.7391446507978028,0.02649131199996191,3,2.0,3.0,0.0,2.0,3.0,0.0,0.0,0.0,0.0,1.0,,,8725.333333333334,8725.333333333334,,,0.11460880195599021,26176.0,hyperplane_gauss,31584,4,0.23413306004367768,0.22529671462252734,2,virtual,gradual,204,0.16075827002525328,0.7020591129548848,True,medium,fast,virtual/gradual/K=2/recurring/medium/fast/partial/imbalanced/noisy,0.0013405702328014302,-0.00457755689249284
scn-b3af4c0801a3,286847314,NoDrift,0.7378040805650014,0.015776419999838254,0,2.0,0.0,0.0,2.0,0.0,0.0,,0.0,0.0,1.0,,,inf,26176.0,,,0.0,26176.0,hyperplane_gauss,31584,4,0.23413306004367768,0.22529671462252734,2,virtual,gradual,204,0.16075827002525328,0.7020591129548848,True,medium,fast,virtual/gradual/K=2/recurring/medium/fast/partial/imbalanced/noisy,0.0,-0.00323698665969141
scn-b3af4c0801a3,286847314,Periodic(2000),0.7241041067224693,0.017918601000019407,15,2.0,15.0,2.0,0.0,12.0,1.0,0.13333333333333333,1.0,0.23529411764705882,0.0,810.0,810.0,2181.3333333333335,2181.3333333333335,2.6930041152263375,2.6930041152263375,0.45843520782396086,26176.0,hyperplane_gauss,31584,4,0.23413306004367768,0.22529671462252734,2,virtual,gradual,204,0.16075827002525328,0.7020591129548848,True,medium,fast,virtual/gradual/K=2/recurring/medium/fast/partial/imbalanced/noisy,-0.013699973842532076,0.010462987182840666
scn-b3af4c0801a3,286847314,Oracle,0.7345670939053099,0.017366184999900725,2,2.0,2.0,2.0,0.0,0.0,0.0,1.0,1.0,1.0,0.0,103.0,103.0,inf,26176.0,inf,254.1359223300971,0.0,26176.0,hyperplane_gauss,31584,4,0.23413306004367768,0.22529671462252734,2,virtual,gradual,204,0.16075827002525328,0.7020591129548848,True,medium,fast,virtual/gradual/K=2/recurring/medium/fast/partial/imbalanced/noisy,-0.00323698665969141,-0.0
scn-b3af4c0801a3,286847315,ADWIN,0.7349594559246665,0.022513978999995743,0,2.0,0.0,0.0,2.0,0.0,0.0,,0.0,0.0,1.0,,,inf,26176.0,,,0.0,26176.0,hyperplane_gauss,31584,4,0.23413306004367768,0.22529671462252734,2,virtual,gradual,204,0.16075827002525328,0.7020591129548848,True,medium,fast,virtual/gradual/K=2/recurring/medium/fast/partial/imbalanced/noisy,0.0,0.002059900601621756
scn-b3af4c0801a3,286847315,KSWIN,0.7366923881768245,6.380534256999908,1,2.0,1.0,0.0,2.0,1.0,0.0,0.0,0.0,0.0,1.0,,,26176.0,26176.0,,,0.038202933985330076,26176.0,hyperplane_gauss,31584,4,0.23413306004367768,0.22529671462252734,2,virtual,gradual,204,0.16075827002525328,0.7020591129548848,True,medium,fast,virtual/gradual/K=2/recurring/medium/fast/partial/imbalanced/noisy,0.0017329322521579815,0.0003269683494637743
scn-b3af4c0801a3,286847315,PageHinkley,0.7352210306042375,0.03215027100031875,3,2.0,3.0,0.0,2.0,3.0,0.0,0.0,0.0,0.0,1.0,,,8725.333333333334,8725.333333333334,,,0.11460880195599021,26176.0,hyperplane_gauss,31584,4,0.23413306004367768,0.22529671462252734,2,virtual,gradual,204,0.16075827002525328,0.7020591129548848,True,medium,fast,virtual/gradual/K=2/recurring/medium/fast/partial/imbalanced/noisy,0.0002615746795709972,0.0017983259220507586
scn-b3af4c0801a3,286847315,PageHinkley-up,0.7365616008370389,0.03051111199965817,1,2.0,1.0,0.0,2.0,1.0,0.0,0.0,0.0,0.0,1.0,,,26176.0,26176.0,,,0.038202933985330076,26176.0,hyperplane_gauss,31584,4,0.23413306004367768,0.22529671462252734,2,virtual,gradual,204,0.16075827002525328,0.7020591129548848,True,medium,fast,virtual/gradual/K=2/recurring/medium/fast/partial/imbalanced/noisy,0.0016021449123724274,0.0004577556892493284
scn-b3af4c0801a3,286847315,DDM,0.7349594559246665,0.030063381000218214,0,2.0,0.0,0.0,2.0,0.0,0.0,,0.0,0.0,1.0,,,inf,26176.0,,,0.0,26176.0,hyperplane_gauss,31584,4,0.23413306004367768,0.22529671462252734,2,virtual,gradual,204,0.16075827002525328,0.7020591129548848,True,medium,fast,virtual/gradual/K=2/recurring/medium/fast/partial/imbalanced/noisy,0.0,0.002059900601621756
scn-b3af4c0801a3,286847315,EDDM,0.7349921527596128,0.028782219999811787,3,2.0,3.0,0.0,2.0,3.0,0.0,0.0,0.0,0.0,1.0,,,8725.333333333334,8725.333333333334,,,0.11460880195599021,26176.0,hyperplane_gauss,31584,4,0.23413306004367768,0.22529671462252734,2,virtual,gradual,204,0.16075827002525328,0.7020591129548848,True,medium,fast,virtual/gradual/K=2/recurring/medium/fast/partial/imbalanced/noisy,3.269683494633302e-05,0.002027203766675423
scn-b3af4c0801a3,286847315,HDDM_A,0.7319513471095997,0.09199158699993859,1,2.0,1.0,0.0,2.0,1.0,0.0,0.0,0.0,0.0,1.0,,,26176.0,26176.0,,,0.038202933985330076,26176.0,hyperplane_gauss,31584,4,0.23413306004367768,0.22529671462252734,2,virtual,gradual,204,0.16075827002525328,0.7020591129548848,True,medium,fast,virtual/gradual/K=2/recurring/medium/fast/partial/imbalanced/noisy,-0.0030081088150667457,0.0050680094166885015
scn-b3af4c0801a3,286847315,HDDM_W,0.7301203243526027,0.11646923299986156,10,2.0,10.0,2.0,0.0,8.0,0.0,0.2,1.0,0.33333333333333337,0.0,986.0,986.0,3272.0,3272.0,3.3184584178498984,3.3184584178498984,0.3056234718826406,26176.0,hyperplane_gauss,31584,4,0.23413306004367768,0.22529671462252734,2,virtual,gradual,204,0.16075827002525328,0.7020591129548848,True,medium,fast,virtual/gradual/K=2/recurring/medium/fast/partial/imbalanced/noisy,-0.004839131572063837,0.006899032173685593
scn-b3af4c0801a3,286847315,FHDDM,0.7337169761967042,0.028214742000272963,3,2.0,3.0,0.0,2.0,3.0,0.0,0.0,0.0,0.0,1.0,,,8725.333333333334,8725.333333333334,,,0.11460880195599021,26176.0,hyperplane_gauss,31584,4,0.23413306004367768,0.22529671462252734,2,virtual,gradual,204,0.16075827002525328,0.7020591129548848,True,medium,fast,virtual/gradual/K=2/recurring/medium/fast/partial/imbalanced/noisy,-0.00124247972796232,0.003302380329584076
scn-b3af4c0801a3,286847315,NoDrift,0.7349594559246665,0.015633421000075032,0,2.0,0.0,0.0,2.0,0.0,0.0,,0.0,0.0,1.0,,,inf,26176.0,,,0.0,26176.0,hyperplane_gauss,31584,4,0.23413306004367768,0.22529671462252734,2,virtual,gradual,204,0.16075827002525328,0.7020591129548848,True,medium,fast,virtual/gradual/K=2/recurring/medium/fast/partial/imbalanced/noisy,0.0,0.002059900601621756
scn-b3af4c0801a3,286847315,Periodic(2000),0.7274718807219461,0.017095888000312698,15,2.0,15.0,2.0,0.0,12.0,1.0,0.13333333333333333,1.0,0.23529411764705882,0.0,810.0,810.0,2181.3333333333335,2181.3333333333335,2.6930041152263375,2.6930041152263375,0.45843520782396086,26176.0,hyperplane_gauss,31584,4,0.23413306004367768,0.22529671462252734,2,virtual,gradual,204,0.16075827002525328,0.7020591129548848,True,medium,fast,virtual/gradual/K=2/recurring/medium/fast/partial/imbalanced/noisy,-0.007487575202720365,0.00954747580434212
scn-b3af4c0801a3,286847315,Oracle,0.7370193565262882,0.017850224999619968,2,2.0,2.0,2.0,0.0,0.0,0.0,1.0,1.0,1.0,0.0,103.0,103.0,inf,26176.0,inf,254.1359223300971,0.0,26176.0,hyperplane_gauss,31584,4,0.23413306004367768,0.22529671462252734,2,virtual,gradual,204,0.16075827002525328,0.7020591129548848,True,medium,fast,virtual/gradual/K=2/recurring/medium/fast/partial/imbalanced/noisy,0.002059900601621756,-0.0
scn-52fa15e7e111,35311793,ADWIN,0.6950515684283654,0.04453834600008122,0,3.0,0.0,0.0,3.0,0.0,0.0,,0.0,0.0,1.0,,,inf,21889.0,,,0.0,21889.0,hyperplane_gauss,38426,13,0.0884068547282368,0.27566070947796106,3,prior,incremental,3179,0.35093829929828646,1.0,True,high,slow,prior/incremental/K=3/recurring/high/slow/n/a/imbalanced/noisy,0.0,-0.008389889381713256
scn-52fa15e7e111,35311793,KSWIN,0.68481804093411,7.842844717000389,4,3.0,4.0,2.0,1.0,2.0,0.0,0.5,0.6666666666666666,0.5714285714285715,0.33333333333333337,1647.0,1647.0,10944.5,10944.5,4.430074883626796,4.430074883626796,0.09137009456804787,21889.0,hyperplane_gauss,38426,13,0.0884068547282368,0.27566070947796106,3,prior,incremental,3179,0.35093829929828646,1.0,True,high,slow,prior/incremental/K=3/recurring/high/slow/n/a/imbalanced/noisy,-0.010233527494255323,0.0018436381125420676
scn-52fa15e7e111,35311793,PageHinkley,0.6793940041682253,0.062095136000152706,10,3.0,10.0,3.0,0.0,5.0,2.0,0.3,1.0,0.4615384615384615,0.0,2363.0,1726.0,4377.8,4377.8,1.8526449428692342,1.8526449428692342,0.2284252364201197,21889.0,hyperplane_gauss,38426,13,0.0884068547282368,0.27566070947796106,3,prior,incremental,3179,0.35093829929828646,1.0,True,high,slow,prior/incremental/K=3/recurring/high/slow/n/a/imbalanced/noisy,-0.01565756426014009,0.007267674878426833
scn-52fa15e7e111,35311793,PageHinkley-up,0.6840431785389836,0.06095551499993235,4,3.0,4.0,3.0,0.0,1.0,0.0,0.75,1.0,0.8571428571428571,0.0,2236.0,1726.0,21889.0,21889.0,9.789355992844365,9.789355992844365,0.045685047284023936,21889.0,hyperplane_gauss,38426,13,0.0884068547282368,0.27566070947796106,3,prior,incremental,3179,0.35093829929828646,1.0,True,high,slow,prior/incremental/K=3/recurring/high/slow/n/a/imbalanced/noisy,-0.011008389889381798,0.002618500507668542
scn-52fa15e7e111,35311793,DDM,0.6950515684283654,0.05391403499970693,0,3.0,0.0,0.0,3.0,0.0,0.0,,0.0,0.0,1.0,,,inf,21889.0,,,0.0,21889.0,hyperplane_gauss,38426,13,0.0884068547282368,0.27566070947796106,3,prior,incremental,3179,0.35093829929828646,1.0,True,high,slow,prior/incremental/K=3/recurring/high/slow/n/a/imbalanced/noisy,0.0,-0.008389889381713256
scn-52fa15e7e111,35311793,EDDM,0.6921658739913429,0.0619084169998132,8,3.0,8.0,0.0,3.0,8.0,0.0,0.0,0.0,0.0,1.0,,,2736.125,2736.125,,,0.3654803782721915,21889.0,hyperplane_gauss,38426,13,0.0884068547282368,0.27566070947796106,3,prior,incremental,3179,0.35093829929828646,1.0,True,high,slow,prior/incremental/K=3/recurring/high/slow/n/a/imbalanced/noisy,-0.002885694437022468,-0.005504194944690788
scn-52fa15e7e111,35311793,HDDM_A,0.6950515684283654,0.11552652199998192,0,3.0,0.0,0.0,3.0,0.0,0.0,,0.0,0.0,1.0,,,inf,21889.0,,,0.0,21889.0,hyperplane_gauss,38426,13,0.0884068547282368,0.27566070947796106,3,prior,incremental,3179,0.35093829929828646,1.0,True,high,slow,prior/incremental/K=3/recurring/high/slow/n/a/imbalanced/noisy,0.0,-0.008389889381713256
scn-52fa15e7e111,35311793,HDDM_W,0.6735424571153743,0.157118294999691,16,3.0,16.0,3.0,0.0,8.0,5.0,0.1875,1.0,0.3157894736842105,0.0,1524.3333333333333,943.0,2736.125,2736.125,1.7949650120271157,1.7949650120271157,0.3654803782721915,21889.0,hyperplane_gauss,38426,13,0.0884068547282368,0.27566070947796106,3,prior,incremental,3179,0.35093829929828646,1.0,True,high,slow,prior/incremental/K=3/recurring/high/slow/n/a/imbalanced/noisy,-0.021509111312991047,0.013119221931277791
scn-52fa15e7e111,35311793,FHDDM,0.6850317960775931,0.054153681000116194,5,3.0,5.0,3.0,0.0,2.0,0.0,0.6,1.0,0.7499999999999999,0.0,2859.3333333333335,2102.0,10944.5,10944.5,3.827640475635346,3.827640475635346,0.09137009456804787,21889.0,hyperplane_gauss,38426,13,0.0884068547282368,0.27566070947796106,3,prior,incremental,3179,0.35093829929828646,1.0,True,high,slow,prior/incremental/K=3/recurring/high/slow/n/a/imbalanced/noisy,-0.010019772350772227,0.0016298829690589711
scn-52fa15e7e111,35311793,NoDrift,0.6950515684283654,0.03561366200028715,0,3.0,0.0,0.0,3.0,0.0,0.0,,0.0,0.0,1.0,,,inf,21889.0,,,0.0,21889.0,hyperplane_gauss,38426,13,0.0884068547282368,0.27566070947796106,3,prior,incremental,3179,0.35093829929828646,1.0,True,high,slow,prior/incremental/K=3/recurring/high/slow/n/a/imbalanced/noisy,0.0,-0.008389889381713256
scn-52fa15e7e111,35311793,Periodic(2000),0.6722866456474109,0.03776716199990915,18,3.0,18.0,3.0,0.0,11.0,4.0,0.16666666666666666,1.0,0.2857142857142857,0.0,1210.3333333333333,1402.0,1989.909090909091,1989.909090909091,1.6441000475701661,1.6441000475701661,0.5025355201242633,21889.0,hyperplane_gauss,38426,13,0.0884068547282368,0.27566070947796106,3,prior,incremental,3179,0.35093829929828646,1.0,True,high,slow,prior/incremental/K=3/recurring/high/slow/n/a/imbalanced/noisy,-0.022764922780954433,0.014375033399241177
scn-52fa15e7e111,35311793,Oracle,0.6866616790466521,0.04175045900001351,3,3.0,3.0,3.0,0.0,0.0,0.0,1.0,1.0,1.0,0.0,1590.0,1590.0,inf,21889.0,inf,13.766666666666667,0.0,21889.0,hyperplane_gauss,38426,13,0.0884068547282368,0.27566070947796106,3,prior,incremental,3179,0.35093829929828646,1.0,True,high,slow,prior/incremental/K=3/recurring/high/slow/n/a/imbalanced/noisy,-0.008389889381713256,-0.0
scn-52fa15e7e111,35311794,ADWIN,0.700342008229573,0.04299961200013058,0,3.0,0.0,0.0,3.0,0.0,0.0,,0.0,0.0,1.0,,,inf,21889.0,,,0.0,21889.0,hyperplane_gauss,38426,13,0.0884068547282368,0.27566070947796106,3,prior,incremental,3179,0.35093829929828646,1.0,True,high,slow,prior/incremental/K=3/recurring/high/slow/n/a/imbalanced/noisy,0.0,-0.011008389889381687
scn-52fa15e7e111,35311794,KSWIN,0.679100090845936,7.68053928099971,11,3.0,11.0,3.0,0.0,5.0,3.0,0.2727272727272727,1.0,0.42857142857142855,0.0,1600.0,1683.0,4377.8,4377.8,2.736125,2.736125,0.2284252364201197,21889.0,hyperplane_gauss,38426,13,0.0884068547282368,0.27566070947796106,3,prior,incremental,3179,0.35093829929828646,1.0,True,high,slow,prior/incremental/K=3/recurring/high/slow/n/a/imbalanced/noisy,-0.02124191738363701,0.010233527494255323
scn-52fa15e7e111,35311794,PageHinkley,0.681478116817186,0.06129246199998306,10,3.0,10.0,2.0,1.0,7.0,1.0,0.2,0.6666666666666666,0.30769230769230765,0.33333333333333337,1397.5,1397.5,3127.0,3127.0,1.4917113893858078,1.4917113893858078,0.3197953309881676,21889.0,hyperplane_gauss,38426,13,0.0884068547282368,0.27566070947796106,3,prior,incremental,3179,0.35093829929828646,1.0,True,high,slow,prior/incremental/K=3/recurring/high/slow/n/a/imbalanced/noisy,-0.01886389141238709,0.007855501523005404
scn-52fa15e7e111,35311794,PageHinkley-up,0.6922727515630844,0.053840023999782716,3,3.0,3.0,3.0,0.0,0.0,0.0,1.0,1.0,1.0,0.0,973.0,1102.0,inf,21889.0,inf,22.496402877697843,0.0,21889.0,hyperplane_gauss,38426,13,0.0884068547282368,0.27566070947796106,3,prior,incremental,3179,0.35093829929828646,1.0,True,high,slow,prior/incremental/K=3/recurring/high/slow/n/a/imbalanced/noisy,-0.008069256666488611,-0.0029391332228930755
scn-52fa15e7e111,35311794,DDM,0.700342008229573,0.052078852000249753,0,3.0,0.0,0.0,3.0,0.0,0.0,,0.0,0.0,1.0,,,inf,21889.0,,,0.0,21889.0,hyperplane_gauss,38426,13,0.0884068547282368,0.27566070947796106,3,prior,incremental,3179,0.35093829929828646,1.0,True,high,slow,prior/incremental/K=3/recurring/high/slow/n/a/imbalanced/noisy,0.0,-0.011008389889381687
scn-52fa15e7e111,35311794,EDDM,0.697002084112649,0.052619733000028646,3,3.0,3.0,0.0,3.0,3.0,0.0,0.0,0.0,0.0,1.0,,,7296.333333333333,7296.333333333333,,,0.13705514185207182,21889.0,hyperplane_gauss,38426,13,0.0884068547282368,0.27566070947796106,3,prior,incremental,3179,0.35093829929828646,1.0,True,high,slow,prior/incremental/K=3/recurring/high/slow/n/a/imbalanced/noisy,-0.0033399241169240756,-0.007668465772457611
scn-52fa15e7e111,35311794,HDDM_A,0.700342008229573,0.11377812399996401,0,3.0,0.0,0.0,3.0,0.0,0.0,,0.0,0.0,1.0,,,inf,21889.0,,,0.0,21889.0,hyperplane_gauss,38426,13,0.0884068547282368,0.27566070947796106,3,prior,incremental,3179,0.35093829929828646,1.0,True,high,slow,prior/incremental/K=3/recurring/high/slow/n/a/imbalanced/noisy,0.0,-0.011008389889381687
scn-52fa15e7e111,35311794,HDDM_W,0.6780045957355849,0.15901439100025527,16,3.0,16.0,2.0,1.0,8.0,6.0,0.125,0.6666666666666666,0.21052631578947367,0.33333333333333337,311.0,311.0,2736.125,2736.125,5.865219721329046,5.865219721329046,0.3654803782721915,21889.0,hyperplane_gauss,38426,13,0.0884068547282368,0.27566070947796106,3,prior,incremental,3179,0.35093829929828646,1.0,True,high,slow,prior/incremental/K=3/recurring/high/slow/n/a/imbalanced/noisy,-0.02233741249398813,0.011329022604606442
scn-52fa15e7e111,35311794,FHDDM,0.6856997809009779,0.053017822000128945,7,3.0,7.0,2.0,1.0,4.0,1.0,0.2857142857142857,0.6666666666666666,0.4,0.33333333333333337,1790.0,1790.0,5472.25,5472.25,2.0380819366852885,2.0380819366852885,0.18274018913609574,21889.0,hyperplane_gauss,38426,13,0.0884068547282368,0.27566070947796106,3,prior,incremental,3179,0.35093829929828646,1.0,True,high,slow,prior/incremental/K=3/recurring/high/slow/n/a/imbalanced/noisy,-0.014642227328595103,0.0036338374392134165
scn-52fa15e7e111,35311794,NoDrift,0.700342008229573,0.03498737900008564,0,3.0,0.0,0.0,3.0,0.0,0.0,,0.0,0.0,1.0,,,inf,21889.0,,,0.0,21889.0,hyperplane_gauss,38426,13,0.0884068547282368,0.27566070947796106,3,prior,incremental,3179,0.35093829929828646,1.0,True,high,slow,prior/incremental/K=3/recurring/high/slow/n/a/imbalanced/noisy,0.0,-0.011008389889381687
scn-52fa15e7e111,35311794,Periodic(2000),0.6725271201838294,0.037473167999905854,18,3.0,18.0,3.0,0.0,11.0,4.0,0.16666666666666666,1.0,0.2857142857142857,0.0,1210.3333333333333,1402.0,1989.909090909091,1989.909090909091,1.6441000475701661,1.6441000475701661,0.5025355201242633,21889.0,hyperplane_gauss,38426,13,0.0884068547282368,0.27566070947796106,3,prior,incremental,3179,0.35093829929828646,1.0,True,high,slow,prior/incremental/K=3/recurring/high/slow/n/a/imbalanced/noisy,-0.027814888045743613,0.016806498156361926
scn-52fa15e7e111,35311794,Oracle,0.6893336183401914,0.04099307199976465,3,3.0,3.0,3.0,0.0,0.0,0.0,1.0,1.0,1.0,0.0,1590.0,1590.0,inf,21889.0,inf,13.766666666666667,0.0,21889.0,hyperplane_gauss,38426,13,0.0884068547282368,0.27566070947796106,3,prior,incremental,3179,0.35093829929828646,1.0,True,high,slow,prior/incremental/K=3/recurring/high/slow/n/a/imbalanced/noisy,-0.011008389889381687,-0.0
scn-52fa15e7e111,35311795,ADWIN,0.6985785282958371,0.043241214000317996,0,3.0,0.0,0.0,3.0,0.0,0.0,,0.0,0.0,1.0,,,inf,21889.0,,,0.0,21889.0,hyperplane_gauss,38426,13,0.0884068547282368,0.27566070947796106,3,prior,incremental,3179,0.35093829929828646,1.0,True,high,slow,prior/incremental/K=3/recurring/high/slow/n/a/imbalanced/noisy,0.0,-0.008950996633356523
scn-52fa15e7e111,35311795,KSWIN,0.691150537059798,7.757692567000049,1,3.0,1.0,1.0,2.0,0.0,0.0,1.0,0.3333333333333333,0.5,0.6666666666666667,2845.0,2845.0,inf,21889.0,inf,2.5646162858816632,0.0,21889.0,hyperplane_gauss,38426,13,0.0884068547282368,0.27566070947796106,3,prior,incremental,3179,0.35093829929828646,1.0,True,high,slow,prior/incremental/K=3/recurring/high/slow/n/a/imbalanced/noisy,-0.0074279912360391,-0.001523005397317423
scn-52fa15e7e111,35311795,PageHinkley,0.6859402554373965,0.05702059199984433,6,3.0,6.0,3.0,0.0,1.0,2.0,0.5,1.0,0.6666666666666666,0.0,2591.3333333333335,1880.0,21889.0,21889.0,8.447002829945973,8.447002829945973,0.045685047284023936,21889.0,hyperplane_gauss,38426,13,0.0884068547282368,0.27566070947796106,3,prior,incremental,3179,0.35093829929828646,1.0,True,high,slow,prior/incremental/K=3/recurring/high/slow/n/a/imbalanced/noisy,-0.012638272858440658,0.003687276225084135
scn-52fa15e7e111,35311795,PageHinkley-up,0.6939560733180142,0.054413991999808786,2,3.0,2.0,1.0,2.0,1.0,0.0,0.5,0.3333333333333333,0.4,0.6666666666666667,1689.0,1689.0,21889.0,21889.0,4.319913163607657,4.319913163607657,0.045685047284023936,21889.0,hyperplane_gauss,38426,13,0.0884068547282368,0.27566070947796106,3,prior,incremental,3179,0.35093829929828646,1.0,True,high,slow,prior/incremental/K=3/recurring/high/slow/n/a/imbalanced/noisy,-0.004622454977822876,-0.0043285416555336464
scn-52fa15e7e111,35311795,DDM,0.6985785282958371,0.05203015200004302,0,3.0,0.0,0.0,3.0,0.0,0.0,,0.0,0.0,1.0,,,inf,21889.0,,,0.0,21889.0,hyperplane_gauss,38426,13,0.0884068547282368,0.27566070947796106,3,prior,incremental,3179,0.35093829929828646,1.0,True,high,slow,prior/incremental/K=3/recurring/high/slow/n/a/imbalanced/noisy,0.0,-0.008950996633356523
scn-52fa15e7e111,35311795,EDDM,0.6985785282958371,0.04792106499962756,0,3.0,0.0,0.0,3.0,0.0,0.0,,0.0,0.0,1.0,,,inf,21889.0,,,0.0,21889.0,hyperplane_gauss,38426,13,0.0884068547282368,0.27566070947796106,3,prior,incremental,3179,0.35093829929828646,1.0,True,high,slow,prior/incremental/K=3/recurring/high/slow/n/a/imbalanced/noisy,0.0,-0.008950996633356523
scn-52fa15e7e111,35311795,HDDM_A,0.6985785282958371,0.11541951500021241,0,3.0,0.0,0.0,3.0,0.0,0.0,,0.0,0.0,1.0,,,inf,21889.0,,,0.0,21889.0,hyperplane_gauss,38426,13,0.0884068547282368,0.27566070947796106,3,prior,incremental,3179,0.35093829929828646,1.0,True,high,slow,prior/incremental/K=3/recurring/high/slow/n/a/imbalanced/noisy,0.0,-0.008950996633356523
scn-52fa15e7e111,35311795,HDDM_W,0.6771762945545877,0.16226004099962665,18,3.0,18.0,3.0,0.0,9.0,6.0,0.16666666666666666,1.0,0.2857142857142857,0.0,707.6666666666666,244.0,2432.1111111111113,2432.1111111111113,3.4368032658188103,3.4368032658188103,0.41116542555621544,21889.0,hyperplane_gauss,38426,13,0.0884068547282368,0.27566070947796106,3,prior,incremental,3179,0.35093829929828646,1.0,True,high,slow,prior/incremental/K=3/recurring/high/slow/n/a/imbalanced/noisy,-0.021402233741249388,0.012451237107892865
scn-52fa15e7e111,35311795,FHDDM,0.6950248490354299,0.050027240000417805,2,3.0,2.0,0.0,3.0,2.0,0.0,0.0,0.0,0.0,1.0,,,10944.5,10944.5,,,0.09137009456804787,21889.0,hyperplane_gauss,38426,13,0.0884068547282368,0.27566070947796106,3,prior,incremental,3179,0.35093829929828646,1.0,True,high,slow,prior/incremental/K=3/recurring/high/slow/n/a/imbalanced/noisy,-0.003553679260407172,-0.005397317372949351
scn-52fa15e7e111,35311795,NoDrift,0.6985785282958371,0.03464141899985407,0,3.0,0.0,0.0,3.0,0.0,0.0,,0.0,0.0,1.0,,,inf,21889.0,,,0.0,21889.0,hyperplane_gauss,38426,13,0.0884068547282368,0.27566070947796106,3,prior,incremental,3179,0.35093829929828646,1.0,True,high,slow,prior/incremental/K=3/recurring/high/slow/n/a/imbalanced/noisy,0.0,-0.008950996633356523
scn-52fa15e7e111,35311795,Periodic(2000),0.6779778763426495,0.037554547999661736,18,3.0,18.0,3.0,0.0,11.0,4.0,0.16666666666666666,1.0,0.2857142857142857,0.0,1210.3333333333333,1402.0,1989.909090909091,1989.909090909091,1.6441000475701661,1.6441000475701661,0.5025355201242633,21889.0,hyperplane_gauss,38426,13,0.0884068547282368,0.27566070947796106,3,prior,incremental,3179,0.35093829929828646,1.0,True,high,slow,prior/incremental/K=3/recurring/high/slow/n/a/imbalanced/noisy,-0.02060065195318761,0.011649655319831087
scn-52fa15e7e111,35311795,Oracle,0.6896275316624806,0.04049827400012873,3,3.0,3.0,3.0,0.0,0.0,0.0,1.0,1.0,1.0,0.0,1590.0,1590.0,inf,21889.0,inf,13.766666666666667,0.0,21889.0,hyperplane_gauss,38426,13,0.0884068547282368,0.27566070947796106,3,prior,incremental,3179,0.35093829929828646,1.0,True,high,slow,prior/incremental/K=3/recurring/high/slow/n/a/imbalanced/noisy,-0.008950996633356523,-0.0
scn-d2ddbbf6f923,637210068,ADWIN,0.9484918569914234,0.014512219999687659,2,5.0,2.0,1.0,4.0,1.0,0.0,0.5,0.2,0.28571428571428575,0.8,1458.0,1458.0,10754.0,10754.0,1.47517146776406,1.47517146776406,0.09298865538404315,10754.0,hyperplane_gauss,21754,2,0.3767760417889804,0.0021857614628970623,5,real,sudden,0,0.06557453453540801,1.0,False,low,abrupt,real/sudden/K=5/low/abrupt/global/imbalanced/noisy,0.008335742507468491,0.00361376120265966
scn-d2ddbbf6f923,637210068,KSWIN,0.9401561144839549,4.5150007209999785,0,5.0,0.0,0.0,5.0,0.0,0.0,,0.0,0.0,1.0,,,inf,10754.0,,,0.0,10754.0,hyperplane_gauss,21754,2,0.3767760417889804,0.0021857614628970623,5,real,sudden,0,0.06557453453540801,1.0,False,low,abrupt,real/sudden/K=5/low/abrupt/global/imbalanced/noisy,0.0,0.011949503710128151
scn-d2ddbbf6f923,637210068,PageHinkley,0.9499855449551894,0.019704766000359086,2,5.0,2.0,1.0,4.0,1.0,0.0,0.5,0.2,0.28571428571428575,0.8,1104.0,1104.0,10754.0,10754.0,1.948188405797101,1.948188405797101,0.09298865538404315,10754.0,hyperplane_gauss,21754,2,0.3767760417889804,0.0021857614628970623,5,real,sudden,0,0.06557453453540801,1.0,False,low,abrupt,real/sudden/K=5/low/abrupt/global/imbalanced/noisy,0.009829430471234524,0.002120073238893627
scn-d2ddbbf6f923,637210068,PageHinkley-up,0.9499855449551894,0.01989890999993804,2,5.0,2.0,1.0,4.0,1.0,0.0,0.5,0.2,0.28571428571428575,0.8,1104.0,1104.0,10754.0,10754.0,1.948188405797101,1.948188405797101,0.09298865538404315,10754.0,hyperplane_gauss,21754,2,0.3767760417889804,0.0021857614628970623,5,real,sudden,0,0.06557453453540801,1.0,False,low,abrupt,real/sudden/K=5/low/abrupt/global/imbalanced/noisy,0.009829430471234524,0.002120073238893627
scn-d2ddbbf6f923,637210068,DDM,0.9569721499469982,0.019827931000236276,3,5.0,3.0,2.0,3.0,1.0,0.0,0.6666666666666666,0.4,0.5,0.6,909.0,909.0,10754.0,10754.0,4.732233223322332,4.732233223322332,0.09298865538404315,10754.0,hyperplane_gauss,21754,2,0.3767760417889804,0.0021857614628970623,5,real,sudden,0,0.06557453453540801,1.0,False,low,abrupt,real/sudden/K=5/low/abrupt/global/imbalanced/noisy,0.016816035463043333,-0.004866531752915182
scn-d2ddbbf6f923,637210068,EDDM,0.9502746458514021,0.01739588599957642,10,5.0,10.0,4.0,1.0,3.0,3.0,0.4,0.8,0.5333333333333333,0.19999999999999996,342.0,394.0,3584.6666666666665,3584.6666666666665,8.385185185185184,8.385185185185184,0.27896596615212943,10754.0,hyperplane_gauss,21754,2,0.3767760417889804,0.0021857614628970623,5,real,sudden,0,0.06557453453540801,1.0,False,low,abrupt,real/sudden/K=5/low/abrupt/global/imbalanced/noisy,0.010118531367447225,0.0018309723426809255
scn-d2ddbbf6f923,637210068,HDDM_A,0.9333140599402525,0.08434923000004346,1,5.0,1.0,1.0,4.0,0.0,0.0,1.0,0.2,0.33333333333333337,0.8,1178.0,1178.0,inf,10754.0,inf,1.825806451612903,0.0,10754.0,hyperplane_gauss,21754,2,0.3767760417889804,0.0021857614628970623,5,real,sudden,0,0.06557453453540801,1.0,False,low,abrupt,real/sudden/K=5/low/abrupt/global/imbalanced/noisy,-0.006842054543702347,0.018791558253830498
scn-d2ddbbf6f923,637210068,HDDM_W,0.9401561144839549,0.06204072500031543,0,5.0,0.0,0.0,5.0,0.0,0.0,,0.0,0.0,1.0,,,inf,10754.0,,,0.0,10754.0,hyperplane_gauss,21754,2,0.3767760417889804,0.0021857614628970623,5,real,sudden,0,0.06557453453540801,1.0,False,low,abrupt,real/sudden/K=5/low/abrupt/global/imbalanced/noisy,0.0,0.011949503710128151
scn-d2ddbbf6f923,637210068,FHDDM,0.9401561144839549,0.016334574000211433,0,5.0,0.0,0.0,5.0,0.0,0.0,,0.0,0.0,1.0,,,inf,10754.0,,,0.0,10754.0,hyperplane_gauss,21754,2,0.3767760417889804,0.0021857614628970623,5,real,sudden,0,0.06557453453540801,1.0,False,low,abrupt,real/sudden/K=5/low/abrupt/global/imbalanced/noisy,0.0,0.011949503710128151
scn-d2ddbbf6f923,637210068,NoDrift,0.9401561144839549,0.008917913000004773,0,5.0,0.0,0.0,5.0,0.0,0.0,,0.0,0.0,1.0,,,inf,10754.0,,,0.0,10754.0,hyperplane_gauss,21754,2,0.3767760417889804,0.0021857614628970623,5,real,sudden,0,0.06557453453540801,1.0,False,low,abrupt,real/sudden/K=5/low/abrupt/global/imbalanced/noisy,0.0,0.011949503710128151
scn-d2ddbbf6f923,637210068,Periodic(2000),0.9452153801676785,0.0099709169999187,10,5.0,10.0,5.0,0.0,5.0,0.0,0.5,1.0,0.6666666666666666,0.0,623.4,623.0,2150.8,2150.8,3.4501122874558874,3.4501122874558874,0.46494327692021575,10754.0,hyperplane_gauss,21754,2,0.3767760417889804,0.0021857614628970623,5,real,sudden,0,0.06557453453540801,1.0,False,low,abrupt,real/sudden/K=5/low/abrupt/global/imbalanced/noisy,0.005059265683723613,0.006890238026404538
scn-d2ddbbf6f923,637210068,Oracle,0.952105618194083,0.01296446400010609,5,5.0,5.0,5.0,0.0,0.0,0.0,1.0,1.0,1.0,0.0,1.0,1.0,inf,10754.0,inf,10754.0,0.0,10754.0,hyperplane_gauss,21754,2,0.3767760417889804,0.0021857614628970623,5,real,sudden,0,0.06557453453540801,1.0,False,low,abrupt,real/sudden/K=5/low/abrupt/global/imbalanced/noisy,0.011949503710128151,-0.0
scn-d2ddbbf6f923,637210069,ADWIN,0.9522501686421895,0.014390787000138516,3,5.0,3.0,3.0,2.0,0.0,0.0,1.0,0.6,0.7499999999999999,0.4,1307.0,1046.0,inf,10754.0,inf,4.936801836266259,0.0,10754.0,hyperplane_gauss,21754,2,0.3767760417889804,0.0021857614628970623,5,real,sudden,0,0.06557453453540801,1.0,False,low,abrupt,real/sudden/K=5/low/abrupt/global/imbalanced/noisy,0.012672255950660127,-0.0031801098583406073
scn-d2ddbbf6f923,637210069,KSWIN,0.9395779126915293,4.42758540099976,0,5.0,0.0,0.0,5.0,0.0,0.0,,0.0,0.0,1.0,,,inf,10754.0,,,0.0,10754.0,hyperplane_gauss,21754,2,0.3767760417889804,0.0021857614628970623,5,real,sudden,0,0.06557453453540801,1.0,False,low,abrupt,real/sudden/K=5/low/abrupt/global/imbalanced/noisy,0.0,0.00949214609231952
scn-d2ddbbf6f923,637210069,PageHinkley,0.9515755998843597,0.019725404000382696,3,5.0,3.0,2.0,3.0,1.0,0.0,0.6666666666666666,0.4,0.5,0.6,1227.5,1227.5,10754.0,10754.0,3.504358452138493,3.504358452138493,0.09298865538404315,10754.0,hyperplane_gauss,21754,2,0.3767760417889804,0.0021857614628970623,5,real,sudden,0,0.06557453453540801,1.0,False,low,abrupt,real/sudden/K=5/low/abrupt/global/imbalanced/noisy,0.011997687192830342,-0.002505541100510822
scn-d2ddbbf6f923,637210069,PageHinkley-up,0.9520574347113809,0.01938046100030988,2,5.0,2.0,2.0,3.0,0.0,0.0,1.0,0.4,0.5714285714285715,0.6,1278.5,1278.5,inf,10754.0,inf,3.3645678529526792,0.0,10754.0,hyperplane_gauss,21754,2,0.3767760417889804,0.0021857614628970623,5,real,sudden,0,0.06557453453540801,1.0,False,low,abrupt,real/sudden/K=5/low/abrupt/global/imbalanced/noisy,0.012479522019851585,-0.0029873759275320655
scn-d2ddbbf6f923,637210069,DDM,0.9547075262599981,0.01971977399989555,3,5.0,3.0,2.0,3.0,1.0,0.0,0.6666666666666666,0.4,0.5,0.6,772.0,772.0,10754.0,10754.0,5.572020725388601,5.572020725388601,0.09298865538404315,10754.0,hyperplane_gauss,21754,2,0.3767760417889804,0.0021857614628970623,5,real,sudden,0,0.06557453453540801,1.0,False,low,abrupt,real/sudden/K=5/low/abrupt/global/imbalanced/noisy,0.015129613568468758,-0.005637467476149238
scn-d2ddbbf6f923,637210069,EDDM,0.9518165172978703,0.014827427999989595,5,5.0,5.0,3.0,2.0,1.0,1.0,0.6,0.6,0.6,0.4,648.6666666666666,696.0,10754.0,10754.0,9.947173689619733,9.947173689619733,0.09298865538404315,10754.0,hyperplane_gauss,21754,2,0.3767760417889804,0.0021857614628970623,5,real,sudden,0,0.06557453453540801,1.0,False,low,abrupt,real/sudden/K=5/low/abrupt/global/imbalanced/noisy,0.012238604606340964,-0.0027464585140214437
scn-d2ddbbf6f923,637210069,HDDM_A,0.9395779126915293,0.06593201900022905,0,5.0,0.0,0.0,5.0,0.0,0.0,,0.0,0.0,1.0,,,inf,10754.0,,,0.0,10754.0,hyperplane_gauss,21754,2,0.3767760417889804,0.0021857614628970623,5,real,sudden,0,0.06557453453540801,1.0,False,low,abrupt,real/sudden/K=5/low/abrupt/global/imbalanced/noisy,0.0,0.00949214609231952
scn-d2ddbbf6f923,637210069,HDDM_W,0.9395779126915293,0.06124256700013575,0,5.0,0.0,0.0,5.0,0.0,0.0,,0.0,0.0,1.0,,,inf,10754.0,,,0.0,10754.0,hyperplane_gauss,21754,2,0.3767760417889804,0.0021857614628970623,5,real,sudden,0,0.06557453453540801,1.0,False,low,abrupt,real/sudden/K=5/low/abrupt/global/imbalanced/noisy,0.0,0.00949214609231952
scn-d2ddbbf6f923,637210069,FHDDM,0.9395779126915293,0.015569004000099085,0,5.0,0.0,0.0,5.0,0.0,0.0,,0.0,0.0,1.0,,,inf,10754.0,,,0.0,10754.0,hyperplane_gauss,21754,2,0.3767760417889804,0.0021857614628970623,5,real,sudden,0,0.06557453453540801,1.0,False,low,abrupt,real/sudden/K=5/low/abrupt/global/imbalanced/noisy,0.0,0.00949214609231952
scn-d2ddbbf6f923,637210069,NoDrift,0.9395779126915293,0.008894488999885652,0,5.0,0.0,0.0,5.0,0.0,0.0,,0.0,0.0,1.0,,,inf,10754.0,,,0.0,10754.0,hyperplane_gauss,21754,2,0.3767760417889804,0.0021857614628970623,5,real,sudden,0,0.06557453453540801,1.0,False,low,abrupt,real/sudden/K=5/low/abrupt/global/imbalanced/noisy,0.0,0.00949214609231952
scn-d2ddbbf6f923,637210069,Periodic(2000),0.9431434904114869,0.009974441999929695,10,5.0,10.0,5.0,0.0,5.0,0.0,0.5,1.0,0.6666666666666666,0.0,623.4,623.0,2150.8,2150.8,3.4501122874558874,3.4501122874558874,0.46494327692021575,10754.0,hyperplane_gauss,21754,2,0.3767760417889804,0.0021857614628970623,5,real,sudden,0,0.06557453453540801,1.0,False,low,abrupt,real/sudden/K=5/low/abrupt/global/imbalanced/noisy,0.00356557771995758,0.00592656837236194
scn-d2ddbbf6f923,637210069,Oracle,0.9490700587838489,0.0130847180003002,5,5.0,5.0,5.0,0.0,0.0,0.0,1.0,1.0,1.0,0.0,1.0,1.0,inf,10754.0,inf,10754.0,0.0,10754.0,hyperplane_gauss,21754,2,0.3767760417889804,0.0021857614628970623,5,real,sudden,0,0.06557453453540801,1.0,False,low,abrupt,real/sudden/K=5/low/abrupt/global/imbalanced/noisy,0.00949214609231952,-0.0
scn-d2ddbbf6f923,637210070,ADWIN,0.9458899489255084,0.014864082999793027,2,5.0,2.0,2.0,3.0,0.0,0.0,1.0,0.4,0.5714285714285715,0.6,452.0,452.0,inf,10754.0,inf,9.516814159292036,0.0,10754.0,hyperplane_gauss,21754,2,0.3767760417889804,0.0021857614628970623,5,real,sudden,0,0.06557453453540801,1.0,False,low,abrupt,real/sudden/K=5/low/abrupt/global/imbalanced/noisy,0.0053001830972343456,0.006167485785872562
scn-d2ddbbf6f923,637210070,KSWIN,0.940589765828274,4.456666923000284,0,5.0,0.0,0.0,5.0,0.0,0.0,,0.0,0.0,1.0,,,inf,10754.0,,,0.0,10754.0,hyperplane_gauss,21754,2,0.3767760417889804,0.0021857614628970623,5,real,sudden,0,0.06557453453540801,1.0,False,low,abrupt,real/sudden/K=5/low/abrupt/global/imbalanced/noisy,0.0,0.011467668883106907
scn-d2ddbbf6f923,637210070,PageHinkley,0.9432398573768912,0.01968603500017707,2,5.0,2.0,2.0,3.0,0.0,0.0,1.0,0.4,0.5714285714285715,0.6,886.5,886.5,inf,10754.0,inf,4.852340665538636,0.0,10754.0,hyperplane_gauss,21754,2,0.3767760417889804,0.0021857614628970623,5,real,sudden,0,0.06557453453540801,1.0,False,low,abrupt,real/sudden/K=5/low/abrupt/global/imbalanced/noisy,0.0026500915486171728,0.008817577334489735
scn-d2ddbbf6f923,637210070,PageHinkley-up,0.9432398573768912,0.019553203999748803,2,5.0,2.0,2.0,3.0,0.0,0.0,1.0,0.4,0.5714285714285715,0.6,886.5,886.5,inf,10754.0,inf,4.852340665538636,0.0,10754.0,hyperplane_gauss,21754,2,0.3767760417889804,0.0021857614628970623,5,real,sudden,0,0.06557453453540801,1.0,False,low,abrupt,real/sudden/K=5/low/abrupt/global/imbalanced/noisy,0.0026500915486171728,0.008817577334489735
scn-d2ddbbf6f923,637210070,DDM,0.9525874530211044,0.019545085999652656,4,5.0,4.0,3.0,2.0,1.0,0.0,0.75,0.6,0.6666666666666665,0.4,421.6666666666667,375.0,10754.0,10754.0,15.302134387351776,15.302134387351776,0.09298865538404315,10754.0,hyperplane_gauss,21754,2,0.3767760417889804,0.0021857614628970623,5,real,sudden,0,0.06557453453540801,1.0,False,low,abrupt,real/sudden/K=5/low/abrupt/global/imbalanced/noisy,0.011997687192830342,-0.0005300183097234346
scn-d2ddbbf6f923,637210070,EDDM,0.9428543895152741,0.01774580099981904,11,5.0,11.0,4.0,1.0,1.0,6.0,0.36363636363636365,0.8,0.5000000000000001,0.19999999999999996,494.5,325.0,10754.0,10754.0,17.397775530839233,17.397775530839233,0.09298865538404315,10754.0,hyperplane_gauss,21754,2,0.3767760417889804,0.0021857614628970623,5,real,sudden,0,0.06557453453540801,1.0,False,low,abrupt,real/sudden/K=5/low/abrupt/global/imbalanced/noisy,0.002264623687000089,0.009203045196106818
scn-d2ddbbf6f923,637210070,HDDM_A,0.9327840416305291,0.07732117700015806,1,5.0,1.0,1.0,4.0,0.0,0.0,1.0,0.2,0.33333333333333337,0.8,1540.0,1540.0,inf,10754.0,inf,1.3966233766233764,0.0,10754.0,hyperplane_gauss,21754,2,0.3767760417889804,0.0021857614628970623,5,real,sudden,0,0.06557453453540801,1.0,False,low,abrupt,real/sudden/K=5/low/abrupt/global/imbalanced/noisy,-0.007805724197744945,0.019273393080851853
scn-d2ddbbf6f923,637210070,HDDM_W,0.940589765828274,0.060748259000320104,0,5.0,0.0,0.0,5.0,0.0,0.0,,0.0,0.0,1.0,,,inf,10754.0,,,0.0,10754.0,hyperplane_gauss,21754,2,0.3767760417889804,0.0021857614628970623,5,real,sudden,0,0.06557453453540801,1.0,False,low,abrupt,real/sudden/K=5/low/abrupt/global/imbalanced/noisy,0.0,0.011467668883106907
scn-d2ddbbf6f923,637210070,FHDDM,0.940589765828274,0.015499579999868729,0,5.0,0.0,0.0,5.0,0.0,0.0,,0.0,0.0,1.0,,,inf,10754.0,,,0.0,10754.0,hyperplane_gauss,21754,2,0.3767760417889804,0.0021857614628970623,5,real,sudden,0,0.06557453453540801,1.0,False,low,abrupt,real/sudden/K=5/low/abrupt/global/imbalanced/noisy,0.0,0.011467668883106907
scn-d2ddbbf6f923,637210070,NoDrift,0.940589765828274,0.008838773000206857,0,5.0,0.0,0.0,5.0,0.0,0.0,,0.0,0.0,1.0,,,inf,10754.0,,,0.0,10754.0,hyperplane_gauss,21754,2,0.3767760417889804,0.0021857614628970623,5,real,sudden,0,0.06557453453540801,1.0,False,low,abrupt,real/sudden/K=5/low/abrupt/global/imbalanced/noisy,0.0,0.011467668883106907
scn-d2ddbbf6f923,637210070,Periodic(2000),0.9416979859304231,0.010088324000207649,10,5.0,10.0,5.0,0.0,5.0,0.0,0.5,1.0,0.6666666666666666,0.0,623.4,623.0,2150.8,2150.8,3.4501122874558874,3.4501122874558874,0.46494327692021575,10754.0,hyperplane_gauss,21754,2,0.3767760417889804,0.0021857614628970623,5,real,sudden,0,0.06557453453540801,1.0,False,low,abrupt,real/sudden/K=5/low/abrupt/global/imbalanced/noisy,0.00110822010214906,0.010359448780957847
scn-d2ddbbf6f923,637210070,Oracle,0.9520574347113809,0.012760548000187555,5,5.0,5.0,5.0,0.0,0.0,0.0,1.0,1.0,1.0,0.0,1.0,1.0,inf,10754.0,inf,10754.0,0.0,10754.0,hyperplane_gauss,21754,2,0.3767760417889804,0.0021857614628970623,5,real,sudden,0,0.06557453453540801,1.0,False,low,abrupt,real/sudden/K=5/low/abrupt/global/imbalanced/noisy,0.011467668883106907,-0.0
scn-e304820edbbe,675151888,ADWIN,0.7277413811620663,0.02168535900000279,0,3.0,0.0,0.0,3.0,0.0,0.0,,0.0,0.0,1.0,,,inf,2315.0,,,0.0,2315.0,hyperplane_gauss,10311,31,0.18516070195473733,0.1972378539852798,3,real,incremental,332,0.09490719089326692,0.32824347242712976,False,low,fast,real/incremental/K=3/low/fast/partial/imbalanced/noisy,0.0,-0.009558586617978704
scn-e304820edbbe,675151888,KSWIN,0.7230157877778971,1.9641022459995838,2,3.0,2.0,1.0,2.0,0.0,1.0,0.5,0.3333333333333333,0.4,0.6666666666666667,1280.0,1280.0,inf,2315.0,inf,0.6028645833333331,0.0,2315.0,hyperplane_gauss,10311,31,0.18516070195473733,0.1972378539852798,3,real,incremental,332,0.09490719089326692,0.32824347242712976,False,low,fast,real/incremental/K=3/low/fast/partial/imbalanced/noisy,-0.004725593384169224,-0.004832993233809479
scn-e304820edbbe,675151888,PageHinkley,0.728063580710987,0.028840089000368607,1,3.0,1.0,1.0,2.0,0.0,0.0,1.0,0.3333333333333333,0.5,0.6666666666666667,52.0,52.0,inf,2315.0,inf,14.839743589743586,0.0,2315.0,hyperplane_gauss,10311,31,0.18516070195473733,0.1972378539852798,3,real,incremental,332,0.09490719089326692,0.32824347242712976,False,low,fast,real/incremental/K=3/low/fast/partial/imbalanced/noisy,0.00032219954892065417,-0.009880786166899358
scn-e304820edbbe,675151888,PageHinkley-up,0.7268821823649447,0.026996182999937446,1,3.0,1.0,1.0,2.0,0.0,0.0,1.0,0.3333333333333333,0.5,0.6666666666666667,701.0,701.0,inf,2315.0,inf,1.1008083689966712,0.0,2315.0,hyperplane_gauss,10311,31,0.18516070195473733,0.1972378539852798,3,real,incremental,332,0.09490719089326692,0.32824347242712976,False,low,fast,real/incremental/K=3/low/fast/partial/imbalanced/noisy,-0.0008591987971215964,-0.008699387820857107
scn-e304820edbbe,675151888,DDM,0.7277413811620663,0.0240153470003861,0,3.0,0.0,0.0,3.0,0.0,0.0,,0.0,0.0,1.0,,,inf,2315.0,,,0.0,2315.0,hyperplane_gauss,10311,31,0.18516070195473733,0.1972378539852798,3,real,incremental,332,0.09490719089326692,0.32824347242712976,False,low,fast,real/incremental/K=3/low/fast/partial/imbalanced/noisy,0.0,-0.009558586617978704
scn-e304820edbbe,675151888,EDDM,0.7277413811620663,0.022421725999720366,0,3.0,0.0,0.0,3.0,0.0,0.0,,0.0,0.0,1.0,,,inf,2315.0,,,0.0,2315.0,hyperplane_gauss,10311,31,0.18516070195473733,0.1972378539852798,3,real,incremental,332,0.09490719089326692,0.32824347242712976,False,low,fast,real/incremental/K=3/low/fast/partial/imbalanced/noisy,0.0,-0.009558586617978704
scn-e304820edbbe,675151888,HDDM_A,0.7277413811620663,0.04350164599964046,0,3.0,0.0,0.0,3.0,0.0,0.0,,0.0,0.0,1.0,,,inf,2315.0,,,0.0,2315.0,hyperplane_gauss,10311,31,0.18516070195473733,0.1972378539852798,3,real,incremental,332,0.09490719089326692,0.32824347242712976,False,low,fast,real/incremental/K=3/low/fast/partial/imbalanced/noisy,0.0,-0.009558586617978704
scn-e304820edbbe,675151888,HDDM_W,0.7187197937922887,0.04961099199999808,2,3.0,2.0,2.0,1.0,0.0,0.0,1.0,0.6666666666666666,0.8,0.33333333333333337,1507.0,1507.0,inf,2315.0,inf,1.024109710241097,0.0,2315.0,hyperplane_gauss,10311,31,0.18516070195473733,0.1972378539852798,3,real,incremental,332,0.09490719089326692,0.32824347242712976,False,low,fast,real/incremental/K=3/low/fast/partial/imbalanced/noisy,-0.00902158736977765,-0.0005369992482010533
scn-e304820edbbe,675151888,FHDDM,0.7277413811620663,0.02267829399988841,0,3.0,0.0,0.0,3.0,0.0,0.0,,0.0,0.0,1.0,,,inf,2315.0,,,0.0,2315.0,hyperplane_gauss,10311,31,0.18516070195473733,0.1972378539852798,3,real,incremental,332,0.09490719089326692,0.32824347242712976,False,low,fast,real/incremental/K=3/low/fast/partial/imbalanced/noisy,0.0,-0.009558586617978704
scn-e304820edbbe,675151888,NoDrift,0.7277413811620663,0.019338159000199084,0,3.0,0.0,0.0,3.0,0.0,0.0,,0.0,0.0,1.0,,,inf,2315.0,,,0.0,2315.0,hyperplane_gauss,10311,31,0.18516070195473733,0.1972378539852798,3,real,incremental,332,0.09490719089326692,0.32824347242712976,False,low,fast,real/incremental/K=3/low/fast/partial/imbalanced/noisy,0.0,-0.009558586617978704
scn-e304820edbbe,675151888,Periodic(2000),0.7099130061217914,0.021420834999844374,4,3.0,4.0,3.0,0.0,1.0,0.0,0.75,1.0,0.8571428571428571,0.0,1177.6666666666667,1407.0,2315.0,2315.0,1.9657514859892442,1.9657514859892442,0.4319654427645788,2315.0,hyperplane_gauss,10311,31,0.18516070195473733,0.1972378539852798,3,real,incremental,332,0.09490719089326692,0.32824347242712976,False,low,fast,real/incremental/K=3/low/fast/partial/imbalanced/noisy,-0.017828375040274902,0.008269788422296198
scn-e304820edbbe,675151888,Oracle,0.7181827945440876,0.0238143379997382,3,3.0,3.0,3.0,0.0,0.0,0.0,1.0,1.0,1.0,0.0,167.0,167.0,inf,2315.0,inf,13.862275449101796,0.0,2315.0,hyperplane_gauss,10311,31,0.18516070195473733,0.1972378539852798,3,real,incremental,332,0.09490719089326692,0.32824347242712976,False,low,fast,real/incremental/K=3/low/fast/partial/imbalanced/noisy,-0.009558586617978704,-0.0
scn-e304820edbbe,675151889,ADWIN,0.7340779722908388,0.021985019000112516,0,3.0,0.0,0.0,3.0,0.0,0.0,,0.0,0.0,1.0,,,inf,2315.0,,,0.0,2315.0,hyperplane_gauss,10311,31,0.18516070195473733,0.1972378539852798,3,real,incremental,332,0.09490719089326692,0.32824347242712976,False,low,fast,real/incremental/K=3/low/fast/partial/imbalanced/noisy,0.0,-0.007625389324455001
scn-e304820edbbe,675151889,KSWIN,0.7340779722908388,1.9260470280000845,0,3.0,0.0,0.0,3.0,0.0,0.0,,0.0,0.0,1.0,,,inf,2315.0,,,0.0,2315.0,hyperplane_gauss,10311,31,0.18516070195473733,0.1972378539852798,3,real,incremental,332,0.09490719089326692,0.32824347242712976,False,low,fast,real/incremental/K=3/low/fast/partial/imbalanced/noisy,0.0,-0.007625389324455001
scn-e304820edbbe,675151889,PageHinkley,0.7340779722908388,0.02417898099974991,0,3.0,0.0,0.0,3.0,0.0,0.0,,0.0,0.0,1.0,,,inf,2315.0,,,0.0,2315.0,hyperplane_gauss,10311,31,0.18516070195473733,0.1972378539852798,3,real,incremental,332,0.09490719089326692,0.32824347242712976,False,low,fast,real/incremental/K=3/low/fast/partial/imbalanced/noisy,0.0,-0.007625389324455001
scn-e304820edbbe,675151889,PageHinkley-up,0.7340779722908388,0.024694569999610394,0,3.0,0.0,0.0,3.0,0.0,0.0,,0.0,0.0,1.0,,,inf,2315.0,,,0.0,2315.0,hyperplane_gauss,10311,31,0.18516070195473733,0.1972378539852798,3,real,incremental,332,0.09490719089326692,0.32824347242712976,False,low,fast,real/incremental/K=3/low/fast/partial/imbalanced/noisy,0.0,-0.007625389324455001
scn-e304820edbbe,675151889,DDM,0.7340779722908388,0.02395231500031514,0,3.0,0.0,0.0,3.0,0.0,0.0,,0.0,0.0,1.0,,,inf,2315.0,,,0.0,2315.0,hyperplane_gauss,10311,31,0.18516070195473733,0.1972378539852798,3,real,incremental,332,0.09490719089326692,0.32824347242712976,False,low,fast,real/incremental/K=3/low/fast/partial/imbalanced/noisy,0.0,-0.007625389324455001
scn-e304820edbbe,675151889,EDDM,0.7133498013102781,0.07963604700034921,17,3.0,17.0,1.0,2.0,3.0,13.0,0.058823529411764705,0.3333333333333333,0.1,0.6666666666666667,46.0,46.0,771.6666666666666,771.6666666666666,5.591787439613525,5.591787439613525,1.2958963282937366,2315.0,hyperplane_gauss,10311,31,0.18516070195473733,0.1972378539852798,3,real,incremental,332,0.09490719089326692,0.32824347242712976,False,low,fast,real/incremental/K=3/low/fast/partial/imbalanced/noisy,-0.02072817098056068,0.013102781656105678
scn-e304820edbbe,675151889,HDDM_A,0.7284931801095479,0.060440226000082475,3,3.0,3.0,2.0,1.0,0.0,1.0,0.6666666666666666,0.6666666666666666,0.6666666666666666,0.33333333333333337,516.0,516.0,inf,2315.0,inf,2.9909560723514215,0.0,2315.0,hyperplane_gauss,10311,31,0.18516070195473733,0.1972378539852798,3,real,incremental,332,0.09490719089326692,0.32824347242712976,False,low,fast,real/incremental/K=3/low/fast/partial/imbalanced/noisy,-0.005584792181290932,-0.002040597143164069
scn-e304820edbbe,675151889,HDDM_W,0.7353667704865213,0.050322751000294375,2,3.0,2.0,2.0,1.0,0.0,0.0,1.0,0.6666666666666666,0.8,0.33333333333333337,510.5,510.5,inf,2315.0,inf,3.0231798889977144,0.0,2315.0,hyperplane_gauss,10311,31,0.18516070195473733,0.1972378539852798,3,real,incremental,332,0.09490719089326692,0.32824347242712976,False,low,fast,real/incremental/K=3/low/fast/partial/imbalanced/noisy,0.0012887981956825056,-0.008914187520137506
scn-e304820edbbe,675151889,FHDDM,0.735688970035442,0.022692128000016965,1,3.0,1.0,1.0,2.0,0.0,0.0,1.0,0.3333333333333333,0.5,0.6666666666666667,429.0,429.0,inf,2315.0,inf,1.7987567987567985,0.0,2315.0,hyperplane_gauss,10311,31,0.18516070195473733,0.1972378539852798,3,real,incremental,332,0.09490719089326692,0.32824347242712976,False,low,fast,real/incremental/K=3/low/fast/partial/imbalanced/noisy,0.0016109977446031598,-0.00923638706905816
scn-e304820edbbe,675151889,NoDrift,0.7340779722908388,0.0194830689997616,0,3.0,0.0,0.0,3.0,0.0,0.0,,0.0,0.0,1.0,,,inf,2315.0,,,0.0,2315.0,hyperplane_gauss,10311,31,0.18516070195473733,0.1972378539852798,3,real,incremental,332,0.09490719089326692,0.32824347242712976,False,low,fast,real/incremental/K=3/low/fast/partial/imbalanced/noisy,0.0,-0.007625389324455001
scn-e304820edbbe,675151889,Periodic(2000),0.7173235957469659,0.022086714999659307,4,3.0,4.0,3.0,0.0,1.0,0.0,0.75,1.0,0.8571428571428571,0.0,1177.6666666666667,1407.0,2315.0,2315.0,1.9657514859892442,1.9657514859892442,0.4319654427645788,2315.0,hyperplane_gauss,10311,31,0.18516070195473733,0.1972378539852798,3,real,incremental,332,0.09490719089326692,0.32824347242712976,False,low,fast,real/incremental/K=3/low/fast/partial/imbalanced/noisy,-0.016754376543872906,0.009128987219417906
scn-e304820edbbe,675151889,Oracle,0.7264525829663838,0.024099693999687588,3,3.0,3.0,3.0,0.0,0.0,0.0,1.0,1.0,1.0,0.0,167.0,167.0,inf,2315.0,inf,13.862275449101796,0.0,2315.0,hyperplane_gauss,10311,31,0.18516070195473733,0.1972378539852798,3,real,incremental,332,0.09490719089326692,0.32824347242712976,False,low,fast,real/incremental/K=3/low/fast/partial/imbalanced/noisy,-0.007625389324455001,-0.0
scn-e304820edbbe,675151890,ADWIN,0.7368703683814842,0.021166552000067895,0,3.0,0.0,0.0,3.0,0.0,0.0,,0.0,0.0,1.0,,,inf,2315.0,,,0.0,2315.0,hyperplane_gauss,10311,31,0.18516070195473733,0.1972378539852798,3,real,incremental,332,0.09490719089326692,0.32824347242712976,False,low,fast,real/incremental/K=3/low/fast/partial/imbalanced/noisy,0.0,-0.009880786166899358
scn-e304820edbbe,675151890,KSWIN,0.7368703683814842,1.9500814209995951,0,3.0,0.0,0.0,3.0,0.0,0.0,,0.0,0.0,1.0,,,inf,2315.0,,,0.0,2315.0,hyperplane_gauss,10311,31,0.18516070195473733,0.1972378539852798,3,real,incremental,332,0.09490719089326692,0.32824347242712976,False,low,fast,real/incremental/K=3/low/fast/partial/imbalanced/noisy,0.0,-0.009880786166899358
scn-e304820edbbe,675151890,PageHinkley,0.7368703683814842,0.023956172999987757,0,3.0,0.0,0.0,3.0,0.0,0.0,,0.0,0.0,1.0,,,inf,2315.0,,,0.0,2315.0,hyperplane_gauss,10311,31,0.18516070195473733,0.1972378539852798,3,real,incremental,332,0.09490719089326692,0.32824347242712976,False,low,fast,real/incremental/K=3/low/fast/partial/imbalanced/noisy,0.0,-0.009880786166899358
scn-e304820edbbe,675151890,PageHinkley-up,0.7368703683814842,0.023726187000193022,0,3.0,0.0,0.0,3.0,0.0,0.0,,0.0,0.0,1.0,,,inf,2315.0,,,0.0,2315.0,hyperplane_gauss,10311,31,0.18516070195473733,0.1972378539852798,3,real,incremental,332,0.09490719089326692,0.32824347242712976,False,low,fast,real/incremental/K=3/low/fast/partial/imbalanced/noisy,0.0,-0.009880786166899358
scn-e304820edbbe,675151890,DDM,0.7368703683814842,0.023554920999686146,0,3.0,0.0,0.0,3.0,0.0,0.0,,0.0,0.0,1.0,,,inf,2315.0,,,0.0,2315.0,hyperplane_gauss,10311,31,0.18516070195473733,0.1972378539852798,3,real,incremental,332,0.09490719089326692,0.32824347242712976,False,low,fast,real/incremental/K=3/low/fast/partial/imbalanced/noisy,0.0,-0.009880786166899358
scn-e304820edbbe,675151890,EDDM,0.7296745784555901,0.03059456999972099,3,3.0,3.0,0.0,3.0,3.0,0.0,0.0,0.0,0.0,1.0,,,771.6666666666666,771.6666666666666,,,1.2958963282937366,2315.0,hyperplane_gauss,10311,31,0.18516070195473733,0.1972378539852798,3,real,incremental,332,0.09490719089326692,0.32824347242712976,False,low,fast,real/incremental/K=3/low/fast/partial/imbalanced/noisy,-0.007195789925894092,-0.0026849962410052663
scn-e304820edbbe,675151890,HDDM_A,0.7368703683814842,0.0445227589998467,0,3.0,0.0,0.0,3.0,0.0,0.0,,0.0,0.0,1.0,,,inf,2315.0,,,0.0,2315.0,hyperplane_gauss,10311,31,0.18516070195473733,0.1972378539852798,3,real,incremental,332,0.09490719089326692,0.32824347242712976,False,low,fast,real/incremental/K=3/low/fast/partial/imbalanced/noisy,0.0,-0.009880786166899358
scn-e304820edbbe,675151890,HDDM_W,0.7366555686822038,0.04696597500014832,1,3.0,1.0,1.0,2.0,0.0,0.0,1.0,0.3333333333333333,0.5,0.6666666666666667,1247.0,1247.0,inf,2315.0,inf,0.6188184977278801,0.0,2315.0,hyperplane_gauss,10311,31,0.18516070195473733,0.1972378539852798,3,real,incremental,332,0.09490719089326692,0.32824347242712976,False,low,fast,real/incremental/K=3/low/fast/partial/imbalanced/noisy,-0.0002147996992803991,-0.009665986467618959
scn-e304820edbbe,675151890,FHDDM,0.7368703683814842,0.022079592999943998,0,3.0,0.0,0.0,3.0,0.0,0.0,,0.0,0.0,1.0,,,inf,2315.0,,,0.0,2315.0,hyperplane_gauss,10311,31,0.18516070195473733,0.1972378539852798,3,real,incremental,332,0.09490719089326692,0.32824347242712976,False,low,fast,real/incremental/K=3/low/fast/partial/imbalanced/noisy,0.0,-0.009880786166899358
scn-e304820edbbe,675151890,NoDrift,0.7368703683814842,0.01898477200029447,0,3.0,0.0,0.0,3.0,0.0,0.0,,0.0,0.0,1.0,,,inf,2315.0,,,0.0,2315.0,hyperplane_gauss,10311,31,0.18516070195473733,0.1972378539852798,3,real,incremental,332,0.09490719089326692,0.32824347242712976,False,low,fast,real/incremental/K=3/low/fast/partial/imbalanced/noisy,0.0,-0.009880786166899358
scn-e304820edbbe,675151890,Periodic(2000),0.7203307915368918,0.02116834899970854,4,3.0,4.0,3.0,0.0,1.0,0.0,0.75,1.0,0.8571428571428571,0.0,1177.6666666666667,1407.0,2315.0,2315.0,1.9657514859892442,1.9657514859892442,0.4319654427645788,2315.0,hyperplane_gauss,10311,31,0.18516070195473733,0.1972378539852798,3,real,incremental,332,0.09490719089326692,0.32824347242712976,False,low,fast,real/incremental/K=3/low/fast/partial/imbalanced/noisy,-0.016539576844592396,0.006658790677693038
scn-e304820edbbe,675151890,Oracle,0.7269895822145849,0.02376011499973174,3,3.0,3.0,3.0,0.0,0.0,0.0,1.0,1.0,1.0,0.0,167.0,167.0,inf,2315.0,inf,13.862275449101796,0.0,2315.0,hyperplane_gauss,10311,31,0.18516070195473733,0.1972378539852798,3,real,incremental,332,0.09490719089326692,0.32824347242712976,False,low,fast,real/incremental/K=3/low/fast/partial/imbalanced/noisy,-0.009880786166899358,-0.0
scn-c08d3b06be64,1328080992,ADWIN,0.8962370321867774,0.04067328299970541,3,2.0,3.0,0.0,2.0,3.0,0.0,0.0,0.0,0.0,1.0,,,14957.0,14957.0,,,0.06685832720465334,44871.0,hyperplane_gauss,49871,5,0.44525650921277704,0.07811838705092668,2,virtual,sudden,0,0.40972909778356553,0.7252227073535323,True,high,abrupt,virtual/sudden/K=2/recurring/high/abrupt/partial/balanced/noisy,-0.0018825070082462148,0.0020871273352295328
scn-c08d3b06be64,1328080992,KSWIN,0.8981195391950236,10.447532361999947,0,2.0,0.0,0.0,2.0,0.0,0.0,,0.0,0.0,1.0,,,inf,44871.0,,,0.0,44871.0,hyperplane_gauss,49871,5,0.44525650921277704,0.07811838705092668,2,virtual,sudden,0,0.40972909778356553,0.7252227073535323,True,high,abrupt,virtual/sudden/K=2/recurring/high/abrupt/partial/balanced/noisy,0.0,0.000204620326983318
scn-c08d3b06be64,1328080992,PageHinkley,0.8916330748296536,0.057397128000047815,10,2.0,10.0,1.0,1.0,8.0,1.0,0.1,0.5,0.16666666666666669,0.5,659.0,659.0,5608.875,5608.875,4.25559559939302,4.25559559939302,0.17828887254574224,44871.0,hyperplane_gauss,49871,5,0.44525650921277704,0.07811838705092668,2,virtual,sudden,0,0.40972909778356553,0.7252227073535323,True,high,abrupt,virtual/sudden/K=2/recurring/high/abrupt/partial/balanced/noisy,-0.006486464365370037,0.006691084692353355
scn-c08d3b06be64,1328080992,PageHinkley-up,0.900574983118823,0.05243418500003827,1,2.0,1.0,1.0,1.0,0.0,0.0,1.0,0.5,0.6666666666666666,0.5,659.0,659.0,inf,44871.0,inf,34.04476479514416,0.0,44871.0,hyperplane_gauss,49871,5,0.44525650921277704,0.07811838705092668,2,virtual,sudden,0,0.40972909778356553,0.7252227073535323,True,high,abrupt,virtual/sudden/K=2/recurring/high/abrupt/partial/balanced/noisy,0.002455443923799372,-0.002250823596816054
scn-c08d3b06be64,1328080992,DDM,0.8981195391950236,0.05128282199984824,0,2.0,0.0,0.0,2.0,0.0,0.0,,0.0,0.0,1.0,,,inf,44871.0,,,0.0,44871.0,hyperplane_gauss,49871,5,0.44525650921277704,0.07811838705092668,2,virtual,sudden,0,0.40972909778356553,0.7252227073535323,True,high,abrupt,virtual/sudden/K=2/recurring/high/abrupt/partial/balanced/noisy,0.0,0.000204620326983318
scn-c08d3b06be64,1328080992,EDDM,0.8956436332385259,0.04060592500036364,1,2.0,1.0,0.0,2.0,1.0,0.0,0.0,0.0,0.0,1.0,,,44871.0,44871.0,,,0.02228610906821778,44871.0,hyperplane_gauss,49871,5,0.44525650921277704,0.07811838705092668,2,virtual,sudden,0,0.40972909778356553,0.7252227073535323,True,high,abrupt,virtual/sudden/K=2/recurring/high/abrupt/partial/balanced/noisy,-0.002475905956497715,0.002680526283481033
scn-c08d3b06be64,1328080992,HDDM_A,0.8981195391950236,0.14056071200002407,0,2.0,0.0,0.0,2.0,0.0,0.0,,0.0,0.0,1.0,,,inf,44871.0,,,0.0,44871.0,hyperplane_gauss,49871,5,0.44525650921277704,0.07811838705092668,2,virtual,sudden,0,0.40972909778356553,0.7252227073535323,True,high,abrupt,virtual/sudden/K=2/recurring/high/abrupt/partial/balanced/noisy,0.0,0.000204620326983318
scn-c08d3b06be64,1328080992,HDDM_W,0.8981195391950236,0.14915210700019088,0,2.0,0.0,0.0,2.0,0.0,0.0,,0.0,0.0,1.0,,,inf,44871.0,,,0.0,44871.0,hyperplane_gauss,49871,5,0.44525650921277704,0.07811838705092668,2,virtual,sudden,0,0.40972909778356553,0.7252227073535323,True,high,abrupt,virtual/sudden/K=2/recurring/high/abrupt/partial/balanced/noisy,0.0,0.000204620326983318
scn-c08d3b06be64,1328080992,FHDDM,0.8981195391950236,0.0442064969997773,0,2.0,0.0,0.0,2.0,0.0,0.0,,0.0,0.0,1.0,,,inf,44871.0,,,0.0,44871.0,hyperplane_gauss,49871,5,0.44525650921277704,0.07811838705092668,2,virtual,sudden,0,0.40972909778356553,0.7252227073535323,True,high,abrupt,virtual/sudden/K=2/recurring/high/abrupt/partial/balanced/noisy,0.0,0.000204620326983318
scn-c08d3b06be64,1328080992,NoDrift,0.8981195391950236,0.027708053999958793,0,2.0,0.0,0.0,2.0,0.0,0.0,,0.0,0.0,1.0,,,inf,44871.0,,,0.0,44871.0,hyperplane_gauss,49871,5,0.44525650921277704,0.07811838705092668,2,virtual,sudden,0,0.40972909778356553,0.7252227073535323,True,high,abrupt,virtual/sudden/K=2/recurring/high/abrupt/partial/balanced/noisy,0.0,0.000204620326983318
scn-c08d3b06be64,1328080992,Periodic(2000),0.8720509095373534,0.030008100000031845,24,2.0,24.0,2.0,0.0,22.0,0.0,0.08333333333333333,1.0,0.15384615384615385,0.0,565.0,565.0,2039.590909090909,2039.590909090909,3.609895414320193,3.609895414320193,0.4902943995007912,44871.0,hyperplane_gauss,49871,5,0.44525650921277704,0.07811838705092668,2,virtual,sudden,0,0.40972909778356553,0.7252227073535323,True,high,abrupt,virtual/sudden/K=2/recurring/high/abrupt/partial/balanced/noisy,-0.026068629657670206,0.026273249984653524
scn-c08d3b06be64,1328080992,Oracle,0.898324159522007,0.02964339200025279,2,2.0,2.0,2.0,0.0,0.0,0.0,1.0,1.0,1.0,0.0,1.0,1.0,inf,44871.0,inf,44871.0,0.0,44871.0,hyperplane_gauss,49871,5,0.44525650921277704,0.07811838705092668,2,virtual,sudden,0,0.40972909778356553,0.7252227073535323,True,high,abrupt,virtual/sudden/K=2/recurring/high/abrupt/partial/balanced/noisy,0.000204620326983318,-0.0
scn-c08d3b06be64,1328080993,ADWIN,0.8963393423502691,0.037900156999967294,0,2.0,0.0,0.0,2.0,0.0,0.0,,0.0,0.0,1.0,,,inf,44871.0,,,0.0,44871.0,hyperplane_gauss,49871,5,0.44525650921277704,0.07811838705092668,2,virtual,sudden,0,0.40972909778356553,0.7252227073535323,True,high,abrupt,virtual/sudden/K=2/recurring/high/abrupt/partial/balanced/noisy,0.0,0.0021485134333244504
scn-c08d3b06be64,1328080993,KSWIN,0.8963393423502691,10.463765002999935,0,2.0,0.0,0.0,2.0,0.0,0.0,,0.0,0.0,1.0,,,inf,44871.0,,,0.0,44871.0,hyperplane_gauss,49871,5,0.44525650921277704,0.07811838705092668,2,virtual,sudden,0,0.40972909778356553,0.7252227073535323,True,high,abrupt,virtual/sudden/K=2/recurring/high/abrupt/partial/balanced/noisy,0.0,0.0021485134333244504
scn-c08d3b06be64,1328080993,PageHinkley,0.8773915000716171,0.059906129999944824,18,2.0,18.0,1.0,1.0,17.0,0.0,0.05555555555555555,0.5,0.09999999999999999,0.5,709.0,709.0,2639.470588235294,2639.470588235294,1.8614037998838464,1.8614037998838464,0.37886385415970225,44871.0,hyperplane_gauss,49871,5,0.44525650921277704,0.07811838705092668,2,virtual,sudden,0,0.40972909778356553,0.7252227073535323,True,high,abrupt,virtual/sudden/K=2/recurring/high/abrupt/partial/balanced/noisy,-0.018947842278651983,0.021096355711976433
scn-c08d3b06be64,1328080993,PageHinkley-up,0.8970145894293139,0.05117104600003586,2,2.0,2.0,0.0,2.0,2.0,0.0,0.0,0.0,0.0,1.0,,,22435.5,22435.5,,,0.04457221813643556,44871.0,hyperplane_gauss,49871,5,0.44525650921277704,0.07811838705092668,2,virtual,sudden,0,0.40972909778356553,0.7252227073535323,True,high,abrupt,virtual/sudden/K=2/recurring/high/abrupt/partial/balanced/noisy,0.0006752470790447607,0.0014732663542796898
scn-c08d3b06be64,1328080993,DDM,0.8963393423502691,0.049833275000310095,0,2.0,0.0,0.0,2.0,0.0,0.0,,0.0,0.0,1.0,,,inf,44871.0,,,0.0,44871.0,hyperplane_gauss,49871,5,0.44525650921277704,0.07811838705092668,2,virtual,sudden,0,0.40972909778356553,0.7252227073535323,True,high,abrupt,virtual/sudden/K=2/recurring/high/abrupt/partial/balanced/noisy,0.0,0.0021485134333244504
scn-c08d3b06be64,1328080993,EDDM,0.8930858791512348,0.03937092499973005,1,2.0,1.0,0.0,2.0,1.0,0.0,0.0,0.0,0.0,1.0,,,44871.0,44871.0,,,0.02228610906821778,44871.0,hyperplane_gauss,49871,5,0.44525650921277704,0.07811838705092668,2,virtual,sudden,0,0.40972909778356553,0.7252227073535323,True,high,abrupt,virtual/sudden/K=2/recurring/high/abrupt/partial/balanced/noisy,-0.003253463199034301,0.0054019766323587515
scn-c08d3b06be64,1328080993,HDDM_A,0.8963393423502691,0.14821856400021716,0,2.0,0.0,0.0,2.0,0.0,0.0,,0.0,0.0,1.0,,,inf,44871.0,,,0.0,44871.0,hyperplane_gauss,49871,5,0.44525650921277704,0.07811838705092668,2,virtual,sudden,0,0.40972909778356553,0.7252227073535323,True,high,abrupt,virtual/sudden/K=2/recurring/high/abrupt/partial/balanced/noisy,0.0,0.0021485134333244504
scn-c08d3b06be64,1328080993,HDDM_W,0.8963393423502691,0.1482559249998303,0,2.0,0.0,0.0,2.0,0.0,0.0,,0.0,0.0,1.0,,,inf,44871.0,,,0.0,44871.0,hyperplane_gauss,49871,5,0.44525650921277704,0.07811838705092668,2,virtual,sudden,0,0.40972909778356553,0.7252227073535323,True,high,abrupt,virtual/sudden/K=2/recurring/high/abrupt/partial/balanced/noisy,0.0,0.0021485134333244504
scn-c08d3b06be64,1328080993,FHDDM,0.8963393423502691,0.04317412199998216,0,2.0,0.0,0.0,2.0,0.0,0.0,,0.0,0.0,1.0,,,inf,44871.0,,,0.0,44871.0,hyperplane_gauss,49871,5,0.44525650921277704,0.07811838705092668,2,virtual,sudden,0,0.40972909778356553,0.7252227073535323,True,high,abrupt,virtual/sudden/K=2/recurring/high/abrupt/partial/balanced/noisy,0.0,0.0021485134333244504
scn-c08d3b06be64,1328080993,NoDrift,0.8963393423502691,0.028037200999733614,0,2.0,0.0,0.0,2.0,0.0,0.0,,0.0,0.0,1.0,,,inf,44871.0,,,0.0,44871.0,hyperplane_gauss,49871,5,0.44525650921277704,0.07811838705092668,2,virtual,sudden,0,0.40972909778356553,0.7252227073535323,True,high,abrupt,virtual/sudden/K=2/recurring/high/abrupt/partial/balanced/noisy,0.0,0.0021485134333244504
scn-c08d3b06be64,1328080993,Periodic(2000),0.869963782202124,0.030199961000107578,24,2.0,24.0,2.0,0.0,22.0,0.0,0.08333333333333333,1.0,0.15384615384615385,0.0,565.0,565.0,2039.590909090909,2039.590909090909,3.609895414320193,3.609895414320193,0.4902943995007912,44871.0,hyperplane_gauss,49871,5,0.44525650921277704,0.07811838705092668,2,virtual,sudden,0,0.40972909778356553,0.7252227073535323,True,high,abrupt,virtual/sudden/K=2/recurring/high/abrupt/partial/balanced/noisy,-0.026375560148145127,0.028524073581469578
scn-c08d3b06be64,1328080993,Oracle,0.8984878557835936,0.029482560000360536,2,2.0,2.0,2.0,0.0,0.0,0.0,1.0,1.0,1.0,0.0,1.0,1.0,inf,44871.0,inf,44871.0,0.0,44871.0,hyperplane_gauss,49871,5,0.44525650921277704,0.07811838705092668,2,virtual,sudden,0,0.40972909778356553,0.7252227073535323,True,high,abrupt,virtual/sudden/K=2/recurring/high/abrupt/partial/balanced/noisy,0.0021485134333244504,-0.0
scn-c08d3b06be64,1328080994,ADWIN,0.898078615129627,0.03838782299999366,0,2.0,0.0,0.0,2.0,0.0,0.0,,0.0,0.0,1.0,,,inf,44871.0,,,0.0,44871.0,hyperplane_gauss,49871,5,0.44525650921277704,0.07811838705092668,2,virtual,sudden,0,0.40972909778356553,0.7252227073535323,True,high,abrupt,virtual/sudden/K=2/recurring/high/abrupt/partial/balanced/noisy,0.0,0.0002455443923800038
scn-c08d3b06be64,1328080994,KSWIN,0.898078615129627,10.266166049000276,0,2.0,0.0,0.0,2.0,0.0,0.0,,0.0,0.0,1.0,,,inf,44871.0,,,0.0,44871.0,hyperplane_gauss,49871,5,0.44525650921277704,0.07811838705092668,2,virtual,sudden,0,0.40972909778356553,0.7252227073535323,True,high,abrupt,virtual/sudden/K=2/recurring/high/abrupt/partial/balanced/noisy,0.0,0.0002455443923800038
scn-c08d3b06be64,1328080994,PageHinkley,0.8928403347588549,0.05474636799999644,6,2.0,6.0,0.0,2.0,6.0,0.0,0.0,0.0,0.0,1.0,,,7478.5,7478.5,,,0.1337166544093067,44871.0,hyperplane_gauss,49871,5,0.44525650921277704,0.07811838705092668,2,virtual,sudden,0,0.40972909778356553,0.7252227073535323,True,high,abrupt,virtual/sudden/K=2/recurring/high/abrupt/partial/balanced/noisy,-0.005238280370772008,0.005483824763152012
scn-c08d3b06be64,1328080994,PageHinkley-up,0.8976898365083588,0.052582074999918405,1,2.0,1.0,0.0,2.0,1.0,0.0,0.0,0.0,0.0,1.0,,,44871.0,44871.0,,,0.02228610906821778,44871.0,hyperplane_gauss,49871,5,0.44525650921277704,0.07811838705092668,2,virtual,sudden,0,0.40972909778356553,0.7252227073535323,True,high,abrupt,virtual/sudden/K=2/recurring/high/abrupt/partial/balanced/noisy,-0.0003887786212681821,0.0006343230136481859
scn-c08d3b06be64,1328080994,DDM,0.898078615129627,0.050377308999941306,0,2.0,0.0,0.0,2.0,0.0,0.0,,0.0,0.0,1.0,,,inf,44871.0,,,0.0,44871.0,hyperplane_gauss,49871,5,0.44525650921277704,0.07811838705092668,2,virtual,sudden,0,0.40972909778356553,0.7252227073535323,True,high,abrupt,virtual/sudden/K=2/recurring/high/abrupt/partial/balanced/noisy,0.0,0.0002455443923800038
scn-c08d3b06be64,1328080994,EDDM,0.8966053487753474,0.03975822500024151,1,2.0,1.0,0.0,2.0,1.0,0.0,0.0,0.0,0.0,1.0,,,44871.0,44871.0,,,0.02228610906821778,44871.0,hyperplane_gauss,49871,5,0.44525650921277704,0.07811838705092668,2,virtual,sudden,0,0.40972909778356553,0.7252227073535323,True,high,abrupt,virtual/sudden/K=2/recurring/high/abrupt/partial/balanced/noisy,-0.0014732663542795787,0.0017188107466595826
scn-c08d3b06be64,1328080994,HDDM_A,0.898078615129627,0.1495575860003555,0,2.0,0.0,0.0,2.0,0.0,0.0,,0.0,0.0,1.0,,,inf,44871.0,,,0.0,44871.0,hyperplane_gauss,49871,5,0.44525650921277704,0.07811838705092668,2,virtual,sudden,0,0.40972909778356553,0.7252227073535323,True,high,abrupt,virtual/sudden/K=2/recurring/high/abrupt/partial/balanced/noisy,0.0,0.0002455443923800038
scn-c08d3b06be64,1328080994,HDDM_W,0.898078615129627,0.15248049999991053,0,2.0,0.0,0.0,2.0,0.0,0.0,,0.0,0.0,1.0,,,inf,44871.0,,,0.0,44871.0,hyperplane_gauss,49871,5,0.44525650921277704,0.07811838705092668,2,virtual,sudden,0,0.40972909778356553,0.7252227073535323,True,high,abrupt,virtual/sudden/K=2/recurring/high/abrupt/partial/balanced/noisy,0.0,0.0002455443923800038
scn-c08d3b06be64,1328080994,FHDDM,0.898078615129627,0.04331426500039015,0,2.0,0.0,0.0,2.0,0.0,0.0,,0.0,0.0,1.0,,,inf,44871.0,,,0.0,44871.0,hyperplane_gauss,49871,5,0.44525650921277704,0.07811838705092668,2,virtual,sudden,0,0.40972909778356553,0.7252227073535323,True,high,abrupt,virtual/sudden/K=2/recurring/high/abrupt/partial/balanced/noisy,0.0,0.0002455443923800038
scn-c08d3b06be64,1328080994,NoDrift,0.898078615129627,0.02776954899991324,0,2.0,0.0,0.0,2.0,0.0,0.0,,0.0,0.0,1.0,,,inf,44871.0,,,0.0,44871.0,hyperplane_gauss,49871,5,0.44525650921277704,0.07811838705092668,2,virtual,sudden,0,0.40972909778356553,0.7252227073535323,True,high,abrupt,virtual/sudden/K=2/recurring/high/abrupt/partial/balanced/noisy,0.0,0.0002455443923800038
scn-c08d3b06be64,1328080994,Periodic(2000),0.8731558593030632,0.029722351000145864,24,2.0,24.0,2.0,0.0,22.0,0.0,0.08333333333333333,1.0,0.15384615384615385,0.0,565.0,565.0,2039.590909090909,2039.590909090909,3.609895414320193,3.609895414320193,0.4902943995007912,44871.0,hyperplane_gauss,49871,5,0.44525650921277704,0.07811838705092668,2,virtual,sudden,0,0.40972909778356553,0.7252227073535323,True,high,abrupt,virtual/sudden/K=2/recurring/high/abrupt/partial/balanced/noisy,-0.02492275582656378,0.025168300218943784
scn-c08d3b06be64,1328080994,Oracle,0.898324159522007,0.029191771000114386,2,2.0,2.0,2.0,0.0,0.0,0.0,1.0,1.0,1.0,0.0,1.0,1.0,inf,44871.0,inf,44871.0,0.0,44871.0,hyperplane_gauss,49871,5,0.44525650921277704,0.07811838705092668,2,virtual,sudden,0,0.40972909778356553,0.7252227073535323,True,high,abrupt,virtual/sudden/K=2/recurring/high/abrupt/partial/balanced/noisy,0.0002455443923800038,-0.0
scn-fc2f5883e096,683175910,ADWIN,0.8810796254867843,0.0554811330002849,0,5.0,0.0,0.0,5.0,0.0,0.0,,0.0,0.0,1.0,,,inf,31071.0,,,0.0,31071.0,hyperplane_gauss,49276,13,0.3436545214150101,0.06349846422672271,5,virtual,incremental,1441,0.23458870351314542,0.8408842772245408,True,medium,slow,virtual/incremental/K=5/recurring/medium/slow/partial/imbalanced/noisy,0.0,-0.008596404010274283
scn-fc2f5883e096,683175910,KSWIN,0.8810796254867843,10.196199435999915,0,5.0,0.0,0.0,5.0,0.0,0.0,,0.0,0.0,1.0,,,inf,31071.0,,,0.0,31071.0,hyperplane_gauss,49276,13,0.3436545214150101,0.06349846422672271,5,virtual,incremental,1441,0.23458870351314542,0.8408842772245408,True,medium,slow,virtual/incremental/K=5/recurring/medium/slow/partial/imbalanced/noisy,0.0,-0.008596404010274283
scn-fc2f5883e096,683175910,PageHinkley,0.8646532438478747,0.07921352099992873,14,5.0,14.0,2.0,3.0,10.0,2.0,0.14285714285714285,0.4,0.21052631578947364,0.6,1482.0,1482.0,3107.1,3107.1,0.8386234817813766,0.8386234817813766,0.3218435196807312,31071.0,hyperplane_gauss,49276,13,0.3436545214150101,0.06349846422672271,5,virtual,incremental,1441,0.23458870351314542,0.8408842772245408,True,medium,slow,virtual/incremental/K=5/recurring/medium/slow/partial/imbalanced/noisy,-0.016426381638909637,0.007829977628635354
scn-fc2f5883e096,683175910,PageHinkley-up,0.8784074902643135,0.06797234100031346,1,5.0,1.0,0.0,5.0,1.0,0.0,0.0,0.0,0.0,1.0,,,31071.0,31071.0,,,0.03218435196807312,31071.0,hyperplane_gauss,49276,13,0.3436545214150101,0.06349846422672271,5,virtual,incremental,1441,0.23458870351314542,0.8408842772245408,True,medium,slow,virtual/incremental/K=5/recurring/medium/slow/partial/imbalanced/noisy,-0.002672135222470784,-0.005924268787803499
scn-fc2f5883e096,683175910,DDM,0.8810796254867843,0.0698959559999821,0,5.0,0.0,0.0,5.0,0.0,0.0,,0.0,0.0,1.0,,,inf,31071.0,,,0.0,31071.0,hyperplane_gauss,49276,13,0.3436545214150101,0.06349846422672271,5,virtual,incremental,1441,0.23458870351314542,0.8408842772245408,True,medium,slow,virtual/incremental/K=5/recurring/medium/slow/partial/imbalanced/noisy,0.0,-0.008596404010274283
scn-fc2f5883e096,683175910,EDDM,0.8795674869500373,0.07024899199996071,2,5.0,2.0,0.0,5.0,2.0,0.0,0.0,0.0,0.0,1.0,,,15535.5,15535.5,,,0.06436870393614624,31071.0,hyperplane_gauss,49276,13,0.3436545214150101,0.06349846422672271,5,virtual,incremental,1441,0.23458870351314542,0.8408842772245408,True,medium,slow,virtual/incremental/K=5/recurring/medium/slow/partial/imbalanced/noisy,-0.001512138536747032,-0.0070842654735272514
scn-fc2f5883e096,683175910,HDDM_A,0.8810796254867843,0.16341216599994368,0,5.0,0.0,0.0,5.0,0.0,0.0,,0.0,0.0,1.0,,,inf,31071.0,,,0.0,31071.0,hyperplane_gauss,49276,13,0.3436545214150101,0.06349846422672271,5,virtual,incremental,1441,0.23458870351314542,0.8408842772245408,True,medium,slow,virtual/incremental/K=5/recurring/medium/slow/partial/imbalanced/noisy,0.0,-0.008596404010274283
scn-fc2f5883e096,683175910,HDDM_W,0.8810796254867843,0.1648788670004251,0,5.0,0.0,0.0,5.0,0.0,0.0,,0.0,0.0,1.0,,,inf,31071.0,,,0.0,31071.0,hyperplane_gauss,49276,13,0.3436545214150101,0.06349846422672271,5,virtual,incremental,1441,0.23458870351314542,0.8408842772245408,True,medium,slow,virtual/incremental/K=5/recurring/medium/slow/partial/imbalanced/noisy,0.0,-0.008596404010274283
scn-fc2f5883e096,683175910,FHDDM,0.8810796254867843,0.1141057740001088,0,5.0,0.0,0.0,5.0,0.0,0.0,,0.0,0.0,1.0,,,inf,31071.0,,,0.0,31071.0,hyperplane_gauss,49276,13,0.3436545214150101,0.06349846422672271,5,virtual,incremental,1441,0.23458870351314542,0.8408842772245408,True,medium,slow,virtual/incremental/K=5/recurring/medium/slow/partial/imbalanced/noisy,0.0,-0.008596404010274283
scn-fc2f5883e096,683175910,NoDrift,0.8810796254867843,0.04409231899990118,0,5.0,0.0,0.0,5.0,0.0,0.0,,0.0,0.0,1.0,,,inf,31071.0,,,0.0,31071.0,hyperplane_gauss,49276,13,0.3436545214150101,0.06349846422672271,5,virtual,incremental,1441,0.23458870351314542,0.8408842772245408,True,medium,slow,virtual/incremental/K=5/recurring/medium/slow/partial/imbalanced/noisy,0.0,-0.008596404010274283
scn-fc2f5883e096,683175910,Periodic(2000),0.8494904300273428,0.09273235599994223,24,5.0,24.0,5.0,0.0,16.0,3.0,0.20833333333333334,1.0,0.3448275862068966,0.0,1183.0,1238.0,1941.9375,1941.9375,1.6415363482671175,1.6415363482671175,0.51494963148917,31071.0,hyperplane_gauss,49276,13,0.3436545214150101,0.06349846422672271,5,virtual,incremental,1441,0.23458870351314542,0.8408842772245408,True,medium,slow,virtual/incremental/K=5/recurring/medium/slow/partial/imbalanced/noisy,-0.0315891954594415,0.022992791449167216
scn-fc2f5883e096,683175910,Oracle,0.87248322147651,0.04913278399999399,5,5.0,5.0,5.0,0.0,0.0,0.0,1.0,1.0,1.0,0.0,721.0,721.0,inf,31071.0,inf,43.094313453536756,0.0,31071.0,hyperplane_gauss,49276,13,0.3436545214150101,0.06349846422672271,5,virtual,incremental,1441,0.23458870351314542,0.8408842772245408,True,medium,slow,virtual/incremental/K=5/recurring/medium/slow/partial/imbalanced/noisy,-0.008596404010274283,-0.0
scn-fc2f5883e096,683175911,ADWIN,0.8774753500704283,0.05741341700013436,0,5.0,0.0,0.0,5.0,0.0,0.0,,0.0,0.0,1.0,,,inf,31071.0,,,0.0,31071.0,hyperplane_gauss,49276,13,0.3436545214150101,0.06349846422672271,5,virtual,incremental,1441,0.23458870351314542,0.8408842772245408,True,medium,slow,virtual/incremental/K=5/recurring/medium/slow/partial/imbalanced/noisy,0.0,-0.0068978374347501425
scn-fc2f5883e096,683175911,KSWIN,0.877226779352059,10.446873205999964,1,5.0,1.0,0.0,5.0,1.0,0.0,0.0,0.0,0.0,1.0,,,31071.0,31071.0,,,0.03218435196807312,31071.0,hyperplane_gauss,49276,13,0.3436545214150101,0.06349846422672271,5,virtual,incremental,1441,0.23458870351314542,0.8408842772245408,True,medium,slow,virtual/incremental/K=5/recurring/medium/slow/partial/imbalanced/noisy,-0.0002485707183693675,-0.006649266716380775
scn-fc2f5883e096,683175911,PageHinkley,0.8743267876377496,0.07452181700000438,3,5.0,3.0,1.0,4.0,2.0,0.0,0.3333333333333333,0.2,0.25,0.8,2401.0,2401.0,15535.5,15535.5,1.2940857975843396,1.2940857975843396,0.06436870393614624,31071.0,hyperplane_gauss,49276,13,0.3436545214150101,0.06349846422672271,5,virtual,incremental,1441,0.23458870351314542,0.8408842772245408,True,medium,slow,virtual/incremental/K=5/recurring/medium/slow/partial/imbalanced/noisy,-0.003148562432678692,-0.0037492750020714505
scn-fc2f5883e096,683175911,PageHinkley-up,0.8760046399867429,0.07175405700036208,1,5.0,1.0,1.0,4.0,0.0,0.0,1.0,0.2,0.33333333333333337,0.8,2401.0,2401.0,inf,31071.0,inf,2.5881715951686792,0.0,31071.0,hyperplane_gauss,49276,13,0.3436545214150101,0.06349846422672271,5,virtual,incremental,1441,0.23458870351314542,0.8408842772245408,True,medium,slow,virtual/incremental/K=5/recurring/medium/slow/partial/imbalanced/noisy,-0.0014707100836853781,-0.005427127351064764
scn-fc2f5883e096,683175911,DDM,0.8766882094622587,0.07161974699965867,1,5.0,1.0,0.0,5.0,1.0,0.0,0.0,0.0,0.0,1.0,,,31071.0,31071.0,,,0.03218435196807312,31071.0,hyperplane_gauss,49276,13,0.3436545214150101,0.06349846422672271,5,virtual,incremental,1441,0.23458870351314542,0.8408842772245408,True,medium,slow,virtual/incremental/K=5/recurring/medium/slow/partial/imbalanced/noisy,-0.0007871406081696453,-0.006110696826580497
scn-fc2f5883e096,683175911,EDDM,0.8768124948214434,0.05995733099962308,1,5.0,1.0,0.0,5.0,1.0,0.0,0.0,0.0,0.0,1.0,,,31071.0,31071.0,,,0.03218435196807312,31071.0,hyperplane_gauss,49276,13,0.3436545214150101,0.06349846422672271,5,virtual,incremental,1441,0.23458870351314542,0.8408842772245408,True,medium,slow,virtual/incremental/K=5/recurring/medium/slow/partial/imbalanced/noisy,-0.000662855248984906,-0.0062349821857652366
scn-fc2f5883e096,683175911,HDDM_A,0.8774753500704283,0.1671624369996607,0,5.0,0.0,0.0,5.0,0.0,0.0,,0.0,0.0,1.0,,,inf,31071.0,,,0.0,31071.0,hyperplane_gauss,49276,13,0.3436545214150101,0.06349846422672271,5,virtual,incremental,1441,0.23458870351314542,0.8408842772245408,True,medium,slow,virtual/incremental/K=5/recurring/medium/slow/partial/imbalanced/noisy,0.0,-0.0068978374347501425
scn-fc2f5883e096,683175911,HDDM_W,0.8774753500704283,0.1715178700001161,0,5.0,0.0,0.0,5.0,0.0,0.0,,0.0,0.0,1.0,,,inf,31071.0,,,0.0,31071.0,hyperplane_gauss,49276,13,0.3436545214150101,0.06349846422672271,5,virtual,incremental,1441,0.23458870351314542,0.8408842772245408,True,medium,slow,virtual/incremental/K=5/recurring/medium/slow/partial/imbalanced/noisy,0.0,-0.0068978374347501425
scn-fc2f5883e096,683175911,FHDDM,0.8774753500704283,0.06363567799962766,0,5.0,0.0,0.0,5.0,0.0,0.0,,0.0,0.0,1.0,,,inf,31071.0,,,0.0,31071.0,hyperplane_gauss,49276,13,0.3436545214150101,0.06349846422672271,5,virtual,incremental,1441,0.23458870351314542,0.8408842772245408,True,medium,slow,virtual/incremental/K=5/recurring/medium/slow/partial/imbalanced/noisy,0.0,-0.0068978374347501425
scn-fc2f5883e096,683175911,NoDrift,0.8774753500704283,0.04583261100015079,0,5.0,0.0,0.0,5.0,0.0,0.0,,0.0,0.0,1.0,,,inf,31071.0,,,0.0,31071.0,hyperplane_gauss,49276,13,0.3436545214150101,0.06349846422672271,5,virtual,incremental,1441,0.23458870351314542,0.8408842772245408,True,medium,slow,virtual/incremental/K=5/recurring/medium/slow/partial/imbalanced/noisy,0.0,-0.0068978374347501425
scn-fc2f5883e096,683175911,Periodic(2000),0.8464661529538487,0.05719073000000208,24,5.0,24.0,5.0,0.0,16.0,3.0,0.20833333333333334,1.0,0.3448275862068966,0.0,1183.0,1238.0,1941.9375,1941.9375,1.6415363482671175,1.6415363482671175,0.51494963148917,31071.0,hyperplane_gauss,49276,13,0.3436545214150101,0.06349846422672271,5,virtual,incremental,1441,0.23458870351314542,0.8408842772245408,True,medium,slow,virtual/incremental/K=5/recurring/medium/slow/partial/imbalanced/noisy,-0.031009197116579568,0.024111359681829425
scn-fc2f5883e096,683175911,Oracle,0.8705775126356782,0.05077385500044329,5,5.0,5.0,5.0,0.0,0.0,0.0,1.0,1.0,1.0,0.0,721.0,721.0,inf,31071.0,inf,43.094313453536756,0.0,31071.0,hyperplane_gauss,49276,13,0.3436545214150101,0.06349846422672271,5,virtual,incremental,1441,0.23458870351314542,0.8408842772245408,True,medium,slow,virtual/incremental/K=5/recurring/medium/slow/partial/imbalanced/noisy,-0.0068978374347501425,-0.0
scn-fc2f5883e096,683175912,ADWIN,0.8815560526969923,0.05621984400022484,0,5.0,0.0,0.0,5.0,0.0,0.0,,0.0,0.0,1.0,,,inf,31071.0,,,0.0,31071.0,hyperplane_gauss,49276,13,0.3436545214150101,0.06349846422672271,5,virtual,incremental,1441,0.23458870351314542,0.8408842772245408,True,medium,slow,virtual/incremental/K=5/recurring/medium/slow/partial/imbalanced/noisy,0.0,-0.006276410638826779
scn-fc2f5883e096,683175912,KSWIN,0.8815560526969923,10.288643468999908,0,5.0,0.0,0.0,5.0,0.0,0.0,,0.0,0.0,1.0,,,inf,31071.0,,,0.0,31071.0,hyperplane_gauss,49276,13,0.3436545214150101,0.06349846422672271,5,virtual,incremental,1441,0.23458870351314542,0.8408842772245408,True,medium,slow,virtual/incremental/K=5/recurring/medium/slow/partial/imbalanced/noisy,0.0,-0.006276410638826779
scn-fc2f5883e096,683175912,PageHinkley,0.8610696826580495,0.08419047300003513,18,5.0,18.0,3.0,2.0,11.0,4.0,0.16666666666666666,0.6,0.2608695652173913,0.4,1044.3333333333333,845.0,2824.6363636363635,2824.6363636363635,1.6228360850767491,1.6228360850767491,0.35402787164880434,31071.0,hyperplane_gauss,49276,13,0.3436545214150101,0.06349846422672271,5,virtual,incremental,1441,0.23458870351314542,0.8408842772245408,True,medium,slow,virtual/incremental/K=5/recurring/medium/slow/partial/imbalanced/noisy,-0.020486370038942825,0.014209959400116046
scn-fc2f5883e096,683175912,PageHinkley-up,0.880727483635761,0.07034327399969698,2,5.0,2.0,0.0,5.0,2.0,0.0,0.0,0.0,0.0,1.0,,,15535.5,15535.5,,,0.06436870393614624,31071.0,hyperplane_gauss,49276,13,0.3436545214150101,0.06349846422672271,5,virtual,incremental,1441,0.23458870351314542,0.8408842772245408,True,medium,slow,virtual/incremental/K=5/recurring/medium/slow/partial/imbalanced/noisy,-0.000828569061231299,-0.00544784157759548
scn-fc2f5883e096,683175912,DDM,0.8815560526969923,0.06772412800000893,0,5.0,0.0,0.0,5.0,0.0,0.0,,0.0,0.0,1.0,,,inf,31071.0,,,0.0,31071.0,hyperplane_gauss,49276,13,0.3436545214150101,0.06349846422672271,5,virtual,incremental,1441,0.23458870351314542,0.8408842772245408,True,medium,slow,virtual/incremental/K=5/recurring/medium/slow/partial/imbalanced/noisy,0.0,-0.006276410638826779
scn-fc2f5883e096,683175912,EDDM,0.8810381970337228,0.05727389399999083,1,5.0,1.0,0.0,5.0,1.0,0.0,0.0,0.0,0.0,1.0,,,31071.0,31071.0,,,0.03218435196807312,31071.0,hyperplane_gauss,49276,13,0.3436545214150101,0.06349846422672271,5,virtual,incremental,1441,0.23458870351314542,0.8408842772245408,True,medium,slow,virtual/incremental/K=5/recurring/medium/slow/partial/imbalanced/noisy,-0.0005178556632695619,-0.005758554975557217
scn-fc2f5883e096,683175912,HDDM_A,0.8815560526969923,0.15490339899997707,0,5.0,0.0,0.0,5.0,0.0,0.0,,0.0,0.0,1.0,,,inf,31071.0,,,0.0,31071.0,hyperplane_gauss,49276,13,0.3436545214150101,0.06349846422672271,5,virtual,incremental,1441,0.23458870351314542,0.8408842772245408,True,medium,slow,virtual/incremental/K=5/recurring/medium/slow/partial/imbalanced/noisy,0.0,-0.006276410638826779
scn-fc2f5883e096,683175912,HDDM_W,0.8815560526969923,0.16280381199976546,0,5.0,0.0,0.0,5.0,0.0,0.0,,0.0,0.0,1.0,,,inf,31071.0,,,0.0,31071.0,hyperplane_gauss,49276,13,0.3436545214150101,0.06349846422672271,5,virtual,incremental,1441,0.23458870351314542,0.8408842772245408,True,medium,slow,virtual/incremental/K=5/recurring/medium/slow/partial/imbalanced/noisy,0.0,-0.006276410638826779
scn-fc2f5883e096,683175912,FHDDM,0.8815560526969923,0.06722358399974837,0,5.0,0.0,0.0,5.0,0.0,0.0,,0.0,0.0,1.0,,,inf,31071.0,,,0.0,31071.0,hyperplane_gauss,49276,13,0.3436545214150101,0.06349846422672271,5,virtual,incremental,1441,0.23458870351314542,0.8408842772245408,True,medium,slow,virtual/incremental/K=5/recurring/medium/slow/partial/imbalanced/noisy,0.0,-0.006276410638826779
scn-fc2f5883e096,683175912,NoDrift,0.8815560526969923,0.04461072100002639,0,5.0,0.0,0.0,5.0,0.0,0.0,,0.0,0.0,1.0,,,inf,31071.0,,,0.0,31071.0,hyperplane_gauss,49276,13,0.3436545214150101,0.06349846422672271,5,virtual,incremental,1441,0.23458870351314542,0.8408842772245408,True,medium,slow,virtual/incremental/K=5/recurring/medium/slow/partial/imbalanced/noisy,0.0,-0.006276410638826779
scn-fc2f5883e096,683175912,Periodic(2000),0.8529082774049217,0.047447821000332624,24,5.0,24.0,5.0,0.0,16.0,3.0,0.20833333333333334,1.0,0.3448275862068966,0.0,1183.0,1238.0,1941.9375,1941.9375,1.6415363482671175,1.6415363482671175,0.51494963148917,31071.0,hyperplane_gauss,49276,13,0.3436545214150101,0.06349846422672271,5,virtual,incremental,1441,0.23458870351314542,0.8408842772245408,True,medium,slow,virtual/incremental/K=5/recurring/medium/slow/partial/imbalanced/noisy,-0.028647775292070632,0.022371364653243853
scn-fc2f5883e096,683175912,Oracle,0.8752796420581656,0.048635877999913646,5,5.0,5.0,5.0,0.0,0.0,0.0,1.0,1.0,1.0,0.0,721.0,721.0,inf,31071.0,inf,43.094313453536756,0.0,31071.0,hyperplane_gauss,49276,13,0.3436545214150101,0.06349846422672271,5,virtual,incremental,1441,0.23458870351314542,0.8408842772245408,True,medium,slow,virtual/incremental/K=5/recurring/medium/slow/partial/imbalanced/noisy,-0.006276410638826779,-0.0
scn-6a151f5646fa,1420187911,ADWIN,0.7294201135442011,0.00670752900032312,0,2.0,0.0,0.0,2.0,0.0,0.0,,0.0,0.0,1.0,,,inf,5864.0,,,0.0,5864.0,hyperplane_gauss,10864,2,0.06967820371501149,0.25873287515714766,2,prior,sudden,0,0.4301335996389389,1.0,False,high,abrupt,prior/sudden/K=2/high/abrupt/n/a/imbalanced/noisy,0.0,-0.014497161394971592
scn-6a151f5646fa,1420187911,KSWIN,0.7294201135442011,2.0438112589999946,0,2.0,0.0,0.0,2.0,0.0,0.0,,0.0,0.0,1.0,,,inf,5864.0,,,0.0,5864.0,hyperplane_gauss,10864,2,0.06967820371501149,0.25873287515714766,2,prior,sudden,0,0.4301335996389389,1.0,False,high,abrupt,prior/sudden/K=2/high/abrupt/n/a/imbalanced/noisy,0.0,-0.014497161394971592
scn-6a151f5646fa,1420187911,PageHinkley,0.7294201135442011,0.009502300999884028,0,2.0,0.0,0.0,2.0,0.0,0.0,,0.0,0.0,1.0,,,inf,5864.0,,,0.0,5864.0,hyperplane_gauss,10864,2,0.06967820371501149,0.25873287515714766,2,prior,sudden,0,0.4301335996389389,1.0,False,high,abrupt,prior/sudden/K=2/high/abrupt/n/a/imbalanced/noisy,0.0,-0.014497161394971592
scn-6a151f5646fa,1420187911,PageHinkley-up,0.7294201135442011,0.00917341399963334,0,2.0,0.0,0.0,2.0,0.0,0.0,,0.0,0.0,1.0,,,inf,5864.0,,,0.0,5864.0,hyperplane_gauss,10864,2,0.06967820371501149,0.25873287515714766,2,prior,sudden,0,0.4301335996389389,1.0,False,high,abrupt,prior/sudden/K=2/high/abrupt/n/a/imbalanced/noisy,0.0,-0.014497161394971592
scn-6a151f5646fa,1420187911,DDM,0.7294201135442011,0.0091572719998112,0,2.0,0.0,0.0,2.0,0.0,0.0,,0.0,0.0,1.0,,,inf,5864.0,,,0.0,5864.0,hyperplane_gauss,10864,2,0.06967820371501149,0.25873287515714766,2,prior,sudden,0,0.4301335996389389,1.0,False,high,abrupt,prior/sudden/K=2/high/abrupt/n/a/imbalanced/noisy,0.0,-0.014497161394971592
scn-6a151f5646fa,1420187911,EDDM,0.7025547445255474,0.029623936000007234,36,2.0,36.0,2.0,0.0,20.0,14.0,0.05555555555555555,1.0,0.10526315789473684,0.0,348.5,348.5,293.2,293.2,0.8413199426111908,0.8413199426111908,3.4106412005457027,5864.0,hyperplane_gauss,10864,2,0.06967820371501149,0.25873287515714766,2,prior,sudden,0,0.4301335996389389,1.0,False,high,abrupt,prior/sudden/K=2/high/abrupt/n/a/imbalanced/noisy,-0.026865369018653662,0.01236820762368207
scn-6a151f5646fa,1420187911,HDDM_A,0.7252635847526359,0.032634977999805415,1,2.0,1.0,1.0,1.0,0.0,0.0,1.0,0.5,0.6666666666666666,0.5,666.0,666.0,inf,5864.0,inf,4.402402402402402,0.0,5864.0,hyperplane_gauss,10864,2,0.06967820371501149,0.25873287515714766,2,prior,sudden,0,0.4301335996389389,1.0,False,high,abrupt,prior/sudden/K=2/high/abrupt/n/a/imbalanced/noisy,-0.0041565287915652505,-0.010340632603406341
scn-6a151f5646fa,1420187911,HDDM_W,0.717051905920519,0.03779062600006,5,2.0,5.0,2.0,0.0,3.0,0.0,0.4,1.0,0.5714285714285715,0.0,309.5,309.5,1954.6666666666667,1954.6666666666667,6.315562735595046,6.315562735595046,0.5115961800818554,5864.0,hyperplane_gauss,10864,2,0.06967820371501149,0.25873287515714766,2,prior,sudden,0,0.4301335996389389,1.0,False,high,abrupt,prior/sudden/K=2/high/abrupt/n/a/imbalanced/noisy,-0.01236820762368207,-0.0021289537712895212
scn-6a151f5646fa,1420187911,FHDDM,0.7171532846715328,0.008533527000054164,2,2.0,2.0,2.0,0.0,0.0,0.0,1.0,1.0,1.0,0.0,335.5,335.5,inf,5864.0,inf,17.47839046199702,0.0,5864.0,hyperplane_gauss,10864,2,0.06967820371501149,0.25873287515714766,2,prior,sudden,0,0.4301335996389389,1.0,False,high,abrupt,prior/sudden/K=2/high/abrupt/n/a/imbalanced/noisy,-0.012266828872668278,-0.0022303325223033132
scn-6a151f5646fa,1420187911,NoDrift,0.7294201135442011,0.004540408000138996,0,2.0,0.0,0.0,2.0,0.0,0.0,,0.0,0.0,1.0,,,inf,5864.0,,,0.0,5864.0,hyperplane_gauss,10864,2,0.06967820371501149,0.25873287515714766,2,prior,sudden,0,0.4301335996389389,1.0,False,high,abrupt,prior/sudden/K=2/high/abrupt/n/a/imbalanced/noisy,0.0,-0.014497161394971592
scn-6a151f5646fa,1420187911,Periodic(2000),0.7118815896188159,0.005158429999937653,4,2.0,4.0,2.0,0.0,2.0,0.0,0.5,1.0,0.6666666666666666,0.0,1068.0,1068.0,2932.0,2932.0,2.745318352059925,2.745318352059925,0.34106412005457026,5864.0,hyperplane_gauss,10864,2,0.06967820371501149,0.25873287515714766,2,prior,sudden,0,0.4301335996389389,1.0,False,high,abrupt,prior/sudden/K=2/high/abrupt/n/a/imbalanced/noisy,-0.01753852392538524,0.0030413625304136493
scn-6a151f5646fa,1420187911,Oracle,0.7149229521492295,0.005841532000431471,2,2.0,2.0,2.0,0.0,0.0,0.0,1.0,1.0,1.0,0.0,1.0,1.0,inf,5864.0,inf,5864.0,0.0,5864.0,hyperplane_gauss,10864,2,0.06967820371501149,0.25873287515714766,2,prior,sudden,0,0.4301335996389389,1.0,False,high,abrupt,prior/sudden/K=2/high/abrupt/n/a/imbalanced/noisy,-0.014497161394971592,-0.0
scn-6a151f5646fa,1420187912,ADWIN,0.7112733171127331,0.007161266999901272,1,2.0,1.0,1.0,1.0,0.0,0.0,1.0,0.5,0.6666666666666666,0.5,326.0,326.0,inf,5864.0,inf,8.993865030674847,0.0,5864.0,hyperplane_gauss,10864,2,0.06967820371501149,0.25873287515714766,2,prior,sudden,0,0.4301335996389389,1.0,False,high,abrupt,prior/sudden/K=2/high/abrupt/n/a/imbalanced/noisy,-0.005879967558799715,-0.0051703163017030596
scn-6a151f5646fa,1420187912,KSWIN,0.7171532846715328,2.0574025579999216,0,2.0,0.0,0.0,2.0,0.0,0.0,,0.0,0.0,1.0,,,inf,5864.0,,,0.0,5864.0,hyperplane_gauss,10864,2,0.06967820371501149,0.25873287515714766,2,prior,sudden,0,0.4301335996389389,1.0,False,high,abrupt,prior/sudden/K=2/high/abrupt/n/a/imbalanced/noisy,0.0,-0.011050283860502774
scn-6a151f5646fa,1420187912,PageHinkley,0.7108678021086781,0.00963196299971969,1,2.0,1.0,1.0,1.0,0.0,0.0,1.0,0.5,0.6666666666666666,0.5,373.0,373.0,inf,5864.0,inf,7.86058981233244,0.0,5864.0,hyperplane_gauss,10864,2,0.06967820371501149,0.25873287515714766,2,prior,sudden,0,0.4301335996389389,1.0,False,high,abrupt,prior/sudden/K=2/high/abrupt/n/a/imbalanced/noisy,-0.006285482562854772,-0.0047648012976480025
scn-6a151f5646fa,1420187912,PageHinkley-up,0.7108678021086781,0.009541284000079031,1,2.0,1.0,1.0,1.0,0.0,0.0,1.0,0.5,0.6666666666666666,0.5,373.0,373.0,inf,5864.0,inf,7.86058981233244,0.0,5864.0,hyperplane_gauss,10864,2,0.06967820371501149,0.25873287515714766,2,prior,sudden,0,0.4301335996389389,1.0,False,high,abrupt,prior/sudden/K=2/high/abrupt/n/a/imbalanced/noisy,-0.006285482562854772,-0.0047648012976480025
scn-6a151f5646fa,1420187912,DDM,0.7171532846715328,0.009012785999857442,0,2.0,0.0,0.0,2.0,0.0,0.0,,0.0,0.0,1.0,,,inf,5864.0,,,0.0,5864.0,hyperplane_gauss,10864,2,0.06967820371501149,0.25873287515714766,2,prior,sudden,0,0.4301335996389389,1.0,False,high,abrupt,prior/sudden/K=2/high/abrupt/n/a/imbalanced/noisy,0.0,-0.011050283860502774
scn-6a151f5646fa,1420187912,EDDM,0.7050892133008921,0.01908445400022174,19,2.0,19.0,1.0,1.0,15.0,3.0,0.05263157894736842,0.5,0.09523809523809525,0.5,40.0,40.0,390.93333333333334,390.93333333333334,4.886666666666667,4.886666666666667,2.557980900409277,5864.0,hyperplane_gauss,10864,2,0.06967820371501149,0.25873287515714766,2,prior,sudden,0,0.4301335996389389,1.0,False,high,abrupt,prior/sudden/K=2/high/abrupt/n/a/imbalanced/noisy,-0.012064071370640694,0.0010137875101379201
scn-6a151f5646fa,1420187912,HDDM_A,0.7084347120843472,0.03566468000008172,2,2.0,2.0,1.0,1.0,0.0,1.0,0.5,0.5,0.5,0.5,91.0,91.0,inf,5864.0,inf,32.21978021978022,0.0,5864.0,hyperplane_gauss,10864,2,0.06967820371501149,0.25873287515714766,2,prior,sudden,0,0.4301335996389389,1.0,False,high,abrupt,prior/sudden/K=2/high/abrupt/n/a/imbalanced/noisy,-0.008718572587185669,-0.0023317112733171053
scn-6a151f5646fa,1420187912,HDDM_W,0.7053933495539335,0.03964528500000597,7,2.0,7.0,1.0,1.0,4.0,2.0,0.14285714285714285,0.5,0.22222222222222224,0.5,55.0,55.0,1466.0,1466.0,13.327272727272728,13.327272727272728,0.6821282401091405,5864.0,hyperplane_gauss,10864,2,0.06967820371501149,0.25873287515714766,2,prior,sudden,0,0.4301335996389389,1.0,False,high,abrupt,prior/sudden/K=2/high/abrupt/n/a/imbalanced/noisy,-0.011759935117599318,0.0007096512570965441
scn-6a151f5646fa,1420187912,FHDDM,0.712287104622871,0.008295737000025838,1,2.0,1.0,1.0,1.0,0.0,0.0,1.0,0.5,0.6666666666666666,0.5,100.0,100.0,inf,5864.0,inf,29.32,0.0,5864.0,hyperplane_gauss,10864,2,0.06967820371501149,0.25873287515714766,2,prior,sudden,0,0.4301335996389389,1.0,False,high,abrupt,prior/sudden/K=2/high/abrupt/n/a/imbalanced/noisy,-0.0048661800486617945,-0.00618410381184098
scn-6a151f5646fa,1420187912,NoDrift,0.7171532846715328,0.00444819499989535,0,2.0,0.0,0.0,2.0,0.0,0.0,,0.0,0.0,1.0,,,inf,5864.0,,,0.0,5864.0,hyperplane_gauss,10864,2,0.06967820371501149,0.25873287515714766,2,prior,sudden,0,0.4301335996389389,1.0,False,high,abrupt,prior/sudden/K=2/high/abrupt/n/a/imbalanced/noisy,0.0,-0.011050283860502774
scn-6a151f5646fa,1420187912,Periodic(2000),0.7039740470397404,0.005142023000189511,4,2.0,4.0,2.0,0.0,2.0,0.0,0.5,1.0,0.6666666666666666,0.0,1068.0,1068.0,2932.0,2932.0,2.745318352059925,2.745318352059925,0.34106412005457026,5864.0,hyperplane_gauss,10864,2,0.06967820371501149,0.25873287515714766,2,prior,sudden,0,0.4301335996389389,1.0,False,high,abrupt,prior/sudden/K=2/high/abrupt/n/a/imbalanced/noisy,-0.013179237631792406,0.0021289537712896323
scn-6a151f5646fa,1420187912,Oracle,0.7061030008110301,0.005751967999913177,2,2.0,2.0,2.0,0.0,0.0,0.0,1.0,1.0,1.0,0.0,1.0,1.0,inf,5864.0,inf,5864.0,0.0,5864.0,hyperplane_gauss,10864,2,0.06967820371501149,0.25873287515714766,2,prior,sudden,0,0.4301335996389389,1.0,False,high,abrupt,prior/sudden/K=2/high/abrupt/n/a/imbalanced/noisy,-0.011050283860502774,-0.0
scn-6a151f5646fa,1420187913,ADWIN,0.7283049472830495,0.0066994609996982035,0,2.0,0.0,0.0,2.0,0.0,0.0,,0.0,0.0,1.0,,,inf,5864.0,,,0.0,5864.0,hyperplane_gauss,10864,2,0.06967820371501149,0.25873287515714766,2,prior,sudden,0,0.4301335996389389,1.0,False,high,abrupt,prior/sudden/K=2/high/abrupt/n/a/imbalanced/noisy,0.0,-0.010847526358475301
scn-6a151f5646fa,1420187913,KSWIN,0.7283049472830495,2.0514440359997934,0,2.0,0.0,0.0,2.0,0.0,0.0,,0.0,0.0,1.0,,,inf,5864.0,,,0.0,5864.0,hyperplane_gauss,10864,2,0.06967820371501149,0.25873287515714766,2,prior,sudden,0,0.4301335996389389,1.0,False,high,abrupt,prior/sudden/K=2/high/abrupt/n/a/imbalanced/noisy,0.0,-0.010847526358475301
scn-6a151f5646fa,1420187913,PageHinkley,0.7185725871857259,0.01087615200003711,2,2.0,2.0,1.0,1.0,1.0,0.0,0.5,0.5,0.5,0.5,1368.0,1368.0,5864.0,5864.0,2.1432748538011697,2.1432748538011697,0.17053206002728513,5864.0,hyperplane_gauss,10864,2,0.06967820371501149,0.25873287515714766,2,prior,sudden,0,0.4301335996389389,1.0,False,high,abrupt,prior/sudden/K=2/high/abrupt/n/a/imbalanced/noisy,-0.009732360097323589,-0.0011151662611517121
scn-6a151f5646fa,1420187913,PageHinkley-up,0.7283049472830495,0.009167644000172004,0,2.0,0.0,0.0,2.0,0.0,0.0,,0.0,0.0,1.0,,,inf,5864.0,,,0.0,5864.0,hyperplane_gauss,10864,2,0.06967820371501149,0.25873287515714766,2,prior,sudden,0,0.4301335996389389,1.0,False,high,abrupt,prior/sudden/K=2/high/abrupt/n/a/imbalanced/noisy,0.0,-0.010847526358475301
scn-6a151f5646fa,1420187913,DDM,0.7283049472830495,0.008935999999721389,0,2.0,0.0,0.0,2.0,0.0,0.0,,0.0,0.0,1.0,,,inf,5864.0,,,0.0,5864.0,hyperplane_gauss,10864,2,0.06967820371501149,0.25873287515714766,2,prior,sudden,0,0.4301335996389389,1.0,False,high,abrupt,prior/sudden/K=2/high/abrupt/n/a/imbalanced/noisy,0.0,-0.010847526358475301
scn-6a151f5646fa,1420187913,EDDM,0.7157339821573399,0.011784604000240506,7,2.0,7.0,1.0,1.0,5.0,1.0,0.14285714285714285,0.5,0.22222222222222224,0.5,165.0,165.0,1172.8,1172.8,3.5539393939393937,3.5539393939393937,0.8526603001364257,5864.0,hyperplane_gauss,10864,2,0.06967820371501149,0.25873287515714766,2,prior,sudden,0,0.4301335996389389,1.0,False,high,abrupt,prior/sudden/K=2/high/abrupt/n/a/imbalanced/noisy,-0.012570965125709654,0.0017234387672343532
scn-6a151f5646fa,1420187913,HDDM_A,0.7283049472830495,0.03034724400004052,0,2.0,0.0,0.0,2.0,0.0,0.0,,0.0,0.0,1.0,,,inf,5864.0,,,0.0,5864.0,hyperplane_gauss,10864,2,0.06967820371501149,0.25873287515714766,2,prior,sudden,0,0.4301335996389389,1.0,False,high,abrupt,prior/sudden/K=2/high/abrupt/n/a/imbalanced/noisy,0.0,-0.010847526358475301
scn-6a151f5646fa,1420187913,HDDM_W,0.7204987834549879,0.03323661500007802,2,2.0,2.0,0.0,2.0,2.0,0.0,0.0,0.0,0.0,1.0,,,2932.0,2932.0,,,0.34106412005457026,5864.0,hyperplane_gauss,10864,2,0.06967820371501149,0.25873287515714766,2,prior,sudden,0,0.4301335996389389,1.0,False,high,abrupt,prior/sudden/K=2/high/abrupt/n/a/imbalanced/noisy,-0.007806163828061652,-0.0030413625304136493
scn-6a151f5646fa,1420187913,FHDDM,0.7225263584752636,0.008002476999990904,1,2.0,1.0,0.0,2.0,1.0,0.0,0.0,0.0,0.0,1.0,,,5864.0,5864.0,,,0.17053206002728513,5864.0,hyperplane_gauss,10864,2,0.06967820371501149,0.25873287515714766,2,prior,sudden,0,0.4301335996389389,1.0,False,high,abrupt,prior/sudden/K=2/high/abrupt/n/a/imbalanced/noisy,-0.005778588807785923,-0.005068937550689379
scn-6a151f5646fa,1420187913,NoDrift,0.7283049472830495,0.004563077999591769,0,2.0,0.0,0.0,2.0,0.0,0.0,,0.0,0.0,1.0,,,inf,5864.0,,,0.0,5864.0,hyperplane_gauss,10864,2,0.06967820371501149,0.25873287515714766,2,prior,sudden,0,0.4301335996389389,1.0,False,high,abrupt,prior/sudden/K=2/high/abrupt/n/a/imbalanced/noisy,0.0,-0.010847526358475301
scn-6a151f5646fa,1420187913,Periodic(2000),0.7117802108678021,0.00509654400002546,4,2.0,4.0,2.0,0.0,2.0,0.0,0.5,1.0,0.6666666666666666,0.0,1068.0,1068.0,2932.0,2932.0,2.745318352059925,2.745318352059925,0.34106412005457026,5864.0,hyperplane_gauss,10864,2,0.06967820371501149,0.25873287515714766,2,prior,sudden,0,0.4301335996389389,1.0,False,high,abrupt,prior/sudden/K=2/high/abrupt/n/a/imbalanced/noisy,-0.016524736415247432,0.005677210056772131
scn-6a151f5646fa,1420187913,Oracle,0.7174574209245742,0.005820984999900247,2,2.0,2.0,2.0,0.0,0.0,0.0,1.0,1.0,1.0,0.0,1.0,1.0,inf,5864.0,inf,5864.0,0.0,5864.0,hyperplane_gauss,10864,2,0.06967820371501149,0.25873287515714766,2,prior,sudden,0,0.4301335996389389,1.0,False,high,abrupt,prior/sudden/K=2/high/abrupt/n/a/imbalanced/noisy,-0.010847526358475301,-0.0
scn-9a7411a1ae17,2097144021,ADWIN,0.836901645474944,0.04379558599976008,0,1.0,0.0,0.0,1.0,0.0,0.0,,0.0,0.0,1.0,,,inf,19172.0,,,0.0,19172.0,hyperplane_gauss,22392,29,0.4968403967563063,0.1375269410200417,1,virtual,gradual,220,0.33107378691434863,0.20778309255838395,False,high,fast,virtual/gradual/K=1/high/fast/partial/balanced/noisy,0.0,-0.013556469708302155
scn-9a7411a1ae17,2097144021,KSWIN,0.836901645474944,4.496921786000257,0,1.0,0.0,0.0,1.0,0.0,0.0,,0.0,0.0,1.0,,,inf,19172.0,,,0.0,19172.0,hyperplane_gauss,22392,29,0.4968403967563063,0.1375269410200417,1,virtual,gradual,220,0.33107378691434863,0.20778309255838395,False,high,fast,virtual/gradual/K=1/high/fast/partial/balanced/noisy,0.0,-0.013556469708302155
scn-9a7411a1ae17,2097144021,PageHinkley,0.7916510845175767,0.06133478899982947,9,1.0,9.0,0.0,1.0,9.0,0.0,0.0,0.0,0.0,1.0,,,2130.222222222222,2130.222222222222,,,0.46943459211349886,19172.0,hyperplane_gauss,22392,29,0.4968403967563063,0.1375269410200417,1,virtual,gradual,220,0.33107378691434863,0.20778309255838395,False,high,fast,virtual/gradual/K=1/high/fast/partial/balanced/noisy,-0.045250560957367236,0.03169409124906508
scn-9a7411a1ae17,2097144021,PageHinkley-up,0.836901645474944,0.04807427400010056,0,1.0,0.0,0.0,1.0,0.0,0.0,,0.0,0.0,1.0,,,inf,19172.0,,,0.0,19172.0,hyperplane_gauss,22392,29,0.4968403967563063,0.1375269410200417,1,virtual,gradual,220,0.33107378691434863,0.20778309255838395,False,high,fast,virtual/gradual/K=1/high/fast/partial/balanced/noisy,0.0,-0.013556469708302155
scn-9a7411a1ae17,2097144021,DDM,0.8299831712789828,0.050426936999883765,1,1.0,1.0,0.0,1.0,1.0,0.0,0.0,0.0,0.0,1.0,,,19172.0,19172.0,,,0.0521593991237221,19172.0,hyperplane_gauss,22392,29,0.4968403967563063,0.1375269410200417,1,virtual,gradual,220,0.33107378691434863,0.20778309255838395,False,high,fast,virtual/gradual/K=1/high/fast/partial/balanced/noisy,-0.006918474195961144,-0.006637995512341011
scn-9a7411a1ae17,2097144021,EDDM,0.8280665669409125,0.04964395600018179,2,1.0,2.0,0.0,1.0,2.0,0.0,0.0,0.0,0.0,1.0,,,9586.0,9586.0,,,0.1043187982474442,19172.0,hyperplane_gauss,22392,29,0.4968403967563063,0.1375269410200417,1,virtual,gradual,220,0.33107378691434863,0.20778309255838395,False,high,fast,virtual/gradual/K=1/high/fast/partial/balanced/noisy,-0.008835078534031426,-0.004721391174270728
scn-9a7411a1ae17,2097144021,HDDM_A,0.836901645474944,0.09909372599986455,0,1.0,0.0,0.0,1.0,0.0,0.0,,0.0,0.0,1.0,,,inf,19172.0,,,0.0,19172.0,hyperplane_gauss,22392,29,0.4968403967563063,0.1375269410200417,1,virtual,gradual,220,0.33107378691434863,0.20778309255838395,False,high,fast,virtual/gradual/K=1/high/fast/partial/balanced/noisy,0.0,-0.013556469708302155
scn-9a7411a1ae17,2097144021,HDDM_W,0.836901645474944,0.09108594799999992,0,1.0,0.0,0.0,1.0,0.0,0.0,,0.0,0.0,1.0,,,inf,19172.0,,,0.0,19172.0,hyperplane_gauss,22392,29,0.4968403967563063,0.1375269410200417,1,virtual,gradual,220,0.33107378691434863,0.20778309255838395,False,high,fast,virtual/gradual/K=1/high/fast/partial/balanced/noisy,0.0,-0.013556469708302155
scn-9a7411a1ae17,2097144021,FHDDM,0.836901645474944,0.04544255800010433,0,1.0,0.0,0.0,1.0,0.0,0.0,,0.0,0.0,1.0,,,inf,19172.0,,,0.0,19172.0,hyperplane_gauss,22392,29,0.4968403967563063,0.1375269410200417,1,virtual,gradual,220,0.33107378691434863,0.20778309255838395,False,high,fast,virtual/gradual/K=1/high/fast/partial/balanced/noisy,0.0,-0.013556469708302155
scn-9a7411a1ae17,2097144021,NoDrift,0.836901645474944,0.038034331999824644,0,1.0,0.0,0.0,1.0,0.0,0.0,,0.0,0.0,1.0,,,inf,19172.0,,,0.0,19172.0,hyperplane_gauss,22392,29,0.4968403967563063,0.1375269410200417,1,virtual,gradual,220,0.33107378691434863,0.20778309255838395,False,high,fast,virtual/gradual/K=1/high/fast/partial/balanced/noisy,0.0,-0.013556469708302155
scn-9a7411a1ae17,2097144021,Periodic(2000),0.7570587135377711,0.04166788800012,10,1.0,10.0,1.0,0.0,9.0,0.0,0.1,1.0,0.18181818181818182,0.0,414.0,414.0,2130.222222222222,2130.222222222222,5.1454643048845945,5.1454643048845945,0.46943459211349886,19172.0,hyperplane_gauss,22392,29,0.4968403967563063,0.1375269410200417,1,virtual,gradual,220,0.33107378691434863,0.20778309255838395,False,high,fast,virtual/gradual/K=1/high/fast/partial/balanced/noisy,-0.07984293193717285,0.06628646222887069
scn-9a7411a1ae17,2097144021,Oracle,0.8233451757666418,0.04172671500009528,1,1.0,1.0,1.0,0.0,0.0,0.0,1.0,1.0,1.0,0.0,111.0,111.0,inf,19172.0,inf,172.72072072072072,0.0,19172.0,hyperplane_gauss,22392,29,0.4968403967563063,0.1375269410200417,1,virtual,gradual,220,0.33107378691434863,0.20778309255838395,False,high,fast,virtual/gradual/K=1/high/fast/partial/balanced/noisy,-0.013556469708302155,-0.0
scn-9a7411a1ae17,2097144022,ADWIN,0.8296559461480928,0.04443496299973049,0,1.0,0.0,0.0,1.0,0.0,0.0,,0.0,0.0,1.0,,,inf,19172.0,,,0.0,19172.0,hyperplane_gauss,22392,29,0.4968403967563063,0.1375269410200417,1,virtual,gradual,220,0.33107378691434863,0.20778309255838395,False,high,fast,virtual/gradual/K=1/high/fast/partial/balanced/noisy,0.0,-0.013229244577412147
scn-9a7411a1ae17,2097144022,KSWIN,0.8296559461480928,4.512975423000171,0,1.0,0.0,0.0,1.0,0.0,0.0,,0.0,0.0,1.0,,,inf,19172.0,,,0.0,19172.0,hyperplane_gauss,22392,29,0.4968403967563063,0.1375269410200417,1,virtual,gradual,220,0.33107378691434863,0.20778309255838395,False,high,fast,virtual/gradual/K=1/high/fast/partial/balanced/noisy,0.0,-0.013229244577412147
scn-9a7411a1ae17,2097144022,PageHinkley,0.7418193717277487,0.07717874400032088,17,1.0,17.0,1.0,0.0,16.0,0.0,0.058823529411764705,1.0,0.1111111111111111,0.0,1218.0,1218.0,1198.25,1198.25,0.9837848932676518,0.9837848932676518,0.8345503859795536,19172.0,hyperplane_gauss,22392,29,0.4968403967563063,0.1375269410200417,1,virtual,gradual,220,0.33107378691434863,0.20778309255838395,False,high,fast,virtual/gradual/K=1/high/fast/partial/balanced/noisy,-0.0878365744203441,0.07460732984293195
scn-9a7411a1ae17,2097144022,PageHinkley-up,0.8296559461480928,0.04977069300002768,0,1.0,0.0,0.0,1.0,0.0,0.0,,0.0,0.0,1.0,,,inf,19172.0,,,0.0,19172.0,hyperplane_gauss,22392,29,0.4968403967563063,0.1375269410200417,1,virtual,gradual,220,0.33107378691434863,0.20778309255838395,False,high,fast,virtual/gradual/K=1/high/fast/partial/balanced/noisy,0.0,-0.013229244577412147
scn-9a7411a1ae17,2097144022,DDM,0.8296559461480928,0.04900193599996783,0,1.0,0.0,0.0,1.0,0.0,0.0,,0.0,0.0,1.0,,,inf,19172.0,,,0.0,19172.0,hyperplane_gauss,22392,29,0.4968403967563063,0.1375269410200417,1,virtual,gradual,220,0.33107378691434863,0.20778309255838395,False,high,fast,virtual/gradual/K=1/high/fast/partial/balanced/noisy,0.0,-0.013229244577412147
scn-9a7411a1ae17,2097144022,EDDM,0.8236256544502618,0.0466523509999206,1,1.0,1.0,0.0,1.0,1.0,0.0,0.0,0.0,0.0,1.0,,,19172.0,19172.0,,,0.0521593991237221,19172.0,hyperplane_gauss,22392,29,0.4968403967563063,0.1375269410200417,1,virtual,gradual,220,0.33107378691434863,0.20778309255838395,False,high,fast,virtual/gradual/K=1/high/fast/partial/balanced/noisy,-0.006030291697830981,-0.007198952879581166
scn-9a7411a1ae17,2097144022,HDDM_A,0.8296559461480928,0.09837913100000151,0,1.0,0.0,0.0,1.0,0.0,0.0,,0.0,0.0,1.0,,,inf,19172.0,,,0.0,19172.0,hyperplane_gauss,22392,29,0.4968403967563063,0.1375269410200417,1,virtual,gradual,220,0.33107378691434863,0.20778309255838395,False,high,fast,virtual/gradual/K=1/high/fast/partial/balanced/noisy,0.0,-0.013229244577412147
scn-9a7411a1ae17,2097144022,HDDM_W,0.8296559461480928,0.09217368400004489,0,1.0,0.0,0.0,1.0,0.0,0.0,,0.0,0.0,1.0,,,inf,19172.0,,,0.0,19172.0,hyperplane_gauss,22392,29,0.4968403967563063,0.1375269410200417,1,virtual,gradual,220,0.33107378691434863,0.20778309255838395,False,high,fast,virtual/gradual/K=1/high/fast/partial/balanced/noisy,0.0,-0.013229244577412147
scn-9a7411a1ae17,2097144022,FHDDM,0.8296559461480928,0.046326675999807776,0,1.0,0.0,0.0,1.0,0.0,0.0,,0.0,0.0,1.0,,,inf,19172.0,,,0.0,19172.0,hyperplane_gauss,22392,29,0.4968403967563063,0.1375269410200417,1,virtual,gradual,220,0.33107378691434863,0.20778309255838395,False,high,fast,virtual/gradual/K=1/high/fast/partial/balanced/noisy,0.0,-0.013229244577412147
scn-9a7411a1ae17,2097144022,NoDrift,0.8296559461480928,0.03890645199999199,0,1.0,0.0,0.0,1.0,0.0,0.0,,0.0,0.0,1.0,,,inf,19172.0,,,0.0,19172.0,hyperplane_gauss,22392,29,0.4968403967563063,0.1375269410200417,1,virtual,gradual,220,0.33107378691434863,0.20778309255838395,False,high,fast,virtual/gradual/K=1/high/fast/partial/balanced/noisy,0.0,-0.013229244577412147
scn-9a7411a1ae17,2097144022,Periodic(2000),0.7599102468212415,0.04249583699993309,10,1.0,10.0,1.0,0.0,9.0,0.0,0.1,1.0,0.18181818181818182,0.0,414.0,414.0,2130.222222222222,2130.222222222222,5.1454643048845945,5.1454643048845945,0.46943459211349886,19172.0,hyperplane_gauss,22392,29,0.4968403967563063,0.1375269410200417,1,virtual,gradual,220,0.33107378691434863,0.20778309255838395,False,high,fast,virtual/gradual/K=1/high/fast/partial/balanced/noisy,-0.06974569932685126,0.056516454749439116
scn-9a7411a1ae17,2097144022,Oracle,0.8164267015706806,0.042532126999958564,1,1.0,1.0,1.0,0.0,0.0,0.0,1.0,1.0,1.0,0.0,111.0,111.0,inf,19172.0,inf,172.72072072072072,0.0,19172.0,hyperplane_gauss,22392,29,0.4968403967563063,0.1375269410200417,1,virtual,gradual,220,0.33107378691434863,0.20778309255838395,False,high,fast,virtual/gradual/K=1/high/fast/partial/balanced/noisy,-0.013229244577412147,-0.0
scn-9a7411a1ae17,2097144023,ADWIN,0.831338818249813,0.043884292999791796,0,1.0,0.0,0.0,1.0,0.0,0.0,,0.0,0.0,1.0,,,inf,19172.0,,,0.0,19172.0,hyperplane_gauss,22392,29,0.4968403967563063,0.1375269410200417,1,virtual,gradual,220,0.33107378691434863,0.20778309255838395,False,high,fast,virtual/gradual/K=1/high/fast/partial/balanced/noisy,0.0,-0.016548242333582652
scn-9a7411a1ae17,2097144023,KSWIN,0.831338818249813,4.558938103999935,0,1.0,0.0,0.0,1.0,0.0,0.0,,0.0,0.0,1.0,,,inf,19172.0,,,0.0,19172.0,hyperplane_gauss,22392,29,0.4968403967563063,0.1375269410200417,1,virtual,gradual,220,0.33107378691434863,0.20778309255838395,False,high,fast,virtual/gradual/K=1/high/fast/partial/balanced/noisy,0.0,-0.016548242333582652
scn-9a7411a1ae17,2097144023,PageHinkley,0.7539267015706806,0.09117764899974645,14,1.0,14.0,1.0,0.0,12.0,1.0,0.07142857142857142,1.0,0.13333333333333333,0.0,1104.0,1104.0,1597.6666666666667,1597.6666666666667,1.4471618357487923,1.4471618357487923,0.6259127894846651,19172.0,hyperplane_gauss,22392,29,0.4968403967563063,0.1375269410200417,1,virtual,gradual,220,0.33107378691434863,0.20778309255838395,False,high,fast,virtual/gradual/K=1/high/fast/partial/balanced/noisy,-0.07741211667913239,0.06086387434554974
scn-9a7411a1ae17,2097144023,PageHinkley-up,0.831338818249813,0.05050247899998794,0,1.0,0.0,0.0,1.0,0.0,0.0,,0.0,0.0,1.0,,,inf,19172.0,,,0.0,19172.0,hyperplane_gauss,22392,29,0.4968403967563063,0.1375269410200417,1,virtual,gradual,220,0.33107378691434863,0.20778309255838395,False,high,fast,virtual/gradual/K=1/high/fast/partial/balanced/noisy,0.0,-0.016548242333582652
scn-9a7411a1ae17,2097144023,DDM,0.831338818249813,0.049843285999941145,0,1.0,0.0,0.0,1.0,0.0,0.0,,0.0,0.0,1.0,,,inf,19172.0,,,0.0,19172.0,hyperplane_gauss,22392,29,0.4968403967563063,0.1375269410200417,1,virtual,gradual,220,0.33107378691434863,0.20778309255838395,False,high,fast,virtual/gradual/K=1/high/fast/partial/balanced/noisy,0.0,-0.016548242333582652
scn-9a7411a1ae17,2097144023,EDDM,0.8216623036649214,0.0798566190001111,4,1.0,4.0,0.0,1.0,4.0,0.0,0.0,0.0,0.0,1.0,,,4793.0,4793.0,,,0.2086375964948884,19172.0,hyperplane_gauss,22392,29,0.4968403967563063,0.1375269410200417,1,virtual,gradual,220,0.33107378691434863,0.20778309255838395,False,high,fast,virtual/gradual/K=1/high/fast/partial/balanced/noisy,-0.009676514584891605,-0.006871727748691048
scn-9a7411a1ae17,2097144023,HDDM_A,0.8292819745699327,0.10140116699994906,1,1.0,1.0,0.0,1.0,1.0,0.0,0.0,0.0,0.0,1.0,,,19172.0,19172.0,,,0.0521593991237221,19172.0,hyperplane_gauss,22392,29,0.4968403967563063,0.1375269410200417,1,virtual,gradual,220,0.33107378691434863,0.20778309255838395,False,high,fast,virtual/gradual/K=1/high/fast/partial/balanced/noisy,-0.002056843679880349,-0.014491398653702303
scn-9a7411a1ae17,2097144023,HDDM_W,0.831338818249813,0.09287024500008556,0,1.0,0.0,0.0,1.0,0.0,0.0,,0.0,0.0,1.0,,,inf,19172.0,,,0.0,19172.0,hyperplane_gauss,22392,29,0.4968403967563063,0.1375269410200417,1,virtual,gradual,220,0.33107378691434863,0.20778309255838395,False,high,fast,virtual/gradual/K=1/high/fast/partial/balanced/noisy,0.0,-0.016548242333582652
scn-9a7411a1ae17,2097144023,FHDDM,0.831338818249813,0.04609701199979099,0,1.0,0.0,0.0,1.0,0.0,0.0,,0.0,0.0,1.0,,,inf,19172.0,,,0.0,19172.0,hyperplane_gauss,22392,29,0.4968403967563063,0.1375269410200417,1,virtual,gradual,220,0.33107378691434863,0.20778309255838395,False,high,fast,virtual/gradual/K=1/high/fast/partial/balanced/noisy,0.0,-0.016548242333582652
scn-9a7411a1ae17,2097144023,NoDrift,0.831338818249813,0.05351279099977546,0,1.0,0.0,0.0,1.0,0.0,0.0,,0.0,0.0,1.0,,,inf,19172.0,,,0.0,19172.0,hyperplane_gauss,22392,29,0.4968403967563063,0.1375269410200417,1,virtual,gradual,220,0.33107378691434863,0.20778309255838395,False,high,fast,virtual/gradual/K=1/high/fast/partial/balanced/noisy,0.0,-0.016548242333582652
scn-9a7411a1ae17,2097144023,Periodic(2000),0.756544502617801,0.04421964199991635,10,1.0,10.0,1.0,0.0,9.0,0.0,0.1,1.0,0.18181818181818182,0.0,414.0,414.0,2130.222222222222,2130.222222222222,5.1454643048845945,5.1454643048845945,0.46943459211349886,19172.0,hyperplane_gauss,22392,29,0.4968403967563063,0.1375269410200417,1,virtual,gradual,220,0.33107378691434863,0.20778309255838395,False,high,fast,virtual/gradual/K=1/high/fast/partial/balanced/noisy,-0.074794315632012,0.058246073298429346
scn-9a7411a1ae17,2097144023,Oracle,0.8147905759162304,0.0419621390001339,1,1.0,1.0,1.0,0.0,0.0,0.0,1.0,1.0,1.0,0.0,111.0,111.0,inf,19172.0,inf,172.72072072072072,0.0,19172.0,hyperplane_gauss,22392,29,0.4968403967563063,0.1375269410200417,1,virtual,gradual,220,0.33107378691434863,0.20778309255838395,False,high,fast,virtual/gradual/K=1/high/fast/partial/balanced/noisy,-0.016548242333582652,-0.0
scn-84d50c9dbc4e,764606679,ADWIN,0.769469387755102,0.027188236999791116,0,4.0,0.0,0.0,4.0,0.0,0.0,,0.0,0.0,1.0,,,inf,28750.0,,,0.0,28750.0,hyperplane_gauss,37750,4,0.19422677713446318,0.18719464614987372,4,real,sudden,0,0.038159898954098485,0.815848283469677,True,low,abrupt,real/sudden/K=4/recurring/low/abrupt/partial/imbalanced/noisy,0.0,-5.442176870740223e-05
scn-84d50c9dbc4e,764606679,KSWIN,0.769469387755102,7.796151735999956,0,4.0,0.0,0.0,4.0,0.0,0.0,,0.0,0.0,1.0,,,inf,28750.0,,,0.0,28750.0,hyperplane_gauss,37750,4,0.19422677713446318,0.18719464614987372,4,real,sudden,0,0.038159898954098485,0.815848283469677,True,low,abrupt,real/sudden/K=4/recurring/low/abrupt/partial/imbalanced/noisy,0.0,-5.442176870740223e-05
scn-84d50c9dbc4e,764606679,PageHinkley,0.7644897959183673,0.04373487300017587,6,4.0,6.0,0.0,4.0,6.0,0.0,0.0,0.0,0.0,1.0,,,4791.666666666667,4791.666666666667,,,0.20869565217391303,28750.0,hyperplane_gauss,37750,4,0.19422677713446318,0.18719464614987372,4,real,sudden,0,0.038159898954098485,0.815848283469677,True,low,abrupt,real/sudden/K=4/recurring/low/abrupt/partial/imbalanced/noisy,-0.004979591836734687,0.004925170068027285
scn-84d50c9dbc4e,764606679,PageHinkley-up,0.7660408163265306,0.037522863000049256,2,4.0,2.0,0.0,4.0,2.0,0.0,0.0,0.0,0.0,1.0,,,14375.0,14375.0,,,0.06956521739130435,28750.0,hyperplane_gauss,37750,4,0.19422677713446318,0.18719464614987372,4,real,sudden,0,0.038159898954098485,0.815848283469677,True,low,abrupt,real/sudden/K=4/recurring/low/abrupt/partial/imbalanced/noisy,-0.0034285714285713365,0.0033741496598639342
scn-84d50c9dbc4e,764606679,DDM,0.769469387755102,0.03583531399999629,0,4.0,0.0,0.0,4.0,0.0,0.0,,0.0,0.0,1.0,,,inf,28750.0,,,0.0,28750.0,hyperplane_gauss,37750,4,0.19422677713446318,0.18719464614987372,4,real,sudden,0,0.038159898954098485,0.815848283469677,True,low,abrupt,real/sudden/K=4/recurring/low/abrupt/partial/imbalanced/noisy,0.0,-5.442176870740223e-05
scn-84d50c9dbc4e,764606679,EDDM,0.7668027210884354,0.04341567900019072,16,4.0,16.0,0.0,4.0,16.0,0.0,0.0,0.0,0.0,1.0,,,1796.875,1796.875,,,0.5565217391304348,28750.0,hyperplane_gauss,37750,4,0.19422677713446318,0.18719464614987372,4,real,sudden,0,0.038159898954098485,0.815848283469677,True,low,abrupt,real/sudden/K=4/recurring/low/abrupt/partial/imbalanced/noisy,-0.002666666666666595,0.002612244897959193
scn-84d50c9dbc4e,764606679,HDDM_A,0.769469387755102,0.10099490499987951,0,4.0,0.0,0.0,4.0,0.0,0.0,,0.0,0.0,1.0,,,inf,28750.0,,,0.0,28750.0,hyperplane_gauss,37750,4,0.19422677713446318,0.18719464614987372,4,real,sudden,0,0.038159898954098485,0.815848283469677,True,low,abrupt,real/sudden/K=4/recurring/low/abrupt/partial/imbalanced/noisy,0.0,-5.442176870740223e-05
scn-84d50c9dbc4e,764606679,HDDM_W,0.764,0.12879589199974362,7,4.0,7.0,1.0,3.0,6.0,0.0,0.14285714285714285,0.25,0.18181818181818182,0.75,1012.0,1012.0,4791.666666666667,4791.666666666667,1.1837121212121213,1.1837121212121213,0.20869565217391303,28750.0,hyperplane_gauss,37750,4,0.19422677713446318,0.18719464614987372,4,real,sudden,0,0.038159898954098485,0.815848283469677,True,low,abrupt,real/sudden/K=4/recurring/low/abrupt/partial/imbalanced/noisy,-0.005469387755101973,0.005414965986394571
scn-84d50c9dbc4e,764606679,FHDDM,0.769469387755102,0.031130133000260685,0,4.0,0.0,0.0,4.0,0.0,0.0,,0.0,0.0,1.0,,,inf,28750.0,,,0.0,28750.0,hyperplane_gauss,37750,4,0.19422677713446318,0.18719464614987372,4,real,sudden,0,0.038159898954098485,0.815848283469677,True,low,abrupt,real/sudden/K=4/recurring/low/abrupt/partial/imbalanced/noisy,0.0,-5.442176870740223e-05
scn-84d50c9dbc4e,764606679,NoDrift,0.769469387755102,0.018687091000174405,0,4.0,0.0,0.0,4.0,0.0,0.0,,0.0,0.0,1.0,,,inf,28750.0,,,0.0,28750.0,hyperplane_gauss,37750,4,0.19422677713446318,0.18719464614987372,4,real,sudden,0,0.038159898954098485,0.815848283469677,True,low,abrupt,real/sudden/K=4/recurring/low/abrupt/partial/imbalanced/noisy,0.0,-5.442176870740223e-05
scn-84d50c9dbc4e,764606679,Periodic(2000),0.7604353741496599,0.02053293200015105,18,4.0,18.0,4.0,0.0,14.0,0.0,0.2222222222222222,1.0,0.3636363636363636,0.0,625.5,625.5,2053.5714285714284,2053.5714285714284,3.283087815461916,3.283087815461916,0.48695652173913045,28750.0,hyperplane_gauss,37750,4,0.19422677713446318,0.18719464614987372,4,real,sudden,0,0.038159898954098485,0.815848283469677,True,low,abrupt,real/sudden/K=4/recurring/low/abrupt/partial/imbalanced/noisy,-0.009034013605442093,0.00897959183673469
scn-84d50c9dbc4e,764606679,Oracle,0.7694149659863946,0.02232566400016367,4,4.0,4.0,4.0,0.0,0.0,0.0,1.0,1.0,1.0,0.0,1.0,1.0,inf,28750.0,inf,28750.0,0.0,28750.0,hyperplane_gauss,37750,4,0.19422677713446318,0.18719464614987372,4,real,sudden,0,0.038159898954098485,0.815848283469677,True,low,abrupt,real/sudden/K=4/recurring/low/abrupt/partial/imbalanced/noisy,-5.442176870740223e-05,-0.0
scn-84d50c9dbc4e,764606680,ADWIN,0.7710748299319727,0.0276051720002215,0,4.0,0.0,0.0,4.0,0.0,0.0,,0.0,0.0,1.0,,,inf,28750.0,,,0.0,28750.0,hyperplane_gauss,37750,4,0.19422677713446318,0.18719464614987372,4,real,sudden,0,0.038159898954098485,0.815848283469677,True,low,abrupt,real/sudden/K=4/recurring/low/abrupt/partial/imbalanced/noisy,0.0,-0.004272108843537348
scn-84d50c9dbc4e,764606680,KSWIN,0.7710748299319727,7.97635306400025,0,4.0,0.0,0.0,4.0,0.0,0.0,,0.0,0.0,1.0,,,inf,28750.0,,,0.0,28750.0,hyperplane_gauss,37750,4,0.19422677713446318,0.18719464614987372,4,real,sudden,0,0.038159898954098485,0.815848283469677,True,low,abrupt,real/sudden/K=4/recurring/low/abrupt/partial/imbalanced/noisy,0.0,-0.004272108843537348
scn-84d50c9dbc4e,764606680,PageHinkley,0.7691700680272109,0.04388503200016203,3,4.0,3.0,0.0,4.0,3.0,0.0,0.0,0.0,0.0,1.0,,,9583.333333333334,9583.333333333334,,,0.10434782608695652,28750.0,hyperplane_gauss,37750,4,0.19422677713446318,0.18719464614987372,4,real,sudden,0,0.038159898954098485,0.815848283469677,True,low,abrupt,real/sudden/K=4/recurring/low/abrupt/partial/imbalanced/noisy,-0.0019047619047618536,-0.002367346938775494
scn-84d50c9dbc4e,764606680,PageHinkley-up,0.7686530612244898,0.037865425999825675,1,4.0,1.0,0.0,4.0,1.0,0.0,0.0,0.0,0.0,1.0,,,28750.0,28750.0,,,0.034782608695652174,28750.0,hyperplane_gauss,37750,4,0.19422677713446318,0.18719464614987372,4,real,sudden,0,0.038159898954098485,0.815848283469677,True,low,abrupt,real/sudden/K=4/recurring/low/abrupt/partial/imbalanced/noisy,-0.0024217687074828964,-0.0018503401360544514
scn-84d50c9dbc4e,764606680,DDM,0.7710748299319727,0.036158185999738635,0,4.0,0.0,0.0,4.0,0.0,0.0,,0.0,0.0,1.0,,,inf,28750.0,,,0.0,28750.0,hyperplane_gauss,37750,4,0.19422677713446318,0.18719464614987372,4,real,sudden,0,0.038159898954098485,0.815848283469677,True,low,abrupt,real/sudden/K=4/recurring/low/abrupt/partial/imbalanced/noisy,0.0,-0.004272108843537348
scn-84d50c9dbc4e,764606680,EDDM,0.7694965986394557,0.03327744900025209,3,4.0,3.0,0.0,4.0,3.0,0.0,0.0,0.0,0.0,1.0,,,9583.333333333334,9583.333333333334,,,0.10434782608695652,28750.0,hyperplane_gauss,37750,4,0.19422677713446318,0.18719464614987372,4,real,sudden,0,0.038159898954098485,0.815848283469677,True,low,abrupt,real/sudden/K=4/recurring/low/abrupt/partial/imbalanced/noisy,-0.0015782312925169961,-0.0026938775510203516
scn-84d50c9dbc4e,764606680,HDDM_A,0.7677006802721088,0.10202260699998078,1,4.0,1.0,0.0,4.0,1.0,0.0,0.0,0.0,0.0,1.0,,,28750.0,28750.0,,,0.034782608695652174,28750.0,hyperplane_gauss,37750,4,0.19422677713446318,0.18719464614987372,4,real,sudden,0,0.038159898954098485,0.815848283469677,True,low,abrupt,real/sudden/K=4/recurring/low/abrupt/partial/imbalanced/noisy,-0.0033741496598639342,-0.0008979591836734135
scn-84d50c9dbc4e,764606680,HDDM_W,0.764,0.12272420599992984,7,4.0,7.0,1.0,3.0,6.0,0.0,0.14285714285714285,0.25,0.18181818181818182,0.75,1224.0,1224.0,4791.666666666667,4791.666666666667,0.9786900871459696,0.9786900871459696,0.20869565217391303,28750.0,hyperplane_gauss,37750,4,0.19422677713446318,0.18719464614987372,4,real,sudden,0,0.038159898954098485,0.815848283469677,True,low,abrupt,real/sudden/K=4/recurring/low/abrupt/partial/imbalanced/noisy,-0.007074829931972726,0.002802721088435378
scn-84d50c9dbc4e,764606680,FHDDM,0.7683265306122449,0.03380808500014609,4,4.0,4.0,2.0,2.0,2.0,0.0,0.5,0.5,0.5,0.5,992.5,992.5,14375.0,14375.0,7.241813602015113,7.241813602015113,0.06956521739130435,28750.0,hyperplane_gauss,37750,4,0.19422677713446318,0.18719464614987372,4,real,sudden,0,0.038159898954098485,0.815848283469677,True,low,abrupt,real/sudden/K=4/recurring/low/abrupt/partial/imbalanced/noisy,-0.002748299319727865,-0.0015238095238094829
scn-84d50c9dbc4e,764606680,NoDrift,0.7710748299319727,0.019139605999953346,0,4.0,0.0,0.0,4.0,0.0,0.0,,0.0,0.0,1.0,,,inf,28750.0,,,0.0,28750.0,hyperplane_gauss,37750,4,0.19422677713446318,0.18719464614987372,4,real,sudden,0,0.038159898954098485,0.815848283469677,True,low,abrupt,real/sudden/K=4/recurring/low/abrupt/partial/imbalanced/noisy,0.0,-0.004272108843537348
scn-84d50c9dbc4e,764606680,Periodic(2000),0.7586666666666667,0.020687217000158853,18,4.0,18.0,4.0,0.0,14.0,0.0,0.2222222222222222,1.0,0.3636363636363636,0.0,625.5,625.5,2053.5714285714284,2053.5714285714284,3.283087815461916,3.283087815461916,0.48695652173913045,28750.0,hyperplane_gauss,37750,4,0.19422677713446318,0.18719464614987372,4,real,sudden,0,0.038159898954098485,0.815848283469677,True,low,abrupt,real/sudden/K=4/recurring/low/abrupt/partial/imbalanced/noisy,-0.012408163265306027,0.00813605442176868
scn-84d50c9dbc4e,764606680,Oracle,0.7668027210884354,0.02279597599999761,4,4.0,4.0,4.0,0.0,0.0,0.0,1.0,1.0,1.0,0.0,1.0,1.0,inf,28750.0,inf,28750.0,0.0,28750.0,hyperplane_gauss,37750,4,0.19422677713446318,0.18719464614987372,4,real,sudden,0,0.038159898954098485,0.815848283469677,True,low,abrupt,real/sudden/K=4/recurring/low/abrupt/partial/imbalanced/noisy,-0.004272108843537348,-0.0
scn-84d50c9dbc4e,764606681,ADWIN,0.7724353741496599,0.027251356999840937,0,4.0,0.0,0.0,4.0,0.0,0.0,,0.0,0.0,1.0,,,inf,28750.0,,,0.0,28750.0,hyperplane_gauss,37750,4,0.19422677713446318,0.18719464614987372,4,real,sudden,0,0.038159898954098485,0.815848283469677,True,low,abrupt,real/sudden/K=4/recurring/low/abrupt/partial/imbalanced/noisy,0.0,-0.0018231292517006947
scn-84d50c9dbc4e,764606681,KSWIN,0.7724353741496599,7.962216031000025,0,4.0,0.0,0.0,4.0,0.0,0.0,,0.0,0.0,1.0,,,inf,28750.0,,,0.0,28750.0,hyperplane_gauss,37750,4,0.19422677713446318,0.18719464614987372,4,real,sudden,0,0.038159898954098485,0.815848283469677,True,low,abrupt,real/sudden/K=4/recurring/low/abrupt/partial/imbalanced/noisy,0.0,-0.0018231292517006947
scn-84d50c9dbc4e,764606681,PageHinkley,0.7710748299319727,0.043175743999654514,6,4.0,6.0,0.0,4.0,6.0,0.0,0.0,0.0,0.0,1.0,,,4791.666666666667,4791.666666666667,,,0.20869565217391303,28750.0,hyperplane_gauss,37750,4,0.19422677713446318,0.18719464614987372,4,real,sudden,0,0.038159898954098485,0.815848283469677,True,low,abrupt,real/sudden/K=4/recurring/low/abrupt/partial/imbalanced/noisy,-0.0013605442176871652,-0.00046258503401352957
scn-84d50c9dbc4e,764606681,PageHinkley-up,0.771265306122449,0.039448838000225805,4,4.0,4.0,0.0,4.0,4.0,0.0,0.0,0.0,0.0,1.0,,,7187.5,7187.5,,,0.1391304347826087,28750.0,hyperplane_gauss,37750,4,0.19422677713446318,0.18719464614987372,4,real,sudden,0,0.038159898954098485,0.815848283469677,True,low,abrupt,real/sudden/K=4/recurring/low/abrupt/partial/imbalanced/noisy,-0.0011700680272108688,-0.000653061224489826
scn-84d50c9dbc4e,764606681,DDM,0.7724353741496599,0.037032695000107196,0,4.0,0.0,0.0,4.0,0.0,0.0,,0.0,0.0,1.0,,,inf,28750.0,,,0.0,28750.0,hyperplane_gauss,37750,4,0.19422677713446318,0.18719464614987372,4,real,sudden,0,0.038159898954098485,0.815848283469677,True,low,abrupt,real/sudden/K=4/recurring/low/abrupt/partial/imbalanced/noisy,0.0,-0.0018231292517006947
scn-84d50c9dbc4e,764606681,EDDM,0.7709931972789116,0.03766898300000321,8,4.0,8.0,0.0,4.0,8.0,0.0,0.0,0.0,0.0,1.0,,,3593.75,3593.75,,,0.2782608695652174,28750.0,hyperplane_gauss,37750,4,0.19422677713446318,0.18719464614987372,4,real,sudden,0,0.038159898954098485,0.815848283469677,True,low,abrupt,real/sudden/K=4/recurring/low/abrupt/partial/imbalanced/noisy,-0.001442176870748324,-0.0003809523809523707
scn-84d50c9dbc4e,764606681,HDDM_A,0.7724353741496599,0.09813612999960242,0,4.0,0.0,0.0,4.0,0.0,0.0,,0.0,0.0,1.0,,,inf,28750.0,,,0.0,28750.0,hyperplane_gauss,37750,4,0.19422677713446318,0.18719464614987372,4,real,sudden,0,0.038159898954098485,0.815848283469677,True,low,abrupt,real/sudden/K=4/recurring/low/abrupt/partial/imbalanced/noisy,0.0,-0.0018231292517006947
scn-84d50c9dbc4e,764606681,HDDM_W,0.771673469387755,0.11677850899968689,4,4.0,4.0,1.0,3.0,3.0,0.0,0.25,0.25,0.25,0.75,1689.0,1689.0,9583.333333333334,9583.333333333334,1.418492204460233,1.418492204460233,0.10434782608695652,28750.0,hyperplane_gauss,37750,4,0.19422677713446318,0.18719464614987372,4,real,sudden,0,0.038159898954098485,0.815848283469677,True,low,abrupt,real/sudden/K=4/recurring/low/abrupt/partial/imbalanced/noisy,-0.0007619047619048525,-0.0010612244897958423
scn-84d50c9dbc4e,764606681,FHDDM,0.7745578231292517,0.032672635999915656,2,4.0,2.0,0.0,4.0,2.0,0.0,0.0,0.0,0.0,1.0,,,14375.0,14375.0,,,0.06956521739130435,28750.0,hyperplane_gauss,37750,4,0.19422677713446318,0.18719464614987372,4,real,sudden,0,0.038159898954098485,0.815848283469677,True,low,abrupt,real/sudden/K=4/recurring/low/abrupt/partial/imbalanced/noisy,0.0021224489795917956,-0.00394557823129249
scn-84d50c9dbc4e,764606681,NoDrift,0.7724353741496599,0.018977396999616758,0,4.0,0.0,0.0,4.0,0.0,0.0,,0.0,0.0,1.0,,,inf,28750.0,,,0.0,28750.0,hyperplane_gauss,37750,4,0.19422677713446318,0.18719464614987372,4,real,sudden,0,0.038159898954098485,0.815848283469677,True,low,abrupt,real/sudden/K=4/recurring/low/abrupt/partial/imbalanced/noisy,0.0,-0.0018231292517006947
scn-84d50c9dbc4e,764606681,Periodic(2000),0.7650340136054422,0.02069637500017052,18,4.0,18.0,4.0,0.0,14.0,0.0,0.2222222222222222,1.0,0.3636363636363636,0.0,625.5,625.5,2053.5714285714284,2053.5714285714284,3.283087815461916,3.283087815461916,0.48695652173913045,28750.0,hyperplane_gauss,37750,4,0.19422677713446318,0.18719464614987372,4,real,sudden,0,0.038159898954098485,0.815848283469677,True,low,abrupt,real/sudden/K=4/recurring/low/abrupt/partial/imbalanced/noisy,-0.007401360544217694,0.005578231292517
scn-84d50c9dbc4e,764606681,Oracle,0.7706122448979592,0.02296921100014515,4,4.0,4.0,4.0,0.0,0.0,0.0,1.0,1.0,1.0,0.0,1.0,1.0,inf,28750.0,inf,28750.0,0.0,28750.0,hyperplane_gauss,37750,4,0.19422677713446318,0.18719464614987372,4,real,sudden,0,0.038159898954098485,0.815848283469677,True,low,abrupt,real/sudden/K=4/recurring/low/abrupt/partial/imbalanced/noisy,-0.0018231292517006947,-0.0
scn-4f99fc37a88f,1687680645,ADWIN,0.733258642765685,0.12932675799993376,3,4.0,3.0,2.0,2.0,1.0,0.0,0.6666666666666666,0.5,0.5714285714285715,0.5,835.0,835.0,22612.0,22612.0,13.540119760479042,13.540119760479042,0.04422430567840085,22612.0,hyperplane_gauss,32240,37,0.13276649643667043,0.21184662831947207,4,prior,gradual,157,0.48262477070093157,1.0,True,high,fast,prior/gradual/K=4/recurring/high/fast/n/a/imbalanced/noisy,-0.019334186939820808,-0.0014084507042253502
scn-4f99fc37a88f,1687680645,KSWIN,0.7426696542893726,6.655690645999584,1,4.0,1.0,1.0,3.0,0.0,0.0,1.0,0.25,0.4,0.75,112.0,112.0,inf,22612.0,inf,50.473214285714285,0.0,22612.0,hyperplane_gauss,32240,37,0.13276649643667043,0.21184662831947207,4,prior,gradual,157,0.48262477070093157,1.0,True,high,fast,prior/gradual/K=4/recurring/high/fast/n/a/imbalanced/noisy,-0.00992317541613319,-0.010819462227912968
scn-4f99fc37a88f,1687680645,PageHinkley,0.7021766965428937,0.12479925100024047,18,4.0,18.0,3.0,1.0,14.0,1.0,0.16666666666666666,0.75,0.27272727272727276,0.25,568.0,506.0,1615.142857142857,1615.142857142857,2.1326710261569417,2.1326710261569417,0.6191402794976119,22612.0,hyperplane_gauss,32240,37,0.13276649643667043,0.21184662831947207,4,prior,gradual,157,0.48262477070093157,1.0,True,high,fast,prior/gradual/K=4/recurring/high/fast/n/a/imbalanced/noisy,-0.050416133162612065,0.029673495518565907
scn-4f99fc37a88f,1687680645,PageHinkley-up,0.7310179257362356,0.10051075999990644,4,4.0,4.0,4.0,0.0,0.0,0.0,1.0,1.0,1.0,0.0,980.75,963.5,inf,22612.0,inf,23.055824624012235,0.0,22612.0,hyperplane_gauss,32240,37,0.13276649643667043,0.21184662831947207,4,prior,gradual,157,0.48262477070093157,1.0,True,high,fast,prior/gradual/K=4/recurring/high/fast/n/a/imbalanced/noisy,-0.0215749039692702,0.0008322663252240403
scn-4f99fc37a88f,1687680645,DDM,0.7525928297055058,0.08666626900003394,0,4.0,0.0,0.0,4.0,0.0,0.0,,0.0,0.0,1.0,,,inf,22612.0,,,0.0,22612.0,hyperplane_gauss,32240,37,0.13276649643667043,0.21184662831947207,4,prior,gradual,157,0.48262477070093157,1.0,True,high,fast,prior/gradual/K=4/recurring/high/fast/n/a/imbalanced/noisy,0.0,-0.020742637644046158
scn-4f99fc37a88f,1687680645,EDDM,0.7430857874519846,0.11275651100004325,8,4.0,8.0,0.0,4.0,8.0,0.0,0.0,0.0,0.0,1.0,,,2826.5,2826.5,,,0.3537944454272068,22612.0,hyperplane_gauss,32240,37,0.13276649643667043,0.21184662831947207,4,prior,gradual,157,0.48262477070093157,1.0,True,high,fast,prior/gradual/K=4/recurring/high/fast/n/a/imbalanced/noisy,-0.00950704225352117,-0.011235595390524988
scn-4f99fc37a88f,1687680645,HDDM_A,0.7416453265044815,0.15349648200026422,1,4.0,1.0,1.0,3.0,0.0,0.0,1.0,0.25,0.4,0.75,521.0,521.0,inf,22612.0,inf,10.850287907869482,0.0,22612.0,hyperplane_gauss,32240,37,0.13276649643667043,0.21184662831947207,4,prior,gradual,157,0.48262477070093157,1.0,True,high,fast,prior/gradual/K=4/recurring/high/fast/n/a/imbalanced/noisy,-0.010947503201024333,-0.009795134443021825
scn-4f99fc37a88f,1687680645,HDDM_W,0.7214788732394366,0.1815926250001212,9,4.0,9.0,3.0,1.0,4.0,2.0,0.3333333333333333,0.75,0.46153846153846156,0.25,206.66666666666666,175.0,5653.0,5653.0,20.51491935483871,20.51491935483871,0.1768972227136034,22612.0,hyperplane_gauss,32240,37,0.13276649643667043,0.21184662831947207,4,prior,gradual,157,0.48262477070093157,1.0,True,high,fast,prior/gradual/K=4/recurring/high/fast/n/a/imbalanced/noisy,-0.03111395646606918,0.010371318822023023
scn-4f99fc37a88f,1687680645,FHDDM,0.7363636363636363,0.08797893700011628,3,4.0,3.0,1.0,3.0,2.0,0.0,0.3333333333333333,0.25,0.28571428571428575,0.75,133.0,133.0,11306.0,11306.0,21.25187969924812,21.25187969924812,0.0884486113568017,22612.0,hyperplane_gauss,32240,37,0.13276649643667043,0.21184662831947207,4,prior,gradual,157,0.48262477070093157,1.0,True,high,fast,prior/gradual/K=4/recurring/high/fast/n/a/imbalanced/noisy,-0.016229193341869452,-0.004513444302176706
scn-4f99fc37a88f,1687680645,NoDrift,0.7525928297055058,0.0719023130000096,0,4.0,0.0,0.0,4.0,0.0,0.0,,0.0,0.0,1.0,,,inf,22612.0,,,0.0,22612.0,hyperplane_gauss,32240,37,0.13276649643667043,0.21184662831947207,4,prior,gradual,157,0.48262477070093157,1.0,True,high,fast,prior/gradual/K=4/recurring/high/fast/n/a/imbalanced/noisy,0.0,-0.020742637644046158
scn-4f99fc37a88f,1687680645,Periodic(2000),0.7096670934699104,0.07669286700001976,15,4.0,15.0,4.0,0.0,11.0,0.0,0.26666666666666666,1.0,0.4210526315789474,0.0,1459.0,1459.0,2055.6363636363635,2055.6363636363635,1.4089351361455542,1.4089351361455542,0.48646736246240935,22612.0,hyperplane_gauss,32240,37,0.13276649643667043,0.21184662831947207,4,prior,gradual,157,0.48262477070093157,1.0,True,high,fast,prior/gradual/K=4/recurring/high/fast/n/a/imbalanced/noisy,-0.04292573623559537,0.02218309859154921
scn-4f99fc37a88f,1687680645,Oracle,0.7318501920614596,0.07621898700017482,4,4.0,4.0,4.0,0.0,0.0,0.0,1.0,1.0,1.0,0.0,79.0,79.0,inf,22612.0,inf,286.2278481012658,0.0,22612.0,hyperplane_gauss,32240,37,0.13276649643667043,0.21184662831947207,4,prior,gradual,157,0.48262477070093157,1.0,True,high,fast,prior/gradual/K=4/recurring/high/fast/n/a/imbalanced/noisy,-0.020742637644046158,-0.0
scn-4f99fc37a88f,1687680646,ADWIN,0.7230473751600512,0.09384190099990519,7,4.0,7.0,1.0,3.0,6.0,0.0,0.14285714285714285,0.25,0.18181818181818182,0.75,406.0,406.0,3768.6666666666665,3768.6666666666665,2.320607553366174,2.320607553366174,0.2653458340704051,22612.0,hyperplane_gauss,32240,37,0.13276649643667043,0.21184662831947207,4,prior,gradual,157,0.48262477070093157,1.0,True,high,fast,prior/gradual/K=4/recurring/high/fast/n/a/imbalanced/noisy,-0.027432778489116516,0.011523687580025532
scn-4f99fc37a88f,1687680646,KSWIN,0.7504801536491678,6.558892091999951,0,4.0,0.0,0.0,4.0,0.0,0.0,,0.0,0.0,1.0,,,inf,22612.0,,,0.0,22612.0,hyperplane_gauss,32240,37,0.13276649643667043,0.21184662831947207,4,prior,gradual,157,0.48262477070093157,1.0,True,high,fast,prior/gradual/K=4/recurring/high/fast/n/a/imbalanced/noisy,0.0,-0.015909090909090984
scn-4f99fc37a88f,1687680646,PageHinkley,0.7056338028169014,0.12239522700019734,16,4.0,16.0,4.0,0.0,11.0,1.0,0.25,1.0,0.4,0.0,614.25,507.5,2055.6363636363635,2055.6363636363635,3.3465793465793463,3.3465793465793463,0.48646736246240935,22612.0,hyperplane_gauss,32240,37,0.13276649643667043,0.21184662831947207,4,prior,gradual,157,0.48262477070093157,1.0,True,high,fast,prior/gradual/K=4/recurring/high/fast/n/a/imbalanced/noisy,-0.0448463508322664,0.028937259923175418
scn-4f99fc37a88f,1687680646,PageHinkley-up,0.728809218950064,0.09672328600026958,4,4.0,4.0,4.0,0.0,0.0,0.0,1.0,1.0,1.0,0.0,690.5,595.5,inf,22612.0,inf,32.747284576393916,0.0,22612.0,hyperplane_gauss,32240,37,0.13276649643667043,0.21184662831947207,4,prior,gradual,157,0.48262477070093157,1.0,True,high,fast,prior/gradual/K=4/recurring/high/fast/n/a/imbalanced/noisy,-0.02167093469910375,0.005761843790012766
scn-4f99fc37a88f,1687680646,DDM,0.7504801536491678,0.08531837400005315,0,4.0,0.0,0.0,4.0,0.0,0.0,,0.0,0.0,1.0,,,inf,22612.0,,,0.0,22612.0,hyperplane_gauss,32240,37,0.13276649643667043,0.21184662831947207,4,prior,gradual,157,0.48262477070093157,1.0,True,high,fast,prior/gradual/K=4/recurring/high/fast/n/a/imbalanced/noisy,0.0,-0.015909090909090984
scn-4f99fc37a88f,1687680646,EDDM,0.7378361075544174,0.12505089399974167,11,4.0,11.0,0.0,4.0,11.0,0.0,0.0,0.0,0.0,1.0,,,2055.6363636363635,2055.6363636363635,,,0.48646736246240935,22612.0,hyperplane_gauss,32240,37,0.13276649643667043,0.21184662831947207,4,prior,gradual,157,0.48262477070093157,1.0,True,high,fast,prior/gradual/K=4/recurring/high/fast/n/a/imbalanced/noisy,-0.012644046094750339,-0.003265044814340645
scn-4f99fc37a88f,1687680646,HDDM_A,0.7392765685019206,0.1526782819996697,1,4.0,1.0,1.0,3.0,0.0,0.0,1.0,0.25,0.4,0.75,210.0,210.0,inf,22612.0,inf,26.919047619047618,0.0,22612.0,hyperplane_gauss,32240,37,0.13276649643667043,0.21184662831947207,4,prior,gradual,157,0.48262477070093157,1.0,True,high,fast,prior/gradual/K=4/recurring/high/fast/n/a/imbalanced/noisy,-0.011203585147247175,-0.004705505761843809
scn-4f99fc37a88f,1687680646,HDDM_W,0.7208066581306017,0.18833004499992967,11,4.0,11.0,4.0,0.0,5.0,2.0,0.36363636363636365,1.0,0.5333333333333333,0.0,298.5,277.5,4522.4,4522.4,15.15041876046901,15.15041876046901,0.22112152839200425,22612.0,hyperplane_gauss,32240,37,0.13276649643667043,0.21184662831947207,4,prior,gradual,157,0.48262477070093157,1.0,True,high,fast,prior/gradual/K=4/recurring/high/fast/n/a/imbalanced/noisy,-0.029673495518566018,0.013764404609475034
scn-4f99fc37a88f,1687680646,FHDDM,0.727752880921895,0.09509946599973773,6,4.0,6.0,4.0,0.0,2.0,0.0,0.6666666666666666,1.0,0.8,0.0,639.5,344.0,11306.0,11306.0,17.679437060203284,17.679437060203284,0.0884486113568017,22612.0,hyperplane_gauss,32240,37,0.13276649643667043,0.21184662831947207,4,prior,gradual,157,0.48262477070093157,1.0,True,high,fast,prior/gradual/K=4/recurring/high/fast/n/a/imbalanced/noisy,-0.022727272727272707,0.006818181818181723
scn-4f99fc37a88f,1687680646,NoDrift,0.7504801536491678,0.07214850299988029,0,4.0,0.0,0.0,4.0,0.0,0.0,,0.0,0.0,1.0,,,inf,22612.0,,,0.0,22612.0,hyperplane_gauss,32240,37,0.13276649643667043,0.21184662831947207,4,prior,gradual,157,0.48262477070093157,1.0,True,high,fast,prior/gradual/K=4/recurring/high/fast/n/a/imbalanced/noisy,0.0,-0.015909090909090984
scn-4f99fc37a88f,1687680646,Periodic(2000),0.7093790012804098,0.07800502100008089,15,4.0,15.0,4.0,0.0,11.0,0.0,0.26666666666666666,1.0,0.4210526315789474,0.0,1459.0,1459.0,2055.6363636363635,2055.6363636363635,1.4089351361455542,1.4089351361455542,0.48646736246240935,22612.0,hyperplane_gauss,32240,37,0.13276649643667043,0.21184662831947207,4,prior,gradual,157,0.48262477070093157,1.0,True,high,fast,prior/gradual/K=4/recurring/high/fast/n/a/imbalanced/noisy,-0.041101152368758,0.025192061459667014
scn-4f99fc37a88f,1687680646,Oracle,0.7345710627400768,0.07589638700028445,4,4.0,4.0,4.0,0.0,0.0,0.0,1.0,1.0,1.0,0.0,79.0,79.0,inf,22612.0,inf,286.2278481012658,0.0,22612.0,hyperplane_gauss,32240,37,0.13276649643667043,0.21184662831947207,4,prior,gradual,157,0.48262477070093157,1.0,True,high,fast,prior/gradual/K=4/recurring/high/fast/n/a/imbalanced/noisy,-0.015909090909090984,-0.0
scn-4f99fc37a88f,1687680647,ADWIN,0.7279129321382842,0.09203505400000722,4,4.0,4.0,2.0,2.0,2.0,0.0,0.5,0.5,0.5,0.5,964.0,964.0,11306.0,11306.0,5.864107883817427,5.864107883817427,0.0884486113568017,22612.0,hyperplane_gauss,32240,37,0.13276649643667043,0.21184662831947207,4,prior,gradual,157,0.48262477070093157,1.0,True,high,fast,prior/gradual/K=4/recurring/high/fast/n/a/imbalanced/noisy,-0.023111395646606914,0.005057618437900202
scn-4f99fc37a88f,1687680647,KSWIN,0.7383802816901408,6.657620113000121,2,4.0,2.0,1.0,3.0,1.0,0.0,0.5,0.25,0.3333333333333333,0.75,739.0,739.0,22612.0,22612.0,7.649526387009472,7.649526387009472,0.04422430567840085,22612.0,hyperplane_gauss,32240,37,0.13276649643667043,0.21184662831947207,4,prior,gradual,157,0.48262477070093157,1.0,True,high,fast,prior/gradual/K=4/recurring/high/fast/n/a/imbalanced/noisy,-0.012644046094750339,-0.005409731113956373
scn-4f99fc37a88f,1687680647,PageHinkley,0.7074903969270167,0.12065002899998944,17,4.0,17.0,3.0,1.0,12.0,2.0,0.17647058823529413,0.75,0.2857142857142857,0.25,244.0,300.0,1884.3333333333333,1884.3333333333333,5.792008196721311,5.792008196721311,0.5306916681408101,22612.0,hyperplane_gauss,32240,37,0.13276649643667043,0.21184662831947207,4,prior,gradual,157,0.48262477070093157,1.0,True,high,fast,prior/gradual/K=4/recurring/high/fast/n/a/imbalanced/noisy,-0.04353393085787449,0.02548015364916778
scn-4f99fc37a88f,1687680647,PageHinkley-up,0.7264724711907811,0.10440691299982063,4,4.0,4.0,4.0,0.0,0.0,0.0,1.0,1.0,1.0,0.0,722.5,710.5,inf,22612.0,inf,31.29688581314879,0.0,22612.0,hyperplane_gauss,32240,37,0.13276649643667043,0.21184662831947207,4,prior,gradual,157,0.48262477070093157,1.0,True,high,fast,prior/gradual/K=4/recurring/high/fast/n/a/imbalanced/noisy,-0.024551856594110077,0.006498079385403366
scn-4f99fc37a88f,1687680647,DDM,0.7394686299615877,0.0933945130000211,1,4.0,1.0,1.0,3.0,0.0,0.0,1.0,0.25,0.4,0.75,324.0,324.0,inf,22612.0,inf,17.44753086419753,0.0,22612.0,hyperplane_gauss,32240,37,0.13276649643667043,0.21184662831947207,4,prior,gradual,157,0.48262477070093157,1.0,True,high,fast,prior/gradual/K=4/recurring/high/fast/n/a/imbalanced/noisy,-0.011555697823303457,-0.006498079385403255
scn-4f99fc37a88f,1687680647,EDDM,0.7449423815620999,0.09667085000000952,3,4.0,3.0,0.0,4.0,3.0,0.0,0.0,0.0,0.0,1.0,,,7537.333333333333,7537.333333333333,,,0.13267291703520254,22612.0,hyperplane_gauss,32240,37,0.13276649643667043,0.21184662831947207,4,prior,gradual,157,0.48262477070093157,1.0,True,high,fast,prior/gradual/K=4/recurring/high/fast/n/a/imbalanced/noisy,-0.006081946222791235,-0.011971830985915477
scn-4f99fc37a88f,1687680647,HDDM_A,0.7510243277848911,0.15523855499986894,0,4.0,0.0,0.0,4.0,0.0,0.0,,0.0,0.0,1.0,,,inf,22612.0,,,0.0,22612.0,hyperplane_gauss,32240,37,0.13276649643667043,0.21184662831947207,4,prior,gradual,157,0.48262477070093157,1.0,True,high,fast,prior/gradual/K=4/recurring/high/fast/n/a/imbalanced/noisy,0.0,-0.01805377720870671
scn-4f99fc37a88f,1687680647,HDDM_W,0.7244238156209987,0.1726972179999393,6,4.0,6.0,3.0,1.0,3.0,0.0,0.5,0.75,0.6,0.25,1273.3333333333333,1761.0,7537.333333333333,7537.333333333333,4.439528795811519,4.439528795811519,0.13267291703520254,22612.0,hyperplane_gauss,32240,37,0.13276649643667043,0.21184662831947207,4,prior,gradual,157,0.48262477070093157,1.0,True,high,fast,prior/gradual/K=4/recurring/high/fast/n/a/imbalanced/noisy,-0.026600512163892476,0.008546734955185764
scn-4f99fc37a88f,1687680647,FHDDM,0.731145966709347,0.09303773700003148,3,4.0,3.0,2.0,2.0,1.0,0.0,0.6666666666666666,0.5,0.5714285714285715,0.5,680.0,680.0,22612.0,22612.0,16.626470588235293,16.626470588235293,0.04422430567840085,22612.0,hyperplane_gauss,32240,37,0.13276649643667043,0.21184662831947207,4,prior,gradual,157,0.48262477070093157,1.0,True,high,fast,prior/gradual/K=4/recurring/high/fast/n/a/imbalanced/noisy,-0.019878361075544193,0.0018245838668374814
scn-4f99fc37a88f,1687680647,NoDrift,0.7510243277848911,0.07320622400038701,0,4.0,0.0,0.0,4.0,0.0,0.0,,0.0,0.0,1.0,,,inf,22612.0,,,0.0,22612.0,hyperplane_gauss,32240,37,0.13276649643667043,0.21184662831947207,4,prior,gradual,157,0.48262477070093157,1.0,True,high,fast,prior/gradual/K=4/recurring/high/fast/n/a/imbalanced/noisy,0.0,-0.01805377720870671
scn-4f99fc37a88f,1687680647,Periodic(2000),0.7054737516005122,0.07838329300011537,15,4.0,15.0,4.0,0.0,11.0,0.0,0.26666666666666666,1.0,0.4210526315789474,0.0,1459.0,1459.0,2055.6363636363635,2055.6363636363635,1.4089351361455542,1.4089351361455542,0.48646736246240935,22612.0,hyperplane_gauss,32240,37,0.13276649643667043,0.21184662831947207,4,prior,gradual,157,0.48262477070093157,1.0,True,high,fast,prior/gradual/K=4/recurring/high/fast/n/a/imbalanced/noisy,-0.045550576184378966,0.027496798975672254
scn-4f99fc37a88f,1687680647,Oracle,0.7329705505761844,0.07822613700000147,4,4.0,4.0,4.0,0.0,0.0,0.0,1.0,1.0,1.0,0.0,79.0,79.0,inf,22612.0,inf,286.2278481012658,0.0,22612.0,hyperplane_gauss,32240,37,0.13276649643667043,0.21184662831947207,4,prior,gradual,157,0.48262477070093157,1.0,True,high,fast,prior/gradual/K=4/recurring/high/fast/n/a/imbalanced/noisy,-0.01805377720870671,-0.0
scn-56935f46e0bf,1509937589,ADWIN,0.8344119196327789,0.03191183499984618,2,1.0,2.0,1.0,0.0,0.0,1.0,0.5,1.0,0.6666666666666666,0.0,3013.0,3013.0,inf,21046.0,inf,6.985064719548623,0.0,21046.0,hyperplane_gauss,27578,9,0.28056816323660316,0.11030685994774103,1,real,gradual,3532,0.1707217841409157,0.6106538400053978,False,medium,slow,real/gradual/K=1/medium/slow/partial/imbalanced/noisy,0.01779667394085327,0.0013545037248853253
scn-56935f46e0bf,1509937589,KSWIN,0.8166152456919257,5.664827879999848,0,1.0,0.0,0.0,1.0,0.0,0.0,,0.0,0.0,1.0,,,inf,21046.0,,,0.0,21046.0,hyperplane_gauss,27578,9,0.28056816323660316,0.11030685994774103,1,real,gradual,3532,0.1707217841409157,0.6106538400053978,False,medium,slow,real/gradual/K=1/medium/slow/partial/imbalanced/noisy,0.0,0.019151177665738595
scn-56935f46e0bf,1509937589,PageHinkley,0.8248175182481752,0.040409748000001855,7,1.0,7.0,1.0,0.0,4.0,2.0,0.14285714285714285,1.0,0.25,0.0,426.0,426.0,5261.5,5261.5,12.35093896713615,12.35093896713615,0.1900598688586905,21046.0,hyperplane_gauss,27578,9,0.28056816323660316,0.11030685994774103,1,real,gradual,3532,0.1707217841409157,0.6106538400053978,False,medium,slow,real/gradual/K=1/medium/slow/partial/imbalanced/noisy,0.008202272556249501,0.010948905109489093
scn-56935f46e0bf,1509937589,PageHinkley-up,0.8307622845962827,0.03418785999974716,2,1.0,2.0,1.0,0.0,1.0,0.0,0.5,1.0,0.6666666666666666,0.0,3884.0,3884.0,21046.0,21046.0,5.418640576725026,5.418640576725026,0.047514967214672625,21046.0,hyperplane_gauss,27578,9,0.28056816323660316,0.11030685994774103,1,real,gradual,3532,0.1707217841409157,0.6106538400053978,False,medium,slow,real/gradual/K=1/medium/slow/partial/imbalanced/noisy,0.014147038904356979,0.005004138761381616
scn-56935f46e0bf,1509937589,DDM,0.83437429452931,0.033765280000352504,2,1.0,2.0,1.0,0.0,1.0,0.0,0.5,1.0,0.6666666666666666,0.0,1786.0,1786.0,21046.0,21046.0,11.78387458006719,11.78387458006719,0.047514967214672625,21046.0,hyperplane_gauss,27578,9,0.28056816323660316,0.11030685994774103,1,real,gradual,3532,0.1707217841409157,0.6106538400053978,False,medium,slow,real/gradual/K=1/medium/slow/partial/imbalanced/noisy,0.017759048837384328,0.0013921288283542665
scn-56935f46e0bf,1509937589,EDDM,0.8182331251410941,0.03394317399988722,5,1.0,5.0,0.0,1.0,5.0,0.0,0.0,0.0,0.0,1.0,,,4209.2,4209.2,,,0.2375748360733631,21046.0,hyperplane_gauss,27578,9,0.28056816323660316,0.11030685994774103,1,real,gradual,3532,0.1707217841409157,0.6106538400053978,False,medium,slow,real/gradual/K=1/medium/slow/partial/imbalanced/noisy,0.001617879449168469,0.017533298216570126
scn-56935f46e0bf,1509937589,HDDM_A,0.8339604183911505,0.09665803899997627,1,1.0,1.0,1.0,0.0,0.0,0.0,1.0,1.0,1.0,0.0,3495.0,3495.0,inf,21046.0,inf,6.021745350500716,0.0,21046.0,hyperplane_gauss,27578,9,0.28056816323660316,0.11030685994774103,1,real,gradual,3532,0.1707217841409157,0.6106538400053978,False,medium,slow,real/gradual/K=1/medium/slow/partial/imbalanced/noisy,0.017345172699224864,0.00180600496651373
scn-56935f46e0bf,1509937589,HDDM_W,0.8264353976973436,0.08913587100005316,1,1.0,1.0,0.0,1.0,1.0,0.0,0.0,0.0,0.0,1.0,,,21046.0,21046.0,,,0.047514967214672625,21046.0,hyperplane_gauss,27578,9,0.28056816323660316,0.11030685994774103,1,real,gradual,3532,0.1707217841409157,0.6106538400053978,False,medium,slow,real/gradual/K=1/medium/slow/partial/imbalanced/noisy,0.00982015200541797,0.009331025660320624
scn-56935f46e0bf,1509937589,FHDDM,0.8355406727368501,0.030596170000080747,1,1.0,1.0,1.0,0.0,0.0,0.0,1.0,1.0,1.0,0.0,1775.0,1775.0,inf,21046.0,inf,11.856901408450705,0.0,21046.0,hyperplane_gauss,27578,9,0.28056816323660316,0.11030685994774103,1,real,gradual,3532,0.1707217841409157,0.6106538400053978,False,medium,slow,real/gradual/K=1/medium/slow/partial/imbalanced/noisy,0.018925427044924392,0.00022575062081420239
scn-56935f46e0bf,1509937589,NoDrift,0.8166152456919257,0.0200496090001252,0,1.0,0.0,0.0,1.0,0.0,0.0,,0.0,0.0,1.0,,,inf,21046.0,,,0.0,21046.0,hyperplane_gauss,27578,9,0.28056816323660316,0.11030685994774103,1,real,gradual,3532,0.1707217841409157,0.6106538400053978,False,medium,slow,real/gradual/K=1/medium/slow/partial/imbalanced/noisy,0.0,0.019151177665738595
scn-56935f46e0bf,1509937589,Periodic(2000),0.8152607419670405,0.022085802999754378,13,1.0,13.0,1.0,0.0,10.0,2.0,0.07692307692307693,1.0,0.14285714285714288,0.0,1477.0,1477.0,2104.6,2104.6,1.4249153689911984,1.4249153689911984,0.4751496721467262,21046.0,hyperplane_gauss,27578,9,0.28056816323660316,0.11030685994774103,1,real,gradual,3532,0.1707217841409157,0.6106538400053978,False,medium,slow,real/gradual/K=1/medium/slow/partial/imbalanced/noisy,-0.0013545037248852143,0.02050568139062381
scn-56935f46e0bf,1509937589,Oracle,0.8357664233576643,0.023770560000230034,1,1.0,1.0,1.0,0.0,0.0,0.0,1.0,1.0,1.0,0.0,1767.0,1767.0,inf,21046.0,inf,11.910582908885116,0.0,21046.0,hyperplane_gauss,27578,9,0.28056816323660316,0.11030685994774103,1,real,gradual,3532,0.1707217841409157,0.6106538400053978,False,medium,slow,real/gradual/K=1/medium/slow/partial/imbalanced/noisy,0.019151177665738595,-0.0
scn-56935f46e0bf,1509937590,ADWIN,0.8349386710813455,0.02873309500000687,1,1.0,1.0,1.0,0.0,0.0,0.0,1.0,1.0,1.0,0.0,3429.0,3429.0,inf,21046.0,inf,6.1376494604841065,0.0,21046.0,hyperplane_gauss,27578,9,0.28056816323660316,0.11030685994774103,1,real,gradual,3532,0.1707217841409157,0.6106538400053978,False,medium,slow,real/gradual/K=1/medium/slow/partial/imbalanced/noisy,0.018850176837986288,-0.00015050041387609792
scn-56935f46e0bf,1509937590,KSWIN,0.8156746181051998,5.627352441999847,1,1.0,1.0,0.0,1.0,1.0,0.0,0.0,0.0,0.0,1.0,,,21046.0,21046.0,,,0.047514967214672625,21046.0,hyperplane_gauss,27578,9,0.28056816323660316,0.11030685994774103,1,real,gradual,3532,0.1707217841409157,0.6106538400053978,False,medium,slow,real/gradual/K=1/medium/slow/partial/imbalanced/noisy,-0.00041387613815935254,0.019113552562269542
scn-56935f46e0bf,1509937590,PageHinkley,0.8236887651441042,0.03986308599996846,7,1.0,7.0,1.0,0.0,4.0,2.0,0.14285714285714285,1.0,0.25,0.0,498.0,498.0,5261.5,5261.5,10.565261044176706,10.565261044176706,0.1900598688586905,21046.0,hyperplane_gauss,27578,9,0.28056816323660316,0.11030685994774103,1,real,gradual,3532,0.1707217841409157,0.6106538400053978,False,medium,slow,real/gradual/K=1/medium/slow/partial/imbalanced/noisy,0.007600270900744999,0.011099405523365191
scn-56935f46e0bf,1509937590,PageHinkley-up,0.8357287982541952,0.03331693400014046,1,1.0,1.0,1.0,0.0,0.0,0.0,1.0,1.0,1.0,0.0,2728.0,2728.0,inf,21046.0,inf,7.714809384164223,0.0,21046.0,hyperplane_gauss,27578,9,0.28056816323660316,0.11030685994774103,1,real,gradual,3532,0.1707217841409157,0.6106538400053978,False,medium,slow,real/gradual/K=1/medium/slow/partial/imbalanced/noisy,0.01964030401083605,-0.0009406275867258618
scn-56935f46e0bf,1509937590,DDM,0.8322672887350441,0.03409479799984183,2,1.0,2.0,1.0,0.0,1.0,0.0,0.5,1.0,0.6666666666666666,0.0,3747.0,3747.0,21046.0,21046.0,5.6167600747264474,5.6167600747264474,0.047514967214672625,21046.0,hyperplane_gauss,27578,9,0.28056816323660316,0.11030685994774103,1,real,gradual,3532,0.1707217841409157,0.6106538400053978,False,medium,slow,real/gradual/K=1/medium/slow/partial/imbalanced/noisy,0.01617879449168491,0.0025208819324252785
scn-56935f46e0bf,1509937590,EDDM,0.8287305290089547,0.061219762999826344,17,1.0,17.0,1.0,0.0,12.0,4.0,0.058823529411764705,1.0,0.1111111111111111,0.0,1987.0,1987.0,1753.8333333333333,1753.8333333333333,0.8826539171279986,0.8826539171279986,0.5701796065760715,21046.0,hyperplane_gauss,27578,9,0.28056816323660316,0.11030685994774103,1,real,gradual,3532,0.1707217841409157,0.6106538400053978,False,medium,slow,real/gradual/K=1/medium/slow/partial/imbalanced/noisy,0.012642034765595556,0.006057641658514634
scn-56935f46e0bf,1509937590,HDDM_A,0.8350891714952217,0.09824602000026061,1,1.0,1.0,1.0,0.0,0.0,0.0,1.0,1.0,1.0,0.0,3441.0,3441.0,inf,21046.0,inf,6.1162452775356,0.0,21046.0,hyperplane_gauss,27578,9,0.28056816323660316,0.11030685994774103,1,real,gradual,3532,0.1707217841409157,0.6106538400053978,False,medium,slow,real/gradual/K=1/medium/slow/partial/imbalanced/noisy,0.019000677251862497,-0.00030100082775230685
scn-56935f46e0bf,1509937590,HDDM_W,0.8192490029347581,0.09070706500006054,1,1.0,1.0,0.0,1.0,1.0,0.0,0.0,0.0,0.0,1.0,,,21046.0,21046.0,,,0.047514967214672625,21046.0,hyperplane_gauss,27578,9,0.28056816323660316,0.11030685994774103,1,real,gradual,3532,0.1707217841409157,0.6106538400053978,False,medium,slow,real/gradual/K=1/medium/slow/partial/imbalanced/noisy,0.0031605086913989444,0.015539167732711245
scn-56935f46e0bf,1509937590,FHDDM,0.8348257957709384,0.030647425000097428,1,1.0,1.0,1.0,0.0,0.0,0.0,1.0,1.0,1.0,0.0,3487.0,3487.0,inf,21046.0,inf,6.035560653857184,0.0,21046.0,hyperplane_gauss,27578,9,0.28056816323660316,0.11030685994774103,1,real,gradual,3532,0.1707217841409157,0.6106538400053978,False,medium,slow,real/gradual/K=1/medium/slow/partial/imbalanced/noisy,0.018737301527579242,-3.7625103469052235e-05
scn-56935f46e0bf,1509937590,NoDrift,0.8160884942433592,0.020614226999896346,0,1.0,0.0,0.0,1.0,0.0,0.0,,0.0,0.0,1.0,,,inf,21046.0,,,0.0,21046.0,hyperplane_gauss,27578,9,0.28056816323660316,0.11030685994774103,1,real,gradual,3532,0.1707217841409157,0.6106538400053978,False,medium,slow,real/gradual/K=1/medium/slow/partial/imbalanced/noisy,0.0,0.01869967642411019
scn-56935f46e0bf,1509937590,Periodic(2000),0.8188351267965986,0.02211390399997981,13,1.0,13.0,1.0,0.0,10.0,2.0,0.07692307692307693,1.0,0.14285714285714288,0.0,1477.0,1477.0,2104.6,2104.6,1.4249153689911984,1.4249153689911984,0.4751496721467262,21046.0,hyperplane_gauss,27578,9,0.28056816323660316,0.11030685994774103,1,real,gradual,3532,0.1707217841409157,0.6106538400053978,False,medium,slow,real/gradual/K=1/medium/slow/partial/imbalanced/noisy,0.002746632553239481,0.01595304387087071
scn-56935f46e0bf,1509937590,Oracle,0.8347881706674694,0.022160474999964208,1,1.0,1.0,1.0,0.0,0.0,0.0,1.0,1.0,1.0,0.0,1767.0,1767.0,inf,21046.0,inf,11.910582908885116,0.0,21046.0,hyperplane_gauss,27578,9,0.28056816323660316,0.11030685994774103,1,real,gradual,3532,0.1707217841409157,0.6106538400053978,False,medium,slow,real/gradual/K=1/medium/slow/partial/imbalanced/noisy,0.01869967642411019,-0.0
scn-56935f46e0bf,1509937591,ADWIN,0.8380239295658063,0.02949058000012883,1,1.0,1.0,1.0,0.0,0.0,0.0,1.0,1.0,1.0,0.0,2949.0,2949.0,inf,21046.0,inf,7.136656493726687,0.0,21046.0,hyperplane_gauss,27578,9,0.28056816323660316,0.11030685994774103,1,real,gradual,3532,0.1707217841409157,0.6106538400053978,False,medium,slow,real/gradual/K=1/medium/slow/partial/imbalanced/noisy,0.019828429528181202,0.0015802543456994167
scn-56935f46e0bf,1509937591,KSWIN,0.8181955000376251,5.663570982000238,0,1.0,0.0,0.0,1.0,0.0,0.0,,0.0,0.0,1.0,,,inf,21046.0,,,0.0,21046.0,hyperplane_gauss,27578,9,0.28056816323660316,0.11030685994774103,1,real,gradual,3532,0.1707217841409157,0.6106538400053978,False,medium,slow,real/gradual/K=1/medium/slow/partial/imbalanced/noisy,0.0,0.02140868387388062
scn-56935f46e0bf,1509937591,PageHinkley,0.8304236586650613,0.0389793730000747,7,1.0,7.0,1.0,0.0,4.0,2.0,0.14285714285714285,1.0,0.25,0.0,1520.0,1520.0,5261.5,5261.5,3.461513157894737,3.461513157894737,0.1900598688586905,21046.0,hyperplane_gauss,27578,9,0.28056816323660316,0.11030685994774103,1,real,gradual,3532,0.1707217841409157,0.6106538400053978,False,medium,slow,real/gradual/K=1/medium/slow/partial/imbalanced/noisy,0.012228158627436203,0.009180525246444415
scn-56935f46e0bf,1509937591,PageHinkley-up,0.839792309428851,0.034130199999708566,1,1.0,1.0,1.0,0.0,0.0,0.0,1.0,1.0,1.0,0.0,1520.0,1520.0,inf,21046.0,inf,13.846052631578948,0.0,21046.0,hyperplane_gauss,27578,9,0.28056816323660316,0.11030685994774103,1,real,gradual,3532,0.1707217841409157,0.6106538400053978,False,medium,slow,real/gradual/K=1/medium/slow/partial/imbalanced/noisy,0.02159680939122588,-0.00018812551734526117
scn-56935f46e0bf,1509937591,DDM,0.8297087816991496,0.03313331299978017,1,1.0,1.0,0.0,1.0,1.0,0.0,0.0,0.0,0.0,1.0,,,21046.0,21046.0,,,0.047514967214672625,21046.0,hyperplane_gauss,27578,9,0.28056816323660316,0.11030685994774103,1,real,gradual,3532,0.1707217841409157,0.6106538400053978,False,medium,slow,real/gradual/K=1/medium/slow/partial/imbalanced/noisy,0.011513281661524544,0.009895402212356075
scn-56935f46e0bf,1509937591,EDDM,0.8282414026638574,0.034778281999933824,6,1.0,6.0,1.0,0.0,5.0,0.0,0.16666666666666666,1.0,0.2857142857142857,0.0,5119.0,5119.0,4209.2,4209.2,0.8222699746044149,0.8222699746044149,0.2375748360733631,21046.0,hyperplane_gauss,27578,9,0.28056816323660316,0.11030685994774103,1,real,gradual,3532,0.1707217841409157,0.6106538400053978,False,medium,slow,real/gradual/K=1/medium/slow/partial/imbalanced/noisy,0.010045902626232284,0.011362781247648335
scn-56935f46e0bf,1509937591,HDDM_A,0.8391150575664084,0.09835380799995619,1,1.0,1.0,1.0,0.0,0.0,0.0,1.0,1.0,1.0,0.0,3178.0,3178.0,inf,21046.0,inf,6.622404027690371,0.0,21046.0,hyperplane_gauss,27578,9,0.28056816323660316,0.11030685994774103,1,real,gradual,3532,0.1707217841409157,0.6106538400053978,False,medium,slow,real/gradual/K=1/medium/slow/partial/imbalanced/noisy,0.020919557528783272,0.000489126345097346
scn-56935f46e0bf,1509937591,HDDM_W,0.8315900368726014,0.0900296149998212,1,1.0,1.0,0.0,1.0,1.0,0.0,0.0,0.0,0.0,1.0,,,21046.0,21046.0,,,0.047514967214672625,21046.0,hyperplane_gauss,27578,9,0.28056816323660316,0.11030685994774103,1,real,gradual,3532,0.1707217841409157,0.6106538400053978,False,medium,slow,real/gradual/K=1/medium/slow/partial/imbalanced/noisy,0.013394536834976267,0.008014147038904351
scn-56935f46e0bf,1509937591,FHDDM,0.8349762961848145,0.030612017000294145,1,1.0,1.0,1.0,0.0,0.0,0.0,1.0,1.0,1.0,0.0,3867.0,3867.0,inf,21046.0,inf,5.442461856736489,0.0,21046.0,hyperplane_gauss,27578,9,0.28056816323660316,0.11030685994774103,1,real,gradual,3532,0.1707217841409157,0.6106538400053978,False,medium,slow,real/gradual/K=1/medium/slow/partial/imbalanced/noisy,0.016780796147189414,0.004627887726691204
scn-56935f46e0bf,1509937591,NoDrift,0.8181955000376251,0.020231453999713267,0,1.0,0.0,0.0,1.0,0.0,0.0,,0.0,0.0,1.0,,,inf,21046.0,,,0.0,21046.0,hyperplane_gauss,27578,9,0.28056816323660316,0.11030685994774103,1,real,gradual,3532,0.1707217841409157,0.6106538400053978,False,medium,slow,real/gradual/K=1/medium/slow/partial/imbalanced/noisy,0.0,0.02140868387388062
scn-56935f46e0bf,1509937591,Periodic(2000),0.8163518699676424,0.024148985000010725,13,1.0,13.0,1.0,0.0,10.0,2.0,0.07692307692307693,1.0,0.14285714285714288,0.0,1477.0,1477.0,2104.6,2104.6,1.4249153689911984,1.4249153689911984,0.4751496721467262,21046.0,hyperplane_gauss,27578,9,0.28056816323660316,0.11030685994774103,1,real,gradual,3532,0.1707217841409157,0.6106538400053978,False,medium,slow,real/gradual/K=1/medium/slow/partial/imbalanced/noisy,-0.0018436300699826713,0.02325231394386329
scn-56935f46e0bf,1509937591,Oracle,0.8396041839115057,0.02176801899986458,1,1.0,1.0,1.0,0.0,0.0,0.0,1.0,1.0,1.0,0.0,1767.0,1767.0,inf,21046.0,inf,11.910582908885116,0.0,21046.0,hyperplane_gauss,27578,9,0.28056816323660316,0.11030685994774103,1,real,gradual,3532,0.1707217841409157,0.6106538400053978,False,medium,slow,real/gradual/K=1/medium/slow/partial/imbalanced/noisy,0.02140868387388062,-0.0
scn-11bbbe2daf7e,1055747956,ADWIN,0.6787252844360986,0.023150088999955187,0,2.0,0.0,0.0,2.0,0.0,0.0,,0.0,0.0,1.0,,,inf,12506.0,,,0.0,12506.0,hyperplane_gauss,19106,15,0.25770291057415307,0.29027192015200853,2,virtual,incremental,800,0.08221745014190673,0.9493547216057778,False,low,fast,virtual/incremental/K=2/low/fast/partial/imbalanced/noisy,0.0,-0.00883684966309517
scn-11bbbe2daf7e,1055747956,KSWIN,0.6787252844360986,3.845684578000146,0,2.0,0.0,0.0,2.0,0.0,0.0,,0.0,0.0,1.0,,,inf,12506.0,,,0.0,12506.0,hyperplane_gauss,19106,15,0.25770291057415307,0.29027192015200853,2,virtual,incremental,800,0.08221745014190673,0.9493547216057778,False,low,fast,virtual/incremental/K=2/low/fast/partial/imbalanced/noisy,0.0,-0.00883684966309517
scn-11bbbe2daf7e,1055747956,PageHinkley,0.6735888655694245,0.030795411000326567,1,2.0,1.0,0.0,2.0,1.0,0.0,0.0,0.0,0.0,1.0,,,12506.0,12506.0,,,0.07996161842315688,12506.0,hyperplane_gauss,19106,15,0.25770291057415307,0.29027192015200853,2,virtual,incremental,800,0.08221745014190673,0.9493547216057778,False,low,fast,virtual/incremental/K=2/low/fast/partial/imbalanced/noisy,-0.005136418866674042,-0.003700430796421128
scn-11bbbe2daf7e,1055747956,PageHinkley-up,0.6787252844360986,0.028051747000063187,0,2.0,0.0,0.0,2.0,0.0,0.0,,0.0,0.0,1.0,,,inf,12506.0,,,0.0,12506.0,hyperplane_gauss,19106,15,0.25770291057415307,0.29027192015200853,2,virtual,incremental,800,0.08221745014190673,0.9493547216057778,False,low,fast,virtual/incremental/K=2/low/fast/partial/imbalanced/noisy,0.0,-0.00883684966309517
scn-11bbbe2daf7e,1055747956,DDM,0.6787252844360986,0.02787998699977834,0,2.0,0.0,0.0,2.0,0.0,0.0,,0.0,0.0,1.0,,,inf,12506.0,,,0.0,12506.0,hyperplane_gauss,19106,15,0.25770291057415307,0.29027192015200853,2,virtual,incremental,800,0.08221745014190673,0.9493547216057778,False,low,fast,virtual/incremental/K=2/low/fast/partial/imbalanced/noisy,0.0,-0.00883684966309517
scn-11bbbe2daf7e,1055747956,EDDM,0.6746382414669171,0.038950954000029014,7,2.0,7.0,0.0,2.0,7.0,0.0,0.0,0.0,0.0,1.0,,,1786.5714285714287,1786.5714285714287,,,0.5597313289620982,12506.0,hyperplane_gauss,19106,15,0.25770291057415307,0.29027192015200853,2,virtual,incremental,800,0.08221745014190673,0.9493547216057778,False,low,fast,virtual/incremental/K=2/low/fast/partial/imbalanced/noisy,-0.004087042969181498,-0.004749806693913672
scn-11bbbe2daf7e,1055747956,HDDM_A,0.6787252844360986,0.06543474199997945,0,2.0,0.0,0.0,2.0,0.0,0.0,,0.0,0.0,1.0,,,inf,12506.0,,,0.0,12506.0,hyperplane_gauss,19106,15,0.25770291057415307,0.29027192015200853,2,virtual,incremental,800,0.08221745014190673,0.9493547216057778,False,low,fast,virtual/incremental/K=2/low/fast/partial/imbalanced/noisy,0.0,-0.00883684966309517
scn-11bbbe2daf7e,1055747956,HDDM_W,0.6476306196840826,0.08918055000003733,10,2.0,10.0,2.0,0.0,7.0,1.0,0.2,1.0,0.33333333333333337,0.0,2035.0,2035.0,1786.5714285714287,1786.5714285714287,0.877922077922078,0.877922077922078,0.5597313289620982,12506.0,hyperplane_gauss,19106,15,0.25770291057415307,0.29027192015200853,2,virtual,incremental,800,0.08221745014190673,0.9493547216057778,False,low,fast,virtual/incremental/K=2/low/fast/partial/imbalanced/noisy,-0.031094664752015944,0.022257815088920774
scn-11bbbe2daf7e,1055747956,FHDDM,0.6714901137744395,0.027317060999848763,1,2.0,1.0,1.0,1.0,0.0,0.0,1.0,0.5,0.6666666666666666,0.5,2053.0,2053.0,inf,12506.0,inf,3.045786653677545,0.0,12506.0,hyperplane_gauss,19106,15,0.25770291057415307,0.29027192015200853,2,virtual,incremental,800,0.08221745014190673,0.9493547216057778,False,low,fast,virtual/incremental/K=2/low/fast/partial/imbalanced/noisy,-0.007235170661659129,-0.0016016790014360405
scn-11bbbe2daf7e,1055747956,NoDrift,0.6787252844360986,0.019439069999862113,0,2.0,0.0,0.0,2.0,0.0,0.0,,0.0,0.0,1.0,,,inf,12506.0,,,0.0,12506.0,hyperplane_gauss,19106,15,0.25770291057415307,0.29027192015200853,2,virtual,incremental,800,0.08221745014190673,0.9493547216057778,False,low,fast,virtual/incremental/K=2/low/fast/partial/imbalanced/noisy,0.0,-0.00883684966309517
scn-11bbbe2daf7e,1055747956,Periodic(2000),0.6501712139622224,0.02145336600005976,9,2.0,9.0,2.0,0.0,7.0,0.0,0.2222222222222222,1.0,0.3636363636363636,0.0,1347.5,1347.5,1786.5714285714287,1786.5714285714287,1.3258415054333423,1.3258415054333423,0.5597313289620982,12506.0,hyperplane_gauss,19106,15,0.25770291057415307,0.29027192015200853,2,virtual,incremental,800,0.08221745014190673,0.9493547216057778,False,low,fast,virtual/incremental/K=2/low/fast/partial/imbalanced/noisy,-0.028554070473876147,0.019717220810780978
scn-11bbbe2daf7e,1055747956,Oracle,0.6698884347730034,0.023170060999746056,2,2.0,2.0,2.0,0.0,0.0,0.0,1.0,1.0,1.0,0.0,401.0,401.0,inf,12506.0,inf,31.18703241895262,0.0,12506.0,hyperplane_gauss,19106,15,0.25770291057415307,0.29027192015200853,2,virtual,incremental,800,0.08221745014190673,0.9493547216057778,False,low,fast,virtual/incremental/K=2/low/fast/partial/imbalanced/noisy,-0.00883684966309517,-0.0
scn-11bbbe2daf7e,1055747957,ADWIN,0.6829227880260688,0.023974916000042867,0,2.0,0.0,0.0,2.0,0.0,0.0,,0.0,0.0,1.0,,,inf,12506.0,,,0.0,12506.0,hyperplane_gauss,19106,15,0.25770291057415307,0.29027192015200853,2,virtual,incremental,800,0.08221745014190673,0.9493547216057778,False,low,fast,virtual/incremental/K=2/low/fast/partial/imbalanced/noisy,0.0,-0.012923892632276668
scn-11bbbe2daf7e,1055747957,KSWIN,0.6829227880260688,3.9292268230001355,0,2.0,0.0,0.0,2.0,0.0,0.0,,0.0,0.0,1.0,,,inf,12506.0,,,0.0,12506.0,hyperplane_gauss,19106,15,0.25770291057415307,0.29027192015200853,2,virtual,incremental,800,0.08221745014190673,0.9493547216057778,False,low,fast,virtual/incremental/K=2/low/fast/partial/imbalanced/noisy,0.0,-0.012923892632276668
scn-11bbbe2daf7e,1055747957,PageHinkley,0.6598365182812327,0.03830607700001565,6,2.0,6.0,1.0,1.0,4.0,1.0,0.16666666666666666,0.5,0.25,0.5,971.0,971.0,3126.5,3126.5,1.6099382080329556,1.6099382080329556,0.31984647369262753,12506.0,hyperplane_gauss,19106,15,0.25770291057415307,0.29027192015200853,2,virtual,incremental,800,0.08221745014190673,0.9493547216057778,False,low,fast,virtual/incremental/K=2/low/fast/partial/imbalanced/noisy,-0.023086269744836074,0.010162377112559406
scn-11bbbe2daf7e,1055747957,PageHinkley-up,0.6829227880260688,0.030178451999745448,0,2.0,0.0,0.0,2.0,0.0,0.0,,0.0,0.0,1.0,,,inf,12506.0,,,0.0,12506.0,hyperplane_gauss,19106,15,0.25770291057415307,0.29027192015200853,2,virtual,incremental,800,0.08221745014190673,0.9493547216057778,False,low,fast,virtual/incremental/K=2/low/fast/partial/imbalanced/noisy,0.0,-0.012923892632276668
scn-11bbbe2daf7e,1055747957,DDM,0.6829227880260688,0.029595808000067336,0,2.0,0.0,0.0,2.0,0.0,0.0,,0.0,0.0,1.0,,,inf,12506.0,,,0.0,12506.0,hyperplane_gauss,19106,15,0.25770291057415307,0.29027192015200853,2,virtual,incremental,800,0.08221745014190673,0.9493547216057778,False,low,fast,virtual/incremental/K=2/low/fast/partial/imbalanced/noisy,0.0,-0.012923892632276668
scn-11bbbe2daf7e,1055747957,EDDM,0.6708825803601016,0.052005595000082394,12,2.0,12.0,0.0,2.0,12.0,0.0,0.0,0.0,0.0,1.0,,,1042.1666666666667,1042.1666666666667,,,0.9595394210778826,12506.0,hyperplane_gauss,19106,15,0.25770291057415307,0.29027192015200853,2,virtual,incremental,800,0.08221745014190673,0.9493547216057778,False,low,fast,virtual/incremental/K=2/low/fast/partial/imbalanced/noisy,-0.01204020766596714,-0.0008836849663095281
scn-11bbbe2daf7e,1055747957,HDDM_A,0.6706064288081299,0.07417410000016389,2,2.0,2.0,1.0,1.0,1.0,0.0,0.5,0.5,0.5,0.5,2069.0,2069.0,12506.0,12506.0,3.0222329627839537,3.0222329627839537,0.07996161842315688,12506.0,hyperplane_gauss,19106,15,0.25770291057415307,0.29027192015200853,2,virtual,incremental,800,0.08221745014190673,0.9493547216057778,False,low,fast,virtual/incremental/K=2/low/fast/partial/imbalanced/noisy,-0.012316359217938833,-0.0006075334143378353
scn-11bbbe2daf7e,1055747957,HDDM_W,0.6522699657572075,0.08249748300022475,6,2.0,6.0,2.0,0.0,3.0,1.0,0.3333333333333333,1.0,0.5,0.0,925.0,925.0,4168.666666666667,4168.666666666667,4.506666666666667,4.506666666666667,0.23988485526947065,12506.0,hyperplane_gauss,19106,15,0.25770291057415307,0.29027192015200853,2,virtual,incremental,800,0.08221745014190673,0.9493547216057778,False,low,fast,virtual/incremental/K=2/low/fast/partial/imbalanced/noisy,-0.030652822268861235,0.017728929636584567
scn-11bbbe2daf7e,1055747957,FHDDM,0.6696675135314261,0.029383292999682453,2,2.0,2.0,1.0,1.0,1.0,0.0,0.5,0.5,0.5,0.5,328.0,328.0,12506.0,12506.0,19.0640243902439,19.0640243902439,0.07996161842315688,12506.0,hyperplane_gauss,19106,15,0.25770291057415307,0.29027192015200853,2,virtual,incremental,800,0.08221745014190673,0.9493547216057778,False,low,fast,virtual/incremental/K=2/low/fast/partial/imbalanced/noisy,-0.0132552744946427,0.0003313818623660314
scn-11bbbe2daf7e,1055747957,NoDrift,0.6829227880260688,0.0211882879998484,0,2.0,0.0,0.0,2.0,0.0,0.0,,0.0,0.0,1.0,,,inf,12506.0,,,0.0,12506.0,hyperplane_gauss,19106,15,0.25770291057415307,0.29027192015200853,2,virtual,incremental,800,0.08221745014190673,0.9493547216057778,False,low,fast,virtual/incremental/K=2/low/fast/partial/imbalanced/noisy,0.0,-0.012923892632276668
scn-11bbbe2daf7e,1055747957,Periodic(2000),0.6497293714790677,0.023445328999969206,9,2.0,9.0,2.0,0.0,7.0,0.0,0.2222222222222222,1.0,0.3636363636363636,0.0,1347.5,1347.5,1786.5714285714287,1786.5714285714287,1.3258415054333423,1.3258415054333423,0.5597313289620982,12506.0,hyperplane_gauss,19106,15,0.25770291057415307,0.29027192015200853,2,virtual,incremental,800,0.08221745014190673,0.9493547216057778,False,low,fast,virtual/incremental/K=2/low/fast/partial/imbalanced/noisy,-0.03319341654700103,0.020269523914724363
scn-11bbbe2daf7e,1055747957,Oracle,0.6699988953937921,0.02454495300025883,2,2.0,2.0,2.0,0.0,0.0,0.0,1.0,1.0,1.0,0.0,401.0,401.0,inf,12506.0,inf,31.18703241895262,0.0,12506.0,hyperplane_gauss,19106,15,0.25770291057415307,0.29027192015200853,2,virtual,incremental,800,0.08221745014190673,0.9493547216057778,False,low,fast,virtual/incremental/K=2/low/fast/partial/imbalanced/noisy,-0.012923892632276668,-0.0
scn-11bbbe2daf7e,1055747958,ADWIN,0.6796641997128023,0.023797634999937145,0,2.0,0.0,0.0,2.0,0.0,0.0,,0.0,0.0,1.0,,,inf,12506.0,,,0.0,12506.0,hyperplane_gauss,19106,15,0.25770291057415307,0.29027192015200853,2,virtual,incremental,800,0.08221745014190673,0.9493547216057778,False,low,fast,virtual/incremental/K=2/low/fast/partial/imbalanced/noisy,0.0,-0.012150668286755706
scn-11bbbe2daf7e,1055747958,KSWIN,0.6658566221142163,3.7445543690000704,3,2.0,3.0,1.0,1.0,2.0,0.0,0.3333333333333333,0.5,0.4,0.5,88.0,88.0,6253.0,6253.0,35.52840909090909,35.52840909090909,0.15992323684631377,12506.0,hyperplane_gauss,19106,15,0.25770291057415307,0.29027192015200853,2,virtual,incremental,800,0.08221745014190673,0.9493547216057778,False,low,fast,virtual/incremental/K=2/low/fast/partial/imbalanced/noisy,-0.013807577598586085,0.001656909311830379
scn-11bbbe2daf7e,1055747958,PageHinkley,0.6654147796310615,0.031106015000204934,3,2.0,3.0,0.0,2.0,3.0,0.0,0.0,0.0,0.0,1.0,,,4168.666666666667,4168.666666666667,,,0.23988485526947065,12506.0,hyperplane_gauss,19106,15,0.25770291057415307,0.29027192015200853,2,virtual,incremental,800,0.08221745014190673,0.9493547216057778,False,low,fast,virtual/incremental/K=2/low/fast/partial/imbalanced/noisy,-0.014249420081740793,0.0020987517949850876
scn-11bbbe2daf7e,1055747958,PageHinkley-up,0.6796641997128023,0.027692174000094383,0,2.0,0.0,0.0,2.0,0.0,0.0,,0.0,0.0,1.0,,,inf,12506.0,,,0.0,12506.0,hyperplane_gauss,19106,15,0.25770291057415307,0.29027192015200853,2,virtual,incremental,800,0.08221745014190673,0.9493547216057778,False,low,fast,virtual/incremental/K=2/low/fast/partial/imbalanced/noisy,0.0,-0.012150668286755706
scn-11bbbe2daf7e,1055747958,DDM,0.6796641997128023,0.02749352999990151,0,2.0,0.0,0.0,2.0,0.0,0.0,,0.0,0.0,1.0,,,inf,12506.0,,,0.0,12506.0,hyperplane_gauss,19106,15,0.25770291057415307,0.29027192015200853,2,virtual,incremental,800,0.08221745014190673,0.9493547216057778,False,low,fast,virtual/incremental/K=2/low/fast/partial/imbalanced/noisy,0.0,-0.012150668286755706
scn-11bbbe2daf7e,1055747958,EDDM,0.6665746161493428,0.043572247000156494,9,2.0,9.0,0.0,2.0,9.0,0.0,0.0,0.0,0.0,1.0,,,1389.5555555555557,1389.5555555555557,,,0.7196545658084119,12506.0,hyperplane_gauss,19106,15,0.25770291057415307,0.29027192015200853,2,virtual,incremental,800,0.08221745014190673,0.9493547216057778,False,low,fast,virtual/incremental/K=2/low/fast/partial/imbalanced/noisy,-0.013089583563459573,0.0009389152767038667
scn-11bbbe2daf7e,1055747958,HDDM_A,0.6796641997128023,0.06560198600027434,0,2.0,0.0,0.0,2.0,0.0,0.0,,0.0,0.0,1.0,,,inf,12506.0,,,0.0,12506.0,hyperplane_gauss,19106,15,0.25770291057415307,0.29027192015200853,2,virtual,incremental,800,0.08221745014190673,0.9493547216057778,False,low,fast,virtual/incremental/K=2/low/fast/partial/imbalanced/noisy,0.0,-0.012150668286755706
scn-11bbbe2daf7e,1055747958,HDDM_W,0.6463050922346184,0.08585600900005375,10,2.0,10.0,2.0,0.0,6.0,2.0,0.2,1.0,0.33333333333333337,0.0,991.0,991.0,2084.3333333333335,2084.3333333333335,2.1032626976118403,2.1032626976118403,0.4797697105389413,12506.0,hyperplane_gauss,19106,15,0.25770291057415307,0.29027192015200853,2,virtual,incremental,800,0.08221745014190673,0.9493547216057778,False,low,fast,virtual/incremental/K=2/low/fast/partial/imbalanced/noisy,-0.033359107478183936,0.02120843919142823
scn-11bbbe2daf7e,1055747958,FHDDM,0.67607422953717,0.025430232000417163,1,2.0,1.0,1.0,1.0,0.0,0.0,1.0,0.5,0.6666666666666666,0.5,1636.0,1636.0,inf,12506.0,inf,3.8221271393643033,0.0,12506.0,hyperplane_gauss,19106,15,0.25770291057415307,0.29027192015200853,2,virtual,incremental,800,0.08221745014190673,0.9493547216057778,False,low,fast,virtual/incremental/K=2/low/fast/partial/imbalanced/noisy,-0.00358997017563234,-0.008560698111123366
scn-11bbbe2daf7e,1055747958,NoDrift,0.6796641997128023,0.019005666999873938,0,2.0,0.0,0.0,2.0,0.0,0.0,,0.0,0.0,1.0,,,inf,12506.0,,,0.0,12506.0,hyperplane_gauss,19106,15,0.25770291057415307,0.29027192015200853,2,virtual,incremental,800,0.08221745014190673,0.9493547216057778,False,low,fast,virtual/incremental/K=2/low/fast/partial/imbalanced/noisy,0.0,-0.012150668286755706
scn-11bbbe2daf7e,1055747958,Periodic(2000),0.6497846017894621,0.020934657999987394,9,2.0,9.0,2.0,0.0,7.0,0.0,0.2222222222222222,1.0,0.3636363636363636,0.0,1347.5,1347.5,1786.5714285714287,1786.5714285714287,1.3258415054333423,1.3258415054333423,0.5597313289620982,12506.0,hyperplane_gauss,19106,15,0.25770291057415307,0.29027192015200853,2,virtual,incremental,800,0.08221745014190673,0.9493547216057778,False,low,fast,virtual/incremental/K=2/low/fast/partial/imbalanced/noisy,-0.029879597923340273,0.017728929636584567
scn-11bbbe2daf7e,1055747958,Oracle,0.6675135314260466,0.022122241000033682,2,2.0,2.0,2.0,0.0,0.0,0.0,1.0,1.0,1.0,0.0,401.0,401.0,inf,12506.0,inf,31.18703241895262,0.0,12506.0,hyperplane_gauss,19106,15,0.25770291057415307,0.29027192015200853,2,virtual,incremental,800,0.08221745014190673,0.9493547216057778,False,low,fast,virtual/incremental/K=2/low/fast/partial/imbalanced/noisy,-0.012150668286755706,-0.0
scn-70ad27796f7e,1490248557,ADWIN,0.9236560493516304,0.02955980600017938,4,5.0,4.0,2.0,3.0,2.0,0.0,0.5,0.4,0.4444444444444445,0.6,1212.5,1212.5,14857.5,14857.5,4.901443298969073,4.901443298969073,0.06730607437321218,29715.0,hyperplane_gauss,40715,3,0.43336618444882335,0.03437180696055293,5,prior,sudden,0,0.27852051734924316,1.0,True,medium,abrupt,prior/sudden/K=5/recurring/medium/abrupt/n/a/balanced/noisy,0.00793151202316511,-0.021654286793402977
scn-70ad27796f7e,1490248557,KSWIN,0.9157245373284653,8.663435489999756,0,5.0,0.0,0.0,5.0,0.0,0.0,,0.0,0.0,1.0,,,inf,29715.0,,,0.0,29715.0,hyperplane_gauss,40715,3,0.43336618444882335,0.03437180696055293,5,prior,sudden,0,0.27852051734924316,1.0,True,medium,abrupt,prior/sudden/K=5/recurring/medium/abrupt/n/a/balanced/noisy,0.0,-0.013722774770237867
scn-70ad27796f7e,1490248557,PageHinkley,0.9067103109656302,0.040438270999857195,7,5.0,7.0,3.0,2.0,3.0,1.0,0.42857142857142855,0.6,0.5,0.4,994.6666666666666,854.0,9905.0,9905.0,5.974865951742627,5.974865951742627,0.10095911155981828,29715.0,hyperplane_gauss,40715,3,0.43336618444882335,0.03437180696055293,5,prior,sudden,0,0.27852051734924316,1.0,True,medium,abrupt,prior/sudden/K=5/recurring/medium/abrupt/n/a/balanced/noisy,-0.00901422636283511,-0.004708548407402757
scn-70ad27796f7e,1490248557,PageHinkley-up,0.9261991690796928,0.038636522999695444,2,5.0,2.0,1.0,4.0,1.0,0.0,0.5,0.2,0.28571428571428575,0.8,646.0,646.0,29715.0,29715.0,9.199690402476778,9.199690402476778,0.03365303718660609,29715.0,hyperplane_gauss,40715,3,0.43336618444882335,0.03437180696055293,5,prior,sudden,0,0.27852051734924316,1.0,True,medium,abrupt,prior/sudden/K=5/recurring/medium/abrupt/n/a/balanced/noisy,0.010474631751227537,-0.024197406521465403
scn-70ad27796f7e,1490248557,DDM,0.9304796676318772,0.03904801299995597,4,5.0,4.0,2.0,3.0,2.0,0.0,0.5,0.4,0.4444444444444445,0.6,759.5,759.5,14857.5,14857.5,7.824884792626728,7.824884792626728,0.06730607437321218,29715.0,hyperplane_gauss,40715,3,0.43336618444882335,0.03437180696055293,5,prior,sudden,0,0.27852051734924316,1.0,True,medium,abrupt,prior/sudden/K=5/recurring/medium/abrupt/n/a/balanced/noisy,0.014755130303411912,-0.02847790507364978
scn-70ad27796f7e,1490248557,EDDM,0.9192496537832053,0.037266306999754306,18,5.0,18.0,1.0,4.0,17.0,0.0,0.05555555555555555,0.2,0.08695652173913045,0.8,37.0,37.0,1747.9411764705883,1747.9411764705883,9.4483306836248,9.4483306836248,0.5721016321723036,29715.0,hyperplane_gauss,40715,3,0.43336618444882335,0.03437180696055293,5,prior,sudden,0,0.27852051734924316,1.0,True,medium,abrupt,prior/sudden/K=5/recurring/medium/abrupt/n/a/balanced/noisy,0.0035251164547400737,-0.01724789122497794
scn-70ad27796f7e,1490248557,HDDM_A,0.9283142389525368,0.1454397180000342,1,5.0,1.0,1.0,4.0,0.0,0.0,1.0,0.2,0.33333333333333337,0.8,817.0,817.0,inf,29715.0,inf,7.274173806609545,0.0,29715.0,hyperplane_gauss,40715,3,0.43336618444882335,0.03437180696055293,5,prior,sudden,0,0.27852051734924316,1.0,True,medium,abrupt,prior/sudden/K=5/recurring/medium/abrupt/n/a/balanced/noisy,0.012589701624071581,-0.026312476394309448
scn-70ad27796f7e,1490248557,HDDM_W,0.9157245373284653,0.11647814500020104,0,5.0,0.0,0.0,5.0,0.0,0.0,,0.0,0.0,1.0,,,inf,29715.0,,,0.0,29715.0,hyperplane_gauss,40715,3,0.43336618444882335,0.03437180696055293,5,prior,sudden,0,0.27852051734924316,1.0,True,medium,abrupt,prior/sudden/K=5/recurring/medium/abrupt/n/a/balanced/noisy,0.0,-0.013722774770237867
scn-70ad27796f7e,1490248557,FHDDM,0.9157245373284653,0.03161454099972616,0,5.0,0.0,0.0,5.0,0.0,0.0,,0.0,0.0,1.0,,,inf,29715.0,,,0.0,29715.0,hyperplane_gauss,40715,3,0.43336618444882335,0.03437180696055293,5,prior,sudden,0,0.27852051734924316,1.0,True,medium,abrupt,prior/sudden/K=5/recurring/medium/abrupt/n/a/balanced/noisy,0.0,-0.013722774770237867
scn-70ad27796f7e,1490248557,NoDrift,0.9157245373284653,0.018479615000160265,0,5.0,0.0,0.0,5.0,0.0,0.0,,0.0,0.0,1.0,,,inf,29715.0,,,0.0,29715.0,hyperplane_gauss,40715,3,0.43336618444882335,0.03437180696055293,5,prior,sudden,0,0.27852051734924316,1.0,True,medium,abrupt,prior/sudden/K=5/recurring/medium/abrupt/n/a/balanced/noisy,0.0,-0.013722774770237867
scn-70ad27796f7e,1490248557,Periodic(2000),0.8979478786352764,0.020591022000189696,19,5.0,19.0,5.0,0.0,14.0,0.0,0.2631578947368421,1.0,0.4166666666666667,0.0,1143.0,1143.0,2122.5,2122.5,1.856955380577428,1.856955380577428,0.4711425206124853,29715.0,hyperplane_gauss,40715,3,0.43336618444882335,0.03437180696055293,5,prior,sudden,0,0.27852051734924316,1.0,True,medium,abrupt,prior/sudden/K=5/recurring/medium/abrupt/n/a/balanced/noisy,-0.017776658693188896,0.004053883922951029
scn-70ad27796f7e,1490248557,Oracle,0.9020017625582274,0.020495084000231145,5,5.0,5.0,5.0,0.0,0.0,0.0,1.0,1.0,1.0,0.0,1.0,1.0,inf,29715.0,inf,29715.0,0.0,29715.0,hyperplane_gauss,40715,3,0.43336618444882335,0.03437180696055293,5,prior,sudden,0,0.27852051734924316,1.0,True,medium,abrupt,prior/sudden/K=5/recurring/medium/abrupt/n/a/balanced/noisy,-0.013722774770237867,-0.0
scn-70ad27796f7e,1490248558,ADWIN,0.9317134583910361,0.030701654000040435,4,5.0,4.0,1.0,4.0,3.0,0.0,0.25,0.2,0.22222222222222224,0.8,1872.0,1872.0,9905.0,9905.0,1.0582264957264955,1.0582264957264955,0.10095911155981828,29715.0,hyperplane_gauss,40715,3,0.43336618444882335,0.03437180696055293,5,prior,sudden,0,0.27852051734924316,1.0,True,medium,abrupt,prior/sudden/K=5/recurring/medium/abrupt/n/a/balanced/noisy,0.01556087120735239,-0.023844894875991396
scn-70ad27796f7e,1490248558,KSWIN,0.9161525871836838,8.654554404999999,0,5.0,0.0,0.0,5.0,0.0,0.0,,0.0,0.0,1.0,,,inf,29715.0,,,0.0,29715.0,hyperplane_gauss,40715,3,0.43336618444882335,0.03437180696055293,5,prior,sudden,0,0.27852051734924316,1.0,True,medium,abrupt,prior/sudden/K=5/recurring/medium/abrupt/n/a/balanced/noisy,0.0,-0.008284023668639007
scn-70ad27796f7e,1490248558,PageHinkley,0.9169583280876243,0.041847920999771304,8,5.0,8.0,1.0,4.0,7.0,0.0,0.125,0.2,0.15384615384615385,0.8,339.0,339.0,4245.0,4245.0,2.504424778761061,2.504424778761061,0.23557126030624265,29715.0,hyperplane_gauss,40715,3,0.43336618444882335,0.03437180696055293,5,prior,sudden,0,0.27852051734924316,1.0,True,medium,abrupt,prior/sudden/K=5/recurring/medium/abrupt/n/a/balanced/noisy,0.0008057409039405883,-0.009089764572579595
scn-70ad27796f7e,1490248558,PageHinkley-up,0.9297746443409292,0.038006420000328944,2,5.0,2.0,0.0,5.0,2.0,0.0,0.0,0.0,0.0,1.0,,,14857.5,14857.5,,,0.06730607437321218,29715.0,hyperplane_gauss,40715,3,0.43336618444882335,0.03437180696055293,5,prior,sudden,0,0.27852051734924316,1.0,True,medium,abrupt,prior/sudden/K=5/recurring/medium/abrupt/n/a/balanced/noisy,0.013622057157245404,-0.02190608082588441
scn-70ad27796f7e,1490248558,DDM,0.9307314616643586,0.03897018999987267,5,5.0,5.0,2.0,3.0,3.0,0.0,0.4,0.4,0.4000000000000001,0.6,380.0,380.0,9905.0,9905.0,10.426315789473684,10.426315789473684,0.10095911155981828,29715.0,hyperplane_gauss,40715,3,0.43336618444882335,0.03437180696055293,5,prior,sudden,0,0.27852051734924316,1.0,True,medium,abrupt,prior/sudden/K=5/recurring/medium/abrupt/n/a/balanced/noisy,0.014578874480674853,-0.02286289814931386
scn-70ad27796f7e,1490248558,EDDM,0.9210877502203197,0.03496508400030507,14,5.0,14.0,2.0,3.0,10.0,2.0,0.14285714285714285,0.4,0.21052631578947364,0.6,727.0,727.0,2971.5,2971.5,1.6349381017881706,1.6349381017881706,0.3365303718660609,29715.0,hyperplane_gauss,40715,3,0.43336618444882335,0.03437180696055293,5,prior,sudden,0,0.27852051734924316,1.0,True,medium,abrupt,prior/sudden/K=5/recurring/medium/abrupt/n/a/balanced/noisy,0.004935163036635992,-0.013219186705274999
scn-70ad27796f7e,1490248558,HDDM_A,0.9377061563640942,0.16705057500030307,2,5.0,2.0,2.0,3.0,0.0,0.0,1.0,0.4,0.5714285714285715,0.6,988.5,988.5,inf,29715.0,inf,12.024279210925647,0.0,29715.0,hyperplane_gauss,40715,3,0.43336618444882335,0.03437180696055293,5,prior,sudden,0,0.27852051734924316,1.0,True,medium,abrupt,prior/sudden/K=5/recurring/medium/abrupt/n/a/balanced/noisy,0.021553569180410403,-0.02983759284904941
scn-70ad27796f7e,1490248558,HDDM_W,0.9161525871836838,0.11666998800001238,0,5.0,0.0,0.0,5.0,0.0,0.0,,0.0,0.0,1.0,,,inf,29715.0,,,0.0,29715.0,hyperplane_gauss,40715,3,0.43336618444882335,0.03437180696055293,5,prior,sudden,0,0.27852051734924316,1.0,True,medium,abrupt,prior/sudden/K=5/recurring/medium/abrupt/n/a/balanced/noisy,0.0,-0.008284023668639007
scn-70ad27796f7e,1490248558,FHDDM,0.9161525871836838,0.03128705800008902,0,5.0,0.0,0.0,5.0,0.0,0.0,,0.0,0.0,1.0,,,inf,29715.0,,,0.0,29715.0,hyperplane_gauss,40715,3,0.43336618444882335,0.03437180696055293,5,prior,sudden,0,0.27852051734924316,1.0,True,medium,abrupt,prior/sudden/K=5/recurring/medium/abrupt/n/a/balanced/noisy,0.0,-0.008284023668639007
scn-70ad27796f7e,1490248558,NoDrift,0.9161525871836838,0.017977027999677375,0,5.0,0.0,0.0,5.0,0.0,0.0,,0.0,0.0,1.0,,,inf,29715.0,,,0.0,29715.0,hyperplane_gauss,40715,3,0.43336618444882335,0.03437180696055293,5,prior,sudden,0,0.27852051734924316,1.0,True,medium,abrupt,prior/sudden/K=5/recurring/medium/abrupt/n/a/balanced/noisy,0.0,-0.008284023668639007
scn-70ad27796f7e,1490248558,Periodic(2000),0.8982500314742541,0.019904512999801227,19,5.0,19.0,5.0,0.0,14.0,0.0,0.2631578947368421,1.0,0.4166666666666667,0.0,1143.0,1143.0,2122.5,2122.5,1.856955380577428,1.856955380577428,0.4711425206124853,29715.0,hyperplane_gauss,40715,3,0.43336618444882335,0.03437180696055293,5,prior,sudden,0,0.27852051734924316,1.0,True,medium,abrupt,prior/sudden/K=5/recurring/medium/abrupt/n/a/balanced/noisy,-0.01790255570942967,0.009618532040790662
scn-70ad27796f7e,1490248558,Oracle,0.9078685635150447,0.01991872999997213,5,5.0,5.0,5.0,0.0,0.0,0.0,1.0,1.0,1.0,0.0,1.0,1.0,inf,29715.0,inf,29715.0,0.0,29715.0,hyperplane_gauss,40715,3,0.43336618444882335,0.03437180696055293,5,prior,sudden,0,0.27852051734924316,1.0,True,medium,abrupt,prior/sudden/K=5/recurring/medium/abrupt/n/a/balanced/noisy,-0.008284023668639007,-0.0
scn-70ad27796f7e,1490248559,ADWIN,0.9251164547400227,0.02955674499980887,6,5.0,6.0,2.0,3.0,4.0,0.0,0.3333333333333333,0.4,0.3636363636363636,0.6,1159.0,1159.0,7428.75,7428.75,2.5638481449525456,2.5638481449525456,0.13461214874642435,29715.0,hyperplane_gauss,40715,3,0.43336618444882335,0.03437180696055293,5,prior,sudden,0,0.27852051734924316,1.0,True,medium,abrupt,prior/sudden/K=5/recurring/medium/abrupt/n/a/balanced/noisy,0.011078937429182978,-0.02006798438877
scn-70ad27796f7e,1490248559,KSWIN,0.9140375173108397,8.489186305000203,0,5.0,0.0,0.0,5.0,0.0,0.0,,0.0,0.0,1.0,,,inf,29715.0,,,0.0,29715.0,hyperplane_gauss,40715,3,0.43336618444882335,0.03437180696055293,5,prior,sudden,0,0.27852051734924316,1.0,True,medium,abrupt,prior/sudden/K=5/recurring/medium/abrupt/n/a/balanced/noisy,0.0,-0.008989046959587021
scn-70ad27796f7e,1490248559,PageHinkley,0.9222963615762306,0.040576471999884234,9,5.0,9.0,1.0,4.0,7.0,1.0,0.1111111111111111,0.2,0.14285714285714285,0.8,620.0,620.0,4245.0,4245.0,1.369354838709677,1.369354838709677,0.23557126030624265,29715.0,hyperplane_gauss,40715,3,0.43336618444882335,0.03437180696055293,5,prior,sudden,0,0.27852051734924316,1.0,True,medium,abrupt,prior/sudden/K=5/recurring/medium/abrupt/n/a/balanced/noisy,0.008258844265390919,-0.01724789122497794
scn-70ad27796f7e,1490248559,PageHinkley-up,0.9308825380838475,0.03864419100000305,3,5.0,3.0,1.0,4.0,2.0,0.0,0.3333333333333333,0.2,0.25,0.8,707.0,707.0,14857.5,14857.5,4.202970297029702,4.202970297029702,0.06730607437321218,29715.0,hyperplane_gauss,40715,3,0.43336618444882335,0.03437180696055293,5,prior,sudden,0,0.27852051734924316,1.0,True,medium,abrupt,prior/sudden/K=5/recurring/medium/abrupt/n/a/balanced/noisy,0.016845020773007757,-0.02583406773259478
scn-70ad27796f7e,1490248559,DDM,0.9349364220067984,0.03840695899998536,5,5.0,5.0,2.0,3.0,3.0,0.0,0.4,0.4,0.4000000000000001,0.6,351.0,351.0,9905.0,9905.0,11.287749287749289,11.287749287749289,0.10095911155981828,29715.0,hyperplane_gauss,40715,3,0.43336618444882335,0.03437180696055293,5,prior,sudden,0,0.27852051734924316,1.0,True,medium,abrupt,prior/sudden/K=5/recurring/medium/abrupt/n/a/balanced/noisy,0.020898904695958676,-0.029887951655545697
scn-70ad27796f7e,1490248559,EDDM,0.930630744051366,0.030935424999825045,7,5.0,7.0,2.0,3.0,3.0,2.0,0.2857142857142857,0.4,0.3333333333333333,0.6,567.5,567.5,9905.0,9905.0,6.981497797356828,6.981497797356828,0.10095911155981828,29715.0,hyperplane_gauss,40715,3,0.43336618444882335,0.03437180696055293,5,prior,sudden,0,0.27852051734924316,1.0,True,medium,abrupt,prior/sudden/K=5/recurring/medium/abrupt/n/a/balanced/noisy,0.016593226740526323,-0.025582273700113345
scn-70ad27796f7e,1490248559,HDDM_A,0.9349867808132947,0.17101250499990783,2,5.0,2.0,1.0,4.0,1.0,0.0,0.5,0.2,0.28571428571428575,0.8,689.0,689.0,29715.0,29715.0,8.6255442670537,8.6255442670537,0.03365303718660609,29715.0,hyperplane_gauss,40715,3,0.43336618444882335,0.03437180696055293,5,prior,sudden,0,0.27852051734924316,1.0,True,medium,abrupt,prior/sudden/K=5/recurring/medium/abrupt/n/a/balanced/noisy,0.020949263502454962,-0.029938310462041984
scn-70ad27796f7e,1490248559,HDDM_W,0.9140375173108397,0.13356347599983565,0,5.0,0.0,0.0,5.0,0.0,0.0,,0.0,0.0,1.0,,,inf,29715.0,,,0.0,29715.0,hyperplane_gauss,40715,3,0.43336618444882335,0.03437180696055293,5,prior,sudden,0,0.27852051734924316,1.0,True,medium,abrupt,prior/sudden/K=5/recurring/medium/abrupt/n/a/balanced/noisy,0.0,-0.008989046959587021
scn-70ad27796f7e,1490248559,FHDDM,0.9140375173108397,0.030826443000023573,0,5.0,0.0,0.0,5.0,0.0,0.0,,0.0,0.0,1.0,,,inf,29715.0,,,0.0,29715.0,hyperplane_gauss,40715,3,0.43336618444882335,0.03437180696055293,5,prior,sudden,0,0.27852051734924316,1.0,True,medium,abrupt,prior/sudden/K=5/recurring/medium/abrupt/n/a/balanced/noisy,0.0,-0.008989046959587021
scn-70ad27796f7e,1490248559,NoDrift,0.9140375173108397,0.01805991899982473,0,5.0,0.0,0.0,5.0,0.0,0.0,,0.0,0.0,1.0,,,inf,29715.0,,,0.0,29715.0,hyperplane_gauss,40715,3,0.43336618444882335,0.03437180696055293,5,prior,sudden,0,0.27852051734924316,1.0,True,medium,abrupt,prior/sudden/K=5/recurring/medium/abrupt/n/a/balanced/noisy,0.0,-0.008989046959587021
scn-70ad27796f7e,1490248559,Periodic(2000),0.8979982374417727,0.019987863000096695,19,5.0,19.0,5.0,0.0,14.0,0.0,0.2631578947368421,1.0,0.4166666666666667,0.0,1143.0,1143.0,2122.5,2122.5,1.856955380577428,1.856955380577428,0.4711425206124853,29715.0,hyperplane_gauss,40715,3,0.43336618444882335,0.03437180696055293,5,prior,sudden,0,0.27852051734924316,1.0,True,medium,abrupt,prior/sudden/K=5/recurring/medium/abrupt/n/a/balanced/noisy,-0.016039279869067058,0.0070502329094800364
scn-70ad27796f7e,1490248559,Oracle,0.9050484703512527,0.019849604000228283,5,5.0,5.0,5.0,0.0,0.0,0.0,1.0,1.0,1.0,0.0,1.0,1.0,inf,29715.0,inf,29715.0,0.0,29715.0,hyperplane_gauss,40715,3,0.43336618444882335,0.03437180696055293,5,prior,sudden,0,0.27852051734924316,1.0,True,medium,abrupt,prior/sudden/K=5/recurring/medium/abrupt/n/a/balanced/noisy,-0.008989046959587021,-0.0
scn-d8bdde535c89,1998737190,ADWIN,0.8462151575879031,0.08569613099962226,1,3.0,1.0,0.0,3.0,1.0,0.0,0.0,0.0,0.0,1.0,,,37567.0,37567.0,,,0.026619107195144674,37567.0,hyperplane_gauss,44912,27,0.22494822461158037,0.08195105893537402,3,prior,gradual,115,0.07301862969994545,1.0,True,low,fast,prior/gradual/K=3/recurring/low/fast/n/a/imbalanced/noisy,-0.009928948806704252,0.00881308070686826
scn-d8bdde535c89,1998737190,KSWIN,0.8561441063946074,9.324089116999858,0,3.0,0.0,0.0,3.0,0.0,0.0,,0.0,0.0,1.0,,,inf,37567.0,,,0.0,37567.0,hyperplane_gauss,44912,27,0.22494822461158037,0.08195105893537402,3,prior,gradual,115,0.07301862969994545,1.0,True,low,fast,prior/gradual/K=3/recurring/low/fast/n/a/imbalanced/noisy,0.0,-0.0011158680998359927
scn-d8bdde535c89,1998737190,PageHinkley,0.8211195117507742,0.14891749199978221,19,3.0,19.0,1.0,2.0,18.0,0.0,0.05263157894736842,0.3333333333333333,0.09090909090909091,0.6666666666666667,1999.0,1999.0,2087.0555555555557,2087.0555555555557,0.34801660089303904,0.34801660089303904,0.47914392951260415,37567.0,hyperplane_gauss,44912,27,0.22494822461158037,0.08195105893537402,3,prior,gradual,115,0.07301862969994545,1.0,True,low,fast,prior/gradual/K=3/recurring/low/fast/n/a/imbalanced/noisy,-0.03502459464383312,0.033908726543997125
scn-d8bdde535c89,1998737190,PageHinkley-up,0.8545727819274913,0.11377498399997421,3,3.0,3.0,1.0,2.0,2.0,0.0,0.3333333333333333,0.3333333333333333,0.3333333333333333,0.6666666666666667,454.0,454.0,18783.5,18783.5,13.791116005873713,13.791116005873713,0.05323821439028935,37567.0,hyperplane_gauss,44912,27,0.22494822461158037,0.08195105893537402,3,prior,gradual,115,0.07301862969994545,1.0,True,low,fast,prior/gradual/K=3/recurring/low/fast/n/a/imbalanced/noisy,-0.0015713244671160531,0.00045545636728006045
scn-d8bdde535c89,1998737190,DDM,0.8561441063946074,0.09542341200040028,0,3.0,0.0,0.0,3.0,0.0,0.0,,0.0,0.0,1.0,,,inf,37567.0,,,0.0,37567.0,hyperplane_gauss,44912,27,0.22494822461158037,0.08195105893537402,3,prior,gradual,115,0.07301862969994545,1.0,True,low,fast,prior/gradual/K=3/recurring/low/fast/n/a/imbalanced/noisy,0.0,-0.0011158680998359927
scn-d8bdde535c89,1998737190,EDDM,0.8570322463108034,0.11267077499996958,3,3.0,3.0,0.0,3.0,3.0,0.0,0.0,0.0,0.0,1.0,,,12522.333333333334,12522.333333333334,,,0.07985732158543403,37567.0,hyperplane_gauss,44912,27,0.22494822461158037,0.08195105893537402,3,prior,gradual,115,0.07301862969994545,1.0,True,low,fast,prior/gradual/K=3/recurring/low/fast/n/a/imbalanced/noisy,0.0008881399161960735,-0.002004008016032066
scn-d8bdde535c89,1998737190,HDDM_A,0.8561441063946074,0.20242784099991695,0,3.0,0.0,0.0,3.0,0.0,0.0,,0.0,0.0,1.0,,,inf,37567.0,,,0.0,37567.0,hyperplane_gauss,44912,27,0.22494822461158037,0.08195105893537402,3,prior,gradual,115,0.07301862969994545,1.0,True,low,fast,prior/gradual/K=3/recurring/low/fast/n/a/imbalanced/noisy,0.0,-0.0011158680998359927
scn-d8bdde535c89,1998737190,HDDM_W,0.8561441063946074,0.2090243620000365,0,3.0,0.0,0.0,3.0,0.0,0.0,,0.0,0.0,1.0,,,inf,37567.0,,,0.0,37567.0,hyperplane_gauss,44912,27,0.22494822461158037,0.08195105893537402,3,prior,gradual,115,0.07301862969994545,1.0,True,low,fast,prior/gradual/K=3/recurring/low/fast/n/a/imbalanced/noisy,0.0,-0.0011158680998359927
scn-d8bdde535c89,1998737190,FHDDM,0.8561441063946074,0.08871037700009765,0,3.0,0.0,0.0,3.0,0.0,0.0,,0.0,0.0,1.0,,,inf,37567.0,,,0.0,37567.0,hyperplane_gauss,44912,27,0.22494822461158037,0.08195105893537402,3,prior,gradual,115,0.07301862969994545,1.0,True,low,fast,prior/gradual/K=3/recurring/low/fast/n/a/imbalanced/noisy,0.0,-0.0011158680998359927
scn-d8bdde535c89,1998737190,NoDrift,0.8561441063946074,0.07255739299989727,0,3.0,0.0,0.0,3.0,0.0,0.0,,0.0,0.0,1.0,,,inf,37567.0,,,0.0,37567.0,hyperplane_gauss,44912,27,0.22494822461158037,0.08195105893537402,3,prior,gradual,115,0.07301862969994545,1.0,True,low,fast,prior/gradual/K=3/recurring/low/fast/n/a/imbalanced/noisy,0.0,-0.0011158680998359927
scn-d8bdde535c89,1998737190,Periodic(2000),0.8202996902896702,0.07830420200025401,21,3.0,21.0,3.0,0.0,18.0,0.0,0.14285714285714285,1.0,0.25,0.0,1102.0,1102.0,2087.0555555555557,2087.0555555555557,1.8938798144787257,1.8938798144787257,0.47914392951260415,37567.0,hyperplane_gauss,44912,27,0.22494822461158037,0.08195105893537402,3,prior,gradual,115,0.07301862969994545,1.0,True,low,fast,prior/gradual/K=3/recurring/low/fast/n/a/imbalanced/noisy,-0.03584441610493716,0.03472854800510117
scn-d8bdde535c89,1998737190,Oracle,0.8550282382947714,0.098620297999787,3,3.0,3.0,3.0,0.0,0.0,0.0,1.0,1.0,1.0,0.0,58.0,58.0,inf,37567.0,inf,647.7068965517242,0.0,37567.0,hyperplane_gauss,44912,27,0.22494822461158037,0.08195105893537402,3,prior,gradual,115,0.07301862969994545,1.0,True,low,fast,prior/gradual/K=3/recurring/low/fast/n/a/imbalanced/noisy,-0.0011158680998359927,-0.0
scn-d8bdde535c89,1998737191,ADWIN,0.8490389870650392,0.09428429099989444,1,3.0,1.0,1.0,2.0,0.0,0.0,1.0,0.3333333333333333,0.5,0.6666666666666667,1790.0,1790.0,inf,37567.0,inf,6.995716945996275,0.0,37567.0,hyperplane_gauss,44912,27,0.22494822461158037,0.08195105893537402,3,prior,gradual,115,0.07301862969994545,1.0,True,low,fast,prior/gradual/K=3/recurring/low/fast/n/a/imbalanced/noisy,-0.009268537074148209,0.00956458371288027
scn-d8bdde535c89,1998737191,KSWIN,0.8583075241391874,9.711801515999923,0,3.0,0.0,0.0,3.0,0.0,0.0,,0.0,0.0,1.0,,,inf,37567.0,,,0.0,37567.0,hyperplane_gauss,44912,27,0.22494822461158037,0.08195105893537402,3,prior,gradual,115,0.07301862969994545,1.0,True,low,fast,prior/gradual/K=3/recurring/low/fast/n/a/imbalanced/noisy,0.0,0.0002960466387320615
scn-d8bdde535c89,1998737191,PageHinkley,0.8265849881581344,0.1462208930001907,18,3.0,18.0,1.0,2.0,16.0,1.0,0.05555555555555555,0.3333333333333333,0.09523809523809525,0.6666666666666667,122.0,122.0,2347.9375,2347.9375,6.415129781420764,6.415129781420764,0.4259057151223148,37567.0,hyperplane_gauss,44912,27,0.22494822461158037,0.08195105893537402,3,prior,gradual,115,0.07301862969994545,1.0,True,low,fast,prior/gradual/K=3/recurring/low/fast/n/a/imbalanced/noisy,-0.03172253598105301,0.032018582619785074
scn-d8bdde535c89,1998737191,PageHinkley-up,0.8578065221351795,0.10573313799977768,1,3.0,1.0,1.0,2.0,0.0,0.0,1.0,0.3333333333333333,0.5,0.6666666666666667,1330.0,1330.0,inf,37567.0,inf,9.415288220551377,0.0,37567.0,hyperplane_gauss,44912,27,0.22494822461158037,0.08195105893537402,3,prior,gradual,115,0.07301862969994545,1.0,True,low,fast,prior/gradual/K=3/recurring/low/fast/n/a/imbalanced/noisy,-0.0005010020040079333,0.0007970486427399948
scn-d8bdde535c89,1998737191,DDM,0.8589223902350155,0.10434455899985551,2,3.0,2.0,0.0,3.0,2.0,0.0,0.0,0.0,0.0,1.0,,,18783.5,18783.5,,,0.05323821439028935,37567.0,hyperplane_gauss,44912,27,0.22494822461158037,0.08195105893537402,3,prior,gradual,115,0.07301862969994545,1.0,True,low,fast,prior/gradual/K=3/recurring/low/fast/n/a/imbalanced/noisy,0.0006148660958280594,-0.0003188194570959979
scn-d8bdde535c89,1998737191,EDDM,0.8595144835124795,0.09991872099999455,3,3.0,3.0,0.0,3.0,3.0,0.0,0.0,0.0,0.0,1.0,,,12522.333333333334,12522.333333333334,,,0.07985732158543403,37567.0,hyperplane_gauss,44912,27,0.22494822461158037,0.08195105893537402,3,prior,gradual,115,0.07301862969994545,1.0,True,low,fast,prior/gradual/K=3/recurring/low/fast/n/a/imbalanced/noisy,0.0012069593732920714,-0.0009109127345600099
scn-d8bdde535c89,1998737191,HDDM_A,0.8583075241391874,0.20741985699987708,0,3.0,0.0,0.0,3.0,0.0,0.0,,0.0,0.0,1.0,,,inf,37567.0,,,0.0,37567.0,hyperplane_gauss,44912,27,0.22494822461158037,0.08195105893537402,3,prior,gradual,115,0.07301862969994545,1.0,True,low,fast,prior/gradual/K=3/recurring/low/fast/n/a/imbalanced/noisy,0.0,0.0002960466387320615
scn-d8bdde535c89,1998737191,HDDM_W,0.8583075241391874,0.1891220269999394,0,3.0,0.0,0.0,3.0,0.0,0.0,,0.0,0.0,1.0,,,inf,37567.0,,,0.0,37567.0,hyperplane_gauss,44912,27,0.22494822461158037,0.08195105893537402,3,prior,gradual,115,0.07301862969994545,1.0,True,low,fast,prior/gradual/K=3/recurring/low/fast/n/a/imbalanced/noisy,0.0,0.0002960466387320615
scn-d8bdde535c89,1998737191,FHDDM,0.8583075241391874,0.09470713900009287,0,3.0,0.0,0.0,3.0,0.0,0.0,,0.0,0.0,1.0,,,inf,37567.0,,,0.0,37567.0,hyperplane_gauss,44912,27,0.22494822461158037,0.08195105893537402,3,prior,gradual,115,0.07301862969994545,1.0,True,low,fast,prior/gradual/K=3/recurring/low/fast/n/a/imbalanced/noisy,0.0,0.0002960466387320615
scn-d8bdde535c89,1998737191,NoDrift,0.8583075241391874,0.08001685199997155,0,3.0,0.0,0.0,3.0,0.0,0.0,,0.0,0.0,1.0,,,inf,37567.0,,,0.0,37567.0,hyperplane_gauss,44912,27,0.22494822461158037,0.08195105893537402,3,prior,gradual,115,0.07301862969994545,1.0,True,low,fast,prior/gradual/K=3/recurring/low/fast/n/a/imbalanced/noisy,0.0,0.0002960466387320615
scn-d8bdde535c89,1998737191,Periodic(2000),0.8231007469484424,0.08431050400031381,21,3.0,21.0,3.0,0.0,18.0,0.0,0.14285714285714285,1.0,0.25,0.0,1102.0,1102.0,2087.0555555555557,2087.0555555555557,1.8938798144787257,1.8938798144787257,0.47914392951260415,37567.0,hyperplane_gauss,44912,27,0.22494822461158037,0.08195105893537402,3,prior,gradual,115,0.07301862969994545,1.0,True,low,fast,prior/gradual/K=3/recurring/low/fast/n/a/imbalanced/noisy,-0.03520677719074505,0.035502823829477115
scn-d8bdde535c89,1998737191,Oracle,0.8586035707779195,0.08959835799987559,3,3.0,3.0,3.0,0.0,0.0,0.0,1.0,1.0,1.0,0.0,58.0,58.0,inf,37567.0,inf,647.7068965517242,0.0,37567.0,hyperplane_gauss,44912,27,0.22494822461158037,0.08195105893537402,3,prior,gradual,115,0.07301862969994545,1.0,True,low,fast,prior/gradual/K=3/recurring/low/fast/n/a/imbalanced/noisy,0.0002960466387320615,-0.0
scn-d8bdde535c89,1998737192,ADWIN,0.8526143195481873,0.08768204899979537,1,3.0,1.0,0.0,3.0,1.0,0.0,0.0,0.0,0.0,1.0,,,37567.0,37567.0,,,0.026619107195144674,37567.0,hyperplane_gauss,44912,27,0.22494822461158037,0.08195105893537402,3,prior,gradual,115,0.07301862969994545,1.0,True,low,fast,prior/gradual/K=3/recurring/low/fast/n/a/imbalanced/noisy,-0.008608125341592165,0.006513026052104132
scn-d8bdde535c89,1998737192,KSWIN,0.8612224448897795,9.581392408999818,0,3.0,0.0,0.0,3.0,0.0,0.0,,0.0,0.0,1.0,,,inf,37567.0,,,0.0,37567.0,hyperplane_gauss,44912,27,0.22494822461158037,0.08195105893537402,3,prior,gradual,115,0.07301862969994545,1.0,True,low,fast,prior/gradual/K=3/recurring/low/fast/n/a/imbalanced/noisy,0.0,-0.002095099289488034
scn-d8bdde535c89,1998737192,PageHinkley,0.8353525232282747,0.12341139499994824,13,3.0,13.0,1.0,2.0,11.0,1.0,0.07692307692307693,0.3333333333333333,0.125,0.6666666666666667,876.0,876.0,3415.181818181818,3415.181818181818,1.2995364604953643,1.2995364604953643,0.2928101791465914,37567.0,hyperplane_gauss,44912,27,0.22494822461158037,0.08195105893537402,3,prior,gradual,115,0.07301862969994545,1.0,True,low,fast,prior/gradual/K=3/recurring/low/fast/n/a/imbalanced/noisy,-0.025869921661504813,0.02377482237201678
scn-d8bdde535c89,1998737192,PageHinkley-up,0.8616779012570596,0.09726028700015377,1,3.0,1.0,1.0,2.0,0.0,0.0,1.0,0.3333333333333333,0.5,0.6666666666666667,406.0,406.0,inf,37567.0,inf,30.843185550082094,0.0,37567.0,hyperplane_gauss,44912,27,0.22494822461158037,0.08195105893537402,3,prior,gradual,115,0.07301862969994545,1.0,True,low,fast,prior/gradual/K=3/recurring/low/fast/n/a/imbalanced/noisy,0.00045545636728006045,-0.0025505556567680943
scn-d8bdde535c89,1998737192,DDM,0.8619511750774276,0.09690056500039645,1,3.0,1.0,0.0,3.0,1.0,0.0,0.0,0.0,0.0,1.0,,,37567.0,37567.0,,,0.026619107195144674,37567.0,hyperplane_gauss,44912,27,0.22494822461158037,0.08195105893537402,3,prior,gradual,115,0.07301862969994545,1.0,True,low,fast,prior/gradual/K=3/recurring/low/fast/n/a/imbalanced/noisy,0.0007287301876480745,-0.0028238294771361083
scn-d8bdde535c89,1998737192,EDDM,0.8607669885224996,0.09606579399996917,4,3.0,4.0,0.0,3.0,4.0,0.0,0.0,0.0,0.0,1.0,,,9391.75,9391.75,,,0.1064764287805787,37567.0,hyperplane_gauss,44912,27,0.22494822461158037,0.08195105893537402,3,prior,gradual,115,0.07301862969994545,1.0,True,low,fast,prior/gradual/K=3/recurring/low/fast/n/a/imbalanced/noisy,-0.0004554563672799494,-0.0016396429222080844
scn-d8bdde535c89,1998737192,HDDM_A,0.8612224448897795,0.1893782080001074,0,3.0,0.0,0.0,3.0,0.0,0.0,,0.0,0.0,1.0,,,inf,37567.0,,,0.0,37567.0,hyperplane_gauss,44912,27,0.22494822461158037,0.08195105893537402,3,prior,gradual,115,0.07301862969994545,1.0,True,low,fast,prior/gradual/K=3/recurring/low/fast/n/a/imbalanced/noisy,0.0,-0.002095099289488034
scn-d8bdde535c89,1998737192,HDDM_W,0.8630214975405356,0.1835223909997694,1,3.0,1.0,0.0,3.0,1.0,0.0,0.0,0.0,0.0,1.0,,,37567.0,37567.0,,,0.026619107195144674,37567.0,hyperplane_gauss,44912,27,0.22494822461158037,0.08195105893537402,3,prior,gradual,115,0.07301862969994545,1.0,True,low,fast,prior/gradual/K=3/recurring/low/fast/n/a/imbalanced/noisy,0.0017990526507560833,-0.003894151940244117
scn-d8bdde535c89,1998737192,FHDDM,0.8612224448897795,0.09019713099996807,0,3.0,0.0,0.0,3.0,0.0,0.0,,0.0,0.0,1.0,,,inf,37567.0,,,0.0,37567.0,hyperplane_gauss,44912,27,0.22494822461158037,0.08195105893537402,3,prior,gradual,115,0.07301862969994545,1.0,True,low,fast,prior/gradual/K=3/recurring/low/fast/n/a/imbalanced/noisy,0.0,-0.002095099289488034
scn-d8bdde535c89,1998737192,NoDrift,0.8612224448897795,0.07420428500017806,0,3.0,0.0,0.0,3.0,0.0,0.0,,0.0,0.0,1.0,,,inf,37567.0,,,0.0,37567.0,hyperplane_gauss,44912,27,0.22494822461158037,0.08195105893537402,3,prior,gradual,115,0.07301862969994545,1.0,True,low,fast,prior/gradual/K=3/recurring/low/fast/n/a/imbalanced/noisy,0.0,-0.002095099289488034
scn-d8bdde535c89,1998737192,Periodic(2000),0.8266077609764985,0.08249300900024537,21,3.0,21.0,3.0,0.0,18.0,0.0,0.14285714285714285,1.0,0.25,0.0,1102.0,1102.0,2087.0555555555557,2087.0555555555557,1.8938798144787257,1.8938798144787257,0.47914392951260415,37567.0,hyperplane_gauss,44912,27,0.22494822461158037,0.08195105893537402,3,prior,gradual,115,0.07301862969994545,1.0,True,low,fast,prior/gradual/K=3/recurring/low/fast/n/a/imbalanced/noisy,-0.03461468391328104,0.03251958462379301
scn-d8bdde535c89,1998737192,Oracle,0.8591273456002915,0.10082766100003937,3,3.0,3.0,3.0,0.0,0.0,0.0,1.0,1.0,1.0,0.0,58.0,58.0,inf,37567.0,inf,647.7068965517242,0.0,37567.0,hyperplane_gauss,44912,27,0.22494822461158037,0.08195105893537402,3,prior,gradual,115,0.07301862969994545,1.0,True,low,fast,prior/gradual/K=3/recurring/low/fast/n/a/imbalanced/noisy,-0.002095099289488034,-0.0
scn-39d779fb7d71,582590119,ADWIN,0.728030833917309,0.016011975999845163,4,5.0,4.0,4.0,1.0,0.0,0.0,1.0,0.8,0.888888888888889,0.19999999999999996,672.0,669.0,inf,970.0,inf,1.1547619047619049,0.0,970.0,hyperplane_gauss,15270,6,0.41514424337074163,0.2051148885861039,5,real,gradual,660,0.35850084081292155,0.9932925036797922,False,high,fast,real/gradual/K=5/high/fast/partial/balanced/noisy,0.11814996496145758,0.0185704274702172
scn-39d779fb7d71,582590119,KSWIN,0.6740714786264891,3.0711655840000276,2,5.0,2.0,2.0,3.0,0.0,0.0,1.0,0.4,0.5714285714285715,0.6,1243.5,1243.5,inf,970.0,inf,0.3120225170888621,0.0,970.0,hyperplane_gauss,15270,6,0.41514424337074163,0.2051148885861039,5,real,gradual,660,0.35850084081292155,0.9932925036797922,False,high,fast,real/gradual/K=5/high/fast/partial/balanced/noisy,0.06419060967063761,0.07252978276103716
scn-39d779fb7d71,582590119,PageHinkley,0.7119831814996496,0.02176459900010741,6,5.0,6.0,4.0,1.0,0.0,2.0,0.6666666666666666,0.8,0.7272727272727272,0.19999999999999996,1268.5,1077.5,inf,970.0,inf,0.6117461568782027,0.0,970.0,hyperplane_gauss,15270,6,0.41514424337074163,0.2051148885861039,5,real,gradual,660,0.35850084081292155,0.9932925036797922,False,high,fast,real/gradual/K=5/high/fast/partial/balanced/noisy,0.10210231254379809,0.034618079887876685
scn-39d779fb7d71,582590119,PageHinkley-up,0.7293622985283812,0.019282972999917547,4,5.0,4.0,4.0,1.0,0.0,0.0,1.0,0.8,0.888888888888889,0.19999999999999996,657.5,670.5,inf,970.0,inf,1.1802281368821292,0.0,970.0,hyperplane_gauss,15270,6,0.41514424337074163,0.2051148885861039,5,real,gradual,660,0.35850084081292155,0.9932925036797922,False,high,fast,real/gradual/K=5/high/fast/partial/balanced/noisy,0.11948142957252972,0.017238962859145057
scn-39d779fb7d71,582590119,DDM,0.7409250175192712,0.01958481599967854,5,5.0,5.0,5.0,0.0,0.0,0.0,1.0,1.0,1.0,0.0,547.2,631.0,inf,970.0,inf,1.77266081871345,0.0,970.0,hyperplane_gauss,15270,6,0.41514424337074163,0.2051148885861039,5,real,gradual,660,0.35850084081292155,0.9932925036797922,False,high,fast,real/gradual/K=5/high/fast/partial/balanced/noisy,0.13104414856341973,0.005676243868255049
scn-39d779fb7d71,582590119,EDDM,0.7347582340574632,0.024218635000124777,11,5.0,11.0,5.0,0.0,0.0,6.0,0.45454545454545453,1.0,0.625,0.0,608.4,700.0,inf,970.0,inf,1.594345825115056,0.0,970.0,hyperplane_gauss,15270,6,0.41514424337074163,0.2051148885861039,5,real,gradual,660,0.35850084081292155,0.9932925036797922,False,high,fast,real/gradual/K=5/high/fast/partial/balanced/noisy,0.12487736510161174,0.011843027330063038
scn-39d779fb7d71,582590119,HDDM_A,0.7284512964260687,0.060865953999837075,4,5.0,4.0,4.0,1.0,0.0,0.0,1.0,0.8,0.888888888888889,0.19999999999999996,636.25,698.0,inf,970.0,inf,1.219646365422397,0.0,970.0,hyperplane_gauss,15270,6,0.41514424337074163,0.2051148885861039,5,real,gradual,660,0.35850084081292155,0.9932925036797922,False,high,fast,real/gradual/K=5/high/fast/partial/balanced/noisy,0.11857042747021718,0.0181499649614576
scn-39d779fb7d71,582590119,HDDM_W,0.7360196215837421,0.05430848199966931,4,5.0,4.0,4.0,1.0,0.0,0.0,1.0,0.8,0.888888888888889,0.19999999999999996,455.25,491.5,inf,970.0,inf,1.7045579352004392,0.0,970.0,hyperplane_gauss,15270,6,0.41514424337074163,0.2051148885861039,5,real,gradual,660,0.35850084081292155,0.9932925036797922,False,high,fast,real/gradual/K=5/high/fast/partial/balanced/noisy,0.12613875262789065,0.010581639803784126
scn-39d779fb7d71,582590119,FHDDM,0.7313945339873861,0.016986798999823804,4,5.0,4.0,4.0,1.0,0.0,0.0,1.0,0.8,0.888888888888889,0.19999999999999996,525.25,527.0,inf,970.0,inf,1.4773917182294145,0.0,970.0,hyperplane_gauss,15270,6,0.41514424337074163,0.2051148885861039,5,real,gradual,660,0.35850084081292155,0.9932925036797922,False,high,fast,real/gradual/K=5/high/fast/partial/balanced/noisy,0.1215136650315346,0.015206727400140174
scn-39d779fb7d71,582590119,NoDrift,0.6098808689558515,0.009426047000033577,0,5.0,0.0,0.0,5.0,0.0,0.0,,0.0,0.0,1.0,,,inf,970.0,,,0.0,970.0,hyperplane_gauss,15270,6,0.41514424337074163,0.2051148885861039,5,real,gradual,660,0.35850084081292155,0.9932925036797922,False,high,fast,real/gradual/K=5/high/fast/partial/balanced/noisy,0.0,0.13672039243167478
scn-39d779fb7d71,582590119,Periodic(2000),0.7180098107918711,0.010454908999690815,7,5.0,7.0,5.0,0.0,0.0,2.0,0.7142857142857143,1.0,0.8333333333333333,0.0,995.0,1049.0,inf,970.0,inf,0.9748743718592965,0.0,970.0,hyperplane_gauss,15270,6,0.41514424337074163,0.2051148885861039,5,real,gradual,660,0.35850084081292155,0.9932925036797922,False,high,fast,real/gradual/K=5/high/fast/partial/balanced/noisy,0.10812894183601962,0.028591450595655155
scn-39d779fb7d71,582590119,Oracle,0.7466012613875262,0.01296348300002137,5,5.0,5.0,5.0,0.0,0.0,0.0,1.0,1.0,1.0,0.0,331.0,331.0,inf,970.0,inf,2.930513595166163,0.0,970.0,hyperplane_gauss,15270,6,0.41514424337074163,0.2051148885861039,5,real,gradual,660,0.35850084081292155,0.9932925036797922,False,high,fast,real/gradual/K=5/high/fast/partial/balanced/noisy,0.13672039243167478,-0.0
scn-39d779fb7d71,582590120,ADWIN,0.7111422564821304,0.017288333000124112,4,5.0,4.0,4.0,1.0,0.0,0.0,1.0,0.8,0.888888888888889,0.19999999999999996,760.0,768.0,inf,970.0,inf,1.0210526315789474,0.0,970.0,hyperplane_gauss,15270,6,0.41514424337074163,0.2051148885861039,5,real,gradual,660,0.35850084081292155,0.9932925036797922,False,high,fast,real/gradual/K=5/high/fast/partial/balanced/noisy,0.10644709180098111,0.024386825508058818
scn-39d779fb7d71,582590120,KSWIN,0.6484232655921514,2.9981438999998318,1,5.0,1.0,1.0,4.0,0.0,0.0,1.0,0.2,0.33333333333333337,0.8,1516.0,1516.0,inf,970.0,inf,0.12796833773087068,0.0,970.0,hyperplane_gauss,15270,6,0.41514424337074163,0.2051148885861039,5,real,gradual,660,0.35850084081292155,0.9932925036797922,False,high,fast,real/gradual/K=5/high/fast/partial/balanced/noisy,0.0437281009110021,0.08710581639803783
scn-39d779fb7d71,582590120,PageHinkley,0.7072179397337071,0.022347248000187392,9,5.0,9.0,5.0,0.0,1.0,3.0,0.5555555555555556,1.0,0.7142857142857143,0.0,1303.6,982.0,970.0,970.0,0.7440932801472845,0.7440932801472845,1.0309278350515463,970.0,hyperplane_gauss,15270,6,0.41514424337074163,0.2051148885861039,5,real,gradual,660,0.35850084081292155,0.9932925036797922,False,high,fast,real/gradual/K=5/high/fast/partial/balanced/noisy,0.1025227750525578,0.028311142256482125
scn-39d779fb7d71,582590120,PageHinkley-up,0.7262789067974772,0.020399765000092884,5,5.0,5.0,5.0,0.0,0.0,0.0,1.0,1.0,1.0,0.0,745.4,705.0,inf,970.0,inf,1.301314730346123,0.0,970.0,hyperplane_gauss,15270,6,0.41514424337074163,0.2051148885861039,5,real,gradual,660,0.35850084081292155,0.9932925036797922,False,high,fast,real/gradual/K=5/high/fast/partial/balanced/noisy,0.12158374211632794,0.009250175192711985
scn-39d779fb7d71,582590120,DDM,0.7298528381219341,0.019166126000072836,5,5.0,5.0,5.0,0.0,0.0,0.0,1.0,1.0,1.0,0.0,623.0,661.0,inf,970.0,inf,1.5569823434991974,0.0,970.0,hyperplane_gauss,15270,6,0.41514424337074163,0.2051148885861039,5,real,gradual,660,0.35850084081292155,0.9932925036797922,False,high,fast,real/gradual/K=5/high/fast/partial/balanced/noisy,0.12515767344078488,0.005676243868255049
scn-39d779fb7d71,582590120,EDDM,0.7084092501751927,0.02385259299990139,12,5.0,12.0,5.0,0.0,0.0,7.0,0.4166666666666667,1.0,0.5882352941176471,0.0,729.8,875.0,inf,970.0,inf,1.3291312688407784,0.0,970.0,hyperplane_gauss,15270,6,0.41514424337074163,0.2051148885861039,5,real,gradual,660,0.35850084081292155,0.9932925036797922,False,high,fast,real/gradual/K=5/high/fast/partial/balanced/noisy,0.10371408549404348,0.027119831814996442
scn-39d779fb7d71,582590120,HDDM_A,0.7306236860546601,0.06561051500011672,5,5.0,5.0,5.0,0.0,0.0,0.0,1.0,1.0,1.0,0.0,502.2,615.0,inf,970.0,inf,1.9315013938669854,0.0,970.0,hyperplane_gauss,15270,6,0.41514424337074163,0.2051148885861039,5,real,gradual,660,0.35850084081292155,0.9932925036797922,False,high,fast,real/gradual/K=5/high/fast/partial/balanced/noisy,0.12592852137351085,0.004905395935529078
scn-39d779fb7d71,582590120,HDDM_W,0.7339873861247372,0.0606971639999756,6,5.0,6.0,5.0,0.0,0.0,1.0,0.8333333333333334,1.0,0.9090909090909091,0.0,364.6,322.0,inf,970.0,inf,2.6604498080087766,0.0,970.0,hyperplane_gauss,15270,6,0.41514424337074163,0.2051148885861039,5,real,gradual,660,0.35850084081292155,0.9932925036797922,False,high,fast,real/gradual/K=5/high/fast/partial/balanced/noisy,0.12929222144358798,0.001541695865451942
scn-39d779fb7d71,582590120,FHDDM,0.7246671338472319,0.018342501999995875,5,5.0,5.0,5.0,0.0,0.0,0.0,1.0,1.0,1.0,0.0,679.4,597.0,inf,970.0,inf,1.4277303503090963,0.0,970.0,hyperplane_gauss,15270,6,0.41514424337074163,0.2051148885861039,5,real,gradual,660,0.35850084081292155,0.9932925036797922,False,high,fast,real/gradual/K=5/high/fast/partial/balanced/noisy,0.11997196916608266,0.010861948142957267
scn-39d779fb7d71,582590120,NoDrift,0.6046951646811493,0.009178568000152154,0,5.0,0.0,0.0,5.0,0.0,0.0,,0.0,0.0,1.0,,,inf,970.0,,,0.0,970.0,hyperplane_gauss,15270,6,0.41514424337074163,0.2051148885861039,5,real,gradual,660,0.35850084081292155,0.9932925036797922,False,high,fast,real/gradual/K=5/high/fast/partial/balanced/noisy,0.0,0.13083391730903993
scn-39d779fb7d71,582590120,Periodic(2000),0.7088997897687456,0.010499305999928765,7,5.0,7.0,5.0,0.0,0.0,2.0,0.7142857142857143,1.0,0.8333333333333333,0.0,995.0,1049.0,inf,970.0,inf,0.9748743718592965,0.0,970.0,hyperplane_gauss,15270,6,0.41514424337074163,0.2051148885861039,5,real,gradual,660,0.35850084081292155,0.9932925036797922,False,high,fast,real/gradual/K=5/high/fast/partial/balanced/noisy,0.10420462508759631,0.026629292221443612
scn-39d779fb7d71,582590120,Oracle,0.7355290819901892,0.012893309999981284,5,5.0,5.0,5.0,0.0,0.0,0.0,1.0,1.0,1.0,0.0,331.0,331.0,inf,970.0,inf,2.930513595166163,0.0,970.0,hyperplane_gauss,15270,6,0.41514424337074163,0.2051148885861039,5,real,gradual,660,0.35850084081292155,0.9932925036797922,False,high,fast,real/gradual/K=5/high/fast/partial/balanced/noisy,0.13083391730903993,-0.0
scn-39d779fb7d71,582590121,ADWIN,0.7000700770847933,0.019160542999998142,4,5.0,4.0,4.0,1.0,0.0,0.0,1.0,0.8,0.888888888888889,0.19999999999999996,960.0,845.0,inf,970.0,inf,0.8083333333333335,0.0,970.0,hyperplane_gauss,15270,6,0.41514424337074163,0.2051148885861039,5,real,gradual,660,0.35850084081292155,0.9932925036797922,False,high,fast,real/gradual/K=5/high/fast/partial/balanced/noisy,0.09208128941836025,0.03763139453398734
scn-39d779fb7d71,582590121,KSWIN,0.6680448493342677,2.9002576100001534,3,5.0,3.0,3.0,2.0,0.0,0.0,1.0,0.6,0.7499999999999999,0.4,2068.6666666666665,2212.0,inf,970.0,inf,0.28134063809216886,0.0,970.0,hyperplane_gauss,15270,6,0.41514424337074163,0.2051148885861039,5,real,gradual,660,0.35850084081292155,0.9932925036797922,False,high,fast,real/gradual/K=5/high/fast/partial/balanced/noisy,0.060056061667834615,0.06965662228451297
scn-39d779fb7d71,582590121,PageHinkley,0.7070077084793273,0.02049952100014707,9,5.0,9.0,5.0,0.0,2.0,2.0,0.5555555555555556,1.0,0.7142857142857143,0.0,1474.8,1439.0,485.0,485.0,0.3288581502576621,0.3288581502576621,2.0618556701030926,970.0,hyperplane_gauss,15270,6,0.41514424337074163,0.2051148885861039,5,real,gradual,660,0.35850084081292155,0.9932925036797922,False,high,fast,real/gradual/K=5/high/fast/partial/balanced/noisy,0.0990189208128942,0.03069376313945338
scn-39d779fb7d71,582590121,PageHinkley-up,0.7201822004204625,0.019645227999717463,5,5.0,5.0,5.0,0.0,0.0,0.0,1.0,1.0,1.0,0.0,770.4,797.0,inf,970.0,inf,1.2590861889927312,0.0,970.0,hyperplane_gauss,15270,6,0.41514424337074163,0.2051148885861039,5,real,gradual,660,0.35850084081292155,0.9932925036797922,False,high,fast,real/gradual/K=5/high/fast/partial/balanced/noisy,0.1121934127540295,0.017519271198318087
scn-39d779fb7d71,582590121,DDM,0.7189908899789769,0.018735750999894663,5,5.0,5.0,5.0,0.0,0.0,0.0,1.0,1.0,1.0,0.0,790.8,824.0,inf,970.0,inf,1.2266059686393527,0.0,970.0,hyperplane_gauss,15270,6,0.41514424337074163,0.2051148885861039,5,real,gradual,660,0.35850084081292155,0.9932925036797922,False,high,fast,real/gradual/K=5/high/fast/partial/balanced/noisy,0.11100210231254382,0.01871058163980377
scn-39d779fb7d71,582590121,EDDM,0.7135248773651016,0.020399199000166846,8,5.0,8.0,5.0,0.0,0.0,3.0,0.625,1.0,0.7692307692307693,0.0,814.2,921.0,inf,970.0,inf,1.1913534758044706,0.0,970.0,hyperplane_gauss,15270,6,0.41514424337074163,0.2051148885861039,5,real,gradual,660,0.35850084081292155,0.9932925036797922,False,high,fast,real/gradual/K=5/high/fast/partial/balanced/noisy,0.10553608969866857,0.024176594253679018
scn-39d779fb7d71,582590121,HDDM_A,0.731885073580939,0.06280237700002544,5,5.0,5.0,5.0,0.0,0.0,0.0,1.0,1.0,1.0,0.0,642.6,603.0,inf,970.0,inf,1.5094926859632742,0.0,970.0,hyperplane_gauss,15270,6,0.41514424337074163,0.2051148885861039,5,real,gradual,660,0.35850084081292155,0.9932925036797922,False,high,fast,real/gradual/K=5/high/fast/partial/balanced/noisy,0.12389628591450597,0.005816398037841619
scn-39d779fb7d71,582590121,HDDM_W,0.7382620882971268,0.05527989300026093,5,5.0,5.0,5.0,0.0,0.0,0.0,1.0,1.0,1.0,0.0,432.4,439.0,inf,970.0,inf,2.2432932469935247,0.0,970.0,hyperplane_gauss,15270,6,0.41514424337074163,0.2051148885861039,5,real,gradual,660,0.35850084081292155,0.9932925036797922,False,high,fast,real/gradual/K=5/high/fast/partial/balanced/noisy,0.13027330063069376,-0.0005606166783461708
scn-39d779fb7d71,582590121,FHDDM,0.7383321653819201,0.017182772000069235,5,5.0,5.0,5.0,0.0,0.0,0.0,1.0,1.0,1.0,0.0,483.0,511.0,inf,970.0,inf,2.008281573498965,0.0,970.0,hyperplane_gauss,15270,6,0.41514424337074163,0.2051148885861039,5,real,gradual,660,0.35850084081292155,0.9932925036797922,False,high,fast,real/gradual/K=5/high/fast/partial/balanced/noisy,0.1303433777154871,-0.0006306937631395115
scn-39d779fb7d71,582590121,NoDrift,0.607988787666433,0.009094033999645035,0,5.0,0.0,0.0,5.0,0.0,0.0,,0.0,0.0,1.0,,,inf,970.0,,,0.0,970.0,hyperplane_gauss,15270,6,0.41514424337074163,0.2051148885861039,5,real,gradual,660,0.35850084081292155,0.9932925036797922,False,high,fast,real/gradual/K=5/high/fast/partial/balanced/noisy,0.0,0.12971268395234758
scn-39d779fb7d71,582590121,Periodic(2000),0.7112123335669236,0.010352543999943009,7,5.0,7.0,5.0,0.0,0.0,2.0,0.7142857142857143,1.0,0.8333333333333333,0.0,995.0,1049.0,inf,970.0,inf,0.9748743718592965,0.0,970.0,hyperplane_gauss,15270,6,0.41514424337074163,0.2051148885861039,5,real,gradual,660,0.35850084081292155,0.9932925036797922,False,high,fast,real/gradual/K=5/high/fast/partial/balanced/noisy,0.10322354590049054,0.026489138051857042
scn-39d779fb7d71,582590121,Oracle,0.7377014716187806,0.012443399999938265,5,5.0,5.0,5.0,0.0,0.0,0.0,1.0,1.0,1.0,0.0,331.0,331.0,inf,970.0,inf,2.930513595166163,0.0,970.0,hyperplane_gauss,15270,6,0.41514424337074163,0.2051148885861039,5,real,gradual,660,0.35850084081292155,0.9932925036797922,False,high,fast,real/gradual/K=5/high/fast/partial/balanced/noisy,0.12971268395234758,-0.0
scn-1ae9dae6dbf9,269926837,ADWIN,0.9011436324869161,0.02766762600003858,0,4.0,0.0,0.0,4.0,0.0,0.0,,0.0,0.0,1.0,,,inf,15035.0,,,0.0,15035.0,hyperplane_gauss,26795,10,0.1532439632341266,0.007737334258854389,4,virtual,incremental,690,0.4021758268773556,0.6556549496948719,False,high,fast,virtual/incremental/K=4/high/fast/partial/imbalanced/noisy,0.0,0.0034115138592750727
scn-1ae9dae6dbf9,269926837,KSWIN,0.9011436324869161,5.493864408000263,0,4.0,0.0,0.0,4.0,0.0,0.0,,0.0,0.0,1.0,,,inf,15035.0,,,0.0,15035.0,hyperplane_gauss,26795,10,0.1532439632341266,0.007737334258854389,4,virtual,incremental,690,0.4021758268773556,0.6556549496948719,False,high,fast,virtual/incremental/K=4/high/fast/partial/imbalanced/noisy,0.0,0.0034115138592750727
scn-1ae9dae6dbf9,269926837,PageHinkley,0.9011436324869161,0.03468587499992282,0,4.0,0.0,0.0,4.0,0.0,0.0,,0.0,0.0,1.0,,,inf,15035.0,,,0.0,15035.0,hyperplane_gauss,26795,10,0.1532439632341266,0.007737334258854389,4,virtual,incremental,690,0.4021758268773556,0.6556549496948719,False,high,fast,virtual/incremental/K=4/high/fast/partial/imbalanced/noisy,0.0,0.0034115138592750727
scn-1ae9dae6dbf9,269926837,PageHinkley-up,0.9011436324869161,0.0351643540002442,0,4.0,0.0,0.0,4.0,0.0,0.0,,0.0,0.0,1.0,,,inf,15035.0,,,0.0,15035.0,hyperplane_gauss,26795,10,0.1532439632341266,0.007737334258854389,4,virtual,incremental,690,0.4021758268773556,0.6556549496948719,False,high,fast,virtual/incremental/K=4/high/fast/partial/imbalanced/noisy,0.0,0.0034115138592750727
scn-1ae9dae6dbf9,269926837,DDM,0.9011436324869161,0.033486222000192356,0,4.0,0.0,0.0,4.0,0.0,0.0,,0.0,0.0,1.0,,,inf,15035.0,,,0.0,15035.0,hyperplane_gauss,26795,10,0.1532439632341266,0.007737334258854389,4,virtual,incremental,690,0.4021758268773556,0.6556549496948719,False,high,fast,virtual/incremental/K=4/high/fast/partial/imbalanced/noisy,0.0,0.0034115138592750727
scn-1ae9dae6dbf9,269926837,EDDM,0.901763907734057,0.03651801700016222,7,4.0,7.0,1.0,3.0,5.0,1.0,0.14285714285714285,0.25,0.18181818181818182,0.75,163.0,163.0,3007.0,3007.0,4.611963190184049,4.611963190184049,0.3325573661456601,15035.0,hyperplane_gauss,26795,10,0.1532439632341266,0.007737334258854389,4,virtual,incremental,690,0.4021758268773556,0.6556549496948719,False,high,fast,virtual/incremental/K=4/high/fast/partial/imbalanced/noisy,0.0006202752471409223,0.0027912386121341504
scn-1ae9dae6dbf9,269926837,HDDM_A,0.9011436324869161,0.0962001819998477,0,4.0,0.0,0.0,4.0,0.0,0.0,,0.0,0.0,1.0,,,inf,15035.0,,,0.0,15035.0,hyperplane_gauss,26795,10,0.1532439632341266,0.007737334258854389,4,virtual,incremental,690,0.4021758268773556,0.6556549496948719,False,high,fast,virtual/incremental/K=4/high/fast/partial/imbalanced/noisy,0.0,0.0034115138592750727
scn-1ae9dae6dbf9,269926837,HDDM_W,0.9011436324869161,0.08915630399997099,0,4.0,0.0,0.0,4.0,0.0,0.0,,0.0,0.0,1.0,,,inf,15035.0,,,0.0,15035.0,hyperplane_gauss,26795,10,0.1532439632341266,0.007737334258854389,4,virtual,incremental,690,0.4021758268773556,0.6556549496948719,False,high,fast,virtual/incremental/K=4/high/fast/partial/imbalanced/noisy,0.0,0.0034115138592750727
scn-1ae9dae6dbf9,269926837,FHDDM,0.9011436324869161,0.029569557999820972,0,4.0,0.0,0.0,4.0,0.0,0.0,,0.0,0.0,1.0,,,inf,15035.0,,,0.0,15035.0,hyperplane_gauss,26795,10,0.1532439632341266,0.007737334258854389,4,virtual,incremental,690,0.4021758268773556,0.6556549496948719,False,high,fast,virtual/incremental/K=4/high/fast/partial/imbalanced/noisy,0.0,0.0034115138592750727
scn-1ae9dae6dbf9,269926837,NoDrift,0.9011436324869161,0.020782702000360587,0,4.0,0.0,0.0,4.0,0.0,0.0,,0.0,0.0,1.0,,,inf,15035.0,,,0.0,15035.0,hyperplane_gauss,26795,10,0.1532439632341266,0.007737334258854389,4,virtual,incremental,690,0.4021758268773556,0.6556549496948719,False,high,fast,virtual/incremental/K=4/high/fast/partial/imbalanced/noisy,0.0,0.0034115138592750727
scn-1ae9dae6dbf9,269926837,Periodic(2000),0.9013374685016476,0.02261257000009209,12,4.0,12.0,4.0,0.0,7.0,1.0,0.3333333333333333,1.0,0.5,0.0,948.0,999.5,2147.8571428571427,2147.8571428571427,2.2656720916214583,2.2656720916214583,0.4655803126039242,15035.0,hyperplane_gauss,26795,10,0.1532439632341266,0.007737334258854389,4,virtual,incremental,690,0.4021758268773556,0.6556549496948719,False,high,fast,virtual/incremental/K=4/high/fast/partial/imbalanced/noisy,0.0001938360147315521,0.0032176778445435206
scn-1ae9dae6dbf9,269926837,Oracle,0.9045551463461912,0.026237872000365314,4,4.0,4.0,4.0,0.0,0.0,0.0,1.0,1.0,1.0,0.0,346.0,346.0,inf,15035.0,inf,43.45375722543353,0.0,15035.0,hyperplane_gauss,26795,10,0.1532439632341266,0.007737334258854389,4,virtual,incremental,690,0.4021758268773556,0.6556549496948719,False,high,fast,virtual/incremental/K=4/high/fast/partial/imbalanced/noisy,0.0034115138592750727,-0.0
scn-1ae9dae6dbf9,269926838,ADWIN,0.9033533630548556,0.026619060000030004,0,4.0,0.0,0.0,4.0,0.0,0.0,,0.0,0.0,1.0,,,inf,15035.0,,,0.0,15035.0,hyperplane_gauss,26795,10,0.1532439632341266,0.007737334258854389,4,virtual,incremental,690,0.4021758268773556,0.6556549496948719,False,high,fast,virtual/incremental/K=4/high/fast/partial/imbalanced/noisy,0.0,0.0036441170769528908
scn-1ae9dae6dbf9,269926838,KSWIN,0.9033533630548556,5.515984696000032,0,4.0,0.0,0.0,4.0,0.0,0.0,,0.0,0.0,1.0,,,inf,15035.0,,,0.0,15035.0,hyperplane_gauss,26795,10,0.1532439632341266,0.007737334258854389,4,virtual,incremental,690,0.4021758268773556,0.6556549496948719,False,high,fast,virtual/incremental/K=4/high/fast/partial/imbalanced/noisy,0.0,0.0036441170769528908
scn-1ae9dae6dbf9,269926838,PageHinkley,0.905679395231634,0.03480157000012696,1,4.0,1.0,1.0,3.0,0.0,0.0,1.0,0.25,0.4,0.75,1776.0,1776.0,inf,15035.0,inf,2.1164132882882885,0.0,15035.0,hyperplane_gauss,26795,10,0.1532439632341266,0.007737334258854389,4,virtual,incremental,690,0.4021758268773556,0.6556549496948719,False,high,fast,virtual/incremental/K=4/high/fast/partial/imbalanced/noisy,0.002326032176778403,0.0013180849001744877
scn-1ae9dae6dbf9,269926838,PageHinkley-up,0.9033533630548556,0.03347407399996882,0,4.0,0.0,0.0,4.0,0.0,0.0,,0.0,0.0,1.0,,,inf,15035.0,,,0.0,15035.0,hyperplane_gauss,26795,10,0.1532439632341266,0.007737334258854389,4,virtual,incremental,690,0.4021758268773556,0.6556549496948719,False,high,fast,virtual/incremental/K=4/high/fast/partial/imbalanced/noisy,0.0,0.0036441170769528908
scn-1ae9dae6dbf9,269926838,DDM,0.9033533630548556,0.03292290599983971,0,4.0,0.0,0.0,4.0,0.0,0.0,,0.0,0.0,1.0,,,inf,15035.0,,,0.0,15035.0,hyperplane_gauss,26795,10,0.1532439632341266,0.007737334258854389,4,virtual,incremental,690,0.4021758268773556,0.6556549496948719,False,high,fast,virtual/incremental/K=4/high/fast/partial/imbalanced/noisy,0.0,0.0036441170769528908
scn-1ae9dae6dbf9,269926838,EDDM,0.9028106222136073,0.027867438000157563,1,4.0,1.0,0.0,4.0,1.0,0.0,0.0,0.0,0.0,1.0,,,15035.0,15035.0,,,0.06651147322913202,15035.0,hyperplane_gauss,26795,10,0.1532439632341266,0.007737334258854389,4,virtual,incremental,690,0.4021758268773556,0.6556549496948719,False,high,fast,virtual/incremental/K=4/high/fast/partial/imbalanced/noisy,-0.0005427408412482793,0.00418685791820117
scn-1ae9dae6dbf9,269926838,HDDM_A,0.9033533630548556,0.0923785059999318,0,4.0,0.0,0.0,4.0,0.0,0.0,,0.0,0.0,1.0,,,inf,15035.0,,,0.0,15035.0,hyperplane_gauss,26795,10,0.1532439632341266,0.007737334258854389,4,virtual,incremental,690,0.4021758268773556,0.6556549496948719,False,high,fast,virtual/incremental/K=4/high/fast/partial/imbalanced/noisy,0.0,0.0036441170769528908
scn-1ae9dae6dbf9,269926838,HDDM_W,0.9033533630548556,0.08688269100002799,0,4.0,0.0,0.0,4.0,0.0,0.0,,0.0,0.0,1.0,,,inf,15035.0,,,0.0,15035.0,hyperplane_gauss,26795,10,0.1532439632341266,0.007737334258854389,4,virtual,incremental,690,0.4021758268773556,0.6556549496948719,False,high,fast,virtual/incremental/K=4/high/fast/partial/imbalanced/noisy,0.0,0.0036441170769528908
scn-1ae9dae6dbf9,269926838,FHDDM,0.9033533630548556,0.02918044500029282,0,4.0,0.0,0.0,4.0,0.0,0.0,,0.0,0.0,1.0,,,inf,15035.0,,,0.0,15035.0,hyperplane_gauss,26795,10,0.1532439632341266,0.007737334258854389,4,virtual,incremental,690,0.4021758268773556,0.6556549496948719,False,high,fast,virtual/incremental/K=4/high/fast/partial/imbalanced/noisy,0.0,0.0036441170769528908
scn-1ae9dae6dbf9,269926838,NoDrift,0.9033533630548556,0.020551236999835965,0,4.0,0.0,0.0,4.0,0.0,0.0,,0.0,0.0,1.0,,,inf,15035.0,,,0.0,15035.0,hyperplane_gauss,26795,10,0.1532439632341266,0.007737334258854389,4,virtual,incremental,690,0.4021758268773556,0.6556549496948719,False,high,fast,virtual/incremental/K=4/high/fast/partial/imbalanced/noisy,0.0,0.0036441170769528908
scn-1ae9dae6dbf9,269926838,Periodic(2000),0.9040511727078892,0.022247362999678444,12,4.0,12.0,4.0,0.0,7.0,1.0,0.3333333333333333,1.0,0.5,0.0,948.0,999.5,2147.8571428571427,2147.8571428571427,2.2656720916214583,2.2656720916214583,0.4655803126039242,15035.0,hyperplane_gauss,26795,10,0.1532439632341266,0.007737334258854389,4,virtual,incremental,690,0.4021758268773556,0.6556549496948719,False,high,fast,virtual/incremental/K=4/high/fast/partial/imbalanced/noisy,0.0006978096530335653,0.0029463074239193254
scn-1ae9dae6dbf9,269926838,Oracle,0.9069974801318085,0.026057987999593024,4,4.0,4.0,4.0,0.0,0.0,0.0,1.0,1.0,1.0,0.0,346.0,346.0,inf,15035.0,inf,43.45375722543353,0.0,15035.0,hyperplane_gauss,26795,10,0.1532439632341266,0.007737334258854389,4,virtual,incremental,690,0.4021758268773556,0.6556549496948719,False,high,fast,virtual/incremental/K=4/high/fast/partial/imbalanced/noisy,0.0036441170769528908,-0.0
scn-1ae9dae6dbf9,269926839,ADWIN,0.9000193836014732,0.027706495000074938,0,4.0,0.0,0.0,4.0,0.0,0.0,,0.0,0.0,1.0,,,inf,15035.0,,,0.0,15035.0,hyperplane_gauss,26795,10,0.1532439632341266,0.007737334258854389,4,virtual,incremental,690,0.4021758268773556,0.6556549496948719,False,high,fast,virtual/incremental/K=4/high/fast/partial/imbalanced/noisy,0.0,0.0031789106415972546
scn-1ae9dae6dbf9,269926839,KSWIN,0.9000193836014732,5.566324583000096,0,4.0,0.0,0.0,4.0,0.0,0.0,,0.0,0.0,1.0,,,inf,15035.0,,,0.0,15035.0,hyperplane_gauss,26795,10,0.1532439632341266,0.007737334258854389,4,virtual,incremental,690,0.4021758268773556,0.6556549496948719,False,high,fast,virtual/incremental/K=4/high/fast/partial/imbalanced/noisy,0.0,0.0031789106415972546
scn-1ae9dae6dbf9,269926839,PageHinkley,0.9000193836014732,0.035135851000177354,0,4.0,0.0,0.0,4.0,0.0,0.0,,0.0,0.0,1.0,,,inf,15035.0,,,0.0,15035.0,hyperplane_gauss,26795,10,0.1532439632341266,0.007737334258854389,4,virtual,incremental,690,0.4021758268773556,0.6556549496948719,False,high,fast,virtual/incremental/K=4/high/fast/partial/imbalanced/noisy,0.0,0.0031789106415972546
scn-1ae9dae6dbf9,269926839,PageHinkley-up,0.9000193836014732,0.03404811099971994,0,4.0,0.0,0.0,4.0,0.0,0.0,,0.0,0.0,1.0,,,inf,15035.0,,,0.0,15035.0,hyperplane_gauss,26795,10,0.1532439632341266,0.007737334258854389,4,virtual,incremental,690,0.4021758268773556,0.6556549496948719,False,high,fast,virtual/incremental/K=4/high/fast/partial/imbalanced/noisy,0.0,0.0031789106415972546
scn-1ae9dae6dbf9,269926839,DDM,0.9000193836014732,0.03342689600003723,0,4.0,0.0,0.0,4.0,0.0,0.0,,0.0,0.0,1.0,,,inf,15035.0,,,0.0,15035.0,hyperplane_gauss,26795,10,0.1532439632341266,0.007737334258854389,4,virtual,incremental,690,0.4021758268773556,0.6556549496948719,False,high,fast,virtual/incremental/K=4/high/fast/partial/imbalanced/noisy,0.0,0.0031789106415972546
scn-1ae9dae6dbf9,269926839,EDDM,0.9011048652839697,0.02928533200019956,2,4.0,2.0,1.0,3.0,1.0,0.0,0.5,0.25,0.3333333333333333,0.75,251.0,251.0,15035.0,15035.0,14.975099601593625,14.975099601593625,0.06651147322913202,15035.0,hyperplane_gauss,26795,10,0.1532439632341266,0.007737334258854389,4,virtual,incremental,690,0.4021758268773556,0.6556549496948719,False,high,fast,virtual/incremental/K=4/high/fast/partial/imbalanced/noisy,0.0010854816824965585,0.002093428959100696
scn-1ae9dae6dbf9,269926839,HDDM_A,0.9000193836014732,0.08873654399985753,0,4.0,0.0,0.0,4.0,0.0,0.0,,0.0,0.0,1.0,,,inf,15035.0,,,0.0,15035.0,hyperplane_gauss,26795,10,0.1532439632341266,0.007737334258854389,4,virtual,incremental,690,0.4021758268773556,0.6556549496948719,False,high,fast,virtual/incremental/K=4/high/fast/partial/imbalanced/noisy,0.0,0.0031789106415972546
scn-1ae9dae6dbf9,269926839,HDDM_W,0.9000193836014732,0.09074453099992752,0,4.0,0.0,0.0,4.0,0.0,0.0,,0.0,0.0,1.0,,,inf,15035.0,,,0.0,15035.0,hyperplane_gauss,26795,10,0.1532439632341266,0.007737334258854389,4,virtual,incremental,690,0.4021758268773556,0.6556549496948719,False,high,fast,virtual/incremental/K=4/high/fast/partial/imbalanced/noisy,0.0,0.0031789106415972546
scn-1ae9dae6dbf9,269926839,FHDDM,0.9000193836014732,0.030506238999805646,0,4.0,0.0,0.0,4.0,0.0,0.0,,0.0,0.0,1.0,,,inf,15035.0,,,0.0,15035.0,hyperplane_gauss,26795,10,0.1532439632341266,0.007737334258854389,4,virtual,incremental,690,0.4021758268773556,0.6556549496948719,False,high,fast,virtual/incremental/K=4/high/fast/partial/imbalanced/noisy,0.0,0.0031789106415972546
scn-1ae9dae6dbf9,269926839,NoDrift,0.9000193836014732,0.022022860999641125,0,4.0,0.0,0.0,4.0,0.0,0.0,,0.0,0.0,1.0,,,inf,15035.0,,,0.0,15035.0,hyperplane_gauss,26795,10,0.1532439632341266,0.007737334258854389,4,virtual,incremental,690,0.4021758268773556,0.6556549496948719,False,high,fast,virtual/incremental/K=4/high/fast/partial/imbalanced/noisy,0.0,0.0031789106415972546
scn-1ae9dae6dbf9,269926839,Periodic(2000),0.9005621244427214,0.023661299000195868,12,4.0,12.0,4.0,0.0,7.0,1.0,0.3333333333333333,1.0,0.5,0.0,948.0,999.5,2147.8571428571427,2147.8571428571427,2.2656720916214583,2.2656720916214583,0.4655803126039242,15035.0,hyperplane_gauss,26795,10,0.1532439632341266,0.007737334258854389,4,virtual,incremental,690,0.4021758268773556,0.6556549496948719,False,high,fast,virtual/incremental/K=4/high/fast/partial/imbalanced/noisy,0.0005427408412482793,0.0026361698003489753
scn-1ae9dae6dbf9,269926839,Oracle,0.9031982942430704,0.028051644999777636,4,4.0,4.0,4.0,0.0,0.0,0.0,1.0,1.0,1.0,0.0,346.0,346.0,inf,15035.0,inf,43.45375722543353,0.0,15035.0,hyperplane_gauss,26795,10,0.1532439632341266,0.007737334258854389,4,virtual,incremental,690,0.4021758268773556,0.6556549496948719,False,high,fast,virtual/incremental/K=4/high/fast/partial/imbalanced/noisy,0.0031789106415972546,-0.0
scn-5e866e03a582,238058262,ADWIN,0.6933979743083004,0.025658586000190553,1,2.0,1.0,1.0,1.0,0.0,0.0,1.0,0.5,0.6666666666666666,0.5,1704.0,1704.0,inf,28384.0,inf,8.328638497652582,0.0,28384.0,hyperplane_gauss,33384,2,0.31458295350894333,0.2771313342265785,2,prior,sudden,0,0.2058435772359371,1.0,True,medium,abrupt,prior/sudden/K=2/recurring/medium/abrupt/n/a/imbalanced/noisy,-0.012506175889328008,-0.0038599308300395485
scn-5e866e03a582,238058262,KSWIN,0.6885190217391305,6.7981304319996525,4,2.0,4.0,0.0,2.0,4.0,0.0,0.0,0.0,0.0,1.0,,,7096.0,7096.0,,,0.14092446448703494,28384.0,hyperplane_gauss,33384,2,0.31458295350894333,0.2771313342265785,2,prior,sudden,0,0.2058435772359371,1.0,True,medium,abrupt,prior/sudden/K=2/recurring/medium/abrupt/n/a/imbalanced/noisy,-0.017385128458497934,0.0010190217391303769
scn-5e866e03a582,238058262,PageHinkley,0.6876235177865613,0.03210132900039753,5,2.0,5.0,1.0,1.0,4.0,0.0,0.2,0.5,0.28571428571428575,0.5,227.0,227.0,7096.0,7096.0,15.629955947136564,15.629955947136564,0.14092446448703494,28384.0,hyperplane_gauss,33384,2,0.31458295350894333,0.2771313342265785,2,prior,sudden,0,0.2058435772359371,1.0,True,medium,abrupt,prior/sudden/K=2/recurring/medium/abrupt/n/a/imbalanced/noisy,-0.018280632411067144,0.0019145256916995868
scn-5e866e03a582,238058262,PageHinkley-up,0.6937685276679841,0.029947858000014094,2,2.0,2.0,1.0,1.0,1.0,0.0,0.5,0.5,0.5,0.5,227.0,227.0,28384.0,28384.0,62.519823788546255,62.519823788546255,0.035231116121758735,28384.0,hyperplane_gauss,33384,2,0.31458295350894333,0.2771313342265785,2,prior,sudden,0,0.2058435772359371,1.0,True,medium,abrupt,prior/sudden/K=2/recurring/medium/abrupt/n/a/imbalanced/noisy,-0.012135622529644285,-0.0042304841897232714
scn-5e866e03a582,238058262,DDM,0.7059041501976284,0.029139703000055306,0,2.0,0.0,0.0,2.0,0.0,0.0,,0.0,0.0,1.0,,,inf,28384.0,,,0.0,28384.0,hyperplane_gauss,33384,2,0.31458295350894333,0.2771313342265785,2,prior,sudden,0,0.2058435772359371,1.0,True,medium,abrupt,prior/sudden/K=2/recurring/medium/abrupt/n/a/imbalanced/noisy,0.0,-0.016366106719367557
scn-5e866e03a582,238058262,EDDM,0.7030632411067194,0.025627835000250343,1,2.0,1.0,0.0,2.0,1.0,0.0,0.0,0.0,0.0,1.0,,,28384.0,28384.0,,,0.035231116121758735,28384.0,hyperplane_gauss,33384,2,0.31458295350894333,0.2771313342265785,2,prior,sudden,0,0.2058435772359371,1.0,True,medium,abrupt,prior/sudden/K=2/recurring/medium/abrupt/n/a/imbalanced/noisy,-0.0028409090909090606,-0.013525197628458496
scn-5e866e03a582,238058262,HDDM_A,0.7048542490118577,0.09049419699977079,1,2.0,1.0,0.0,2.0,1.0,0.0,0.0,0.0,0.0,1.0,,,28384.0,28384.0,,,0.035231116121758735,28384.0,hyperplane_gauss,33384,2,0.31458295350894333,0.2771313342265785,2,prior,sudden,0,0.2058435772359371,1.0,True,medium,abrupt,prior/sudden/K=2/recurring/medium/abrupt/n/a/imbalanced/noisy,-0.0010499011857707519,-0.015316205533596805
scn-5e866e03a582,238058262,HDDM_W,0.6861721837944664,0.1169160079998619,16,2.0,16.0,1.0,1.0,15.0,0.0,0.0625,0.5,0.1111111111111111,0.5,234.0,234.0,1892.2666666666667,1892.2666666666667,4.043304843304843,4.043304843304843,0.5284667418263811,28384.0,hyperplane_gauss,33384,2,0.31458295350894333,0.2771313342265785,2,prior,sudden,0,0.2058435772359371,1.0,True,medium,abrupt,prior/sudden/K=2/recurring/medium/abrupt/n/a/imbalanced/noisy,-0.019731966403161993,0.0033658596837944366
scn-5e866e03a582,238058262,FHDDM,0.6910202569169961,0.025891005000175937,5,2.0,5.0,1.0,1.0,4.0,0.0,0.2,0.5,0.28571428571428575,0.5,83.0,83.0,7096.0,7096.0,42.74698795180723,42.74698795180723,0.14092446448703494,28384.0,hyperplane_gauss,33384,2,0.31458295350894333,0.2771313342265785,2,prior,sudden,0,0.2058435772359371,1.0,True,medium,abrupt,prior/sudden/K=2/recurring/medium/abrupt/n/a/imbalanced/noisy,-0.014883893280632332,-0.0014822134387352248
scn-5e866e03a582,238058262,NoDrift,0.7059041501976284,0.01491282200004207,0,2.0,0.0,0.0,2.0,0.0,0.0,,0.0,0.0,1.0,,,inf,28384.0,,,0.0,28384.0,hyperplane_gauss,33384,2,0.31458295350894333,0.2771313342265785,2,prior,sudden,0,0.2058435772359371,1.0,True,medium,abrupt,prior/sudden/K=2/recurring/medium/abrupt/n/a/imbalanced/noisy,0.0,-0.016366106719367557
scn-5e866e03a582,238058262,Periodic(2000),0.6873456027667985,0.01667786400003024,16,2.0,16.0,2.0,0.0,14.0,0.0,0.125,1.0,0.2222222222222222,0.0,808.0,808.0,2027.4285714285713,2027.4285714285713,2.509193776520509,2.509193776520509,0.4932356257046223,28384.0,hyperplane_gauss,33384,2,0.31458295350894333,0.2771313342265785,2,prior,sudden,0,0.2058435772359371,1.0,True,medium,abrupt,prior/sudden/K=2/recurring/medium/abrupt/n/a/imbalanced/noisy,-0.018558547430829964,0.0021924407114624067
scn-5e866e03a582,238058262,Oracle,0.6895380434782609,0.015198428000076092,2,2.0,2.0,2.0,0.0,0.0,0.0,1.0,1.0,1.0,0.0,1.0,1.0,inf,28384.0,inf,28384.0,0.0,28384.0,hyperplane_gauss,33384,2,0.31458295350894333,0.2771313342265785,2,prior,sudden,0,0.2058435772359371,1.0,True,medium,abrupt,prior/sudden/K=2/recurring/medium/abrupt/n/a/imbalanced/noisy,-0.016366106719367557,-0.0
scn-5e866e03a582,238058263,ADWIN,0.7074172430830039,0.021007458999974915,0,2.0,0.0,0.0,2.0,0.0,0.0,,0.0,0.0,1.0,,,inf,28384.0,,,0.0,28384.0,hyperplane_gauss,33384,2,0.31458295350894333,0.2771313342265785,2,prior,sudden,0,0.2058435772359371,1.0,True,medium,abrupt,prior/sudden/K=2/recurring/medium/abrupt/n/a/imbalanced/noisy,0.0,-0.012938488142292481
scn-5e866e03a582,238058263,KSWIN,0.7013031126482213,6.754592314000092,2,2.0,2.0,0.0,2.0,2.0,0.0,0.0,0.0,0.0,1.0,,,14192.0,14192.0,,,0.07046223224351747,28384.0,hyperplane_gauss,33384,2,0.31458295350894333,0.2771313342265785,2,prior,sudden,0,0.2058435772359371,1.0,True,medium,abrupt,prior/sudden/K=2/recurring/medium/abrupt/n/a/imbalanced/noisy,-0.006114130434782594,-0.006824357707509887
scn-5e866e03a582,238058263,PageHinkley,0.6919466403162056,0.03230445999997755,3,2.0,3.0,2.0,0.0,1.0,0.0,0.6666666666666666,1.0,0.8,0.0,698.5,698.5,28384.0,28384.0,40.63564781675018,40.63564781675018,0.035231116121758735,28384.0,hyperplane_gauss,33384,2,0.31458295350894333,0.2771313342265785,2,prior,sudden,0,0.2058435772359371,1.0,True,medium,abrupt,prior/sudden/K=2/recurring/medium/abrupt/n/a/imbalanced/noisy,-0.015470602766798347,0.0025321146245058657
scn-5e866e03a582,238058263,PageHinkley-up,0.6929656620553359,0.031271513999854506,3,2.0,3.0,2.0,0.0,1.0,0.0,0.6666666666666666,1.0,0.8,0.0,698.5,698.5,28384.0,28384.0,40.63564781675018,40.63564781675018,0.035231116121758735,28384.0,hyperplane_gauss,33384,2,0.31458295350894333,0.2771313342265785,2,prior,sudden,0,0.2058435772359371,1.0,True,medium,abrupt,prior/sudden/K=2/recurring/medium/abrupt/n/a/imbalanced/noisy,-0.01445158102766797,0.0015130928853754888
scn-5e866e03a582,238058263,DDM,0.7074172430830039,0.02883023399999729,0,2.0,0.0,0.0,2.0,0.0,0.0,,0.0,0.0,1.0,,,inf,28384.0,,,0.0,28384.0,hyperplane_gauss,33384,2,0.31458295350894333,0.2771313342265785,2,prior,sudden,0,0.2058435772359371,1.0,True,medium,abrupt,prior/sudden/K=2/recurring/medium/abrupt/n/a/imbalanced/noisy,0.0,-0.012938488142292481
scn-5e866e03a582,238058263,EDDM,0.7046689723320159,0.027407841999774973,2,2.0,2.0,0.0,2.0,2.0,0.0,0.0,0.0,0.0,1.0,,,14192.0,14192.0,,,0.07046223224351747,28384.0,hyperplane_gauss,33384,2,0.31458295350894333,0.2771313342265785,2,prior,sudden,0,0.2058435772359371,1.0,True,medium,abrupt,prior/sudden/K=2/recurring/medium/abrupt/n/a/imbalanced/noisy,-0.0027482707509880466,-0.010190217391304435
scn-5e866e03a582,238058263,HDDM_A,0.7074172430830039,0.08823706000021048,0,2.0,0.0,0.0,2.0,0.0,0.0,,0.0,0.0,1.0,,,inf,28384.0,,,0.0,28384.0,hyperplane_gauss,33384,2,0.31458295350894333,0.2771313342265785,2,prior,sudden,0,0.2058435772359371,1.0,True,medium,abrupt,prior/sudden/K=2/recurring/medium/abrupt/n/a/imbalanced/noisy,0.0,-0.012938488142292481
scn-5e866e03a582,238058263,HDDM_W,0.6897233201581028,0.11216293899997254,11,2.0,11.0,1.0,1.0,10.0,0.0,0.09090909090909091,0.5,0.15384615384615385,0.5,1453.0,1453.0,2838.4,2838.4,0.9767377838953889,0.9767377838953889,0.3523111612175874,28384.0,hyperplane_gauss,33384,2,0.31458295350894333,0.2771313342265785,2,prior,sudden,0,0.2058435772359371,1.0,True,medium,abrupt,prior/sudden/K=2/recurring/medium/abrupt/n/a/imbalanced/noisy,-0.01769392292490113,0.004755434782608647
scn-5e866e03a582,238058263,FHDDM,0.6923171936758893,0.02655207199995857,4,2.0,4.0,1.0,1.0,3.0,0.0,0.25,0.5,0.3333333333333333,0.5,476.0,476.0,9461.333333333334,9461.333333333334,9.938375350140056,9.938375350140056,0.10569334836527622,28384.0,hyperplane_gauss,33384,2,0.31458295350894333,0.2771313342265785,2,prior,sudden,0,0.2058435772359371,1.0,True,medium,abrupt,prior/sudden/K=2/recurring/medium/abrupt/n/a/imbalanced/noisy,-0.015100049407114624,0.0021615612648221427
scn-5e866e03a582,238058263,NoDrift,0.7074172430830039,0.01464109600010488,0,2.0,0.0,0.0,2.0,0.0,0.0,,0.0,0.0,1.0,,,inf,28384.0,,,0.0,28384.0,hyperplane_gauss,33384,2,0.31458295350894333,0.2771313342265785,2,prior,sudden,0,0.2058435772359371,1.0,True,medium,abrupt,prior/sudden/K=2/recurring/medium/abrupt/n/a/imbalanced/noisy,0.0,-0.012938488142292481
scn-5e866e03a582,238058263,Periodic(2000),0.6856781126482213,0.01506926599995495,16,2.0,16.0,2.0,0.0,14.0,0.0,0.125,1.0,0.2222222222222222,0.0,808.0,808.0,2027.4285714285713,2027.4285714285713,2.509193776520509,2.509193776520509,0.4932356257046223,28384.0,hyperplane_gauss,33384,2,0.31458295350894333,0.2771313342265785,2,prior,sudden,0,0.2058435772359371,1.0,True,medium,abrupt,prior/sudden/K=2/recurring/medium/abrupt/n/a/imbalanced/noisy,-0.021739130434782594,0.008800642292490113
scn-5e866e03a582,238058263,Oracle,0.6944787549407114,0.014838925000276504,2,2.0,2.0,2.0,0.0,0.0,0.0,1.0,1.0,1.0,0.0,1.0,1.0,inf,28384.0,inf,28384.0,0.0,28384.0,hyperplane_gauss,33384,2,0.31458295350894333,0.2771313342265785,2,prior,sudden,0,0.2058435772359371,1.0,True,medium,abrupt,prior/sudden/K=2/recurring/medium/abrupt/n/a/imbalanced/noisy,-0.012938488142292481,-0.0
scn-5e866e03a582,238058264,ADWIN,0.7071702075098815,0.021154738999939582,0,2.0,0.0,0.0,2.0,0.0,0.0,,0.0,0.0,1.0,,,inf,28384.0,,,0.0,28384.0,hyperplane_gauss,33384,2,0.31458295350894333,0.2771313342265785,2,prior,sudden,0,0.2058435772359371,1.0,True,medium,abrupt,prior/sudden/K=2/recurring/medium/abrupt/n/a/imbalanced/noisy,0.0,-0.008183053359683834
scn-5e866e03a582,238058264,KSWIN,0.6974740612648221,6.831948570999884,5,2.0,5.0,0.0,2.0,5.0,0.0,0.0,0.0,0.0,1.0,,,5676.8,5676.8,,,0.1761555806087937,28384.0,hyperplane_gauss,33384,2,0.31458295350894333,0.2771313342265785,2,prior,sudden,0,0.2058435772359371,1.0,True,medium,abrupt,prior/sudden/K=2/recurring/medium/abrupt/n/a/imbalanced/noisy,-0.009696146245059323,0.0015130928853754888
scn-5e866e03a582,238058264,PageHinkley,0.6971035079051383,0.032000111999877845,5,2.0,5.0,0.0,2.0,5.0,0.0,0.0,0.0,0.0,1.0,,,5676.8,5676.8,,,0.1761555806087937,28384.0,hyperplane_gauss,33384,2,0.31458295350894333,0.2771313342265785,2,prior,sudden,0,0.2058435772359371,1.0,True,medium,abrupt,prior/sudden/K=2/recurring/medium/abrupt/n/a/imbalanced/noisy,-0.010066699604743157,0.0018836462450593228
scn-5e866e03a582,238058264,PageHinkley-up,0.6994812252964426,0.03070014100012486,3,2.0,3.0,1.0,1.0,2.0,0.0,0.3333333333333333,0.5,0.4,0.5,489.0,489.0,14192.0,14192.0,14.51124744376278,14.51124744376278,0.07046223224351747,28384.0,hyperplane_gauss,33384,2,0.31458295350894333,0.2771313342265785,2,prior,sudden,0,0.2058435772359371,1.0,True,medium,abrupt,prior/sudden/K=2/recurring/medium/abrupt/n/a/imbalanced/noisy,-0.007688982213438833,-0.0004940711462450009
scn-5e866e03a582,238058264,DDM,0.7071702075098815,0.02908291099993221,0,2.0,0.0,0.0,2.0,0.0,0.0,,0.0,0.0,1.0,,,inf,28384.0,,,0.0,28384.0,hyperplane_gauss,33384,2,0.31458295350894333,0.2771313342265785,2,prior,sudden,0,0.2058435772359371,1.0,True,medium,abrupt,prior/sudden/K=2/recurring/medium/abrupt/n/a/imbalanced/noisy,0.0,-0.008183053359683834
scn-5e866e03a582,238058264,EDDM,0.7017971837944664,0.030166224999902624,8,2.0,8.0,0.0,2.0,8.0,0.0,0.0,0.0,0.0,1.0,,,3548.0,3548.0,,,0.2818489289740699,28384.0,hyperplane_gauss,33384,2,0.31458295350894333,0.2771313342265785,2,prior,sudden,0,0.2058435772359371,1.0,True,medium,abrupt,prior/sudden/K=2/recurring/medium/abrupt/n/a/imbalanced/noisy,-0.005373023715415037,-0.0028100296442687966
scn-5e866e03a582,238058264,HDDM_A,0.7071702075098815,0.08244492599988007,0,2.0,0.0,0.0,2.0,0.0,0.0,,0.0,0.0,1.0,,,inf,28384.0,,,0.0,28384.0,hyperplane_gauss,33384,2,0.31458295350894333,0.2771313342265785,2,prior,sudden,0,0.2058435772359371,1.0,True,medium,abrupt,prior/sudden/K=2/recurring/medium/abrupt/n/a/imbalanced/noisy,0.0,-0.008183053359683834
scn-5e866e03a582,238058264,HDDM_W,0.6910511363636364,0.11355096699981004,13,2.0,13.0,1.0,1.0,12.0,0.0,0.07692307692307693,0.5,0.13333333333333336,0.5,521.0,521.0,2365.3333333333335,2365.3333333333335,2.269993602047345,2.269993602047345,0.4227733934611049,28384.0,hyperplane_gauss,33384,2,0.31458295350894333,0.2771313342265785,2,prior,sudden,0,0.2058435772359371,1.0,True,medium,abrupt,prior/sudden/K=2/recurring/medium/abrupt/n/a/imbalanced/noisy,-0.016119071146245112,0.007936017786561278
scn-5e866e03a582,238058264,FHDDM,0.6968873517786561,0.025542167000367044,4,2.0,4.0,0.0,2.0,4.0,0.0,0.0,0.0,0.0,1.0,,,7096.0,7096.0,,,0.14092446448703494,28384.0,hyperplane_gauss,33384,2,0.31458295350894333,0.2771313342265785,2,prior,sudden,0,0.2058435772359371,1.0,True,medium,abrupt,prior/sudden/K=2/recurring/medium/abrupt/n/a/imbalanced/noisy,-0.010282855731225338,0.0020998023715415037
scn-5e866e03a582,238058264,NoDrift,0.7071702075098815,0.01378509899996061,0,2.0,0.0,0.0,2.0,0.0,0.0,,0.0,0.0,1.0,,,inf,28384.0,,,0.0,28384.0,hyperplane_gauss,33384,2,0.31458295350894333,0.2771313342265785,2,prior,sudden,0,0.2058435772359371,1.0,True,medium,abrupt,prior/sudden/K=2/recurring/medium/abrupt/n/a/imbalanced/noisy,0.0,-0.008183053359683834
scn-5e866e03a582,238058264,Periodic(2000),0.6875926383399209,0.015394655999898532,16,2.0,16.0,2.0,0.0,14.0,0.0,0.125,1.0,0.2222222222222222,0.0,808.0,808.0,2027.4285714285713,2027.4285714285713,2.509193776520509,2.509193776520509,0.4932356257046223,28384.0,hyperplane_gauss,33384,2,0.31458295350894333,0.2771313342265785,2,prior,sudden,0,0.2058435772359371,1.0,True,medium,abrupt,prior/sudden/K=2/recurring/medium/abrupt/n/a/imbalanced/noisy,-0.019577569169960563,0.011394515810276729
scn-5e866e03a582,238058264,Oracle,0.6989871541501976,0.014805823000187956,2,2.0,2.0,2.0,0.0,0.0,0.0,1.0,1.0,1.0,0.0,1.0,1.0,inf,28384.0,inf,28384.0,0.0,28384.0,hyperplane_gauss,33384,2,0.31458295350894333,0.2771313342265785,2,prior,sudden,0,0.2058435772359371,1.0,True,medium,abrupt,prior/sudden/K=2/recurring/medium/abrupt/n/a/imbalanced/noisy,-0.008183053359683834,-0.0
scn-3a68ba296611,63390050,ADWIN,0.7140571492730029,0.06881491200010714,5,1.0,5.0,1.0,0.0,4.0,0.0,0.2,1.0,0.33333333333333337,0.0,1092.0,1092.0,8094.25,8094.25,7.4123168498168495,7.4123168498168495,0.12354449145998703,32377.0,hyperplane_gauss,36626,22,0.46416810490190985,0.23323779255151747,1,real,incremental,1249,0.30605463072657585,0.7595870070159436,False,high,slow,real/incremental/K=1/high/slow/partial/balanced/noisy,0.02180991410767419,0.01995733453096049
scn-3a68ba296611,63390050,KSWIN,0.6922472351653287,8.003052002999993,0,1.0,0.0,0.0,1.0,0.0,0.0,,0.0,0.0,1.0,,,inf,32377.0,,,0.0,32377.0,hyperplane_gauss,36626,22,0.46416810490190985,0.23323779255151747,1,real,incremental,1249,0.30605463072657585,0.7595870070159436,False,high,slow,real/incremental/K=1/high/slow/partial/balanced/noisy,0.0,0.04176724863863468
scn-3a68ba296611,63390050,PageHinkley,0.6732442598102509,0.12728669399984938,22,1.0,22.0,1.0,0.0,20.0,1.0,0.045454545454545456,1.0,0.08695652173913045,0.0,2423.0,2423.0,1618.85,1618.85,0.6681180354931903,0.6681180354931903,0.6177224572999351,32377.0,hyperplane_gauss,36626,22,0.46416810490190985,0.23323779255151747,1,real,incremental,1249,0.30605463072657585,0.7595870070159436,False,high,slow,real/incremental/K=1/high/slow/partial/balanced/noisy,-0.019002975355077778,0.06077022399371246
scn-3a68ba296611,63390050,PageHinkley-up,0.7333688878908662,0.07464785699994536,1,1.0,1.0,1.0,0.0,0.0,0.0,1.0,1.0,1.0,0.0,873.0,873.0,inf,32377.0,inf,37.08705612829324,0.0,32377.0,hyperplane_gauss,36626,22,0.46416810490190985,0.23323779255151747,1,real,incremental,1249,0.30605463072657585,0.7595870070159436,False,high,slow,real/incremental/K=1/high/slow/partial/balanced/noisy,0.04112165272553747,0.0006455959130972078
scn-3a68ba296611,63390050,DDM,0.730477740975692,0.07065300500016747,1,1.0,1.0,1.0,0.0,0.0,0.0,1.0,1.0,1.0,0.0,1479.0,1479.0,inf,32377.0,inf,21.891142663962135,0.0,32377.0,hyperplane_gauss,36626,22,0.46416810490190985,0.23323779255151747,1,real,incremental,1249,0.30605463072657585,0.7595870070159436,False,high,slow,real/incremental/K=1/high/slow/partial/balanced/noisy,0.03823050581036325,0.003536742828271433
scn-3a68ba296611,63390050,EDDM,0.7083871329927581,0.07036804100016525,3,1.0,3.0,0.0,1.0,3.0,0.0,0.0,0.0,0.0,1.0,,,10792.333333333334,10792.333333333334,,,0.09265836859499027,32377.0,hyperplane_gauss,36626,22,0.46416810490190985,0.23323779255151747,1,real,incremental,1249,0.30605463072657585,0.7595870070159436,False,high,slow,real/incremental/K=1/high/slow/partial/balanced/noisy,0.016139897827429417,0.025627350811205263
scn-3a68ba296611,63390050,HDDM_A,0.7268567899848425,0.1646387189998677,2,1.0,2.0,1.0,0.0,1.0,0.0,0.5,1.0,0.6666666666666666,0.0,1066.0,1066.0,32377.0,32377.0,30.372420262664164,30.372420262664164,0.030886122864996757,32377.0,hyperplane_gauss,36626,22,0.46416810490190985,0.23323779255151747,1,real,incremental,1249,0.30605463072657585,0.7595870070159436,False,high,slow,real/incremental/K=1/high/slow/partial/balanced/noisy,0.03460955481951378,0.007157693819120903
scn-3a68ba296611,63390050,HDDM_W,0.7045696962892269,0.15931385900012174,7,1.0,7.0,1.0,0.0,6.0,0.0,0.14285714285714285,1.0,0.25,0.0,665.0,665.0,5396.166666666667,5396.166666666667,8.114536340852132,8.114536340852132,0.18531673718998054,32377.0,hyperplane_gauss,36626,22,0.46416810490190985,0.23323779255151747,1,real,incremental,1249,0.30605463072657585,0.7595870070159436,False,high,slow,real/incremental/K=1/high/slow/partial/balanced/noisy,0.012322461123898232,0.029444787514736448
scn-3a68ba296611,63390050,FHDDM,0.7216078145174872,0.06883139899991875,3,1.0,3.0,1.0,0.0,2.0,0.0,0.3333333333333333,1.0,0.5,0.0,708.0,708.0,16188.5,16188.5,22.865112994350284,22.865112994350284,0.061772245729993513,32377.0,hyperplane_gauss,36626,22,0.46416810490190985,0.23323779255151747,1,real,incremental,1249,0.30605463072657585,0.7595870070159436,False,high,slow,real/incremental/K=1/high/slow/partial/balanced/noisy,0.029360579352158522,0.012406669286476157
scn-3a68ba296611,63390050,NoDrift,0.6922472351653287,0.05128736300002856,0,1.0,0.0,0.0,1.0,0.0,0.0,,0.0,0.0,1.0,,,inf,32377.0,,,0.0,32377.0,hyperplane_gauss,36626,22,0.46416810490190985,0.23323779255151747,1,real,incremental,1249,0.30605463072657585,0.7595870070159436,False,high,slow,real/incremental/K=1/high/slow/partial/balanced/noisy,0.0,0.04176724863863468
scn-3a68ba296611,63390050,Periodic(2000),0.6775950148767754,0.05456111600005897,17,1.0,17.0,1.0,0.0,16.0,0.0,0.058823529411764705,1.0,0.1111111111111111,0.0,1812.0,1812.0,2023.5625,2023.5625,1.1167563465783665,1.1167563465783665,0.4941779658399481,32377.0,hyperplane_gauss,36626,22,0.46416810490190985,0.23323779255151747,1,real,incremental,1249,0.30605463072657585,0.7595870070159436,False,high,slow,real/incremental/K=1/high/slow/partial/balanced/noisy,-0.014652220288553286,0.056419468927187966
scn-3a68ba296611,63390050,Oracle,0.7340144838039634,0.07725540899991756,1,1.0,1.0,1.0,0.0,0.0,0.0,1.0,1.0,1.0,0.0,625.0,625.0,inf,32377.0,inf,51.8032,0.0,32377.0,hyperplane_gauss,36626,22,0.46416810490190985,0.23323779255151747,1,real,incremental,1249,0.30605463072657585,0.7595870070159436,False,high,slow,real/incremental/K=1/high/slow/partial/balanced/noisy,0.04176724863863468,-0.0
scn-3a68ba296611,63390051,ADWIN,0.7192499859653062,0.07057669400001032,4,1.0,4.0,1.0,0.0,3.0,0.0,0.25,1.0,0.4,0.0,1124.0,1124.0,10792.333333333334,10792.333333333334,9.601720047449586,9.601720047449586,0.09265836859499027,32377.0,hyperplane_gauss,36626,22,0.46416810490190985,0.23323779255151747,1,real,incremental,1249,0.30605463072657585,0.7595870070159436,False,high,slow,real/incremental/K=1/high/slow/partial/balanced/noisy,0.025599281423679288,0.011508448885645395
scn-3a68ba296611,63390051,KSWIN,0.7214674675798574,8.074788213000375,3,1.0,3.0,0.0,1.0,3.0,0.0,0.0,0.0,0.0,1.0,,,10792.333333333334,10792.333333333334,,,0.09265836859499027,32377.0,hyperplane_gauss,36626,22,0.46416810490190985,0.23323779255151747,1,real,incremental,1249,0.30605463072657585,0.7595870070159436,False,high,slow,real/incremental/K=1/high/slow/partial/balanced/noisy,0.02781676303823044,0.009290967271094241
scn-3a68ba296611,63390051,PageHinkley,0.6806545781171055,0.10883256400029495,21,1.0,21.0,1.0,0.0,18.0,2.0,0.047619047619047616,1.0,0.0909090909090909,0.0,471.0,471.0,1798.7222222222222,1798.7222222222222,3.8189431469686244,3.8189431469686244,0.5559502115699416,32377.0,hyperplane_gauss,36626,22,0.46416810490190985,0.23323779255151747,1,real,incremental,1249,0.30605463072657585,0.7595870070159436,False,high,slow,real/incremental/K=1/high/slow/partial/balanced/noisy,-0.012996126424521415,0.0501038567338461
scn-3a68ba296611,63390051,PageHinkley-up,0.7255655981586482,0.07587558800014449,2,1.0,2.0,1.0,0.0,1.0,0.0,0.5,1.0,0.6666666666666666,0.0,954.0,954.0,32377.0,32377.0,33.93815513626834,33.93815513626834,0.030886122864996757,32377.0,hyperplane_gauss,36626,22,0.46416810490190985,0.23323779255151747,1,real,incremental,1249,0.30605463072657585,0.7595870070159436,False,high,slow,real/incremental/K=1/high/slow/partial/balanced/noisy,0.03191489361702127,0.005192836692303415
scn-3a68ba296611,63390051,DDM,0.72882164711166,0.07531315499954871,1,1.0,1.0,1.0,0.0,0.0,0.0,1.0,1.0,1.0,0.0,1672.0,1672.0,inf,32377.0,inf,19.364234449760765,0.0,32377.0,hyperplane_gauss,36626,22,0.46416810490190985,0.23323779255151747,1,real,incremental,1249,0.30605463072657585,0.7595870070159436,False,high,slow,real/incremental/K=1/high/slow/partial/balanced/noisy,0.03517094257003306,0.0019367877392916233
scn-3a68ba296611,63390051,EDDM,0.6942963004547241,0.10205959799986886,13,1.0,13.0,0.0,1.0,13.0,0.0,0.0,0.0,0.0,1.0,,,2490.5384615384614,2490.5384615384614,,,0.40151959724495784,32377.0,hyperplane_gauss,36626,22,0.46416810490190985,0.23323779255151747,1,real,incremental,1249,0.30605463072657585,0.7595870070159436,False,high,slow,real/incremental/K=1/high/slow/partial/balanced/noisy,0.0006455959130972078,0.036462134396227475
scn-3a68ba296611,63390051,HDDM_A,0.7308707124010554,0.16501995600037844,1,1.0,1.0,1.0,0.0,0.0,0.0,1.0,1.0,1.0,0.0,1074.0,1074.0,inf,32377.0,inf,30.146182495344508,0.0,32377.0,hyperplane_gauss,36626,22,0.46416810490190985,0.23323779255151747,1,real,incremental,1249,0.30605463072657585,0.7595870070159436,False,high,slow,real/incremental/K=1/high/slow/partial/balanced/noisy,0.03722000785942847,-0.00011227755010378981
scn-3a68ba296611,63390051,HDDM_W,0.6994049289844496,0.16809835599997314,9,1.0,9.0,1.0,0.0,8.0,0.0,0.1111111111111111,1.0,0.19999999999999998,0.0,835.0,835.0,4047.125,4047.125,4.846856287425149,4.846856287425149,0.24708898291997405,32377.0,hyperplane_gauss,36626,22,0.46416810490190985,0.23323779255151747,1,real,incremental,1249,0.30605463072657585,0.7595870070159436,False,high,slow,real/incremental/K=1/high/slow/partial/balanced/noisy,0.005754224442822697,0.031353505866501985
scn-3a68ba296611,63390051,FHDDM,0.7307584348509516,0.069297516000006,1,1.0,1.0,1.0,0.0,0.0,0.0,1.0,1.0,1.0,0.0,831.0,831.0,inf,32377.0,inf,38.96149217809867,0.0,32377.0,hyperplane_gauss,36626,22,0.46416810490190985,0.23323779255151747,1,real,incremental,1249,0.30605463072657585,0.7595870070159436,False,high,slow,real/incremental/K=1/high/slow/partial/balanced/noisy,0.03710773030932468,-0.0
scn-3a68ba296611,63390051,NoDrift,0.6936507045416269,0.05589985200003866,0,1.0,0.0,0.0,1.0,0.0,0.0,,0.0,0.0,1.0,,,inf,32377.0,,,0.0,32377.0,hyperplane_gauss,36626,22,0.46416810490190985,0.23323779255151747,1,real,incremental,1249,0.30605463072657585,0.7595870070159436,False,high,slow,real/incremental/K=1/high/slow/partial/balanced/noisy,0.0,0.03710773030932468
scn-3a68ba296611,63390051,Periodic(2000),0.6773985291640936,0.06132704999981797,17,1.0,17.0,1.0,0.0,16.0,0.0,0.058823529411764705,1.0,0.1111111111111111,0.0,1812.0,1812.0,2023.5625,2023.5625,1.1167563465783665,1.1167563465783665,0.4941779658399481,32377.0,hyperplane_gauss,36626,22,0.46416810490190985,0.23323779255151747,1,real,incremental,1249,0.30605463072657585,0.7595870070159436,False,high,slow,real/incremental/K=1/high/slow/partial/balanced/noisy,-0.016252175377533318,0.053359905686858
scn-3a68ba296611,63390051,Oracle,0.7307584348509516,0.05804032299965911,1,1.0,1.0,1.0,0.0,0.0,0.0,1.0,1.0,1.0,0.0,625.0,625.0,inf,32377.0,inf,51.8032,0.0,32377.0,hyperplane_gauss,36626,22,0.46416810490190985,0.23323779255151747,1,real,incremental,1249,0.30605463072657585,0.7595870070159436,False,high,slow,real/incremental/K=1/high/slow/partial/balanced/noisy,0.03710773030932468,-0.0
scn-3a68ba296611,63390052,ADWIN,0.720934149216864,0.0688838409996606,3,1.0,3.0,1.0,0.0,2.0,0.0,0.3333333333333333,1.0,0.5,0.0,1316.0,1316.0,16188.5,16188.5,12.30129179331307,12.30129179331307,0.061772245729993513,32377.0,hyperplane_gauss,36626,22,0.46416810490190985,0.23323779255151747,1,real,incremental,1249,0.30605463072657585,0.7595870070159436,False,high,slow,real/incremental/K=1/high/slow/partial/balanced/noisy,0.028995677314320956,0.011901420311008826
scn-3a68ba296611,63390052,KSWIN,0.7028013248750912,7.894099289999758,1,1.0,1.0,0.0,1.0,1.0,0.0,0.0,0.0,0.0,1.0,,,32377.0,32377.0,,,0.030886122864996757,32377.0,hyperplane_gauss,36626,22,0.46416810490190985,0.23323779255151747,1,real,incremental,1249,0.30605463072657585,0.7595870070159436,False,high,slow,real/incremental/K=1/high/slow/partial/balanced/noisy,0.010862852972548076,0.030034244652781705
scn-3a68ba296611,63390052,PageHinkley,0.6738617863358222,0.11749807999967743,22,1.0,22.0,1.0,0.0,21.0,0.0,0.045454545454545456,1.0,0.08695652173913045,0.0,2664.0,2664.0,1541.7619047619048,1541.7619047619048,0.5787394537394538,0.5787394537394538,0.648608580164932,32377.0,hyperplane_gauss,36626,22,0.46416810490190985,0.23323779255151747,1,real,incremental,1249,0.30605463072657585,0.7595870070159436,False,high,slow,real/incremental/K=1/high/slow/partial/balanced/noisy,-0.01807668556672093,0.05897378319205071
scn-3a68ba296611,63390052,PageHinkley-up,0.7207938022792343,0.08214760000009846,1,1.0,1.0,0.0,1.0,1.0,0.0,0.0,0.0,0.0,1.0,,,32377.0,32377.0,,,0.030886122864996757,32377.0,hyperplane_gauss,36626,22,0.46416810490190985,0.23323779255151747,1,real,incremental,1249,0.30605463072657585,0.7595870070159436,False,high,slow,real/incremental/K=1/high/slow/partial/balanced/noisy,0.02885533037669119,0.01204176724863859
scn-3a68ba296611,63390052,DDM,0.7284848144613485,0.07329685500008054,1,1.0,1.0,1.0,0.0,0.0,0.0,1.0,1.0,1.0,0.0,1847.0,1847.0,inf,32377.0,inf,17.529507309149974,0.0,32377.0,hyperplane_gauss,36626,22,0.46416810490190985,0.23323779255151747,1,real,incremental,1249,0.30605463072657585,0.7595870070159436,False,high,slow,real/incremental/K=1/high/slow/partial/balanced/noisy,0.0365463425588054,0.004350755066524381
scn-3a68ba296611,63390052,EDDM,0.7033627126256106,0.0722957579996546,4,1.0,4.0,0.0,1.0,4.0,0.0,0.0,0.0,0.0,1.0,,,8094.25,8094.25,,,0.12354449145998703,32377.0,hyperplane_gauss,36626,22,0.46416810490190985,0.23323779255151747,1,real,incremental,1249,0.30605463072657585,0.7595870070159436,False,high,slow,real/incremental/K=1/high/slow/partial/balanced/noisy,0.01142424072306747,0.029472856902262312
scn-3a68ba296611,63390052,HDDM_A,0.727277830797732,0.15759646800006522,2,1.0,2.0,1.0,0.0,1.0,0.0,0.5,1.0,0.6666666666666666,0.0,1163.0,1163.0,32377.0,32377.0,27.83920894239037,27.83920894239037,0.030886122864996757,32377.0,hyperplane_gauss,36626,22,0.46416810490190985,0.23323779255151747,1,real,incremental,1249,0.30605463072657585,0.7595870070159436,False,high,slow,real/incremental/K=1/high/slow/partial/balanced/noisy,0.03533935889518891,0.005557738730140871
scn-3a68ba296611,63390052,HDDM_W,0.7046539044518049,0.1574411900000996,8,1.0,8.0,1.0,0.0,7.0,0.0,0.125,1.0,0.2222222222222222,0.0,313.0,313.0,4625.285714285715,4625.285714285715,14.777270652670015,14.777270652670015,0.2162028600549773,32377.0,hyperplane_gauss,36626,22,0.46416810490190985,0.23323779255151747,1,real,incremental,1249,0.30605463072657585,0.7595870070159436,False,high,slow,real/incremental/K=1/high/slow/partial/balanced/noisy,0.012715432549261774,0.028181665076068008
scn-3a68ba296611,63390052,FHDDM,0.7190815696401505,0.06929890499986868,4,1.0,4.0,1.0,0.0,3.0,0.0,0.25,1.0,0.4,0.0,762.0,762.0,10792.333333333334,10792.333333333334,14.163167104111986,14.163167104111986,0.09265836859499027,32377.0,hyperplane_gauss,36626,22,0.46416810490190985,0.23323779255151747,1,real,incremental,1249,0.30605463072657585,0.7595870070159436,False,high,slow,real/incremental/K=1/high/slow/partial/balanced/noisy,0.02714309773760737,0.013753999887722412
scn-3a68ba296611,63390052,NoDrift,0.6919384719025431,0.049699959000008676,0,1.0,0.0,0.0,1.0,0.0,0.0,,0.0,0.0,1.0,,,inf,32377.0,,,0.0,32377.0,hyperplane_gauss,36626,22,0.46416810490190985,0.23323779255151747,1,real,incremental,1249,0.30605463072657585,0.7595870070159436,False,high,slow,real/incremental/K=1/high/slow/partial/balanced/noisy,0.0,0.04089709762532978
scn-3a68ba296611,63390052,Periodic(2000),0.6782967495649245,0.05317173699995692,17,1.0,17.0,1.0,0.0,16.0,0.0,0.058823529411764705,1.0,0.1111111111111111,0.0,1812.0,1812.0,2023.5625,2023.5625,1.1167563465783665,1.1167563465783665,0.4941779658399481,32377.0,hyperplane_gauss,36626,22,0.46416810490190985,0.23323779255151747,1,real,incremental,1249,0.30605463072657585,0.7595870070159436,False,high,slow,real/incremental/K=1/high/slow/partial/balanced/noisy,-0.013641722337618623,0.054538819962948404
scn-3a68ba296611,63390052,Oracle,0.7328355695278729,0.05207916299968929,1,1.0,1.0,1.0,0.0,0.0,0.0,1.0,1.0,1.0,0.0,625.0,625.0,inf,32377.0,inf,51.8032,0.0,32377.0,hyperplane_gauss,36626,22,0.46416810490190985,0.23323779255151747,1,real,incremental,1249,0.30605463072657585,0.7595870070159436,False,high,slow,real/incremental/K=1/high/slow/partial/balanced/noisy,0.04089709762532978,-0.0
scn-2febe9f47e7b,1461802473,ADWIN,0.8978591346586309,0.016150068000115425,1,3.0,1.0,1.0,2.0,0.0,0.0,1.0,0.3333333333333333,0.5,0.6666666666666667,60.0,60.0,inf,16234.0,inf,90.18888888888887,0.0,16234.0,hyperplane_gauss,23234,3,0.1759224352426827,0.05376860545948148,3,prior,sudden,0,0.11048032328486443,1.0,False,medium,abrupt,prior/sudden/K=3/medium/abrupt/n/a/imbalanced/noisy,-0.011468921471620042,0.007286138346676352
scn-2febe9f47e7b,1461802473,KSWIN,0.9093280561302509,5.1402930159997595,0,3.0,0.0,0.0,3.0,0.0,0.0,,0.0,0.0,1.0,,,inf,16234.0,,,0.0,16234.0,hyperplane_gauss,23234,3,0.1759224352426827,0.05376860545948148,3,prior,sudden,0,0.11048032328486443,1.0,False,medium,abrupt,prior/sudden/K=3/medium/abrupt/n/a/imbalanced/noisy,0.0,-0.00418278312494369
scn-2febe9f47e7b,1461802473,PageHinkley,0.9001978951155888,0.030157316999975592,1,3.0,1.0,0.0,3.0,1.0,0.0,0.0,0.0,0.0,1.0,,,16234.0,16234.0,,,0.06159911297277319,16234.0,hyperplane_gauss,23234,3,0.1759224352426827,0.05376860545948148,3,prior,sudden,0,0.11048032328486443,1.0,False,medium,abrupt,prior/sudden/K=3/medium/abrupt/n/a/imbalanced/noisy,-0.00913016101466213,0.004947377889718441
scn-2febe9f47e7b,1461802473,PageHinkley-up,0.9093280561302509,0.021531716999561468,0,3.0,0.0,0.0,3.0,0.0,0.0,,0.0,0.0,1.0,,,inf,16234.0,,,0.0,16234.0,hyperplane_gauss,23234,3,0.1759224352426827,0.05376860545948148,3,prior,sudden,0,0.11048032328486443,1.0,False,medium,abrupt,prior/sudden/K=3/medium/abrupt/n/a/imbalanced/noisy,0.0,-0.00418278312494369
scn-2febe9f47e7b,1461802473,DDM,0.9143204101826032,0.022163429000102042,1,3.0,1.0,0.0,3.0,1.0,0.0,0.0,0.0,0.0,1.0,,,16234.0,16234.0,,,0.06159911297277319,16234.0,hyperplane_gauss,23234,3,0.1759224352426827,0.05376860545948148,3,prior,sudden,0,0.11048032328486443,1.0,False,medium,abrupt,prior/sudden/K=3/medium/abrupt/n/a/imbalanced/noisy,0.004992354052352321,-0.009175137177296011
scn-2febe9f47e7b,1461802473,EDDM,0.9131510299541243,0.017898516999593994,3,3.0,3.0,0.0,3.0,3.0,0.0,0.0,0.0,0.0,1.0,,,5411.333333333333,5411.333333333333,,,0.18479733891831956,16234.0,hyperplane_gauss,23234,3,0.1759224352426827,0.05376860545948148,3,prior,sudden,0,0.11048032328486443,1.0,False,medium,abrupt,prior/sudden/K=3/medium/abrupt/n/a/imbalanced/noisy,0.0038229738238734212,-0.008005756948817111
scn-2febe9f47e7b,1461802473,HDDM_A,0.9093280561302509,0.10277633800023978,0,3.0,0.0,0.0,3.0,0.0,0.0,,0.0,0.0,1.0,,,inf,16234.0,,,0.0,16234.0,hyperplane_gauss,23234,3,0.1759224352426827,0.05376860545948148,3,prior,sudden,0,0.11048032328486443,1.0,False,medium,abrupt,prior/sudden/K=3/medium/abrupt/n/a/imbalanced/noisy,0.0,-0.00418278312494369
scn-2febe9f47e7b,1461802473,HDDM_W,0.9093280561302509,0.06756920599991645,0,3.0,0.0,0.0,3.0,0.0,0.0,,0.0,0.0,1.0,,,inf,16234.0,,,0.0,16234.0,hyperplane_gauss,23234,3,0.1759224352426827,0.05376860545948148,3,prior,sudden,0,0.11048032328486443,1.0,False,medium,abrupt,prior/sudden/K=3/medium/abrupt/n/a/imbalanced/noisy,0.0,-0.00418278312494369
scn-2febe9f47e7b,1461802473,FHDDM,0.9093280561302509,0.018877354000323976,0,3.0,0.0,0.0,3.0,0.0,0.0,,0.0,0.0,1.0,,,inf,16234.0,,,0.0,16234.0,hyperplane_gauss,23234,3,0.1759224352426827,0.05376860545948148,3,prior,sudden,0,0.11048032328486443,1.0,False,medium,abrupt,prior/sudden/K=3/medium/abrupt/n/a/imbalanced/noisy,0.0,-0.00418278312494369
scn-2febe9f47e7b,1461802473,NoDrift,0.9093280561302509,0.010883041999932175,0,3.0,0.0,0.0,3.0,0.0,0.0,,0.0,0.0,1.0,,,inf,16234.0,,,0.0,16234.0,hyperplane_gauss,23234,3,0.1759224352426827,0.05376860545948148,3,prior,sudden,0,0.11048032328486443,1.0,False,medium,abrupt,prior/sudden/K=3/medium/abrupt/n/a/imbalanced/noisy,0.0,-0.00418278312494369
scn-2febe9f47e7b,1461802473,Periodic(2000),0.8930916614194477,0.01176608000014312,11,3.0,11.0,3.0,0.0,8.0,0.0,0.2727272727272727,1.0,0.42857142857142855,0.0,1217.0,1295.0,2029.25,2029.25,1.6674198849630237,1.6674198849630237,0.49279290378218554,16234.0,hyperplane_gauss,23234,3,0.1759224352426827,0.05376860545948148,3,prior,sudden,0,0.11048032328486443,1.0,False,medium,abrupt,prior/sudden/K=3/medium/abrupt/n/a/imbalanced/noisy,-0.01623639471080318,0.012053611585859492
scn-2febe9f47e7b,1461802473,Oracle,0.9051452730053072,0.01228012999990824,3,3.0,3.0,3.0,0.0,0.0,0.0,1.0,1.0,1.0,0.0,1.0,1.0,inf,16234.0,inf,16234.0,0.0,16234.0,hyperplane_gauss,23234,3,0.1759224352426827,0.05376860545948148,3,prior,sudden,0,0.11048032328486443,1.0,False,medium,abrupt,prior/sudden/K=3/medium/abrupt/n/a/imbalanced/noisy,-0.00418278312494369,-0.0
scn-2febe9f47e7b,1461802474,ADWIN,0.9015471799946029,0.01663497900017319,1,3.0,1.0,0.0,3.0,1.0,0.0,0.0,0.0,0.0,1.0,,,16234.0,16234.0,,,0.06159911297277319,16234.0,hyperplane_gauss,23234,3,0.1759224352426827,0.05376860545948148,3,prior,sudden,0,0.11048032328486443,1.0,False,medium,abrupt,prior/sudden/K=3/medium/abrupt/n/a/imbalanced/noisy,-0.012413420886929871,0.006206710443464991
scn-2febe9f47e7b,1461802474,KSWIN,0.9139606008815327,4.877986551000049,0,3.0,0.0,0.0,3.0,0.0,0.0,,0.0,0.0,1.0,,,inf,16234.0,,,0.0,16234.0,hyperplane_gauss,23234,3,0.1759224352426827,0.05376860545948148,3,prior,sudden,0,0.11048032328486443,1.0,False,medium,abrupt,prior/sudden/K=3/medium/abrupt/n/a/imbalanced/noisy,0.0,-0.00620671044346488
scn-2febe9f47e7b,1461802474,PageHinkley,0.90541512998111,0.024563270999806264,2,3.0,2.0,1.0,2.0,1.0,0.0,0.5,0.3333333333333333,0.4,0.6666666666666667,949.0,949.0,16234.0,16234.0,5.7021426062521945,5.7021426062521945,0.06159911297277319,16234.0,hyperplane_gauss,23234,3,0.1759224352426827,0.05376860545948148,3,prior,sudden,0,0.11048032328486443,1.0,False,medium,abrupt,prior/sudden/K=3/medium/abrupt/n/a/imbalanced/noisy,-0.008545470900422791,0.0023387604569579112
scn-2febe9f47e7b,1461802474,PageHinkley-up,0.9139606008815327,0.021958218999770907,0,3.0,0.0,0.0,3.0,0.0,0.0,,0.0,0.0,1.0,,,inf,16234.0,,,0.0,16234.0,hyperplane_gauss,23234,3,0.1759224352426827,0.05376860545948148,3,prior,sudden,0,0.11048032328486443,1.0,False,medium,abrupt,prior/sudden/K=3/medium/abrupt/n/a/imbalanced/noisy,0.0,-0.00620671044346488
scn-2febe9f47e7b,1461802474,DDM,0.9153998380858145,0.033322328999929596,1,3.0,1.0,0.0,3.0,1.0,0.0,0.0,0.0,0.0,1.0,,,16234.0,16234.0,,,0.06159911297277319,16234.0,hyperplane_gauss,23234,3,0.1759224352426827,0.05376860545948148,3,prior,sudden,0,0.11048032328486443,1.0,False,medium,abrupt,prior/sudden/K=3/medium/abrupt/n/a/imbalanced/noisy,0.0014392372042817403,-0.00764594764774662
scn-2febe9f47e7b,1461802474,EDDM,0.9167491229648287,0.03160508900009518,1,3.0,1.0,0.0,3.0,1.0,0.0,0.0,0.0,0.0,1.0,,,16234.0,16234.0,,,0.06159911297277319,16234.0,hyperplane_gauss,23234,3,0.1759224352426827,0.05376860545948148,3,prior,sudden,0,0.11048032328486443,1.0,False,medium,abrupt,prior/sudden/K=3/medium/abrupt/n/a/imbalanced/noisy,0.002788522083295941,-0.008995232526760821
scn-2febe9f47e7b,1461802474,HDDM_A,0.9139606008815327,0.10176701800037335,0,3.0,0.0,0.0,3.0,0.0,0.0,,0.0,0.0,1.0,,,inf,16234.0,,,0.0,16234.0,hyperplane_gauss,23234,3,0.1759224352426827,0.05376860545948148,3,prior,sudden,0,0.11048032328486443,1.0,False,medium,abrupt,prior/sudden/K=3/medium/abrupt/n/a/imbalanced/noisy,0.0,-0.00620671044346488
scn-2febe9f47e7b,1461802474,HDDM_W,0.9139606008815327,0.07028698100020847,0,3.0,0.0,0.0,3.0,0.0,0.0,,0.0,0.0,1.0,,,inf,16234.0,,,0.0,16234.0,hyperplane_gauss,23234,3,0.1759224352426827,0.05376860545948148,3,prior,sudden,0,0.11048032328486443,1.0,False,medium,abrupt,prior/sudden/K=3/medium/abrupt/n/a/imbalanced/noisy,0.0,-0.00620671044346488
scn-2febe9f47e7b,1461802474,FHDDM,0.9139606008815327,0.018617024999912246,0,3.0,0.0,0.0,3.0,0.0,0.0,,0.0,0.0,1.0,,,inf,16234.0,,,0.0,16234.0,hyperplane_gauss,23234,3,0.1759224352426827,0.05376860545948148,3,prior,sudden,0,0.11048032328486443,1.0,False,medium,abrupt,prior/sudden/K=3/medium/abrupt/n/a/imbalanced/noisy,0.0,-0.00620671044346488
scn-2febe9f47e7b,1461802474,NoDrift,0.9139606008815327,0.01115234100007001,0,3.0,0.0,0.0,3.0,0.0,0.0,,0.0,0.0,1.0,,,inf,16234.0,,,0.0,16234.0,hyperplane_gauss,23234,3,0.1759224352426827,0.05376860545948148,3,prior,sudden,0,0.11048032328486443,1.0,False,medium,abrupt,prior/sudden/K=3/medium/abrupt/n/a/imbalanced/noisy,0.0,-0.00620671044346488
scn-2febe9f47e7b,1461802474,Periodic(2000),0.8996132050013493,0.012393782999879477,11,3.0,11.0,3.0,0.0,8.0,0.0,0.2727272727272727,1.0,0.42857142857142855,0.0,1217.0,1295.0,2029.25,2029.25,1.6674198849630237,1.6674198849630237,0.49279290378218554,16234.0,hyperplane_gauss,23234,3,0.1759224352426827,0.05376860545948148,3,prior,sudden,0,0.11048032328486443,1.0,False,medium,abrupt,prior/sudden/K=3/medium/abrupt/n/a/imbalanced/noisy,-0.014347395880183411,0.008140685436718531
scn-2febe9f47e7b,1461802474,Oracle,0.9077538904380679,0.012618282999937946,3,3.0,3.0,3.0,0.0,0.0,0.0,1.0,1.0,1.0,0.0,1.0,1.0,inf,16234.0,inf,16234.0,0.0,16234.0,hyperplane_gauss,23234,3,0.1759224352426827,0.05376860545948148,3,prior,sudden,0,0.11048032328486443,1.0,False,medium,abrupt,prior/sudden/K=3/medium/abrupt/n/a/imbalanced/noisy,-0.00620671044346488,-0.0
scn-2febe9f47e7b,1461802475,ADWIN,0.8928218044436449,0.01682469100023809,1,3.0,1.0,1.0,2.0,0.0,0.0,1.0,0.3333333333333333,0.5,0.6666666666666667,924.0,924.0,inf,16234.0,inf,5.856421356421355,0.0,16234.0,hyperplane_gauss,23234,3,0.1759224352426827,0.05376860545948148,3,prior,sudden,0,0.11048032328486443,1.0,False,medium,abrupt,prior/sudden/K=3/medium/abrupt/n/a/imbalanced/noisy,-0.012593325537465061,0.011603849959521462
scn-2febe9f47e7b,1461802475,KSWIN,0.90541512998111,4.933074587000192,0,3.0,0.0,0.0,3.0,0.0,0.0,,0.0,0.0,1.0,,,inf,16234.0,,,0.0,16234.0,hyperplane_gauss,23234,3,0.1759224352426827,0.05376860545948148,3,prior,sudden,0,0.11048032328486443,1.0,False,medium,abrupt,prior/sudden/K=3/medium/abrupt/n/a/imbalanced/noisy,0.0,-0.0009894755779435993
scn-2febe9f47e7b,1461802475,PageHinkley,0.9123414590267158,0.023087216000021726,2,3.0,2.0,1.0,2.0,1.0,0.0,0.5,0.3333333333333333,0.4,0.6666666666666667,1317.0,1317.0,16234.0,16234.0,4.108833206783092,4.108833206783092,0.06159911297277319,16234.0,hyperplane_gauss,23234,3,0.1759224352426827,0.05376860545948148,3,prior,sudden,0,0.11048032328486443,1.0,False,medium,abrupt,prior/sudden/K=3/medium/abrupt/n/a/imbalanced/noisy,0.006926329045605861,-0.00791580462354946
scn-2febe9f47e7b,1461802475,PageHinkley-up,0.9123414590267158,0.02287695299992265,2,3.0,2.0,1.0,2.0,1.0,0.0,0.5,0.3333333333333333,0.4,0.6666666666666667,1317.0,1317.0,16234.0,16234.0,4.108833206783092,4.108833206783092,0.06159911297277319,16234.0,hyperplane_gauss,23234,3,0.1759224352426827,0.05376860545948148,3,prior,sudden,0,0.11048032328486443,1.0,False,medium,abrupt,prior/sudden/K=3/medium/abrupt/n/a/imbalanced/noisy,0.006926329045605861,-0.00791580462354946
scn-2febe9f47e7b,1461802475,DDM,0.920572096788702,0.02218382000000929,2,3.0,2.0,1.0,2.0,1.0,0.0,0.5,0.3333333333333333,0.4,0.6666666666666667,160.0,160.0,16234.0,16234.0,33.820833333333326,33.820833333333326,0.06159911297277319,16234.0,hyperplane_gauss,23234,3,0.1759224352426827,0.05376860545948148,3,prior,sudden,0,0.11048032328486443,1.0,False,medium,abrupt,prior/sudden/K=3/medium/abrupt/n/a/imbalanced/noisy,0.015156966807592043,-0.016146442385535642
scn-2febe9f47e7b,1461802475,EDDM,0.9139606008815327,0.023338950999914232,10,3.0,10.0,1.0,2.0,7.0,2.0,0.1,0.3333333333333333,0.15384615384615383,0.6666666666666667,14.0,14.0,2319.1428571428573,2319.1428571428573,55.217687074829925,55.217687074829925,0.43119379080941234,16234.0,hyperplane_gauss,23234,3,0.1759224352426827,0.05376860545948148,3,prior,sudden,0,0.11048032328486443,1.0,False,medium,abrupt,prior/sudden/K=3/medium/abrupt/n/a/imbalanced/noisy,0.008545470900422791,-0.00953494647836639
scn-2febe9f47e7b,1461802475,HDDM_A,0.90541512998111,0.09997391000024436,0,3.0,0.0,0.0,3.0,0.0,0.0,,0.0,0.0,1.0,,,inf,16234.0,,,0.0,16234.0,hyperplane_gauss,23234,3,0.1759224352426827,0.05376860545948148,3,prior,sudden,0,0.11048032328486443,1.0,False,medium,abrupt,prior/sudden/K=3/medium/abrupt/n/a/imbalanced/noisy,0.0,-0.0009894755779435993
scn-2febe9f47e7b,1461802475,HDDM_W,0.90541512998111,0.06842632799998682,0,3.0,0.0,0.0,3.0,0.0,0.0,,0.0,0.0,1.0,,,inf,16234.0,,,0.0,16234.0,hyperplane_gauss,23234,3,0.1759224352426827,0.05376860545948148,3,prior,sudden,0,0.11048032328486443,1.0,False,medium,abrupt,prior/sudden/K=3/medium/abrupt/n/a/imbalanced/noisy,0.0,-0.0009894755779435993
scn-2febe9f47e7b,1461802475,FHDDM,0.90541512998111,0.018184842999744433,0,3.0,0.0,0.0,3.0,0.0,0.0,,0.0,0.0,1.0,,,inf,16234.0,,,0.0,16234.0,hyperplane_gauss,23234,3,0.1759224352426827,0.05376860545948148,3,prior,sudden,0,0.11048032328486443,1.0,False,medium,abrupt,prior/sudden/K=3/medium/abrupt/n/a/imbalanced/noisy,0.0,-0.0009894755779435993
scn-2febe9f47e7b,1461802475,NoDrift,0.90541512998111,0.011219418999644404,0,3.0,0.0,0.0,3.0,0.0,0.0,,0.0,0.0,1.0,,,inf,16234.0,,,0.0,16234.0,hyperplane_gauss,23234,3,0.1759224352426827,0.05376860545948148,3,prior,sudden,0,0.11048032328486443,1.0,False,medium,abrupt,prior/sudden/K=3/medium/abrupt/n/a/imbalanced/noisy,0.0,-0.0009894755779435993
scn-2febe9f47e7b,1461802475,Periodic(2000),0.8954304218764055,0.012179233000097156,11,3.0,11.0,3.0,0.0,8.0,0.0,0.2727272727272727,1.0,0.42857142857142855,0.0,1217.0,1295.0,2029.25,2029.25,1.6674198849630237,1.6674198849630237,0.49279290378218554,16234.0,hyperplane_gauss,23234,3,0.1759224352426827,0.05376860545948148,3,prior,sudden,0,0.11048032328486443,1.0,False,medium,abrupt,prior/sudden/K=3/medium/abrupt/n/a/imbalanced/noisy,-0.00998470810470442,0.008995232526760821
scn-2febe9f47e7b,1461802475,Oracle,0.9044256544031664,0.012782214999788266,3,3.0,3.0,3.0,0.0,0.0,0.0,1.0,1.0,1.0,0.0,1.0,1.0,inf,16234.0,inf,16234.0,0.0,16234.0,hyperplane_gauss,23234,3,0.1759224352426827,0.05376860545948148,3,prior,sudden,0,0.11048032328486443,1.0,False,medium,abrupt,prior/sudden/K=3/medium/abrupt/n/a/imbalanced/noisy,-0.0009894755779435993,-0.0
scn-24551a17493c,1478193778,ADWIN,0.7724398575477869,0.05134204900014083,2,4.0,2.0,1.0,3.0,1.0,0.0,0.5,0.25,0.3333333333333333,0.75,1191.0,1191.0,5199.0,5199.0,1.0913098236775818,1.0913098236775818,0.19234468166955185,5199.0,hyperplane_gauss,14759,43,0.3639946557581425,0.15521776797249912,4,virtual,incremental,140,0.16831944182515143,0.5889886923134326,False,medium,fast,virtual/incremental/K=4/medium/fast/partial/imbalanced/noisy,-0.021295152263972716,-0.025583254596991067
scn-24551a17493c,1478193778,KSWIN,0.7937350098117596,3.0732031699999425,0,4.0,0.0,0.0,4.0,0.0,0.0,,0.0,0.0,1.0,,,inf,5199.0,,,0.0,5199.0,hyperplane_gauss,14759,43,0.3639946557581425,0.15521776797249912,4,virtual,incremental,140,0.16831944182515143,0.5889886923134326,False,medium,fast,virtual/incremental/K=4/medium/fast/partial/imbalanced/noisy,0.0,-0.046878406860963784
scn-24551a17493c,1478193778,PageHinkley,0.7140780579984011,0.09436267799992493,11,4.0,11.0,3.0,1.0,4.0,4.0,0.2727272727272727,0.75,0.39999999999999997,0.25,318.0,164.0,1299.75,1299.75,3.065448113207547,3.065448113207547,0.7693787266782074,5199.0,hyperplane_gauss,14759,43,0.3639946557581425,0.15521776797249912,4,virtual,incremental,140,0.16831944182515143,0.5889886923134326,False,medium,fast,virtual/incremental/K=4/medium/fast/partial/imbalanced/noisy,-0.07965695181335852,0.03277854495239474
scn-24551a17493c,1478193778,PageHinkley-up,0.7937350098117596,0.054463109000153054,0,4.0,0.0,0.0,4.0,0.0,0.0,,0.0,0.0,1.0,,,inf,5199.0,,,0.0,5199.0,hyperplane_gauss,14759,43,0.3639946557581425,0.15521776797249912,4,virtual,incremental,140,0.16831944182515143,0.5889886923134326,False,medium,fast,virtual/incremental/K=4/medium/fast/partial/imbalanced/noisy,0.0,-0.046878406860963784
scn-24551a17493c,1478193778,DDM,0.7937350098117596,0.05348861399988891,0,4.0,0.0,0.0,4.0,0.0,0.0,,0.0,0.0,1.0,,,inf,5199.0,,,0.0,5199.0,hyperplane_gauss,14759,43,0.3639946557581425,0.15521776797249912,4,virtual,incremental,140,0.16831944182515143,0.5889886923134326,False,medium,fast,virtual/incremental/K=4/medium/fast/partial/imbalanced/noisy,0.0,-0.046878406860963784
scn-24551a17493c,1478193778,EDDM,0.7858856021513191,0.055478743000094255,1,4.0,1.0,0.0,4.0,1.0,0.0,0.0,0.0,0.0,1.0,,,5199.0,5199.0,,,0.19234468166955185,5199.0,hyperplane_gauss,14759,43,0.3639946557581425,0.15521776797249912,4,virtual,incremental,140,0.16831944182515143,0.5889886923134326,False,medium,fast,virtual/incremental/K=4/medium/fast/partial/imbalanced/noisy,-0.00784940766044051,-0.03902899920052327
scn-24551a17493c,1478193778,HDDM_A,0.7792717494003925,0.09157982299984724,1,4.0,1.0,1.0,3.0,0.0,0.0,1.0,0.25,0.4,0.75,256.0,256.0,inf,5199.0,inf,5.0771484375,0.0,5199.0,hyperplane_gauss,14759,43,0.3639946557581425,0.15521776797249912,4,virtual,incremental,140,0.16831944182515143,0.5889886923134326,False,medium,fast,virtual/incremental/K=4/medium/fast/partial/imbalanced/noisy,-0.01446326041136714,-0.032415146449596643
scn-24551a17493c,1478193778,HDDM_W,0.7813794607166219,0.08052201800001058,1,4.0,1.0,1.0,3.0,0.0,0.0,1.0,0.25,0.4,0.75,665.0,665.0,inf,5199.0,inf,1.9545112781954888,0.0,5199.0,hyperplane_gauss,14759,43,0.3639946557581425,0.15521776797249912,4,virtual,incremental,140,0.16831944182515143,0.5889886923134326,False,medium,fast,virtual/incremental/K=4/medium/fast/partial/imbalanced/noisy,-0.012355549095137697,-0.03452285776582609
scn-24551a17493c,1478193778,FHDDM,0.7937350098117596,0.04782373599982748,0,4.0,0.0,0.0,4.0,0.0,0.0,,0.0,0.0,1.0,,,inf,5199.0,,,0.0,5199.0,hyperplane_gauss,14759,43,0.3639946557581425,0.15521776797249912,4,virtual,incremental,140,0.16831944182515143,0.5889886923134326,False,medium,fast,virtual/incremental/K=4/medium/fast/partial/imbalanced/noisy,0.0,-0.046878406860963784
scn-24551a17493c,1478193778,NoDrift,0.7937350098117596,0.043201844000122946,0,4.0,0.0,0.0,4.0,0.0,0.0,,0.0,0.0,1.0,,,inf,5199.0,,,0.0,5199.0,hyperplane_gauss,14759,43,0.3639946557581425,0.15521776797249912,4,virtual,incremental,140,0.16831944182515143,0.5889886923134326,False,medium,fast,virtual/incremental/K=4/medium/fast/partial/imbalanced/noisy,0.0,-0.046878406860963784
scn-24551a17493c,1478193778,Periodic(2000),0.7331928192455847,0.04819242099983967,6,4.0,6.0,4.0,0.0,2.0,0.0,0.6666666666666666,1.0,0.8,0.0,1191.0,1191.0,2599.5,2599.5,2.1826196473551636,2.1826196473551636,0.3846893633391037,5199.0,hyperplane_gauss,14759,43,0.3639946557581425,0.15521776797249912,4,virtual,incremental,140,0.16831944182515143,0.5889886923134326,False,medium,fast,virtual/incremental/K=4/medium/fast/partial/imbalanced/noisy,-0.060542190566174936,0.013663783705211152
scn-24551a17493c,1478193778,Oracle,0.7468566029507958,0.05110068099975251,4,4.0,4.0,4.0,0.0,0.0,0.0,1.0,1.0,1.0,0.0,71.0,71.0,inf,5199.0,inf,73.22535211267606,0.0,5199.0,hyperplane_gauss,14759,43,0.3639946557581425,0.15521776797249912,4,virtual,incremental,140,0.16831944182515143,0.5889886923134326,False,medium,fast,virtual/incremental/K=4/medium/fast/partial/imbalanced/noisy,-0.046878406860963784,-0.0
scn-24551a17493c,1478193779,ADWIN,0.7709862635365943,0.04884750399969562,2,4.0,2.0,1.0,3.0,1.0,0.0,0.5,0.25,0.3333333333333333,0.75,1671.0,1671.0,5199.0,5199.0,0.7778276481149012,0.7778276481149012,0.19234468166955185,5199.0,hyperplane_gauss,14759,43,0.3639946557581425,0.15521776797249912,4,virtual,incremental,140,0.16831944182515143,0.5889886923134326,False,medium,fast,virtual/incremental/K=4/medium/fast/partial/imbalanced/noisy,-0.0224580274729268,-0.02478377789083508
scn-24551a17493c,1478193779,KSWIN,0.7656079656951813,3.032211472000199,2,4.0,2.0,1.0,3.0,1.0,0.0,0.5,0.25,0.3333333333333333,0.75,1447.0,1447.0,5199.0,5199.0,0.8982377332411887,0.8982377332411887,0.19234468166955185,5199.0,hyperplane_gauss,14759,43,0.3639946557581425,0.15521776797249912,4,virtual,incremental,140,0.16831944182515143,0.5889886923134326,False,medium,fast,virtual/incremental/K=4/medium/fast/partial/imbalanced/noisy,-0.02783632531433977,-0.019405480049422108
scn-24551a17493c,1478193779,PageHinkley,0.707754924049713,0.07013455300011628,11,4.0,11.0,4.0,0.0,2.0,5.0,0.36363636363636365,1.0,0.5333333333333333,0.0,699.75,508.0,2599.5,2599.5,3.714898177920686,3.714898177920686,0.3846893633391037,5199.0,hyperplane_gauss,14759,43,0.3639946557581425,0.15521776797249912,4,virtual,incremental,140,0.16831944182515143,0.5889886923134326,False,medium,fast,virtual/incremental/K=4/medium/fast/partial/imbalanced/noisy,-0.08568936695980811,0.03844756159604623
scn-24551a17493c,1478193779,PageHinkley-up,0.7934442910095211,0.044631905000187544,0,4.0,0.0,0.0,4.0,0.0,0.0,,0.0,0.0,1.0,,,inf,5199.0,,,0.0,5199.0,hyperplane_gauss,14759,43,0.3639946557581425,0.15521776797249912,4,virtual,incremental,140,0.16831944182515143,0.5889886923134326,False,medium,fast,virtual/incremental/K=4/medium/fast/partial/imbalanced/noisy,0.0,-0.04724180536376188
scn-24551a17493c,1478193779,DDM,0.7891561886765026,0.046260211000117124,1,4.0,1.0,0.0,4.0,1.0,0.0,0.0,0.0,0.0,1.0,,,5199.0,5199.0,,,0.19234468166955185,5199.0,hyperplane_gauss,14759,43,0.3639946557581425,0.15521776797249912,4,virtual,incremental,140,0.16831944182515143,0.5889886923134326,False,medium,fast,virtual/incremental/K=4/medium/fast/partial/imbalanced/noisy,-0.004288102333018462,-0.04295370303074342
scn-24551a17493c,1478193779,EDDM,0.7871938367613925,0.05930225900010555,4,4.0,4.0,0.0,4.0,4.0,0.0,0.0,0.0,0.0,1.0,,,1299.75,1299.75,,,0.7693787266782074,5199.0,hyperplane_gauss,14759,43,0.3639946557581425,0.15521776797249912,4,virtual,incremental,140,0.16831944182515143,0.5889886923134326,False,medium,fast,virtual/incremental/K=4/medium/fast/partial/imbalanced/noisy,-0.006250454248128534,-0.040991351115633345
scn-24551a17493c,1478193779,HDDM_A,0.7749836470673741,0.09221430600018721,1,4.0,1.0,0.0,4.0,1.0,0.0,0.0,0.0,0.0,1.0,,,5199.0,5199.0,,,0.19234468166955185,5199.0,hyperplane_gauss,14759,43,0.3639946557581425,0.15521776797249912,4,virtual,incremental,140,0.16831944182515143,0.5889886923134326,False,medium,fast,virtual/incremental/K=4/medium/fast/partial/imbalanced/noisy,-0.01846064394214697,-0.02878116142161491
scn-24551a17493c,1478193779,HDDM_W,0.7749836470673741,0.07538548399998035,1,4.0,1.0,0.0,4.0,1.0,0.0,0.0,0.0,0.0,1.0,,,5199.0,5199.0,,,0.19234468166955185,5199.0,hyperplane_gauss,14759,43,0.3639946557581425,0.15521776797249912,4,virtual,incremental,140,0.16831944182515143,0.5889886923134326,False,medium,fast,virtual/incremental/K=4/medium/fast/partial/imbalanced/noisy,-0.01846064394214697,-0.02878116142161491
scn-24551a17493c,1478193779,FHDDM,0.7789810305981539,0.04458809300012945,1,4.0,1.0,1.0,3.0,0.0,0.0,1.0,0.25,0.4,0.75,1398.0,1398.0,inf,5199.0,inf,0.9297210300429185,0.0,5199.0,hyperplane_gauss,14759,43,0.3639946557581425,0.15521776797249912,4,virtual,incremental,140,0.16831944182515143,0.5889886923134326,False,medium,fast,virtual/incremental/K=4/medium/fast/partial/imbalanced/noisy,-0.01446326041136714,-0.03277854495239474
scn-24551a17493c,1478193779,NoDrift,0.7934442910095211,0.0378874299999552,0,4.0,0.0,0.0,4.0,0.0,0.0,,0.0,0.0,1.0,,,inf,5199.0,,,0.0,5199.0,hyperplane_gauss,14759,43,0.3639946557581425,0.15521776797249912,4,virtual,incremental,140,0.16831944182515143,0.5889886923134326,False,medium,fast,virtual/incremental/K=4/medium/fast/partial/imbalanced/noisy,0.0,-0.04724180536376188
scn-24551a17493c,1478193779,Periodic(2000),0.7257068100879425,0.041307252000024164,6,4.0,6.0,4.0,0.0,2.0,0.0,0.6666666666666666,1.0,0.8,0.0,1191.0,1191.0,2599.5,2599.5,2.1826196473551636,2.1826196473551636,0.3846893633391037,5199.0,hyperplane_gauss,14759,43,0.3639946557581425,0.15521776797249912,4,virtual,incremental,140,0.16831944182515143,0.5889886923134326,False,medium,fast,virtual/incremental/K=4/medium/fast/partial/imbalanced/noisy,-0.06773748092157861,0.020495675557816728
scn-24551a17493c,1478193779,Oracle,0.7462024856457592,0.04381253800011109,4,4.0,4.0,4.0,0.0,0.0,0.0,1.0,1.0,1.0,0.0,71.0,71.0,inf,5199.0,inf,73.22535211267606,0.0,5199.0,hyperplane_gauss,14759,43,0.3639946557581425,0.15521776797249912,4,virtual,incremental,140,0.16831944182515143,0.5889886923134326,False,medium,fast,virtual/incremental/K=4/medium/fast/partial/imbalanced/noisy,-0.04724180536376188,-0.0
scn-24551a17493c,1478193780,ADWIN,0.7973689948397412,0.045821311000054266,0,4.0,0.0,0.0,4.0,0.0,0.0,,0.0,0.0,1.0,,,inf,5199.0,,,0.0,5199.0,hyperplane_gauss,14759,43,0.3639946557581425,0.15521776797249912,4,virtual,incremental,140,0.16831944182515143,0.5889886923134326,False,medium,fast,virtual/incremental/K=4/medium/fast/partial/imbalanced/noisy,0.0,-0.04956755578167016
scn-24551a17493c,1478193780,KSWIN,0.7973689948397412,3.1204811990000962,0,4.0,0.0,0.0,4.0,0.0,0.0,,0.0,0.0,1.0,,,inf,5199.0,,,0.0,5199.0,hyperplane_gauss,14759,43,0.3639946557581425,0.15521776797249912,4,virtual,incremental,140,0.16831944182515143,0.5889886923134326,False,medium,fast,virtual/incremental/K=4/medium/fast/partial/imbalanced/noisy,0.0,-0.04956755578167016
scn-24551a17493c,1478193780,PageHinkley,0.7535431354022821,0.061261222000212,6,4.0,6.0,2.0,2.0,2.0,2.0,0.3333333333333333,0.5,0.4,0.5,578.5,578.5,2599.5,2599.5,2.2467588591184096,2.2467588591184096,0.3846893633391037,5199.0,hyperplane_gauss,14759,43,0.3639946557581425,0.15521776797249912,4,virtual,incremental,140,0.16831944182515143,0.5889886923134326,False,medium,fast,virtual/incremental/K=4/medium/fast/partial/imbalanced/noisy,-0.04382585943745909,-0.005741696344211067
scn-24551a17493c,1478193780,PageHinkley-up,0.7973689948397412,0.046886786999948526,0,4.0,0.0,0.0,4.0,0.0,0.0,,0.0,0.0,1.0,,,inf,5199.0,,,0.0,5199.0,hyperplane_gauss,14759,43,0.3639946557581425,0.15521776797249912,4,virtual,incremental,140,0.16831944182515143,0.5889886923134326,False,medium,fast,virtual/incremental/K=4/medium/fast/partial/imbalanced/noisy,0.0,-0.04956755578167016
scn-24551a17493c,1478193780,DDM,0.7973689948397412,0.04529836800020348,0,4.0,0.0,0.0,4.0,0.0,0.0,,0.0,0.0,1.0,,,inf,5199.0,,,0.0,5199.0,hyperplane_gauss,14759,43,0.3639946557581425,0.15521776797249912,4,virtual,incremental,140,0.16831944182515143,0.5889886923134326,False,medium,fast,virtual/incremental/K=4/medium/fast/partial/imbalanced/noisy,0.0,-0.04956755578167016
scn-24551a17493c,1478193780,EDDM,0.7850134457446035,0.06041227100013202,4,4.0,4.0,0.0,4.0,4.0,0.0,0.0,0.0,0.0,1.0,,,1299.75,1299.75,,,0.7693787266782074,5199.0,hyperplane_gauss,14759,43,0.3639946557581425,0.15521776797249912,4,virtual,incremental,140,0.16831944182515143,0.5889886923134326,False,medium,fast,virtual/incremental/K=4/medium/fast/partial/imbalanced/noisy,-0.012355549095137697,-0.03721200668653246
scn-24551a17493c,1478193780,HDDM_A,0.7973689948397412,0.07700285499959136,0,4.0,0.0,0.0,4.0,0.0,0.0,,0.0,0.0,1.0,,,inf,5199.0,,,0.0,5199.0,hyperplane_gauss,14759,43,0.3639946557581425,0.15521776797249912,4,virtual,incremental,140,0.16831944182515143,0.5889886923134326,False,medium,fast,virtual/incremental/K=4/medium/fast/partial/imbalanced/noisy,0.0,-0.04956755578167016
scn-24551a17493c,1478193780,HDDM_W,0.78770259466531,0.07607298499988246,1,4.0,1.0,0.0,4.0,1.0,0.0,0.0,0.0,0.0,1.0,,,5199.0,5199.0,,,0.19234468166955185,5199.0,hyperplane_gauss,14759,43,0.3639946557581425,0.15521776797249912,4,virtual,incremental,140,0.16831944182515143,0.5889886923134326,False,medium,fast,virtual/incremental/K=4/medium/fast/partial/imbalanced/noisy,-0.009666400174431211,-0.03990115560723895
scn-24551a17493c,1478193780,FHDDM,0.7927174940039247,0.04394714600039151,1,4.0,1.0,0.0,4.0,1.0,0.0,0.0,0.0,0.0,1.0,,,5199.0,5199.0,,,0.19234468166955185,5199.0,hyperplane_gauss,14759,43,0.3639946557581425,0.15521776797249912,4,virtual,incremental,140,0.16831944182515143,0.5889886923134326,False,medium,fast,virtual/incremental/K=4/medium/fast/partial/imbalanced/noisy,-0.004651500835816558,-0.0449160549458536
scn-24551a17493c,1478193780,NoDrift,0.7973689948397412,0.04140645699999368,0,4.0,0.0,0.0,4.0,0.0,0.0,,0.0,0.0,1.0,,,inf,5199.0,,,0.0,5199.0,hyperplane_gauss,14759,43,0.3639946557581425,0.15521776797249912,4,virtual,incremental,140,0.16831944182515143,0.5889886923134326,False,medium,fast,virtual/incremental/K=4/medium/fast/partial/imbalanced/noisy,0.0,-0.04956755578167016
scn-24551a17493c,1478193780,Periodic(2000),0.7291954357148048,0.04269094499977655,6,4.0,6.0,4.0,0.0,2.0,0.0,0.6666666666666666,1.0,0.8,0.0,1191.0,1191.0,2599.5,2599.5,2.1826196473551636,2.1826196473551636,0.3846893633391037,5199.0,hyperplane_gauss,14759,43,0.3639946557581425,0.15521776797249912,4,virtual,incremental,140,0.16831944182515143,0.5889886923134326,False,medium,fast,virtual/incremental/K=4/medium/fast/partial/imbalanced/noisy,-0.06817355912493639,0.01860600334326623
scn-24551a17493c,1478193780,Oracle,0.7478014390580711,0.047663409000051615,4,4.0,4.0,4.0,0.0,0.0,0.0,1.0,1.0,1.0,0.0,71.0,71.0,inf,5199.0,inf,73.22535211267606,0.0,5199.0,hyperplane_gauss,14759,43,0.3639946557581425,0.15521776797249912,4,virtual,incremental,140,0.16831944182515143,0.5889886923134326,False,medium,fast,virtual/incremental/K=4/medium/fast/partial/imbalanced/noisy,-0.04956755578167016,-0.0
scn-fdf21bc817b1,1266593514,ADWIN,0.8180189577758629,0.04667925700005071,2,2.0,2.0,2.0,0.0,0.0,0.0,1.0,1.0,1.0,0.0,983.5,983.5,inf,40098.0,inf,40.77071682765633,0.0,40098.0,hyperplane_gauss,45098,7,0.10383031973615289,0.12959135994315146,2,real,sudden,0,0.189878642773631,0.9098722709875021,True,medium,abrupt,real/sudden/K=2/recurring/medium/abrupt/partial/imbalanced/noisy,0.017052927570411325,0.0043085854233752
scn-fdf21bc817b1,1266593514,KSWIN,0.805319969159599,9.372602366000137,1,2.0,1.0,0.0,2.0,1.0,0.0,0.0,0.0,0.0,1.0,,,40098.0,40098.0,,,0.024938899695745424,40098.0,hyperplane_gauss,45098,7,0.10383031973615289,0.12959135994315146,2,real,sudden,0,0.189878642773631,0.9098722709875021,True,medium,abrupt,real/sudden/K=2/recurring/medium/abrupt/partial/imbalanced/noisy,0.004353938954147485,0.01700757403963904
scn-fdf21bc817b1,1266593514,PageHinkley,0.8177695133566149,0.052274319999924046,6,2.0,6.0,1.0,1.0,5.0,0.0,0.16666666666666666,0.5,0.25,0.5,1107.0,1107.0,8019.6,8019.6,3.6222222222222222,3.6222222222222222,0.12469449847872711,40098.0,hyperplane_gauss,45098,7,0.10383031973615289,0.12959135994315146,2,real,sudden,0,0.189878642773631,0.9098722709875021,True,medium,abrupt,real/sudden/K=2/recurring/medium/abrupt/partial/imbalanced/noisy,0.016803483151163312,0.004558029842623212
scn-fdf21bc817b1,1266593514,PageHinkley-up,0.8202186040183228,0.049907652999991114,2,2.0,2.0,2.0,0.0,0.0,0.0,1.0,1.0,1.0,0.0,338.5,338.5,inf,40098.0,inf,118.45790251107829,0.0,40098.0,hyperplane_gauss,45098,7,0.10383031973615289,0.12959135994315146,2,real,sudden,0,0.189878642773631,0.9098722709875021,True,medium,abrupt,real/sudden/K=2/recurring/medium/abrupt/partial/imbalanced/noisy,0.019252573812871265,0.002108939180915259
scn-fdf21bc817b1,1266593514,DDM,0.8009660302054515,0.05043591699995886,0,2.0,0.0,0.0,2.0,0.0,0.0,,0.0,0.0,1.0,,,inf,40098.0,,,0.0,40098.0,hyperplane_gauss,45098,7,0.10383031973615289,0.12959135994315146,2,real,sudden,0,0.189878642773631,0.9098722709875021,True,medium,abrupt,real/sudden/K=2/recurring/medium/abrupt/partial/imbalanced/noisy,0.0,0.021361512993786524
scn-fdf21bc817b1,1266593514,EDDM,0.8009660302054515,0.05686672299998463,7,2.0,7.0,0.0,2.0,7.0,0.0,0.0,0.0,0.0,1.0,,,5728.285714285715,5728.285714285715,,,0.17457229787021797,40098.0,hyperplane_gauss,45098,7,0.10383031973615289,0.12959135994315146,2,real,sudden,0,0.189878642773631,0.9098722709875021,True,medium,abrupt,real/sudden/K=2/recurring/medium/abrupt/partial/imbalanced/noisy,0.0,0.021361512993786524
scn-fdf21bc817b1,1266593514,HDDM_A,0.817792190122001,0.14626511300002676,2,2.0,2.0,2.0,0.0,0.0,0.0,1.0,1.0,1.0,0.0,964.5,964.5,inf,40098.0,inf,41.573872472783826,0.0,40098.0,hyperplane_gauss,45098,7,0.10383031973615289,0.12959135994315146,2,real,sudden,0,0.189878642773631,0.9098722709875021,True,medium,abrupt,real/sudden/K=2/recurring/medium/abrupt/partial/imbalanced/noisy,0.016826159916549455,0.00453535307723707
scn-fdf21bc817b1,1266593514,HDDM_W,0.8169985033334846,0.14410979800004498,3,2.0,3.0,1.0,1.0,2.0,0.0,0.3333333333333333,0.5,0.4,0.5,529.0,529.0,20049.0,20049.0,18.949905482041586,18.949905482041586,0.04987779939149085,40098.0,hyperplane_gauss,45098,7,0.10383031973615289,0.12959135994315146,2,real,sudden,0,0.189878642773631,0.9098722709875021,True,medium,abrupt,real/sudden/K=2/recurring/medium/abrupt/partial/imbalanced/noisy,0.01603247312803302,0.005329039865753504
scn-fdf21bc817b1,1266593514,FHDDM,0.8187219375028346,0.04352623600016159,2,2.0,2.0,2.0,0.0,0.0,0.0,1.0,1.0,1.0,0.0,832.0,832.0,inf,40098.0,inf,48.19471153846154,0.0,40098.0,hyperplane_gauss,45098,7,0.10383031973615289,0.12959135994315146,2,real,sudden,0,0.189878642773631,0.9098722709875021,True,medium,abrupt,real/sudden/K=2/recurring/medium/abrupt/partial/imbalanced/noisy,0.017755907297383078,0.0036056056964034466
scn-fdf21bc817b1,1266593514,NoDrift,0.8009660302054515,0.02844642299987754,0,2.0,0.0,0.0,2.0,0.0,0.0,,0.0,0.0,1.0,,,inf,40098.0,,,0.0,40098.0,hyperplane_gauss,45098,7,0.10383031973615289,0.12959135994315146,2,real,sudden,0,0.189878642773631,0.9098722709875021,True,medium,abrupt,real/sudden/K=2/recurring/medium/abrupt/partial/imbalanced/noisy,0.0,0.021361512993786524
scn-fdf21bc817b1,1266593514,Periodic(2000),0.8161594630141956,0.03154377700002442,22,2.0,22.0,2.0,0.0,20.0,0.0,0.09090909090909091,1.0,0.16666666666666669,0.0,1951.5,1951.5,2004.9,2004.9,1.0273635664873175,1.0273635664873175,0.49877799391490846,40098.0,hyperplane_gauss,45098,7,0.10383031973615289,0.12959135994315146,2,real,sudden,0,0.189878642773631,0.9098722709875021,True,medium,abrupt,real/sudden/K=2/recurring/medium/abrupt/partial/imbalanced/noisy,0.015193432808744078,0.006168080185042446
scn-fdf21bc817b1,1266593514,Oracle,0.8223275431992381,0.030441252999935386,2,2.0,2.0,2.0,0.0,0.0,0.0,1.0,1.0,1.0,0.0,1.0,1.0,inf,40098.0,inf,40098.0,0.0,40098.0,hyperplane_gauss,45098,7,0.10383031973615289,0.12959135994315146,2,real,sudden,0,0.189878642773631,0.9098722709875021,True,medium,abrupt,real/sudden/K=2/recurring/medium/abrupt/partial/imbalanced/noisy,0.021361512993786524,-0.0
scn-fdf21bc817b1,1266593515,ADWIN,0.8137784026486462,0.0432812889998786,2,2.0,2.0,0.0,2.0,2.0,0.0,0.0,0.0,0.0,1.0,,,20049.0,20049.0,,,0.04987779939149085,40098.0,hyperplane_gauss,45098,7,0.10383031973615289,0.12959135994315146,2,real,sudden,0,0.189878642773631,0.9098722709875021,True,medium,abrupt,real/sudden/K=2/recurring/medium/abrupt/partial/imbalanced/noisy,0.013696766293255891,0.006893736677400342
scn-fdf21bc817b1,1266593515,KSWIN,0.8000816363553903,9.53160914199998,0,2.0,0.0,0.0,2.0,0.0,0.0,,0.0,0.0,1.0,,,inf,40098.0,,,0.0,40098.0,hyperplane_gauss,45098,7,0.10383031973615289,0.12959135994315146,2,real,sudden,0,0.189878642773631,0.9098722709875021,True,medium,abrupt,real/sudden/K=2/recurring/medium/abrupt/partial/imbalanced/noisy,0.0,0.020590502970656233
scn-fdf21bc817b1,1266593515,PageHinkley,0.8164089074334437,0.05622837900000377,4,2.0,4.0,2.0,0.0,2.0,0.0,0.5,1.0,0.6666666666666666,0.0,1374.0,1374.0,20049.0,20049.0,14.591703056768559,14.591703056768559,0.04987779939149085,40098.0,hyperplane_gauss,45098,7,0.10383031973615289,0.12959135994315146,2,real,sudden,0,0.189878642773631,0.9098722709875021,True,medium,abrupt,real/sudden/K=2/recurring/medium/abrupt/partial/imbalanced/noisy,0.01632727107805343,0.0042632318926028034
scn-fdf21bc817b1,1266593515,PageHinkley-up,0.8164089074334437,0.05390609799997037,4,2.0,4.0,2.0,0.0,2.0,0.0,0.5,1.0,0.6666666666666666,0.0,1374.0,1374.0,20049.0,20049.0,14.591703056768559,14.591703056768559,0.04987779939149085,40098.0,hyperplane_gauss,45098,7,0.10383031973615289,0.12959135994315146,2,real,sudden,0,0.189878642773631,0.9098722709875021,True,medium,abrupt,real/sudden/K=2/recurring/medium/abrupt/partial/imbalanced/noisy,0.01632727107805343,0.0042632318926028034
scn-fdf21bc817b1,1266593515,DDM,0.8121456755408408,0.05323729799965804,2,2.0,2.0,0.0,2.0,2.0,0.0,0.0,0.0,0.0,1.0,,,20049.0,20049.0,,,0.04987779939149085,40098.0,hyperplane_gauss,45098,7,0.10383031973615289,0.12959135994315146,2,real,sudden,0,0.189878642773631,0.9098722709875021,True,medium,abrupt,real/sudden/K=2/recurring/medium/abrupt/partial/imbalanced/noisy,0.012064039185450515,0.008526463785205718
scn-fdf21bc817b1,1266593515,EDDM,0.8048664338518754,0.06818379799960894,25,2.0,25.0,0.0,2.0,25.0,0.0,0.0,0.0,0.0,1.0,,,1603.92,1603.92,,,0.6234724923936356,40098.0,hyperplane_gauss,45098,7,0.10383031973615289,0.12959135994315146,2,real,sudden,0,0.189878642773631,0.9098722709875021,True,medium,abrupt,real/sudden/K=2/recurring/medium/abrupt/partial/imbalanced/noisy,0.004784797496485083,0.01580570547417115
scn-fdf21bc817b1,1266593515,HDDM_A,0.8121910290716132,0.14747395199992752,2,2.0,2.0,0.0,2.0,2.0,0.0,0.0,0.0,0.0,1.0,,,20049.0,20049.0,,,0.04987779939149085,40098.0,hyperplane_gauss,45098,7,0.10383031973615289,0.12959135994315146,2,real,sudden,0,0.189878642773631,0.9098722709875021,True,medium,abrupt,real/sudden/K=2/recurring/medium/abrupt/partial/imbalanced/noisy,0.012109392716222911,0.008481110254433322
scn-fdf21bc817b1,1266593515,HDDM_W,0.8186765839720622,0.14983563999976468,3,2.0,3.0,2.0,0.0,1.0,0.0,0.6666666666666666,1.0,0.8,0.0,752.0,752.0,40098.0,40098.0,53.3218085106383,53.3218085106383,0.024938899695745424,40098.0,hyperplane_gauss,45098,7,0.10383031973615289,0.12959135994315146,2,real,sudden,0,0.189878642773631,0.9098722709875021,True,medium,abrupt,real/sudden/K=2/recurring/medium/abrupt/partial/imbalanced/noisy,0.01859494761667191,0.001995555353984324
scn-fdf21bc817b1,1266593515,FHDDM,0.8142546147217561,0.04675754100026097,2,2.0,2.0,1.0,1.0,1.0,0.0,0.5,0.5,0.5,0.5,42.0,42.0,40098.0,40098.0,477.35714285714283,477.35714285714283,0.024938899695745424,40098.0,hyperplane_gauss,45098,7,0.10383031973615289,0.12959135994315146,2,real,sudden,0,0.189878642773631,0.9098722709875021,True,medium,abrupt,real/sudden/K=2/recurring/medium/abrupt/partial/imbalanced/noisy,0.014172978366365774,0.006417524604290459
scn-fdf21bc817b1,1266593515,NoDrift,0.8000816363553903,0.029981834999944112,0,2.0,0.0,0.0,2.0,0.0,0.0,,0.0,0.0,1.0,,,inf,40098.0,,,0.0,40098.0,hyperplane_gauss,45098,7,0.10383031973615289,0.12959135994315146,2,real,sudden,0,0.189878642773631,0.9098722709875021,True,medium,abrupt,real/sudden/K=2/recurring/medium/abrupt/partial/imbalanced/noisy,0.0,0.020590502970656233
scn-fdf21bc817b1,1266593515,Periodic(2000),0.814980271214114,0.03223646500009636,22,2.0,22.0,2.0,0.0,20.0,0.0,0.09090909090909091,1.0,0.16666666666666669,0.0,1951.5,1951.5,2004.9,2004.9,1.0273635664873175,1.0273635664873175,0.49877799391490846,40098.0,hyperplane_gauss,45098,7,0.10383031973615289,0.12959135994315146,2,real,sudden,0,0.189878642773631,0.9098722709875021,True,medium,abrupt,real/sudden/K=2/recurring/medium/abrupt/partial/imbalanced/noisy,0.01489863485872367,0.005691868111932563
scn-fdf21bc817b1,1266593515,Oracle,0.8206721393260465,0.03176070700010314,2,2.0,2.0,2.0,0.0,0.0,0.0,1.0,1.0,1.0,0.0,1.0,1.0,inf,40098.0,inf,40098.0,0.0,40098.0,hyperplane_gauss,45098,7,0.10383031973615289,0.12959135994315146,2,real,sudden,0,0.189878642773631,0.9098722709875021,True,medium,abrupt,real/sudden/K=2/recurring/medium/abrupt/partial/imbalanced/noisy,0.020590502970656233,-0.0
scn-fdf21bc817b1,1266593516,ADWIN,0.8183817860220418,0.04480555700001787,2,2.0,2.0,2.0,0.0,0.0,0.0,1.0,1.0,1.0,0.0,935.5,935.5,inf,40098.0,inf,42.862640299305184,0.0,40098.0,hyperplane_gauss,45098,7,0.10383031973615289,0.12959135994315146,2,real,sudden,0,0.189878642773631,0.9098722709875021,True,medium,abrupt,real/sudden/K=2/recurring/medium/abrupt/partial/imbalanced/noisy,0.020204997959091142,0.0027438886117284733
scn-fdf21bc817b1,1266593516,KSWIN,0.8148895641525693,9.363146679000238,2,2.0,2.0,0.0,2.0,2.0,0.0,0.0,0.0,0.0,1.0,,,20049.0,20049.0,,,0.04987779939149085,40098.0,hyperplane_gauss,45098,7,0.10383031973615289,0.12959135994315146,2,real,sudden,0,0.189878642773631,0.9098722709875021,True,medium,abrupt,real/sudden/K=2/recurring/medium/abrupt/partial/imbalanced/noisy,0.01671277608961863,0.006236110481200985
scn-fdf21bc817b1,1266593516,PageHinkley,0.8195609778221234,0.05199274899996453,4,2.0,4.0,2.0,0.0,2.0,0.0,0.5,1.0,0.6666666666666666,0.0,307.0,307.0,20049.0,20049.0,65.30618892508143,65.30618892508143,0.04987779939149085,40098.0,hyperplane_gauss,45098,7,0.10383031973615289,0.12959135994315146,2,real,sudden,0,0.189878642773631,0.9098722709875021,True,medium,abrupt,real/sudden/K=2/recurring/medium/abrupt/partial/imbalanced/noisy,0.021384189759172778,0.0015646968116468374
scn-fdf21bc817b1,1266593516,PageHinkley-up,0.8199238060683024,0.051204569000219635,3,2.0,3.0,2.0,0.0,1.0,0.0,0.6666666666666666,1.0,0.8,0.0,285.5,285.5,40098.0,40098.0,140.44833625218914,140.44833625218914,0.024938899695745424,40098.0,hyperplane_gauss,45098,7,0.10383031973615289,0.12959135994315146,2,real,sudden,0,0.189878642773631,0.9098722709875021,True,medium,abrupt,real/sudden/K=2/recurring/medium/abrupt/partial/imbalanced/noisy,0.021747018005351726,0.0012018685654678896
scn-fdf21bc817b1,1266593516,DDM,0.8123951199600888,0.05094869300000937,2,2.0,2.0,1.0,1.0,1.0,0.0,0.5,0.5,0.5,0.5,1136.0,1136.0,40098.0,40098.0,17.648767605633804,17.648767605633804,0.024938899695745424,40098.0,hyperplane_gauss,45098,7,0.10383031973615289,0.12959135994315146,2,real,sudden,0,0.189878642773631,0.9098722709875021,True,medium,abrupt,real/sudden/K=2/recurring/medium/abrupt/partial/imbalanced/noisy,0.01421833189713817,0.008730554673681445
scn-fdf21bc817b1,1266593516,EDDM,0.7984942627783573,0.044762803000139684,4,2.0,4.0,0.0,2.0,4.0,0.0,0.0,0.0,0.0,1.0,,,10024.5,10024.5,,,0.0997555987829817,40098.0,hyperplane_gauss,45098,7,0.10383031973615289,0.12959135994315146,2,real,sudden,0,0.189878642773631,0.9098722709875021,True,medium,abrupt,real/sudden/K=2/recurring/medium/abrupt/partial/imbalanced/noisy,0.0003174747154066626,0.022631411855412953
scn-fdf21bc817b1,1266593516,HDDM_A,0.8176107759989115,0.15160094200018648,3,2.0,3.0,2.0,0.0,1.0,0.0,0.6666666666666666,1.0,0.8,0.0,1136.0,1136.0,40098.0,40098.0,35.29753521126761,35.29753521126761,0.024938899695745424,40098.0,hyperplane_gauss,45098,7,0.10383031973615289,0.12959135994315146,2,real,sudden,0,0.189878642773631,0.9098722709875021,True,medium,abrupt,real/sudden/K=2/recurring/medium/abrupt/partial/imbalanced/noisy,0.01943398793596085,0.003514898634858765
scn-fdf21bc817b1,1266593516,HDDM_W,0.8193568869336478,0.14357281899992813,3,2.0,3.0,2.0,0.0,1.0,0.0,0.6666666666666666,1.0,0.8,0.0,192.5,192.5,40098.0,40098.0,208.3012987012987,208.3012987012987,0.024938899695745424,40098.0,hyperplane_gauss,45098,7,0.10383031973615289,0.12959135994315146,2,real,sudden,0,0.189878642773631,0.9098722709875021,True,medium,abrupt,real/sudden/K=2/recurring/medium/abrupt/partial/imbalanced/noisy,0.02118009887069716,0.001768787700122454
scn-fdf21bc817b1,1266593516,FHDDM,0.8189260283913102,0.04478826800004754,3,2.0,3.0,2.0,0.0,1.0,0.0,0.6666666666666666,1.0,0.8,0.0,730.0,730.0,40098.0,40098.0,54.92876712328767,54.92876712328767,0.024938899695745424,40098.0,hyperplane_gauss,45098,7,0.10383031973615289,0.12959135994315146,2,real,sudden,0,0.189878642773631,0.9098722709875021,True,medium,abrupt,real/sudden/K=2/recurring/medium/abrupt/partial/imbalanced/noisy,0.020749240328359564,0.0021996462424600516
scn-fdf21bc817b1,1266593516,NoDrift,0.7981767880629507,0.03024391500002821,0,2.0,0.0,0.0,2.0,0.0,0.0,,0.0,0.0,1.0,,,inf,40098.0,,,0.0,40098.0,hyperplane_gauss,45098,7,0.10383031973615289,0.12959135994315146,2,real,sudden,0,0.189878642773631,0.9098722709875021,True,medium,abrupt,real/sudden/K=2/recurring/medium/abrupt/partial/imbalanced/noisy,0.0,0.022948886570819615
scn-fdf21bc817b1,1266593516,Periodic(2000),0.8143906753140732,0.03088217899994561,22,2.0,22.0,2.0,0.0,20.0,0.0,0.09090909090909091,1.0,0.16666666666666669,0.0,1951.5,1951.5,2004.9,2004.9,1.0273635664873175,1.0273635664873175,0.49877799391490846,40098.0,hyperplane_gauss,45098,7,0.10383031973615289,0.12959135994315146,2,real,sudden,0,0.189878642773631,0.9098722709875021,True,medium,abrupt,real/sudden/K=2/recurring/medium/abrupt/partial/imbalanced/noisy,0.016213887251122494,0.006734999319697121
scn-fdf21bc817b1,1266593516,Oracle,0.8211256746337703,0.030566125999939686,2,2.0,2.0,2.0,0.0,0.0,0.0,1.0,1.0,1.0,0.0,1.0,1.0,inf,40098.0,inf,40098.0,0.0,40098.0,hyperplane_gauss,45098,7,0.10383031973615289,0.12959135994315146,2,real,sudden,0,0.189878642773631,0.9098722709875021,True,medium,abrupt,real/sudden/K=2/recurring/medium/abrupt/partial/imbalanced/noisy,0.022948886570819615,-0.0
scn-c9646da93ee0,553326012,ADWIN,0.638605010484494,0.15945948700027657,1,4.0,1.0,0.0,4.0,1.0,0.0,0.0,0.0,0.0,1.0,,,37305.0,37305.0,,,0.026806058169146225,37305.0,hyperplane_gauss,46305,48,0.39394541196525096,0.2982495711185038,4,real,sudden,0,0.17225171357393262,0.8585608899593353,False,medium,abrupt,real/sudden/K=4/medium/abrupt/partial/imbalanced/noisy,-0.0009932678512305504,0.0029135856969428886
scn-c9646da93ee0,553326012,KSWIN,0.6384725747709966,9.575020006999694,4,4.0,4.0,1.0,3.0,3.0,0.0,0.25,0.25,0.25,0.75,419.0,419.0,12435.0,12435.0,7.41945107398568,7.41945107398568,0.08041817450743868,37305.0,hyperplane_gauss,46305,48,0.39394541196525096,0.2982495711185038,4,real,sudden,0,0.17225171357393262,0.8585608899593353,False,medium,abrupt,real/sudden/K=4/medium/abrupt/partial/imbalanced/noisy,-0.0011257035647279645,0.0030460214104403027
scn-c9646da93ee0,553326012,PageHinkley,0.6045469594967443,0.24380965799991827,19,4.0,19.0,2.0,2.0,17.0,0.0,0.10526315789473684,0.5,0.17391304347826086,0.5,956.0,956.0,2194.4117647058824,2194.4117647058824,1.1477048978587252,1.1477048978587252,0.4557029888754859,37305.0,hyperplane_gauss,46305,48,0.39394541196525096,0.2982495711185038,4,real,sudden,0,0.17225171357393262,0.8585608899593353,False,medium,abrupt,real/sudden/K=4/medium/abrupt/partial/imbalanced/noisy,-0.03505131883898027,0.03697163668469261
scn-c9646da93ee0,553326012,PageHinkley-up,0.6463966449619247,0.21165151900004275,2,4.0,2.0,2.0,2.0,0.0,0.0,1.0,0.5,0.6666666666666666,0.5,1037.0,1037.0,inf,37305.0,inf,17.98698167791707,0.0,37305.0,hyperplane_gauss,46305,48,0.39394541196525096,0.2982495711185038,4,real,sudden,0,0.17225171357393262,0.8585608899593353,False,medium,abrupt,real/sudden/K=4/medium/abrupt/partial/imbalanced/noisy,0.006798366626200147,-0.004878048780487809
scn-c9646da93ee0,553326012,DDM,0.6448515616377883,0.18467964100000245,1,4.0,1.0,1.0,3.0,0.0,0.0,1.0,0.25,0.4,0.75,680.0,680.0,inf,37305.0,inf,13.715073529411764,0.0,37305.0,hyperplane_gauss,46305,48,0.39394541196525096,0.2982495711185038,4,real,sudden,0,0.17225171357393262,0.8585608899593353,False,medium,abrupt,real/sudden/K=4/medium/abrupt/partial/imbalanced/noisy,0.00525328330206376,-0.003332965456351422
scn-c9646da93ee0,553326012,EDDM,0.6371261450171063,0.20962593100011873,2,4.0,2.0,0.0,4.0,2.0,0.0,0.0,0.0,0.0,1.0,,,18652.5,18652.5,,,0.05361211633829245,37305.0,hyperplane_gauss,46305,48,0.39394541196525096,0.2982495711185038,4,real,sudden,0,0.17225171357393262,0.8585608899593353,False,medium,abrupt,real/sudden/K=4/medium/abrupt/partial/imbalanced/noisy,-0.002472133318618286,0.004392451164330624
scn-c9646da93ee0,553326012,HDDM_A,0.6422249199867565,0.259690664000118,1,4.0,1.0,0.0,4.0,1.0,0.0,0.0,0.0,0.0,1.0,,,37305.0,37305.0,,,0.026806058169146225,37305.0,hyperplane_gauss,46305,48,0.39394541196525096,0.2982495711185038,4,real,sudden,0,0.17225171357393262,0.8585608899593353,False,medium,abrupt,real/sudden/K=4/medium/abrupt/partial/imbalanced/noisy,0.00262664165103188,-0.000706323805319542
scn-c9646da93ee0,553326012,HDDM_W,0.6029577309347754,0.410577658999955,27,4.0,27.0,3.0,1.0,20.0,4.0,0.1111111111111111,0.75,0.19354838709677416,0.25,1013.3333333333334,994.0,1865.25,1865.25,1.3805304276315788,1.3805304276315788,0.5361211633829246,37305.0,hyperplane_gauss,46305,48,0.39394541196525096,0.2982495711185038,4,real,sudden,0,0.17225171357393262,0.8585608899593353,False,medium,abrupt,real/sudden/K=4/medium/abrupt/partial/imbalanced/noisy,-0.03664054740094913,0.03856086524666147
scn-c9646da93ee0,553326012,FHDDM,0.6260015450833242,0.18657170500000575,8,4.0,8.0,2.0,2.0,6.0,0.0,0.25,0.5,0.3333333333333333,0.5,176.5,176.5,6217.5,6217.5,17.613314447592067,17.613314447592067,0.16083634901487737,37305.0,hyperplane_gauss,46305,48,0.39394541196525096,0.2982495711185038,4,real,sudden,0,0.17225171357393262,0.8585608899593353,False,medium,abrupt,real/sudden/K=4/medium/abrupt/partial/imbalanced/noisy,-0.013596733252400406,0.015517051098112744
scn-c9646da93ee0,553326012,NoDrift,0.6395982783357246,0.1482187250003335,0,4.0,0.0,0.0,4.0,0.0,0.0,,0.0,0.0,1.0,,,inf,37305.0,,,0.0,37305.0,hyperplane_gauss,46305,48,0.39394541196525096,0.2982495711185038,4,real,sudden,0,0.17225171357393262,0.8585608899593353,False,medium,abrupt,real/sudden/K=4/medium/abrupt/partial/imbalanced/noisy,0.0,0.0019203178457123382
scn-c9646da93ee0,553326012,Periodic(2000),0.6015671559430527,0.15317519500013077,22,4.0,22.0,4.0,0.0,18.0,0.0,0.18181818181818182,1.0,0.3076923076923077,0.0,848.0,1011.0,2072.5,2072.5,2.4439858490566038,2.4439858490566038,0.4825090470446321,37305.0,hyperplane_gauss,46305,48,0.39394541196525096,0.2982495711185038,4,real,sudden,0,0.17225171357393262,0.8585608899593353,False,medium,abrupt,real/sudden/K=4/medium/abrupt/partial/imbalanced/noisy,-0.03803112239267192,0.03995144023838426
scn-c9646da93ee0,553326012,Oracle,0.6415185961814369,0.1521305010001015,4,4.0,4.0,4.0,0.0,0.0,0.0,1.0,1.0,1.0,0.0,1.0,1.0,inf,37305.0,inf,37305.0,0.0,37305.0,hyperplane_gauss,46305,48,0.39394541196525096,0.2982495711185038,4,real,sudden,0,0.17225171357393262,0.8585608899593353,False,medium,abrupt,real/sudden/K=4/medium/abrupt/partial/imbalanced/noisy,0.0019203178457123382,-0.0
scn-c9646da93ee0,553326013,ADWIN,0.6396644961924732,0.16085712199992486,4,4.0,4.0,0.0,4.0,4.0,0.0,0.0,0.0,0.0,1.0,,,9326.25,9326.25,,,0.1072242326765849,37305.0,hyperplane_gauss,46305,48,0.39394541196525096,0.2982495711185038,4,real,sudden,0,0.17225171357393262,0.8585608899593353,False,medium,abrupt,real/sudden/K=4/medium/abrupt/partial/imbalanced/noisy,0.0005738880918221279,0.0006842511864032508
scn-c9646da93ee0,553326013,KSWIN,0.6259794724644079,9.770065526000053,9,4.0,9.0,1.0,3.0,8.0,0.0,0.1111111111111111,0.25,0.15384615384615383,0.75,1650.0,1650.0,4663.125,4663.125,0.7065340909090909,0.7065340909090909,0.2144484653531698,37305.0,hyperplane_gauss,46305,48,0.39394541196525096,0.2982495711185038,4,real,sudden,0,0.17225171357393262,0.8585608899593353,False,medium,abrupt,real/sudden/K=4/medium/abrupt/partial/imbalanced/noisy,-0.01311113563624322,0.0143692749144686
scn-c9646da93ee0,553326013,PageHinkley,0.6061361880587132,0.24793468800044138,19,4.0,19.0,2.0,2.0,17.0,0.0,0.10526315789473684,0.5,0.17391304347826086,0.5,982.0,982.0,2194.4117647058824,2194.4117647058824,1.1173175991374147,1.1173175991374147,0.4557029888754859,37305.0,hyperplane_gauss,46305,48,0.39394541196525096,0.2982495711185038,4,real,sudden,0,0.17225171357393262,0.8585608899593353,False,medium,abrupt,real/sudden/K=4/medium/abrupt/partial/imbalanced/noisy,-0.03295442004193794,0.034212559320163316
scn-c9646da93ee0,553326013,PageHinkley-up,0.641055071184196,0.1741841060002116,3,4.0,3.0,3.0,1.0,0.0,0.0,1.0,0.75,0.8571428571428571,0.25,1126.6666666666667,1012.0,inf,37305.0,inf,24.8332100591716,0.0,37305.0,hyperplane_gauss,46305,48,0.39394541196525096,0.2982495711185038,4,real,sudden,0,0.17225171357393262,0.8585608899593353,False,medium,abrupt,real/sudden/K=4/medium/abrupt/partial/imbalanced/noisy,0.0019644630835449206,-0.000706323805319542
scn-c9646da93ee0,553326013,DDM,0.6393334069087298,0.16631411899970772,1,4.0,1.0,0.0,4.0,1.0,0.0,0.0,0.0,0.0,1.0,,,37305.0,37305.0,,,0.026806058169146225,37305.0,hyperplane_gauss,46305,48,0.39394541196525096,0.2982495711185038,4,real,sudden,0,0.17225171357393262,0.8585608899593353,False,medium,abrupt,real/sudden/K=4/medium/abrupt/partial/imbalanced/noisy,0.00024279880807864807,0.0010153404701467306
scn-c9646da93ee0,553326013,EDDM,0.6380752676305044,0.16893664200006242,2,4.0,2.0,0.0,4.0,2.0,0.0,0.0,0.0,0.0,1.0,,,18652.5,18652.5,,,0.05361211633829245,37305.0,hyperplane_gauss,46305,48,0.39394541196525096,0.2982495711185038,4,real,sudden,0,0.17225171357393262,0.8585608899593353,False,medium,abrupt,real/sudden/K=4/medium/abrupt/partial/imbalanced/noisy,-0.0010153404701467306,0.002273479748372109
scn-c9646da93ee0,553326013,HDDM_A,0.6384063569142479,0.25723433800021667,1,4.0,1.0,0.0,4.0,1.0,0.0,0.0,0.0,0.0,1.0,,,37305.0,37305.0,,,0.026806058169146225,37305.0,hyperplane_gauss,46305,48,0.39394541196525096,0.2982495711185038,4,real,sudden,0,0.17225171357393262,0.8585608899593353,False,medium,abrupt,real/sudden/K=4/medium/abrupt/partial/imbalanced/noisy,-0.0006842511864032508,0.0019423904646286294
scn-c9646da93ee0,553326013,HDDM_W,0.5972188500165545,0.3925364329998047,29,4.0,29.0,4.0,0.0,24.0,1.0,0.13793103448275862,1.0,0.2424242424242424,0.0,949.25,821.0,1554.375,1554.375,1.6374769554911772,1.6374769554911772,0.6433453960595095,37305.0,hyperplane_gauss,46305,48,0.39394541196525096,0.2982495711185038,4,real,sudden,0,0.17225171357393262,0.8585608899593353,False,medium,abrupt,real/sudden/K=4/medium/abrupt/partial/imbalanced/noisy,-0.0418717580840966,0.04312989736232198
scn-c9646da93ee0,553326013,FHDDM,0.6273479748372144,0.17657486600000993,7,4.0,7.0,2.0,2.0,5.0,0.0,0.2857142857142857,0.5,0.36363636363636365,0.5,560.0,560.0,7461.0,7461.0,6.661607142857143,6.661607142857143,0.13403029084573115,37305.0,hyperplane_gauss,46305,48,0.39394541196525096,0.2982495711185038,4,real,sudden,0,0.17225171357393262,0.8585608899593353,False,medium,abrupt,real/sudden/K=4/medium/abrupt/partial/imbalanced/noisy,-0.01174263326343672,0.013000772541662098
scn-c9646da93ee0,553326013,NoDrift,0.6390906081006511,0.14672719700001835,0,4.0,0.0,0.0,4.0,0.0,0.0,,0.0,0.0,1.0,,,inf,37305.0,,,0.0,37305.0,hyperplane_gauss,46305,48,0.39394541196525096,0.2982495711185038,4,real,sudden,0,0.17225171357393262,0.8585608899593353,False,medium,abrupt,real/sudden/K=4/medium/abrupt/partial/imbalanced/noisy,0.0,0.0012581392782253786
scn-c9646da93ee0,553326013,Periodic(2000),0.5972188500165545,0.14805482100018708,22,4.0,22.0,4.0,0.0,18.0,0.0,0.18181818181818182,1.0,0.3076923076923077,0.0,848.0,1011.0,2072.5,2072.5,2.4439858490566038,2.4439858490566038,0.4825090470446321,37305.0,hyperplane_gauss,46305,48,0.39394541196525096,0.2982495711185038,4,real,sudden,0,0.17225171357393262,0.8585608899593353,False,medium,abrupt,real/sudden/K=4/medium/abrupt/partial/imbalanced/noisy,-0.0418717580840966,0.04312989736232198
scn-c9646da93ee0,553326013,Oracle,0.6403487473788765,0.15295476900018912,4,4.0,4.0,4.0,0.0,0.0,0.0,1.0,1.0,1.0,0.0,1.0,1.0,inf,37305.0,inf,37305.0,0.0,37305.0,hyperplane_gauss,46305,48,0.39394541196525096,0.2982495711185038,4,real,sudden,0,0.17225171357393262,0.8585608899593353,False,medium,abrupt,real/sudden/K=4/medium/abrupt/partial/imbalanced/noisy,0.0012581392782253786,-0.0
scn-c9646da93ee0,553326014,ADWIN,0.6377662509656771,0.17913758900022003,2,4.0,2.0,0.0,4.0,2.0,0.0,0.0,0.0,0.0,1.0,,,18652.5,18652.5,,,0.05361211633829245,37305.0,hyperplane_gauss,46305,48,0.39394541196525096,0.2982495711185038,4,real,sudden,0,0.17225171357393262,0.8585608899593353,False,medium,abrupt,real/sudden/K=4/medium/abrupt/partial/imbalanced/noisy,0.0027590773645292943,0.006401059485708016
scn-c9646da93ee0,553326014,KSWIN,0.619026597505794,10.048680366999633,10,4.0,10.0,3.0,1.0,7.0,0.0,0.3,0.75,0.4285714285714285,0.25,596.0,590.0,5329.285714285715,5329.285714285715,6.706315915627997,6.706315915627997,0.18764240718402359,37305.0,hyperplane_gauss,46305,48,0.39394541196525096,0.2982495711185038,4,real,sudden,0,0.17225171357393262,0.8585608899593353,False,medium,abrupt,real/sudden/K=4/medium/abrupt/partial/imbalanced/noisy,-0.01598057609535375,0.02514071294559106
scn-c9646da93ee0,553326014,PageHinkley,0.6004414523783247,0.2780735530000129,22,4.0,22.0,2.0,2.0,19.0,1.0,0.09090909090909091,0.5,0.15384615384615385,0.5,680.0,680.0,1963.421052631579,1963.421052631579,1.4436919504643964,1.4436919504643964,0.5093151052137783,37305.0,hyperplane_gauss,46305,48,0.39394541196525096,0.2982495711185038,4,real,sudden,0,0.17225171357393262,0.8585608899593353,False,medium,abrupt,real/sudden/K=4/medium/abrupt/partial/imbalanced/noisy,-0.03456572122282309,0.0437258580730604
scn-c9646da93ee0,553326014,PageHinkley-up,0.6418055402273479,0.18226980100007495,3,4.0,3.0,3.0,1.0,0.0,0.0,1.0,0.75,0.8571428571428571,0.25,1196.3333333333333,1265.0,inf,37305.0,inf,23.387085539147396,0.0,37305.0,hyperplane_gauss,46305,48,0.39394541196525096,0.2982495711185038,4,real,sudden,0,0.17225171357393262,0.8585608899593353,False,medium,abrupt,real/sudden/K=4/medium/abrupt/partial/imbalanced/noisy,0.006798366626200147,0.002361770224037163
scn-c9646da93ee0,553326014,DDM,0.6350071736011478,0.16850986600002216,0,4.0,0.0,0.0,4.0,0.0,0.0,,0.0,0.0,1.0,,,inf,37305.0,,,0.0,37305.0,hyperplane_gauss,46305,48,0.39394541196525096,0.2982495711185038,4,real,sudden,0,0.17225171357393262,0.8585608899593353,False,medium,abrupt,real/sudden/K=4/medium/abrupt/partial/imbalanced/noisy,0.0,0.00916013685023731
scn-c9646da93ee0,553326014,EDDM,0.6350071736011478,0.1870314069997221,4,4.0,4.0,0.0,4.0,4.0,0.0,0.0,0.0,0.0,1.0,,,9326.25,9326.25,,,0.1072242326765849,37305.0,hyperplane_gauss,46305,48,0.39394541196525096,0.2982495711185038,4,real,sudden,0,0.17225171357393262,0.8585608899593353,False,medium,abrupt,real/sudden/K=4/medium/abrupt/partial/imbalanced/noisy,0.0,0.00916013685023731
scn-c9646da93ee0,553326014,HDDM_A,0.641055071184196,0.2574205500000062,1,4.0,1.0,0.0,4.0,1.0,0.0,0.0,0.0,0.0,1.0,,,37305.0,37305.0,,,0.026806058169146225,37305.0,hyperplane_gauss,46305,48,0.39394541196525096,0.2982495711185038,4,real,sudden,0,0.17225171357393262,0.8585608899593353,False,medium,abrupt,real/sudden/K=4/medium/abrupt/partial/imbalanced/noisy,0.006047897583048245,0.0031122392671890653
scn-c9646da93ee0,553326014,HDDM_W,0.6011919214214767,0.3816737130000547,24,4.0,24.0,4.0,0.0,19.0,1.0,0.16666666666666666,1.0,0.2857142857142857,0.0,879.25,912.0,1963.421052631579,1963.421052631579,2.233063466171827,2.233063466171827,0.5093151052137783,37305.0,hyperplane_gauss,46305,48,0.39394541196525096,0.2982495711185038,4,real,sudden,0,0.17225171357393262,0.8585608899593353,False,medium,abrupt,real/sudden/K=4/medium/abrupt/partial/imbalanced/noisy,-0.033815252179671074,0.042975389029908384
scn-c9646da93ee0,553326014,FHDDM,0.6268182319832248,0.19500867499982633,8,4.0,8.0,3.0,1.0,5.0,0.0,0.375,0.75,0.5,0.25,1065.3333333333333,1256.0,7461.0,7461.0,5.252581351689613,5.252581351689613,0.13403029084573115,37305.0,hyperplane_gauss,46305,48,0.39394541196525096,0.2982495711185038,4,real,sudden,0,0.17225171357393262,0.8585608899593353,False,medium,abrupt,real/sudden/K=4/medium/abrupt/partial/imbalanced/noisy,-0.00818894161792294,0.01734907846816025
scn-c9646da93ee0,553326014,NoDrift,0.6350071736011478,0.15472494200002984,0,4.0,0.0,0.0,4.0,0.0,0.0,,0.0,0.0,1.0,,,inf,37305.0,,,0.0,37305.0,hyperplane_gauss,46305,48,0.39394541196525096,0.2982495711185038,4,real,sudden,0,0.17225171357393262,0.8585608899593353,False,medium,abrupt,real/sudden/K=4/medium/abrupt/partial/imbalanced/noisy,0.0,0.00916013685023731
scn-c9646da93ee0,553326014,Periodic(2000),0.597748592870544,0.16612179100002322,22,4.0,22.0,4.0,0.0,18.0,0.0,0.18181818181818182,1.0,0.3076923076923077,0.0,848.0,1011.0,2072.5,2072.5,2.4439858490566038,2.4439858490566038,0.4825090470446321,37305.0,hyperplane_gauss,46305,48,0.39394541196525096,0.2982495711185038,4,real,sudden,0,0.17225171357393262,0.8585608899593353,False,medium,abrupt,real/sudden/K=4/medium/abrupt/partial/imbalanced/noisy,-0.03725858073060373,0.04641871758084104
scn-c9646da93ee0,553326014,Oracle,0.6441673104513851,0.16029305199981536,4,4.0,4.0,4.0,0.0,0.0,0.0,1.0,1.0,1.0,0.0,1.0,1.0,inf,37305.0,inf,37305.0,0.0,37305.0,hyperplane_gauss,46305,48,0.39394541196525096,0.2982495711185038,4,real,sudden,0,0.17225171357393262,0.8585608899593353,False,medium,abrupt,real/sudden/K=4/medium/abrupt/partial/imbalanced/noisy,0.00916013685023731,-0.0
scn-4e291545ee3f,260446498,ADWIN,0.8890840852830791,0.012455660999876272,0,1.0,0.0,0.0,1.0,0.0,0.0,,0.0,0.0,1.0,,,inf,8866.0,,,0.0,8866.0,hyperplane_gauss,13523,8,0.24614707278087739,0.023913009837269784,1,virtual,incremental,1657,0.48872818738222124,0.5545656397938729,False,high,slow,virtual/incremental/K=1/high/slow/partial/imbalanced/noisy,0.0,0.0015172083366605804
scn-4e291545ee3f,260446498,KSWIN,0.8890840852830791,2.7265596840002218,0,1.0,0.0,0.0,1.0,0.0,0.0,,0.0,0.0,1.0,,,inf,8866.0,,,0.0,8866.0,hyperplane_gauss,13523,8,0.24614707278087739,0.023913009837269784,1,virtual,incremental,1657,0.48872818738222124,0.5545656397938729,False,high,slow,virtual/incremental/K=1/high/slow/partial/imbalanced/noisy,0.0,0.0015172083366605804
scn-4e291545ee3f,260446498,PageHinkley,0.8890840852830791,0.019474926999919262,0,1.0,0.0,0.0,1.0,0.0,0.0,,0.0,0.0,1.0,,,inf,8866.0,,,0.0,8866.0,hyperplane_gauss,13523,8,0.24614707278087739,0.023913009837269784,1,virtual,incremental,1657,0.48872818738222124,0.5545656397938729,False,high,slow,virtual/incremental/K=1/high/slow/partial/imbalanced/noisy,0.0,0.0015172083366605804
scn-4e291545ee3f,260446498,PageHinkley-up,0.8890840852830791,0.0275523959999191,0,1.0,0.0,0.0,1.0,0.0,0.0,,0.0,0.0,1.0,,,inf,8866.0,,,0.0,8866.0,hyperplane_gauss,13523,8,0.24614707278087739,0.023913009837269784,1,virtual,incremental,1657,0.48872818738222124,0.5545656397938729,False,high,slow,virtual/incremental/K=1/high/slow/partial/imbalanced/noisy,0.0,0.0015172083366605804
scn-4e291545ee3f,260446498,DDM,0.8890840852830791,0.01607509699988441,0,1.0,0.0,0.0,1.0,0.0,0.0,,0.0,0.0,1.0,,,inf,8866.0,,,0.0,8866.0,hyperplane_gauss,13523,8,0.24614707278087739,0.023913009837269784,1,virtual,incremental,1657,0.48872818738222124,0.5545656397938729,False,high,slow,virtual/incremental/K=1/high/slow/partial/imbalanced/noisy,0.0,0.0015172083366605804
scn-4e291545ee3f,260446498,EDDM,0.8898027629162342,0.01507069599983879,3,1.0,3.0,0.0,1.0,3.0,0.0,0.0,0.0,0.0,1.0,,,2955.3333333333335,2955.3333333333335,,,0.3383713061132416,8866.0,hyperplane_gauss,13523,8,0.24614707278087739,0.023913009837269784,1,virtual,incremental,1657,0.48872818738222124,0.5545656397938729,False,high,slow,virtual/incremental/K=1/high/slow/partial/imbalanced/noisy,0.0007186776331550293,0.0007985307035055511
scn-4e291545ee3f,260446498,HDDM_A,0.8890840852830791,0.046728036000331485,0,1.0,0.0,0.0,1.0,0.0,0.0,,0.0,0.0,1.0,,,inf,8866.0,,,0.0,8866.0,hyperplane_gauss,13523,8,0.24614707278087739,0.023913009837269784,1,virtual,incremental,1657,0.48872818738222124,0.5545656397938729,False,high,slow,virtual/incremental/K=1/high/slow/partial/imbalanced/noisy,0.0,0.0015172083366605804
scn-4e291545ee3f,260446498,HDDM_W,0.8890840852830791,0.042769060999944486,0,1.0,0.0,0.0,1.0,0.0,0.0,,0.0,0.0,1.0,,,inf,8866.0,,,0.0,8866.0,hyperplane_gauss,13523,8,0.24614707278087739,0.023913009837269784,1,virtual,incremental,1657,0.48872818738222124,0.5545656397938729,False,high,slow,virtual/incremental/K=1/high/slow/partial/imbalanced/noisy,0.0,0.0015172083366605804
scn-4e291545ee3f,260446498,FHDDM,0.8890840852830791,0.013745626999934757,0,1.0,0.0,0.0,1.0,0.0,0.0,,0.0,0.0,1.0,,,inf,8866.0,,,0.0,8866.0,hyperplane_gauss,13523,8,0.24614707278087739,0.023913009837269784,1,virtual,incremental,1657,0.48872818738222124,0.5545656397938729,False,high,slow,virtual/incremental/K=1/high/slow/partial/imbalanced/noisy,0.0,0.0015172083366605804
scn-4e291545ee3f,260446498,NoDrift,0.8890840852830791,0.009552597000038077,0,1.0,0.0,0.0,1.0,0.0,0.0,,0.0,0.0,1.0,,,inf,8866.0,,,0.0,8866.0,hyperplane_gauss,13523,8,0.24614707278087739,0.023913009837269784,1,virtual,incremental,1657,0.48872818738222124,0.5545656397938729,False,high,slow,virtual/incremental/K=1/high/slow/partial/imbalanced/noisy,0.0,0.0015172083366605804
scn-4e291545ee3f,260446498,Periodic(2000),0.8818973089515292,0.010801251999964734,6,1.0,6.0,1.0,0.0,4.0,1.0,0.16666666666666666,1.0,0.2857142857142857,0.0,1567.0,1567.0,2216.5,2216.5,1.4144862795149968,1.4144862795149968,0.45116174148432214,8866.0,hyperplane_gauss,13523,8,0.24614707278087739,0.023913009837269784,1,virtual,incremental,1657,0.48872818738222124,0.5545656397938729,False,high,slow,virtual/incremental/K=1/high/slow/partial/imbalanced/noisy,-0.00718677633154996,0.00870398466821054
scn-4e291545ee3f,260446498,Oracle,0.8906012936197397,0.021090488000027108,1,1.0,1.0,1.0,0.0,0.0,0.0,1.0,1.0,1.0,0.0,829.0,829.0,inf,8866.0,inf,10.69481302774427,0.0,8866.0,hyperplane_gauss,13523,8,0.24614707278087739,0.023913009837269784,1,virtual,incremental,1657,0.48872818738222124,0.5545656397938729,False,high,slow,virtual/incremental/K=1/high/slow/partial/imbalanced/noisy,0.0015172083366605804,-0.0
scn-4e291545ee3f,260446499,ADWIN,0.8847720194841492,0.013572588999977597,0,1.0,0.0,0.0,1.0,0.0,0.0,,0.0,0.0,1.0,,,inf,8866.0,,,0.0,8866.0,hyperplane_gauss,13523,8,0.24614707278087739,0.023913009837269784,1,virtual,incremental,1657,0.48872818738222124,0.5545656397938729,False,high,slow,virtual/incremental/K=1/high/slow/partial/imbalanced/noisy,0.0,-0.0027948574622694844
scn-4e291545ee3f,260446499,KSWIN,0.8847720194841492,2.7239646670000184,0,1.0,0.0,0.0,1.0,0.0,0.0,,0.0,0.0,1.0,,,inf,8866.0,,,0.0,8866.0,hyperplane_gauss,13523,8,0.24614707278087739,0.023913009837269784,1,virtual,incremental,1657,0.48872818738222124,0.5545656397938729,False,high,slow,virtual/incremental/K=1/high/slow/partial/imbalanced/noisy,0.0,-0.0027948574622694844
scn-4e291545ee3f,260446499,PageHinkley,0.8847720194841492,0.016706385999896156,0,1.0,0.0,0.0,1.0,0.0,0.0,,0.0,0.0,1.0,,,inf,8866.0,,,0.0,8866.0,hyperplane_gauss,13523,8,0.24614707278087739,0.023913009837269784,1,virtual,incremental,1657,0.48872818738222124,0.5545656397938729,False,high,slow,virtual/incremental/K=1/high/slow/partial/imbalanced/noisy,0.0,-0.0027948574622694844
scn-4e291545ee3f,260446499,PageHinkley-up,0.8847720194841492,0.015560238000034587,0,1.0,0.0,0.0,1.0,0.0,0.0,,0.0,0.0,1.0,,,inf,8866.0,,,0.0,8866.0,hyperplane_gauss,13523,8,0.24614707278087739,0.023913009837269784,1,virtual,incremental,1657,0.48872818738222124,0.5545656397938729,False,high,slow,virtual/incremental/K=1/high/slow/partial/imbalanced/noisy,0.0,-0.0027948574622694844
scn-4e291545ee3f,260446499,DDM,0.8847720194841492,0.01585000700015371,0,1.0,0.0,0.0,1.0,0.0,0.0,,0.0,0.0,1.0,,,inf,8866.0,,,0.0,8866.0,hyperplane_gauss,13523,8,0.24614707278087739,0.023913009837269784,1,virtual,incremental,1657,0.48872818738222124,0.5545656397938729,False,high,slow,virtual/incremental/K=1/high/slow/partial/imbalanced/noisy,0.0,-0.0027948574622694844
scn-4e291545ee3f,260446499,EDDM,0.8847720194841492,0.01292374300010124,0,1.0,0.0,0.0,1.0,0.0,0.0,,0.0,0.0,1.0,,,inf,8866.0,,,0.0,8866.0,hyperplane_gauss,13523,8,0.24614707278087739,0.023913009837269784,1,virtual,incremental,1657,0.48872818738222124,0.5545656397938729,False,high,slow,virtual/incremental/K=1/high/slow/partial/imbalanced/noisy,0.0,-0.0027948574622694844
scn-4e291545ee3f,260446499,HDDM_A,0.8847720194841492,0.05308269499982998,0,1.0,0.0,0.0,1.0,0.0,0.0,,0.0,0.0,1.0,,,inf,8866.0,,,0.0,8866.0,hyperplane_gauss,13523,8,0.24614707278087739,0.023913009837269784,1,virtual,incremental,1657,0.48872818738222124,0.5545656397938729,False,high,slow,virtual/incremental/K=1/high/slow/partial/imbalanced/noisy,0.0,-0.0027948574622694844
scn-4e291545ee3f,260446499,HDDM_W,0.8847720194841492,0.04287218599984044,0,1.0,0.0,0.0,1.0,0.0,0.0,,0.0,0.0,1.0,,,inf,8866.0,,,0.0,8866.0,hyperplane_gauss,13523,8,0.24614707278087739,0.023913009837269784,1,virtual,incremental,1657,0.48872818738222124,0.5545656397938729,False,high,slow,virtual/incremental/K=1/high/slow/partial/imbalanced/noisy,0.0,-0.0027948574622694844
scn-4e291545ee3f,260446499,FHDDM,0.8847720194841492,0.013628297000195744,0,1.0,0.0,0.0,1.0,0.0,0.0,,0.0,0.0,1.0,,,inf,8866.0,,,0.0,8866.0,hyperplane_gauss,13523,8,0.24614707278087739,0.023913009837269784,1,virtual,incremental,1657,0.48872818738222124,0.5545656397938729,False,high,slow,virtual/incremental/K=1/high/slow/partial/imbalanced/noisy,0.0,-0.0027948574622694844
scn-4e291545ee3f,260446499,NoDrift,0.8847720194841492,0.009620156999972096,0,1.0,0.0,0.0,1.0,0.0,0.0,,0.0,0.0,1.0,,,inf,8866.0,,,0.0,8866.0,hyperplane_gauss,13523,8,0.24614707278087739,0.023913009837269784,1,virtual,incremental,1657,0.48872818738222124,0.5545656397938729,False,high,slow,virtual/incremental/K=1/high/slow/partial/imbalanced/noisy,0.0,-0.0027948574622694844
scn-4e291545ee3f,260446499,Periodic(2000),0.8760680348159386,0.010997848999977577,6,1.0,6.0,1.0,0.0,4.0,1.0,0.16666666666666666,1.0,0.2857142857142857,0.0,1567.0,1567.0,2216.5,2216.5,1.4144862795149968,1.4144862795149968,0.45116174148432214,8866.0,hyperplane_gauss,13523,8,0.24614707278087739,0.023913009837269784,1,virtual,incremental,1657,0.48872818738222124,0.5545656397938729,False,high,slow,virtual/incremental/K=1/high/slow/partial/imbalanced/noisy,-0.00870398466821054,0.005909127205941056
scn-4e291545ee3f,260446499,Oracle,0.8819771620218797,0.011044797000067774,1,1.0,1.0,1.0,0.0,0.0,0.0,1.0,1.0,1.0,0.0,829.0,829.0,inf,8866.0,inf,10.69481302774427,0.0,8866.0,hyperplane_gauss,13523,8,0.24614707278087739,0.023913009837269784,1,virtual,incremental,1657,0.48872818738222124,0.5545656397938729,False,high,slow,virtual/incremental/K=1/high/slow/partial/imbalanced/noisy,-0.0027948574622694844,-0.0
scn-4e291545ee3f,260446500,ADWIN,0.8894034975644813,0.01313141699984044,0,1.0,0.0,0.0,1.0,0.0,0.0,,0.0,0.0,1.0,,,inf,8866.0,,,0.0,8866.0,hyperplane_gauss,13523,8,0.24614707278087739,0.023913009837269784,1,virtual,incremental,1657,0.48872818738222124,0.5545656397938729,False,high,slow,virtual/incremental/K=1/high/slow/partial/imbalanced/noisy,0.0,-0.004152359658228799
scn-4e291545ee3f,260446500,KSWIN,0.8894034975644813,2.7270036559998516,0,1.0,0.0,0.0,1.0,0.0,0.0,,0.0,0.0,1.0,,,inf,8866.0,,,0.0,8866.0,hyperplane_gauss,13523,8,0.24614707278087739,0.023913009837269784,1,virtual,incremental,1657,0.48872818738222124,0.5545656397938729,False,high,slow,virtual/incremental/K=1/high/slow/partial/imbalanced/noisy,0.0,-0.004152359658228799
scn-4e291545ee3f,260446500,PageHinkley,0.8894034975644813,0.01590441300004386,0,1.0,0.0,0.0,1.0,0.0,0.0,,0.0,0.0,1.0,,,inf,8866.0,,,0.0,8866.0,hyperplane_gauss,13523,8,0.24614707278087739,0.023913009837269784,1,virtual,incremental,1657,0.48872818738222124,0.5545656397938729,False,high,slow,virtual/incremental/K=1/high/slow/partial/imbalanced/noisy,0.0,-0.004152359658228799
scn-4e291545ee3f,260446500,PageHinkley-up,0.8894034975644813,0.015290718999949604,0,1.0,0.0,0.0,1.0,0.0,0.0,,0.0,0.0,1.0,,,inf,8866.0,,,0.0,8866.0,hyperplane_gauss,13523,8,0.24614707278087739,0.023913009837269784,1,virtual,incremental,1657,0.48872818738222124,0.5545656397938729,False,high,slow,virtual/incremental/K=1/high/slow/partial/imbalanced/noisy,0.0,-0.004152359658228799
scn-4e291545ee3f,260446500,DDM,0.8894034975644813,0.01503818900027909,0,1.0,0.0,0.0,1.0,0.0,0.0,,0.0,0.0,1.0,,,inf,8866.0,,,0.0,8866.0,hyperplane_gauss,13523,8,0.24614707278087739,0.023913009837269784,1,virtual,incremental,1657,0.48872818738222124,0.5545656397938729,False,high,slow,virtual/incremental/K=1/high/slow/partial/imbalanced/noisy,0.0,-0.004152359658228799
scn-4e291545ee3f,260446500,EDDM,0.8912401181825441,0.013189761999910843,1,1.0,1.0,0.0,1.0,1.0,0.0,0.0,0.0,0.0,1.0,,,8866.0,8866.0,,,0.11279043537108054,8866.0,hyperplane_gauss,13523,8,0.24614707278087739,0.023913009837269784,1,virtual,incremental,1657,0.48872818738222124,0.5545656397938729,False,high,slow,virtual/incremental/K=1/high/slow/partial/imbalanced/noisy,0.0018366206180627787,-0.005988980276291578
scn-4e291545ee3f,260446500,HDDM_A,0.8894034975644813,0.048975224000059825,0,1.0,0.0,0.0,1.0,0.0,0.0,,0.0,0.0,1.0,,,inf,8866.0,,,0.0,8866.0,hyperplane_gauss,13523,8,0.24614707278087739,0.023913009837269784,1,virtual,incremental,1657,0.48872818738222124,0.5545656397938729,False,high,slow,virtual/incremental/K=1/high/slow/partial/imbalanced/noisy,0.0,-0.004152359658228799
scn-4e291545ee3f,260446500,HDDM_W,0.8894034975644813,0.04239471900018543,0,1.0,0.0,0.0,1.0,0.0,0.0,,0.0,0.0,1.0,,,inf,8866.0,,,0.0,8866.0,hyperplane_gauss,13523,8,0.24614707278087739,0.023913009837269784,1,virtual,incremental,1657,0.48872818738222124,0.5545656397938729,False,high,slow,virtual/incremental/K=1/high/slow/partial/imbalanced/noisy,0.0,-0.004152359658228799
scn-4e291545ee3f,260446500,FHDDM,0.8894034975644813,0.013176032000046689,0,1.0,0.0,0.0,1.0,0.0,0.0,,0.0,0.0,1.0,,,inf,8866.0,,,0.0,8866.0,hyperplane_gauss,13523,8,0.24614707278087739,0.023913009837269784,1,virtual,incremental,1657,0.48872818738222124,0.5545656397938729,False,high,slow,virtual/incremental/K=1/high/slow/partial/imbalanced/noisy,0.0,-0.004152359658228799
scn-4e291545ee3f,260446500,NoDrift,0.8894034975644813,0.009260308999728295,0,1.0,0.0,0.0,1.0,0.0,0.0,,0.0,0.0,1.0,,,inf,8866.0,,,0.0,8866.0,hyperplane_gauss,13523,8,0.24614707278087739,0.023913009837269784,1,virtual,incremental,1657,0.48872818738222124,0.5545656397938729,False,high,slow,virtual/incremental/K=1/high/slow/partial/imbalanced/noisy,0.0,-0.004152359658228799
scn-4e291545ee3f,260446500,Periodic(2000),0.8850914317655514,0.010537913000007393,6,1.0,6.0,1.0,0.0,4.0,1.0,0.16666666666666666,1.0,0.2857142857142857,0.0,1567.0,1567.0,2216.5,2216.5,1.4144862795149968,1.4144862795149968,0.45116174148432214,8866.0,hyperplane_gauss,13523,8,0.24614707278087739,0.023913009837269784,1,virtual,incremental,1657,0.48872818738222124,0.5545656397938729,False,high,slow,virtual/incremental/K=1/high/slow/partial/imbalanced/noisy,-0.004312065798929954,0.00015970614070115463
scn-4e291545ee3f,260446500,Oracle,0.8852511379062525,0.010695842000131961,1,1.0,1.0,1.0,0.0,0.0,0.0,1.0,1.0,1.0,0.0,829.0,829.0,inf,8866.0,inf,10.69481302774427,0.0,8866.0,hyperplane_gauss,13523,8,0.24614707278087739,0.023913009837269784,1,virtual,incremental,1657,0.48872818738222124,0.5545656397938729,False,high,slow,virtual/incremental/K=1/high/slow/partial/imbalanced/noisy,-0.004152359658228799,-0.0
scn-0bdc9fc0be77,1685144789,ADWIN,0.7502668545322574,0.03694622499961042,0,3.0,0.0,0.0,3.0,0.0,0.0,,0.0,0.0,1.0,,,inf,14145.0,,,0.0,14145.0,hyperplane_gauss,24421,20,0.3217467457056046,0.22260976843535898,3,prior,gradual,1092,0.272466653585434,1.0,True,medium,slow,prior/gradual/K=3/recurring/medium/slow/n/a/imbalanced/noisy,0.0,-0.02335510866316559
scn-0bdc9fc0be77,1685144789,KSWIN,0.7468084197942018,4.900796895999974,1,3.0,1.0,0.0,3.0,1.0,0.0,0.0,0.0,0.0,1.0,,,14145.0,14145.0,,,0.07069635913750442,14145.0,hyperplane_gauss,24421,20,0.3217467457056046,0.22260976843535898,3,prior,gradual,1092,0.272466653585434,1.0,True,medium,slow,prior/gradual/K=3/recurring/medium/slow/n/a/imbalanced/noisy,-0.003458434738055627,-0.019896673925109964
scn-0bdc9fc0be77,1685144789,PageHinkley,0.7050937193117288,0.05386345699980666,11,3.0,11.0,2.0,1.0,5.0,4.0,0.18181818181818182,0.6666666666666666,0.28571428571428575,0.33333333333333337,235.0,235.0,2829.0,2829.0,8.025531914893616,8.025531914893616,0.3534817956875221,14145.0,hyperplane_gauss,24421,20,0.3217467457056046,0.22260976843535898,3,prior,gradual,1092,0.272466653585434,1.0,True,medium,slow,prior/gradual/K=3/recurring/medium/slow/n/a/imbalanced/noisy,-0.04517313522052857,0.02181802655736298
scn-0bdc9fc0be77,1685144789,PageHinkley-up,0.7502668545322574,0.041519597000387876,0,3.0,0.0,0.0,3.0,0.0,0.0,,0.0,0.0,1.0,,,inf,14145.0,,,0.0,14145.0,hyperplane_gauss,24421,20,0.3217467457056046,0.22260976843535898,3,prior,gradual,1092,0.272466653585434,1.0,True,medium,slow,prior/gradual/K=3/recurring/medium/slow/n/a/imbalanced/noisy,0.0,-0.02335510866316559
scn-0bdc9fc0be77,1685144789,DDM,0.7502668545322574,0.04146371500019086,0,3.0,0.0,0.0,3.0,0.0,0.0,,0.0,0.0,1.0,,,inf,14145.0,,,0.0,14145.0,hyperplane_gauss,24421,20,0.3217467457056046,0.22260976843535898,3,prior,gradual,1092,0.272466653585434,1.0,True,medium,slow,prior/gradual/K=3/recurring/medium/slow/n/a/imbalanced/noisy,0.0,-0.02335510866316559
scn-0bdc9fc0be77,1685144789,EDDM,0.7452286409632382,0.03996950400005517,1,3.0,1.0,0.0,3.0,1.0,0.0,0.0,0.0,0.0,1.0,,,14145.0,14145.0,,,0.07069635913750442,14145.0,hyperplane_gauss,24421,20,0.3217467457056046,0.22260976843535898,3,prior,gradual,1092,0.272466653585434,1.0,True,medium,slow,prior/gradual/K=3/recurring/medium/slow/n/a/imbalanced/noisy,-0.005038213569019234,-0.018316895094146357
scn-0bdc9fc0be77,1685144789,HDDM_A,0.7502668545322574,0.09004847400001381,0,3.0,0.0,0.0,3.0,0.0,0.0,,0.0,0.0,1.0,,,inf,14145.0,,,0.0,14145.0,hyperplane_gauss,24421,20,0.3217467457056046,0.22260976843535898,3,prior,gradual,1092,0.272466653585434,1.0,True,medium,slow,prior/gradual/K=3/recurring/medium/slow/n/a/imbalanced/noisy,0.0,-0.02335510866316559
scn-0bdc9fc0be77,1685144789,HDDM_W,0.7398915503180906,0.09861797100029435,4,3.0,4.0,0.0,3.0,4.0,0.0,0.0,0.0,0.0,1.0,,,3536.25,3536.25,,,0.2827854365500177,14145.0,hyperplane_gauss,24421,20,0.3217467457056046,0.22260976843535898,3,prior,gradual,1092,0.272466653585434,1.0,True,medium,slow,prior/gradual/K=3/recurring/medium/slow/n/a/imbalanced/noisy,-0.01037530421416677,-0.012979804448998822
scn-0bdc9fc0be77,1685144789,FHDDM,0.740916271721959,0.04033955100021558,2,3.0,2.0,0.0,3.0,2.0,0.0,0.0,0.0,0.0,1.0,,,7072.5,7072.5,,,0.14139271827500885,14145.0,hyperplane_gauss,24421,20,0.3217467457056046,0.22260976843535898,3,prior,gradual,1092,0.272466653585434,1.0,True,medium,slow,prior/gradual/K=3/recurring/medium/slow/n/a/imbalanced/noisy,-0.009350582810298436,-0.014004525852867156
scn-0bdc9fc0be77,1685144789,NoDrift,0.7502668545322574,0.030724902000201837,0,3.0,0.0,0.0,3.0,0.0,0.0,,0.0,0.0,1.0,,,inf,14145.0,,,0.0,14145.0,hyperplane_gauss,24421,20,0.3217467457056046,0.22260976843535898,3,prior,gradual,1092,0.272466653585434,1.0,True,medium,slow,prior/gradual/K=3/recurring/medium/slow/n/a/imbalanced/noisy,0.0,-0.02335510866316559
scn-0bdc9fc0be77,1685144789,Periodic(2000),0.7006532598949661,0.03427324700032841,11,3.0,11.0,3.0,0.0,7.0,1.0,0.2727272727272727,1.0,0.42857142857142855,0.0,1169.3333333333333,1643.0,2020.7142857142858,2020.7142857142858,1.7280908942824567,1.7280908942824567,0.4948745139625309,14145.0,hyperplane_gauss,24421,20,0.3217467457056046,0.22260976843535898,3,prior,gradual,1092,0.272466653585434,1.0,True,medium,slow,prior/gradual/K=3/recurring/medium/slow/n/a/imbalanced/noisy,-0.049613594637291314,0.026258485974125723
scn-0bdc9fc0be77,1685144789,Oracle,0.7269117458690918,0.03248978400006308,3,3.0,3.0,3.0,0.0,0.0,0.0,1.0,1.0,1.0,0.0,547.0,547.0,inf,14145.0,inf,25.859232175502743,0.0,14145.0,hyperplane_gauss,24421,20,0.3217467457056046,0.22260976843535898,3,prior,gradual,1092,0.272466653585434,1.0,True,medium,slow,prior/gradual/K=3/recurring/medium/slow/n/a/imbalanced/noisy,-0.02335510866316559,-0.0
scn-0bdc9fc0be77,1685144790,ADWIN,0.7501814610819351,0.03724159100011093,0,3.0,0.0,0.0,3.0,0.0,0.0,,0.0,0.0,1.0,,,inf,14145.0,,,0.0,14145.0,hyperplane_gauss,24421,20,0.3217467457056046,0.22260976843535898,3,prior,gradual,1092,0.272466653585434,1.0,True,medium,slow,prior/gradual/K=3/recurring/medium/slow/n/a/imbalanced/noisy,0.0,-0.02305623158703729
scn-0bdc9fc0be77,1685144790,KSWIN,0.7488578626019384,4.928700480000316,1,3.0,1.0,0.0,3.0,1.0,0.0,0.0,0.0,0.0,1.0,,,14145.0,14145.0,,,0.07069635913750442,14145.0,hyperplane_gauss,24421,20,0.3217467457056046,0.22260976843535898,3,prior,gradual,1092,0.272466653585434,1.0,True,medium,slow,prior/gradual/K=3/recurring/medium/slow/n/a/imbalanced/noisy,-0.001323598479996635,-0.021732633107040655
scn-0bdc9fc0be77,1685144790,PageHinkley,0.7095768754536527,0.06762942200020916,9,3.0,9.0,2.0,1.0,7.0,0.0,0.2222222222222222,0.6666666666666666,0.3333333333333333,0.33333333333333337,1822.0,1822.0,2020.7142857142858,2020.7142857142858,0.7393758820762113,0.7393758820762113,0.4948745139625309,14145.0,hyperplane_gauss,24421,20,0.3217467457056046,0.22260976843535898,3,prior,gradual,1092,0.272466653585434,1.0,True,medium,slow,prior/gradual/K=3/recurring/medium/slow/n/a/imbalanced/noisy,-0.0406045856282824,0.017548354041245107
scn-0bdc9fc0be77,1685144790,PageHinkley-up,0.7501814610819351,0.04345634699984657,0,3.0,0.0,0.0,3.0,0.0,0.0,,0.0,0.0,1.0,,,inf,14145.0,,,0.0,14145.0,hyperplane_gauss,24421,20,0.3217467457056046,0.22260976843535898,3,prior,gradual,1092,0.272466653585434,1.0,True,medium,slow,prior/gradual/K=3/recurring/medium/slow/n/a/imbalanced/noisy,0.0,-0.02305623158703729
scn-0bdc9fc0be77,1685144790,DDM,0.7501814610819351,0.0419188240002768,0,3.0,0.0,0.0,3.0,0.0,0.0,,0.0,0.0,1.0,,,inf,14145.0,,,0.0,14145.0,hyperplane_gauss,24421,20,0.3217467457056046,0.22260976843535898,3,prior,gradual,1092,0.272466653585434,1.0,True,medium,slow,prior/gradual/K=3/recurring/medium/slow/n/a/imbalanced/noisy,0.0,-0.02305623158703729
scn-0bdc9fc0be77,1685144790,EDDM,0.7470219034200077,0.042677220000314264,2,3.0,2.0,0.0,3.0,2.0,0.0,0.0,0.0,0.0,1.0,,,7072.5,7072.5,,,0.14139271827500885,14145.0,hyperplane_gauss,24421,20,0.3217467457056046,0.22260976843535898,3,prior,gradual,1092,0.272466653585434,1.0,True,medium,slow,prior/gradual/K=3/recurring/medium/slow/n/a/imbalanced/noisy,-0.003159557661927326,-0.019896673925109964
scn-0bdc9fc0be77,1685144790,HDDM_A,0.7501814610819351,0.0918042369999057,0,3.0,0.0,0.0,3.0,0.0,0.0,,0.0,0.0,1.0,,,inf,14145.0,,,0.0,14145.0,hyperplane_gauss,24421,20,0.3217467457056046,0.22260976843535898,3,prior,gradual,1092,0.272466653585434,1.0,True,medium,slow,prior/gradual/K=3/recurring/medium/slow/n/a/imbalanced/noisy,0.0,-0.02305623158703729
scn-0bdc9fc0be77,1685144790,HDDM_W,0.7352803040006831,0.09692919600001915,3,3.0,3.0,1.0,2.0,2.0,0.0,0.3333333333333333,0.3333333333333333,0.3333333333333333,0.6666666666666667,692.0,692.0,7072.5,7072.5,3.40679190751445,3.40679190751445,0.14139271827500885,14145.0,hyperplane_gauss,24421,20,0.3217467457056046,0.22260976843535898,3,prior,gradual,1092,0.272466653585434,1.0,True,medium,slow,prior/gradual/K=3/recurring/medium/slow/n/a/imbalanced/noisy,-0.014901157081251948,-0.008155074505785342
scn-0bdc9fc0be77,1685144790,FHDDM,0.7325904103155289,0.04168366799967771,2,3.0,2.0,2.0,1.0,0.0,0.0,1.0,0.6666666666666666,0.8,0.33333333333333337,986.5,986.5,inf,14145.0,inf,9.559047136340597,0.0,14145.0,hyperplane_gauss,24421,20,0.3217467457056046,0.22260976843535898,3,prior,gradual,1092,0.272466653585434,1.0,True,medium,slow,prior/gradual/K=3/recurring/medium/slow/n/a/imbalanced/noisy,-0.017591050766406213,-0.005465180820631077
scn-0bdc9fc0be77,1685144790,NoDrift,0.7501814610819351,0.031436568000117404,0,3.0,0.0,0.0,3.0,0.0,0.0,,0.0,0.0,1.0,,,inf,14145.0,,,0.0,14145.0,hyperplane_gauss,24421,20,0.3217467457056046,0.22260976843535898,3,prior,gradual,1092,0.272466653585434,1.0,True,medium,slow,prior/gradual/K=3/recurring/medium/slow/n/a/imbalanced/noisy,0.0,-0.02305623158703729
scn-0bdc9fc0be77,1685144790,Periodic(2000),0.6989453908885188,0.03613031899976704,11,3.0,11.0,3.0,0.0,7.0,1.0,0.2727272727272727,1.0,0.42857142857142855,0.0,1169.3333333333333,1643.0,2020.7142857142858,2020.7142857142858,1.7280908942824567,1.7280908942824567,0.4948745139625309,14145.0,hyperplane_gauss,24421,20,0.3217467457056046,0.22260976843535898,3,prior,gradual,1092,0.272466653585434,1.0,True,medium,slow,prior/gradual/K=3/recurring/medium/slow/n/a/imbalanced/noisy,-0.05123607019341625,0.02817983860637896
scn-0bdc9fc0be77,1685144790,Oracle,0.7271252294948978,0.04388347900021472,3,3.0,3.0,3.0,0.0,0.0,0.0,1.0,1.0,1.0,0.0,547.0,547.0,inf,14145.0,inf,25.859232175502743,0.0,14145.0,hyperplane_gauss,24421,20,0.3217467457056046,0.22260976843535898,3,prior,gradual,1092,0.272466653585434,1.0,True,medium,slow,prior/gradual/K=3/recurring/medium/slow/n/a/imbalanced/noisy,-0.02305623158703729,-0.0
scn-0bdc9fc0be77,1685144791,ADWIN,0.7491140429529055,0.04150099800017415,0,3.0,0.0,0.0,3.0,0.0,0.0,,0.0,0.0,1.0,,,inf,14145.0,,,0.0,14145.0,hyperplane_gauss,24421,20,0.3217467457056046,0.22260976843535898,3,prior,gradual,1092,0.272466653585434,1.0,True,medium,slow,prior/gradual/K=3/recurring/medium/slow/n/a/imbalanced/noisy,0.0,-0.021134878954784164
scn-0bdc9fc0be77,1685144791,KSWIN,0.7414286324238931,4.958229240000037,1,3.0,1.0,0.0,3.0,1.0,0.0,0.0,0.0,0.0,1.0,,,14145.0,14145.0,,,0.07069635913750442,14145.0,hyperplane_gauss,24421,20,0.3217467457056046,0.22260976843535898,3,prior,gradual,1092,0.272466653585434,1.0,True,medium,slow,prior/gradual/K=3/recurring/medium/slow/n/a/imbalanced/noisy,-0.007685410529012393,-0.013449468425771771
scn-0bdc9fc0be77,1685144791,PageHinkley,0.7021903420007686,0.05717327299998942,12,3.0,12.0,2.0,1.0,9.0,1.0,0.16666666666666666,0.6666666666666666,0.26666666666666666,0.33333333333333337,1818.0,1818.0,1571.6666666666667,1571.6666666666667,0.5763354113189096,0.5763354113189096,0.6362672322375398,14145.0,hyperplane_gauss,24421,20,0.3217467457056046,0.22260976843535898,3,prior,gradual,1092,0.272466653585434,1.0,True,medium,slow,prior/gradual/K=3/recurring/medium/slow/n/a/imbalanced/noisy,-0.04692370095213694,0.025788821997352773
scn-0bdc9fc0be77,1685144791,PageHinkley-up,0.740916271721959,0.044315016999917134,1,3.0,1.0,1.0,2.0,0.0,0.0,1.0,0.3333333333333333,0.5,0.6666666666666667,1593.0,1593.0,inf,14145.0,inf,2.9598242310106713,0.0,14145.0,hyperplane_gauss,24421,20,0.3217467457056046,0.22260976843535898,3,prior,gradual,1092,0.272466653585434,1.0,True,medium,slow,prior/gradual/K=3/recurring/medium/slow/n/a/imbalanced/noisy,-0.00819777123094656,-0.012937107723837604
scn-0bdc9fc0be77,1685144791,DDM,0.7491140429529055,0.04201227600015045,0,3.0,0.0,0.0,3.0,0.0,0.0,,0.0,0.0,1.0,,,inf,14145.0,,,0.0,14145.0,hyperplane_gauss,24421,20,0.3217467457056046,0.22260976843535898,3,prior,gradual,1092,0.272466653585434,1.0,True,medium,slow,prior/gradual/K=3/recurring/medium/slow/n/a/imbalanced/noisy,0.0,-0.021134878954784164
scn-0bdc9fc0be77,1685144791,EDDM,0.7448016737116263,0.04015523999987636,1,3.0,1.0,0.0,3.0,1.0,0.0,0.0,0.0,0.0,1.0,,,14145.0,14145.0,,,0.07069635913750442,14145.0,hyperplane_gauss,24421,20,0.3217467457056046,0.22260976843535898,3,prior,gradual,1092,0.272466653585434,1.0,True,medium,slow,prior/gradual/K=3/recurring/medium/slow/n/a/imbalanced/noisy,-0.004312369241279201,-0.016822509713504963
scn-0bdc9fc0be77,1685144791,HDDM_A,0.7491140429529055,0.08773008899970591,0,3.0,0.0,0.0,3.0,0.0,0.0,,0.0,0.0,1.0,,,inf,14145.0,,,0.0,14145.0,hyperplane_gauss,24421,20,0.3217467457056046,0.22260976843535898,3,prior,gradual,1092,0.272466653585434,1.0,True,medium,slow,prior/gradual/K=3/recurring/medium/slow/n/a/imbalanced/noisy,0.0,-0.021134878954784164
scn-0bdc9fc0be77,1685144791,HDDM_W,0.7006959566201273,0.11629302299979827,11,3.0,11.0,2.0,1.0,9.0,0.0,0.18181818181818182,0.6666666666666666,0.28571428571428575,0.33333333333333337,1726.5,1726.5,1571.6666666666667,1571.6666666666667,0.6068796859413714,0.6068796859413714,0.6362672322375398,14145.0,hyperplane_gauss,24421,20,0.3217467457056046,0.22260976843535898,3,prior,gradual,1092,0.272466653585434,1.0,True,medium,slow,prior/gradual/K=3/recurring/medium/slow/n/a/imbalanced/noisy,-0.04841808633277822,0.027283207377994056
scn-0bdc9fc0be77,1685144791,FHDDM,0.7491140429529055,0.03958285600037925,0,3.0,0.0,0.0,3.0,0.0,0.0,,0.0,0.0,1.0,,,inf,14145.0,,,0.0,14145.0,hyperplane_gauss,24421,20,0.3217467457056046,0.22260976843535898,3,prior,gradual,1092,0.272466653585434,1.0,True,medium,slow,prior/gradual/K=3/recurring/medium/slow/n/a/imbalanced/noisy,0.0,-0.021134878954784164
scn-0bdc9fc0be77,1685144791,NoDrift,0.7491140429529055,0.031025408999994397,0,3.0,0.0,0.0,3.0,0.0,0.0,,0.0,0.0,1.0,,,inf,14145.0,,,0.0,14145.0,hyperplane_gauss,24421,20,0.3217467457056046,0.22260976843535898,3,prior,gradual,1092,0.272466653585434,1.0,True,medium,slow,prior/gradual/K=3/recurring/medium/slow/n/a/imbalanced/noisy,0.0,-0.021134878954784164
scn-0bdc9fc0be77,1685144791,Periodic(2000),0.6995858417659365,0.033331927999824984,11,3.0,11.0,3.0,0.0,7.0,1.0,0.2727272727272727,1.0,0.42857142857142855,0.0,1169.3333333333333,1643.0,2020.7142857142858,2020.7142857142858,1.7280908942824567,1.7280908942824567,0.4948745139625309,14145.0,hyperplane_gauss,24421,20,0.3217467457056046,0.22260976843535898,3,prior,gradual,1092,0.272466653585434,1.0,True,medium,slow,prior/gradual/K=3/recurring/medium/slow/n/a/imbalanced/noisy,-0.04952820118696899,0.028393322232184826
scn-0bdc9fc0be77,1685144791,Oracle,0.7279791639981213,0.033070920999762166,3,3.0,3.0,3.0,0.0,0.0,0.0,1.0,1.0,1.0,0.0,547.0,547.0,inf,14145.0,inf,25.859232175502743,0.0,14145.0,hyperplane_gauss,24421,20,0.3217467457056046,0.22260976843535898,3,prior,gradual,1092,0.272466653585434,1.0,True,medium,slow,prior/gradual/K=3/recurring/medium/slow/n/a/imbalanced/noisy,-0.021134878954784164,-0.0
scn-5326451a1cf2,261798252,ADWIN,0.8388793629573658,0.023861299000145664,0,5.0,0.0,0.0,5.0,0.0,0.0,,0.0,0.0,1.0,,,inf,22889.0,,,0.0,22889.0,hyperplane_gauss,35409,3,0.14608014756813648,0.10204303348436951,5,virtual,incremental,304,0.107015141248703,0.9142185511688391,False,medium,fast,virtual/incremental/K=5/medium/fast/partial/imbalanced/noisy,0.0,-0.001394983870498967
scn-5326451a1cf2,261798252,KSWIN,0.8388793629573658,7.284306461999677,0,5.0,0.0,0.0,5.0,0.0,0.0,,0.0,0.0,1.0,,,inf,22889.0,,,0.0,22889.0,hyperplane_gauss,35409,3,0.14608014756813648,0.10204303348436951,5,virtual,incremental,304,0.107015141248703,0.9142185511688391,False,medium,fast,virtual/incremental/K=5/medium/fast/partial/imbalanced/noisy,0.0,-0.001394983870498967
scn-5326451a1cf2,261798252,PageHinkley,0.8393443575808655,0.03425795300017853,2,5.0,2.0,1.0,4.0,1.0,0.0,0.5,0.2,0.28571428571428575,0.8,2214.0,2214.0,22889.0,22889.0,2.067660343270099,2.067660343270099,0.04368910830529949,22889.0,hyperplane_gauss,35409,3,0.14608014756813648,0.10204303348436951,5,virtual,incremental,304,0.107015141248703,0.9142185511688391,False,medium,fast,virtual/incremental/K=5/medium/fast/partial/imbalanced/noisy,0.00046499462349969267,-0.0018599784939986597
scn-5326451a1cf2,261798252,PageHinkley-up,0.840245284663896,0.03339893900010793,1,5.0,1.0,0.0,5.0,1.0,0.0,0.0,0.0,0.0,1.0,,,22889.0,22889.0,,,0.04368910830529949,22889.0,hyperplane_gauss,35409,3,0.14608014756813648,0.10204303348436951,5,virtual,incremental,304,0.107015141248703,0.9142185511688391,False,medium,fast,virtual/incremental/K=5/medium/fast/partial/imbalanced/noisy,0.001365921706530271,-0.002760905577029238
scn-5326451a1cf2,261798252,DDM,0.8388793629573658,0.03317547699998613,0,5.0,0.0,0.0,5.0,0.0,0.0,,0.0,0.0,1.0,,,inf,22889.0,,,0.0,22889.0,hyperplane_gauss,35409,3,0.14608014756813648,0.10204303348436951,5,virtual,incremental,304,0.107015141248703,0.9142185511688391,False,medium,fast,virtual/incremental/K=5/medium/fast/partial/imbalanced/noisy,0.0,-0.001394983870498967
scn-5326451a1cf2,261798252,EDDM,0.8393734197448341,0.02927788099987083,5,5.0,5.0,1.0,4.0,4.0,0.0,0.2,0.2,0.20000000000000004,0.8,638.0,638.0,5722.25,5722.25,1.7938087774294669,1.7938087774294669,0.17475643322119797,22889.0,hyperplane_gauss,35409,3,0.14608014756813648,0.10204303348436951,5,virtual,incremental,304,0.107015141248703,0.9142185511688391,False,medium,fast,virtual/incremental/K=5/medium/fast/partial/imbalanced/noisy,0.0004940567874683888,-0.0018890406579673558
scn-5326451a1cf2,261798252,HDDM_A,0.8388793629573658,0.09706211899992923,0,5.0,0.0,0.0,5.0,0.0,0.0,,0.0,0.0,1.0,,,inf,22889.0,,,0.0,22889.0,hyperplane_gauss,35409,3,0.14608014756813648,0.10204303348436951,5,virtual,incremental,304,0.107015141248703,0.9142185511688391,False,medium,fast,virtual/incremental/K=5/medium/fast/partial/imbalanced/noisy,0.0,-0.001394983870498967
scn-5326451a1cf2,261798252,HDDM_W,0.8388793629573658,0.10139797700003328,0,5.0,0.0,0.0,5.0,0.0,0.0,,0.0,0.0,1.0,,,inf,22889.0,,,0.0,22889.0,hyperplane_gauss,35409,3,0.14608014756813648,0.10204303348436951,5,virtual,incremental,304,0.107015141248703,0.9142185511688391,False,medium,fast,virtual/incremental/K=5/medium/fast/partial/imbalanced/noisy,0.0,-0.001394983870498967
scn-5326451a1cf2,261798252,FHDDM,0.8388793629573658,0.02675212800022564,0,5.0,0.0,0.0,5.0,0.0,0.0,,0.0,0.0,1.0,,,inf,22889.0,,,0.0,22889.0,hyperplane_gauss,35409,3,0.14608014756813648,0.10204303348436951,5,virtual,incremental,304,0.107015141248703,0.9142185511688391,False,medium,fast,virtual/incremental/K=5/medium/fast/partial/imbalanced/noisy,0.0,-0.001394983870498967
scn-5326451a1cf2,261798252,NoDrift,0.8388793629573658,0.01572965400009707,0,5.0,0.0,0.0,5.0,0.0,0.0,,0.0,0.0,1.0,,,inf,22889.0,,,0.0,22889.0,hyperplane_gauss,35409,3,0.14608014756813648,0.10204303348436951,5,virtual,incremental,304,0.107015141248703,0.9142185511688391,False,medium,fast,virtual/incremental/K=5/medium/fast/partial/imbalanced/noisy,0.0,-0.001394983870498967
scn-5326451a1cf2,261798252,Periodic(2000),0.8369612601354297,0.01760059199978059,17,5.0,17.0,5.0,0.0,11.0,1.0,0.29411764705882354,1.0,0.45454545454545453,0.0,1148.0,1066.0,2080.818181818182,2080.818181818182,1.8125593918276846,1.8125593918276846,0.4805801913582944,22889.0,hyperplane_gauss,35409,3,0.14608014756813648,0.10204303348436951,5,virtual,incremental,304,0.107015141248703,0.9142185511688391,False,medium,fast,virtual/incremental/K=5/medium/fast/partial/imbalanced/noisy,-0.0019181028219360519,0.0005231189514370849
scn-5326451a1cf2,261798252,Oracle,0.8374843790868668,0.018900968999787437,5,5.0,5.0,5.0,0.0,0.0,0.0,1.0,1.0,1.0,0.0,153.0,153.0,inf,22889.0,inf,149.6013071895425,0.0,22889.0,hyperplane_gauss,35409,3,0.14608014756813648,0.10204303348436951,5,virtual,incremental,304,0.107015141248703,0.9142185511688391,False,medium,fast,virtual/incremental/K=5/medium/fast/partial/imbalanced/noisy,-0.001394983870498967,-0.0
scn-5326451a1cf2,261798253,ADWIN,0.8422796361417071,0.02554635699971186,0,5.0,0.0,0.0,5.0,0.0,0.0,,0.0,0.0,1.0,,,inf,22889.0,,,0.0,22889.0,hyperplane_gauss,35409,3,0.14608014756813648,0.10204303348436951,5,virtual,incremental,304,0.107015141248703,0.9142185511688391,False,medium,fast,virtual/incremental/K=5/medium/fast/partial/imbalanced/noisy,0.0,-0.0018890406579673558
scn-5326451a1cf2,261798253,KSWIN,0.8422796361417071,7.488360035999904,0,5.0,0.0,0.0,5.0,0.0,0.0,,0.0,0.0,1.0,,,inf,22889.0,,,0.0,22889.0,hyperplane_gauss,35409,3,0.14608014756813648,0.10204303348436951,5,virtual,incremental,304,0.107015141248703,0.9142185511688391,False,medium,fast,virtual/incremental/K=5/medium/fast/partial/imbalanced/noisy,0.0,-0.0018890406579673558
scn-5326451a1cf2,261798253,PageHinkley,0.8411171495829579,0.033028792000095564,2,5.0,2.0,1.0,4.0,1.0,0.0,0.5,0.2,0.28571428571428575,0.8,57.0,57.0,22889.0,22889.0,80.31228070175437,80.31228070175437,0.04368910830529949,22889.0,hyperplane_gauss,35409,3,0.14608014756813648,0.10204303348436951,5,virtual,incremental,304,0.107015141248703,0.9142185511688391,False,medium,fast,virtual/incremental/K=5/medium/fast/partial/imbalanced/noisy,-0.0011624865587491762,-0.0007265540992181796
scn-5326451a1cf2,261798253,PageHinkley-up,0.8422796361417071,0.0325516709999647,0,5.0,0.0,0.0,5.0,0.0,0.0,,0.0,0.0,1.0,,,inf,22889.0,,,0.0,22889.0,hyperplane_gauss,35409,3,0.14608014756813648,0.10204303348436951,5,virtual,incremental,304,0.107015141248703,0.9142185511688391,False,medium,fast,virtual/incremental/K=5/medium/fast/partial/imbalanced/noisy,0.0,-0.0018890406579673558
scn-5326451a1cf2,261798253,DDM,0.8435002470283938,0.03209520800010068,1,5.0,1.0,0.0,5.0,1.0,0.0,0.0,0.0,0.0,1.0,,,22889.0,22889.0,,,0.04368910830529949,22889.0,hyperplane_gauss,35409,3,0.14608014756813648,0.10204303348436951,5,virtual,incremental,304,0.107015141248703,0.9142185511688391,False,medium,fast,virtual/incremental/K=5/medium/fast/partial/imbalanced/noisy,0.0012206108866866794,-0.003109651544654035
scn-5326451a1cf2,261798253,EDDM,0.8403905954837397,0.04166129800023555,26,5.0,26.0,2.0,3.0,13.0,11.0,0.07692307692307693,0.4,0.12903225806451613,0.6,159.5,159.5,1760.6923076923076,1760.6923076923076,4.415529298287919,4.415529298287919,0.5679584079688934,22889.0,hyperplane_gauss,35409,3,0.14608014756813648,0.10204303348436951,5,virtual,incremental,304,0.107015141248703,0.9142185511688391,False,medium,fast,virtual/incremental/K=5/medium/fast/partial/imbalanced/noisy,-0.0018890406579673558,-0.0
scn-5326451a1cf2,261798253,HDDM_A,0.8422796361417071,0.11120777900032408,0,5.0,0.0,0.0,5.0,0.0,0.0,,0.0,0.0,1.0,,,inf,22889.0,,,0.0,22889.0,hyperplane_gauss,35409,3,0.14608014756813648,0.10204303348436951,5,virtual,incremental,304,0.107015141248703,0.9142185511688391,False,medium,fast,virtual/incremental/K=5/medium/fast/partial/imbalanced/noisy,0.0,-0.0018890406579673558
scn-5326451a1cf2,261798253,HDDM_W,0.8428027550931443,0.10290314199983186,1,5.0,1.0,0.0,5.0,1.0,0.0,0.0,0.0,0.0,1.0,,,22889.0,22889.0,,,0.04368910830529949,22889.0,hyperplane_gauss,35409,3,0.14608014756813648,0.10204303348436951,5,virtual,incremental,304,0.107015141248703,0.9142185511688391,False,medium,fast,virtual/incremental/K=5/medium/fast/partial/imbalanced/noisy,0.0005231189514371959,-0.0024121596094045517
scn-5326451a1cf2,261798253,FHDDM,0.8422796361417071,0.027000838999811094,0,5.0,0.0,0.0,5.0,0.0,0.0,,0.0,0.0,1.0,,,inf,22889.0,,,0.0,22889.0,hyperplane_gauss,35409,3,0.14608014756813648,0.10204303348436951,5,virtual,incremental,304,0.107015141248703,0.9142185511688391,False,medium,fast,virtual/incremental/K=5/medium/fast/partial/imbalanced/noisy,0.0,-0.0018890406579673558
scn-5326451a1cf2,261798253,NoDrift,0.8422796361417071,0.015533804000369855,0,5.0,0.0,0.0,5.0,0.0,0.0,,0.0,0.0,1.0,,,inf,22889.0,,,0.0,22889.0,hyperplane_gauss,35409,3,0.14608014756813648,0.10204303348436951,5,virtual,incremental,304,0.107015141248703,0.9142185511688391,False,medium,fast,virtual/incremental/K=5/medium/fast/partial/imbalanced/noisy,0.0,-0.0018890406579673558
scn-5326451a1cf2,261798253,Periodic(2000),0.8379784358743352,0.017530032999729883,17,5.0,17.0,5.0,0.0,11.0,1.0,0.29411764705882354,1.0,0.45454545454545453,0.0,1148.0,1066.0,2080.818181818182,2080.818181818182,1.8125593918276846,1.8125593918276846,0.4805801913582944,22889.0,hyperplane_gauss,35409,3,0.14608014756813648,0.10204303348436951,5,virtual,incremental,304,0.107015141248703,0.9142185511688391,False,medium,fast,virtual/incremental/K=5/medium/fast/partial/imbalanced/noisy,-0.004301200267371907,0.0024121596094045517
scn-5326451a1cf2,261798253,Oracle,0.8403905954837397,0.019044479000058345,5,5.0,5.0,5.0,0.0,0.0,0.0,1.0,1.0,1.0,0.0,153.0,153.0,inf,22889.0,inf,149.6013071895425,0.0,22889.0,hyperplane_gauss,35409,3,0.14608014756813648,0.10204303348436951,5,virtual,incremental,304,0.107015141248703,0.9142185511688391,False,medium,fast,virtual/incremental/K=5/medium/fast/partial/imbalanced/noisy,-0.0018890406579673558,-0.0
scn-5326451a1cf2,261798254,ADWIN,0.8381237466941789,0.023354910999842105,0,5.0,0.0,0.0,5.0,0.0,0.0,,0.0,0.0,1.0,,,inf,22889.0,,,0.0,22889.0,hyperplane_gauss,35409,3,0.14608014756813648,0.10204303348436951,5,virtual,incremental,304,0.107015141248703,0.9142185511688391,False,medium,fast,virtual/incremental/K=5/medium/fast/partial/imbalanced/noisy,0.0,0.0011624865587491762
scn-5326451a1cf2,261798254,KSWIN,0.8381237466941789,7.278328076999969,0,5.0,0.0,0.0,5.0,0.0,0.0,,0.0,0.0,1.0,,,inf,22889.0,,,0.0,22889.0,hyperplane_gauss,35409,3,0.14608014756813648,0.10204303348436951,5,virtual,incremental,304,0.107015141248703,0.9142185511688391,False,medium,fast,virtual/incremental/K=5/medium/fast/partial/imbalanced/noisy,0.0,0.0011624865587491762
scn-5326451a1cf2,261798254,PageHinkley,0.8404196576477084,0.0330198990000099,2,5.0,2.0,1.0,4.0,1.0,0.0,0.5,0.2,0.28571428571428575,0.8,739.0,739.0,22889.0,22889.0,6.194587280108253,6.194587280108253,0.04368910830529949,22889.0,hyperplane_gauss,35409,3,0.14608014756813648,0.10204303348436951,5,virtual,incremental,304,0.107015141248703,0.9142185511688391,False,medium,fast,virtual/incremental/K=5/medium/fast/partial/imbalanced/noisy,0.0022959109535295452,-0.001133424394780369
scn-5326451a1cf2,261798254,PageHinkley-up,0.8404196576477084,0.032056297000053746,2,5.0,2.0,1.0,4.0,1.0,0.0,0.5,0.2,0.28571428571428575,0.8,739.0,739.0,22889.0,22889.0,6.194587280108253,6.194587280108253,0.04368910830529949,22889.0,hyperplane_gauss,35409,3,0.14608014756813648,0.10204303348436951,5,virtual,incremental,304,0.107015141248703,0.9142185511688391,False,medium,fast,virtual/incremental/K=5/medium/fast/partial/imbalanced/noisy,0.0022959109535295452,-0.001133424394780369
scn-5326451a1cf2,261798254,DDM,0.8381237466941789,0.031441626000287215,0,5.0,0.0,0.0,5.0,0.0,0.0,,0.0,0.0,1.0,,,inf,22889.0,,,0.0,22889.0,hyperplane_gauss,35409,3,0.14608014756813648,0.10204303348436951,5,virtual,incremental,304,0.107015141248703,0.9142185511688391,False,medium,fast,virtual/incremental/K=5/medium/fast/partial/imbalanced/noisy,0.0,0.0011624865587491762
scn-5326451a1cf2,261798254,EDDM,0.8376006277427417,0.03254262900009053,12,5.0,12.0,1.0,4.0,6.0,5.0,0.08333333333333333,0.2,0.11764705882352941,0.8,87.0,87.0,3814.8333333333335,3814.8333333333335,8.769731800766282,8.769731800766282,0.2621346498317969,22889.0,hyperplane_gauss,35409,3,0.14608014756813648,0.10204303348436951,5,virtual,incremental,304,0.107015141248703,0.9142185511688391,False,medium,fast,virtual/incremental/K=5/medium/fast/partial/imbalanced/noisy,-0.0005231189514371959,0.001685605510186372
scn-5326451a1cf2,261798254,HDDM_A,0.8381237466941789,0.09540796000010232,0,5.0,0.0,0.0,5.0,0.0,0.0,,0.0,0.0,1.0,,,inf,22889.0,,,0.0,22889.0,hyperplane_gauss,35409,3,0.14608014756813648,0.10204303348436951,5,virtual,incremental,304,0.107015141248703,0.9142185511688391,False,medium,fast,virtual/incremental/K=5/medium/fast/partial/imbalanced/noisy,0.0,0.0011624865587491762
scn-5326451a1cf2,261798254,HDDM_W,0.8381237466941789,0.09941388500010362,0,5.0,0.0,0.0,5.0,0.0,0.0,,0.0,0.0,1.0,,,inf,22889.0,,,0.0,22889.0,hyperplane_gauss,35409,3,0.14608014756813648,0.10204303348436951,5,virtual,incremental,304,0.107015141248703,0.9142185511688391,False,medium,fast,virtual/incremental/K=5/medium/fast/partial/imbalanced/noisy,0.0,0.0011624865587491762
scn-5326451a1cf2,261798254,FHDDM,0.8381237466941789,0.026636748000328225,0,5.0,0.0,0.0,5.0,0.0,0.0,,0.0,0.0,1.0,,,inf,22889.0,,,0.0,22889.0,hyperplane_gauss,35409,3,0.14608014756813648,0.10204303348436951,5,virtual,incremental,304,0.107015141248703,0.9142185511688391,False,medium,fast,virtual/incremental/K=5/medium/fast/partial/imbalanced/noisy,0.0,0.0011624865587491762
scn-5326451a1cf2,261798254,NoDrift,0.8381237466941789,0.01563121500021225,0,5.0,0.0,0.0,5.0,0.0,0.0,,0.0,0.0,1.0,,,inf,22889.0,,,0.0,22889.0,hyperplane_gauss,35409,3,0.14608014756813648,0.10204303348436951,5,virtual,incremental,304,0.107015141248703,0.9142185511688391,False,medium,fast,virtual/incremental/K=5/medium/fast/partial/imbalanced/noisy,0.0,0.0011624865587491762
scn-5326451a1cf2,261798254,Periodic(2000),0.837571565578773,0.026757504000215704,17,5.0,17.0,5.0,0.0,11.0,1.0,0.29411764705882354,1.0,0.45454545454545453,0.0,1148.0,1066.0,2080.818181818182,2080.818181818182,1.8125593918276846,1.8125593918276846,0.4805801913582944,22889.0,hyperplane_gauss,35409,3,0.14608014756813648,0.10204303348436951,5,virtual,incremental,304,0.107015141248703,0.9142185511688391,False,medium,fast,virtual/incremental/K=5/medium/fast/partial/imbalanced/noisy,-0.000552181115405892,0.0017146676741550682
scn-5326451a1cf2,261798254,Oracle,0.8392862332529281,0.019001521000063804,5,5.0,5.0,5.0,0.0,0.0,0.0,1.0,1.0,1.0,0.0,153.0,153.0,inf,22889.0,inf,149.6013071895425,0.0,22889.0,hyperplane_gauss,35409,3,0.14608014756813648,0.10204303348436951,5,virtual,incremental,304,0.107015141248703,0.9142185511688391,False,medium,fast,virtual/incremental/K=5/medium/fast/partial/imbalanced/noisy,0.0011624865587491762,-0.0
scn-82807c5b8cde,634259626,ADWIN,0.8230844822965367,0.037662085000192747,0,5.0,0.0,0.0,5.0,0.0,0.0,,0.0,0.0,1.0,,,inf,19791.0,,,0.0,19791.0,hyperplane_gauss,34581,11,0.18305545244365934,0.14579067137092352,5,prior,gradual,758,0.42120875656604767,1.0,False,high,fast,prior/gradual/K=5/high/fast/n/a/imbalanced/noisy,0.0,-0.02581817098954764
scn-82807c5b8cde,634259626,KSWIN,0.8230844822965367,7.133242203000009,0,5.0,0.0,0.0,5.0,0.0,0.0,,0.0,0.0,1.0,,,inf,19791.0,,,0.0,19791.0,hyperplane_gauss,34581,11,0.18305545244365934,0.14579067137092352,5,prior,gradual,758,0.42120875656604767,1.0,False,high,fast,prior/gradual/K=5/high/fast/n/a/imbalanced/noisy,0.0,-0.02581817098954764
scn-82807c5b8cde,634259626,PageHinkley,0.7879157857121587,0.06242695199989612,12,5.0,12.0,3.0,2.0,9.0,0.0,0.25,0.6,0.35294117647058826,0.4,1700.6666666666667,1921.0,2199.0,2199.0,0.7758134065072521,0.7758134065072521,0.45475216007276037,19791.0,hyperplane_gauss,34581,11,0.18305545244365934,0.14579067137092352,5,prior,gradual,758,0.42120875656604767,1.0,False,high,fast,prior/gradual/K=5/high/fast/n/a/imbalanced/noisy,-0.035168696584378045,0.009350525594830406
scn-82807c5b8cde,634259626,PageHinkley-up,0.8175158571811441,0.04567692899991016,1,5.0,1.0,1.0,4.0,0.0,0.0,1.0,0.2,0.33333333333333337,0.8,1458.0,1458.0,inf,19791.0,inf,2.7148148148148143,0.0,19791.0,hyperplane_gauss,34581,11,0.18305545244365934,0.14579067137092352,5,prior,gradual,758,0.42120875656604767,1.0,False,high,fast,prior/gradual/K=5/high/fast/n/a/imbalanced/noisy,-0.005568625115392689,-0.02024954587415495
scn-82807c5b8cde,634259626,DDM,0.8230844822965367,0.047597358000075474,0,5.0,0.0,0.0,5.0,0.0,0.0,,0.0,0.0,1.0,,,inf,19791.0,,,0.0,19791.0,hyperplane_gauss,34581,11,0.18305545244365934,0.14579067137092352,5,prior,gradual,758,0.42120875656604767,1.0,False,high,fast,prior/gradual/K=5/high/fast/n/a/imbalanced/noisy,0.0,-0.02581817098954764
scn-82807c5b8cde,634259626,EDDM,0.8151633364104702,0.04723131900027511,6,5.0,6.0,0.0,5.0,6.0,0.0,0.0,0.0,0.0,1.0,,,3298.5,3298.5,,,0.3031681067151736,19791.0,hyperplane_gauss,34581,11,0.18305545244365934,0.14579067137092352,5,prior,gradual,758,0.42120875656604767,1.0,False,high,fast,prior/gradual/K=5/high/fast/n/a/imbalanced/noisy,-0.007921145886066516,-0.017897025103481123
scn-82807c5b8cde,634259626,HDDM_A,0.8230844822965367,0.10925463100011257,0,5.0,0.0,0.0,5.0,0.0,0.0,,0.0,0.0,1.0,,,inf,19791.0,,,0.0,19791.0,hyperplane_gauss,34581,11,0.18305545244365934,0.14579067137092352,5,prior,gradual,758,0.42120875656604767,1.0,False,high,fast,prior/gradual/K=5/high/fast/n/a/imbalanced/noisy,0.0,-0.02581817098954764
scn-82807c5b8cde,634259626,HDDM_W,0.8230844822965367,0.1113162229999034,0,5.0,0.0,0.0,5.0,0.0,0.0,,0.0,0.0,1.0,,,inf,19791.0,,,0.0,19791.0,hyperplane_gauss,34581,11,0.18305545244365934,0.14579067137092352,5,prior,gradual,758,0.42120875656604767,1.0,False,high,fast,prior/gradual/K=5/high/fast/n/a/imbalanced/noisy,0.0,-0.02581817098954764
scn-82807c5b8cde,634259626,FHDDM,0.8230844822965367,0.03958068900010403,0,5.0,0.0,0.0,5.0,0.0,0.0,,0.0,0.0,1.0,,,inf,19791.0,,,0.0,19791.0,hyperplane_gauss,34581,11,0.18305545244365934,0.14579067137092352,5,prior,gradual,758,0.42120875656604767,1.0,False,high,fast,prior/gradual/K=5/high/fast/n/a/imbalanced/noisy,0.0,-0.02581817098954764
scn-82807c5b8cde,634259626,NoDrift,0.8230844822965367,0.037671539999792,0,5.0,0.0,0.0,5.0,0.0,0.0,,0.0,0.0,1.0,,,inf,19791.0,,,0.0,19791.0,hyperplane_gauss,34581,11,0.18305545244365934,0.14579067137092352,5,prior,gradual,758,0.42120875656604767,1.0,False,high,fast,prior/gradual/K=5/high/fast/n/a/imbalanced/noisy,0.0,-0.02581817098954764
scn-82807c5b8cde,634259626,Periodic(2000),0.7830916291950806,0.031491087000176776,16,5.0,16.0,5.0,0.0,9.0,2.0,0.3125,1.0,0.47619047619047616,0.0,989.0,1157.0,2199.0,2199.0,2.223458038422649,2.223458038422649,0.45475216007276037,19791.0,hyperplane_gauss,34581,11,0.18305545244365934,0.14579067137092352,5,prior,gradual,758,0.42120875656604767,1.0,False,high,fast,prior/gradual/K=5/high/fast/n/a/imbalanced/noisy,-0.03999285310145617,0.014174682111908532
scn-82807c5b8cde,634259626,Oracle,0.7972663113069891,0.034881281000252784,5,5.0,5.0,5.0,0.0,0.0,0.0,1.0,1.0,1.0,0.0,380.0,380.0,inf,19791.0,inf,52.08157894736842,0.0,19791.0,hyperplane_gauss,34581,11,0.18305545244365934,0.14579067137092352,5,prior,gradual,758,0.42120875656604767,1.0,False,high,fast,prior/gradual/K=5/high/fast/n/a/imbalanced/noisy,-0.02581817098954764,-0.0
scn-82807c5b8cde,634259627,ADWIN,0.8199577141836157,0.035780240000349295,0,5.0,0.0,0.0,5.0,0.0,0.0,,0.0,0.0,1.0,,,inf,19791.0,,,0.0,19791.0,hyperplane_gauss,34581,11,0.18305545244365934,0.14579067137092352,5,prior,gradual,758,0.42120875656604767,1.0,False,high,fast,prior/gradual/K=5/high/fast/n/a/imbalanced/noisy,0.0,-0.019296626068312395
scn-82807c5b8cde,634259627,KSWIN,0.8199577141836157,7.173560194999936,0,5.0,0.0,0.0,5.0,0.0,0.0,,0.0,0.0,1.0,,,inf,19791.0,,,0.0,19791.0,hyperplane_gauss,34581,11,0.18305545244365934,0.14579067137092352,5,prior,gradual,758,0.42120875656604767,1.0,False,high,fast,prior/gradual/K=5/high/fast/n/a/imbalanced/noisy,0.0,-0.019296626068312395
scn-82807c5b8cde,634259627,PageHinkley,0.7846699026235073,0.060823187999631045,8,5.0,8.0,4.0,1.0,2.0,2.0,0.5,0.8,0.6153846153846154,0.19999999999999996,1551.5,1371.5,9895.5,9895.5,5.10241701579117,5.10241701579117,0.10105603557172452,19791.0,hyperplane_gauss,34581,11,0.18305545244365934,0.14579067137092352,5,prior,gradual,758,0.42120875656604767,1.0,False,high,fast,prior/gradual/K=5/high/fast/n/a/imbalanced/noisy,-0.035287811560108406,0.01599118549179601
scn-82807c5b8cde,634259627,PageHinkley-up,0.7962836127572139,0.051302209999903425,3,5.0,3.0,3.0,2.0,0.0,0.0,1.0,0.6,0.7499999999999999,0.4,1488.3333333333333,1002.0,inf,19791.0,inf,7.978454647256439,0.0,19791.0,hyperplane_gauss,34581,11,0.18305545244365934,0.14579067137092352,5,prior,gradual,758,0.42120875656604767,1.0,False,high,fast,prior/gradual/K=5/high/fast/n/a/imbalanced/noisy,-0.023674101426401806,0.004377475358089411
scn-82807c5b8cde,634259627,DDM,0.8048896697537298,0.04465242499964006,1,5.0,1.0,1.0,4.0,0.0,0.0,1.0,0.2,0.33333333333333337,0.8,591.0,591.0,inf,19791.0,inf,6.6974619289340085,0.0,19791.0,hyperplane_gauss,34581,11,0.18305545244365934,0.14579067137092352,5,prior,gradual,758,0.42120875656604767,1.0,False,high,fast,prior/gradual/K=5/high/fast/n/a/imbalanced/noisy,-0.015068044429885963,-0.004228581638426432
scn-82807c5b8cde,634259627,EDDM,0.8028944939102469,0.043237972000042646,4,5.0,4.0,1.0,4.0,2.0,1.0,0.25,0.2,0.22222222222222224,0.8,614.0,614.0,9895.5,9895.5,3.22328990228013,3.22328990228013,0.10105603557172452,19791.0,hyperplane_gauss,34581,11,0.18305545244365934,0.14579067137092352,5,prior,gradual,758,0.42120875656604767,1.0,False,high,fast,prior/gradual/K=5/high/fast/n/a/imbalanced/noisy,-0.017063220273368818,-0.002233405794943577
scn-82807c5b8cde,634259627,HDDM_A,0.8199577141836157,0.10755077900012111,0,5.0,0.0,0.0,5.0,0.0,0.0,,0.0,0.0,1.0,,,inf,19791.0,,,0.0,19791.0,hyperplane_gauss,34581,11,0.18305545244365934,0.14579067137092352,5,prior,gradual,758,0.42120875656604767,1.0,False,high,fast,prior/gradual/K=5/high/fast/n/a/imbalanced/noisy,0.0,-0.019296626068312395
scn-82807c5b8cde,634259627,HDDM_W,0.8081355528423811,0.11574760300027265,2,5.0,2.0,1.0,4.0,0.0,1.0,0.5,0.2,0.28571428571428575,0.8,612.0,612.0,inf,19791.0,inf,6.467647058823528,0.0,19791.0,hyperplane_gauss,34581,11,0.18305545244365934,0.14579067137092352,5,prior,gradual,758,0.42120875656604767,1.0,False,high,fast,prior/gradual/K=5/high/fast/n/a/imbalanced/noisy,-0.011822161341234594,-0.007474464727077801
scn-82807c5b8cde,634259627,FHDDM,0.8135850629820435,0.04039694400034932,1,5.0,1.0,0.0,5.0,1.0,0.0,0.0,0.0,0.0,1.0,,,19791.0,19791.0,,,0.05052801778586226,19791.0,hyperplane_gauss,34581,11,0.18305545244365934,0.14579067137092352,5,prior,gradual,758,0.42120875656604767,1.0,False,high,fast,prior/gradual/K=5/high/fast/n/a/imbalanced/noisy,-0.006372651201572266,-0.012923974866740129
scn-82807c5b8cde,634259627,NoDrift,0.8199577141836157,0.027846064000186743,0,5.0,0.0,0.0,5.0,0.0,0.0,,0.0,0.0,1.0,,,inf,19791.0,,,0.0,19791.0,hyperplane_gauss,34581,11,0.18305545244365934,0.14579067137092352,5,prior,gradual,758,0.42120875656604767,1.0,False,high,fast,prior/gradual/K=5/high/fast/n/a/imbalanced/noisy,0.0,-0.019296626068312395
scn-82807c5b8cde,634259627,Periodic(2000),0.7849081325749679,0.030221476999940933,16,5.0,16.0,5.0,0.0,9.0,2.0,0.3125,1.0,0.47619047619047616,0.0,989.0,1157.0,2199.0,2199.0,2.223458038422649,2.223458038422649,0.45475216007276037,19791.0,hyperplane_gauss,34581,11,0.18305545244365934,0.14579067137092352,5,prior,gradual,758,0.42120875656604767,1.0,False,high,fast,prior/gradual/K=5/high/fast/n/a/imbalanced/noisy,-0.035049581608647795,0.0157529555403354
scn-82807c5b8cde,634259627,Oracle,0.8006610881153033,0.034154259000388265,5,5.0,5.0,5.0,0.0,0.0,0.0,1.0,1.0,1.0,0.0,380.0,380.0,inf,19791.0,inf,52.08157894736842,0.0,19791.0,hyperplane_gauss,34581,11,0.18305545244365934,0.14579067137092352,5,prior,gradual,758,0.42120875656604767,1.0,False,high,fast,prior/gradual/K=5/high/fast/n/a/imbalanced/noisy,-0.019296626068312395,-0.0
scn-82807c5b8cde,634259628,ADWIN,0.8019415741044043,0.041825292999874364,3,5.0,3.0,1.0,4.0,2.0,0.0,0.3333333333333333,0.2,0.25,0.8,981.0,981.0,9895.5,9895.5,2.01743119266055,2.01743119266055,0.10105603557172452,19791.0,hyperplane_gauss,34581,11,0.18305545244365934,0.14579067137092352,5,prior,gradual,758,0.42120875656604767,1.0,False,high,fast,prior/gradual/K=5/high/fast/n/a/imbalanced/noisy,-0.017986361335278866,-0.005777076322920682
scn-82807c5b8cde,634259628,KSWIN,0.8199279354396831,7.415948159999971,0,5.0,0.0,0.0,5.0,0.0,0.0,,0.0,0.0,1.0,,,inf,19791.0,,,0.0,19791.0,hyperplane_gauss,34581,11,0.18305545244365934,0.14579067137092352,5,prior,gradual,758,0.42120875656604767,1.0,False,high,fast,prior/gradual/K=5/high/fast/n/a/imbalanced/noisy,0.0,-0.02376343765819955
scn-82807c5b8cde,634259628,PageHinkley,0.787677555760698,0.0597447000000102,9,5.0,9.0,3.0,2.0,6.0,0.0,0.3333333333333333,0.6,0.42857142857142855,0.4,1606.6666666666667,1754.0,3298.5,3298.5,1.2318049792531118,1.2318049792531118,0.3031681067151736,19791.0,hyperplane_gauss,34581,11,0.18305545244365934,0.14579067137092352,5,prior,gradual,758,0.42120875656604767,1.0,False,high,fast,prior/gradual/K=5/high/fast/n/a/imbalanced/noisy,-0.03225037967898514,0.008486942020785593
scn-82807c5b8cde,634259628,PageHinkley-up,0.7934248533396862,0.04550555900004838,4,5.0,4.0,4.0,1.0,0.0,0.0,1.0,0.8,0.888888888888889,0.19999999999999996,1480.75,1508.5,inf,19791.0,inf,10.692419382069899,0.0,19791.0,hyperplane_gauss,34581,11,0.18305545244365934,0.14579067137092352,5,prior,gradual,758,0.42120875656604767,1.0,False,high,fast,prior/gradual/K=5/high/fast/n/a/imbalanced/noisy,-0.026503082099996966,0.0027396444417974175
scn-82807c5b8cde,634259628,DDM,0.8199279354396831,0.044843046000096365,0,5.0,0.0,0.0,5.0,0.0,0.0,,0.0,0.0,1.0,,,inf,19791.0,,,0.0,19791.0,hyperplane_gauss,34581,11,0.18305545244365934,0.14579067137092352,5,prior,gradual,758,0.42120875656604767,1.0,False,high,fast,prior/gradual/K=5/high/fast/n/a/imbalanced/noisy,0.0,-0.02376343765819955
scn-82807c5b8cde,634259628,EDDM,0.8160566987284477,0.03941842699987319,1,5.0,1.0,0.0,5.0,1.0,0.0,0.0,0.0,0.0,1.0,,,19791.0,19791.0,,,0.05052801778586226,19791.0,hyperplane_gauss,34581,11,0.18305545244365934,0.14579067137092352,5,prior,gradual,758,0.42120875656604767,1.0,False,high,fast,prior/gradual/K=5/high/fast/n/a/imbalanced/noisy,-0.0038712367112354595,-0.01989220094696409
scn-82807c5b8cde,634259628,HDDM_A,0.8199279354396831,0.12470397600009164,0,5.0,0.0,0.0,5.0,0.0,0.0,,0.0,0.0,1.0,,,inf,19791.0,,,0.0,19791.0,hyperplane_gauss,34581,11,0.18305545244365934,0.14579067137092352,5,prior,gradual,758,0.42120875656604767,1.0,False,high,fast,prior/gradual/K=5/high/fast/n/a/imbalanced/noisy,0.0,-0.02376343765819955
scn-82807c5b8cde,634259628,HDDM_W,0.7944968881212591,0.12426181499995437,4,5.0,4.0,2.0,3.0,2.0,0.0,0.5,0.4,0.4444444444444445,0.6,720.5,720.5,9895.5,9895.5,5.493684941013186,5.493684941013186,0.10105603557172452,19791.0,hyperplane_gauss,34581,11,0.18305545244365934,0.14579067137092352,5,prior,gradual,758,0.42120875656604767,1.0,False,high,fast,prior/gradual/K=5/high/fast/n/a/imbalanced/noisy,-0.02543104731842405,0.0016676096602245005
scn-82807c5b8cde,634259628,FHDDM,0.8029838301420447,0.04223927700013519,2,5.0,2.0,2.0,3.0,0.0,0.0,1.0,0.4,0.5714285714285715,0.6,723.5,723.5,inf,19791.0,inf,10.941810642709054,0.0,19791.0,hyperplane_gauss,34581,11,0.18305545244365934,0.14579067137092352,5,prior,gradual,758,0.42120875656604767,1.0,False,high,fast,prior/gradual/K=5/high/fast/n/a/imbalanced/noisy,-0.016944105297638457,-0.006819332360561092
scn-82807c5b8cde,634259628,NoDrift,0.8199279354396831,0.028545061999921018,0,5.0,0.0,0.0,5.0,0.0,0.0,,0.0,0.0,1.0,,,inf,19791.0,,,0.0,19791.0,hyperplane_gauss,34581,11,0.18305545244365934,0.14579067137092352,5,prior,gradual,758,0.42120875656604767,1.0,False,high,fast,prior/gradual/K=5/high/fast/n/a/imbalanced/noisy,0.0,-0.02376343765819955
scn-82807c5b8cde,634259628,Periodic(2000),0.7834191953783389,0.03123199099991325,16,5.0,16.0,5.0,0.0,9.0,2.0,0.3125,1.0,0.47619047619047616,0.0,989.0,1157.0,2199.0,2199.0,2.223458038422649,2.223458038422649,0.45475216007276037,19791.0,hyperplane_gauss,34581,11,0.18305545244365934,0.14579067137092352,5,prior,gradual,758,0.42120875656604767,1.0,False,high,fast,prior/gradual/K=5/high/fast/n/a/imbalanced/noisy,-0.03650874006134419,0.012745302403144643
scn-82807c5b8cde,634259628,Oracle,0.7961644977814836,0.03466867200040724,5,5.0,5.0,5.0,0.0,0.0,0.0,1.0,1.0,1.0,0.0,380.0,380.0,inf,19791.0,inf,52.08157894736842,0.0,19791.0,hyperplane_gauss,34581,11,0.18305545244365934,0.14579067137092352,5,prior,gradual,758,0.42120875656604767,1.0,False,high,fast,prior/gradual/K=5/high/fast/n/a/imbalanced/noisy,-0.02376343765819955,-0.0
scn-c7db5f283914,1020564972,ADWIN,0.8082202941056662,0.02194973299992853,2,2.0,2.0,2.0,0.0,0.0,0.0,1.0,1.0,1.0,0.0,634.5,634.5,inf,19699.0,inf,31.04649330181245,0.0,19699.0,hyperplane_gauss,25549,2,0.457035097759217,0.17643145015463232,2,real,gradual,425,0.25475737392902376,1.0,True,medium,fast,real/gradual/K=2/recurring/medium/fast/global/balanced/noisy,0.05784349668010913,0.002769970263554522
scn-c7db5f283914,1020564972,KSWIN,0.7594606704957432,5.232097952000004,2,2.0,2.0,0.0,2.0,2.0,0.0,0.0,0.0,0.0,1.0,,,9849.5,9849.5,,,0.10152799634499213,19699.0,hyperplane_gauss,25549,2,0.457035097759217,0.17643145015463232,2,real,gradual,425,0.25475737392902376,1.0,True,medium,fast,real/gradual/K=2/recurring/medium/fast/global/balanced/noisy,0.0090838730701861,0.05152959387347755
scn-c7db5f283914,1020564972,PageHinkley,0.8080980895352153,0.027409776000240527,4,2.0,4.0,2.0,0.0,2.0,0.0,0.5,1.0,0.6666666666666666,0.0,513.0,513.0,9849.5,9849.5,19.19980506822612,19.19980506822612,0.10152799634499213,19699.0,hyperplane_gauss,25549,2,0.457035097759217,0.17643145015463232,2,real,gradual,425,0.25475737392902376,1.0,True,medium,fast,real/gradual/K=2/recurring/medium/fast/global/balanced/noisy,0.05772129210965826,0.00289217483400539
scn-c7db5f283914,1020564972,PageHinkley-up,0.8101348323760642,0.02267936899988854,2,2.0,2.0,2.0,0.0,0.0,0.0,1.0,1.0,1.0,0.0,513.0,513.0,inf,19699.0,inf,38.39961013645224,0.0,19699.0,hyperplane_gauss,25549,2,0.457035097759217,0.17643145015463232,2,real,gradual,425,0.25475737392902376,1.0,True,medium,fast,real/gradual/K=2/recurring/medium/fast/global/balanced/noisy,0.05975803495050713,0.0008554319931565191
scn-c7db5f283914,1020564972,DDM,0.8072426575420587,0.02352642799996829,2,2.0,2.0,2.0,0.0,0.0,0.0,1.0,1.0,1.0,0.0,663.5,663.5,inf,19699.0,inf,29.689525244913337,0.0,19699.0,hyperplane_gauss,25549,2,0.457035097759217,0.17643145015463232,2,real,gradual,425,0.25475737392902376,1.0,True,medium,fast,real/gradual/K=2/recurring/medium/fast/global/balanced/noisy,0.05686586011650163,0.00374760682716202
scn-c7db5f283914,1020564972,EDDM,0.7875269868426412,0.02546847700023136,12,2.0,12.0,2.0,0.0,5.0,5.0,0.16666666666666666,1.0,0.2857142857142857,0.0,1811.0,1811.0,3939.8,3939.8,2.17548315847598,2.17548315847598,0.2538199908624803,19699.0,hyperplane_gauss,25549,2,0.457035097759217,0.17643145015463232,2,real,gradual,425,0.25475737392902376,1.0,True,medium,fast,real/gradual/K=2/recurring/medium/fast/global/balanced/noisy,0.037150189417084145,0.023463277526579507
scn-c7db5f283914,1020564972,HDDM_A,0.8065501649761702,0.08636242300008234,2,2.0,2.0,2.0,0.0,0.0,0.0,1.0,1.0,1.0,0.0,812.0,812.0,inf,19699.0,inf,24.25985221674877,0.0,19699.0,hyperplane_gauss,25549,2,0.457035097759217,0.17643145015463232,2,real,gradual,425,0.25475737392902376,1.0,True,medium,fast,real/gradual/K=2/recurring/medium/fast/global/balanced/noisy,0.056173367550613085,0.004440099393050567
scn-c7db5f283914,1020564972,HDDM_W,0.8069575135443399,0.07725681800002349,3,2.0,3.0,2.0,0.0,1.0,0.0,0.6666666666666666,1.0,0.8,0.0,539.0,539.0,19699.0,19699.0,36.547309833024116,36.547309833024116,0.050763998172496064,19699.0,hyperplane_gauss,25549,2,0.457035097759217,0.17643145015463232,2,real,gradual,425,0.25475737392902376,1.0,True,medium,fast,real/gradual/K=2/recurring/medium/fast/global/balanced/noisy,0.05658071611878279,0.00403275082488086
scn-c7db5f283914,1020564972,FHDDM,0.806590899832987,0.019423158000336116,3,2.0,3.0,2.0,0.0,1.0,0.0,0.6666666666666666,1.0,0.8,0.0,561.0,561.0,19699.0,19699.0,35.11408199643494,35.11408199643494,0.050763998172496064,19699.0,hyperplane_gauss,25549,2,0.457035097759217,0.17643145015463232,2,real,gradual,425,0.25475737392902376,1.0,True,medium,fast,real/gradual/K=2/recurring/medium/fast/global/balanced/noisy,0.05621410240742997,0.004399364536233685
scn-c7db5f283914,1020564972,NoDrift,0.7503767974255571,0.010519865999867761,0,2.0,0.0,0.0,2.0,0.0,0.0,,0.0,0.0,1.0,,,inf,19699.0,,,0.0,19699.0,hyperplane_gauss,25549,2,0.457035097759217,0.17643145015463232,2,real,gradual,425,0.25475737392902376,1.0,True,medium,fast,real/gradual/K=2/recurring/medium/fast/global/balanced/noisy,0.0,0.06061346694366365
scn-c7db5f283914,1020564972,Periodic(2000),0.7922114953765937,0.01177561800022886,12,2.0,12.0,2.0,0.0,10.0,0.0,0.16666666666666666,1.0,0.2857142857142857,0.0,938.5,938.5,1969.9,1969.9,2.098987746403836,2.098987746403836,0.5076399817249606,19699.0,hyperplane_gauss,25549,2,0.457035097759217,0.17643145015463232,2,real,gradual,425,0.25475737392902376,1.0,True,medium,fast,real/gradual/K=2/recurring/medium/fast/global/balanced/noisy,0.04183469795103667,0.018778768992626982
scn-c7db5f283914,1020564972,Oracle,0.8109902643692207,0.01121858800024711,2,2.0,2.0,2.0,0.0,0.0,0.0,1.0,1.0,1.0,0.0,213.0,213.0,inf,19699.0,inf,92.48356807511738,0.0,19699.0,hyperplane_gauss,25549,2,0.457035097759217,0.17643145015463232,2,real,gradual,425,0.25475737392902376,1.0,True,medium,fast,real/gradual/K=2/recurring/medium/fast/global/balanced/noisy,0.06061346694366365,-0.0
scn-c7db5f283914,1020564973,ADWIN,0.8054910586989287,0.018530018999626918,2,2.0,2.0,2.0,0.0,0.0,0.0,1.0,1.0,1.0,0.0,490.5,490.5,inf,19699.0,inf,40.16106014271152,0.0,19699.0,hyperplane_gauss,25549,2,0.457035097759217,0.17643145015463232,2,real,gradual,425,0.25475737392902376,1.0,True,medium,fast,real/gradual/K=2/recurring/medium/fast/global/balanced/noisy,0.06142816408000329,0.0023218868385677105
scn-c7db5f283914,1020564973,KSWIN,0.7440628946189254,5.14985330699983,0,2.0,0.0,0.0,2.0,0.0,0.0,,0.0,0.0,1.0,,,inf,19699.0,,,0.0,19699.0,hyperplane_gauss,25549,2,0.457035097759217,0.17643145015463232,2,real,gradual,425,0.25475737392902376,1.0,True,medium,fast,real/gradual/K=2/recurring/medium/fast/global/balanced/noisy,0.0,0.063750050918571
scn-c7db5f283914,1020564973,PageHinkley,0.7986476027536763,0.026142468000216468,6,2.0,6.0,1.0,1.0,4.0,1.0,0.16666666666666666,0.5,0.25,0.5,425.0,425.0,4924.75,4924.75,5.793823529411765,5.793823529411765,0.20305599268998425,19699.0,hyperplane_gauss,25549,2,0.457035097759217,0.17643145015463232,2,real,gradual,425,0.25475737392902376,1.0,True,medium,fast,real/gradual/K=2/recurring/medium/fast/global/balanced/noisy,0.054584708134750914,0.009165342783820085
scn-c7db5f283914,1020564973,PageHinkley-up,0.8056132632693797,0.023449570999673597,2,2.0,2.0,2.0,0.0,0.0,0.0,1.0,1.0,1.0,0.0,442.5,442.5,inf,19699.0,inf,44.51751412429378,0.0,19699.0,hyperplane_gauss,25549,2,0.457035097759217,0.17643145015463232,2,real,gradual,425,0.25475737392902376,1.0,True,medium,fast,real/gradual/K=2/recurring/medium/fast/global/balanced/noisy,0.06155036865045427,0.0021996822681167316
scn-c7db5f283914,1020564973,DDM,0.802965497576276,0.023483085999941977,3,2.0,3.0,2.0,0.0,1.0,0.0,0.6666666666666666,1.0,0.8,0.0,699.0,699.0,19699.0,19699.0,28.181688125894134,28.181688125894134,0.050763998172496064,19699.0,hyperplane_gauss,25549,2,0.457035097759217,0.17643145015463232,2,real,gradual,425,0.25475737392902376,1.0,True,medium,fast,real/gradual/K=2/recurring/medium/fast/global/balanced/noisy,0.058902602957350614,0.004847447961220386
scn-c7db5f283914,1020564973,EDDM,0.7885860931198827,0.019907547999991948,3,2.0,3.0,1.0,1.0,2.0,0.0,0.3333333333333333,0.5,0.4,0.5,707.0,707.0,9849.5,9849.5,6.965700141442715,6.965700141442715,0.10152799634499213,19699.0,hyperplane_gauss,25549,2,0.457035097759217,0.17643145015463232,2,real,gradual,425,0.25475737392902376,1.0,True,medium,fast,real/gradual/K=2/recurring/medium/fast/global/balanced/noisy,0.04452319850095732,0.019226852417613682
scn-c7db5f283914,1020564973,HDDM_A,0.803128437003544,0.0906399849995978,3,2.0,3.0,2.0,0.0,1.0,0.0,0.6666666666666666,1.0,0.8,0.0,680.0,680.0,19699.0,19699.0,28.969117647058823,28.969117647058823,0.050763998172496064,19699.0,hyperplane_gauss,25549,2,0.457035097759217,0.17643145015463232,2,real,gradual,425,0.25475737392902376,1.0,True,medium,fast,real/gradual/K=2/recurring/medium/fast/global/balanced/noisy,0.059065542384618586,0.004684508533952414
scn-c7db5f283914,1020564973,HDDM_W,0.8059391421239155,0.07600484700014931,2,2.0,2.0,2.0,0.0,0.0,0.0,1.0,1.0,1.0,0.0,404.5,404.5,inf,19699.0,inf,48.69962917181706,0.0,19699.0,hyperplane_gauss,25549,2,0.457035097759217,0.17643145015463232,2,real,gradual,425,0.25475737392902376,1.0,True,medium,fast,real/gradual/K=2/recurring/medium/fast/global/balanced/noisy,0.0618762475049901,0.001873803413580899
scn-c7db5f283914,1020564973,FHDDM,0.8063057558352682,0.019487152000237984,2,2.0,2.0,2.0,0.0,0.0,0.0,1.0,1.0,1.0,0.0,422.5,422.5,inf,19699.0,inf,46.62485207100592,0.0,19699.0,hyperplane_gauss,25549,2,0.457035097759217,0.17643145015463232,2,real,gradual,425,0.25475737392902376,1.0,True,medium,fast,real/gradual/K=2/recurring/medium/fast/global/balanced/noisy,0.062242861216342815,0.0015071897022281844
scn-c7db5f283914,1020564973,NoDrift,0.7440628946189254,0.010510441999940667,0,2.0,0.0,0.0,2.0,0.0,0.0,,0.0,0.0,1.0,,,inf,19699.0,,,0.0,19699.0,hyperplane_gauss,25549,2,0.457035097759217,0.17643145015463232,2,real,gradual,425,0.25475737392902376,1.0,True,medium,fast,real/gradual/K=2/recurring/medium/fast/global/balanced/noisy,0.0,0.063750050918571
scn-c7db5f283914,1020564973,Periodic(2000),0.7901747525357449,0.011711437000030855,12,2.0,12.0,2.0,0.0,10.0,0.0,0.16666666666666666,1.0,0.2857142857142857,0.0,938.5,938.5,1969.9,1969.9,2.098987746403836,2.098987746403836,0.5076399817249606,19699.0,hyperplane_gauss,25549,2,0.457035097759217,0.17643145015463232,2,real,gradual,425,0.25475737392902376,1.0,True,medium,fast,real/gradual/K=2/recurring/medium/fast/global/balanced/noisy,0.04611185791681949,0.017638193001751512
scn-c7db5f283914,1020564973,Oracle,0.8078129455374964,0.011501128999952925,2,2.0,2.0,2.0,0.0,0.0,0.0,1.0,1.0,1.0,0.0,213.0,213.0,inf,19699.0,inf,92.48356807511738,0.0,19699.0,hyperplane_gauss,25549,2,0.457035097759217,0.17643145015463232,2,real,gradual,425,0.25475737392902376,1.0,True,medium,fast,real/gradual/K=2/recurring/medium/fast/global/balanced/noisy,0.063750050918571,-0.0
scn-c7db5f283914,1020564974,ADWIN,0.8003992015968064,0.019691864999913378,2,2.0,2.0,2.0,0.0,0.0,0.0,1.0,1.0,1.0,0.0,474.5,474.5,inf,19699.0,inf,41.51527924130664,0.0,19699.0,hyperplane_gauss,25549,2,0.457035097759217,0.17643145015463232,2,real,gradual,425,0.25475737392902376,1.0,True,medium,fast,real/gradual/K=2/recurring/medium/fast/global/balanced/noisy,0.05165179844392853,0.0020774776976658638
scn-c7db5f283914,1020564974,KSWIN,0.7754287343679988,5.186029868999867,2,2.0,2.0,1.0,1.0,1.0,0.0,0.5,0.5,0.5,0.5,1376.0,1376.0,19699.0,19699.0,7.158066860465116,7.158066860465116,0.050763998172496064,19699.0,hyperplane_gauss,25549,2,0.457035097759217,0.17643145015463232,2,real,gradual,425,0.25475737392902376,1.0,True,medium,fast,real/gradual/K=2/recurring/medium/fast/global/balanced/noisy,0.02668133121512084,0.027047944926473555
scn-c7db5f283914,1020564974,PageHinkley,0.7957146930628539,0.024538519000088854,6,2.0,6.0,2.0,0.0,4.0,0.0,0.3333333333333333,1.0,0.5,0.0,531.5,531.5,4924.75,4924.75,9.265757290686736,9.265757290686736,0.20305599268998425,19699.0,hyperplane_gauss,25549,2,0.457035097759217,0.17643145015463232,2,real,gradual,425,0.25475737392902376,1.0,True,medium,fast,real/gradual/K=2/recurring/medium/fast/global/balanced/noisy,0.04696728990997601,0.006761986231618389
scn-c7db5f283914,1020564974,PageHinkley-up,0.8005621410240743,0.02278564899961566,2,2.0,2.0,2.0,0.0,0.0,0.0,1.0,1.0,1.0,0.0,487.5,487.5,inf,19699.0,inf,40.408205128205125,0.0,19699.0,hyperplane_gauss,25549,2,0.457035097759217,0.17643145015463232,2,real,gradual,425,0.25475737392902376,1.0,True,medium,fast,real/gradual/K=2/recurring/medium/fast/global/balanced/noisy,0.05181473787119639,0.001914538270398003
scn-c7db5f283914,1020564974,DDM,0.7964479204855595,0.02304359600020689,2,2.0,2.0,2.0,0.0,0.0,0.0,1.0,1.0,1.0,0.0,749.0,749.0,inf,19699.0,inf,26.300400534045394,0.0,19699.0,hyperplane_gauss,25549,2,0.457035097759217,0.17643145015463232,2,real,gradual,425,0.25475737392902376,1.0,True,medium,fast,real/gradual/K=2/recurring/medium/fast/global/balanced/noisy,0.04770051733268155,0.0060287588089128485
scn-c7db5f283914,1020564974,EDDM,0.7777098863497495,0.021258278000004793,7,2.0,7.0,1.0,1.0,5.0,1.0,0.14285714285714285,0.5,0.22222222222222224,0.5,1314.0,1314.0,3939.8,3939.8,1.4991628614916286,1.4991628614916286,0.2538199908624803,19699.0,hyperplane_gauss,25549,2,0.457035097759217,0.17643145015463232,2,real,gradual,425,0.25475737392902376,1.0,True,medium,fast,real/gradual/K=2/recurring/medium/fast/global/balanced/noisy,0.028962483196871558,0.024766792944722837
scn-c7db5f283914,1020564974,HDDM_A,0.7997474438877348,0.08306657699995412,2,2.0,2.0,2.0,0.0,0.0,0.0,1.0,1.0,1.0,0.0,456.5,456.5,inf,19699.0,inf,43.15224534501643,0.0,19699.0,hyperplane_gauss,25549,2,0.457035097759217,0.17643145015463232,2,real,gradual,425,0.25475737392902376,1.0,True,medium,fast,real/gradual/K=2/recurring/medium/fast/global/balanced/noisy,0.051000040734856866,0.002729235406737529
scn-c7db5f283914,1020564974,HDDM_W,0.8017434518717667,0.0763327049999134,3,2.0,3.0,2.0,0.0,1.0,0.0,0.6666666666666666,1.0,0.8,0.0,543.0,543.0,19699.0,19699.0,36.278084714548804,36.278084714548804,0.050763998172496064,19699.0,hyperplane_gauss,25549,2,0.457035097759217,0.17643145015463232,2,real,gradual,425,0.25475737392902376,1.0,True,medium,fast,real/gradual/K=2/recurring/medium/fast/global/balanced/noisy,0.052996048718888744,0.0007332274227056512
scn-c7db5f283914,1020564974,FHDDM,0.8016619821581327,0.019428125999638723,2,2.0,2.0,2.0,0.0,0.0,0.0,1.0,1.0,1.0,0.0,385.0,385.0,inf,19699.0,inf,51.166233766233766,0.0,19699.0,hyperplane_gauss,25549,2,0.457035097759217,0.17643145015463232,2,real,gradual,425,0.25475737392902376,1.0,True,medium,fast,real/gradual/K=2/recurring/medium/fast/global/balanced/noisy,0.05291457900525476,0.0008146971363396371
scn-c7db5f283914,1020564974,NoDrift,0.7487474031528779,0.010445105000144395,0,2.0,0.0,0.0,2.0,0.0,0.0,,0.0,0.0,1.0,,,inf,19699.0,,,0.0,19699.0,hyperplane_gauss,25549,2,0.457035097759217,0.17643145015463232,2,real,gradual,425,0.25475737392902376,1.0,True,medium,fast,real/gradual/K=2/recurring/medium/fast/global/balanced/noisy,0.0,0.053729276141594395
scn-c7db5f283914,1020564974,Periodic(2000),0.7899303433948429,0.011910251999779575,12,2.0,12.0,2.0,0.0,10.0,0.0,0.16666666666666666,1.0,0.2857142857142857,0.0,938.5,938.5,1969.9,1969.9,2.098987746403836,2.098987746403836,0.5076399817249606,19699.0,hyperplane_gauss,25549,2,0.457035097759217,0.17643145015463232,2,real,gradual,425,0.25475737392902376,1.0,True,medium,fast,real/gradual/K=2/recurring/medium/fast/global/balanced/noisy,0.041182940241965005,0.01254633589962939
scn-c7db5f283914,1020564974,Oracle,0.8024766792944723,0.011292554999727145,2,2.0,2.0,2.0,0.0,0.0,0.0,1.0,1.0,1.0,0.0,213.0,213.0,inf,19699.0,inf,92.48356807511738,0.0,19699.0,hyperplane_gauss,25549,2,0.457035097759217,0.17643145015463232,2,real,gradual,425,0.25475737392902376,1.0,True,medium,fast,real/gradual/K=2/recurring/medium/fast/global/balanced/noisy,0.053729276141594395,-0.0
scn-c8b676e2906f,1961744331,ADWIN,0.873373470576811,0.028884684999866295,0,1.0,0.0,0.0,1.0,0.0,0.0,,0.0,0.0,1.0,,,inf,13447.0,,,0.0,13447.0,hyperplane_gauss,16447,24,0.08260733839124441,0.07395717864856123,1,real,sudden,0,0.021380826749306633,0.9512123152613641,False,low,abrupt,real/sudden/K=1/low/abrupt/partial/imbalanced/noisy,0.0,0.0018126497054444801
scn-c8b676e2906f,1961744331,KSWIN,0.873373470576811,3.2839572839998254,0,1.0,0.0,0.0,1.0,0.0,0.0,,0.0,0.0,1.0,,,inf,13447.0,,,0.0,13447.0,hyperplane_gauss,16447,24,0.08260733839124441,0.07395717864856123,1,real,sudden,0,0.021380826749306633,0.9512123152613641,False,low,abrupt,real/sudden/K=1/low/abrupt/partial/imbalanced/noisy,0.0,0.0018126497054444801
scn-c8b676e2906f,1961744331,PageHinkley,0.873373470576811,0.03291505300012432,0,1.0,0.0,0.0,1.0,0.0,0.0,,0.0,0.0,1.0,,,inf,13447.0,,,0.0,13447.0,hyperplane_gauss,16447,24,0.08260733839124441,0.07395717864856123,1,real,sudden,0,0.021380826749306633,0.9512123152613641,False,low,abrupt,real/sudden/K=1/low/abrupt/partial/imbalanced/noisy,0.0,0.0018126497054444801
scn-c8b676e2906f,1961744331,PageHinkley-up,0.873373470576811,0.03222631199969328,0,1.0,0.0,0.0,1.0,0.0,0.0,,0.0,0.0,1.0,,,inf,13447.0,,,0.0,13447.0,hyperplane_gauss,16447,24,0.08260733839124441,0.07395717864856123,1,real,sudden,0,0.021380826749306633,0.9512123152613641,False,low,abrupt,real/sudden/K=1/low/abrupt/partial/imbalanced/noisy,0.0,0.0018126497054444801
scn-c8b676e2906f,1961744331,DDM,0.873373470576811,0.03173133099971892,0,1.0,0.0,0.0,1.0,0.0,0.0,,0.0,0.0,1.0,,,inf,13447.0,,,0.0,13447.0,hyperplane_gauss,16447,24,0.08260733839124441,0.07395717864856123,1,real,sudden,0,0.021380826749306633,0.9512123152613641,False,low,abrupt,real/sudden/K=1/low/abrupt/partial/imbalanced/noisy,0.0,0.0018126497054444801
scn-c8b676e2906f,1961744331,EDDM,0.8667702466498349,0.07071823600017524,17,1.0,17.0,0.0,1.0,17.0,0.0,0.0,0.0,0.0,1.0,,,791.0,791.0,,,1.2642225031605563,13447.0,hyperplane_gauss,16447,24,0.08260733839124441,0.07395717864856123,1,real,sudden,0,0.021380826749306633,0.9512123152613641,False,low,abrupt,real/sudden/K=1/low/abrupt/partial/imbalanced/noisy,-0.006603223926976098,0.008415873632420579
scn-c8b676e2906f,1961744331,HDDM_A,0.873373470576811,0.06759189000013066,0,1.0,0.0,0.0,1.0,0.0,0.0,,0.0,0.0,1.0,,,inf,13447.0,,,0.0,13447.0,hyperplane_gauss,16447,24,0.08260733839124441,0.07395717864856123,1,real,sudden,0,0.021380826749306633,0.9512123152613641,False,low,abrupt,real/sudden/K=1/low/abrupt/partial/imbalanced/noisy,0.0,0.0018126497054444801
scn-c8b676e2906f,1961744331,HDDM_W,0.873373470576811,0.06491379800036157,0,1.0,0.0,0.0,1.0,0.0,0.0,,0.0,0.0,1.0,,,inf,13447.0,,,0.0,13447.0,hyperplane_gauss,16447,24,0.08260733839124441,0.07395717864856123,1,real,sudden,0,0.021380826749306633,0.9512123152613641,False,low,abrupt,real/sudden/K=1/low/abrupt/partial/imbalanced/noisy,0.0,0.0018126497054444801
scn-c8b676e2906f,1961744331,FHDDM,0.873373470576811,0.030044497000289994,0,1.0,0.0,0.0,1.0,0.0,0.0,,0.0,0.0,1.0,,,inf,13447.0,,,0.0,13447.0,hyperplane_gauss,16447,24,0.08260733839124441,0.07395717864856123,1,real,sudden,0,0.021380826749306633,0.9512123152613641,False,low,abrupt,real/sudden/K=1/low/abrupt/partial/imbalanced/noisy,0.0,0.0018126497054444801
scn-c8b676e2906f,1961744331,NoDrift,0.873373470576811,0.02506829700041635,0,1.0,0.0,0.0,1.0,0.0,0.0,,0.0,0.0,1.0,,,inf,13447.0,,,0.0,13447.0,hyperplane_gauss,16447,24,0.08260733839124441,0.07395717864856123,1,real,sudden,0,0.021380826749306633,0.9512123152613641,False,low,abrupt,real/sudden/K=1/low/abrupt/partial/imbalanced/noisy,0.0,0.0018126497054444801
scn-c8b676e2906f,1961744331,Periodic(2000),0.8692950087395611,0.026487980000183597,7,1.0,7.0,1.0,0.0,6.0,0.0,0.14285714285714285,1.0,0.25,0.0,1277.0,1277.0,2241.1666666666665,2241.1666666666665,1.7550247977029496,1.7550247977029496,0.44619617758607866,13447.0,hyperplane_gauss,16447,24,0.08260733839124441,0.07395717864856123,1,real,sudden,0,0.021380826749306633,0.9512123152613641,False,low,abrupt,real/sudden/K=1/low/abrupt/partial/imbalanced/noisy,-0.004078461837249914,0.005891111542694394
scn-c8b676e2906f,1961744331,Oracle,0.8751861202822555,0.025476403000084247,1,1.0,1.0,1.0,0.0,0.0,0.0,1.0,1.0,1.0,0.0,1.0,1.0,inf,13447.0,inf,13447.0,0.0,13447.0,hyperplane_gauss,16447,24,0.08260733839124441,0.07395717864856123,1,real,sudden,0,0.021380826749306633,0.9512123152613641,False,low,abrupt,real/sudden/K=1/low/abrupt/partial/imbalanced/noisy,0.0018126497054444801,-0.0
scn-c8b676e2906f,1961744332,ADWIN,0.8732439955978507,0.029344680000122025,0,1.0,0.0,0.0,1.0,0.0,0.0,,0.0,0.0,1.0,,,inf,13447.0,,,0.0,13447.0,hyperplane_gauss,16447,24,0.08260733839124441,0.07395717864856123,1,real,sudden,0,0.021380826749306633,0.9512123152613641,False,low,abrupt,real/sudden/K=1/low/abrupt/partial/imbalanced/noisy,0.0,-0.00012947497896032
scn-c8b676e2906f,1961744332,KSWIN,0.8732439955978507,3.2616265470001053,0,1.0,0.0,0.0,1.0,0.0,0.0,,0.0,0.0,1.0,,,inf,13447.0,,,0.0,13447.0,hyperplane_gauss,16447,24,0.08260733839124441,0.07395717864856123,1,real,sudden,0,0.021380826749306633,0.9512123152613641,False,low,abrupt,real/sudden/K=1/low/abrupt/partial/imbalanced/noisy,0.0,-0.00012947497896032
scn-c8b676e2906f,1961744332,PageHinkley,0.87292030815045,0.03420517300037318,1,1.0,1.0,0.0,1.0,1.0,0.0,0.0,0.0,0.0,1.0,,,13447.0,13447.0,,,0.07436602959767978,13447.0,hyperplane_gauss,16447,24,0.08260733839124441,0.07395717864856123,1,real,sudden,0,0.021380826749306633,0.9512123152613641,False,low,abrupt,real/sudden/K=1/low/abrupt/partial/imbalanced/noisy,-0.0003236874474007445,0.0001942124684404245
scn-c8b676e2906f,1961744332,PageHinkley-up,0.8732439955978507,0.0317880550001064,0,1.0,0.0,0.0,1.0,0.0,0.0,,0.0,0.0,1.0,,,inf,13447.0,,,0.0,13447.0,hyperplane_gauss,16447,24,0.08260733839124441,0.07395717864856123,1,real,sudden,0,0.021380826749306633,0.9512123152613641,False,low,abrupt,real/sudden/K=1/low/abrupt/partial/imbalanced/noisy,0.0,-0.00012947497896032
scn-c8b676e2906f,1961744332,DDM,0.8732439955978507,0.03172069599986571,0,1.0,0.0,0.0,1.0,0.0,0.0,,0.0,0.0,1.0,,,inf,13447.0,,,0.0,13447.0,hyperplane_gauss,16447,24,0.08260733839124441,0.07395717864856123,1,real,sudden,0,0.021380826749306633,0.9512123152613641,False,low,abrupt,real/sudden/K=1/low/abrupt/partial/imbalanced/noisy,0.0,-0.00012947497896032
scn-c8b676e2906f,1961744332,EDDM,0.8679355214604778,0.04558735600039654,7,1.0,7.0,0.0,1.0,7.0,0.0,0.0,0.0,0.0,1.0,,,1921.0,1921.0,,,0.5205622071837585,13447.0,hyperplane_gauss,16447,24,0.08260733839124441,0.07395717864856123,1,real,sudden,0,0.021380826749306633,0.9512123152613641,False,low,abrupt,real/sudden/K=1/low/abrupt/partial/imbalanced/noisy,-0.005308474137372898,0.005178999158412578
scn-c8b676e2906f,1961744332,HDDM_A,0.8732439955978507,0.06885487399995327,0,1.0,0.0,0.0,1.0,0.0,0.0,,0.0,0.0,1.0,,,inf,13447.0,,,0.0,13447.0,hyperplane_gauss,16447,24,0.08260733839124441,0.07395717864856123,1,real,sudden,0,0.021380826749306633,0.9512123152613641,False,low,abrupt,real/sudden/K=1/low/abrupt/partial/imbalanced/noisy,0.0,-0.00012947497896032
scn-c8b676e2906f,1961744332,HDDM_W,0.8732439955978507,0.06427655500010587,0,1.0,0.0,0.0,1.0,0.0,0.0,,0.0,0.0,1.0,,,inf,13447.0,,,0.0,13447.0,hyperplane_gauss,16447,24,0.08260733839124441,0.07395717864856123,1,real,sudden,0,0.021380826749306633,0.9512123152613641,False,low,abrupt,real/sudden/K=1/low/abrupt/partial/imbalanced/noisy,0.0,-0.00012947497896032
scn-c8b676e2906f,1961744332,FHDDM,0.8732439955978507,0.029958702999920206,0,1.0,0.0,0.0,1.0,0.0,0.0,,0.0,0.0,1.0,,,inf,13447.0,,,0.0,13447.0,hyperplane_gauss,16447,24,0.08260733839124441,0.07395717864856123,1,real,sudden,0,0.021380826749306633,0.9512123152613641,False,low,abrupt,real/sudden/K=1/low/abrupt/partial/imbalanced/noisy,0.0,-0.00012947497896032
scn-c8b676e2906f,1961744332,NoDrift,0.8732439955978507,0.024583238999639434,0,1.0,0.0,0.0,1.0,0.0,0.0,,0.0,0.0,1.0,,,inf,13447.0,,,0.0,13447.0,hyperplane_gauss,16447,24,0.08260733839124441,0.07395717864856123,1,real,sudden,0,0.021380826749306633,0.9512123152613641,False,low,abrupt,real/sudden/K=1/low/abrupt/partial/imbalanced/noisy,0.0,-0.00012947497896032
scn-c8b676e2906f,1961744332,Periodic(2000),0.8642454845601087,0.02679827000019941,7,1.0,7.0,1.0,0.0,6.0,0.0,0.14285714285714285,1.0,0.25,0.0,1277.0,1277.0,2241.1666666666665,2241.1666666666665,1.7550247977029496,1.7550247977029496,0.44619617758607866,13447.0,hyperplane_gauss,16447,24,0.08260733839124441,0.07395717864856123,1,real,sudden,0,0.021380826749306633,0.9512123152613641,False,low,abrupt,real/sudden/K=1/low/abrupt/partial/imbalanced/noisy,-0.008998511037741963,0.008869036058781643
scn-c8b676e2906f,1961744332,Oracle,0.8731145206188904,0.025582424999811337,1,1.0,1.0,1.0,0.0,0.0,0.0,1.0,1.0,1.0,0.0,1.0,1.0,inf,13447.0,inf,13447.0,0.0,13447.0,hyperplane_gauss,16447,24,0.08260733839124441,0.07395717864856123,1,real,sudden,0,0.021380826749306633,0.9512123152613641,False,low,abrupt,real/sudden/K=1/low/abrupt/partial/imbalanced/noisy,-0.00012947497896032,-0.0
scn-c8b676e2906f,1961744333,ADWIN,0.8751213827927753,0.028762757000095007,0,1.0,0.0,0.0,1.0,0.0,0.0,,0.0,0.0,1.0,,,inf,13447.0,,,0.0,13447.0,hyperplane_gauss,16447,24,0.08260733839124441,0.07395717864856123,1,real,sudden,0,0.021380826749306633,0.9512123152613641,False,low,abrupt,real/sudden/K=1/low/abrupt/partial/imbalanced/noisy,0.0,-0.00155369974752384
scn-c8b676e2906f,1961744333,KSWIN,0.8751213827927753,3.251318987999639,0,1.0,0.0,0.0,1.0,0.0,0.0,,0.0,0.0,1.0,,,inf,13447.0,,,0.0,13447.0,hyperplane_gauss,16447,24,0.08260733839124441,0.07395717864856123,1,real,sudden,0,0.021380826749306633,0.9512123152613641,False,low,abrupt,real/sudden/K=1/low/abrupt/partial/imbalanced/noisy,0.0,-0.00155369974752384
scn-c8b676e2906f,1961744333,PageHinkley,0.8751213827927753,0.032785673000034876,0,1.0,0.0,0.0,1.0,0.0,0.0,,0.0,0.0,1.0,,,inf,13447.0,,,0.0,13447.0,hyperplane_gauss,16447,24,0.08260733839124441,0.07395717864856123,1,real,sudden,0,0.021380826749306633,0.9512123152613641,False,low,abrupt,real/sudden/K=1/low/abrupt/partial/imbalanced/noisy,0.0,-0.00155369974752384
scn-c8b676e2906f,1961744333,PageHinkley-up,0.8751213827927753,0.032030829999712296,0,1.0,0.0,0.0,1.0,0.0,0.0,,0.0,0.0,1.0,,,inf,13447.0,,,0.0,13447.0,hyperplane_gauss,16447,24,0.08260733839124441,0.07395717864856123,1,real,sudden,0,0.021380826749306633,0.9512123152613641,False,low,abrupt,real/sudden/K=1/low/abrupt/partial/imbalanced/noisy,0.0,-0.00155369974752384
scn-c8b676e2906f,1961744333,DDM,0.8772577199456205,0.033094312000230275,1,1.0,1.0,0.0,1.0,1.0,0.0,0.0,0.0,0.0,1.0,,,13447.0,13447.0,,,0.07436602959767978,13447.0,hyperplane_gauss,16447,24,0.08260733839124441,0.07395717864856123,1,real,sudden,0,0.021380826749306633,0.9512123152613641,False,low,abrupt,real/sudden/K=1/low/abrupt/partial/imbalanced/noisy,0.0021363371528452246,-0.0036900369003690647
scn-c8b676e2906f,1961744333,EDDM,0.8727908331714896,0.03823903300008169,4,1.0,4.0,0.0,1.0,4.0,0.0,0.0,0.0,0.0,1.0,,,3361.75,3361.75,,,0.2974641183907191,13447.0,hyperplane_gauss,16447,24,0.08260733839124441,0.07395717864856123,1,real,sudden,0,0.021380826749306633,0.9512123152613641,False,low,abrupt,real/sudden/K=1/low/abrupt/partial/imbalanced/noisy,-0.002330549621285649,0.000776849873761809
scn-c8b676e2906f,1961744333,HDDM_A,0.8751213827927753,0.07052788700002566,0,1.0,0.0,0.0,1.0,0.0,0.0,,0.0,0.0,1.0,,,inf,13447.0,,,0.0,13447.0,hyperplane_gauss,16447,24,0.08260733839124441,0.07395717864856123,1,real,sudden,0,0.021380826749306633,0.9512123152613641,False,low,abrupt,real/sudden/K=1/low/abrupt/partial/imbalanced/noisy,0.0,-0.00155369974752384
scn-c8b676e2906f,1961744333,HDDM_W,0.8751213827927753,0.06357570099999066,0,1.0,0.0,0.0,1.0,0.0,0.0,,0.0,0.0,1.0,,,inf,13447.0,,,0.0,13447.0,hyperplane_gauss,16447,24,0.08260733839124441,0.07395717864856123,1,real,sudden,0,0.021380826749306633,0.9512123152613641,False,low,abrupt,real/sudden/K=1/low/abrupt/partial/imbalanced/noisy,0.0,-0.00155369974752384
scn-c8b676e2906f,1961744333,FHDDM,0.8751213827927753,0.029660116999821184,0,1.0,0.0,0.0,1.0,0.0,0.0,,0.0,0.0,1.0,,,inf,13447.0,,,0.0,13447.0,hyperplane_gauss,16447,24,0.08260733839124441,0.07395717864856123,1,real,sudden,0,0.021380826749306633,0.9512123152613641,False,low,abrupt,real/sudden/K=1/low/abrupt/partial/imbalanced/noisy,0.0,-0.00155369974752384
scn-c8b676e2906f,1961744333,NoDrift,0.8751213827927753,0.02445366500023738,0,1.0,0.0,0.0,1.0,0.0,0.0,,0.0,0.0,1.0,,,inf,13447.0,,,0.0,13447.0,hyperplane_gauss,16447,24,0.08260733839124441,0.07395717864856123,1,real,sudden,0,0.021380826749306633,0.9512123152613641,False,low,abrupt,real/sudden/K=1/low/abrupt/partial/imbalanced/noisy,0.0,-0.00155369974752384
scn-c8b676e2906f,1961744333,Periodic(2000),0.8672881465656762,0.02679018700018787,7,1.0,7.0,1.0,0.0,6.0,0.0,0.14285714285714285,1.0,0.25,0.0,1277.0,1277.0,2241.1666666666665,2241.1666666666665,1.7550247977029496,1.7550247977029496,0.44619617758607866,13447.0,hyperplane_gauss,16447,24,0.08260733839124441,0.07395717864856123,1,real,sudden,0,0.021380826749306633,0.9512123152613641,False,low,abrupt,real/sudden/K=1/low/abrupt/partial/imbalanced/noisy,-0.007833236227099083,0.006279536479575243
scn-c8b676e2906f,1961744333,Oracle,0.8735676830452515,0.025774228000045696,1,1.0,1.0,1.0,0.0,0.0,0.0,1.0,1.0,1.0,0.0,1.0,1.0,inf,13447.0,inf,13447.0,0.0,13447.0,hyperplane_gauss,16447,24,0.08260733839124441,0.07395717864856123,1,real,sudden,0,0.021380826749306633,0.9512123152613641,False,low,abrupt,real/sudden/K=1/low/abrupt/partial/imbalanced/noisy,-0.00155369974752384,-0.0
scn-306b7167da29,1995533072,ADWIN,0.7277327460994237,0.03442375400027231,0,3.0,0.0,0.0,3.0,0.0,0.0,,0.0,0.0,1.0,,,inf,27740.0,,,0.0,27740.0,hyperplane_gauss,43686,5,0.38521763375028967,0.2507551727816462,3,virtual,incremental,2982,0.33993122428655625,0.5960702858865261,False,high,slow,virtual/incremental/K=3/high/slow/partial/imbalanced/noisy,0.0,-0.0012650517734151823
scn-306b7167da29,1995533072,KSWIN,0.7265145480953943,8.867082782000125,2,3.0,2.0,0.0,3.0,2.0,0.0,0.0,0.0,0.0,1.0,,,13870.0,13870.0,,,0.07209805335255948,27740.0,hyperplane_gauss,43686,5,0.38521763375028967,0.2507551727816462,3,virtual,incremental,2982,0.33993122428655625,0.5960702858865261,False,high,slow,virtual/incremental/K=3/high/slow/partial/imbalanced/noisy,-0.0012181980040294471,-4.6853769385735156e-05
scn-306b7167da29,1995533072,PageHinkley,0.7073747833013166,0.05178151700010858,16,3.0,16.0,3.0,0.0,9.0,4.0,0.1875,1.0,0.3157894736842105,0.0,1880.3333333333333,1459.0,3082.222222222222,3082.222222222222,1.6391892690421321,1.6391892690421321,0.32444124008651765,27740.0,hyperplane_gauss,43686,5,0.38521763375028967,0.2507551727816462,3,virtual,incremental,2982,0.33993122428655625,0.5960702858865261,False,high,slow,virtual/incremental/K=3/high/slow/partial/imbalanced/noisy,-0.020357962798107088,0.019092911024691905
scn-306b7167da29,1995533072,PageHinkley-up,0.7250386543597432,0.04397880500027895,2,3.0,2.0,1.0,2.0,1.0,0.0,0.5,0.3333333333333333,0.4,0.6666666666666667,2178.0,2178.0,27740.0,27740.0,4.245485154576063,4.245485154576063,0.03604902667627974,27740.0,hyperplane_gauss,43686,5,0.38521763375028967,0.2507551727816462,3,virtual,incremental,2982,0.33993122428655625,0.5960702858865261,False,high,slow,virtual/incremental/K=3/high/slow/partial/imbalanced/noisy,-0.002694091739680493,0.0014290399662653108
scn-306b7167da29,1995533072,DDM,0.7277327460994237,0.04398005400025795,0,3.0,0.0,0.0,3.0,0.0,0.0,,0.0,0.0,1.0,,,inf,27740.0,,,0.0,27740.0,hyperplane_gauss,43686,5,0.38521763375028967,0.2507551727816462,3,virtual,incremental,2982,0.33993122428655625,0.5960702858865261,False,high,slow,virtual/incremental/K=3/high/slow/partial/imbalanced/noisy,0.0,-0.0012650517734151823
scn-306b7167da29,1995533072,EDDM,0.7263271330178512,0.04313118400023086,5,3.0,5.0,0.0,3.0,5.0,0.0,0.0,0.0,0.0,1.0,,,5548.0,5548.0,,,0.1802451333813987,27740.0,hyperplane_gauss,43686,5,0.38521763375028967,0.2507551727816462,3,virtual,incremental,2982,0.33993122428655625,0.5960702858865261,False,high,slow,virtual/incremental/K=3/high/slow/partial/imbalanced/noisy,-0.0014056130815724988,0.0001405613081573165
scn-306b7167da29,1995533072,HDDM_A,0.7277327460994237,0.11668531499981327,0,3.0,0.0,0.0,3.0,0.0,0.0,,0.0,0.0,1.0,,,inf,27740.0,,,0.0,27740.0,hyperplane_gauss,43686,5,0.38521763375028967,0.2507551727816462,3,virtual,incremental,2982,0.33993122428655625,0.5960702858865261,False,high,slow,virtual/incremental/K=3/high/slow/partial/imbalanced/noisy,0.0,-0.0012650517734151823
scn-306b7167da29,1995533072,HDDM_W,0.7102797170032329,0.16268292499989911,16,3.0,16.0,3.0,0.0,10.0,3.0,0.1875,1.0,0.3157894736842105,0.0,1017.3333333333334,1240.0,2774.0,2774.0,2.726736566186107,2.726736566186107,0.3604902667627974,27740.0,hyperplane_gauss,43686,5,0.38521763375028967,0.2507551727816462,3,virtual,incremental,2982,0.33993122428655625,0.5960702858865261,False,high,slow,virtual/incremental/K=3/high/slow/partial/imbalanced/noisy,-0.017453029096190842,0.01618797732277566
scn-306b7167da29,1995533072,FHDDM,0.7254837651689079,0.038958796999850165,3,3.0,3.0,2.0,1.0,1.0,0.0,0.6666666666666666,0.6666666666666666,0.6666666666666666,0.33333333333333337,3769.0,3769.0,27740.0,27740.0,4.906694967719112,4.906694967719112,0.03604902667627974,27740.0,hyperplane_gauss,43686,5,0.38521763375028967,0.2507551727816462,3,virtual,incremental,2982,0.33993122428655625,0.5960702858865261,False,high,slow,virtual/incremental/K=3/high/slow/partial/imbalanced/noisy,-0.0022489809305158426,0.0009839291571006603
scn-306b7167da29,1995533072,NoDrift,0.7277327460994237,0.023330877000262262,0,3.0,0.0,0.0,3.0,0.0,0.0,,0.0,0.0,1.0,,,inf,27740.0,,,0.0,27740.0,hyperplane_gauss,43686,5,0.38521763375028967,0.2507551727816462,3,virtual,incremental,2982,0.33993122428655625,0.5960702858865261,False,high,slow,virtual/incremental/K=3/high/slow/partial/imbalanced/noisy,0.0,-0.0012650517734151823
scn-306b7167da29,1995533072,Periodic(2000),0.7013306470505553,0.02552560899994205,21,3.0,21.0,3.0,0.0,14.0,4.0,0.14285714285714285,1.0,0.25,0.0,1148.3333333333333,1148.0,1981.4285714285713,1981.4285714285713,1.7254820651047067,1.7254820651047067,0.5046863734679163,27740.0,hyperplane_gauss,43686,5,0.38521763375028967,0.2507551727816462,3,virtual,incremental,2982,0.33993122428655625,0.5960702858865261,False,high,slow,virtual/incremental/K=3/high/slow/partial/imbalanced/noisy,-0.026402099048868477,0.025137047275453295
scn-306b7167da29,1995533072,Oracle,0.7264676943260086,0.026319688000057795,3,3.0,3.0,3.0,0.0,0.0,0.0,1.0,1.0,1.0,0.0,1492.0,1492.0,inf,27740.0,inf,18.592493297587133,0.0,27740.0,hyperplane_gauss,43686,5,0.38521763375028967,0.2507551727816462,3,virtual,incremental,2982,0.33993122428655625,0.5960702858865261,False,high,slow,virtual/incremental/K=3/high/slow/partial/imbalanced/noisy,-0.0012650517734151823,-0.0
scn-306b7167da29,1995533073,ADWIN,0.729724031298318,0.05041241699973398,0,3.0,0.0,0.0,3.0,0.0,0.0,,0.0,0.0,1.0,,,inf,27740.0,,,0.0,27740.0,hyperplane_gauss,43686,5,0.38521763375028967,0.2507551727816462,3,virtual,incremental,2982,0.33993122428655625,0.5960702858865261,False,high,slow,virtual/incremental/K=3/high/slow/partial/imbalanced/noisy,0.0,-0.0019678583142014316
scn-306b7167da29,1995533073,KSWIN,0.7267956707117088,9.024889093000183,4,3.0,4.0,1.0,2.0,3.0,0.0,0.25,0.3333333333333333,0.28571428571428575,0.6666666666666667,2094.0,2094.0,9246.666666666666,9246.666666666666,1.4719303831051678,1.4719303831051678,0.10814708002883922,27740.0,hyperplane_gauss,43686,5,0.38521763375028967,0.2507551727816462,3,virtual,incremental,2982,0.33993122428655625,0.5960702858865261,False,high,slow,virtual/incremental/K=3/high/slow/partial/imbalanced/noisy,-0.002928360586609169,0.0009605022724077372
scn-306b7167da29,1995533073,PageHinkley,0.7119195989317341,0.05282193199991525,16,3.0,16.0,3.0,0.0,10.0,3.0,0.1875,1.0,0.3157894736842105,0.0,1929.6666666666667,2581.0,2774.0,2774.0,1.437553981689411,1.437553981689411,0.3604902667627974,27740.0,hyperplane_gauss,43686,5,0.38521763375028967,0.2507551727816462,3,virtual,incremental,2982,0.33993122428655625,0.5960702858865261,False,high,slow,virtual/incremental/K=3/high/slow/partial/imbalanced/noisy,-0.01780443236658391,0.01583657405238248
scn-306b7167da29,1995533073,PageHinkley-up,0.7285526870636743,0.0441209410000738,2,3.0,2.0,2.0,1.0,0.0,0.0,1.0,0.6666666666666666,0.8,0.33333333333333337,182.5,182.5,inf,27740.0,inf,101.33333333333333,0.0,27740.0,hyperplane_gauss,43686,5,0.38521763375028967,0.2507551727816462,3,virtual,incremental,2982,0.33993122428655625,0.5960702858865261,False,high,slow,virtual/incremental/K=3/high/slow/partial/imbalanced/noisy,-0.001171344234643712,-0.0007965140795577197
scn-306b7167da29,1995533073,DDM,0.729724031298318,0.04303858200000832,0,3.0,0.0,0.0,3.0,0.0,0.0,,0.0,0.0,1.0,,,inf,27740.0,,,0.0,27740.0,hyperplane_gauss,43686,5,0.38521763375028967,0.2507551727816462,3,virtual,incremental,2982,0.33993122428655625,0.5960702858865261,False,high,slow,virtual/incremental/K=3/high/slow/partial/imbalanced/noisy,0.0,-0.0019678583142014316
scn-306b7167da29,1995533073,EDDM,0.729724031298318,0.03944532400009848,0,3.0,0.0,0.0,3.0,0.0,0.0,,0.0,0.0,1.0,,,inf,27740.0,,,0.0,27740.0,hyperplane_gauss,43686,5,0.38521763375028967,0.2507551727816462,3,virtual,incremental,2982,0.33993122428655625,0.5960702858865261,False,high,slow,virtual/incremental/K=3/high/slow/partial/imbalanced/noisy,0.0,-0.0019678583142014316
scn-306b7167da29,1995533073,HDDM_A,0.729724031298318,0.11500863499986735,0,3.0,0.0,0.0,3.0,0.0,0.0,,0.0,0.0,1.0,,,inf,27740.0,,,0.0,27740.0,hyperplane_gauss,43686,5,0.38521763375028967,0.2507551727816462,3,virtual,incremental,2982,0.33993122428655625,0.5960702858865261,False,high,slow,virtual/incremental/K=3/high/slow/partial/imbalanced/noisy,0.0,-0.0019678583142014316
scn-306b7167da29,1995533073,HDDM_W,0.7166986834090803,0.14425841799993577,10,3.0,10.0,3.0,0.0,7.0,0.0,0.3,1.0,0.4615384615384615,0.0,2798.0,3520.0,3962.8571428571427,3962.8571428571427,1.4163177780046972,1.4163177780046972,0.25234318673395817,27740.0,hyperplane_gauss,43686,5,0.38521763375028967,0.2507551727816462,3,virtual,incremental,2982,0.33993122428655625,0.5960702858865261,False,high,slow,virtual/incremental/K=3/high/slow/partial/imbalanced/noisy,-0.013025347889237704,0.011057489575036272
scn-306b7167da29,1995533073,FHDDM,0.7313170594574333,0.03933405199995832,2,3.0,2.0,1.0,2.0,1.0,0.0,0.5,0.3333333333333333,0.4,0.6666666666666667,4470.0,4470.0,27740.0,27740.0,2.0686055182699477,2.0686055182699477,0.03604902667627974,27740.0,hyperplane_gauss,43686,5,0.38521763375028967,0.2507551727816462,3,virtual,incremental,2982,0.33993122428655625,0.5960702858865261,False,high,slow,virtual/incremental/K=3/high/slow/partial/imbalanced/noisy,0.0015930281591153284,-0.00356088647331676
scn-306b7167da29,1995533073,NoDrift,0.729724031298318,0.023768695999933698,0,3.0,0.0,0.0,3.0,0.0,0.0,,0.0,0.0,1.0,,,inf,27740.0,,,0.0,27740.0,hyperplane_gauss,43686,5,0.38521763375028967,0.2507551727816462,3,virtual,incremental,2982,0.33993122428655625,0.5960702858865261,False,high,slow,virtual/incremental/K=3/high/slow/partial/imbalanced/noisy,0.0,-0.0019678583142014316
scn-306b7167da29,1995533073,Periodic(2000),0.7054772056411939,0.025591442999939318,21,3.0,21.0,3.0,0.0,14.0,4.0,0.14285714285714285,1.0,0.25,0.0,1148.3333333333333,1148.0,1981.4285714285713,1981.4285714285713,1.7254820651047067,1.7254820651047067,0.5046863734679163,27740.0,hyperplane_gauss,43686,5,0.38521763375028967,0.2507551727816462,3,virtual,incremental,2982,0.33993122428655625,0.5960702858865261,False,high,slow,virtual/incremental/K=3/high/slow/partial/imbalanced/noisy,-0.024246825657124105,0.022278967342922673
scn-306b7167da29,1995533073,Oracle,0.7277561729841165,0.025638802999765176,3,3.0,3.0,3.0,0.0,0.0,0.0,1.0,1.0,1.0,0.0,1492.0,1492.0,inf,27740.0,inf,18.592493297587133,0.0,27740.0,hyperplane_gauss,43686,5,0.38521763375028967,0.2507551727816462,3,virtual,incremental,2982,0.33993122428655625,0.5960702858865261,False,high,slow,virtual/incremental/K=3/high/slow/partial/imbalanced/noisy,-0.0019678583142014316,-0.0
scn-306b7167da29,1995533074,ADWIN,0.7245466897811929,0.03439826900012122,0,3.0,0.0,0.0,3.0,0.0,0.0,,0.0,0.0,1.0,,,inf,27740.0,,,0.0,27740.0,hyperplane_gauss,43686,5,0.38521763375028967,0.2507551727816462,3,virtual,incremental,2982,0.33993122428655625,0.5960702858865261,False,high,slow,virtual/incremental/K=3/high/slow/partial/imbalanced/noisy,0.0,-0.002108419622358526
scn-306b7167da29,1995533074,KSWIN,0.7266551094035515,8.871906394999769,2,3.0,2.0,1.0,2.0,0.0,1.0,0.5,0.3333333333333333,0.4,0.6666666666666667,4451.0,4451.0,inf,27740.0,inf,2.0774357822212233,0.0,27740.0,hyperplane_gauss,43686,5,0.38521763375028967,0.2507551727816462,3,virtual,incremental,2982,0.33993122428655625,0.5960702858865261,False,high,slow,virtual/incremental/K=3/high/slow/partial/imbalanced/noisy,0.002108419622358637,-0.004216839244717163
scn-306b7167da29,1995533074,PageHinkley,0.713231504474535,0.08162819999961357,11,3.0,11.0,2.0,1.0,9.0,0.0,0.18181818181818182,0.6666666666666666,0.28571428571428575,0.33333333333333337,2356.0,2356.0,3082.222222222222,3082.222222222222,0.8721624850657108,0.8721624850657108,0.32444124008651765,27740.0,hyperplane_gauss,43686,5,0.38521763375028967,0.2507551727816462,3,virtual,incremental,2982,0.33993122428655625,0.5960702858865261,False,high,slow,virtual/incremental/K=3/high/slow/partial/imbalanced/noisy,-0.011315185306657871,0.009206765684299345
scn-306b7167da29,1995533074,PageHinkley-up,0.7250620812444362,0.04526793200011525,1,3.0,1.0,1.0,2.0,0.0,0.0,1.0,0.3333333333333333,0.5,0.6666666666666667,2682.0,2682.0,inf,27740.0,inf,3.447675863783245,0.0,27740.0,hyperplane_gauss,43686,5,0.38521763375028967,0.2507551727816462,3,virtual,incremental,2982,0.33993122428655625,0.5960702858865261,False,high,slow,virtual/incremental/K=3/high/slow/partial/imbalanced/noisy,0.0005153914632433088,-0.002623811085601835
scn-306b7167da29,1995533074,DDM,0.7245466897811929,0.043642132000059064,0,3.0,0.0,0.0,3.0,0.0,0.0,,0.0,0.0,1.0,,,inf,27740.0,,,0.0,27740.0,hyperplane_gauss,43686,5,0.38521763375028967,0.2507551727816462,3,virtual,incremental,2982,0.33993122428655625,0.5960702858865261,False,high,slow,virtual/incremental/K=3/high/slow/partial/imbalanced/noisy,0.0,-0.002108419622358526
scn-306b7167da29,1995533074,EDDM,0.7246872510893502,0.03951745199992729,1,3.0,1.0,0.0,3.0,1.0,0.0,0.0,0.0,0.0,1.0,,,27740.0,27740.0,,,0.03604902667627974,27740.0,hyperplane_gauss,43686,5,0.38521763375028967,0.2507551727816462,3,virtual,incremental,2982,0.33993122428655625,0.5960702858865261,False,high,slow,virtual/incremental/K=3/high/slow/partial/imbalanced/noisy,0.0001405613081573165,-0.0022489809305158426
scn-306b7167da29,1995533074,HDDM_A,0.7259523028627654,0.12880683499997758,1,3.0,1.0,0.0,3.0,1.0,0.0,0.0,0.0,0.0,1.0,,,27740.0,27740.0,,,0.03604902667627974,27740.0,hyperplane_gauss,43686,5,0.38521763375028967,0.2507551727816462,3,virtual,incremental,2982,0.33993122428655625,0.5960702858865261,False,high,slow,virtual/incremental/K=3/high/slow/partial/imbalanced/noisy,0.0014056130815724988,-0.003514032703931025
scn-306b7167da29,1995533074,HDDM_W,0.7117321838541911,0.1444087270001546,10,3.0,10.0,3.0,0.0,6.0,1.0,0.3,1.0,0.4615384615384615,0.0,2052.0,2274.0,4623.333333333333,4623.333333333333,2.253086419753086,2.253086419753086,0.21629416005767843,27740.0,hyperplane_gauss,43686,5,0.38521763375028967,0.2507551727816462,3,virtual,incremental,2982,0.33993122428655625,0.5960702858865261,False,high,slow,virtual/incremental/K=3/high/slow/partial/imbalanced/noisy,-0.01281450592700173,0.010706086304643203
scn-306b7167da29,1995533074,FHDDM,0.7223211357353699,0.03927960900000471,4,3.0,4.0,2.0,1.0,2.0,0.0,0.5,0.6666666666666666,0.5714285714285715,0.33333333333333337,1814.0,1814.0,13870.0,13870.0,5.0973906651966185,5.0973906651966185,0.07209805335255948,27740.0,hyperplane_gauss,43686,5,0.38521763375028967,0.2507551727816462,3,virtual,incremental,2982,0.33993122428655625,0.5960702858865261,False,high,slow,virtual/incremental/K=3/high/slow/partial/imbalanced/noisy,-0.0022255540458229195,0.0001171344234643934
scn-306b7167da29,1995533074,NoDrift,0.7245466897811929,0.02397069200014812,0,3.0,0.0,0.0,3.0,0.0,0.0,,0.0,0.0,1.0,,,inf,27740.0,,,0.0,27740.0,hyperplane_gauss,43686,5,0.38521763375028967,0.2507551727816462,3,virtual,incremental,2982,0.33993122428655625,0.5960702858865261,False,high,slow,virtual/incremental/K=3/high/slow/partial/imbalanced/noisy,0.0,-0.002108419622358526
scn-306b7167da29,1995533074,Periodic(2000),0.7015414890127911,0.026218276000236074,21,3.0,21.0,3.0,0.0,14.0,4.0,0.14285714285714285,1.0,0.25,0.0,1148.3333333333333,1148.0,1981.4285714285713,1981.4285714285713,1.7254820651047067,1.7254820651047067,0.5046863734679163,27740.0,hyperplane_gauss,43686,5,0.38521763375028967,0.2507551727816462,3,virtual,incremental,2982,0.33993122428655625,0.5960702858865261,False,high,slow,virtual/incremental/K=3/high/slow/partial/imbalanced/noisy,-0.023005200768401735,0.02089678114604321
scn-306b7167da29,1995533074,Oracle,0.7224382701588343,0.025652186000115762,3,3.0,3.0,3.0,0.0,0.0,0.0,1.0,1.0,1.0,0.0,1492.0,1492.0,inf,27740.0,inf,18.592493297587133,0.0,27740.0,hyperplane_gauss,43686,5,0.38521763375028967,0.2507551727816462,3,virtual,incremental,2982,0.33993122428655625,0.5960702858865261,False,high,slow,virtual/incremental/K=3/high/slow/partial/imbalanced/noisy,-0.002108419622358526,-0.0
scn-fc1cea49ae34,795455820,ADWIN,0.803717544759532,0.060017120000338764,1,2.0,1.0,1.0,1.0,0.0,0.0,1.0,0.5,0.6666666666666666,0.5,1054.0,1054.0,inf,35081.0,inf,16.641840607210625,0.0,35081.0,hyperplane_gauss,41941,18,0.06254187230952084,0.16552999075502156,2,prior,gradual,930,0.138177260607481,1.0,False,medium,fast,prior/gradual/K=2/medium/fast/n/a/imbalanced/noisy,0.005031630883466476,-0.0050804816687428644
scn-fc1cea49ae34,795455820,KSWIN,0.7925062895386044,8.609467943000254,1,2.0,1.0,0.0,2.0,1.0,0.0,0.0,0.0,0.0,1.0,,,35081.0,35081.0,,,0.02850545879535931,35081.0,hyperplane_gauss,41941,18,0.06254187230952084,0.16552999075502156,2,prior,gradual,930,0.138177260607481,1.0,False,medium,fast,prior/gradual/K=2/medium/fast/n/a/imbalanced/noisy,-0.00617962433746122,0.006130773552184832
scn-fc1cea49ae34,795455820,PageHinkley,0.7776556508145869,0.09030858699998134,18,2.0,18.0,2.0,0.0,14.0,2.0,0.1111111111111111,1.0,0.19999999999999998,0.0,1295.5,1295.5,2505.785714285714,2505.785714285714,1.9342228593482935,1.9342228593482935,0.39907642313503033,35081.0,hyperplane_gauss,41941,18,0.06254187230952084,0.16552999075502156,2,prior,gradual,930,0.138177260607481,1.0,False,medium,fast,prior/gradual/K=2/medium/fast/n/a/imbalanced/noisy,-0.021030263061478705,0.020981412276202316
scn-fc1cea49ae34,795455820,PageHinkley-up,0.7974157934588798,0.07091460800029381,3,2.0,3.0,1.0,1.0,2.0,0.0,0.3333333333333333,0.5,0.4,0.5,1009.0,1009.0,17540.5,17540.5,8.692021803766105,8.692021803766105,0.05701091759071862,35081.0,hyperplane_gauss,41941,18,0.06254187230952084,0.16552999075502156,2,prior,gradual,930,0.138177260607481,1.0,False,medium,fast,prior/gradual/K=2/medium/fast/n/a/imbalanced/noisy,-0.0012701204171857716,0.001221269631909383
scn-fc1cea49ae34,795455820,DDM,0.7986859138760656,0.06805678499995338,0,2.0,0.0,0.0,2.0,0.0,0.0,,0.0,0.0,1.0,,,inf,35081.0,,,0.0,35081.0,hyperplane_gauss,41941,18,0.06254187230952084,0.16552999075502156,2,prior,gradual,930,0.138177260607481,1.0,False,medium,fast,prior/gradual/K=2/medium/fast/n/a/imbalanced/noisy,0.0,-4.885078527638864e-05
scn-fc1cea49ae34,795455820,EDDM,0.8001270120417185,0.06472985899972628,2,2.0,2.0,0.0,2.0,2.0,0.0,0.0,0.0,0.0,1.0,,,17540.5,17540.5,,,0.05701091759071862,35081.0,hyperplane_gauss,41941,18,0.06254187230952084,0.16552999075502156,2,prior,gradual,930,0.138177260607481,1.0,False,medium,fast,prior/gradual/K=2/medium/fast/n/a/imbalanced/noisy,0.0014410981656529653,-0.001489948950929354
scn-fc1cea49ae34,795455820,HDDM_A,0.8000048850785276,0.161450959999911,2,2.0,2.0,1.0,1.0,1.0,0.0,0.5,0.5,0.5,0.5,1159.0,1159.0,35081.0,35081.0,15.134167385677308,15.134167385677308,0.02850545879535931,35081.0,hyperplane_gauss,41941,18,0.06254187230952084,0.16552999075502156,2,prior,gradual,930,0.138177260607481,1.0,False,medium,fast,prior/gradual/K=2/medium/fast/n/a/imbalanced/noisy,0.0013189712024620492,-0.0013678219877384379
scn-fc1cea49ae34,795455820,HDDM_W,0.7968540094282015,0.19860116700010622,4,2.0,4.0,1.0,1.0,2.0,1.0,0.25,0.5,0.3333333333333333,0.5,87.0,87.0,17540.5,17540.5,100.80747126436782,100.80747126436782,0.05701091759071862,35081.0,hyperplane_gauss,41941,18,0.06254187230952084,0.16552999075502156,2,prior,gradual,930,0.138177260607481,1.0,False,medium,fast,prior/gradual/K=2/medium/fast/n/a/imbalanced/noisy,-0.0018319044478640745,0.0017830536625876858
scn-fc1cea49ae34,795455820,FHDDM,0.7981241298453873,0.06512693700005912,2,2.0,2.0,1.0,1.0,1.0,0.0,0.5,0.5,0.5,0.5,929.0,929.0,35081.0,35081.0,18.881054897739507,18.881054897739507,0.02850545879535931,35081.0,hyperplane_gauss,41941,18,0.06254187230952084,0.16552999075502156,2,prior,gradual,930,0.138177260607481,1.0,False,medium,fast,prior/gradual/K=2/medium/fast/n/a/imbalanced/noisy,-0.0005617840306783028,0.0005129332454019142
scn-fc1cea49ae34,795455820,NoDrift,0.7986859138760656,0.06402942799968514,0,2.0,0.0,0.0,2.0,0.0,0.0,,0.0,0.0,1.0,,,inf,35081.0,,,0.0,35081.0,hyperplane_gauss,41941,18,0.06254187230952084,0.16552999075502156,2,prior,gradual,930,0.138177260607481,1.0,False,medium,fast,prior/gradual/K=2/medium/fast/n/a/imbalanced/noisy,0.0,-4.885078527638864e-05
scn-fc1cea49ae34,795455820,Periodic(2000),0.7765809335385067,0.05641209700024774,20,2.0,20.0,2.0,0.0,17.0,1.0,0.1,1.0,0.18181818181818182,0.0,995.0,995.0,2063.5882352941176,2063.5882352941176,2.0739580254212235,2.0739580254212235,0.4845927995211083,35081.0,hyperplane_gauss,41941,18,0.06254187230952084,0.16552999075502156,2,prior,gradual,930,0.138177260607481,1.0,False,medium,fast,prior/gradual/K=2/medium/fast/n/a/imbalanced/noisy,-0.02210498033755892,0.022056129552282533
scn-fc1cea49ae34,795455820,Oracle,0.7986370630907892,0.0527359970001271,2,2.0,2.0,2.0,0.0,0.0,0.0,1.0,1.0,1.0,0.0,466.0,466.0,inf,35081.0,inf,75.28111587982832,0.0,35081.0,hyperplane_gauss,41941,18,0.06254187230952084,0.16552999075502156,2,prior,gradual,930,0.138177260607481,1.0,False,medium,fast,prior/gradual/K=2/medium/fast/n/a/imbalanced/noisy,-4.885078527638864e-05,-0.0
scn-fc1cea49ae34,795455821,ADWIN,0.8047189858576976,0.07107521099987935,1,2.0,1.0,1.0,1.0,0.0,0.0,1.0,0.5,0.6666666666666666,0.5,1054.0,1054.0,inf,35081.0,inf,16.641840607210625,0.0,35081.0,hyperplane_gauss,41941,18,0.06254187230952084,0.16552999075502156,2,prior,gradual,930,0.138177260607481,1.0,False,medium,fast,prior/gradual/K=2/medium/fast/n/a/imbalanced/noisy,0.0028089201533914032,-0.0025402408343714322
scn-fc1cea49ae34,795455821,KSWIN,0.8019100657043062,8.867846980000195,0,2.0,0.0,0.0,2.0,0.0,0.0,,0.0,0.0,1.0,,,inf,35081.0,,,0.0,35081.0,hyperplane_gauss,41941,18,0.06254187230952084,0.16552999075502156,2,prior,gradual,930,0.138177260607481,1.0,False,medium,fast,prior/gradual/K=2/medium/fast/n/a/imbalanced/noisy,0.0,0.000268679319019971
scn-fc1cea49ae34,795455821,PageHinkley,0.7863999413790577,0.08302929399997083,14,2.0,14.0,2.0,0.0,9.0,3.0,0.14285714285714285,1.0,0.25,0.0,427.5,427.5,3897.8888888888887,3897.8888888888887,9.117868745938921,9.117868745938921,0.2565491291582338,35081.0,hyperplane_gauss,41941,18,0.06254187230952084,0.16552999075502156,2,prior,gradual,930,0.138177260607481,1.0,False,medium,fast,prior/gradual/K=2/medium/fast/n/a/imbalanced/noisy,-0.015510124325248564,0.015778803644268535
scn-fc1cea49ae34,795455821,PageHinkley-up,0.8009574753914169,0.07217632300034893,3,2.0,3.0,1.0,1.0,2.0,0.0,0.3333333333333333,0.5,0.4,0.5,764.0,764.0,17540.5,17540.5,11.479384816753926,11.479384816753926,0.05701091759071862,35081.0,hyperplane_gauss,41941,18,0.06254187230952084,0.16552999075502156,2,prior,gradual,930,0.138177260607481,1.0,False,medium,fast,prior/gradual/K=2/medium/fast/n/a/imbalanced/noisy,-0.000952590312889301,0.001221269631909272
scn-fc1cea49ae34,795455821,DDM,0.8046701350724212,0.07481119500016575,2,2.0,2.0,1.0,1.0,0.0,1.0,0.5,0.5,0.5,0.5,1184.0,1184.0,inf,35081.0,inf,14.814611486486486,0.0,35081.0,hyperplane_gauss,41941,18,0.06254187230952084,0.16552999075502156,2,prior,gradual,930,0.138177260607481,1.0,False,medium,fast,prior/gradual/K=2/medium/fast/n/a/imbalanced/noisy,0.0027600693681150146,-0.0024913900490950436
scn-fc1cea49ae34,795455821,EDDM,0.8051097921399086,0.11838441600002625,27,2.0,27.0,0.0,2.0,27.0,0.0,0.0,0.0,0.0,1.0,,,1299.2962962962963,1299.2962962962963,,,0.7696473874747014,35081.0,hyperplane_gauss,41941,18,0.06254187230952084,0.16552999075502156,2,prior,gradual,930,0.138177260607481,1.0,False,medium,fast,prior/gradual/K=2/medium/fast/n/a/imbalanced/noisy,0.0031997264356024013,-0.0029310471165824303
scn-fc1cea49ae34,795455821,HDDM_A,0.8041083510417429,0.1575205190001725,1,2.0,1.0,1.0,1.0,0.0,0.0,1.0,0.5,0.6666666666666666,0.5,1390.0,1390.0,inf,35081.0,inf,12.619064748201438,0.0,35081.0,hyperplane_gauss,41941,18,0.06254187230952084,0.16552999075502156,2,prior,gradual,930,0.138177260607481,1.0,False,medium,fast,prior/gradual/K=2/medium/fast/n/a/imbalanced/noisy,0.0021982853374367117,-0.0019296060184167407
scn-fc1cea49ae34,795455821,HDDM_W,0.8049632397840796,0.18123102399977142,1,2.0,1.0,1.0,1.0,0.0,0.0,1.0,0.5,0.6666666666666666,0.5,884.0,884.0,inf,35081.0,inf,19.842194570135746,0.0,35081.0,hyperplane_gauss,41941,18,0.06254187230952084,0.16552999075502156,2,prior,gradual,930,0.138177260607481,1.0,False,medium,fast,prior/gradual/K=2/medium/fast/n/a/imbalanced/noisy,0.0030531740797733464,-0.0027844947607533754
scn-fc1cea49ae34,795455821,FHDDM,0.8029115068024718,0.0623582099997293,1,2.0,1.0,1.0,1.0,0.0,0.0,1.0,0.5,0.6666666666666666,0.5,2382.0,2382.0,inf,35081.0,inf,7.36376994122586,0.0,35081.0,hyperplane_gauss,41941,18,0.06254187230952084,0.16552999075502156,2,prior,gradual,930,0.138177260607481,1.0,False,medium,fast,prior/gradual/K=2/medium/fast/n/a/imbalanced/noisy,0.0010014410981655786,-0.0007327617791456076
scn-fc1cea49ae34,795455821,NoDrift,0.8019100657043062,0.048270158000377705,0,2.0,0.0,0.0,2.0,0.0,0.0,,0.0,0.0,1.0,,,inf,35081.0,,,0.0,35081.0,hyperplane_gauss,41941,18,0.06254187230952084,0.16552999075502156,2,prior,gradual,930,0.138177260607481,1.0,False,medium,fast,prior/gradual/K=2/medium/fast/n/a/imbalanced/noisy,0.0,0.000268679319019971
scn-fc1cea49ae34,795455821,Periodic(2000),0.7815637136366967,0.06242198700010704,20,2.0,20.0,2.0,0.0,17.0,1.0,0.1,1.0,0.18181818181818182,0.0,995.0,995.0,2063.5882352941176,2063.5882352941176,2.0739580254212235,2.0739580254212235,0.4845927995211083,35081.0,hyperplane_gauss,41941,18,0.06254187230952084,0.16552999075502156,2,prior,gradual,930,0.138177260607481,1.0,False,medium,fast,prior/gradual/K=2/medium/fast/n/a/imbalanced/noisy,-0.020346352067609486,0.020615031386629457
scn-fc1cea49ae34,795455821,Oracle,0.8021787450233262,0.04951464500027214,2,2.0,2.0,2.0,0.0,0.0,0.0,1.0,1.0,1.0,0.0,466.0,466.0,inf,35081.0,inf,75.28111587982832,0.0,35081.0,hyperplane_gauss,41941,18,0.06254187230952084,0.16552999075502156,2,prior,gradual,930,0.138177260607481,1.0,False,medium,fast,prior/gradual/K=2/medium/fast/n/a/imbalanced/noisy,0.000268679319019971,-0.0
scn-fc1cea49ae34,795455822,ADWIN,0.7992965486920203,0.06613523600026383,4,2.0,4.0,1.0,1.0,2.0,1.0,0.25,0.5,0.3333333333333333,0.5,798.0,798.0,17540.5,17540.5,10.990288220551378,10.990288220551378,0.05701091759071862,35081.0,hyperplane_gauss,41941,18,0.06254187230952084,0.16552999075502156,2,prior,gradual,930,0.138177260607481,1.0,False,medium,fast,prior/gradual/K=2/medium/fast/n/a/imbalanced/noisy,-0.0017097774846730474,0.0009037395276129123
scn-fc1cea49ae34,795455822,KSWIN,0.8010063261766933,9.26228511599993,0,2.0,0.0,0.0,2.0,0.0,0.0,,0.0,0.0,1.0,,,inf,35081.0,,,0.0,35081.0,hyperplane_gauss,41941,18,0.06254187230952084,0.16552999075502156,2,prior,gradual,930,0.138177260607481,1.0,False,medium,fast,prior/gradual/K=2/medium/fast/n/a/imbalanced/noisy,0.0,-0.000806037957060135
scn-fc1cea49ae34,795455822,PageHinkley,0.7934833052441318,0.07914261299993086,8,2.0,8.0,1.0,1.0,6.0,1.0,0.125,0.5,0.2,0.5,777.0,777.0,5846.833333333333,5846.833333333333,3.762441012441012,3.762441012441012,0.17103275277215588,35081.0,hyperplane_gauss,41941,18,0.06254187230952084,0.16552999075502156,2,prior,gradual,930,0.138177260607481,1.0,False,medium,fast,prior/gradual/K=2/medium/fast/n/a/imbalanced/noisy,-0.007523020932561519,0.006716982975501384
scn-fc1cea49ae34,795455822,PageHinkley-up,0.8002491390049095,0.07246061099976941,3,2.0,3.0,1.0,1.0,2.0,0.0,0.3333333333333333,0.5,0.4,0.5,777.0,777.0,17540.5,17540.5,11.287323037323038,11.287323037323038,0.05701091759071862,35081.0,hyperplane_gauss,41941,18,0.06254187230952084,0.16552999075502156,2,prior,gradual,930,0.138177260607481,1.0,False,medium,fast,prior/gradual/K=2/medium/fast/n/a/imbalanced/noisy,-0.0007571871717838574,-4.885078527627762e-05
scn-fc1cea49ae34,795455822,DDM,0.7985882123055128,0.07321133599998575,1,2.0,1.0,0.0,2.0,1.0,0.0,0.0,0.0,0.0,1.0,,,35081.0,35081.0,,,0.02850545879535931,35081.0,hyperplane_gauss,41941,18,0.06254187230952084,0.16552999075502156,2,prior,gradual,930,0.138177260607481,1.0,False,medium,fast,prior/gradual/K=2/medium/fast/n/a/imbalanced/noisy,-0.002418113871180516,0.001612075914120381
scn-fc1cea49ae34,795455822,EDDM,0.8010063261766933,0.06990308100012044,4,2.0,4.0,0.0,2.0,4.0,0.0,0.0,0.0,0.0,1.0,,,8770.25,8770.25,,,0.11402183518143724,35081.0,hyperplane_gauss,41941,18,0.06254187230952084,0.16552999075502156,2,prior,gradual,930,0.138177260607481,1.0,False,medium,fast,prior/gradual/K=2/medium/fast/n/a/imbalanced/noisy,0.0,-0.000806037957060135
scn-fc1cea49ae34,795455822,HDDM_A,0.8062333602012652,0.15662626199991792,1,2.0,1.0,1.0,1.0,0.0,0.0,1.0,0.5,0.6666666666666666,0.5,542.0,542.0,inf,35081.0,inf,32.36254612546126,0.0,35081.0,hyperplane_gauss,41941,18,0.06254187230952084,0.16552999075502156,2,prior,gradual,930,0.138177260607481,1.0,False,medium,fast,prior/gradual/K=2/medium/fast/n/a/imbalanced/noisy,0.005227034024571919,-0.006033071981632054
scn-fc1cea49ae34,795455822,HDDM_W,0.8033511638699592,0.16102033100014523,3,2.0,3.0,1.0,1.0,2.0,0.0,0.3333333333333333,0.5,0.4,0.5,529.0,529.0,17540.5,17540.5,16.578922495274103,16.578922495274103,0.05701091759071862,35081.0,hyperplane_gauss,41941,18,0.06254187230952084,0.16552999075502156,2,prior,gradual,930,0.138177260607481,1.0,False,medium,fast,prior/gradual/K=2/medium/fast/n/a/imbalanced/noisy,0.0023448376932658777,-0.0031508756503260127
scn-fc1cea49ae34,795455822,FHDDM,0.8061112332380743,0.06540184499999668,1,2.0,1.0,1.0,1.0,0.0,0.0,1.0,0.5,0.6666666666666666,0.5,540.0,540.0,inf,35081.0,inf,32.48240740740741,0.0,35081.0,hyperplane_gauss,41941,18,0.06254187230952084,0.16552999075502156,2,prior,gradual,930,0.138177260607481,1.0,False,medium,fast,prior/gradual/K=2/medium/fast/n/a/imbalanced/noisy,0.005104907061381003,-0.005910945018441138
scn-fc1cea49ae34,795455822,NoDrift,0.8010063261766933,0.05162176099975113,0,2.0,0.0,0.0,2.0,0.0,0.0,,0.0,0.0,1.0,,,inf,35081.0,,,0.0,35081.0,hyperplane_gauss,41941,18,0.06254187230952084,0.16552999075502156,2,prior,gradual,930,0.138177260607481,1.0,False,medium,fast,prior/gradual/K=2/medium/fast/n/a/imbalanced/noisy,0.0,-0.000806037957060135
scn-fc1cea49ae34,795455822,Periodic(2000),0.7792188759434308,0.0548827320003511,20,2.0,20.0,2.0,0.0,17.0,1.0,0.1,1.0,0.18181818181818182,0.0,995.0,995.0,2063.5882352941176,2063.5882352941176,2.0739580254212235,2.0739580254212235,0.4845927995211083,35081.0,hyperplane_gauss,41941,18,0.06254187230952084,0.16552999075502156,2,prior,gradual,930,0.138177260607481,1.0,False,medium,fast,prior/gradual/K=2/medium/fast/n/a/imbalanced/noisy,-0.021787450233262562,0.020981412276202427
scn-fc1cea49ae34,795455822,Oracle,0.8002002882196332,0.051524664999760716,2,2.0,2.0,2.0,0.0,0.0,0.0,1.0,1.0,1.0,0.0,466.0,466.0,inf,35081.0,inf,75.28111587982832,0.0,35081.0,hyperplane_gauss,41941,18,0.06254187230952084,0.16552999075502156,2,prior,gradual,930,0.138177260607481,1.0,False,medium,fast,prior/gradual/K=2/medium/fast/n/a/imbalanced/noisy,-0.000806037957060135,-0.0
scn-15fdc80ac5c5,1704564104,ADWIN,0.8303993383742911,0.016310234000229684,4,4.0,4.0,4.0,0.0,0.0,0.0,1.0,1.0,1.0,0.0,440.0,424.0,inf,7332.0,inf,16.663636363636364,0.0,7332.0,hyperplane_gauss,17928,4,0.35079086958430705,0.12146717151626944,4,real,gradual,399,0.30459923192858696,0.9429079224355519,True,high,fast,real/gradual/K=4/recurring/high/fast/partial/imbalanced/noisy,0.06893903591682427,-0.000767958412098313
scn-15fdc80ac5c5,1704564104,KSWIN,0.7614603024574669,3.7515881529998296,0,4.0,0.0,0.0,4.0,0.0,0.0,,0.0,0.0,1.0,,,inf,7332.0,,,0.0,7332.0,hyperplane_gauss,17928,4,0.35079086958430705,0.12146717151626944,4,real,gradual,399,0.30459923192858696,0.9429079224355519,True,high,fast,real/gradual/K=4/recurring/high/fast/partial/imbalanced/noisy,0.0,0.06817107750472595
scn-15fdc80ac5c5,1704564104,PageHinkley,0.8149810964083176,0.02074725100010255,9,4.0,9.0,4.0,0.0,4.0,1.0,0.4444444444444444,1.0,0.6153846153846153,0.0,891.0,759.5,1833.0,1833.0,2.057239057239057,2.057239057239057,0.5455537370430987,7332.0,hyperplane_gauss,17928,4,0.35079086958430705,0.12146717151626944,4,real,gradual,399,0.30459923192858696,0.9429079224355519,True,high,fast,real/gradual/K=4/recurring/high/fast/partial/imbalanced/noisy,0.05352079395085074,0.01465028355387521
scn-15fdc80ac5c5,1704564104,PageHinkley-up,0.8260278827977315,0.019125214999803575,4,4.0,4.0,4.0,0.0,0.0,0.0,1.0,1.0,1.0,0.0,499.75,455.5,inf,7332.0,inf,14.671335667833917,0.0,7332.0,hyperplane_gauss,17928,4,0.35079086958430705,0.12146717151626944,4,real,gradual,399,0.30459923192858696,0.9429079224355519,True,high,fast,real/gradual/K=4/recurring/high/fast/partial/imbalanced/noisy,0.06456758034026466,0.003603497164461289
scn-15fdc80ac5c5,1704564104,DDM,0.8278000945179584,0.019627704999948037,5,4.0,5.0,4.0,0.0,1.0,0.0,0.8,1.0,0.888888888888889,0.0,461.75,466.0,7332.0,7332.0,15.878722252301028,15.878722252301028,0.13638843426077468,7332.0,hyperplane_gauss,17928,4,0.35079086958430705,0.12146717151626944,4,real,gradual,399,0.30459923192858696,0.9429079224355519,True,high,fast,real/gradual/K=4/recurring/high/fast/partial/imbalanced/noisy,0.06633979206049156,0.0018312854442343873
scn-15fdc80ac5c5,1704564104,EDDM,0.8197069943289225,0.019045264999931533,8,4.0,8.0,4.0,0.0,1.0,3.0,0.5,1.0,0.6666666666666666,0.0,631.0,624.5,7332.0,7332.0,11.619651347068146,11.619651347068146,0.13638843426077468,7332.0,hyperplane_gauss,17928,4,0.35079086958430705,0.12146717151626944,4,real,gradual,399,0.30459923192858696,0.9429079224355519,True,high,fast,real/gradual/K=4/recurring/high/fast/partial/imbalanced/noisy,0.05824669187145559,0.00992438563327036
scn-15fdc80ac5c5,1704564104,HDDM_A,0.8318171077504726,0.07453754999960438,4,4.0,4.0,4.0,0.0,0.0,0.0,1.0,1.0,1.0,0.0,434.25,420.0,inf,7332.0,inf,16.884283246977546,0.0,7332.0,hyperplane_gauss,17928,4,0.35079086958430705,0.12146717151626944,4,real,gradual,399,0.30459923192858696,0.9429079224355519,True,high,fast,real/gradual/K=4/recurring/high/fast/partial/imbalanced/noisy,0.0703568052930057,-0.0021857277882797455
scn-15fdc80ac5c5,1704564104,HDDM_W,0.8259097353497165,0.05781958300030965,4,4.0,4.0,4.0,0.0,0.0,0.0,1.0,1.0,1.0,0.0,478.0,516.0,inf,7332.0,inf,15.338912133891213,0.0,7332.0,hyperplane_gauss,17928,4,0.35079086958430705,0.12146717151626944,4,real,gradual,399,0.30459923192858696,0.9429079224355519,True,high,fast,real/gradual/K=4/recurring/high/fast/partial/imbalanced/noisy,0.06444943289224958,0.0037216446124763713
scn-15fdc80ac5c5,1704564104,FHDDM,0.825968809073724,0.01671382300037294,4,4.0,4.0,4.0,0.0,0.0,0.0,1.0,1.0,1.0,0.0,470.25,381.0,inf,7332.0,inf,15.591706539074961,0.0,7332.0,hyperplane_gauss,17928,4,0.35079086958430705,0.12146717151626944,4,real,gradual,399,0.30459923192858696,0.9429079224355519,True,high,fast,real/gradual/K=4/recurring/high/fast/partial/imbalanced/noisy,0.06450850661625718,0.0036625708884687747
scn-15fdc80ac5c5,1704564104,NoDrift,0.7614603024574669,0.008790503999989596,0,4.0,0.0,0.0,4.0,0.0,0.0,,0.0,0.0,1.0,,,inf,7332.0,,,0.0,7332.0,hyperplane_gauss,17928,4,0.35079086958430705,0.12146717151626944,4,real,gradual,399,0.30459923192858696,0.9429079224355519,True,high,fast,real/gradual/K=4/recurring/high/fast/partial/imbalanced/noisy,0.0,0.06817107750472595
scn-15fdc80ac5c5,1704564104,Periodic(2000),0.8171077504725898,0.009877930000129709,8,4.0,8.0,4.0,0.0,3.0,1.0,0.5,1.0,0.6666666666666666,0.0,736.0,736.0,2444.0,2444.0,3.3206521739130435,3.3206521739130435,0.40916530278232405,7332.0,hyperplane_gauss,17928,4,0.35079086958430705,0.12146717151626944,4,real,gradual,399,0.30459923192858696,0.9429079224355519,True,high,fast,real/gradual/K=4/recurring/high/fast/partial/imbalanced/noisy,0.05564744801512289,0.012523629489603061
scn-15fdc80ac5c5,1704564104,Oracle,0.8296313799621928,0.012848759999997128,4,4.0,4.0,4.0,0.0,0.0,0.0,1.0,1.0,1.0,0.0,200.0,200.0,inf,7332.0,inf,36.66,0.0,7332.0,hyperplane_gauss,17928,4,0.35079086958430705,0.12146717151626944,4,real,gradual,399,0.30459923192858696,0.9429079224355519,True,high,fast,real/gradual/K=4/recurring/high/fast/partial/imbalanced/noisy,0.06817107750472595,-0.0
scn-15fdc80ac5c5,1704564105,ADWIN,0.8284499054820416,0.017273783000291587,4,4.0,4.0,4.0,0.0,0.0,0.0,1.0,1.0,1.0,0.0,432.0,432.0,inf,7332.0,inf,16.97222222222222,0.0,7332.0,hyperplane_gauss,17928,4,0.35079086958430705,0.12146717151626944,4,real,gradual,399,0.30459923192858696,0.9429079224355519,True,high,fast,real/gradual/K=4/recurring/high/fast/partial/imbalanced/noisy,0.06303166351606804,0.006084593572778907
scn-15fdc80ac5c5,1704564105,KSWIN,0.7921195652173914,3.708512034999785,3,4.0,3.0,3.0,1.0,0.0,0.0,1.0,0.75,0.8571428571428571,0.25,1085.0,1319.0,inf,7332.0,inf,5.0682027649769585,0.0,7332.0,hyperplane_gauss,17928,4,0.35079086958430705,0.12146717151626944,4,real,gradual,399,0.30459923192858696,0.9429079224355519,True,high,fast,real/gradual/K=4/recurring/high/fast/partial/imbalanced/noisy,0.02670132325141783,0.042414933837429114
scn-15fdc80ac5c5,1704564105,PageHinkley,0.8148629489603024,0.020755939000082435,8,4.0,8.0,4.0,0.0,1.0,3.0,0.5,1.0,0.6666666666666666,0.0,584.25,470.0,7332.0,7332.0,12.549422336328627,12.549422336328627,0.13638843426077468,7332.0,hyperplane_gauss,17928,4,0.35079086958430705,0.12146717151626944,4,real,gradual,399,0.30459923192858696,0.9429079224355519,True,high,fast,real/gradual/K=4/recurring/high/fast/partial/imbalanced/noisy,0.0494447069943289,0.019671550094518042
scn-15fdc80ac5c5,1704564105,PageHinkley-up,0.8278000945179584,0.020283772999846406,4,4.0,4.0,4.0,0.0,0.0,0.0,1.0,1.0,1.0,0.0,456.0,463.0,inf,7332.0,inf,16.07894736842105,0.0,7332.0,hyperplane_gauss,17928,4,0.35079086958430705,0.12146717151626944,4,real,gradual,399,0.30459923192858696,0.9429079224355519,True,high,fast,real/gradual/K=4/recurring/high/fast/partial/imbalanced/noisy,0.06238185255198492,0.0067344045368620264
scn-15fdc80ac5c5,1704564105,DDM,0.8306947069943289,0.020003536000331223,4,4.0,4.0,4.0,0.0,0.0,0.0,1.0,1.0,1.0,0.0,384.25,414.0,inf,7332.0,inf,19.081327260897854,0.0,7332.0,hyperplane_gauss,17928,4,0.35079086958430705,0.12146717151626944,4,real,gradual,399,0.30459923192858696,0.9429079224355519,True,high,fast,real/gradual/K=4/recurring/high/fast/partial/imbalanced/noisy,0.06527646502835538,0.0038397920604915647
scn-15fdc80ac5c5,1704564105,EDDM,0.8137996219281664,0.02305912600013471,14,4.0,14.0,4.0,0.0,4.0,6.0,0.2857142857142857,1.0,0.4444444444444445,0.0,534.25,584.5,1833.0,1833.0,3.43097800655124,3.43097800655124,0.5455537370430987,7332.0,hyperplane_gauss,17928,4,0.35079086958430705,0.12146717151626944,4,real,gradual,399,0.30459923192858696,0.9429079224355519,True,high,fast,real/gradual/K=4/recurring/high/fast/partial/imbalanced/noisy,0.04838137996219283,0.020734877126654117
scn-15fdc80ac5c5,1704564105,HDDM_A,0.8301630434782609,0.07540386800019405,4,4.0,4.0,4.0,0.0,0.0,0.0,1.0,1.0,1.0,0.0,387.75,401.5,inf,7332.0,inf,18.90909090909091,0.0,7332.0,hyperplane_gauss,17928,4,0.35079086958430705,0.12146717151626944,4,real,gradual,399,0.30459923192858696,0.9429079224355519,True,high,fast,real/gradual/K=4/recurring/high/fast/partial/imbalanced/noisy,0.06474480151228734,0.004371455576559602
scn-15fdc80ac5c5,1704564105,HDDM_W,0.8292769376181475,0.06113391700000648,4,4.0,4.0,4.0,0.0,0.0,0.0,1.0,1.0,1.0,0.0,374.25,384.0,inf,7332.0,inf,19.59118236472946,0.0,7332.0,hyperplane_gauss,17928,4,0.35079086958430705,0.12146717151626944,4,real,gradual,399,0.30459923192858696,0.9429079224355519,True,high,fast,real/gradual/K=4/recurring/high/fast/partial/imbalanced/noisy,0.06385869565217395,0.005257561436672997
scn-15fdc80ac5c5,1704564105,FHDDM,0.8288634215500945,0.016241822999745636,4,4.0,4.0,4.0,0.0,0.0,0.0,1.0,1.0,1.0,0.0,388.25,385.5,inf,7332.0,inf,18.884739214423696,0.0,7332.0,hyperplane_gauss,17928,4,0.35079086958430705,0.12146717151626944,4,real,gradual,399,0.30459923192858696,0.9429079224355519,True,high,fast,real/gradual/K=4/recurring/high/fast/partial/imbalanced/noisy,0.06344517958412099,0.005671077504725952
scn-15fdc80ac5c5,1704564105,NoDrift,0.7654182419659735,0.008809659000235115,0,4.0,0.0,0.0,4.0,0.0,0.0,,0.0,0.0,1.0,,,inf,7332.0,,,0.0,7332.0,hyperplane_gauss,17928,4,0.35079086958430705,0.12146717151626944,4,real,gradual,399,0.30459923192858696,0.9429079224355519,True,high,fast,real/gradual/K=4/recurring/high/fast/partial/imbalanced/noisy,0.0,0.06911625708884694
scn-15fdc80ac5c5,1704564105,Periodic(2000),0.8107868620037807,0.009962230000382988,8,4.0,8.0,4.0,0.0,3.0,1.0,0.5,1.0,0.6666666666666666,0.0,736.0,736.0,2444.0,2444.0,3.3206521739130435,3.3206521739130435,0.40916530278232405,7332.0,hyperplane_gauss,17928,4,0.35079086958430705,0.12146717151626944,4,real,gradual,399,0.30459923192858696,0.9429079224355519,True,high,fast,real/gradual/K=4/recurring/high/fast/partial/imbalanced/noisy,0.04536862003780717,0.02374763705103977
scn-15fdc80ac5c5,1704564105,Oracle,0.8345344990548205,0.012772969000252488,4,4.0,4.0,4.0,0.0,0.0,0.0,1.0,1.0,1.0,0.0,200.0,200.0,inf,7332.0,inf,36.66,0.0,7332.0,hyperplane_gauss,17928,4,0.35079086958430705,0.12146717151626944,4,real,gradual,399,0.30459923192858696,0.9429079224355519,True,high,fast,real/gradual/K=4/recurring/high/fast/partial/imbalanced/noisy,0.06911625708884694,-0.0
scn-15fdc80ac5c5,1704564106,ADWIN,0.8256143667296786,0.015338677000272583,4,4.0,4.0,4.0,0.0,0.0,0.0,1.0,1.0,1.0,0.0,512.0,432.0,inf,7332.0,inf,14.3203125,0.0,7332.0,hyperplane_gauss,17928,4,0.35079086958430705,0.12146717151626944,4,real,gradual,399,0.30459923192858696,0.9429079224355519,True,high,fast,real/gradual/K=4/recurring/high/fast/partial/imbalanced/noisy,0.06775756143667289,0.001122400756143671
scn-15fdc80ac5c5,1704564106,KSWIN,0.7578568052930057,3.6124137409997275,0,4.0,0.0,0.0,4.0,0.0,0.0,,0.0,0.0,1.0,,,inf,7332.0,,,0.0,7332.0,hyperplane_gauss,17928,4,0.35079086958430705,0.12146717151626944,4,real,gradual,399,0.30459923192858696,0.9429079224355519,True,high,fast,real/gradual/K=4/recurring/high/fast/partial/imbalanced/noisy,0.0,0.06887996219281656
scn-15fdc80ac5c5,1704564106,PageHinkley,0.8175212665406427,0.02098923299990929,6,4.0,6.0,4.0,0.0,1.0,1.0,0.6666666666666666,1.0,0.8,0.0,962.0,688.5,7332.0,7332.0,7.621621621621622,7.621621621621622,0.13638843426077468,7332.0,hyperplane_gauss,17928,4,0.35079086958430705,0.12146717151626944,4,real,gradual,399,0.30459923192858696,0.9429079224355519,True,high,fast,real/gradual/K=4/recurring/high/fast/partial/imbalanced/noisy,0.059664461247637024,0.009215500945179533
scn-15fdc80ac5c5,1704564106,PageHinkley-up,0.8243738185255198,0.019295894000151748,4,4.0,4.0,4.0,0.0,0.0,0.0,1.0,1.0,1.0,0.0,542.5,491.0,inf,7332.0,inf,13.51520737327189,0.0,7332.0,hyperplane_gauss,17928,4,0.35079086958430705,0.12146717151626944,4,real,gradual,399,0.30459923192858696,0.9429079224355519,True,high,fast,real/gradual/K=4/recurring/high/fast/partial/imbalanced/noisy,0.06651701323251413,0.0023629489603024245
scn-15fdc80ac5c5,1704564106,DDM,0.8259097353497165,0.0199948280001081,4,4.0,4.0,4.0,0.0,0.0,0.0,1.0,1.0,1.0,0.0,461.0,459.5,inf,7332.0,inf,15.904555314533622,0.0,7332.0,hyperplane_gauss,17928,4,0.35079086958430705,0.12146717151626944,4,real,gradual,399,0.30459923192858696,0.9429079224355519,True,high,fast,real/gradual/K=4/recurring/high/fast/partial/imbalanced/noisy,0.06805293005671076,0.0008270321361057986
scn-15fdc80ac5c5,1704564106,EDDM,0.8112003780718336,0.01937354299980143,10,4.0,10.0,4.0,0.0,0.0,6.0,0.4,1.0,0.5714285714285715,0.0,627.25,656.0,inf,7332.0,inf,11.689119170984457,0.0,7332.0,hyperplane_gauss,17928,4,0.35079086958430705,0.12146717151626944,4,real,gradual,399,0.30459923192858696,0.9429079224355519,True,high,fast,real/gradual/K=4/recurring/high/fast/partial/imbalanced/noisy,0.05334357277882795,0.015536389413988605
scn-15fdc80ac5c5,1704564106,HDDM_A,0.8252599243856332,0.07328348999999434,4,4.0,4.0,4.0,0.0,0.0,0.0,1.0,1.0,1.0,0.0,476.5,445.5,inf,7332.0,inf,15.38719832109129,0.0,7332.0,hyperplane_gauss,17928,4,0.35079086958430705,0.12146717151626944,4,real,gradual,399,0.30459923192858696,0.9429079224355519,True,high,fast,real/gradual/K=4/recurring/high/fast/partial/imbalanced/noisy,0.06740311909262753,0.0014768431001890292
scn-15fdc80ac5c5,1704564106,HDDM_W,0.8275047258979206,0.06096383700014485,4,4.0,4.0,4.0,0.0,0.0,0.0,1.0,1.0,1.0,0.0,388.25,391.0,inf,7332.0,inf,18.884739214423696,0.0,7332.0,hyperplane_gauss,17928,4,0.35079086958430705,0.12146717151626944,4,real,gradual,399,0.30459923192858696,0.9429079224355519,True,high,fast,real/gradual/K=4/recurring/high/fast/partial/imbalanced/noisy,0.06964792060491487,-0.000767958412098313
scn-15fdc80ac5c5,1704564106,FHDDM,0.8273275047258979,0.017739419000008638,4,4.0,4.0,4.0,0.0,0.0,0.0,1.0,1.0,1.0,0.0,365.5,392.5,inf,7332.0,inf,20.060191518467853,0.0,7332.0,hyperplane_gauss,17928,4,0.35079086958430705,0.12146717151626944,4,real,gradual,399,0.30459923192858696,0.9429079224355519,True,high,fast,real/gradual/K=4/recurring/high/fast/partial/imbalanced/noisy,0.06947069943289219,-0.0005907372400756339
scn-15fdc80ac5c5,1704564106,NoDrift,0.7578568052930057,0.008828550999623985,0,4.0,0.0,0.0,4.0,0.0,0.0,,0.0,0.0,1.0,,,inf,7332.0,,,0.0,7332.0,hyperplane_gauss,17928,4,0.35079086958430705,0.12146717151626944,4,real,gradual,399,0.30459923192858696,0.9429079224355519,True,high,fast,real/gradual/K=4/recurring/high/fast/partial/imbalanced/noisy,0.0,0.06887996219281656
scn-15fdc80ac5c5,1704564106,Periodic(2000),0.8099598298676749,0.009808692000206065,8,4.0,8.0,4.0,0.0,3.0,1.0,0.5,1.0,0.6666666666666666,0.0,736.0,736.0,2444.0,2444.0,3.3206521739130435,3.3206521739130435,0.40916530278232405,7332.0,hyperplane_gauss,17928,4,0.35079086958430705,0.12146717151626944,4,real,gradual,399,0.30459923192858696,0.9429079224355519,True,high,fast,real/gradual/K=4/recurring/high/fast/partial/imbalanced/noisy,0.0521030245746692,0.01677693761814736
scn-15fdc80ac5c5,1704564106,Oracle,0.8267367674858223,0.012686104000295018,4,4.0,4.0,4.0,0.0,0.0,0.0,1.0,1.0,1.0,0.0,200.0,200.0,inf,7332.0,inf,36.66,0.0,7332.0,hyperplane_gauss,17928,4,0.35079086958430705,0.12146717151626944,4,real,gradual,399,0.30459923192858696,0.9429079224355519,True,high,fast,real/gradual/K=4/recurring/high/fast/partial/imbalanced/noisy,0.06887996219281656,-0.0
scn-549b34ac8c6d,287926757,ADWIN,0.6632763082231168,0.06554006699980164,0,5.0,0.0,0.0,5.0,0.0,0.0,,0.0,0.0,1.0,,,inf,17824.0,,,0.0,17824.0,hyperplane_gauss,28824,34,0.21545306933112446,0.24164801454171536,5,real,sudden,0,0.3504388662822237,0.6450097776949406,True,high,abrupt,real/sudden/K=5/recurring/high/abrupt/partial/imbalanced/noisy,0.0,0.02961472110408281
scn-549b34ac8c6d,287926757,KSWIN,0.6579930994824612,5.960195767000187,4,5.0,4.0,1.0,4.0,3.0,0.0,0.25,0.2,0.22222222222222224,0.8,478.0,478.0,5941.333333333333,5941.333333333333,2.485913528591352,2.485913528591352,0.16831238779174149,17824.0,hyperplane_gauss,28824,34,0.21545306933112446,0.24164801454171536,5,real,sudden,0,0.3504388662822237,0.6450097776949406,True,high,abrupt,real/sudden/K=5/recurring/high/abrupt/partial/imbalanced/noisy,-0.005283208740655576,0.034897929844738385
scn-549b34ac8c6d,287926757,PageHinkley,0.6556929269695227,0.0936499070003265,10,5.0,10.0,1.0,4.0,9.0,0.0,0.1,0.2,0.13333333333333333,0.8,988.0,988.0,1980.4444444444443,1980.4444444444443,0.4008996851102113,0.4008996851102113,0.5049371633752244,17824.0,hyperplane_gauss,28824,34,0.21545306933112446,0.24164801454171536,5,real,sudden,0,0.3504388662822237,0.6450097776949406,True,high,abrupt,real/sudden/K=5/recurring/high/abrupt/partial/imbalanced/noisy,-0.007583381253594035,0.03719810235767684
scn-549b34ac8c6d,287926757,PageHinkley-up,0.6796290971822887,0.08197310000014113,5,5.0,5.0,5.0,0.0,0.0,0.0,1.0,1.0,1.0,0.0,577.4,425.0,inf,17824.0,inf,30.869414617249742,0.0,17824.0,hyperplane_gauss,28824,34,0.21545306933112446,0.24164801454171536,5,real,sudden,0,0.3504388662822237,0.6450097776949406,True,high,abrupt,real/sudden/K=5/recurring/high/abrupt/partial/imbalanced/noisy,0.016352788959171916,0.013261932144910893
scn-549b34ac8c6d,287926757,DDM,0.6765382403680276,0.08569518600006631,5,5.0,5.0,5.0,0.0,0.0,0.0,1.0,1.0,1.0,0.0,736.0,582.0,inf,17824.0,inf,24.217391304347824,0.0,17824.0,hyperplane_gauss,28824,34,0.21545306933112446,0.24164801454171536,5,real,sudden,0,0.3504388662822237,0.6450097776949406,True,high,abrupt,real/sudden/K=5/recurring/high/abrupt/partial/imbalanced/noisy,0.013261932144910782,0.016352788959172027
scn-549b34ac8c6d,287926757,EDDM,0.6621981023576768,0.0736369950000153,1,5.0,1.0,0.0,5.0,1.0,0.0,0.0,0.0,0.0,1.0,,,17824.0,17824.0,,,0.056104129263913824,17824.0,hyperplane_gauss,28824,34,0.21545306933112446,0.24164801454171536,5,real,sudden,0,0.3504388662822237,0.6450097776949406,True,high,abrupt,real/sudden/K=5/recurring/high/abrupt/partial/imbalanced/noisy,-0.0010782058654399407,0.03069292696952275
scn-549b34ac8c6d,287926757,HDDM_A,0.6632763082231168,0.12704801699965174,0,5.0,0.0,0.0,5.0,0.0,0.0,,0.0,0.0,1.0,,,inf,17824.0,,,0.0,17824.0,hyperplane_gauss,28824,34,0.21545306933112446,0.24164801454171536,5,real,sudden,0,0.3504388662822237,0.6450097776949406,True,high,abrupt,real/sudden/K=5/recurring/high/abrupt/partial/imbalanced/noisy,0.0,0.02961472110408281
scn-549b34ac8c6d,287926757,HDDM_W,0.6694580218516388,0.24184696700012864,15,5.0,15.0,5.0,0.0,7.0,3.0,0.3333333333333333,1.0,0.5,0.0,386.8,315.0,2546.285714285714,2546.285714285714,6.582951691534938,6.582951691534938,0.39272890484739675,17824.0,hyperplane_gauss,28824,34,0.21545306933112446,0.24164801454171536,5,real,sudden,0,0.3504388662822237,0.6450097776949406,True,high,abrupt,real/sudden/K=5/recurring/high/abrupt/partial/imbalanced/noisy,0.006181713628522045,0.023433007475560763
scn-549b34ac8c6d,287926757,FHDDM,0.6701408855664175,0.0981760720001148,9,5.0,9.0,4.0,1.0,4.0,1.0,0.4444444444444444,0.8,0.5714285714285714,0.19999999999999996,319.5,281.5,4456.0,4456.0,11.157433489827858,11.157433489827858,0.2244165170556553,17824.0,hyperplane_gauss,28824,34,0.21545306933112446,0.24164801454171536,5,real,sudden,0,0.3504388662822237,0.6450097776949406,True,high,abrupt,real/sudden/K=5/recurring/high/abrupt/partial/imbalanced/noisy,0.006864577343300704,0.022750143760782104
scn-549b34ac8c6d,287926757,NoDrift,0.6632763082231168,0.06304353599989554,0,5.0,0.0,0.0,5.0,0.0,0.0,,0.0,0.0,1.0,,,inf,17824.0,,,0.0,17824.0,hyperplane_gauss,28824,34,0.21545306933112446,0.24164801454171536,5,real,sudden,0,0.3504388662822237,0.6450097776949406,True,high,abrupt,real/sudden/K=5/recurring/high/abrupt/partial/imbalanced/noisy,0.0,0.02961472110408281
scn-549b34ac8c6d,287926757,Periodic(2000),0.6628450258769407,0.07487401800017324,13,5.0,13.0,5.0,0.0,8.0,0.0,0.38461538461538464,1.0,0.5555555555555556,0.0,1088.4,1088.0,2228.0,2228.0,2.0470415288496873,2.0470415288496873,0.4488330341113106,17824.0,hyperplane_gauss,28824,34,0.21545306933112446,0.24164801454171536,5,real,sudden,0,0.3504388662822237,0.6450097776949406,True,high,abrupt,real/sudden/K=5/recurring/high/abrupt/partial/imbalanced/noisy,-0.0004312823461760651,0.030046003450258874
scn-549b34ac8c6d,287926757,Oracle,0.6928910293271996,0.0683469740001783,5,5.0,5.0,5.0,0.0,0.0,0.0,1.0,1.0,1.0,0.0,1.0,1.0,inf,17824.0,inf,17824.0,0.0,17824.0,hyperplane_gauss,28824,34,0.21545306933112446,0.24164801454171536,5,real,sudden,0,0.3504388662822237,0.6450097776949406,True,high,abrupt,real/sudden/K=5/recurring/high/abrupt/partial/imbalanced/noisy,0.02961472110408281,-0.0
scn-549b34ac8c6d,287926758,ADWIN,0.6670500287521565,0.07086391000029835,0,5.0,0.0,0.0,5.0,0.0,0.0,,0.0,0.0,1.0,,,inf,17824.0,,,0.0,17824.0,hyperplane_gauss,28824,34,0.21545306933112446,0.24164801454171536,5,real,sudden,0,0.3504388662822237,0.6450097776949406,True,high,abrupt,real/sudden/K=5/recurring/high/abrupt/partial/imbalanced/noisy,0.0,0.028320874065554835
scn-549b34ac8c6d,287926758,KSWIN,0.6659718228867165,5.964628454999911,1,5.0,1.0,0.0,5.0,1.0,0.0,0.0,0.0,0.0,1.0,,,17824.0,17824.0,,,0.056104129263913824,17824.0,hyperplane_gauss,28824,34,0.21545306933112446,0.24164801454171536,5,real,sudden,0,0.3504388662822237,0.6450097776949406,True,high,abrupt,real/sudden/K=5/recurring/high/abrupt/partial/imbalanced/noisy,-0.0010782058654399407,0.029399079930994776
scn-549b34ac8c6d,287926758,PageHinkley,0.663887291546866,0.10520401599978868,12,5.0,12.0,4.0,1.0,6.0,2.0,0.3333333333333333,0.8,0.47058823529411764,0.19999999999999996,975.0,801.0,2970.6666666666665,2970.6666666666665,2.4374700854700855,2.4374700854700855,0.33662477558348297,17824.0,hyperplane_gauss,28824,34,0.21545306933112446,0.24164801454171536,5,real,sudden,0,0.3504388662822237,0.6450097776949406,True,high,abrupt,real/sudden/K=5/recurring/high/abrupt/partial/imbalanced/noisy,-0.003162737205290478,0.03148361127084531
scn-549b34ac8c6d,287926758,PageHinkley-up,0.6853076480736056,0.08221376000028613,5,5.0,5.0,5.0,0.0,0.0,0.0,1.0,1.0,1.0,0.0,582.2,603.0,inf,17824.0,inf,30.614908965991066,0.0,17824.0,hyperplane_gauss,28824,34,0.21545306933112446,0.24164801454171536,5,real,sudden,0,0.3504388662822237,0.6450097776949406,True,high,abrupt,real/sudden/K=5/recurring/high/abrupt/partial/imbalanced/noisy,0.018257619321449092,0.010063254744105743
scn-549b34ac8c6d,287926758,DDM,0.6670500287521565,0.08418549799989705,0,5.0,0.0,0.0,5.0,0.0,0.0,,0.0,0.0,1.0,,,inf,17824.0,,,0.0,17824.0,hyperplane_gauss,28824,34,0.21545306933112446,0.24164801454171536,5,real,sudden,0,0.3504388662822237,0.6450097776949406,True,high,abrupt,real/sudden/K=5/recurring/high/abrupt/partial/imbalanced/noisy,0.0,0.028320874065554835
scn-549b34ac8c6d,287926758,EDDM,0.659826049453709,0.14160340699982044,20,5.0,20.0,2.0,3.0,15.0,3.0,0.1,0.4,0.16000000000000003,0.6,702.0,702.0,1188.2666666666667,1188.2666666666667,0.6770750237416905,0.6770750237416905,0.8415619389587073,17824.0,hyperplane_gauss,28824,34,0.21545306933112446,0.24164801454171536,5,real,sudden,0,0.3504388662822237,0.6450097776949406,True,high,abrupt,real/sudden/K=5/recurring/high/abrupt/partial/imbalanced/noisy,-0.007223979298447425,0.03554485336400226
scn-549b34ac8c6d,287926758,HDDM_A,0.6858467510063255,0.15703865500017855,5,5.0,5.0,5.0,0.0,0.0,0.0,1.0,1.0,1.0,0.0,486.6,603.0,inf,17824.0,inf,36.629675297986026,0.0,17824.0,hyperplane_gauss,28824,34,0.21545306933112446,0.24164801454171536,5,real,sudden,0,0.3504388662822237,0.6450097776949406,True,high,abrupt,real/sudden/K=5/recurring/high/abrupt/partial/imbalanced/noisy,0.018796722254169063,0.009524151811385773
scn-549b34ac8c6d,287926758,HDDM_W,0.6782274295572168,0.17107622100002118,10,5.0,10.0,4.0,1.0,5.0,1.0,0.4,0.8,0.5333333333333333,0.19999999999999996,199.75,183.0,3564.8,3564.8,14.277046307884858,14.277046307884858,0.28052064631956913,17824.0,hyperplane_gauss,28824,34,0.21545306933112446,0.24164801454171536,5,real,sudden,0,0.3504388662822237,0.6450097776949406,True,high,abrupt,real/sudden/K=5/recurring/high/abrupt/partial/imbalanced/noisy,0.011177400805060356,0.01714347326049448
scn-549b34ac8c6d,287926758,FHDDM,0.6890454284071306,0.08879056999967361,5,5.0,5.0,5.0,0.0,0.0,0.0,1.0,1.0,1.0,0.0,230.4,206.0,inf,17824.0,inf,77.36111111111111,0.0,17824.0,hyperplane_gauss,28824,34,0.21545306933112446,0.24164801454171536,5,real,sudden,0,0.3504388662822237,0.6450097776949406,True,high,abrupt,real/sudden/K=5/recurring/high/abrupt/partial/imbalanced/noisy,0.0219953996549741,0.006325474410580734
scn-549b34ac8c6d,287926758,NoDrift,0.6670500287521565,0.06230015200026173,0,5.0,0.0,0.0,5.0,0.0,0.0,,0.0,0.0,1.0,,,inf,17824.0,,,0.0,17824.0,hyperplane_gauss,28824,34,0.21545306933112446,0.24164801454171536,5,real,sudden,0,0.3504388662822237,0.6450097776949406,True,high,abrupt,real/sudden/K=5/recurring/high/abrupt/partial/imbalanced/noisy,0.0,0.028320874065554835
scn-549b34ac8c6d,287926758,Periodic(2000),0.6668703277745831,0.06886216199973205,13,5.0,13.0,5.0,0.0,8.0,0.0,0.38461538461538464,1.0,0.5555555555555556,0.0,1088.4,1088.0,2228.0,2228.0,2.0470415288496873,2.0470415288496873,0.4488330341113106,17824.0,hyperplane_gauss,28824,34,0.21545306933112446,0.24164801454171536,5,real,sudden,0,0.3504388662822237,0.6450097776949406,True,high,abrupt,real/sudden/K=5/recurring/high/abrupt/partial/imbalanced/noisy,-0.00017970097757336045,0.028500575043128196
scn-549b34ac8c6d,287926758,Oracle,0.6953709028177113,0.09550496000019848,5,5.0,5.0,5.0,0.0,0.0,0.0,1.0,1.0,1.0,0.0,1.0,1.0,inf,17824.0,inf,17824.0,0.0,17824.0,hyperplane_gauss,28824,34,0.21545306933112446,0.24164801454171536,5,real,sudden,0,0.3504388662822237,0.6450097776949406,True,high,abrupt,real/sudden/K=5/recurring/high/abrupt/partial/imbalanced/noisy,0.028320874065554835,-0.0
scn-549b34ac8c6d,287926759,ADWIN,0.6633122484186313,0.08108364100007748,5,5.0,5.0,1.0,4.0,4.0,0.0,0.2,0.2,0.20000000000000004,0.8,749.0,749.0,4456.0,4456.0,1.1898531375166888,1.1898531375166888,0.2244165170556553,17824.0,hyperplane_gauss,28824,34,0.21545306933112446,0.24164801454171536,5,real,sudden,0,0.3504388662822237,0.6450097776949406,True,high,abrupt,real/sudden/K=5/recurring/high/abrupt/partial/imbalanced/noisy,-0.0003594019551467209,0.03306497987349055
scn-549b34ac8c6d,287926759,KSWIN,0.6715425531914894,5.909869624999828,6,5.0,6.0,3.0,2.0,3.0,0.0,0.5,0.6,0.5454545454545454,0.4,816.0,554.0,5941.333333333333,5941.333333333333,4.368627450980392,4.368627450980392,0.16831238779174149,17824.0,hyperplane_gauss,28824,34,0.21545306933112446,0.24164801454171536,5,real,sudden,0,0.3504388662822237,0.6450097776949406,True,high,abrupt,real/sudden/K=5/recurring/high/abrupt/partial/imbalanced/noisy,0.0078709028177113,0.02483467510063253
scn-549b34ac8c6d,287926759,PageHinkley,0.6661874640598044,0.12756067400005122,12,5.0,12.0,4.0,1.0,7.0,1.0,0.3333333333333333,0.8,0.47058823529411764,0.19999999999999996,906.25,755.5,2546.285714285714,2546.285714285714,2.2477556650246306,2.2477556650246306,0.39272890484739675,17824.0,hyperplane_gauss,28824,34,0.21545306933112446,0.24164801454171536,5,real,sudden,0,0.3504388662822237,0.6450097776949406,True,high,abrupt,real/sudden/K=5/recurring/high/abrupt/partial/imbalanced/noisy,0.0025158136860263802,0.03018976423231745
scn-549b34ac8c6d,287926759,PageHinkley-up,0.6887579068430132,0.07938040199996976,5,5.0,5.0,5.0,0.0,0.0,0.0,1.0,1.0,1.0,0.0,439.2,419.0,inf,17824.0,inf,40.58287795992714,0.0,17824.0,hyperplane_gauss,28824,34,0.21545306933112446,0.24164801454171536,5,real,sudden,0,0.3504388662822237,0.6450097776949406,True,high,abrupt,real/sudden/K=5/recurring/high/abrupt/partial/imbalanced/noisy,0.025086256469235124,0.007619321449108707
scn-549b34ac8c6d,287926759,DDM,0.6636716503737781,0.07603028799985623,0,5.0,0.0,0.0,5.0,0.0,0.0,,0.0,0.0,1.0,,,inf,17824.0,,,0.0,17824.0,hyperplane_gauss,28824,34,0.21545306933112446,0.24164801454171536,5,real,sudden,0,0.3504388662822237,0.6450097776949406,True,high,abrupt,real/sudden/K=5/recurring/high/abrupt/partial/imbalanced/noisy,0.0,0.03270557791834383
scn-549b34ac8c6d,287926759,EDDM,0.6562679700977573,0.1364115779997519,17,5.0,17.0,0.0,5.0,17.0,0.0,0.0,0.0,0.0,1.0,,,1048.4705882352941,1048.4705882352941,,,0.953770197486535,17824.0,hyperplane_gauss,28824,34,0.21545306933112446,0.24164801454171536,5,real,sudden,0,0.3504388662822237,0.6450097776949406,True,high,abrupt,real/sudden/K=5/recurring/high/abrupt/partial/imbalanced/noisy,-0.007403680276020785,0.040109258194364616
scn-549b34ac8c6d,287926759,HDDM_A,0.6828637147786084,0.17669389899992893,6,5.0,6.0,4.0,1.0,2.0,0.0,0.6666666666666666,0.8,0.7272727272727272,0.19999999999999996,626.5,619.0,8912.0,8912.0,11.380047885075818,11.380047885075818,0.11220825852782765,17824.0,hyperplane_gauss,28824,34,0.21545306933112446,0.24164801454171536,5,real,sudden,0,0.3504388662822237,0.6450097776949406,True,high,abrupt,real/sudden/K=5/recurring/high/abrupt/partial/imbalanced/noisy,0.019192064404830345,0.013513513513513487
scn-549b34ac8c6d,287926759,HDDM_W,0.6723691776883266,0.1983118060002198,14,5.0,14.0,5.0,0.0,7.0,2.0,0.35714285714285715,1.0,0.5263157894736842,0.0,700.8,67.0,2546.285714285714,2546.285714285714,3.6333985649054146,3.6333985649054146,0.39272890484739675,17824.0,hyperplane_gauss,28824,34,0.21545306933112446,0.24164801454171536,5,real,sudden,0,0.3504388662822237,0.6450097776949406,True,high,abrupt,real/sudden/K=5/recurring/high/abrupt/partial/imbalanced/noisy,0.008697527314548537,0.024008050603795295
scn-549b34ac8c6d,287926759,FHDDM,0.6938973548016101,0.08039149000023826,5,5.0,5.0,5.0,0.0,0.0,0.0,1.0,1.0,1.0,0.0,200.6,44.0,inf,17824.0,inf,88.85343968095714,0.0,17824.0,hyperplane_gauss,28824,34,0.21545306933112446,0.24164801454171536,5,real,sudden,0,0.3504388662822237,0.6450097776949406,True,high,abrupt,real/sudden/K=5/recurring/high/abrupt/partial/imbalanced/noisy,0.030225704427832012,0.002479873490511819
scn-549b34ac8c6d,287926759,NoDrift,0.6636716503737781,0.06333590099984576,0,5.0,0.0,0.0,5.0,0.0,0.0,,0.0,0.0,1.0,,,inf,17824.0,,,0.0,17824.0,hyperplane_gauss,28824,34,0.21545306933112446,0.24164801454171536,5,real,sudden,0,0.3504388662822237,0.6450097776949406,True,high,abrupt,real/sudden/K=5/recurring/high/abrupt/partial/imbalanced/noisy,0.0,0.03270557791834383
scn-549b34ac8c6d,287926759,Periodic(2000),0.6618027602070156,0.07409664499982682,13,5.0,13.0,5.0,0.0,8.0,0.0,0.38461538461538464,1.0,0.5555555555555556,0.0,1088.4,1088.0,2228.0,2228.0,2.0470415288496873,2.0470415288496873,0.4488330341113106,17824.0,hyperplane_gauss,28824,34,0.21545306933112446,0.24164801454171536,5,real,sudden,0,0.3504388662822237,0.6450097776949406,True,high,abrupt,real/sudden/K=5/recurring/high/abrupt/partial/imbalanced/noisy,-0.0018688901667625046,0.034574468085106336
scn-549b34ac8c6d,287926759,Oracle,0.6963772282921219,0.07070095099970786,5,5.0,5.0,5.0,0.0,0.0,0.0,1.0,1.0,1.0,0.0,1.0,1.0,inf,17824.0,inf,17824.0,0.0,17824.0,hyperplane_gauss,28824,34,0.21545306933112446,0.24164801454171536,5,real,sudden,0,0.3504388662822237,0.6450097776949406,True,high,abrupt,real/sudden/K=5/recurring/high/abrupt/partial/imbalanced/noisy,0.03270557791834383,-0.0
scn-21190a1f76f6,654018439,ADWIN,0.9151216589554971,0.0340829639999356,7,3.0,7.0,2.0,1.0,4.0,1.0,0.2857142857142857,0.6666666666666666,0.4,0.33333333333333337,3842.0,3842.0,3097.75,3097.75,0.5375238591011625,0.5375238591011625,0.3228149463320152,12391.0,hyperplane_gauss,31043,8,0.47561408109031617,0.04315189551562071,3,virtual,incremental,3884,0.14067549064755439,0.34273042604327203,False,medium,slow,virtual/incremental/K=3/medium/slow/partial/balanced/noisy,-0.02240122491096097,0.008887261591718487
scn-21190a1f76f6,654018439,KSWIN,0.9375228838664581,6.858521779000057,0,3.0,0.0,0.0,3.0,0.0,0.0,,0.0,0.0,1.0,,,inf,12391.0,,,0.0,12391.0,hyperplane_gauss,31043,8,0.47561408109031617,0.04315189551562071,3,virtual,incremental,3884,0.14067549064755439,0.34273042604327203,False,medium,slow,virtual/incremental/K=3/medium/slow/partial/balanced/noisy,0.0,-0.013513963319242484
scn-21190a1f76f6,654018439,PageHinkley,0.8823686049995008,0.06199763999984498,22,3.0,22.0,3.0,0.0,10.0,9.0,0.13636363636363635,1.0,0.24000000000000002,0.0,1573.0,1000.0,1239.1,1239.1,0.787730451366815,0.787730451366815,0.8070373658300379,12391.0,hyperplane_gauss,31043,8,0.47561408109031617,0.04315189551562071,3,virtual,incremental,3884,0.14067549064755439,0.34273042604327203,False,medium,slow,virtual/incremental/K=3/medium/slow/partial/balanced/noisy,-0.05515427886695734,0.04164031554771486
scn-21190a1f76f6,654018439,PageHinkley-up,0.9375228838664581,0.036132513000211475,0,3.0,0.0,0.0,3.0,0.0,0.0,,0.0,0.0,1.0,,,inf,12391.0,,,0.0,12391.0,hyperplane_gauss,31043,8,0.47561408109031617,0.04315189551562071,3,virtual,incremental,3884,0.14067549064755439,0.34273042604327203,False,medium,slow,virtual/incremental/K=3/medium/slow/partial/balanced/noisy,0.0,-0.013513963319242484
scn-21190a1f76f6,654018439,DDM,0.9367240288919216,0.03711501199995837,1,3.0,1.0,0.0,3.0,1.0,0.0,0.0,0.0,0.0,1.0,,,12391.0,12391.0,,,0.0807037365830038,12391.0,hyperplane_gauss,31043,8,0.47561408109031617,0.04315189551562071,3,virtual,incremental,3884,0.14067549064755439,0.34273042604327203,False,medium,slow,virtual/incremental/K=3/medium/slow/partial/balanced/noisy,-0.000798854974536467,-0.012715108344706016
scn-21190a1f76f6,654018439,EDDM,0.9352594614386046,0.031785968000349385,2,3.0,2.0,0.0,3.0,2.0,0.0,0.0,0.0,0.0,1.0,,,6195.5,6195.5,,,0.1614074731660076,12391.0,hyperplane_gauss,31043,8,0.47561408109031617,0.04315189551562071,3,virtual,incremental,3884,0.14067549064755439,0.34273042604327203,False,medium,slow,virtual/incremental/K=3/medium/slow/partial/balanced/noisy,-0.00226342242785349,-0.011250540891388994
scn-21190a1f76f6,654018439,HDDM_A,0.9375228838664581,0.1439140329998736,0,3.0,0.0,0.0,3.0,0.0,0.0,,0.0,0.0,1.0,,,inf,12391.0,,,0.0,12391.0,hyperplane_gauss,31043,8,0.47561408109031617,0.04315189551562071,3,virtual,incremental,3884,0.14067549064755439,0.34273042604327203,False,medium,slow,virtual/incremental/K=3/medium/slow/partial/balanced/noisy,0.0,-0.013513963319242484
scn-21190a1f76f6,654018439,HDDM_W,0.9375228838664581,0.09818588999996791,0,3.0,0.0,0.0,3.0,0.0,0.0,,0.0,0.0,1.0,,,inf,12391.0,,,0.0,12391.0,hyperplane_gauss,31043,8,0.47561408109031617,0.04315189551562071,3,virtual,incremental,3884,0.14067549064755439,0.34273042604327203,False,medium,slow,virtual/incremental/K=3/medium/slow/partial/balanced/noisy,0.0,-0.013513963319242484
scn-21190a1f76f6,654018439,FHDDM,0.9375228838664581,0.031075899999905232,0,3.0,0.0,0.0,3.0,0.0,0.0,,0.0,0.0,1.0,,,inf,12391.0,,,0.0,12391.0,hyperplane_gauss,31043,8,0.47561408109031617,0.04315189551562071,3,virtual,incremental,3884,0.14067549064755439,0.34273042604327203,False,medium,slow,virtual/incremental/K=3/medium/slow/partial/balanced/noisy,0.0,-0.013513963319242484
scn-21190a1f76f6,654018439,NoDrift,0.9375228838664581,0.021236254000086774,0,3.0,0.0,0.0,3.0,0.0,0.0,,0.0,0.0,1.0,,,inf,12391.0,,,0.0,12391.0,hyperplane_gauss,31043,8,0.47561408109031617,0.04315189551562071,3,virtual,incremental,3884,0.14067549064755439,0.34273042604327203,False,medium,slow,virtual/incremental/K=3/medium/slow/partial/balanced/noisy,0.0,-0.013513963319242484
scn-21190a1f76f6,654018439,Periodic(2000),0.8954165695835968,0.02354062399990653,15,3.0,15.0,3.0,0.0,9.0,3.0,0.2,1.0,0.33333333333333337,0.0,1921.0,1921.0,1376.7777777777778,1376.7777777777778,0.7166984788015501,0.7166984788015501,0.7263336292470342,12391.0,hyperplane_gauss,31043,8,0.47561408109031617,0.04315189551562071,3,virtual,incremental,3884,0.14067549064755439,0.34273042604327203,False,medium,slow,virtual/incremental/K=3/medium/slow/partial/balanced/noisy,-0.04210631428286127,0.028592350963618784
scn-21190a1f76f6,654018439,Oracle,0.9240089205472156,0.023103176999939024,3,3.0,3.0,3.0,0.0,0.0,0.0,1.0,1.0,1.0,0.0,1943.0,1943.0,inf,12391.0,inf,6.377251672671127,0.0,12391.0,hyperplane_gauss,31043,8,0.47561408109031617,0.04315189551562071,3,virtual,incremental,3884,0.14067549064755439,0.34273042604327203,False,medium,slow,virtual/incremental/K=3/medium/slow/partial/balanced/noisy,-0.013513963319242484,-0.0
scn-21190a1f76f6,654018440,ADWIN,0.9262723429750691,0.030862409000292246,4,3.0,4.0,1.0,2.0,2.0,1.0,0.25,0.3333333333333333,0.28571428571428575,0.6666666666666667,595.0,595.0,6195.5,6195.5,3.470868347338935,3.470868347338935,0.1614074731660076,12391.0,hyperplane_gauss,31043,8,0.47561408109031617,0.04315189551562071,3,virtual,incremental,3884,0.14067549064755439,0.34273042604327203,False,medium,slow,virtual/incremental/K=3/medium/slow/partial/balanced/noisy,-0.014379389541656962,-0.0032287055220850958
scn-21190a1f76f6,654018440,KSWIN,0.9406517325167261,6.692903993000073,0,3.0,0.0,0.0,3.0,0.0,0.0,,0.0,0.0,1.0,,,inf,12391.0,,,0.0,12391.0,hyperplane_gauss,31043,8,0.47561408109031617,0.04315189551562071,3,virtual,incremental,3884,0.14067549064755439,0.34273042604327203,False,medium,slow,virtual/incremental/K=3/medium/slow/partial/balanced/noisy,0.0,-0.017608095063742057
scn-21190a1f76f6,654018440,PageHinkley,0.8960157108144993,0.0510341869999138,17,3.0,17.0,2.0,1.0,5.0,10.0,0.11764705882352941,0.6666666666666666,0.2,0.33333333333333337,554.0,554.0,2478.2,2478.2,2.9821901323706372,2.9821901323706372,0.40351868291501897,12391.0,hyperplane_gauss,31043,8,0.47561408109031617,0.04315189551562071,3,virtual,incremental,3884,0.14067549064755439,0.34273042604327203,False,medium,slow,virtual/incremental/K=3/medium/slow/partial/balanced/noisy,-0.0446360217022268,0.027027926638484745
scn-21190a1f76f6,654018440,PageHinkley-up,0.9406517325167261,0.036326825999822177,0,3.0,0.0,0.0,3.0,0.0,0.0,,0.0,0.0,1.0,,,inf,12391.0,,,0.0,12391.0,hyperplane_gauss,31043,8,0.47561408109031617,0.04315189551562071,3,virtual,incremental,3884,0.14067549064755439,0.34273042604327203,False,medium,slow,virtual/incremental/K=3/medium/slow/partial/balanced/noisy,0.0,-0.017608095063742057
scn-21190a1f76f6,654018440,DDM,0.9406517325167261,0.03577175800000987,0,3.0,0.0,0.0,3.0,0.0,0.0,,0.0,0.0,1.0,,,inf,12391.0,,,0.0,12391.0,hyperplane_gauss,31043,8,0.47561408109031617,0.04315189551562071,3,virtual,incremental,3884,0.14067549064755439,0.34273042604327203,False,medium,slow,virtual/incremental/K=3/medium/slow/partial/balanced/noisy,0.0,-0.017608095063742057
scn-21190a1f76f6,654018440,EDDM,0.9334620377458975,0.03258678699967277,4,3.0,4.0,0.0,3.0,4.0,0.0,0.0,0.0,0.0,1.0,,,3097.75,3097.75,,,0.3228149463320152,12391.0,hyperplane_gauss,31043,8,0.47561408109031617,0.04315189551562071,3,virtual,incremental,3884,0.14067549064755439,0.34273042604327203,False,medium,slow,virtual/incremental/K=3/medium/slow/partial/balanced/noisy,-0.007189694770828536,-0.010418400292913521
scn-21190a1f76f6,654018440,HDDM_A,0.9406517325167261,0.1287597270002152,0,3.0,0.0,0.0,3.0,0.0,0.0,,0.0,0.0,1.0,,,inf,12391.0,,,0.0,12391.0,hyperplane_gauss,31043,8,0.47561408109031617,0.04315189551562071,3,virtual,incremental,3884,0.14067549064755439,0.34273042604327203,False,medium,slow,virtual/incremental/K=3/medium/slow/partial/balanced/noisy,0.0,-0.017608095063742057
scn-21190a1f76f6,654018440,HDDM_W,0.9406517325167261,0.09854433599957702,0,3.0,0.0,0.0,3.0,0.0,0.0,,0.0,0.0,1.0,,,inf,12391.0,,,0.0,12391.0,hyperplane_gauss,31043,8,0.47561408109031617,0.04315189551562071,3,virtual,incremental,3884,0.14067549064755439,0.34273042604327203,False,medium,slow,virtual/incremental/K=3/medium/slow/partial/balanced/noisy,0.0,-0.017608095063742057
scn-21190a1f76f6,654018440,FHDDM,0.9406517325167261,0.032243488000403886,0,3.0,0.0,0.0,3.0,0.0,0.0,,0.0,0.0,1.0,,,inf,12391.0,,,0.0,12391.0,hyperplane_gauss,31043,8,0.47561408109031617,0.04315189551562071,3,virtual,incremental,3884,0.14067549064755439,0.34273042604327203,False,medium,slow,virtual/incremental/K=3/medium/slow/partial/balanced/noisy,0.0,-0.017608095063742057
scn-21190a1f76f6,654018440,NoDrift,0.9406517325167261,0.02184013199985202,0,3.0,0.0,0.0,3.0,0.0,0.0,,0.0,0.0,1.0,,,inf,12391.0,,,0.0,12391.0,hyperplane_gauss,31043,8,0.47561408109031617,0.04315189551562071,3,virtual,incremental,3884,0.14067549064755439,0.34273042604327203,False,medium,slow,virtual/incremental/K=3/medium/slow/partial/balanced/noisy,0.0,-0.017608095063742057
scn-21190a1f76f6,654018440,Periodic(2000),0.8916552940784875,0.024468358999911288,15,3.0,15.0,3.0,0.0,9.0,3.0,0.2,1.0,0.33333333333333337,0.0,1921.0,1921.0,1376.7777777777778,1376.7777777777778,0.7166984788015501,0.7166984788015501,0.7263336292470342,12391.0,hyperplane_gauss,31043,8,0.47561408109031617,0.04315189551562071,3,virtual,incremental,3884,0.14067549064755439,0.34273042604327203,False,medium,slow,virtual/incremental/K=3/medium/slow/partial/balanced/noisy,-0.04899643843823853,0.031388343374496475
scn-21190a1f76f6,654018440,Oracle,0.923043637452984,0.024642262999805098,3,3.0,3.0,3.0,0.0,0.0,0.0,1.0,1.0,1.0,0.0,1943.0,1943.0,inf,12391.0,inf,6.377251672671127,0.0,12391.0,hyperplane_gauss,31043,8,0.47561408109031617,0.04315189551562071,3,virtual,incremental,3884,0.14067549064755439,0.34273042604327203,False,medium,slow,virtual/incremental/K=3/medium/slow/partial/balanced/noisy,-0.017608095063742057,-0.0
scn-21190a1f76f6,654018441,ADWIN,0.9413174449955064,0.03099952200000189,0,3.0,0.0,0.0,3.0,0.0,0.0,,0.0,0.0,1.0,,,inf,12391.0,,,0.0,12391.0,hyperplane_gauss,31043,8,0.47561408109031617,0.04315189551562071,3,virtual,incremental,3884,0.14067549064755439,0.34273042604327203,False,medium,slow,virtual/incremental/K=3/medium/slow/partial/balanced/noisy,0.0,-0.013913390806510662
scn-21190a1f76f6,654018441,KSWIN,0.9413174449955064,6.545194974000424,0,3.0,0.0,0.0,3.0,0.0,0.0,,0.0,0.0,1.0,,,inf,12391.0,,,0.0,12391.0,hyperplane_gauss,31043,8,0.47561408109031617,0.04315189551562071,3,virtual,incremental,3884,0.14067549064755439,0.34273042604327203,False,medium,slow,virtual/incremental/K=3/medium/slow/partial/balanced/noisy,0.0,-0.013913390806510662
scn-21190a1f76f6,654018441,PageHinkley,0.9413174449955064,0.038161478000347415,0,3.0,0.0,0.0,3.0,0.0,0.0,,0.0,0.0,1.0,,,inf,12391.0,,,0.0,12391.0,hyperplane_gauss,31043,8,0.47561408109031617,0.04315189551562071,3,virtual,incremental,3884,0.14067549064755439,0.34273042604327203,False,medium,slow,virtual/incremental/K=3/medium/slow/partial/balanced/noisy,0.0,-0.013913390806510662
scn-21190a1f76f6,654018441,PageHinkley-up,0.9413174449955064,0.03639324400000987,0,3.0,0.0,0.0,3.0,0.0,0.0,,0.0,0.0,1.0,,,inf,12391.0,,,0.0,12391.0,hyperplane_gauss,31043,8,0.47561408109031617,0.04315189551562071,3,virtual,incremental,3884,0.14067549064755439,0.34273042604327203,False,medium,slow,virtual/incremental/K=3/medium/slow/partial/balanced/noisy,0.0,-0.013913390806510662
scn-21190a1f76f6,654018441,DDM,0.9384548813367507,0.03933138100001088,1,3.0,1.0,0.0,3.0,1.0,0.0,0.0,0.0,0.0,1.0,,,12391.0,12391.0,,,0.0807037365830038,12391.0,hyperplane_gauss,31043,8,0.47561408109031617,0.04315189551562071,3,virtual,incremental,3884,0.14067549064755439,0.34273042604327203,False,medium,slow,virtual/incremental/K=3/medium/slow/partial/balanced/noisy,-0.0028625636587557013,-0.01105082714775496
scn-21190a1f76f6,654018441,EDDM,0.937256598874946,0.029511894000279426,1,3.0,1.0,0.0,3.0,1.0,0.0,0.0,0.0,0.0,1.0,,,12391.0,12391.0,,,0.0807037365830038,12391.0,hyperplane_gauss,31043,8,0.47561408109031617,0.04315189551562071,3,virtual,incremental,3884,0.14067549064755439,0.34273042604327203,False,medium,slow,virtual/incremental/K=3/medium/slow/partial/balanced/noisy,-0.004060846120560457,-0.009852544685950204
scn-21190a1f76f6,654018441,HDDM_A,0.9413174449955064,0.12940398599994296,0,3.0,0.0,0.0,3.0,0.0,0.0,,0.0,0.0,1.0,,,inf,12391.0,,,0.0,12391.0,hyperplane_gauss,31043,8,0.47561408109031617,0.04315189551562071,3,virtual,incremental,3884,0.14067549064755439,0.34273042604327203,False,medium,slow,virtual/incremental/K=3/medium/slow/partial/balanced/noisy,0.0,-0.013913390806510662
scn-21190a1f76f6,654018441,HDDM_W,0.9413174449955064,0.10399581299998317,0,3.0,0.0,0.0,3.0,0.0,0.0,,0.0,0.0,1.0,,,inf,12391.0,,,0.0,12391.0,hyperplane_gauss,31043,8,0.47561408109031617,0.04315189551562071,3,virtual,incremental,3884,0.14067549064755439,0.34273042604327203,False,medium,slow,virtual/incremental/K=3/medium/slow/partial/balanced/noisy,0.0,-0.013913390806510662
scn-21190a1f76f6,654018441,FHDDM,0.9413174449955064,0.031311129000187066,0,3.0,0.0,0.0,3.0,0.0,0.0,,0.0,0.0,1.0,,,inf,12391.0,,,0.0,12391.0,hyperplane_gauss,31043,8,0.47561408109031617,0.04315189551562071,3,virtual,incremental,3884,0.14067549064755439,0.34273042604327203,False,medium,slow,virtual/incremental/K=3/medium/slow/partial/balanced/noisy,0.0,-0.013913390806510662
scn-21190a1f76f6,654018441,NoDrift,0.9413174449955064,0.020926064000377664,0,3.0,0.0,0.0,3.0,0.0,0.0,,0.0,0.0,1.0,,,inf,12391.0,,,0.0,12391.0,hyperplane_gauss,31043,8,0.47561408109031617,0.04315189551562071,3,virtual,incremental,3884,0.14067549064755439,0.34273042604327203,False,medium,slow,virtual/incremental/K=3/medium/slow/partial/balanced/noisy,0.0,-0.013913390806510662
scn-21190a1f76f6,654018441,Periodic(2000),0.8971474220284259,0.02421258799995485,15,3.0,15.0,3.0,0.0,9.0,3.0,0.2,1.0,0.33333333333333337,0.0,1921.0,1921.0,1376.7777777777778,1376.7777777777778,0.7166984788015501,0.7166984788015501,0.7263336292470342,12391.0,hyperplane_gauss,31043,8,0.47561408109031617,0.04315189551562071,3,virtual,incremental,3884,0.14067549064755439,0.34273042604327203,False,medium,slow,virtual/incremental/K=3/medium/slow/partial/balanced/noisy,-0.0441700229670805,0.03025663216056984
scn-21190a1f76f6,654018441,Oracle,0.9274040541889957,0.02339566399996329,3,3.0,3.0,3.0,0.0,0.0,0.0,1.0,1.0,1.0,0.0,1943.0,1943.0,inf,12391.0,inf,6.377251672671127,0.0,12391.0,hyperplane_gauss,31043,8,0.47561408109031617,0.04315189551562071,3,virtual,incremental,3884,0.14067549064755439,0.34273042604327203,False,medium,slow,virtual/incremental/K=3/medium/slow/partial/balanced/noisy,-0.013913390806510662,-0.0
scn-3b57abc58338,1045477939,ADWIN,0.8736534358785261,0.14923107100003108,11,2.0,11.0,2.0,0.0,8.0,1.0,0.18181818181818182,1.0,0.3076923076923077,0.0,81.0,81.0,4245.875,4245.875,52.41820987654321,52.41820987654321,0.23552271322165633,33967.0,hyperplane_gauss,38967,32,0.30176368043757973,0.01835399279370904,2,real,sudden,0,0.372134355455637,0.739760472625494,False,high,abrupt,real/sudden/K=2/high/abrupt/partial/imbalanced/noisy,0.09197460952932812,0.01756788790265229
scn-3b57abc58338,1045477939,KSWIN,0.8634340348197118,8.203500437000002,2,2.0,2.0,1.0,1.0,1.0,0.0,0.5,0.5,0.5,0.5,35.0,35.0,33967.0,33967.0,485.24285714285713,485.24285714285713,0.02944033915270704,33967.0,hyperplane_gauss,38967,32,0.30176368043757973,0.01835399279370904,2,real,sudden,0,0.372134355455637,0.739760472625494,False,high,abrupt,real/sudden/K=2/high/abrupt/partial/imbalanced/noisy,0.08175520847051387,0.02778728896146654
scn-3b57abc58338,1045477939,PageHinkley,0.844891616403719,0.1769236830000409,30,2.0,30.0,2.0,0.0,24.0,4.0,0.06666666666666667,1.0,0.125,0.0,359.5,359.5,1415.2916666666667,1415.2916666666667,3.936833565136764,3.936833565136764,0.7065681396649689,33967.0,hyperplane_gauss,38967,32,0.30176368043757973,0.01835399279370904,2,real,sudden,0,0.372134355455637,0.739760472625494,False,high,abrupt,real/sudden/K=2/high/abrupt/partial/imbalanced/noisy,0.06321279005452107,0.04632970737745934
scn-3b57abc58338,1045477939,PageHinkley-up,0.888929860141702,0.1114393170000767,2,2.0,2.0,2.0,0.0,0.0,0.0,1.0,1.0,1.0,0.0,154.0,154.0,inf,33967.0,inf,220.56493506493507,0.0,33967.0,hyperplane_gauss,38967,32,0.30176368043757973,0.01835399279370904,2,real,sudden,0,0.372134355455637,0.739760472625494,False,high,abrupt,real/sudden/K=2/high/abrupt/partial/imbalanced/noisy,0.10725103379250411,0.002291463639476299
scn-3b57abc58338,1045477939,DDM,0.8865857191771802,0.11486976599962873,3,2.0,3.0,2.0,0.0,1.0,0.0,0.6666666666666666,1.0,0.8,0.0,292.0,292.0,33967.0,33967.0,116.32534246575342,116.32534246575342,0.02944033915270704,33967.0,hyperplane_gauss,38967,32,0.30176368043757973,0.01835399279370904,2,real,sudden,0,0.372134355455637,0.739760472625494,False,high,abrupt,real/sudden/K=2/high/abrupt/partial/imbalanced/noisy,0.10490689282798227,0.004635604603998145
scn-3b57abc58338,1045477939,EDDM,0.8742855637790713,0.13370085700034906,9,2.0,9.0,2.0,0.0,4.0,3.0,0.2222222222222222,1.0,0.3636363636363636,0.0,1199.5,1199.5,8491.75,8491.75,7.079408086702792,7.079408086702792,0.11776135661082816,33967.0,hyperplane_gauss,38967,32,0.30176368043757973,0.01835399279370904,2,real,sudden,0,0.372134355455637,0.739760472625494,False,high,abrupt,real/sudden/K=2/high/abrupt/partial/imbalanced/noisy,0.09260673742987335,0.01693576000210706
scn-3b57abc58338,1045477939,HDDM_A,0.8876129270155662,0.23733934300025794,3,2.0,3.0,2.0,0.0,1.0,0.0,0.6666666666666666,1.0,0.8,0.0,91.5,91.5,33967.0,33967.0,371.224043715847,371.224043715847,0.02944033915270704,33967.0,hyperplane_gauss,38967,32,0.30176368043757973,0.01835399279370904,2,real,sudden,0,0.372134355455637,0.739760472625494,False,high,abrupt,real/sudden/K=2/high/abrupt/partial/imbalanced/noisy,0.10593410066636821,0.0036083967656121985
scn-3b57abc58338,1045477939,HDDM_W,0.8896146653672926,0.19280680900010339,2,2.0,2.0,2.0,0.0,0.0,0.0,1.0,1.0,1.0,0.0,71.0,71.0,inf,33967.0,inf,478.40845070422534,0.0,33967.0,hyperplane_gauss,38967,32,0.30176368043757973,0.01835399279370904,2,real,sudden,0,0.372134355455637,0.739760472625494,False,high,abrupt,real/sudden/K=2/high/abrupt/partial/imbalanced/noisy,0.10793583901809467,0.001606658413885742
scn-3b57abc58338,1045477939,FHDDM,0.8898517133299971,0.10487944800024707,2,2.0,2.0,2.0,0.0,0.0,0.0,1.0,1.0,1.0,0.0,85.5,85.5,inf,33967.0,inf,397.27485380116957,0.0,33967.0,hyperplane_gauss,38967,32,0.30176368043757973,0.01835399279370904,2,real,sudden,0,0.372134355455637,0.739760472625494,False,high,abrupt,real/sudden/K=2/high/abrupt/partial/imbalanced/noisy,0.10817288698079919,0.0013696104511812246
scn-3b57abc58338,1045477939,NoDrift,0.7816788263491979,0.08823078300019915,0,2.0,0.0,0.0,2.0,0.0,0.0,,0.0,0.0,1.0,,,inf,33967.0,,,0.0,33967.0,hyperplane_gauss,38967,32,0.30176368043757973,0.01835399279370904,2,real,sudden,0,0.372134355455637,0.739760472625494,False,high,abrupt,real/sudden/K=2/high/abrupt/partial/imbalanced/noisy,0.0,0.10954249743198041
scn-3b57abc58338,1045477939,Periodic(2000),0.8556641293755103,0.09418834600000991,18,2.0,18.0,2.0,0.0,16.0,0.0,0.1111111111111111,1.0,0.19999999999999998,0.0,1017.0,1017.0,2122.9375,2122.9375,2.0874508357915436,2.0874508357915436,0.47104542644331265,33967.0,hyperplane_gauss,38967,32,0.30176368043757973,0.01835399279370904,2,real,sudden,0,0.372134355455637,0.739760472625494,False,high,abrupt,real/sudden/K=2/high/abrupt/partial/imbalanced/noisy,0.07398530302631234,0.03555719440566807
scn-3b57abc58338,1045477939,Oracle,0.8912213237811784,0.09429726799999116,2,2.0,2.0,2.0,0.0,0.0,0.0,1.0,1.0,1.0,0.0,1.0,1.0,inf,33967.0,inf,33967.0,0.0,33967.0,hyperplane_gauss,38967,32,0.30176368043757973,0.01835399279370904,2,real,sudden,0,0.372134355455637,0.739760472625494,False,high,abrupt,real/sudden/K=2/high/abrupt/partial/imbalanced/noisy,0.10954249743198041,-0.0
scn-3b57abc58338,1045477940,ADWIN,0.8776569125819791,0.11317431799989208,7,2.0,7.0,2.0,0.0,5.0,0.0,0.2857142857142857,1.0,0.4444444444444445,0.0,145.0,145.0,6793.4,6793.4,46.85103448275862,46.85103448275862,0.1472016957635352,33967.0,hyperplane_gauss,38967,32,0.30176368043757973,0.01835399279370904,2,real,sudden,0,0.372134355455637,0.739760472625494,False,high,abrupt,real/sudden/K=2/high/abrupt/partial/imbalanced/noisy,0.09653119814575817,0.011009560934495788
scn-3b57abc58338,1045477940,KSWIN,0.8858482366265441,8.224304309999752,2,2.0,2.0,2.0,0.0,0.0,0.0,1.0,1.0,1.0,0.0,285.5,285.5,inf,33967.0,inf,118.97373029772329,0.0,33967.0,hyperplane_gauss,38967,32,0.30176368043757973,0.01835399279370904,2,real,sudden,0,0.372134355455637,0.739760472625494,False,high,abrupt,real/sudden/K=2/high/abrupt/partial/imbalanced/noisy,0.10472252219032319,0.0028182368899307697
scn-3b57abc58338,1045477940,PageHinkley,0.8399662865119709,0.1708618759998899,28,2.0,28.0,2.0,0.0,26.0,0.0,0.07142857142857142,1.0,0.13333333333333333,0.0,970.5,970.5,1306.423076923077,1306.423076923077,1.3461340308326397,1.3461340308326397,0.765448817970383,33967.0,hyperplane_gauss,38967,32,0.30176368043757973,0.01835399279370904,2,real,sudden,0,0.372134355455637,0.739760472625494,False,high,abrupt,real/sudden/K=2/high/abrupt/partial/imbalanced/noisy,0.05884057207575,0.04870018700450396
scn-3b57abc58338,1045477940,PageHinkley-up,0.8823715331735454,0.11483863200010092,3,2.0,3.0,2.0,0.0,1.0,0.0,0.6666666666666666,1.0,0.8,0.0,246.0,246.0,33967.0,33967.0,138.0772357723577,138.0772357723577,0.02944033915270704,33967.0,hyperplane_gauss,38967,32,0.30176368043757973,0.01835399279370904,2,real,sudden,0,0.372134355455637,0.739760472625494,False,high,abrupt,real/sudden/K=2/high/abrupt/partial/imbalanced/noisy,0.10124581873732452,0.006294940342929434
scn-3b57abc58338,1045477940,DDM,0.8857165433139306,0.11427091499990638,2,2.0,2.0,2.0,0.0,0.0,0.0,1.0,1.0,1.0,0.0,392.0,392.0,inf,33967.0,inf,86.65051020408163,0.0,33967.0,hyperplane_gauss,38967,32,0.30176368043757973,0.01835399279370904,2,real,sudden,0,0.372134355455637,0.739760472625494,False,high,abrupt,real/sudden/K=2/high/abrupt/partial/imbalanced/noisy,0.10459082887770965,0.002949930202544304
scn-3b57abc58338,1045477940,EDDM,0.8740221771538441,0.1228253079998467,6,2.0,6.0,2.0,0.0,1.0,3.0,0.3333333333333333,1.0,0.5,0.0,1317.0,1317.0,33967.0,33967.0,25.791192103264997,25.791192103264997,0.02944033915270704,33967.0,hyperplane_gauss,38967,32,0.30176368043757973,0.01835399279370904,2,real,sudden,0,0.372134355455637,0.739760472625494,False,high,abrupt,real/sudden/K=2/high/abrupt/partial/imbalanced/noisy,0.0928964627176232,0.01464429636263076
scn-3b57abc58338,1045477940,HDDM_A,0.8883240709036795,0.22676662100002432,2,2.0,2.0,2.0,0.0,0.0,0.0,1.0,1.0,1.0,0.0,114.0,114.0,inf,33967.0,inf,297.9561403508772,0.0,33967.0,hyperplane_gauss,38967,32,0.30176368043757973,0.01835399279370904,2,real,sudden,0,0.372134355455637,0.739760472625494,False,high,abrupt,real/sudden/K=2/high/abrupt/partial/imbalanced/noisy,0.10719835646745857,0.0003424026127953894
scn-3b57abc58338,1045477940,HDDM_W,0.8880080069534069,0.19560008100006598,2,2.0,2.0,2.0,0.0,0.0,0.0,1.0,1.0,1.0,0.0,108.5,108.5,inf,33967.0,inf,313.0599078341014,0.0,33967.0,hyperplane_gauss,38967,32,0.30176368043757973,0.01835399279370904,2,real,sudden,0,0.372134355455637,0.739760472625494,False,high,abrupt,real/sudden/K=2/high/abrupt/partial/imbalanced/noisy,0.10688229251718595,0.0006584665630680053
scn-3b57abc58338,1045477940,FHDDM,0.8884030868912477,0.11126436999984435,2,2.0,2.0,2.0,0.0,0.0,0.0,1.0,1.0,1.0,0.0,106.0,106.0,inf,33967.0,inf,320.4433962264151,0.0,33967.0,hyperplane_gauss,38967,32,0.30176368043757973,0.01835399279370904,2,real,sudden,0,0.372134355455637,0.739760472625494,False,high,abrupt,real/sudden/K=2/high/abrupt/partial/imbalanced/noisy,0.10727737245502678,0.0002633866252271799
scn-3b57abc58338,1045477940,NoDrift,0.7811257144362209,0.09263305900003616,0,2.0,0.0,0.0,2.0,0.0,0.0,,0.0,0.0,1.0,,,inf,33967.0,,,0.0,33967.0,hyperplane_gauss,38967,32,0.30176368043757973,0.01835399279370904,2,real,sudden,0,0.372134355455637,0.739760472625494,False,high,abrupt,real/sudden/K=2/high/abrupt/partial/imbalanced/noisy,0.0,0.10754075908025396
scn-3b57abc58338,1045477940,Periodic(2000),0.8510548634340348,0.10145730400017783,18,2.0,18.0,2.0,0.0,16.0,0.0,0.1111111111111111,1.0,0.19999999999999998,0.0,1017.0,1017.0,2122.9375,2122.9375,2.0874508357915436,2.0874508357915436,0.47104542644331265,33967.0,hyperplane_gauss,38967,32,0.30176368043757973,0.01835399279370904,2,real,sudden,0,0.372134355455637,0.739760472625494,False,high,abrupt,real/sudden/K=2/high/abrupt/partial/imbalanced/noisy,0.06992914899781388,0.03761161008244007
scn-3b57abc58338,1045477940,Oracle,0.8886664735164749,0.10076867299994774,2,2.0,2.0,2.0,0.0,0.0,0.0,1.0,1.0,1.0,0.0,1.0,1.0,inf,33967.0,inf,33967.0,0.0,33967.0,hyperplane_gauss,38967,32,0.30176368043757973,0.01835399279370904,2,real,sudden,0,0.372134355455637,0.739760472625494,False,high,abrupt,real/sudden/K=2/high/abrupt/partial/imbalanced/noisy,0.10754075908025396,-0.0
scn-3b57abc58338,1045477941,ADWIN,0.8770247846814339,0.12249187800034633,10,2.0,10.0,2.0,0.0,7.0,1.0,0.2,1.0,0.33333333333333337,0.0,65.0,65.0,4852.428571428572,4852.428571428572,74.65274725274726,74.65274725274726,0.20608237406894928,33967.0,hyperplane_gauss,38967,32,0.30176368043757973,0.01835399279370904,2,real,sudden,0,0.372134355455637,0.739760472625494,False,high,abrupt,real/sudden/K=2/high/abrupt/partial/imbalanced/noisy,0.09389733189348648,0.014617957700107986
scn-3b57abc58338,1045477941,KSWIN,0.8366476150341086,8.368374784000025,1,2.0,1.0,1.0,1.0,0.0,0.0,1.0,0.5,0.6666666666666666,0.5,37.0,37.0,inf,33967.0,inf,459.0135135135135,0.0,33967.0,hyperplane_gauss,38967,32,0.30176368043757973,0.01835399279370904,2,real,sudden,0,0.372134355455637,0.739760472625494,False,high,abrupt,real/sudden/K=2/high/abrupt/partial/imbalanced/noisy,0.053520162246161185,0.05499512734743328
scn-3b57abc58338,1045477941,PageHinkley,0.8538731003239656,0.16089005600042583,22,2.0,22.0,2.0,0.0,19.0,1.0,0.09090909090909091,1.0,0.16666666666666669,0.0,214.0,214.0,1787.7368421052631,1787.7368421052631,8.353910477127398,8.353910477127398,0.5593664439014338,33967.0,hyperplane_gauss,38967,32,0.30176368043757973,0.01835399279370904,2,real,sudden,0,0.372134355455637,0.739760472625494,False,high,abrupt,real/sudden/K=2/high/abrupt/partial/imbalanced/noisy,0.0707456475360182,0.03776964205757627
scn-3b57abc58338,1045477941,PageHinkley-up,0.8901677772802697,0.12203486700036592,2,2.0,2.0,2.0,0.0,0.0,0.0,1.0,1.0,1.0,0.0,95.0,95.0,inf,33967.0,inf,357.5473684210526,0.0,33967.0,hyperplane_gauss,38967,32,0.30176368043757973,0.01835399279370904,2,real,sudden,0,0.372134355455637,0.739760472625494,False,high,abrupt,real/sudden/K=2/high/abrupt/partial/imbalanced/noisy,0.10704032449232237,0.0014749651012720966
scn-3b57abc58338,1045477941,DDM,0.8763399794558432,0.11478927400003158,2,2.0,2.0,1.0,1.0,1.0,0.0,0.5,0.5,0.5,0.5,284.0,284.0,33967.0,33967.0,59.80105633802817,59.80105633802817,0.02944033915270704,33967.0,hyperplane_gauss,38967,32,0.30176368043757973,0.01835399279370904,2,real,sudden,0,0.372134355455637,0.739760472625494,False,high,abrupt,real/sudden/K=2/high/abrupt/partial/imbalanced/noisy,0.09321252666789581,0.015302762925698654
scn-3b57abc58338,1045477941,EDDM,0.868543735349119,0.11833787700015819,5,2.0,5.0,2.0,0.0,1.0,2.0,0.4,1.0,0.5714285714285715,0.0,1201.0,1201.0,33967.0,33967.0,28.28226477935054,28.28226477935054,0.02944033915270704,33967.0,hyperplane_gauss,38967,32,0.30176368043757973,0.01835399279370904,2,real,sudden,0,0.372134355455637,0.739760472625494,False,high,abrupt,real/sudden/K=2/high/abrupt/partial/imbalanced/noisy,0.08541628256117162,0.023099007032422847
scn-3b57abc58338,1045477941,HDDM_A,0.8900360839676561,0.23268715199992585,2,2.0,2.0,2.0,0.0,0.0,0.0,1.0,1.0,1.0,0.0,120.0,120.0,inf,33967.0,inf,283.05833333333334,0.0,33967.0,hyperplane_gauss,38967,32,0.30176368043757973,0.01835399279370904,2,real,sudden,0,0.372134355455637,0.739760472625494,False,high,abrupt,real/sudden/K=2/high/abrupt/partial/imbalanced/noisy,0.10690863117970872,0.001606658413885742
scn-3b57abc58338,1045477941,HDDM_W,0.8921168383069508,0.19608220700001766,2,2.0,2.0,2.0,0.0,0.0,0.0,1.0,1.0,1.0,0.0,37.5,37.5,inf,33967.0,inf,905.7866666666666,0.0,33967.0,hyperplane_gauss,38967,32,0.30176368043757973,0.01835399279370904,2,real,sudden,0,0.372134355455637,0.739760472625494,False,high,abrupt,real/sudden/K=2/high/abrupt/partial/imbalanced/noisy,0.10898938551900339,-0.00047409592540892387
scn-3b57abc58338,1045477941,FHDDM,0.8913003397687466,0.11058965699976397,2,2.0,2.0,2.0,0.0,0.0,0.0,1.0,1.0,1.0,0.0,50.5,50.5,inf,33967.0,inf,672.6138613861386,0.0,33967.0,hyperplane_gauss,38967,32,0.30176368043757973,0.01835399279370904,2,real,sudden,0,0.372134355455637,0.739760472625494,False,high,abrupt,real/sudden/K=2/high/abrupt/partial/imbalanced/noisy,0.10817288698079919,0.0003424026127952784
scn-3b57abc58338,1045477941,NoDrift,0.7831274527879474,0.09581797200007713,0,2.0,0.0,0.0,2.0,0.0,0.0,,0.0,0.0,1.0,,,inf,33967.0,,,0.0,33967.0,hyperplane_gauss,38967,32,0.30176368043757973,0.01835399279370904,2,real,sudden,0,0.372134355455637,0.739760472625494,False,high,abrupt,real/sudden/K=2/high/abrupt/partial/imbalanced/noisy,0.0,0.10851528959359447
scn-3b57abc58338,1045477941,Periodic(2000),0.8552163721126241,0.10081169800014322,18,2.0,18.0,2.0,0.0,16.0,0.0,0.1111111111111111,1.0,0.19999999999999998,0.0,1017.0,1017.0,2122.9375,2122.9375,2.0874508357915436,2.0874508357915436,0.47104542644331265,33967.0,hyperplane_gauss,38967,32,0.30176368043757973,0.01835399279370904,2,real,sudden,0,0.372134355455637,0.739760472625494,False,high,abrupt,real/sudden/K=2/high/abrupt/partial/imbalanced/noisy,0.07208891932467676,0.03642637026891771
scn-3b57abc58338,1045477941,Oracle,0.8916427423815418,0.10335207499974786,2,2.0,2.0,2.0,0.0,0.0,0.0,1.0,1.0,1.0,0.0,1.0,1.0,inf,33967.0,inf,33967.0,0.0,33967.0,hyperplane_gauss,38967,32,0.30176368043757973,0.01835399279370904,2,real,sudden,0,0.372134355455637,0.739760472625494,False,high,abrupt,real/sudden/K=2/high/abrupt/partial/imbalanced/noisy,0.10851528959359447,-0.0
scn-20a675a2ed87,967499997,ADWIN,0.6993813412521653,0.018185338999956002,0,4.0,0.0,0.0,4.0,0.0,0.0,,0.0,0.0,1.0,,,inf,5357.0,,,0.0,5357.0,hyperplane_gauss,21205,5,0.11157098929397763,0.26872102953493593,4,prior,incremental,1712,0.05562847033143044,1.0,True,low,slow,prior/incremental/K=4/recurring/low/slow/n/a/imbalanced/noisy,0.0,-0.004602821083890207
scn-20a675a2ed87,967499997,KSWIN,0.695916852264291,4.262594976999935,1,4.0,1.0,1.0,3.0,0.0,0.0,1.0,0.25,0.4,0.75,857.0,857.0,inf,5357.0,inf,1.5627187864644108,0.0,5357.0,hyperplane_gauss,21205,5,0.11157098929397763,0.26872102953493593,4,prior,incremental,1712,0.05562847033143044,1.0,True,low,slow,prior/incremental/K=4/recurring/low/slow/n/a/imbalanced/noisy,-0.0034644889878743257,-0.0011383320960158816
scn-20a675a2ed87,967499997,PageHinkley,0.6951744617668894,0.023236261999954877,3,4.0,3.0,1.0,3.0,2.0,0.0,0.3333333333333333,0.25,0.28571428571428575,0.75,2138.0,2138.0,2678.5,2678.5,0.3132015902712816,0.3132015902712816,0.3733432891543774,5357.0,hyperplane_gauss,21205,5,0.11157098929397763,0.26872102953493593,4,prior,incremental,1712,0.05562847033143044,1.0,True,low,slow,prior/incremental/K=4/recurring/low/slow/n/a/imbalanced/noisy,-0.004206879485275983,-0.0003959415986142245
scn-20a675a2ed87,967499997,PageHinkley-up,0.698341994555803,0.022297506000086287,1,4.0,1.0,0.0,4.0,1.0,0.0,0.0,0.0,0.0,1.0,,,5357.0,5357.0,,,0.1866716445771887,5357.0,hyperplane_gauss,21205,5,0.11157098929397763,0.26872102953493593,4,prior,incremental,1712,0.05562847033143044,1.0,True,low,slow,prior/incremental/K=4/recurring/low/slow/n/a/imbalanced/noisy,-0.0010393466963622977,-0.0035634743875279096
scn-20a675a2ed87,967499997,DDM,0.6993813412521653,0.02186611599972821,0,4.0,0.0,0.0,4.0,0.0,0.0,,0.0,0.0,1.0,,,inf,5357.0,,,0.0,5357.0,hyperplane_gauss,21205,5,0.11157098929397763,0.26872102953493593,4,prior,incremental,1712,0.05562847033143044,1.0,True,low,slow,prior/incremental/K=4/recurring/low/slow/n/a/imbalanced/noisy,0.0,-0.004602821083890207
scn-20a675a2ed87,967499997,EDDM,0.7000247463499134,0.020702344000255835,1,4.0,1.0,0.0,4.0,1.0,0.0,0.0,0.0,0.0,1.0,,,5357.0,5357.0,,,0.1866716445771887,5357.0,hyperplane_gauss,21205,5,0.11157098929397763,0.26872102953493593,4,prior,incremental,1712,0.05562847033143044,1.0,True,low,slow,prior/incremental/K=4/recurring/low/slow/n/a/imbalanced/noisy,0.0006434050977480732,-0.0052462261816382805
scn-20a675a2ed87,967499997,HDDM_A,0.6993813412521653,0.060621493000326154,0,4.0,0.0,0.0,4.0,0.0,0.0,,0.0,0.0,1.0,,,inf,5357.0,,,0.0,5357.0,hyperplane_gauss,21205,5,0.11157098929397763,0.26872102953493593,4,prior,incremental,1712,0.05562847033143044,1.0,True,low,slow,prior/incremental/K=4/recurring/low/slow/n/a/imbalanced/noisy,0.0,-0.004602821083890207
scn-20a675a2ed87,967499997,HDDM_W,0.6940856223707004,0.06958653000037884,3,4.0,3.0,2.0,2.0,0.0,1.0,0.6666666666666666,0.5,0.5714285714285715,0.5,806.5,806.5,inf,5357.0,inf,3.3211407315561066,0.0,5357.0,hyperplane_gauss,21205,5,0.11157098929397763,0.26872102953493593,4,prior,incremental,1712,0.05562847033143044,1.0,True,low,slow,prior/incremental/K=4/recurring/low/slow/n/a/imbalanced/noisy,-0.005295718881464961,0.0006928977975747541
scn-20a675a2ed87,967499997,FHDDM,0.6980945310566692,0.01971731899993756,1,4.0,1.0,1.0,3.0,0.0,0.0,1.0,0.25,0.4,0.75,1184.0,1184.0,inf,5357.0,inf,1.1311233108108107,0.0,5357.0,hyperplane_gauss,21205,5,0.11157098929397763,0.26872102953493593,4,prior,incremental,1712,0.05562847033143044,1.0,True,low,slow,prior/incremental/K=4/recurring/low/slow/n/a/imbalanced/noisy,-0.0012868101954961464,-0.003316010888394061
scn-20a675a2ed87,967499997,NoDrift,0.6993813412521653,0.012011062000055972,0,4.0,0.0,0.0,4.0,0.0,0.0,,0.0,0.0,1.0,,,inf,5357.0,,,0.0,5357.0,hyperplane_gauss,21205,5,0.11157098929397763,0.26872102953493593,4,prior,incremental,1712,0.05562847033143044,1.0,True,low,slow,prior/incremental/K=4/recurring/low/slow/n/a/imbalanced/noisy,0.0,-0.004602821083890207
scn-20a675a2ed87,967499997,Periodic(2000),0.6857213560999752,0.013424988000224403,10,4.0,10.0,4.0,0.0,2.0,4.0,0.4,1.0,0.5714285714285715,0.0,754.0,754.0,2678.5,2678.5,3.552387267904509,3.552387267904509,0.3733432891543774,5357.0,hyperplane_gauss,21205,5,0.11157098929397763,0.26872102953493593,4,prior,incremental,1712,0.05562847033143044,1.0,True,low,slow,prior/incremental/K=4/recurring/low/slow/n/a/imbalanced/noisy,-0.013659985152190135,0.009057164068299928
scn-20a675a2ed87,967499997,Oracle,0.6947785201682751,0.015198570000393374,4,4.0,4.0,4.0,0.0,0.0,0.0,1.0,1.0,1.0,0.0,857.0,857.0,inf,5357.0,inf,6.250875145857643,0.0,5357.0,hyperplane_gauss,21205,5,0.11157098929397763,0.26872102953493593,4,prior,incremental,1712,0.05562847033143044,1.0,True,low,slow,prior/incremental/K=4/recurring/low/slow/n/a/imbalanced/noisy,-0.004602821083890207,-0.0
scn-20a675a2ed87,967499998,ADWIN,0.699678297451126,0.016724925999824336,0,4.0,0.0,0.0,4.0,0.0,0.0,,0.0,0.0,1.0,,,inf,5357.0,,,0.0,5357.0,hyperplane_gauss,21205,5,0.11157098929397763,0.26872102953493593,4,prior,incremental,1712,0.05562847033143044,1.0,True,low,slow,prior/incremental/K=4/recurring/low/slow/n/a/imbalanced/noisy,0.0,-0.009156149467953512
scn-20a675a2ed87,967499998,KSWIN,0.6977480821578818,4.3206219630001215,1,4.0,1.0,1.0,3.0,0.0,0.0,1.0,0.25,0.4,0.75,806.0,806.0,inf,5357.0,inf,1.6616004962779156,0.0,5357.0,hyperplane_gauss,21205,5,0.11157098929397763,0.26872102953493593,4,prior,incremental,1712,0.05562847033143044,1.0,True,low,slow,prior/incremental/K=4/recurring/low/slow/n/a/imbalanced/noisy,-0.0019302152932442196,-0.007225934174709292
scn-20a675a2ed87,967499998,PageHinkley,0.6920069289779758,0.024019756999678066,3,4.0,3.0,2.0,2.0,0.0,1.0,0.6666666666666666,0.5,0.5714285714285715,0.5,1628.0,1628.0,inf,5357.0,inf,1.6452702702702702,0.0,5357.0,hyperplane_gauss,21205,5,0.11157098929397763,0.26872102953493593,4,prior,incremental,1712,0.05562847033143044,1.0,True,low,slow,prior/incremental/K=4/recurring/low/slow/n/a/imbalanced/noisy,-0.007671368473150197,-0.0014847809948033142
scn-20a675a2ed87,967499998,PageHinkley-up,0.6981935164563227,0.022344456000155333,1,4.0,1.0,1.0,3.0,0.0,0.0,1.0,0.25,0.4,0.75,1419.0,1419.0,inf,5357.0,inf,0.9437984496124031,0.0,5357.0,hyperplane_gauss,21205,5,0.11157098929397763,0.26872102953493593,4,prior,incremental,1712,0.05562847033143044,1.0,True,low,slow,prior/incremental/K=4/recurring/low/slow/n/a/imbalanced/noisy,-0.0014847809948033142,-0.007671368473150197
scn-20a675a2ed87,967499998,DDM,0.699678297451126,0.02164040899970132,0,4.0,0.0,0.0,4.0,0.0,0.0,,0.0,0.0,1.0,,,inf,5357.0,,,0.0,5357.0,hyperplane_gauss,21205,5,0.11157098929397763,0.26872102953493593,4,prior,incremental,1712,0.05562847033143044,1.0,True,low,slow,prior/incremental/K=4/recurring/low/slow/n/a/imbalanced/noisy,0.0,-0.009156149467953512
scn-20a675a2ed87,967499998,EDDM,0.6980945310566692,0.020264301999759482,1,4.0,1.0,0.0,4.0,1.0,0.0,0.0,0.0,0.0,1.0,,,5357.0,5357.0,,,0.1866716445771887,5357.0,hyperplane_gauss,21205,5,0.11157098929397763,0.26872102953493593,4,prior,incremental,1712,0.05562847033143044,1.0,True,low,slow,prior/incremental/K=4/recurring/low/slow/n/a/imbalanced/noisy,-0.001583766394456787,-0.007572383073496725
scn-20a675a2ed87,967499998,HDDM_A,0.6973026478594407,0.06518881600004534,1,4.0,1.0,0.0,4.0,1.0,0.0,0.0,0.0,0.0,1.0,,,5357.0,5357.0,,,0.1866716445771887,5357.0,hyperplane_gauss,21205,5,0.11157098929397763,0.26872102953493593,4,prior,incremental,1712,0.05562847033143044,1.0,True,low,slow,prior/incremental/K=4/recurring/low/slow/n/a/imbalanced/noisy,-0.002375649591685236,-0.0067804998762682755
scn-20a675a2ed87,967499998,HDDM_W,0.6912150457807473,0.07736074900003587,7,4.0,7.0,4.0,0.0,1.0,2.0,0.5714285714285714,1.0,0.7272727272727273,0.0,1608.5,1741.0,5357.0,5357.0,3.3304320795772457,3.3304320795772457,0.1866716445771887,5357.0,hyperplane_gauss,21205,5,0.11157098929397763,0.26872102953493593,4,prior,incremental,1712,0.05562847033143044,1.0,True,low,slow,prior/incremental/K=4/recurring/low/slow/n/a/imbalanced/noisy,-0.008463251670378646,-0.0006928977975748651
scn-20a675a2ed87,967499998,FHDDM,0.7017074981440238,0.018836583999927825,1,4.0,1.0,1.0,3.0,0.0,0.0,1.0,0.25,0.4,0.75,1905.0,1905.0,inf,5357.0,inf,0.703018372703412,0.0,5357.0,hyperplane_gauss,21205,5,0.11157098929397763,0.26872102953493593,4,prior,incremental,1712,0.05562847033143044,1.0,True,low,slow,prior/incremental/K=4/recurring/low/slow/n/a/imbalanced/noisy,0.0020292006928978035,-0.011185350160851315
scn-20a675a2ed87,967499998,NoDrift,0.699678297451126,0.01229572400006873,0,4.0,0.0,0.0,4.0,0.0,0.0,,0.0,0.0,1.0,,,inf,5357.0,,,0.0,5357.0,hyperplane_gauss,21205,5,0.11157098929397763,0.26872102953493593,4,prior,incremental,1712,0.05562847033143044,1.0,True,low,slow,prior/incremental/K=4/recurring/low/slow/n/a/imbalanced/noisy,0.0,-0.009156149467953512
scn-20a675a2ed87,967499998,Periodic(2000),0.6852264291017075,0.013113830999827769,10,4.0,10.0,4.0,0.0,2.0,4.0,0.4,1.0,0.5714285714285715,0.0,754.0,754.0,2678.5,2678.5,3.552387267904509,3.552387267904509,0.3733432891543774,5357.0,hyperplane_gauss,21205,5,0.11157098929397763,0.26872102953493593,4,prior,incremental,1712,0.05562847033143044,1.0,True,low,slow,prior/incremental/K=4/recurring/low/slow/n/a/imbalanced/noisy,-0.014451868349418473,0.005295718881464961
scn-20a675a2ed87,967499998,Oracle,0.6905221479831725,0.015201089999663964,4,4.0,4.0,4.0,0.0,0.0,0.0,1.0,1.0,1.0,0.0,857.0,857.0,inf,5357.0,inf,6.250875145857643,0.0,5357.0,hyperplane_gauss,21205,5,0.11157098929397763,0.26872102953493593,4,prior,incremental,1712,0.05562847033143044,1.0,True,low,slow,prior/incremental/K=4/recurring/low/slow/n/a/imbalanced/noisy,-0.009156149467953512,-0.0
scn-20a675a2ed87,967499999,ADWIN,0.700321702548874,0.017072240999823407,0,4.0,0.0,0.0,4.0,0.0,0.0,,0.0,0.0,1.0,,,inf,5357.0,,,0.0,5357.0,hyperplane_gauss,21205,5,0.11157098929397763,0.26872102953493593,4,prior,incremental,1712,0.05562847033143044,1.0,True,low,slow,prior/incremental/K=4/recurring/low/slow/n/a/imbalanced/noisy,0.0,-0.004058401385795607
scn-20a675a2ed87,967499999,KSWIN,0.6922048997772828,4.342250249000244,3,4.0,3.0,2.0,2.0,0.0,1.0,0.6666666666666666,0.5,0.5714285714285715,0.5,1829.0,1829.0,inf,5357.0,inf,1.4644614543466374,0.0,5357.0,hyperplane_gauss,21205,5,0.11157098929397763,0.26872102953493593,4,prior,incremental,1712,0.05562847033143044,1.0,True,low,slow,prior/incremental/K=4/recurring/low/slow/n/a/imbalanced/noisy,-0.008116802771591214,0.004058401385795607
scn-20a675a2ed87,967499999,PageHinkley,0.6911160603810937,0.026732441000149265,7,4.0,7.0,4.0,0.0,1.0,2.0,0.5714285714285714,1.0,0.7272727272727273,0.0,1733.5,1244.5,5357.0,5357.0,3.0902797807903086,3.0902797807903086,0.1866716445771887,5357.0,hyperplane_gauss,21205,5,0.11157098929397763,0.26872102953493593,4,prior,incremental,1712,0.05562847033143044,1.0,True,low,slow,prior/incremental/K=4/recurring/low/slow/n/a/imbalanced/noisy,-0.009205642167780304,0.005147240781984697
scn-20a675a2ed87,967499999,PageHinkley-up,0.7002227171492205,0.02304336199995305,1,4.0,1.0,1.0,3.0,0.0,0.0,1.0,0.25,0.4,0.75,3624.0,3624.0,inf,5357.0,inf,0.3695502207505519,0.0,5357.0,hyperplane_gauss,21205,5,0.11157098929397763,0.26872102953493593,4,prior,incremental,1712,0.05562847033143044,1.0,True,low,slow,prior/incremental/K=4/recurring/low/slow/n/a/imbalanced/noisy,-9.898539965358388e-05,-0.003959415986142023
scn-20a675a2ed87,967499999,DDM,0.700321702548874,0.021724078000261215,0,4.0,0.0,0.0,4.0,0.0,0.0,,0.0,0.0,1.0,,,inf,5357.0,,,0.0,5357.0,hyperplane_gauss,21205,5,0.11157098929397763,0.26872102953493593,4,prior,incremental,1712,0.05562847033143044,1.0,True,low,slow,prior/incremental/K=4/recurring/low/slow/n/a/imbalanced/noisy,0.0,-0.004058401385795607
scn-20a675a2ed87,967499999,EDDM,0.699678297451126,0.01997672400011652,1,4.0,1.0,0.0,4.0,1.0,0.0,0.0,0.0,0.0,1.0,,,5357.0,5357.0,,,0.1866716445771887,5357.0,hyperplane_gauss,21205,5,0.11157098929397763,0.26872102953493593,4,prior,incremental,1712,0.05562847033143044,1.0,True,low,slow,prior/incremental/K=4/recurring/low/slow/n/a/imbalanced/noisy,-0.0006434050977480732,-0.0034149962880475337
scn-20a675a2ed87,967499999,HDDM_A,0.700321702548874,0.05866580000019894,0,4.0,0.0,0.0,4.0,0.0,0.0,,0.0,0.0,1.0,,,inf,5357.0,,,0.0,5357.0,hyperplane_gauss,21205,5,0.11157098929397763,0.26872102953493593,4,prior,incremental,1712,0.05562847033143044,1.0,True,low,slow,prior/incremental/K=4/recurring/low/slow/n/a/imbalanced/noisy,0.0,-0.004058401385795607
scn-20a675a2ed87,967499999,HDDM_W,0.6920069289779758,0.07785440200041194,9,4.0,9.0,4.0,0.0,0.0,5.0,0.4444444444444444,1.0,0.6153846153846153,0.0,1412.75,1150.0,inf,5357.0,inf,3.79189523978057,0.0,5357.0,hyperplane_gauss,21205,5,0.11157098929397763,0.26872102953493593,4,prior,incremental,1712,0.05562847033143044,1.0,True,low,slow,prior/incremental/K=4/recurring/low/slow/n/a/imbalanced/noisy,-0.00831477357089827,0.004256372185102664
scn-20a675a2ed87,967499999,FHDDM,0.6957683741648107,0.02184490200033906,4,4.0,4.0,3.0,1.0,1.0,0.0,0.75,0.75,0.75,0.25,1986.6666666666667,1667.0,5357.0,5357.0,2.0223573825503354,2.0223573825503354,0.1866716445771887,5357.0,hyperplane_gauss,21205,5,0.11157098929397763,0.26872102953493593,4,prior,incremental,1712,0.05562847033143044,1.0,True,low,slow,prior/incremental/K=4/recurring/low/slow/n/a/imbalanced/noisy,-0.004553328384063304,0.0004949269982676974
scn-20a675a2ed87,967499999,NoDrift,0.700321702548874,0.012191985999834287,0,4.0,0.0,0.0,4.0,0.0,0.0,,0.0,0.0,1.0,,,inf,5357.0,,,0.0,5357.0,hyperplane_gauss,21205,5,0.11157098929397763,0.26872102953493593,4,prior,incremental,1712,0.05562847033143044,1.0,True,low,slow,prior/incremental/K=4/recurring/low/slow/n/a/imbalanced/noisy,0.0,-0.004058401385795607
scn-20a675a2ed87,967499999,Periodic(2000),0.6891363523880227,0.01317561099995146,10,4.0,10.0,4.0,0.0,2.0,4.0,0.4,1.0,0.5714285714285715,0.0,754.0,754.0,2678.5,2678.5,3.552387267904509,3.552387267904509,0.3733432891543774,5357.0,hyperplane_gauss,21205,5,0.11157098929397763,0.26872102953493593,4,prior,incremental,1712,0.05562847033143044,1.0,True,low,slow,prior/incremental/K=4/recurring/low/slow/n/a/imbalanced/noisy,-0.011185350160851315,0.007126948775055708
scn-20a675a2ed87,967499999,Oracle,0.6962633011630784,0.01541256299969973,4,4.0,4.0,4.0,0.0,0.0,0.0,1.0,1.0,1.0,0.0,857.0,857.0,inf,5357.0,inf,6.250875145857643,0.0,5357.0,hyperplane_gauss,21205,5,0.11157098929397763,0.26872102953493593,4,prior,incremental,1712,0.05562847033143044,1.0,True,low,slow,prior/incremental/K=4/recurring/low/slow/n/a/imbalanced/noisy,-0.004058401385795607,-0.0
scn-4767db317f63,311620718,ADWIN,0.8763963963963964,0.01999535899994953,0,3.0,0.0,0.0,3.0,0.0,0.0,,0.0,0.0,1.0,,,inf,5100.0,,,0.0,5100.0,hyperplane_gauss,12100,12,0.42620570310391487,0.09007519148290156,3,prior,sudden,0,0.2231693063676357,1.0,True,medium,abrupt,prior/sudden/K=3/recurring/medium/abrupt/n/a/balanced/noisy,0.0,-0.03846846846846852
scn-4767db317f63,311620718,KSWIN,0.8763963963963964,2.530720029999884,0,3.0,0.0,0.0,3.0,0.0,0.0,,0.0,0.0,1.0,,,inf,5100.0,,,0.0,5100.0,hyperplane_gauss,12100,12,0.42620570310391487,0.09007519148290156,3,prior,sudden,0,0.2231693063676357,1.0,True,medium,abrupt,prior/sudden/K=3/recurring/medium/abrupt/n/a/balanced/noisy,0.0,-0.03846846846846852
scn-4767db317f63,311620718,PageHinkley,0.8763963963963964,0.017706630999782647,0,3.0,0.0,0.0,3.0,0.0,0.0,,0.0,0.0,1.0,,,inf,5100.0,,,0.0,5100.0,hyperplane_gauss,12100,12,0.42620570310391487,0.09007519148290156,3,prior,sudden,0,0.2231693063676357,1.0,True,medium,abrupt,prior/sudden/K=3/recurring/medium/abrupt/n/a/balanced/noisy,0.0,-0.03846846846846852
scn-4767db317f63,311620718,PageHinkley-up,0.8763963963963964,0.016163650000180496,0,3.0,0.0,0.0,3.0,0.0,0.0,,0.0,0.0,1.0,,,inf,5100.0,,,0.0,5100.0,hyperplane_gauss,12100,12,0.42620570310391487,0.09007519148290156,3,prior,sudden,0,0.2231693063676357,1.0,True,medium,abrupt,prior/sudden/K=3/recurring/medium/abrupt/n/a/balanced/noisy,0.0,-0.03846846846846852
scn-4767db317f63,311620718,DDM,0.8763963963963964,0.015929421999771876,0,3.0,0.0,0.0,3.0,0.0,0.0,,0.0,0.0,1.0,,,inf,5100.0,,,0.0,5100.0,hyperplane_gauss,12100,12,0.42620570310391487,0.09007519148290156,3,prior,sudden,0,0.2231693063676357,1.0,True,medium,abrupt,prior/sudden/K=3/recurring/medium/abrupt/n/a/balanced/noisy,0.0,-0.03846846846846852
scn-4767db317f63,311620718,EDDM,0.8576576576576577,0.01696278600002188,2,3.0,2.0,0.0,3.0,2.0,0.0,0.0,0.0,0.0,1.0,,,2550.0,2550.0,,,0.39215686274509803,5100.0,hyperplane_gauss,12100,12,0.42620570310391487,0.09007519148290156,3,prior,sudden,0,0.2231693063676357,1.0,True,medium,abrupt,prior/sudden/K=3/recurring/medium/abrupt/n/a/balanced/noisy,-0.01873873873873877,-0.01972972972972975
scn-4767db317f63,311620718,HDDM_A,0.8763963963963964,0.04770956300035323,0,3.0,0.0,0.0,3.0,0.0,0.0,,0.0,0.0,1.0,,,inf,5100.0,,,0.0,5100.0,hyperplane_gauss,12100,12,0.42620570310391487,0.09007519148290156,3,prior,sudden,0,0.2231693063676357,1.0,True,medium,abrupt,prior/sudden/K=3/recurring/medium/abrupt/n/a/balanced/noisy,0.0,-0.03846846846846852
scn-4767db317f63,311620718,HDDM_W,0.8763963963963964,0.03988263800010827,0,3.0,0.0,0.0,3.0,0.0,0.0,,0.0,0.0,1.0,,,inf,5100.0,,,0.0,5100.0,hyperplane_gauss,12100,12,0.42620570310391487,0.09007519148290156,3,prior,sudden,0,0.2231693063676357,1.0,True,medium,abrupt,prior/sudden/K=3/recurring/medium/abrupt/n/a/balanced/noisy,0.0,-0.03846846846846852
scn-4767db317f63,311620718,FHDDM,0.8763963963963964,0.01487038000004759,0,3.0,0.0,0.0,3.0,0.0,0.0,,0.0,0.0,1.0,,,inf,5100.0,,,0.0,5100.0,hyperplane_gauss,12100,12,0.42620570310391487,0.09007519148290156,3,prior,sudden,0,0.2231693063676357,1.0,True,medium,abrupt,prior/sudden/K=3/recurring/medium/abrupt/n/a/balanced/noisy,0.0,-0.03846846846846852
scn-4767db317f63,311620718,NoDrift,0.8763963963963964,0.01098513599981743,0,3.0,0.0,0.0,3.0,0.0,0.0,,0.0,0.0,1.0,,,inf,5100.0,,,0.0,5100.0,hyperplane_gauss,12100,12,0.42620570310391487,0.09007519148290156,3,prior,sudden,0,0.2231693063676357,1.0,True,medium,abrupt,prior/sudden/K=3/recurring/medium/abrupt/n/a/balanced/noisy,0.0,-0.03846846846846852
scn-4767db317f63,311620718,Periodic(2000),0.8355855855855856,0.012345249000190961,5,3.0,5.0,3.0,0.0,2.0,0.0,0.6,1.0,0.7499999999999999,0.0,1450.0,1450.0,2550.0,2550.0,1.7586206896551724,1.7586206896551724,0.39215686274509803,5100.0,hyperplane_gauss,12100,12,0.42620570310391487,0.09007519148290156,3,prior,sudden,0,0.2231693063676357,1.0,True,medium,abrupt,prior/sudden/K=3/recurring/medium/abrupt/n/a/balanced/noisy,-0.04081081081081084,0.0023423423423423184
scn-4767db317f63,311620718,Oracle,0.8379279279279279,0.01378951100014092,3,3.0,3.0,3.0,0.0,0.0,0.0,1.0,1.0,1.0,0.0,1.0,1.0,inf,5100.0,inf,5100.0,0.0,5100.0,hyperplane_gauss,12100,12,0.42620570310391487,0.09007519148290156,3,prior,sudden,0,0.2231693063676357,1.0,True,medium,abrupt,prior/sudden/K=3/recurring/medium/abrupt/n/a/balanced/noisy,-0.03846846846846852,-0.0
scn-4767db317f63,311620719,ADWIN,0.8741441441441441,0.013610918000267702,0,3.0,0.0,0.0,3.0,0.0,0.0,,0.0,0.0,1.0,,,inf,5100.0,,,0.0,5100.0,hyperplane_gauss,12100,12,0.42620570310391487,0.09007519148290156,3,prior,sudden,0,0.2231693063676357,1.0,True,medium,abrupt,prior/sudden/K=3/recurring/medium/abrupt/n/a/balanced/noisy,0.0,-0.04144144144144135
scn-4767db317f63,311620719,KSWIN,0.8741441441441441,2.4190053250003984,0,3.0,0.0,0.0,3.0,0.0,0.0,,0.0,0.0,1.0,,,inf,5100.0,,,0.0,5100.0,hyperplane_gauss,12100,12,0.42620570310391487,0.09007519148290156,3,prior,sudden,0,0.2231693063676357,1.0,True,medium,abrupt,prior/sudden/K=3/recurring/medium/abrupt/n/a/balanced/noisy,0.0,-0.04144144144144135
scn-4767db317f63,311620719,PageHinkley,0.8496396396396396,0.019076127000062115,3,3.0,3.0,2.0,1.0,1.0,0.0,0.6666666666666666,0.6666666666666666,0.6666666666666666,0.33333333333333337,1331.0,1331.0,5100.0,5100.0,2.554470323065364,2.554470323065364,0.19607843137254902,5100.0,hyperplane_gauss,12100,12,0.42620570310391487,0.09007519148290156,3,prior,sudden,0,0.2231693063676357,1.0,True,medium,abrupt,prior/sudden/K=3/recurring/medium/abrupt/n/a/balanced/noisy,-0.024504504504504476,-0.016936936936936875
scn-4767db317f63,311620719,PageHinkley-up,0.8622522522522522,0.01676273900011438,1,3.0,1.0,1.0,2.0,0.0,0.0,1.0,0.3333333333333333,0.5,0.6666666666666667,1871.0,1871.0,inf,5100.0,inf,0.9086050240513093,0.0,5100.0,hyperplane_gauss,12100,12,0.42620570310391487,0.09007519148290156,3,prior,sudden,0,0.2231693063676357,1.0,True,medium,abrupt,prior/sudden/K=3/recurring/medium/abrupt/n/a/balanced/noisy,-0.011891891891891881,-0.02954954954954947
scn-4767db317f63,311620719,DDM,0.8741441441441441,0.01553134100004172,0,3.0,0.0,0.0,3.0,0.0,0.0,,0.0,0.0,1.0,,,inf,5100.0,,,0.0,5100.0,hyperplane_gauss,12100,12,0.42620570310391487,0.09007519148290156,3,prior,sudden,0,0.2231693063676357,1.0,True,medium,abrupt,prior/sudden/K=3/recurring/medium/abrupt/n/a/balanced/noisy,0.0,-0.04144144144144135
scn-4767db317f63,311620719,EDDM,0.8741441441441441,0.013328374999673542,0,3.0,0.0,0.0,3.0,0.0,0.0,,0.0,0.0,1.0,,,inf,5100.0,,,0.0,5100.0,hyperplane_gauss,12100,12,0.42620570310391487,0.09007519148290156,3,prior,sudden,0,0.2231693063676357,1.0,True,medium,abrupt,prior/sudden/K=3/recurring/medium/abrupt/n/a/balanced/noisy,0.0,-0.04144144144144135
scn-4767db317f63,311620719,HDDM_A,0.8741441441441441,0.0444340710000688,0,3.0,0.0,0.0,3.0,0.0,0.0,,0.0,0.0,1.0,,,inf,5100.0,,,0.0,5100.0,hyperplane_gauss,12100,12,0.42620570310391487,0.09007519148290156,3,prior,sudden,0,0.2231693063676357,1.0,True,medium,abrupt,prior/sudden/K=3/recurring/medium/abrupt/n/a/balanced/noisy,0.0,-0.04144144144144135
scn-4767db317f63,311620719,HDDM_W,0.8741441441441441,0.03878782699985095,0,3.0,0.0,0.0,3.0,0.0,0.0,,0.0,0.0,1.0,,,inf,5100.0,,,0.0,5100.0,hyperplane_gauss,12100,12,0.42620570310391487,0.09007519148290156,3,prior,sudden,0,0.2231693063676357,1.0,True,medium,abrupt,prior/sudden/K=3/recurring/medium/abrupt/n/a/balanced/noisy,0.0,-0.04144144144144135
scn-4767db317f63,311620719,FHDDM,0.8741441441441441,0.013964234000013676,0,3.0,0.0,0.0,3.0,0.0,0.0,,0.0,0.0,1.0,,,inf,5100.0,,,0.0,5100.0,hyperplane_gauss,12100,12,0.42620570310391487,0.09007519148290156,3,prior,sudden,0,0.2231693063676357,1.0,True,medium,abrupt,prior/sudden/K=3/recurring/medium/abrupt/n/a/balanced/noisy,0.0,-0.04144144144144135
scn-4767db317f63,311620719,NoDrift,0.8741441441441441,0.010363091999806784,0,3.0,0.0,0.0,3.0,0.0,0.0,,0.0,0.0,1.0,,,inf,5100.0,,,0.0,5100.0,hyperplane_gauss,12100,12,0.42620570310391487,0.09007519148290156,3,prior,sudden,0,0.2231693063676357,1.0,True,medium,abrupt,prior/sudden/K=3/recurring/medium/abrupt/n/a/balanced/noisy,0.0,-0.04144144144144135
scn-4767db317f63,311620719,Periodic(2000),0.8302702702702702,0.012058905999765557,5,3.0,5.0,3.0,0.0,2.0,0.0,0.6,1.0,0.7499999999999999,0.0,1450.0,1450.0,2550.0,2550.0,1.7586206896551724,1.7586206896551724,0.39215686274509803,5100.0,hyperplane_gauss,12100,12,0.42620570310391487,0.09007519148290156,3,prior,sudden,0,0.2231693063676357,1.0,True,medium,abrupt,prior/sudden/K=3/recurring/medium/abrupt/n/a/balanced/noisy,-0.04387387387387387,0.0024324324324325186
scn-4767db317f63,311620719,Oracle,0.8327027027027027,0.012276719000055891,3,3.0,3.0,3.0,0.0,0.0,0.0,1.0,1.0,1.0,0.0,1.0,1.0,inf,5100.0,inf,5100.0,0.0,5100.0,hyperplane_gauss,12100,12,0.42620570310391487,0.09007519148290156,3,prior,sudden,0,0.2231693063676357,1.0,True,medium,abrupt,prior/sudden/K=3/recurring/medium/abrupt/n/a/balanced/noisy,-0.04144144144144135,-0.0
scn-4767db317f63,311620720,ADWIN,0.8662162162162163,0.013528579999729118,0,3.0,0.0,0.0,3.0,0.0,0.0,,0.0,0.0,1.0,,,inf,5100.0,,,0.0,5100.0,hyperplane_gauss,12100,12,0.42620570310391487,0.09007519148290156,3,prior,sudden,0,0.2231693063676357,1.0,True,medium,abrupt,prior/sudden/K=3/recurring/medium/abrupt/n/a/balanced/noisy,0.0,-0.03090090090090092
scn-4767db317f63,311620720,KSWIN,0.8662162162162163,2.44552697600011,0,3.0,0.0,0.0,3.0,0.0,0.0,,0.0,0.0,1.0,,,inf,5100.0,,,0.0,5100.0,hyperplane_gauss,12100,12,0.42620570310391487,0.09007519148290156,3,prior,sudden,0,0.2231693063676357,1.0,True,medium,abrupt,prior/sudden/K=3/recurring/medium/abrupt/n/a/balanced/noisy,0.0,-0.03090090090090092
scn-4767db317f63,311620720,PageHinkley,0.8662162162162163,0.016491377999955148,0,3.0,0.0,0.0,3.0,0.0,0.0,,0.0,0.0,1.0,,,inf,5100.0,,,0.0,5100.0,hyperplane_gauss,12100,12,0.42620570310391487,0.09007519148290156,3,prior,sudden,0,0.2231693063676357,1.0,True,medium,abrupt,prior/sudden/K=3/recurring/medium/abrupt/n/a/balanced/noisy,0.0,-0.03090090090090092
scn-4767db317f63,311620720,PageHinkley-up,0.8662162162162163,0.015860197999700176,0,3.0,0.0,0.0,3.0,0.0,0.0,,0.0,0.0,1.0,,,inf,5100.0,,,0.0,5100.0,hyperplane_gauss,12100,12,0.42620570310391487,0.09007519148290156,3,prior,sudden,0,0.2231693063676357,1.0,True,medium,abrupt,prior/sudden/K=3/recurring/medium/abrupt/n/a/balanced/noisy,0.0,-0.03090090090090092
scn-4767db317f63,311620720,DDM,0.8662162162162163,0.01558848400009083,0,3.0,0.0,0.0,3.0,0.0,0.0,,0.0,0.0,1.0,,,inf,5100.0,,,0.0,5100.0,hyperplane_gauss,12100,12,0.42620570310391487,0.09007519148290156,3,prior,sudden,0,0.2231693063676357,1.0,True,medium,abrupt,prior/sudden/K=3/recurring/medium/abrupt/n/a/balanced/noisy,0.0,-0.03090090090090092
scn-4767db317f63,311620720,EDDM,0.8527027027027027,0.014741632999630383,1,3.0,1.0,0.0,3.0,1.0,0.0,0.0,0.0,0.0,1.0,,,5100.0,5100.0,,,0.19607843137254902,5100.0,hyperplane_gauss,12100,12,0.42620570310391487,0.09007519148290156,3,prior,sudden,0,0.2231693063676357,1.0,True,medium,abrupt,prior/sudden/K=3/recurring/medium/abrupt/n/a/balanced/noisy,-0.013513513513513598,-0.01738738738738732
scn-4767db317f63,311620720,HDDM_A,0.8662162162162163,0.04574047699998118,0,3.0,0.0,0.0,3.0,0.0,0.0,,0.0,0.0,1.0,,,inf,5100.0,,,0.0,5100.0,hyperplane_gauss,12100,12,0.42620570310391487,0.09007519148290156,3,prior,sudden,0,0.2231693063676357,1.0,True,medium,abrupt,prior/sudden/K=3/recurring/medium/abrupt/n/a/balanced/noisy,0.0,-0.03090090090090092
scn-4767db317f63,311620720,HDDM_W,0.8662162162162163,0.04387993000000279,0,3.0,0.0,0.0,3.0,0.0,0.0,,0.0,0.0,1.0,,,inf,5100.0,,,0.0,5100.0,hyperplane_gauss,12100,12,0.42620570310391487,0.09007519148290156,3,prior,sudden,0,0.2231693063676357,1.0,True,medium,abrupt,prior/sudden/K=3/recurring/medium/abrupt/n/a/balanced/noisy,0.0,-0.03090090090090092
scn-4767db317f63,311620720,FHDDM,0.8662162162162163,0.014417587000025378,0,3.0,0.0,0.0,3.0,0.0,0.0,,0.0,0.0,1.0,,,inf,5100.0,,,0.0,5100.0,hyperplane_gauss,12100,12,0.42620570310391487,0.09007519148290156,3,prior,sudden,0,0.2231693063676357,1.0,True,medium,abrupt,prior/sudden/K=3/recurring/medium/abrupt/n/a/balanced/noisy,0.0,-0.03090090090090092
scn-4767db317f63,311620720,NoDrift,0.8662162162162163,0.010971801999858144,0,3.0,0.0,0.0,3.0,0.0,0.0,,0.0,0.0,1.0,,,inf,5100.0,,,0.0,5100.0,hyperplane_gauss,12100,12,0.42620570310391487,0.09007519148290156,3,prior,sudden,0,0.2231693063676357,1.0,True,medium,abrupt,prior/sudden/K=3/recurring/medium/abrupt/n/a/balanced/noisy,0.0,-0.03090090090090092
scn-4767db317f63,311620720,Periodic(2000),0.8293693693693693,0.012296710000100575,5,3.0,5.0,3.0,0.0,2.0,0.0,0.6,1.0,0.7499999999999999,0.0,1450.0,1450.0,2550.0,2550.0,1.7586206896551724,1.7586206896551724,0.39215686274509803,5100.0,hyperplane_gauss,12100,12,0.42620570310391487,0.09007519148290156,3,prior,sudden,0,0.2231693063676357,1.0,True,medium,abrupt,prior/sudden/K=3/recurring/medium/abrupt/n/a/balanced/noisy,-0.036846846846846915,0.005945945945945996
scn-4767db317f63,311620720,Oracle,0.8353153153153153,0.015105237000170746,3,3.0,3.0,3.0,0.0,0.0,0.0,1.0,1.0,1.0,0.0,1.0,1.0,inf,5100.0,inf,5100.0,0.0,5100.0,hyperplane_gauss,12100,12,0.42620570310391487,0.09007519148290156,3,prior,sudden,0,0.2231693063676357,1.0,True,medium,abrupt,prior/sudden/K=3/recurring/medium/abrupt/n/a/balanced/noisy,-0.03090090090090092,-0.0
scn-d70bdecbd22d,1958876184,ADWIN,0.7684038326711848,0.03105788199991366,0,1.0,0.0,0.0,1.0,0.0,0.0,,0.0,0.0,1.0,,,inf,44696.0,,,0.0,44696.0,hyperplane_gauss,48069,2,0.26486338856630026,0.19480256969109178,1,virtual,incremental,373,0.38859163627028465,1.0,False,high,fast,virtual/incremental/K=1/high/fast/global/imbalanced/noisy,0.0,0.003463001126006504
scn-d70bdecbd22d,1958876184,KSWIN,0.7662368012917207,10.183939011000348,1,1.0,1.0,0.0,1.0,1.0,0.0,0.0,0.0,0.0,1.0,,,44696.0,44696.0,,,0.02237336674422767,44696.0,hyperplane_gauss,48069,2,0.26486338856630026,0.19480256969109178,1,virtual,incremental,373,0.38859163627028465,1.0,False,high,fast,virtual/incremental/K=1/high/fast/global/imbalanced/noisy,-0.0021670313794641682,0.005630032505470672
scn-d70bdecbd22d,1958876184,PageHinkley,0.7664067645371688,0.04407206900032179,4,1.0,4.0,0.0,1.0,4.0,0.0,0.0,0.0,0.0,1.0,,,11174.0,11174.0,,,0.08949346697691068,44696.0,hyperplane_gauss,48069,2,0.26486338856630026,0.19480256969109178,1,virtual,incremental,373,0.38859163627028465,1.0,False,high,fast,virtual/incremental/K=1/high/fast/global/imbalanced/noisy,-0.0019970681340160112,0.005460069260022515
scn-d70bdecbd22d,1958876184,PageHinkley-up,0.7691686672757017,0.04323577400009526,3,1.0,3.0,0.0,1.0,3.0,0.0,0.0,0.0,0.0,1.0,,,14898.666666666666,14898.666666666666,,,0.06712010023268301,44696.0,hyperplane_gauss,48069,2,0.26486338856630026,0.19480256969109178,1,virtual,incremental,373,0.38859163627028465,1.0,False,high,fast,virtual/incremental/K=1/high/fast/global/imbalanced/noisy,0.0007648346045168175,0.0026981665214896866
scn-d70bdecbd22d,1958876184,DDM,0.7644521872145149,0.041197171000021626,1,1.0,1.0,0.0,1.0,1.0,0.0,0.0,0.0,0.0,1.0,,,44696.0,44696.0,,,0.02237336674422767,44696.0,hyperplane_gauss,48069,2,0.26486338856630026,0.19480256969109178,1,virtual,incremental,373,0.38859163627028465,1.0,False,high,fast,virtual/incremental/K=1/high/fast/global/imbalanced/noisy,-0.003951645456669928,0.007414646582676432
scn-d70bdecbd22d,1958876184,EDDM,0.7636873526099981,0.03909602299972903,8,1.0,8.0,0.0,1.0,8.0,0.0,0.0,0.0,0.0,1.0,,,5587.0,5587.0,,,0.17898693395382137,44696.0,hyperplane_gauss,48069,2,0.26486338856630026,0.19480256969109178,1,virtual,incremental,373,0.38859163627028465,1.0,False,high,fast,virtual/incremental/K=1/high/fast/global/imbalanced/noisy,-0.004716480061186745,0.00817948118719325
scn-d70bdecbd22d,1958876184,HDDM_A,0.7684038326711848,0.11545710199970927,0,1.0,0.0,0.0,1.0,0.0,0.0,,0.0,0.0,1.0,,,inf,44696.0,,,0.0,44696.0,hyperplane_gauss,48069,2,0.26486338856630026,0.19480256969109178,1,virtual,incremental,373,0.38859163627028465,1.0,False,high,fast,virtual/incremental/K=1/high/fast/global/imbalanced/noisy,0.0,0.003463001126006504
scn-d70bdecbd22d,1958876184,HDDM_W,0.7686375321336761,0.14582128199981526,7,1.0,7.0,0.0,1.0,7.0,0.0,0.0,0.0,0.0,1.0,,,6385.142857142857,6385.142857142857,,,0.1566135672095937,44696.0,hyperplane_gauss,48069,2,0.26486338856630026,0.19480256969109178,1,virtual,incremental,373,0.38859163627028465,1.0,False,high,fast,virtual/incremental/K=1/high/fast/global/imbalanced/noisy,0.00023369946249129914,0.003229301663515205
scn-d70bdecbd22d,1958876184,FHDDM,0.7703796553995198,0.03524657500020112,2,1.0,2.0,0.0,1.0,2.0,0.0,0.0,0.0,0.0,1.0,,,22348.0,22348.0,,,0.04474673348845534,44696.0,hyperplane_gauss,48069,2,0.26486338856630026,0.19480256969109178,1,virtual,incremental,373,0.38859163627028465,1.0,False,high,fast,virtual/incremental/K=1/high/fast/global/imbalanced/noisy,0.001975822728334964,0.0014871783976715403
scn-d70bdecbd22d,1958876184,NoDrift,0.7684038326711848,0.01936008899974695,0,1.0,0.0,0.0,1.0,0.0,0.0,,0.0,0.0,1.0,,,inf,44696.0,,,0.0,44696.0,hyperplane_gauss,48069,2,0.26486338856630026,0.19480256969109178,1,virtual,incremental,373,0.38859163627028465,1.0,False,high,fast,virtual/incremental/K=1/high/fast/global/imbalanced/noisy,0.0,0.003463001126006504
scn-d70bdecbd22d,1958876184,Periodic(2000),0.7654932120928849,0.021540066999932606,23,1.0,23.0,1.0,0.0,22.0,0.0,0.043478260869565216,1.0,0.08333333333333333,0.0,1652.0,1652.0,2031.6363636363637,2031.6363636363637,1.2298040942108739,1.2298040942108739,0.4922140683730088,44696.0,hyperplane_gauss,48069,2,0.26486338856630026,0.19480256969109178,1,virtual,incremental,373,0.38859163627028465,1.0,False,high,fast,virtual/incremental/K=1/high/fast/global/imbalanced/noisy,-0.0029106205782999384,0.0063736217043064425
scn-d70bdecbd22d,1958876184,Oracle,0.7718668337971913,0.021186102000228857,1,1.0,1.0,1.0,0.0,0.0,0.0,1.0,1.0,1.0,0.0,187.0,187.0,inf,44696.0,inf,239.01604278074868,0.0,44696.0,hyperplane_gauss,48069,2,0.26486338856630026,0.19480256969109178,1,virtual,incremental,373,0.38859163627028465,1.0,False,high,fast,virtual/incremental/K=1/high/fast/global/imbalanced/noisy,0.003463001126006504,-0.0
scn-d70bdecbd22d,1958876185,ADWIN,0.7690836856529776,0.031012353999813058,0,1.0,0.0,0.0,1.0,0.0,0.0,,0.0,0.0,1.0,,,inf,44696.0,,,0.0,44696.0,hyperplane_gauss,48069,2,0.26486338856630026,0.19480256969109178,1,virtual,incremental,373,0.38859163627028465,1.0,False,high,fast,virtual/incremental/K=1/high/fast/global/imbalanced/noisy,0.0,0.0027619027385327177
scn-d70bdecbd22d,1958876185,KSWIN,0.7676177526609871,10.015622214999894,1,1.0,1.0,0.0,1.0,1.0,0.0,0.0,0.0,0.0,1.0,,,44696.0,44696.0,,,0.02237336674422767,44696.0,hyperplane_gauss,48069,2,0.26486338856630026,0.19480256969109178,1,virtual,incremental,373,0.38859163627028465,1.0,False,high,fast,virtual/incremental/K=1/high/fast/global/imbalanced/noisy,-0.0014659329919904929,0.004227835730523211
scn-d70bdecbd22d,1958876185,PageHinkley,0.7708682997301833,0.042870421999850805,3,1.0,3.0,0.0,1.0,3.0,0.0,0.0,0.0,0.0,1.0,,,14898.666666666666,14898.666666666666,,,0.06712010023268301,44696.0,hyperplane_gauss,48069,2,0.26486338856630026,0.19480256969109178,1,virtual,incremental,373,0.38859163627028465,1.0,False,high,fast,virtual/incremental/K=1/high/fast/global/imbalanced/noisy,0.0017846140772057595,0.0009772886613269582
scn-d70bdecbd22d,1958876185,PageHinkley-up,0.7714206802778899,0.041560333000234095,2,1.0,2.0,0.0,1.0,2.0,0.0,0.0,0.0,0.0,1.0,,,22348.0,22348.0,,,0.04474673348845534,44696.0,hyperplane_gauss,48069,2,0.26486338856630026,0.19480256969109178,1,virtual,incremental,373,0.38859163627028465,1.0,False,high,fast,virtual/incremental/K=1/high/fast/global/imbalanced/noisy,0.0023369946249123252,0.0004249081136203925
scn-d70bdecbd22d,1958876185,DDM,0.7690836856529776,0.04066708299978927,0,1.0,0.0,0.0,1.0,0.0,0.0,,0.0,0.0,1.0,,,inf,44696.0,,,0.0,44696.0,hyperplane_gauss,48069,2,0.26486338856630026,0.19480256969109178,1,virtual,incremental,373,0.38859163627028465,1.0,False,high,fast,virtual/incremental/K=1/high/fast/global/imbalanced/noisy,0.0,0.0027619027385327177
scn-d70bdecbd22d,1958876185,EDDM,0.7696148207950031,0.03530386300008104,1,1.0,1.0,0.0,1.0,1.0,0.0,0.0,0.0,0.0,1.0,,,44696.0,44696.0,,,0.02237336674422767,44696.0,hyperplane_gauss,48069,2,0.26486338856630026,0.19480256969109178,1,virtual,incremental,373,0.38859163627028465,1.0,False,high,fast,virtual/incremental/K=1/high/fast/global/imbalanced/noisy,0.0005311351420255184,0.0022307675965071994
scn-d70bdecbd22d,1958876185,HDDM_A,0.7676177526609871,0.12907705499992517,1,1.0,1.0,0.0,1.0,1.0,0.0,0.0,0.0,0.0,1.0,,,44696.0,44696.0,,,0.02237336674422767,44696.0,hyperplane_gauss,48069,2,0.26486338856630026,0.19480256969109178,1,virtual,incremental,373,0.38859163627028465,1.0,False,high,fast,virtual/incremental/K=1/high/fast/global/imbalanced/noisy,-0.0014659329919904929,0.004227835730523211
scn-d70bdecbd22d,1958876185,HDDM_W,0.77059210945633,0.17011050300015995,8,1.0,8.0,1.0,0.0,7.0,0.0,0.125,1.0,0.2222222222222222,0.0,381.0,381.0,6385.142857142857,6385.142857142857,16.75890513685789,16.75890513685789,0.1566135672095937,44696.0,hyperplane_gauss,48069,2,0.26486338856630026,0.19480256969109178,1,virtual,incremental,373,0.38859163627028465,1.0,False,high,fast,virtual/incremental/K=1/high/fast/global/imbalanced/noisy,0.0015084238033524766,0.0012534789351802411
scn-d70bdecbd22d,1958876185,FHDDM,0.7690836856529776,0.03996253599962074,0,1.0,0.0,0.0,1.0,0.0,0.0,,0.0,0.0,1.0,,,inf,44696.0,,,0.0,44696.0,hyperplane_gauss,48069,2,0.26486338856630026,0.19480256969109178,1,virtual,incremental,373,0.38859163627028465,1.0,False,high,fast,virtual/incremental/K=1/high/fast/global/imbalanced/noisy,0.0,0.0027619027385327177
scn-d70bdecbd22d,1958876185,NoDrift,0.7690836856529776,0.023097793000033562,0,1.0,0.0,0.0,1.0,0.0,0.0,,0.0,0.0,1.0,,,inf,44696.0,,,0.0,44696.0,hyperplane_gauss,48069,2,0.26486338856630026,0.19480256969109178,1,virtual,incremental,373,0.38859163627028465,1.0,False,high,fast,virtual/incremental/K=1/high/fast/global/imbalanced/noisy,0.0,0.0027619027385327177
scn-d70bdecbd22d,1958876185,Periodic(2000),0.7648346045167732,0.025506745999791747,23,1.0,23.0,1.0,0.0,22.0,0.0,0.043478260869565216,1.0,0.08333333333333333,0.0,1652.0,1652.0,2031.6363636363637,2031.6363636363637,1.2298040942108739,1.2298040942108739,0.4922140683730088,44696.0,hyperplane_gauss,48069,2,0.26486338856630026,0.19480256969109178,1,virtual,incremental,373,0.38859163627028465,1.0,False,high,fast,virtual/incremental/K=1/high/fast/global/imbalanced/noisy,-0.004249081136204369,0.007010983874737087
scn-d70bdecbd22d,1958876185,Oracle,0.7718455883915103,0.025109572000019398,1,1.0,1.0,1.0,0.0,0.0,0.0,1.0,1.0,1.0,0.0,187.0,187.0,inf,44696.0,inf,239.01604278074868,0.0,44696.0,hyperplane_gauss,48069,2,0.26486338856630026,0.19480256969109178,1,virtual,incremental,373,0.38859163627028465,1.0,False,high,fast,virtual/incremental/K=1/high/fast/global/imbalanced/noisy,0.0027619027385327177,-0.0
scn-d70bdecbd22d,1958876186,ADWIN,0.7672565807644097,0.03196470400007456,0,1.0,0.0,0.0,1.0,0.0,0.0,,0.0,0.0,1.0,,,inf,44696.0,,,0.0,44696.0,hyperplane_gauss,48069,2,0.26486338856630026,0.19480256969109178,1,virtual,incremental,373,0.38859163627028465,1.0,False,high,fast,virtual/incremental/K=1/high/fast/global/imbalanced/noisy,0.0,0.005948713590685939
scn-d70bdecbd22d,1958876186,KSWIN,0.7670016358962375,10.15677132699966,1,1.0,1.0,0.0,1.0,1.0,0.0,0.0,0.0,0.0,1.0,,,44696.0,44696.0,,,0.02237336674422767,44696.0,hyperplane_gauss,48069,2,0.26486338856630026,0.19480256969109178,1,virtual,incremental,373,0.38859163627028465,1.0,False,high,fast,virtual/incremental/K=1/high/fast/global/imbalanced/noisy,-0.0002549448681722355,0.0062036584588581745
scn-d70bdecbd22d,1958876186,PageHinkley,0.7715906435233381,0.04372589600006904,4,1.0,4.0,0.0,1.0,4.0,0.0,0.0,0.0,0.0,1.0,,,11174.0,11174.0,,,0.08949346697691068,44696.0,hyperplane_gauss,48069,2,0.26486338856630026,0.19480256969109178,1,virtual,incremental,373,0.38859163627028465,1.0,False,high,fast,virtual/incremental/K=1/high/fast/global/imbalanced/noisy,0.0043340627589283365,0.0016146508317576025
scn-d70bdecbd22d,1958876186,PageHinkley-up,0.7730565765153286,0.042856726000081835,4,1.0,4.0,0.0,1.0,4.0,0.0,0.0,0.0,0.0,1.0,,,11174.0,11174.0,,,0.08949346697691068,44696.0,hyperplane_gauss,48069,2,0.26486338856630026,0.19480256969109178,1,virtual,incremental,373,0.38859163627028465,1.0,False,high,fast,virtual/incremental/K=1/high/fast/global/imbalanced/noisy,0.005799995750918829,0.00014871783976710962
scn-d70bdecbd22d,1958876186,DDM,0.7680001699632455,0.04090353399988089,1,1.0,1.0,0.0,1.0,1.0,0.0,0.0,0.0,0.0,1.0,,,44696.0,44696.0,,,0.02237336674422767,44696.0,hyperplane_gauss,48069,2,0.26486338856630026,0.19480256969109178,1,virtual,incremental,373,0.38859163627028465,1.0,False,high,fast,virtual/incremental/K=1/high/fast/global/imbalanced/noisy,0.0007435891988357701,0.005205124391850169
scn-d70bdecbd22d,1958876186,EDDM,0.7681701332086937,0.03636142400000608,3,1.0,3.0,0.0,1.0,3.0,0.0,0.0,0.0,0.0,1.0,,,14898.666666666666,14898.666666666666,,,0.06712010023268301,44696.0,hyperplane_gauss,48069,2,0.26486338856630026,0.19480256969109178,1,virtual,incremental,373,0.38859163627028465,1.0,False,high,fast,virtual/incremental/K=1/high/fast/global/imbalanced/noisy,0.0009135524442839271,0.005035161146402012
scn-d70bdecbd22d,1958876186,HDDM_A,0.7672565807644097,0.11987616400028855,0,1.0,0.0,0.0,1.0,0.0,0.0,,0.0,0.0,1.0,,,inf,44696.0,,,0.0,44696.0,hyperplane_gauss,48069,2,0.26486338856630026,0.19480256969109178,1,virtual,incremental,373,0.38859163627028465,1.0,False,high,fast,virtual/incremental/K=1/high/fast/global/imbalanced/noisy,0.0,0.005948713590685939
scn-d70bdecbd22d,1958876186,HDDM_W,0.772525441373303,0.13907571899972027,3,1.0,3.0,0.0,1.0,3.0,0.0,0.0,0.0,0.0,1.0,,,14898.666666666666,14898.666666666666,,,0.06712010023268301,44696.0,hyperplane_gauss,48069,2,0.26486338856630026,0.19480256969109178,1,virtual,incremental,373,0.38859163627028465,1.0,False,high,fast,virtual/incremental/K=1/high/fast/global/imbalanced/noisy,0.005268860608893311,0.000679852981792628
scn-d70bdecbd22d,1958876186,FHDDM,0.7639210520724893,0.036289919999944686,2,1.0,2.0,0.0,1.0,2.0,0.0,0.0,0.0,0.0,1.0,,,22348.0,22348.0,,,0.04474673348845534,44696.0,hyperplane_gauss,48069,2,0.26486338856630026,0.19480256969109178,1,virtual,incremental,373,0.38859163627028465,1.0,False,high,fast,virtual/incremental/K=1/high/fast/global/imbalanced/noisy,-0.003335528691920442,0.00928424228260638
scn-d70bdecbd22d,1958876186,NoDrift,0.7672565807644097,0.0197565990001749,0,1.0,0.0,0.0,1.0,0.0,0.0,,0.0,0.0,1.0,,,inf,44696.0,,,0.0,44696.0,hyperplane_gauss,48069,2,0.26486338856630026,0.19480256969109178,1,virtual,incremental,373,0.38859163627028465,1.0,False,high,fast,virtual/incremental/K=1/high/fast/global/imbalanced/noisy,0.0,0.005948713590685939
scn-d70bdecbd22d,1958876186,Periodic(2000),0.7668316726507892,0.02182348099995579,23,1.0,23.0,1.0,0.0,22.0,0.0,0.043478260869565216,1.0,0.08333333333333333,0.0,1652.0,1652.0,2031.6363636363637,2031.6363636363637,1.2298040942108739,1.2298040942108739,0.4922140683730088,44696.0,hyperplane_gauss,48069,2,0.26486338856630026,0.19480256969109178,1,virtual,incremental,373,0.38859163627028465,1.0,False,high,fast,virtual/incremental/K=1/high/fast/global/imbalanced/noisy,-0.0004249081136205035,0.0063736217043064425
scn-d70bdecbd22d,1958876186,Oracle,0.7732052943550957,0.02143903300020611,1,1.0,1.0,1.0,0.0,0.0,0.0,1.0,1.0,1.0,0.0,187.0,187.0,inf,44696.0,inf,239.01604278074868,0.0,44696.0,hyperplane_gauss,48069,2,0.26486338856630026,0.19480256969109178,1,virtual,incremental,373,0.38859163627028465,1.0,False,high,fast,virtual/incremental/K=1/high/fast/global/imbalanced/noisy,0.005948713590685939,-0.0
