scenario_id,seed,detector,accuracy,runtime_s,n_resets,n_events,n_detections,tp,fn,fp_out,fp_red,precision,recall,f1,mdr,mtd,median_delay,mtfa,mtfa_capped,mtr,mtr_capped,far,t_stable,family,n,d,pi0,eta,K,kind,form,width,magnitude,alpha,recurring,severity,speed,signature,delta_accuracy,oracle_gap
scn-2ea120b6e1a2,2027,ADWIN,0.9661578947368421,0.034046677999867825,0,3.0,0.0,0.0,3.0,0.0,0.0,,0.0,0.0,1.0,,,inf,12700.0,,,0.0,12700.0,hyperplane_gauss,20000,20,0.5,0.0,3,real,gradual,100,0.03,1.0,False,low,fast,real/gradual/K=3/low/fast/global/balanced/clean,0.0,-0.02321052631578946
scn-2ea120b6e1a2,2027,KSWIN,0.9661578947368421,4.294279366999945,0,3.0,0.0,0.0,3.0,0.0,0.0,,0.0,0.0,1.0,,,inf,12700.0,,,0.0,12700.0,hyperplane_gauss,20000,20,0.5,0.0,3,real,gradual,100,0.03,1.0,False,low,fast,real/gradual/K=3/low/fast/global/balanced/clean,0.0,-0.02321052631578946
scn-2ea120b6e1a2,2027,PageHinkley,0.9661578947368421,0.03701935599974604,0,3.0,0.0,0.0,3.0,0.0,0.0,,0.0,0.0,1.0,,,inf,12700.0,,,0.0,12700.0,hyperplane_gauss,20000,20,0.5,0.0,3,real,gradual,100,0.03,1.0,False,low,fast,real/gradual/K=3/low/fast/global/balanced/clean,0.0,-0.02321052631578946
scn-2ea120b6e1a2,2027,PageHinkley-up,0.9661578947368421,0.03723250499979258,0,3.0,0.0,0.0,3.0,0.0,0.0,,0.0,0.0,1.0,,,inf,12700.0,,,0.0,12700.0,hyperplane_gauss,20000,20,0.5,0.0,3,real,gradual,100,0.03,1.0,False,low,fast,real/gradual/K=3/low/fast/global/balanced/clean,0.0,-0.02321052631578946
scn-2ea120b6e1a2,2027,DDM,0.9599473684210527,0.03741815800003678,1,3.0,1.0,0.0,3.0,1.0,0.0,0.0,0.0,0.0,1.0,,,12700.0,12700.0,,,0.07874015748031496,12700.0,hyperplane_gauss,20000,20,0.5,0.0,3,real,gradual,100,0.03,1.0,False,low,fast,real/gradual/K=3/low/fast/global/balanced/clean,-0.006210526315789444,-0.017000000000000015
scn-2ea120b6e1a2,2027,EDDM,0.9605263157894737,0.030467943000076048,1,3.0,1.0,0.0,3.0,1.0,0.0,0.0,0.0,0.0,1.0,,,12700.0,12700.0,,,0.07874015748031496,12700.0,hyperplane_gauss,20000,20,0.5,0.0,3,real,gradual,100,0.03,1.0,False,low,fast,real/gradual/K=3/low/fast/global/balanced/clean,-0.005631578947368432,-0.017578947368421027
scn-2ea120b6e1a2,2027,HDDM_A,0.9661578947368421,0.11984200200004125,0,3.0,0.0,0.0,3.0,0.0,0.0,,0.0,0.0,1.0,,,inf,12700.0,,,0.0,12700.0,hyperplane_gauss,20000,20,0.5,0.0,3,real,gradual,100,0.03,1.0,False,low,fast,real/gradual/K=3/low/fast/global/balanced/clean,0.0,-0.02321052631578946
scn-2ea120b6e1a2,2027,HDDM_W,0.9661578947368421,0.07774078200009171,0,3.0,0.0,0.0,3.0,0.0,0.0,,0.0,0.0,1.0,,,inf,12700.0,,,0.0,12700.0,hyperplane_gauss,20000,20,0.5,0.0,3,real,gradual,100,0.03,1.0,False,low,fast,real/gradual/K=3/low/fast/global/balanced/clean,0.0,-0.02321052631578946
scn-2ea120b6e1a2,2027,FHDDM,0.9661578947368421,0.032307308000326884,0,3.0,0.0,0.0,3.0,0.0,0.0,,0.0,0.0,1.0,,,inf,12700.0,,,0.0,12700.0,hyperplane_gauss,20000,20,0.5,0.0,3,real,gradual,100,0.03,1.0,False,low,fast,real/gradual/K=3/low/fast/global/balanced/clean,0.0,-0.02321052631578946
scn-2ea120b6e1a2,2027,NoDrift,0.9661578947368421,0.0254851510003391,0,3.0,0.0,0.0,3.0,0.0,0.0,,0.0,0.0,1.0,,,inf,12700.0,,,0.0,12700.0,hyperplane_gauss,20000,20,0.5,0.0,3,real,gradual,100,0.03,1.0,False,low,fast,real/gradual/K=3/low/fast/global/balanced/clean,0.0,-0.02321052631578946
scn-2ea120b6e1a2,2027,Periodic(2000),0.9077894736842105,0.028406427000390977,9,3.0,9.0,3.0,0.0,6.0,0.0,0.3333333333333333,1.0,0.5,0.0,1550.3333333333333,1550.0,2116.6666666666665,2116.6666666666665,1.3652977854224897,1.3652977854224897,0.47244094488188976,12700.0,hyperplane_gauss,20000,20,0.5,0.0,3,real,gradual,100,0.03,1.0,False,low,fast,real/gradual/K=3/low/fast/global/balanced/clean,-0.058368421052631625,0.035157894736842166
scn-2ea120b6e1a2,2027,Oracle,0.9429473684210526,0.03325870999969993,3,3.0,3.0,3.0,0.0,0.0,0.0,1.0,1.0,1.0,0.0,51.0,51.0,inf,12700.0,inf,249.01960784313727,0.0,12700.0,hyperplane_gauss,20000,20,0.5,0.0,3,real,gradual,100,0.03,1.0,False,low,fast,real/gradual/K=3/low/fast/global/balanced/clean,-0.02321052631578946,-0.0
scn-2ea120b6e1a2,2028,ADWIN,0.9233157894736842,0.04712530999995579,8,3.0,8.0,1.0,2.0,6.0,1.0,0.125,0.3333333333333333,0.18181818181818182,0.6666666666666667,1089.0,1089.0,2116.6666666666665,2116.6666666666665,0.6478930721354962,0.6478930721354962,0.47244094488188976,12700.0,hyperplane_gauss,20000,20,0.5,0.0,3,real,gradual,100,0.03,1.0,False,low,fast,real/gradual/K=3/low/fast/global/balanced/clean,-0.03589473684210531,0.014210526315789451
scn-2ea120b6e1a2,2028,KSWIN,0.9592105263157895,4.392068951000056,0,3.0,0.0,0.0,3.0,0.0,0.0,,0.0,0.0,1.0,,,inf,12700.0,,,0.0,12700.0,hyperplane_gauss,20000,20,0.5,0.0,3,real,gradual,100,0.03,1.0,False,low,fast,real/gradual/K=3/low/fast/global/balanced/clean,0.0,-0.02168421052631586
scn-2ea120b6e1a2,2028,PageHinkley,0.887578947368421,0.06318405400043048,17,3.0,17.0,2.0,1.0,11.0,4.0,0.11764705882352941,0.6666666666666666,0.2,0.33333333333333337,180.0,180.0,1154.5454545454545,1154.5454545454545,4.276094276094275,4.276094276094275,0.8661417322834646,12700.0,hyperplane_gauss,20000,20,0.5,0.0,3,real,gradual,100,0.03,1.0,False,low,fast,real/gradual/K=3/low/fast/global/balanced/clean,-0.07163157894736849,0.04994736842105263
scn-2ea120b6e1a2,2028,PageHinkley-up,0.9592105263157895,0.035496704000252066,0,3.0,0.0,0.0,3.0,0.0,0.0,,0.0,0.0,1.0,,,inf,12700.0,,,0.0,12700.0,hyperplane_gauss,20000,20,0.5,0.0,3,real,gradual,100,0.03,1.0,False,low,fast,real/gradual/K=3/low/fast/global/balanced/clean,0.0,-0.02168421052631586
scn-2ea120b6e1a2,2028,DDM,0.9592105263157895,0.03528097600019464,0,3.0,0.0,0.0,3.0,0.0,0.0,,0.0,0.0,1.0,,,inf,12700.0,,,0.0,12700.0,hyperplane_gauss,20000,20,0.5,0.0,3,real,gradual,100,0.03,1.0,False,low,fast,real/gradual/K=3/low/fast/global/balanced/clean,0.0,-0.02168421052631586
scn-2ea120b6e1a2,2028,EDDM,0.9592105263157895,0.029992211000262614,0,3.0,0.0,0.0,3.0,0.0,0.0,,0.0,0.0,1.0,,,inf,12700.0,,,0.0,12700.0,hyperplane_gauss,20000,20,0.5,0.0,3,real,gradual,100,0.03,1.0,False,low,fast,real/gradual/K=3/low/fast/global/balanced/clean,0.0,-0.02168421052631586
scn-2ea120b6e1a2,2028,HDDM_A,0.9592105263157895,0.11644523299992215,0,3.0,0.0,0.0,3.0,0.0,0.0,,0.0,0.0,1.0,,,inf,12700.0,,,0.0,12700.0,hyperplane_gauss,20000,20,0.5,0.0,3,real,gradual,100,0.03,1.0,False,low,fast,real/gradual/K=3/low/fast/global/balanced/clean,0.0,-0.02168421052631586
scn-2ea120b6e1a2,2028,HDDM_W,0.9592105263157895,0.07840476699993815,0,3.0,0.0,0.0,3.0,0.0,0.0,,0.0,0.0,1.0,,,inf,12700.0,,,0.0,12700.0,hyperplane_gauss,20000,20,0.5,0.0,3,real,gradual,100,0.03,1.0,False,low,fast,real/gradual/K=3/low/fast/global/balanced/clean,0.0,-0.02168421052631586
scn-2ea120b6e1a2,2028,FHDDM,0.9592105263157895,0.03257644299992535,0,3.0,0.0,0.0,3.0,0.0,0.0,,0.0,0.0,1.0,,,inf,12700.0,,,0.0,12700.0,hyperplane_gauss,20000,20,0.5,0.0,3,real,gradual,100,0.03,1.0,False,low,fast,real/gradual/K=3/low/fast/global/balanced/clean,0.0,-0.02168421052631586
scn-2ea120b6e1a2,2028,NoDrift,0.9592105263157895,0.028058334000434115,0,3.0,0.0,0.0,3.0,0.0,0.0,,0.0,0.0,1.0,,,inf,12700.0,,,0.0,12700.0,hyperplane_gauss,20000,20,0.5,0.0,3,real,gradual,100,0.03,1.0,False,low,fast,real/gradual/K=3/low/fast/global/balanced/clean,0.0,-0.02168421052631586
scn-2ea120b6e1a2,2028,Periodic(2000),0.9022105263157895,0.029703457999858074,9,3.0,9.0,3.0,0.0,6.0,0.0,0.3333333333333333,1.0,0.5,0.0,1550.3333333333333,1550.0,2116.6666666666665,2116.6666666666665,1.3652977854224897,1.3652977854224897,0.47244094488188976,12700.0,hyperplane_gauss,20000,20,0.5,0.0,3,real,gradual,100,0.03,1.0,False,low,fast,real/gradual/K=3/low/fast/global/balanced/clean,-0.05700000000000005,0.03531578947368419
scn-2ea120b6e1a2,2028,Oracle,0.9375263157894737,0.03360367400000541,3,3.0,3.0,3.0,0.0,0.0,0.0,1.0,1.0,1.0,0.0,51.0,51.0,inf,12700.0,inf,249.01960784313727,0.0,12700.0,hyperplane_gauss,20000,20,0.5,0.0,3,real,gradual,100,0.03,1.0,False,low,fast,real/gradual/K=3/low/fast/global/balanced/clean,-0.02168421052631586,-0.0
scn-2ea120b6e1a2,2029,ADWIN,0.8936842105263157,0.049926498000331776,13,3.0,13.0,2.0,1.0,9.0,2.0,0.15384615384615385,0.6666666666666666,0.25,0.33333333333333337,495.5,495.5,1411.111111111111,1411.111111111111,1.8985685988713232,1.8985685988713232,0.7086614173228346,12700.0,hyperplane_gauss,20000,20,0.5,0.0,3,real,gradual,100,0.03,1.0,False,low,fast,real/gradual/K=3/low/fast/global/balanced/clean,-0.06931578947368422,0.04389473684210532
scn-2ea120b6e1a2,2029,KSWIN,0.963,4.327758890000041,0,3.0,0.0,0.0,3.0,0.0,0.0,,0.0,0.0,1.0,,,inf,12700.0,,,0.0,12700.0,hyperplane_gauss,20000,20,0.5,0.0,3,real,gradual,100,0.03,1.0,False,low,fast,real/gradual/K=3/low/fast/global/balanced/clean,0.0,-0.0254210526315789
scn-2ea120b6e1a2,2029,PageHinkley,0.875421052631579,0.0716582989998642,21,3.0,21.0,2.0,1.0,15.0,4.0,0.09523809523809523,0.6666666666666666,0.16666666666666666,0.33333333333333337,270.5,270.5,846.6666666666666,846.6666666666666,2.0866707742863007,2.0866707742863007,1.1811023622047243,12700.0,hyperplane_gauss,20000,20,0.5,0.0,3,real,gradual,100,0.03,1.0,False,low,fast,real/gradual/K=3/low/fast/global/balanced/clean,-0.08757894736842098,0.06215789473684208
scn-2ea120b6e1a2,2029,PageHinkley-up,0.963,0.035241067000242765,0,3.0,0.0,0.0,3.0,0.0,0.0,,0.0,0.0,1.0,,,inf,12700.0,,,0.0,12700.0,hyperplane_gauss,20000,20,0.5,0.0,3,real,gradual,100,0.03,1.0,False,low,fast,real/gradual/K=3/low/fast/global/balanced/clean,0.0,-0.0254210526315789
scn-2ea120b6e1a2,2029,DDM,0.963,0.03511668900000586,0,3.0,0.0,0.0,3.0,0.0,0.0,,0.0,0.0,1.0,,,inf,12700.0,,,0.0,12700.0,hyperplane_gauss,20000,20,0.5,0.0,3,real,gradual,100,0.03,1.0,False,low,fast,real/gradual/K=3/low/fast/global/balanced/clean,0.0,-0.0254210526315789
scn-2ea120b6e1a2,2029,EDDM,0.9462105263157895,0.043063530000381434,6,3.0,6.0,0.0,3.0,6.0,0.0,0.0,0.0,0.0,1.0,,,2116.6666666666665,2116.6666666666665,,,0.47244094488188976,12700.0,hyperplane_gauss,20000,20,0.5,0.0,3,real,gradual,100,0.03,1.0,False,low,fast,real/gradual/K=3/low/fast/global/balanced/clean,-0.016789473684210465,-0.008631578947368435
scn-2ea120b6e1a2,2029,HDDM_A,0.963,0.12350837299982231,0,3.0,0.0,0.0,3.0,0.0,0.0,,0.0,0.0,1.0,,,inf,12700.0,,,0.0,12700.0,hyperplane_gauss,20000,20,0.5,0.0,3,real,gradual,100,0.03,1.0,False,low,fast,real/gradual/K=3/low/fast/global/balanced/clean,0.0,-0.0254210526315789
scn-2ea120b6e1a2,2029,HDDM_W,0.963,0.07591790000014953,0,3.0,0.0,0.0,3.0,0.0,0.0,,0.0,0.0,1.0,,,inf,12700.0,,,0.0,12700.0,hyperplane_gauss,20000,20,0.5,0.0,3,real,gradual,100,0.03,1.0,False,low,fast,real/gradual/K=3/low/fast/global/balanced/clean,0.0,-0.0254210526315789
scn-2ea120b6e1a2,2029,FHDDM,0.963,0.032512733999737975,0,3.0,0.0,0.0,3.0,0.0,0.0,,0.0,0.0,1.0,,,inf,12700.0,,,0.0,12700.0,hyperplane_gauss,20000,20,0.5,0.0,3,real,gradual,100,0.03,1.0,False,low,fast,real/gradual/K=3/low/fast/global/balanced/clean,0.0,-0.0254210526315789
scn-2ea120b6e1a2,2029,NoDrift,0.963,0.027075307999893994,0,3.0,0.0,0.0,3.0,0.0,0.0,,0.0,0.0,1.0,,,inf,12700.0,,,0.0,12700.0,hyperplane_gauss,20000,20,0.5,0.0,3,real,gradual,100,0.03,1.0,False,low,fast,real/gradual/K=3/low/fast/global/balanced/clean,0.0,-0.0254210526315789
scn-2ea120b6e1a2,2029,Periodic(2000),0.9026842105263158,0.02997831499988024,9,3.0,9.0,3.0,0.0,6.0,0.0,0.3333333333333333,1.0,0.5,0.0,1550.3333333333333,1550.0,2116.6666666666665,2116.6666666666665,1.3652977854224897,1.3652977854224897,0.47244094488188976,12700.0,hyperplane_gauss,20000,20,0.5,0.0,3,real,gradual,100,0.03,1.0,False,low,fast,real/gradual/K=3/low/fast/global/balanced/clean,-0.06031578947368421,0.03489473684210531
scn-2ea120b6e1a2,2029,Oracle,0.9375789473684211,0.0330216800002745,3,3.0,3.0,3.0,0.0,0.0,0.0,1.0,1.0,1.0,0.0,51.0,51.0,inf,12700.0,inf,249.01960784313727,0.0,12700.0,hyperplane_gauss,20000,20,0.5,0.0,3,real,gradual,100,0.03,1.0,False,low,fast,real/gradual/K=3/low/fast/global/balanced/clean,-0.0254210526315789,-0.0
scn-591a26ba5093,2027,ADWIN,0.9662105263157895,0.03611649000004036,0,3.0,0.0,0.0,3.0,0.0,0.0,,0.0,0.0,1.0,,,inf,11800.0,,,0.0,11800.0,hyperplane_gauss,20000,20,0.5,0.0,3,real,gradual,400,0.03,1.0,False,low,fast,real/gradual/K=3/low/fast/global/balanced/clean,0.0,-0.023263157894736874
scn-591a26ba5093,2027,KSWIN,0.9662105263157895,4.391517513000053,0,3.0,0.0,0.0,3.0,0.0,0.0,,0.0,0.0,1.0,,,inf,11800.0,,,0.0,11800.0,hyperplane_gauss,20000,20,0.5,0.0,3,real,gradual,400,0.03,1.0,False,low,fast,real/gradual/K=3/low/fast/global/balanced/clean,0.0,-0.023263157894736874
scn-591a26ba5093,2027,PageHinkley,0.9662105263157895,0.03672712200022943,0,3.0,0.0,0.0,3.0,0.0,0.0,,0.0,0.0,1.0,,,inf,11800.0,,,0.0,11800.0,hyperplane_gauss,20000,20,0.5,0.0,3,real,gradual,400,0.03,1.0,False,low,fast,real/gradual/K=3/low/fast/global/balanced/clean,0.0,-0.023263157894736874
scn-591a26ba5093,2027,PageHinkley-up,0.9662105263157895,0.03564745799985758,0,3.0,0.0,0.0,3.0,0.0,0.0,,0.0,0.0,1.0,,,inf,11800.0,,,0.0,11800.0,hyperplane_gauss,20000,20,0.5,0.0,3,real,gradual,400,0.03,1.0,False,low,fast,real/gradual/K=3/low/fast/global/balanced/clean,0.0,-0.023263157894736874
scn-591a26ba5093,2027,DDM,0.9599473684210527,0.03722635500025717,1,3.0,1.0,0.0,3.0,1.0,0.0,0.0,0.0,0.0,1.0,,,11800.0,11800.0,,,0.0847457627118644,11800.0,hyperplane_gauss,20000,20,0.5,0.0,3,real,gradual,400,0.03,1.0,False,low,fast,real/gradual/K=3/low/fast/global/balanced/clean,-0.006263157894736859,-0.017000000000000015
scn-591a26ba5093,2027,EDDM,0.9606842105263158,0.031110183000237157,1,3.0,1.0,0.0,3.0,1.0,0.0,0.0,0.0,0.0,1.0,,,11800.0,11800.0,,,0.0847457627118644,11800.0,hyperplane_gauss,20000,20,0.5,0.0,3,real,gradual,400,0.03,1.0,False,low,fast,real/gradual/K=3/low/fast/global/balanced/clean,-0.0055263157894737125,-0.017736842105263162
scn-591a26ba5093,2027,HDDM_A,0.9662105263157895,0.11814235299971187,0,3.0,0.0,0.0,3.0,0.0,0.0,,0.0,0.0,1.0,,,inf,11800.0,,,0.0,11800.0,hyperplane_gauss,20000,20,0.5,0.0,3,real,gradual,400,0.03,1.0,False,low,fast,real/gradual/K=3/low/fast/global/balanced/clean,0.0,-0.023263157894736874
scn-591a26ba5093,2027,HDDM_W,0.9662105263157895,0.07626187599998957,0,3.0,0.0,0.0,3.0,0.0,0.0,,0.0,0.0,1.0,,,inf,11800.0,,,0.0,11800.0,hyperplane_gauss,20000,20,0.5,0.0,3,real,gradual,400,0.03,1.0,False,low,fast,real/gradual/K=3/low/fast/global/balanced/clean,0.0,-0.023263157894736874
scn-591a26ba5093,2027,FHDDM,0.9662105263157895,0.03394405299968639,0,3.0,0.0,0.0,3.0,0.0,0.0,,0.0,0.0,1.0,,,inf,11800.0,,,0.0,11800.0,hyperplane_gauss,20000,20,0.5,0.0,3,real,gradual,400,0.03,1.0,False,low,fast,real/gradual/K=3/low/fast/global/balanced/clean,0.0,-0.023263157894736874
scn-591a26ba5093,2027,NoDrift,0.9662105263157895,0.026387944999896717,0,3.0,0.0,0.0,3.0,0.0,0.0,,0.0,0.0,1.0,,,inf,11800.0,,,0.0,11800.0,hyperplane_gauss,20000,20,0.5,0.0,3,real,gradual,400,0.03,1.0,False,low,fast,real/gradual/K=3/low/fast/global/balanced/clean,0.0,-0.023263157894736874
scn-591a26ba5093,2027,Periodic(2000),0.9079473684210526,0.03262611199988896,9,3.0,9.0,3.0,0.0,5.0,1.0,0.3333333333333333,1.0,0.5,0.0,1033.6666666666667,1367.0,2360.0,2360.0,2.2831344727507252,2.2831344727507252,0.423728813559322,11800.0,hyperplane_gauss,20000,20,0.5,0.0,3,real,gradual,400,0.03,1.0,False,low,fast,real/gradual/K=3/low/fast/global/balanced/clean,-0.058263157894736906,0.03500000000000003
scn-591a26ba5093,2027,Oracle,0.9429473684210526,0.03376830300021538,3,3.0,3.0,3.0,0.0,0.0,0.0,1.0,1.0,1.0,0.0,201.0,201.0,inf,11800.0,inf,58.70646766169154,0.0,11800.0,hyperplane_gauss,20000,20,0.5,0.0,3,real,gradual,400,0.03,1.0,False,low,fast,real/gradual/K=3/low/fast/global/balanced/clean,-0.023263157894736874,-0.0
scn-591a26ba5093,2028,ADWIN,0.9282631578947368,0.056070798999826366,7,3.0,7.0,1.0,2.0,5.0,1.0,0.14285714285714285,0.3333333333333333,0.2,0.6666666666666667,1079.0,1079.0,2360.0,2360.0,0.729070126660488,0.729070126660488,0.423728813559322,11800.0,hyperplane_gauss,20000,20,0.5,0.0,3,real,gradual,400,0.03,1.0,False,low,fast,real/gradual/K=3/low/fast/global/balanced/clean,-0.031210526315789577,0.009157894736842143
scn-591a26ba5093,2028,KSWIN,0.9594736842105264,4.170563357999981,0,3.0,0.0,0.0,3.0,0.0,0.0,,0.0,0.0,1.0,,,inf,11800.0,,,0.0,11800.0,hyperplane_gauss,20000,20,0.5,0.0,3,real,gradual,400,0.03,1.0,False,low,fast,real/gradual/K=3/low/fast/global/balanced/clean,0.0,-0.022052631578947435
scn-591a26ba5093,2028,PageHinkley,0.884578947368421,0.06311978700023246,17,3.0,17.0,2.0,1.0,10.0,5.0,0.11764705882352941,0.6666666666666666,0.2,0.33333333333333337,327.0,327.0,1180.0,1180.0,2.405708460754332,2.405708460754332,0.847457627118644,11800.0,hyperplane_gauss,20000,20,0.5,0.0,3,real,gradual,400,0.03,1.0,False,low,fast,real/gradual/K=3/low/fast/global/balanced/clean,-0.07489473684210535,0.05284210526315791
scn-591a26ba5093,2028,PageHinkley-up,0.9594736842105264,0.03426086999979816,0,3.0,0.0,0.0,3.0,0.0,0.0,,0.0,0.0,1.0,,,inf,11800.0,,,0.0,11800.0,hyperplane_gauss,20000,20,0.5,0.0,3,real,gradual,400,0.03,1.0,False,low,fast,real/gradual/K=3/low/fast/global/balanced/clean,0.0,-0.022052631578947435
scn-591a26ba5093,2028,DDM,0.9594736842105264,0.03430397700003596,0,3.0,0.0,0.0,3.0,0.0,0.0,,0.0,0.0,1.0,,,inf,11800.0,,,0.0,11800.0,hyperplane_gauss,20000,20,0.5,0.0,3,real,gradual,400,0.03,1.0,False,low,fast,real/gradual/K=3/low/fast/global/balanced/clean,0.0,-0.022052631578947435
scn-591a26ba5093,2028,EDDM,0.9594736842105264,0.029543848999765032,0,3.0,0.0,0.0,3.0,0.0,0.0,,0.0,0.0,1.0,,,inf,11800.0,,,0.0,11800.0,hyperplane_gauss,20000,20,0.5,0.0,3,real,gradual,400,0.03,1.0,False,low,fast,real/gradual/K=3/low/fast/global/balanced/clean,0.0,-0.022052631578947435
scn-591a26ba5093,2028,HDDM_A,0.9594736842105264,0.11362633799990363,0,3.0,0.0,0.0,3.0,0.0,0.0,,0.0,0.0,1.0,,,inf,11800.0,,,0.0,11800.0,hyperplane_gauss,20000,20,0.5,0.0,3,real,gradual,400,0.03,1.0,False,low,fast,real/gradual/K=3/low/fast/global/balanced/clean,0.0,-0.022052631578947435
scn-591a26ba5093,2028,HDDM_W,0.9594736842105264,0.07716362900009699,0,3.0,0.0,0.0,3.0,0.0,0.0,,0.0,0.0,1.0,,,inf,11800.0,,,0.0,11800.0,hyperplane_gauss,20000,20,0.5,0.0,3,real,gradual,400,0.03,1.0,False,low,fast,real/gradual/K=3/low/fast/global/balanced/clean,0.0,-0.022052631578947435
scn-591a26ba5093,2028,FHDDM,0.9594736842105264,0.03153405600005499,0,3.0,0.0,0.0,3.0,0.0,0.0,,0.0,0.0,1.0,,,inf,11800.0,,,0.0,11800.0,hyperplane_gauss,20000,20,0.5,0.0,3,real,gradual,400,0.03,1.0,False,low,fast,real/gradual/K=3/low/fast/global/balanced/clean,0.0,-0.022052631578947435
scn-591a26ba5093,2028,NoDrift,0.9594736842105264,0.025437229000090156,0,3.0,0.0,0.0,3.0,0.0,0.0,,0.0,0.0,1.0,,,inf,11800.0,,,0.0,11800.0,hyperplane_gauss,20000,20,0.5,0.0,3,real,gradual,400,0.03,1.0,False,low,fast,real/gradual/K=3/low/fast/global/balanced/clean,0.0,-0.022052631578947435
scn-591a26ba5093,2028,Periodic(2000),0.9021578947368422,0.027720675000182382,9,3.0,9.0,3.0,0.0,5.0,1.0,0.3333333333333333,1.0,0.5,0.0,1033.6666666666667,1367.0,2360.0,2360.0,2.2831344727507252,2.2831344727507252,0.423728813559322,11800.0,hyperplane_gauss,20000,20,0.5,0.0,3,real,gradual,400,0.03,1.0,False,low,fast,real/gradual/K=3/low/fast/global/balanced/clean,-0.05731578947368421,0.035263157894736774
scn-591a26ba5093,2028,Oracle,0.9374210526315789,0.03182566699979361,3,3.0,3.0,3.0,0.0,0.0,0.0,1.0,1.0,1.0,0.0,201.0,201.0,inf,11800.0,inf,58.70646766169154,0.0,11800.0,hyperplane_gauss,20000,20,0.5,0.0,3,real,gradual,400,0.03,1.0,False,low,fast,real/gradual/K=3/low/fast/global/balanced/clean,-0.022052631578947435,-0.0
scn-591a26ba5093,2029,ADWIN,0.896578947368421,0.04880601900003967,12,3.0,12.0,2.0,1.0,7.0,3.0,0.16666666666666666,0.6666666666666666,0.26666666666666666,0.33333333333333337,597.5,597.5,1685.7142857142858,1685.7142857142858,1.8808527595138473,1.8808527595138473,0.5932203389830508,11800.0,hyperplane_gauss,20000,20,0.5,0.0,3,real,gradual,400,0.03,1.0,False,low,fast,real/gradual/K=3/low/fast/global/balanced/clean,-0.06605263157894736,0.040105263157894755
scn-591a26ba5093,2029,KSWIN,0.9626315789473684,4.209166865000043,0,3.0,0.0,0.0,3.0,0.0,0.0,,0.0,0.0,1.0,,,inf,11800.0,,,0.0,11800.0,hyperplane_gauss,20000,20,0.5,0.0,3,real,gradual,400,0.03,1.0,False,low,fast,real/gradual/K=3/low/fast/global/balanced/clean,0.0,-0.025947368421052608
scn-591a26ba5093,2029,PageHinkley,0.8764736842105263,0.0646796659998472,19,3.0,19.0,2.0,1.0,13.0,4.0,0.10526315789473684,0.6666666666666666,0.18181818181818182,0.33333333333333337,535.5,535.5,907.6923076923077,907.6923076923077,1.130024659436424,1.130024659436424,1.1016949152542372,11800.0,hyperplane_gauss,20000,20,0.5,0.0,3,real,gradual,400,0.03,1.0,False,low,fast,real/gradual/K=3/low/fast/global/balanced/clean,-0.0861578947368421,0.06021052631578949
scn-591a26ba5093,2029,PageHinkley-up,0.9626315789473684,0.03474884299976111,0,3.0,0.0,0.0,3.0,0.0,0.0,,0.0,0.0,1.0,,,inf,11800.0,,,0.0,11800.0,hyperplane_gauss,20000,20,0.5,0.0,3,real,gradual,400,0.03,1.0,False,low,fast,real/gradual/K=3/low/fast/global/balanced/clean,0.0,-0.025947368421052608
scn-591a26ba5093,2029,DDM,0.9626315789473684,0.03388959899984911,0,3.0,0.0,0.0,3.0,0.0,0.0,,0.0,0.0,1.0,,,inf,11800.0,,,0.0,11800.0,hyperplane_gauss,20000,20,0.5,0.0,3,real,gradual,400,0.03,1.0,False,low,fast,real/gradual/K=3/low/fast/global/balanced/clean,0.0,-0.025947368421052608
scn-591a26ba5093,2029,EDDM,0.9461578947368421,0.0414047849999406,6,3.0,6.0,0.0,3.0,6.0,0.0,0.0,0.0,0.0,1.0,,,1966.6666666666667,1966.6666666666667,,,0.5084745762711864,11800.0,hyperplane_gauss,20000,20,0.5,0.0,3,real,gradual,400,0.03,1.0,False,low,fast,real/gradual/K=3/low/fast/global/balanced/clean,-0.016473684210526307,-0.0094736842105263
scn-591a26ba5093,2029,HDDM_A,0.9626315789473684,0.1141039849999288,0,3.0,0.0,0.0,3.0,0.0,0.0,,0.0,0.0,1.0,,,inf,11800.0,,,0.0,11800.0,hyperplane_gauss,20000,20,0.5,0.0,3,real,gradual,400,0.03,1.0,False,low,fast,real/gradual/K=3/low/fast/global/balanced/clean,0.0,-0.025947368421052608
scn-591a26ba5093,2029,HDDM_W,0.9626315789473684,0.07512826699985453,0,3.0,0.0,0.0,3.0,0.0,0.0,,0.0,0.0,1.0,,,inf,11800.0,,,0.0,11800.0,hyperplane_gauss,20000,20,0.5,0.0,3,real,gradual,400,0.03,1.0,False,low,fast,real/gradual/K=3/low/fast/global/balanced/clean,0.0,-0.025947368421052608
scn-591a26ba5093,2029,FHDDM,0.9626315789473684,0.03131987200004005,0,3.0,0.0,0.0,3.0,0.0,0.0,,0.0,0.0,1.0,,,inf,11800.0,,,0.0,11800.0,hyperplane_gauss,20000,20,0.5,0.0,3,real,gradual,400,0.03,1.0,False,low,fast,real/gradual/K=3/low/fast/global/balanced/clean,0.0,-0.025947368421052608
scn-591a26ba5093,2029,NoDrift,0.9626315789473684,0.026062278999688715,0,3.0,0.0,0.0,3.0,0.0,0.0,,0.0,0.0,1.0,,,inf,11800.0,,,0.0,11800.0,hyperplane_gauss,20000,20,0.5,0.0,3,real,gradual,400,0.03,1.0,False,low,fast,real/gradual/K=3/low/fast/global/balanced/clean,0.0,-0.025947368421052608
scn-591a26ba5093,2029,Periodic(2000),0.9027894736842105,0.02779786700011755,9,3.0,9.0,3.0,0.0,5.0,1.0,0.3333333333333333,1.0,0.5,0.0,1033.6666666666667,1367.0,2360.0,2360.0,2.2831344727507252,2.2831344727507252,0.423728813559322,11800.0,hyperplane_gauss,20000,20,0.5,0.0,3,real,gradual,400,0.03,1.0,False,low,fast,real/gradual/K=3/low/fast/global/balanced/clean,-0.05984210526315792,0.03389473684210531
scn-591a26ba5093,2029,Oracle,0.9366842105263158,0.031840127000123175,3,3.0,3.0,3.0,0.0,0.0,0.0,1.0,1.0,1.0,0.0,201.0,201.0,inf,11800.0,inf,58.70646766169154,0.0,11800.0,hyperplane_gauss,20000,20,0.5,0.0,3,real,gradual,400,0.03,1.0,False,low,fast,real/gradual/K=3/low/fast/global/balanced/clean,-0.025947368421052608,-0.0
scn-47250dac2dfb,2027,ADWIN,0.9661578947368421,0.0306143850002627,0,3.0,0.0,0.0,3.0,0.0,0.0,,0.0,0.0,1.0,,,inf,10000.0,,,0.0,10000.0,hyperplane_gauss,20000,20,0.5,0.0,3,real,gradual,1000,0.03,1.0,False,low,slow,real/gradual/K=3/low/slow/global/balanced/clean,0.0,-0.02310526315789474
scn-47250dac2dfb,2027,KSWIN,0.9661578947368421,4.159636657000192,0,3.0,0.0,0.0,3.0,0.0,0.0,,0.0,0.0,1.0,,,inf,10000.0,,,0.0,10000.0,hyperplane_gauss,20000,20,0.5,0.0,3,real,gradual,1000,0.03,1.0,False,low,slow,real/gradual/K=3/low/slow/global/balanced/clean,0.0,-0.02310526315789474
scn-47250dac2dfb,2027,PageHinkley,0.9661578947368421,0.03514055699997698,0,3.0,0.0,0.0,3.0,0.0,0.0,,0.0,0.0,1.0,,,inf,10000.0,,,0.0,10000.0,hyperplane_gauss,20000,20,0.5,0.0,3,real,gradual,1000,0.03,1.0,False,low,slow,real/gradual/K=3/low/slow/global/balanced/clean,0.0,-0.02310526315789474
scn-47250dac2dfb,2027,PageHinkley-up,0.9661578947368421,0.034150499000134005,0,3.0,0.0,0.0,3.0,0.0,0.0,,0.0,0.0,1.0,,,inf,10000.0,,,0.0,10000.0,hyperplane_gauss,20000,20,0.5,0.0,3,real,gradual,1000,0.03,1.0,False,low,slow,real/gradual/K=3/low/slow/global/balanced/clean,0.0,-0.02310526315789474
scn-47250dac2dfb,2027,DDM,0.9597368421052631,0.036086415000227134,1,3.0,1.0,0.0,3.0,1.0,0.0,0.0,0.0,0.0,1.0,,,10000.0,10000.0,,,0.1,10000.0,hyperplane_gauss,20000,20,0.5,0.0,3,real,gradual,1000,0.03,1.0,False,low,slow,real/gradual/K=3/low/slow/global/balanced/clean,-0.006421052631578994,-0.016684210526315746
scn-47250dac2dfb,2027,EDDM,0.9605263157894737,0.02935374699973181,1,3.0,1.0,0.0,3.0,1.0,0.0,0.0,0.0,0.0,1.0,,,10000.0,10000.0,,,0.1,10000.0,hyperplane_gauss,20000,20,0.5,0.0,3,real,gradual,1000,0.03,1.0,False,low,slow,real/gradual/K=3/low/slow/global/balanced/clean,-0.005631578947368432,-0.017473684210526308
scn-47250dac2dfb,2027,HDDM_A,0.9661578947368421,0.113304572999823,0,3.0,0.0,0.0,3.0,0.0,0.0,,0.0,0.0,1.0,,,inf,10000.0,,,0.0,10000.0,hyperplane_gauss,20000,20,0.5,0.0,3,real,gradual,1000,0.03,1.0,False,low,slow,real/gradual/K=3/low/slow/global/balanced/clean,0.0,-0.02310526315789474
scn-47250dac2dfb,2027,HDDM_W,0.9661578947368421,0.07430236099980903,0,3.0,0.0,0.0,3.0,0.0,0.0,,0.0,0.0,1.0,,,inf,10000.0,,,0.0,10000.0,hyperplane_gauss,20000,20,0.5,0.0,3,real,gradual,1000,0.03,1.0,False,low,slow,real/gradual/K=3/low/slow/global/balanced/clean,0.0,-0.02310526315789474
scn-47250dac2dfb,2027,FHDDM,0.9661578947368421,0.03131884000003993,0,3.0,0.0,0.0,3.0,0.0,0.0,,0.0,0.0,1.0,,,inf,10000.0,,,0.0,10000.0,hyperplane_gauss,20000,20,0.5,0.0,3,real,gradual,1000,0.03,1.0,False,low,slow,real/gradual/K=3/low/slow/global/balanced/clean,0.0,-0.02310526315789474
scn-47250dac2dfb,2027,NoDrift,0.9661578947368421,0.025441696999678243,0,3.0,0.0,0.0,3.0,0.0,0.0,,0.0,0.0,1.0,,,inf,10000.0,,,0.0,10000.0,hyperplane_gauss,20000,20,0.5,0.0,3,real,gradual,1000,0.03,1.0,False,low,slow,real/gradual/K=3/low/slow/global/balanced/clean,0.0,-0.02310526315789474
scn-47250dac2dfb,2027,Periodic(2000),0.9080526315789473,0.027598097000009147,9,3.0,9.0,3.0,0.0,5.0,1.0,0.3333333333333333,1.0,0.5,0.0,1333.6666666666667,1667.0,2000.0,2000.0,1.4996250937265683,1.4996250937265683,0.5,10000.0,hyperplane_gauss,20000,20,0.5,0.0,3,real,gradual,1000,0.03,1.0,False,low,slow,real/gradual/K=3/low/slow/global/balanced/clean,-0.05810526315789477,0.03500000000000003
scn-47250dac2dfb,2027,Oracle,0.9430526315789474,0.03209580999964601,3,3.0,3.0,3.0,0.0,0.0,0.0,1.0,1.0,1.0,0.0,501.0,501.0,inf,10000.0,inf,19.960079840319363,0.0,10000.0,hyperplane_gauss,20000,20,0.5,0.0,3,real,gradual,1000,0.03,1.0,False,low,slow,real/gradual/K=3/low/slow/global/balanced/clean,-0.02310526315789474,-0.0
scn-47250dac2dfb,2028,ADWIN,0.9287368421052632,0.04027935000021898,7,3.0,7.0,1.0,2.0,3.0,3.0,0.14285714285714285,0.3333333333333333,0.2,0.6666666666666667,259.0,259.0,3333.3333333333335,3333.3333333333335,4.290004290004289,4.290004290004289,0.3,10000.0,hyperplane_gauss,20000,20,0.5,0.0,3,real,gradual,1000,0.03,1.0,False,low,slow,real/gradual/K=3/low/slow/global/balanced/clean,-0.03068421052631576,0.008526315789473604
scn-47250dac2dfb,2028,KSWIN,0.959421052631579,4.224946635999913,0,3.0,0.0,0.0,3.0,0.0,0.0,,0.0,0.0,1.0,,,inf,10000.0,,,0.0,10000.0,hyperplane_gauss,20000,20,0.5,0.0,3,real,gradual,1000,0.03,1.0,False,low,slow,real/gradual/K=3/low/slow/global/balanced/clean,0.0,-0.022157894736842154
scn-47250dac2dfb,2028,PageHinkley,0.8847894736842106,0.06343453800036514,17,3.0,17.0,2.0,1.0,9.0,6.0,0.11764705882352941,0.6666666666666666,0.2,0.33333333333333337,277.0,277.0,1111.111111111111,1111.111111111111,2.6741542987030353,2.6741542987030353,0.9,10000.0,hyperplane_gauss,20000,20,0.5,0.0,3,real,gradual,1000,0.03,1.0,False,low,slow,real/gradual/K=3/low/slow/global/balanced/clean,-0.07463157894736838,0.05247368421052623
scn-47250dac2dfb,2028,PageHinkley-up,0.959421052631579,0.0346271240000533,0,3.0,0.0,0.0,3.0,0.0,0.0,,0.0,0.0,1.0,,,inf,10000.0,,,0.0,10000.0,hyperplane_gauss,20000,20,0.5,0.0,3,real,gradual,1000,0.03,1.0,False,low,slow,real/gradual/K=3/low/slow/global/balanced/clean,0.0,-0.022157894736842154
scn-47250dac2dfb,2028,DDM,0.959421052631579,0.03395082999986698,0,3.0,0.0,0.0,3.0,0.0,0.0,,0.0,0.0,1.0,,,inf,10000.0,,,0.0,10000.0,hyperplane_gauss,20000,20,0.5,0.0,3,real,gradual,1000,0.03,1.0,False,low,slow,real/gradual/K=3/low/slow/global/balanced/clean,0.0,-0.022157894736842154
scn-47250dac2dfb,2028,EDDM,0.959421052631579,0.029565879000074347,0,3.0,0.0,0.0,3.0,0.0,0.0,,0.0,0.0,1.0,,,inf,10000.0,,,0.0,10000.0,hyperplane_gauss,20000,20,0.5,0.0,3,real,gradual,1000,0.03,1.0,False,low,slow,real/gradual/K=3/low/slow/global/balanced/clean,0.0,-0.022157894736842154
scn-47250dac2dfb,2028,HDDM_A,0.959421052631579,0.11514700999987326,0,3.0,0.0,0.0,3.0,0.0,0.0,,0.0,0.0,1.0,,,inf,10000.0,,,0.0,10000.0,hyperplane_gauss,20000,20,0.5,0.0,3,real,gradual,1000,0.03,1.0,False,low,slow,real/gradual/K=3/low/slow/global/balanced/clean,0.0,-0.022157894736842154
scn-47250dac2dfb,2028,HDDM_W,0.959421052631579,0.0745228020000468,0,3.0,0.0,0.0,3.0,0.0,0.0,,0.0,0.0,1.0,,,inf,10000.0,,,0.0,10000.0,hyperplane_gauss,20000,20,0.5,0.0,3,real,gradual,1000,0.03,1.0,False,low,slow,real/gradual/K=3/low/slow/global/balanced/clean,0.0,-0.022157894736842154
scn-47250dac2dfb,2028,FHDDM,0.959421052631579,0.031737527000132104,0,3.0,0.0,0.0,3.0,0.0,0.0,,0.0,0.0,1.0,,,inf,10000.0,,,0.0,10000.0,hyperplane_gauss,20000,20,0.5,0.0,3,real,gradual,1000,0.03,1.0,False,low,slow,real/gradual/K=3/low/slow/global/balanced/clean,0.0,-0.022157894736842154
scn-47250dac2dfb,2028,NoDrift,0.959421052631579,0.0254285340001843,0,3.0,0.0,0.0,3.0,0.0,0.0,,0.0,0.0,1.0,,,inf,10000.0,,,0.0,10000.0,hyperplane_gauss,20000,20,0.5,0.0,3,real,gradual,1000,0.03,1.0,False,low,slow,real/gradual/K=3/low/slow/global/balanced/clean,0.0,-0.022157894736842154
scn-47250dac2dfb,2028,Periodic(2000),0.9019473684210526,0.027886781000233896,9,3.0,9.0,3.0,0.0,5.0,1.0,0.3333333333333333,1.0,0.5,0.0,1333.6666666666667,1667.0,2000.0,2000.0,1.4996250937265683,1.4996250937265683,0.5,10000.0,hyperplane_gauss,20000,20,0.5,0.0,3,real,gradual,1000,0.03,1.0,False,low,slow,real/gradual/K=3/low/slow/global/balanced/clean,-0.05747368421052634,0.03531578947368419
scn-47250dac2dfb,2028,Oracle,0.9372631578947368,0.032231537000370736,3,3.0,3.0,3.0,0.0,0.0,0.0,1.0,1.0,1.0,0.0,501.0,501.0,inf,10000.0,inf,19.960079840319363,0.0,10000.0,hyperplane_gauss,20000,20,0.5,0.0,3,real,gradual,1000,0.03,1.0,False,low,slow,real/gradual/K=3/low/slow/global/balanced/clean,-0.022157894736842154,-0.0
scn-47250dac2dfb,2029,ADWIN,0.8935263157894737,0.046531497000160016,13,3.0,13.0,2.0,1.0,6.0,5.0,0.15384615384615385,0.6666666666666666,0.25,0.33333333333333337,609.5,609.5,1666.6666666666667,1666.6666666666667,1.822987877130617,1.822987877130617,0.6,10000.0,hyperplane_gauss,20000,20,0.5,0.0,3,real,gradual,1000,0.03,1.0,False,low,slow,real/gradual/K=3/low/slow/global/balanced/clean,-0.06968421052631579,0.04321052631578948
scn-47250dac2dfb,2029,KSWIN,0.9632105263157895,4.111176541000077,0,3.0,0.0,0.0,3.0,0.0,0.0,,0.0,0.0,1.0,,,inf,10000.0,,,0.0,10000.0,hyperplane_gauss,20000,20,0.5,0.0,3,real,gradual,1000,0.03,1.0,False,low,slow,real/gradual/K=3/low/slow/global/balanced/clean,0.0,-0.026473684210526316
scn-47250dac2dfb,2029,PageHinkley,0.8791052631578947,0.07748916100035785,20,3.0,20.0,2.0,1.0,11.0,7.0,0.1,0.6666666666666666,0.1739130434782609,0.33333333333333337,313.5,313.5,909.0909090909091,909.0909090909091,1.933207674834469,1.933207674834469,1.1,10000.0,hyperplane_gauss,20000,20,0.5,0.0,3,real,gradual,1000,0.03,1.0,False,low,slow,real/gradual/K=3/low/slow/global/balanced/clean,-0.0841052631578948,0.05763157894736848
scn-47250dac2dfb,2029,PageHinkley-up,0.9632105263157895,0.036371247000261064,0,3.0,0.0,0.0,3.0,0.0,0.0,,0.0,0.0,1.0,,,inf,10000.0,,,0.0,10000.0,hyperplane_gauss,20000,20,0.5,0.0,3,real,gradual,1000,0.03,1.0,False,low,slow,real/gradual/K=3/low/slow/global/balanced/clean,0.0,-0.026473684210526316
scn-47250dac2dfb,2029,DDM,0.9632105263157895,0.034989445000064734,0,3.0,0.0,0.0,3.0,0.0,0.0,,0.0,0.0,1.0,,,inf,10000.0,,,0.0,10000.0,hyperplane_gauss,20000,20,0.5,0.0,3,real,gradual,1000,0.03,1.0,False,low,slow,real/gradual/K=3/low/slow/global/balanced/clean,0.0,-0.026473684210526316
scn-47250dac2dfb,2029,EDDM,0.9466842105263158,0.042600578000019595,6,3.0,6.0,0.0,3.0,6.0,0.0,0.0,0.0,0.0,1.0,,,1666.6666666666667,1666.6666666666667,,,0.6,10000.0,hyperplane_gauss,20000,20,0.5,0.0,3,real,gradual,1000,0.03,1.0,False,low,slow,real/gradual/K=3/low/slow/global/balanced/clean,-0.016526315789473722,-0.009947368421052594
scn-47250dac2dfb,2029,HDDM_A,0.9632105263157895,0.11739401099976021,0,3.0,0.0,0.0,3.0,0.0,0.0,,0.0,0.0,1.0,,,inf,10000.0,,,0.0,10000.0,hyperplane_gauss,20000,20,0.5,0.0,3,real,gradual,1000,0.03,1.0,False,low,slow,real/gradual/K=3/low/slow/global/balanced/clean,0.0,-0.026473684210526316
scn-47250dac2dfb,2029,HDDM_W,0.9632105263157895,0.07634750699980941,0,3.0,0.0,0.0,3.0,0.0,0.0,,0.0,0.0,1.0,,,inf,10000.0,,,0.0,10000.0,hyperplane_gauss,20000,20,0.5,0.0,3,real,gradual,1000,0.03,1.0,False,low,slow,real/gradual/K=3/low/slow/global/balanced/clean,0.0,-0.026473684210526316
scn-47250dac2dfb,2029,FHDDM,0.9632105263157895,0.032307751000189455,0,3.0,0.0,0.0,3.0,0.0,0.0,,0.0,0.0,1.0,,,inf,10000.0,,,0.0,10000.0,hyperplane_gauss,20000,20,0.5,0.0,3,real,gradual,1000,0.03,1.0,False,low,slow,real/gradual/K=3/low/slow/global/balanced/clean,0.0,-0.026473684210526316
scn-47250dac2dfb,2029,NoDrift,0.9632105263157895,0.02535937799984822,0,3.0,0.0,0.0,3.0,0.0,0.0,,0.0,0.0,1.0,,,inf,10000.0,,,0.0,10000.0,hyperplane_gauss,20000,20,0.5,0.0,3,real,gradual,1000,0.03,1.0,False,low,slow,real/gradual/K=3/low/slow/global/balanced/clean,0.0,-0.026473684210526316
scn-47250dac2dfb,2029,Periodic(2000),0.9029473684210526,0.028091626999867003,9,3.0,9.0,3.0,0.0,5.0,1.0,0.3333333333333333,1.0,0.5,0.0,1333.6666666666667,1667.0,2000.0,2000.0,1.4996250937265683,1.4996250937265683,0.5,10000.0,hyperplane_gauss,20000,20,0.5,0.0,3,real,gradual,1000,0.03,1.0,False,low,slow,real/gradual/K=3/low/slow/global/balanced/clean,-0.06026315789473691,0.03378947368421059
scn-47250dac2dfb,2029,Oracle,0.9367368421052632,0.03184528500014494,3,3.0,3.0,3.0,0.0,0.0,0.0,1.0,1.0,1.0,0.0,501.0,501.0,inf,10000.0,inf,19.960079840319363,0.0,10000.0,hyperplane_gauss,20000,20,0.5,0.0,3,real,gradual,1000,0.03,1.0,False,low,slow,real/gradual/K=3/low/slow/global/balanced/clean,-0.026473684210526316,-0.0
scn-ff551b44c621,2027,ADWIN,0.9657894736842105,0.029794863000006444,0,3.0,0.0,0.0,3.0,0.0,0.0,,0.0,0.0,1.0,,,inf,7000.0,,,0.0,7000.0,hyperplane_gauss,20000,20,0.5,0.0,3,real,gradual,2000,0.03,1.0,False,low,slow,real/gradual/K=3/low/slow/global/balanced/clean,0.0,-0.022368421052631593
scn-ff551b44c621,2027,KSWIN,0.9657894736842105,4.089988984000229,0,3.0,0.0,0.0,3.0,0.0,0.0,,0.0,0.0,1.0,,,inf,7000.0,,,0.0,7000.0,hyperplane_gauss,20000,20,0.5,0.0,3,real,gradual,2000,0.03,1.0,False,low,slow,real/gradual/K=3/low/slow/global/balanced/clean,0.0,-0.022368421052631593
scn-ff551b44c621,2027,PageHinkley,0.9657894736842105,0.03537684000002628,0,3.0,0.0,0.0,3.0,0.0,0.0,,0.0,0.0,1.0,,,inf,7000.0,,,0.0,7000.0,hyperplane_gauss,20000,20,0.5,0.0,3,real,gradual,2000,0.03,1.0,False,low,slow,real/gradual/K=3/low/slow/global/balanced/clean,0.0,-0.022368421052631593
scn-ff551b44c621,2027,PageHinkley-up,0.9657894736842105,0.04425215799983562,0,3.0,0.0,0.0,3.0,0.0,0.0,,0.0,0.0,1.0,,,inf,7000.0,,,0.0,7000.0,hyperplane_gauss,20000,20,0.5,0.0,3,real,gradual,2000,0.03,1.0,False,low,slow,real/gradual/K=3/low/slow/global/balanced/clean,0.0,-0.022368421052631593
scn-ff551b44c621,2027,DDM,0.9596315789473684,0.036653267000019696,1,3.0,1.0,0.0,3.0,1.0,0.0,0.0,0.0,0.0,1.0,,,7000.0,7000.0,,,0.14285714285714285,7000.0,hyperplane_gauss,20000,20,0.5,0.0,3,real,gradual,2000,0.03,1.0,False,low,slow,real/gradual/K=3/low/slow/global/balanced/clean,-0.00615789473684214,-0.016210526315789453
scn-ff551b44c621,2027,EDDM,0.9602631578947368,0.02987487800010058,1,3.0,1.0,0.0,3.0,1.0,0.0,0.0,0.0,0.0,1.0,,,7000.0,7000.0,,,0.14285714285714285,7000.0,hyperplane_gauss,20000,20,0.5,0.0,3,real,gradual,2000,0.03,1.0,False,low,slow,real/gradual/K=3/low/slow/global/balanced/clean,-0.0055263157894737125,-0.01684210526315788
scn-ff551b44c621,2027,HDDM_A,0.9657894736842105,0.11424639899996691,0,3.0,0.0,0.0,3.0,0.0,0.0,,0.0,0.0,1.0,,,inf,7000.0,,,0.0,7000.0,hyperplane_gauss,20000,20,0.5,0.0,3,real,gradual,2000,0.03,1.0,False,low,slow,real/gradual/K=3/low/slow/global/balanced/clean,0.0,-0.022368421052631593
scn-ff551b44c621,2027,HDDM_W,0.9657894736842105,0.07358943300005194,0,3.0,0.0,0.0,3.0,0.0,0.0,,0.0,0.0,1.0,,,inf,7000.0,,,0.0,7000.0,hyperplane_gauss,20000,20,0.5,0.0,3,real,gradual,2000,0.03,1.0,False,low,slow,real/gradual/K=3/low/slow/global/balanced/clean,0.0,-0.022368421052631593
scn-ff551b44c621,2027,FHDDM,0.9657894736842105,0.03195045900019977,0,3.0,0.0,0.0,3.0,0.0,0.0,,0.0,0.0,1.0,,,inf,7000.0,,,0.0,7000.0,hyperplane_gauss,20000,20,0.5,0.0,3,real,gradual,2000,0.03,1.0,False,low,slow,real/gradual/K=3/low/slow/global/balanced/clean,0.0,-0.022368421052631593
scn-ff551b44c621,2027,NoDrift,0.9657894736842105,0.025767073999759305,0,3.0,0.0,0.0,3.0,0.0,0.0,,0.0,0.0,1.0,,,inf,7000.0,,,0.0,7000.0,hyperplane_gauss,20000,20,0.5,0.0,3,real,gradual,2000,0.03,1.0,False,low,slow,real/gradual/K=3/low/slow/global/balanced/clean,0.0,-0.022368421052631593
scn-ff551b44c621,2027,Periodic(2000),0.908,0.02780508500018186,9,3.0,9.0,3.0,0.0,3.0,3.0,0.3333333333333333,1.0,0.5,0.0,500.3333333333333,500.0,2333.3333333333335,2333.3333333333335,4.663557628247835,4.663557628247835,0.42857142857142855,7000.0,hyperplane_gauss,20000,20,0.5,0.0,3,real,gradual,2000,0.03,1.0,False,low,slow,real/gradual/K=3/low/slow/global/balanced/clean,-0.0577894736842105,0.03542105263157891
scn-ff551b44c621,2027,Oracle,0.9434210526315789,0.03239438999980848,3,3.0,3.0,3.0,0.0,0.0,0.0,1.0,1.0,1.0,0.0,1001.0,1001.0,inf,7000.0,inf,6.993006993006993,0.0,7000.0,hyperplane_gauss,20000,20,0.5,0.0,3,real,gradual,2000,0.03,1.0,False,low,slow,real/gradual/K=3/low/slow/global/balanced/clean,-0.022368421052631593,-0.0
scn-ff551b44c621,2028,ADWIN,0.9304210526315789,0.038250554999649466,6,3.0,6.0,1.0,2.0,2.0,3.0,0.16666666666666666,0.3333333333333333,0.2222222222222222,0.6666666666666667,215.0,215.0,3500.0,3500.0,5.426356589147286,5.426356589147286,0.2857142857142857,7000.0,hyperplane_gauss,20000,20,0.5,0.0,3,real,gradual,2000,0.03,1.0,False,low,slow,real/gradual/K=3/low/slow/global/balanced/clean,-0.02915789473684216,0.006263157894736859
scn-ff551b44c621,2028,KSWIN,0.9595789473684211,4.152396942999985,0,3.0,0.0,0.0,3.0,0.0,0.0,,0.0,0.0,1.0,,,inf,7000.0,,,0.0,7000.0,hyperplane_gauss,20000,20,0.5,0.0,3,real,gradual,2000,0.03,1.0,False,low,slow,real/gradual/K=3/low/slow/global/balanced/clean,0.0,-0.0228947368421053
scn-ff551b44c621,2028,PageHinkley,0.875421052631579,0.06889708700009578,20,3.0,20.0,2.0,1.0,10.0,8.0,0.1,0.6666666666666666,0.1739130434782609,0.33333333333333337,582.0,582.0,700.0,700.0,0.8018327605956471,0.8018327605956471,1.4285714285714286,7000.0,hyperplane_gauss,20000,20,0.5,0.0,3,real,gradual,2000,0.03,1.0,False,low,slow,real/gradual/K=3/low/slow/global/balanced/clean,-0.0841578947368421,0.0612631578947368
scn-ff551b44c621,2028,PageHinkley-up,0.9595789473684211,0.0358324740000171,0,3.0,0.0,0.0,3.0,0.0,0.0,,0.0,0.0,1.0,,,inf,7000.0,,,0.0,7000.0,hyperplane_gauss,20000,20,0.5,0.0,3,real,gradual,2000,0.03,1.0,False,low,slow,real/gradual/K=3/low/slow/global/balanced/clean,0.0,-0.0228947368421053
scn-ff551b44c621,2028,DDM,0.9595789473684211,0.03462688900026478,0,3.0,0.0,0.0,3.0,0.0,0.0,,0.0,0.0,1.0,,,inf,7000.0,,,0.0,7000.0,hyperplane_gauss,20000,20,0.5,0.0,3,real,gradual,2000,0.03,1.0,False,low,slow,real/gradual/K=3/low/slow/global/balanced/clean,0.0,-0.0228947368421053
scn-ff551b44c621,2028,EDDM,0.9595789473684211,0.03036807399985264,0,3.0,0.0,0.0,3.0,0.0,0.0,,0.0,0.0,1.0,,,inf,7000.0,,,0.0,7000.0,hyperplane_gauss,20000,20,0.5,0.0,3,real,gradual,2000,0.03,1.0,False,low,slow,real/gradual/K=3/low/slow/global/balanced/clean,0.0,-0.0228947368421053
scn-ff551b44c621,2028,HDDM_A,0.9595789473684211,0.11391763400024502,0,3.0,0.0,0.0,3.0,0.0,0.0,,0.0,0.0,1.0,,,inf,7000.0,,,0.0,7000.0,hyperplane_gauss,20000,20,0.5,0.0,3,real,gradual,2000,0.03,1.0,False,low,slow,real/gradual/K=3/low/slow/global/balanced/clean,0.0,-0.0228947368421053
scn-ff551b44c621,2028,HDDM_W,0.9595789473684211,0.0782421419999082,0,3.0,0.0,0.0,3.0,0.0,0.0,,0.0,0.0,1.0,,,inf,7000.0,,,0.0,7000.0,hyperplane_gauss,20000,20,0.5,0.0,3,real,gradual,2000,0.03,1.0,False,low,slow,real/gradual/K=3/low/slow/global/balanced/clean,0.0,-0.0228947368421053
scn-ff551b44c621,2028,FHDDM,0.9595789473684211,0.03307069099992077,0,3.0,0.0,0.0,3.0,0.0,0.0,,0.0,0.0,1.0,,,inf,7000.0,,,0.0,7000.0,hyperplane_gauss,20000,20,0.5,0.0,3,real,gradual,2000,0.03,1.0,False,low,slow,real/gradual/K=3/low/slow/global/balanced/clean,0.0,-0.0228947368421053
scn-ff551b44c621,2028,NoDrift,0.9595789473684211,0.026375424999969255,0,3.0,0.0,0.0,3.0,0.0,0.0,,0.0,0.0,1.0,,,inf,7000.0,,,0.0,7000.0,hyperplane_gauss,20000,20,0.5,0.0,3,real,gradual,2000,0.03,1.0,False,low,slow,real/gradual/K=3/low/slow/global/balanced/clean,0.0,-0.0228947368421053
scn-ff551b44c621,2028,Periodic(2000),0.9015263157894737,0.027946159999828524,9,3.0,9.0,3.0,0.0,3.0,3.0,0.3333333333333333,1.0,0.5,0.0,500.3333333333333,500.0,2333.3333333333335,2333.3333333333335,4.663557628247835,4.663557628247835,0.42857142857142855,7000.0,hyperplane_gauss,20000,20,0.5,0.0,3,real,gradual,2000,0.03,1.0,False,low,slow,real/gradual/K=3/low/slow/global/balanced/clean,-0.058052631578947356,0.035157894736842055
scn-ff551b44c621,2028,Oracle,0.9366842105263158,0.031871798999873135,3,3.0,3.0,3.0,0.0,0.0,0.0,1.0,1.0,1.0,0.0,1001.0,1001.0,inf,7000.0,inf,6.993006993006993,0.0,7000.0,hyperplane_gauss,20000,20,0.5,0.0,3,real,gradual,2000,0.03,1.0,False,low,slow,real/gradual/K=3/low/slow/global/balanced/clean,-0.0228947368421053,-0.0
scn-ff551b44c621,2029,ADWIN,0.8961578947368422,0.04660039800000959,13,3.0,13.0,2.0,1.0,4.0,7.0,0.15384615384615385,0.6666666666666666,0.25,0.33333333333333337,197.5,197.5,1750.0,1750.0,5.90717299578059,5.90717299578059,0.5714285714285714,7000.0,hyperplane_gauss,20000,20,0.5,0.0,3,real,gradual,2000,0.03,1.0,False,low,slow,real/gradual/K=3/low/slow/global/balanced/clean,-0.06721052631578939,0.04052631578947363
scn-ff551b44c621,2029,KSWIN,0.9633684210526315,4.145514671000001,0,3.0,0.0,0.0,3.0,0.0,0.0,,0.0,0.0,1.0,,,inf,7000.0,,,0.0,7000.0,hyperplane_gauss,20000,20,0.5,0.0,3,real,gradual,2000,0.03,1.0,False,low,slow,real/gradual/K=3/low/slow/global/balanced/clean,0.0,-0.026684210526315755
scn-ff551b44c621,2029,PageHinkley,0.875,0.07160763299998507,21,3.0,21.0,2.0,1.0,9.0,10.0,0.09523809523809523,0.6666666666666666,0.16666666666666666,0.33333333333333337,588.5,588.5,777.7777777777778,777.7777777777778,0.8810849932345259,0.8810849932345259,1.2857142857142858,7000.0,hyperplane_gauss,20000,20,0.5,0.0,3,real,gradual,2000,0.03,1.0,False,low,slow,real/gradual/K=3/low/slow/global/balanced/clean,-0.08836842105263154,0.061684210526315786
scn-ff551b44c621,2029,PageHinkley-up,0.9633684210526315,0.03456845099981365,0,3.0,0.0,0.0,3.0,0.0,0.0,,0.0,0.0,1.0,,,inf,7000.0,,,0.0,7000.0,hyperplane_gauss,20000,20,0.5,0.0,3,real,gradual,2000,0.03,1.0,False,low,slow,real/gradual/K=3/low/slow/global/balanced/clean,0.0,-0.026684210526315755
scn-ff551b44c621,2029,DDM,0.9633684210526315,0.03470366700003069,0,3.0,0.0,0.0,3.0,0.0,0.0,,0.0,0.0,1.0,,,inf,7000.0,,,0.0,7000.0,hyperplane_gauss,20000,20,0.5,0.0,3,real,gradual,2000,0.03,1.0,False,low,slow,real/gradual/K=3/low/slow/global/balanced/clean,0.0,-0.026684210526315755
scn-ff551b44c621,2029,EDDM,0.9466842105263158,0.042370067999854655,6,3.0,6.0,1.0,2.0,5.0,0.0,0.16666666666666666,0.3333333333333333,0.2222222222222222,0.6666666666666667,9.0,9.0,1400.0,1400.0,51.85185185185183,51.85185185185183,0.7142857142857143,7000.0,hyperplane_gauss,20000,20,0.5,0.0,3,real,gradual,2000,0.03,1.0,False,low,slow,real/gradual/K=3/low/slow/global/balanced/clean,-0.016684210526315746,-0.010000000000000009
scn-ff551b44c621,2029,HDDM_A,0.9633684210526315,0.11756941300018298,0,3.0,0.0,0.0,3.0,0.0,0.0,,0.0,0.0,1.0,,,inf,7000.0,,,0.0,7000.0,hyperplane_gauss,20000,20,0.5,0.0,3,real,gradual,2000,0.03,1.0,False,low,slow,real/gradual/K=3/low/slow/global/balanced/clean,0.0,-0.026684210526315755
scn-ff551b44c621,2029,HDDM_W,0.9633684210526315,0.07664148799995019,0,3.0,0.0,0.0,3.0,0.0,0.0,,0.0,0.0,1.0,,,inf,7000.0,,,0.0,7000.0,hyperplane_gauss,20000,20,0.5,0.0,3,real,gradual,2000,0.03,1.0,False,low,slow,real/gradual/K=3/low/slow/global/balanced/clean,0.0,-0.026684210526315755
scn-ff551b44c621,2029,FHDDM,0.9633684210526315,0.03266260100008367,0,3.0,0.0,0.0,3.0,0.0,0.0,,0.0,0.0,1.0,,,inf,7000.0,,,0.0,7000.0,hyperplane_gauss,20000,20,0.5,0.0,3,real,gradual,2000,0.03,1.0,False,low,slow,real/gradual/K=3/low/slow/global/balanced/clean,0.0,-0.026684210526315755
scn-ff551b44c621,2029,NoDrift,0.9633684210526315,0.025562200999956985,0,3.0,0.0,0.0,3.0,0.0,0.0,,0.0,0.0,1.0,,,inf,7000.0,,,0.0,7000.0,hyperplane_gauss,20000,20,0.5,0.0,3,real,gradual,2000,0.03,1.0,False,low,slow,real/gradual/K=3/low/slow/global/balanced/clean,0.0,-0.026684210526315755
scn-ff551b44c621,2029,Periodic(2000),0.9026842105263158,0.028275570000005246,9,3.0,9.0,3.0,0.0,3.0,3.0,0.3333333333333333,1.0,0.5,0.0,500.3333333333333,500.0,2333.3333333333335,2333.3333333333335,4.663557628247835,4.663557628247835,0.42857142857142855,7000.0,hyperplane_gauss,20000,20,0.5,0.0,3,real,gradual,2000,0.03,1.0,False,low,slow,real/gradual/K=3/low/slow/global/balanced/clean,-0.060684210526315785,0.03400000000000003
scn-ff551b44c621,2029,Oracle,0.9366842105263158,0.032489854999766976,3,3.0,3.0,3.0,0.0,0.0,0.0,1.0,1.0,1.0,0.0,1001.0,1001.0,inf,7000.0,inf,6.993006993006993,0.0,7000.0,hyperplane_gauss,20000,20,0.5,0.0,3,real,gradual,2000,0.03,1.0,False,low,slow,real/gradual/K=3/low/slow/global/balanced/clean,-0.026684210526315755,-0.0
scn-c733ef077d29,2027,ADWIN,0.9651052631578947,0.029733255000337522,0,3.0,0.0,0.0,3.0,0.0,0.0,,0.0,0.0,1.0,,,inf,1000.0,,,0.0,1000.0,hyperplane_gauss,20000,20,0.5,0.0,3,real,gradual,4000,0.03,1.0,False,low,slow,real/gradual/K=3/low/slow/global/balanced/clean,0.0,-0.02299999999999991
scn-c733ef077d29,2027,KSWIN,0.9651052631578947,4.201624633999927,0,3.0,0.0,0.0,3.0,0.0,0.0,,0.0,0.0,1.0,,,inf,1000.0,,,0.0,1000.0,hyperplane_gauss,20000,20,0.5,0.0,3,real,gradual,4000,0.03,1.0,False,low,slow,real/gradual/K=3/low/slow/global/balanced/clean,0.0,-0.02299999999999991
scn-c733ef077d29,2027,PageHinkley,0.9651052631578947,0.03534270699992703,0,3.0,0.0,0.0,3.0,0.0,0.0,,0.0,0.0,1.0,,,inf,1000.0,,,0.0,1000.0,hyperplane_gauss,20000,20,0.5,0.0,3,real,gradual,4000,0.03,1.0,False,low,slow,real/gradual/K=3/low/slow/global/balanced/clean,0.0,-0.02299999999999991
scn-c733ef077d29,2027,PageHinkley-up,0.9651052631578947,0.03475799099987853,0,3.0,0.0,0.0,3.0,0.0,0.0,,0.0,0.0,1.0,,,inf,1000.0,,,0.0,1000.0,hyperplane_gauss,20000,20,0.5,0.0,3,real,gradual,4000,0.03,1.0,False,low,slow,real/gradual/K=3/low/slow/global/balanced/clean,0.0,-0.02299999999999991
scn-c733ef077d29,2027,DDM,0.9592631578947368,0.03656478099992455,1,3.0,1.0,0.0,3.0,1.0,0.0,0.0,0.0,0.0,1.0,,,1000.0,1000.0,,,1.0,1000.0,hyperplane_gauss,20000,20,0.5,0.0,3,real,gradual,4000,0.03,1.0,False,low,slow,real/gradual/K=3/low/slow/global/balanced/clean,-0.005842105263157871,-0.01715789473684204
scn-c733ef077d29,2027,EDDM,0.9603157894736842,0.029749419999916427,1,3.0,1.0,1.0,2.0,0.0,0.0,1.0,0.3333333333333333,0.5,0.6666666666666667,724.0,724.0,inf,1000.0,inf,0.4604051565377531,0.0,1000.0,hyperplane_gauss,20000,20,0.5,0.0,3,real,gradual,4000,0.03,1.0,False,low,slow,real/gradual/K=3/low/slow/global/balanced/clean,-0.004789473684210455,-0.018210526315789455
scn-c733ef077d29,2027,HDDM_A,0.9651052631578947,0.11678815599998416,0,3.0,0.0,0.0,3.0,0.0,0.0,,0.0,0.0,1.0,,,inf,1000.0,,,0.0,1000.0,hyperplane_gauss,20000,20,0.5,0.0,3,real,gradual,4000,0.03,1.0,False,low,slow,real/gradual/K=3/low/slow/global/balanced/clean,0.0,-0.02299999999999991
scn-c733ef077d29,2027,HDDM_W,0.9651052631578947,0.0749633789996551,0,3.0,0.0,0.0,3.0,0.0,0.0,,0.0,0.0,1.0,,,inf,1000.0,,,0.0,1000.0,hyperplane_gauss,20000,20,0.5,0.0,3,real,gradual,4000,0.03,1.0,False,low,slow,real/gradual/K=3/low/slow/global/balanced/clean,0.0,-0.02299999999999991
scn-c733ef077d29,2027,FHDDM,0.9651052631578947,0.03464829099993949,0,3.0,0.0,0.0,3.0,0.0,0.0,,0.0,0.0,1.0,,,inf,1000.0,,,0.0,1000.0,hyperplane_gauss,20000,20,0.5,0.0,3,real,gradual,4000,0.03,1.0,False,low,slow,real/gradual/K=3/low/slow/global/balanced/clean,0.0,-0.02299999999999991
scn-c733ef077d29,2027,NoDrift,0.9651052631578947,0.026006759999745555,0,3.0,0.0,0.0,3.0,0.0,0.0,,0.0,0.0,1.0,,,inf,1000.0,,,0.0,1000.0,hyperplane_gauss,20000,20,0.5,0.0,3,real,gradual,4000,0.03,1.0,False,low,slow,real/gradual/K=3/low/slow/global/balanced/clean,0.0,-0.02299999999999991
scn-c733ef077d29,2027,Periodic(2000),0.9068421052631579,0.02822810399993614,9,3.0,9.0,3.0,0.0,0.0,6.0,0.3333333333333333,1.0,0.5,0.0,1500.3333333333333,1500.0,inf,1000.0,inf,0.666518551433015,0.0,1000.0,hyperplane_gauss,20000,20,0.5,0.0,3,real,gradual,4000,0.03,1.0,False,low,slow,real/gradual/K=3/low/slow/global/balanced/clean,-0.058263157894736795,0.035263157894736885
scn-c733ef077d29,2027,Oracle,0.9421052631578948,0.0324308529998234,3,3.0,3.0,3.0,0.0,0.0,0.0,1.0,1.0,1.0,0.0,2001.0,2001.0,inf,1000.0,inf,0.49975012493753124,0.0,1000.0,hyperplane_gauss,20000,20,0.5,0.0,3,real,gradual,4000,0.03,1.0,False,low,slow,real/gradual/K=3/low/slow/global/balanced/clean,-0.02299999999999991,-0.0
scn-c733ef077d29,2028,ADWIN,0.9463684210526315,0.03280094900037511,3,3.0,3.0,1.0,2.0,0.0,2.0,0.3333333333333333,0.3333333333333333,0.3333333333333333,0.6666666666666667,3999.0,3999.0,inf,1000.0,inf,0.0833541718763024,0.0,1000.0,hyperplane_gauss,20000,20,0.5,0.0,3,real,gradual,4000,0.03,1.0,False,low,slow,real/gradual/K=3/low/slow/global/balanced/clean,-0.012947368421052707,-0.010315789473684167
scn-c733ef077d29,2028,KSWIN,0.9593157894736842,4.197436410000137,0,3.0,0.0,0.0,3.0,0.0,0.0,,0.0,0.0,1.0,,,inf,1000.0,,,0.0,1000.0,hyperplane_gauss,20000,20,0.5,0.0,3,real,gradual,4000,0.03,1.0,False,low,slow,real/gradual/K=3/low/slow/global/balanced/clean,0.0,-0.023263157894736874
scn-c733ef077d29,2028,PageHinkley,0.8888421052631579,0.060109574000307475,17,3.0,17.0,3.0,0.0,2.0,12.0,0.17647058823529413,1.0,0.3,0.0,2281.3333333333335,777.0,500.0,500.0,0.21917007597895966,0.21917007597895966,2.0,1000.0,hyperplane_gauss,20000,20,0.5,0.0,3,real,gradual,4000,0.03,1.0,False,low,slow,real/gradual/K=3/low/slow/global/balanced/clean,-0.07047368421052636,0.04721052631578948
scn-c733ef077d29,2028,PageHinkley-up,0.9593157894736842,0.0344929529996989,0,3.0,0.0,0.0,3.0,0.0,0.0,,0.0,0.0,1.0,,,inf,1000.0,,,0.0,1000.0,hyperplane_gauss,20000,20,0.5,0.0,3,real,gradual,4000,0.03,1.0,False,low,slow,real/gradual/K=3/low/slow/global/balanced/clean,0.0,-0.023263157894736874
scn-c733ef077d29,2028,DDM,0.9593157894736842,0.03425468700015699,0,3.0,0.0,0.0,3.0,0.0,0.0,,0.0,0.0,1.0,,,inf,1000.0,,,0.0,1000.0,hyperplane_gauss,20000,20,0.5,0.0,3,real,gradual,4000,0.03,1.0,False,low,slow,real/gradual/K=3/low/slow/global/balanced/clean,0.0,-0.023263157894736874
scn-c733ef077d29,2028,EDDM,0.9593157894736842,0.029467853999904037,0,3.0,0.0,0.0,3.0,0.0,0.0,,0.0,0.0,1.0,,,inf,1000.0,,,0.0,1000.0,hyperplane_gauss,20000,20,0.5,0.0,3,real,gradual,4000,0.03,1.0,False,low,slow,real/gradual/K=3/low/slow/global/balanced/clean,0.0,-0.023263157894736874
scn-c733ef077d29,2028,HDDM_A,0.9593157894736842,0.11380060099963885,0,3.0,0.0,0.0,3.0,0.0,0.0,,0.0,0.0,1.0,,,inf,1000.0,,,0.0,1000.0,hyperplane_gauss,20000,20,0.5,0.0,3,real,gradual,4000,0.03,1.0,False,low,slow,real/gradual/K=3/low/slow/global/balanced/clean,0.0,-0.023263157894736874
scn-c733ef077d29,2028,HDDM_W,0.9593157894736842,0.07844924400023956,0,3.0,0.0,0.0,3.0,0.0,0.0,,0.0,0.0,1.0,,,inf,1000.0,,,0.0,1000.0,hyperplane_gauss,20000,20,0.5,0.0,3,real,gradual,4000,0.03,1.0,False,low,slow,real/gradual/K=3/low/slow/global/balanced/clean,0.0,-0.023263157894736874
scn-c733ef077d29,2028,FHDDM,0.9593157894736842,0.03280251599971962,0,3.0,0.0,0.0,3.0,0.0,0.0,,0.0,0.0,1.0,,,inf,1000.0,,,0.0,1000.0,hyperplane_gauss,20000,20,0.5,0.0,3,real,gradual,4000,0.03,1.0,False,low,slow,real/gradual/K=3/low/slow/global/balanced/clean,0.0,-0.023263157894736874
scn-c733ef077d29,2028,NoDrift,0.9593157894736842,0.025381499000104668,0,3.0,0.0,0.0,3.0,0.0,0.0,,0.0,0.0,1.0,,,inf,1000.0,,,0.0,1000.0,hyperplane_gauss,20000,20,0.5,0.0,3,real,gradual,4000,0.03,1.0,False,low,slow,real/gradual/K=3/low/slow/global/balanced/clean,0.0,-0.023263157894736874
scn-c733ef077d29,2028,Periodic(2000),0.901578947368421,0.027592808999997942,9,3.0,9.0,3.0,0.0,0.0,6.0,0.3333333333333333,1.0,0.5,0.0,1500.3333333333333,1500.0,inf,1000.0,inf,0.666518551433015,0.0,1000.0,hyperplane_gauss,20000,20,0.5,0.0,3,real,gradual,4000,0.03,1.0,False,low,slow,real/gradual/K=3/low/slow/global/balanced/clean,-0.0577368421052632,0.03447368421052632
scn-c733ef077d29,2028,Oracle,0.9360526315789474,0.03165332700018553,3,3.0,3.0,3.0,0.0,0.0,0.0,1.0,1.0,1.0,0.0,2001.0,2001.0,inf,1000.0,inf,0.49975012493753124,0.0,1000.0,hyperplane_gauss,20000,20,0.5,0.0,3,real,gradual,4000,0.03,1.0,False,low,slow,real/gradual/K=3/low/slow/global/balanced/clean,-0.023263157894736874,-0.0
scn-c733ef077d29,2029,ADWIN,0.9009473684210526,0.043994109999857756,12,3.0,12.0,3.0,0.0,0.0,9.0,0.25,1.0,0.4,0.0,2289.6666666666665,1023.0,inf,1000.0,inf,0.43674479545785416,0.0,1000.0,hyperplane_gauss,20000,20,0.5,0.0,3,real,gradual,4000,0.03,1.0,False,low,slow,real/gradual/K=3/low/slow/global/balanced/clean,-0.06231578947368421,0.03510526315789475
scn-c733ef077d29,2029,KSWIN,0.9632631578947368,4.187082564999855,0,3.0,0.0,0.0,3.0,0.0,0.0,,0.0,0.0,1.0,,,inf,1000.0,,,0.0,1000.0,hyperplane_gauss,20000,20,0.5,0.0,3,real,gradual,4000,0.03,1.0,False,low,slow,real/gradual/K=3/low/slow/global/balanced/clean,0.0,-0.027210526315789463
scn-c733ef077d29,2029,PageHinkley,0.8752631578947369,0.06643154599987611,20,3.0,20.0,3.0,0.0,0.0,17.0,0.15,1.0,0.2608695652173913,0.0,1884.3333333333333,117.0,inf,1000.0,inf,0.5306916681408103,0.0,1000.0,hyperplane_gauss,20000,20,0.5,0.0,3,real,gradual,4000,0.03,1.0,False,low,slow,real/gradual/K=3/low/slow/global/balanced/clean,-0.08799999999999997,0.060789473684210504
scn-c733ef077d29,2029,PageHinkley-up,0.9632631578947368,0.0341456979999748,0,3.0,0.0,0.0,3.0,0.0,0.0,,0.0,0.0,1.0,,,inf,1000.0,,,0.0,1000.0,hyperplane_gauss,20000,20,0.5,0.0,3,real,gradual,4000,0.03,1.0,False,low,slow,real/gradual/K=3/low/slow/global/balanced/clean,0.0,-0.027210526315789463
scn-c733ef077d29,2029,DDM,0.9632631578947368,0.03367537599979187,0,3.0,0.0,0.0,3.0,0.0,0.0,,0.0,0.0,1.0,,,inf,1000.0,,,0.0,1000.0,hyperplane_gauss,20000,20,0.5,0.0,3,real,gradual,4000,0.03,1.0,False,low,slow,real/gradual/K=3/low/slow/global/balanced/clean,0.0,-0.027210526315789463
scn-c733ef077d29,2029,EDDM,0.9510526315789474,0.03846638200002417,4,3.0,4.0,1.0,2.0,0.0,3.0,0.25,0.3333333333333333,0.28571428571428575,0.6666666666666667,316.0,316.0,inf,1000.0,inf,1.0548523206751053,0.0,1000.0,hyperplane_gauss,20000,20,0.5,0.0,3,real,gradual,4000,0.03,1.0,False,low,slow,real/gradual/K=3/low/slow/global/balanced/clean,-0.01221052631578945,-0.015000000000000013
scn-c733ef077d29,2029,HDDM_A,0.9632631578947368,0.11514468299992586,0,3.0,0.0,0.0,3.0,0.0,0.0,,0.0,0.0,1.0,,,inf,1000.0,,,0.0,1000.0,hyperplane_gauss,20000,20,0.5,0.0,3,real,gradual,4000,0.03,1.0,False,low,slow,real/gradual/K=3/low/slow/global/balanced/clean,0.0,-0.027210526315789463
scn-c733ef077d29,2029,HDDM_W,0.9632631578947368,0.07498991300008129,0,3.0,0.0,0.0,3.0,0.0,0.0,,0.0,0.0,1.0,,,inf,1000.0,,,0.0,1000.0,hyperplane_gauss,20000,20,0.5,0.0,3,real,gradual,4000,0.03,1.0,False,low,slow,real/gradual/K=3/low/slow/global/balanced/clean,0.0,-0.027210526315789463
scn-c733ef077d29,2029,FHDDM,0.9632631578947368,0.03151630299998942,0,3.0,0.0,0.0,3.0,0.0,0.0,,0.0,0.0,1.0,,,inf,1000.0,,,0.0,1000.0,hyperplane_gauss,20000,20,0.5,0.0,3,real,gradual,4000,0.03,1.0,False,low,slow,real/gradual/K=3/low/slow/global/balanced/clean,0.0,-0.027210526315789463
scn-c733ef077d29,2029,NoDrift,0.9632631578947368,0.025125597000169364,0,3.0,0.0,0.0,3.0,0.0,0.0,,0.0,0.0,1.0,,,inf,1000.0,,,0.0,1000.0,hyperplane_gauss,20000,20,0.5,0.0,3,real,gradual,4000,0.03,1.0,False,low,slow,real/gradual/K=3/low/slow/global/balanced/clean,0.0,-0.027210526315789463
scn-c733ef077d29,2029,Periodic(2000),0.902578947368421,0.029474718000074063,9,3.0,9.0,3.0,0.0,0.0,6.0,0.3333333333333333,1.0,0.5,0.0,1500.3333333333333,1500.0,inf,1000.0,inf,0.666518551433015,0.0,1000.0,hyperplane_gauss,20000,20,0.5,0.0,3,real,gradual,4000,0.03,1.0,False,low,slow,real/gradual/K=3/low/slow/global/balanced/clean,-0.060684210526315785,0.03347368421052632
scn-c733ef077d29,2029,Oracle,0.9360526315789474,0.03250443400020231,3,3.0,3.0,3.0,0.0,0.0,0.0,1.0,1.0,1.0,0.0,2001.0,2001.0,inf,1000.0,inf,0.49975012493753124,0.0,1000.0,hyperplane_gauss,20000,20,0.5,0.0,3,real,gradual,4000,0.03,1.0,False,low,slow,real/gradual/K=3/low/slow/global/balanced/clean,-0.027210526315789463,-0.0
scn-5a6930bd3688,2027,ADWIN,0.9569473684210527,0.03023265599995284,0,3.0,0.0,0.0,3.0,0.0,0.0,,0.0,0.0,1.0,,,inf,12700.0,,,0.0,12700.0,hyperplane_gauss,20000,20,0.5,0.0,3,real,gradual,100,0.05,1.0,False,low,fast,real/gradual/K=3/low/fast/global/balanced/clean,0.0,-0.013421052631579
scn-5a6930bd3688,2027,KSWIN,0.9569473684210527,4.23053040800005,0,3.0,0.0,0.0,3.0,0.0,0.0,,0.0,0.0,1.0,,,inf,12700.0,,,0.0,12700.0,hyperplane_gauss,20000,20,0.5,0.0,3,real,gradual,100,0.05,1.0,False,low,fast,real/gradual/K=3/low/fast/global/balanced/clean,0.0,-0.013421052631579
scn-5a6930bd3688,2027,PageHinkley,0.9569473684210527,0.03633502699995006,0,3.0,0.0,0.0,3.0,0.0,0.0,,0.0,0.0,1.0,,,inf,12700.0,,,0.0,12700.0,hyperplane_gauss,20000,20,0.5,0.0,3,real,gradual,100,0.05,1.0,False,low,fast,real/gradual/K=3/low/fast/global/balanced/clean,0.0,-0.013421052631579
scn-5a6930bd3688,2027,PageHinkley-up,0.9569473684210527,0.03503400299996429,0,3.0,0.0,0.0,3.0,0.0,0.0,,0.0,0.0,1.0,,,inf,12700.0,,,0.0,12700.0,hyperplane_gauss,20000,20,0.5,0.0,3,real,gradual,100,0.05,1.0,False,low,fast,real/gradual/K=3/low/fast/global/balanced/clean,0.0,-0.013421052631579
scn-5a6930bd3688,2027,DDM,0.951421052631579,0.03895166499978586,1,3.0,1.0,0.0,3.0,1.0,0.0,0.0,0.0,0.0,1.0,,,12700.0,12700.0,,,0.07874015748031496,12700.0,hyperplane_gauss,20000,20,0.5,0.0,3,real,gradual,100,0.05,1.0,False,low,fast,real/gradual/K=3/low/fast/global/balanced/clean,-0.0055263157894737125,-0.007894736842105288
scn-5a6930bd3688,2027,EDDM,0.9532105263157895,0.030795044000115013,1,3.0,1.0,0.0,3.0,1.0,0.0,0.0,0.0,0.0,1.0,,,12700.0,12700.0,,,0.07874015748031496,12700.0,hyperplane_gauss,20000,20,0.5,0.0,3,real,gradual,100,0.05,1.0,False,low,fast,real/gradual/K=3/low/fast/global/balanced/clean,-0.0037368421052631495,-0.00968421052631585
scn-5a6930bd3688,2027,HDDM_A,0.9569473684210527,0.10374459600006958,0,3.0,0.0,0.0,3.0,0.0,0.0,,0.0,0.0,1.0,,,inf,12700.0,,,0.0,12700.0,hyperplane_gauss,20000,20,0.5,0.0,3,real,gradual,100,0.05,1.0,False,low,fast,real/gradual/K=3/low/fast/global/balanced/clean,0.0,-0.013421052631579
scn-5a6930bd3688,2027,HDDM_W,0.9569473684210527,0.07564504600031796,0,3.0,0.0,0.0,3.0,0.0,0.0,,0.0,0.0,1.0,,,inf,12700.0,,,0.0,12700.0,hyperplane_gauss,20000,20,0.5,0.0,3,real,gradual,100,0.05,1.0,False,low,fast,real/gradual/K=3/low/fast/global/balanced/clean,0.0,-0.013421052631579
scn-5a6930bd3688,2027,FHDDM,0.9569473684210527,0.03218330599975161,0,3.0,0.0,0.0,3.0,0.0,0.0,,0.0,0.0,1.0,,,inf,12700.0,,,0.0,12700.0,hyperplane_gauss,20000,20,0.5,0.0,3,real,gradual,100,0.05,1.0,False,low,fast,real/gradual/K=3/low/fast/global/balanced/clean,0.0,-0.013421052631579
scn-5a6930bd3688,2027,NoDrift,0.9569473684210527,0.02682730399965294,0,3.0,0.0,0.0,3.0,0.0,0.0,,0.0,0.0,1.0,,,inf,12700.0,,,0.0,12700.0,hyperplane_gauss,20000,20,0.5,0.0,3,real,gradual,100,0.05,1.0,False,low,fast,real/gradual/K=3/low/fast/global/balanced/clean,0.0,-0.013421052631579
scn-5a6930bd3688,2027,Periodic(2000),0.9079473684210526,0.02994553200005612,9,3.0,9.0,3.0,0.0,6.0,0.0,0.3333333333333333,1.0,0.5,0.0,1550.3333333333333,1550.0,2116.6666666666665,2116.6666666666665,1.3652977854224897,1.3652977854224897,0.47244094488188976,12700.0,hyperplane_gauss,20000,20,0.5,0.0,3,real,gradual,100,0.05,1.0,False,low,fast,real/gradual/K=3/low/fast/global/balanced/clean,-0.049000000000000044,0.03557894736842104
scn-5a6930bd3688,2027,Oracle,0.9435263157894737,0.03237913200018738,3,3.0,3.0,3.0,0.0,0.0,0.0,1.0,1.0,1.0,0.0,51.0,51.0,inf,12700.0,inf,249.01960784313727,0.0,12700.0,hyperplane_gauss,20000,20,0.5,0.0,3,real,gradual,100,0.05,1.0,False,low,fast,real/gradual/K=3/low/fast/global/balanced/clean,-0.013421052631579,-0.0
scn-5a6930bd3688,2028,ADWIN,0.9504736842105264,0.029801997000049596,0,3.0,0.0,0.0,3.0,0.0,0.0,,0.0,0.0,1.0,,,inf,12700.0,,,0.0,12700.0,hyperplane_gauss,20000,20,0.5,0.0,3,real,gradual,100,0.05,1.0,False,low,fast,real/gradual/K=3/low/fast/global/balanced/clean,0.0,-0.013263157894736866
scn-5a6930bd3688,2028,KSWIN,0.9504736842105264,4.183109326000249,0,3.0,0.0,0.0,3.0,0.0,0.0,,0.0,0.0,1.0,,,inf,12700.0,,,0.0,12700.0,hyperplane_gauss,20000,20,0.5,0.0,3,real,gradual,100,0.05,1.0,False,low,fast,real/gradual/K=3/low/fast/global/balanced/clean,0.0,-0.013263157894736866
scn-5a6930bd3688,2028,PageHinkley,0.8906315789473684,0.058155087000159256,15,3.0,15.0,2.0,1.0,9.0,4.0,0.13333333333333333,0.6666666666666666,0.2222222222222222,0.33333333333333337,24.0,24.0,1411.111111111111,1411.111111111111,39.19753086419753,39.19753086419753,0.7086614173228346,12700.0,hyperplane_gauss,20000,20,0.5,0.0,3,real,gradual,100,0.05,1.0,False,low,fast,real/gradual/K=3/low/fast/global/balanced/clean,-0.05984210526315792,0.04657894736842105
scn-5a6930bd3688,2028,PageHinkley-up,0.9504736842105264,0.035076322000350046,0,3.0,0.0,0.0,3.0,0.0,0.0,,0.0,0.0,1.0,,,inf,12700.0,,,0.0,12700.0,hyperplane_gauss,20000,20,0.5,0.0,3,real,gradual,100,0.05,1.0,False,low,fast,real/gradual/K=3/low/fast/global/balanced/clean,0.0,-0.013263157894736866
scn-5a6930bd3688,2028,DDM,0.9504736842105264,0.034359919000053196,0,3.0,0.0,0.0,3.0,0.0,0.0,,0.0,0.0,1.0,,,inf,12700.0,,,0.0,12700.0,hyperplane_gauss,20000,20,0.5,0.0,3,real,gradual,100,0.05,1.0,False,low,fast,real/gradual/K=3/low/fast/global/balanced/clean,0.0,-0.013263157894736866
scn-5a6930bd3688,2028,EDDM,0.951,0.03001455599996916,1,3.0,1.0,1.0,2.0,0.0,0.0,1.0,0.3333333333333333,0.5,0.6666666666666667,545.0,545.0,inf,12700.0,inf,7.767584097859325,0.0,12700.0,hyperplane_gauss,20000,20,0.5,0.0,3,real,gradual,100,0.05,1.0,False,low,fast,real/gradual/K=3/low/fast/global/balanced/clean,0.000526315789473597,-0.013789473684210463
scn-5a6930bd3688,2028,HDDM_A,0.9504736842105264,0.102881466999861,0,3.0,0.0,0.0,3.0,0.0,0.0,,0.0,0.0,1.0,,,inf,12700.0,,,0.0,12700.0,hyperplane_gauss,20000,20,0.5,0.0,3,real,gradual,100,0.05,1.0,False,low,fast,real/gradual/K=3/low/fast/global/balanced/clean,0.0,-0.013263157894736866
scn-5a6930bd3688,2028,HDDM_W,0.9504736842105264,0.07442981999975018,0,3.0,0.0,0.0,3.0,0.0,0.0,,0.0,0.0,1.0,,,inf,12700.0,,,0.0,12700.0,hyperplane_gauss,20000,20,0.5,0.0,3,real,gradual,100,0.05,1.0,False,low,fast,real/gradual/K=3/low/fast/global/balanced/clean,0.0,-0.013263157894736866
scn-5a6930bd3688,2028,FHDDM,0.9504736842105264,0.03180228099972737,0,3.0,0.0,0.0,3.0,0.0,0.0,,0.0,0.0,1.0,,,inf,12700.0,,,0.0,12700.0,hyperplane_gauss,20000,20,0.5,0.0,3,real,gradual,100,0.05,1.0,False,low,fast,real/gradual/K=3/low/fast/global/balanced/clean,0.0,-0.013263157894736866
scn-5a6930bd3688,2028,NoDrift,0.9504736842105264,0.02578301099993041,0,3.0,0.0,0.0,3.0,0.0,0.0,,0.0,0.0,1.0,,,inf,12700.0,,,0.0,12700.0,hyperplane_gauss,20000,20,0.5,0.0,3,real,gradual,100,0.05,1.0,False,low,fast,real/gradual/K=3/low/fast/global/balanced/clean,0.0,-0.013263157894736866
scn-5a6930bd3688,2028,Periodic(2000),0.9013684210526316,0.027582270999573666,9,3.0,9.0,3.0,0.0,6.0,0.0,0.3333333333333333,1.0,0.5,0.0,1550.3333333333333,1550.0,2116.6666666666665,2116.6666666666665,1.3652977854224897,1.3652977854224897,0.47244094488188976,12700.0,hyperplane_gauss,20000,20,0.5,0.0,3,real,gradual,100,0.05,1.0,False,low,fast,real/gradual/K=3/low/fast/global/balanced/clean,-0.04910526315789476,0.0358421052631579
scn-5a6930bd3688,2028,Oracle,0.9372105263157895,0.03190728800018405,3,3.0,3.0,3.0,0.0,0.0,0.0,1.0,1.0,1.0,0.0,51.0,51.0,inf,12700.0,inf,249.01960784313727,0.0,12700.0,hyperplane_gauss,20000,20,0.5,0.0,3,real,gradual,100,0.05,1.0,False,low,fast,real/gradual/K=3/low/fast/global/balanced/clean,-0.013263157894736866,-0.0
scn-5a6930bd3688,2029,ADWIN,0.9015263157894737,0.046157546999893384,13,3.0,13.0,2.0,1.0,10.0,1.0,0.15384615384615385,0.6666666666666666,0.25,0.33333333333333337,831.5,831.5,1270.0,1270.0,1.0182401282822209,1.0182401282822209,0.7874015748031497,12700.0,hyperplane_gauss,20000,20,0.5,0.0,3,real,gradual,100,0.05,1.0,False,low,fast,real/gradual/K=3/low/fast/global/balanced/clean,-0.05147368421052623,0.0358947368421052
scn-5a6930bd3688,2029,KSWIN,0.953,4.184744865000084,0,3.0,0.0,0.0,3.0,0.0,0.0,,0.0,0.0,1.0,,,inf,12700.0,,,0.0,12700.0,hyperplane_gauss,20000,20,0.5,0.0,3,real,gradual,100,0.05,1.0,False,low,fast,real/gradual/K=3/low/fast/global/balanced/clean,0.0,-0.015578947368421026
scn-5a6930bd3688,2029,PageHinkley,0.953,0.03585436599996683,0,3.0,0.0,0.0,3.0,0.0,0.0,,0.0,0.0,1.0,,,inf,12700.0,,,0.0,12700.0,hyperplane_gauss,20000,20,0.5,0.0,3,real,gradual,100,0.05,1.0,False,low,fast,real/gradual/K=3/low/fast/global/balanced/clean,0.0,-0.015578947368421026
scn-5a6930bd3688,2029,PageHinkley-up,0.953,0.03449661200011178,0,3.0,0.0,0.0,3.0,0.0,0.0,,0.0,0.0,1.0,,,inf,12700.0,,,0.0,12700.0,hyperplane_gauss,20000,20,0.5,0.0,3,real,gradual,100,0.05,1.0,False,low,fast,real/gradual/K=3/low/fast/global/balanced/clean,0.0,-0.015578947368421026
scn-5a6930bd3688,2029,DDM,0.953,0.034088690000317,0,3.0,0.0,0.0,3.0,0.0,0.0,,0.0,0.0,1.0,,,inf,12700.0,,,0.0,12700.0,hyperplane_gauss,20000,20,0.5,0.0,3,real,gradual,100,0.05,1.0,False,low,fast,real/gradual/K=3/low/fast/global/balanced/clean,0.0,-0.015578947368421026
scn-5a6930bd3688,2029,EDDM,0.939,0.04460895099964546,6,3.0,6.0,0.0,3.0,6.0,0.0,0.0,0.0,0.0,1.0,,,2116.6666666666665,2116.6666666666665,,,0.47244094488188976,12700.0,hyperplane_gauss,20000,20,0.5,0.0,3,real,gradual,100,0.05,1.0,False,low,fast,real/gradual/K=3/low/fast/global/balanced/clean,-0.014000000000000012,-0.0015789473684210131
scn-5a6930bd3688,2029,HDDM_A,0.953,0.10040966399992612,0,3.0,0.0,0.0,3.0,0.0,0.0,,0.0,0.0,1.0,,,inf,12700.0,,,0.0,12700.0,hyperplane_gauss,20000,20,0.5,0.0,3,real,gradual,100,0.05,1.0,False,low,fast,real/gradual/K=3/low/fast/global/balanced/clean,0.0,-0.015578947368421026
scn-5a6930bd3688,2029,HDDM_W,0.953,0.07547855900020295,0,3.0,0.0,0.0,3.0,0.0,0.0,,0.0,0.0,1.0,,,inf,12700.0,,,0.0,12700.0,hyperplane_gauss,20000,20,0.5,0.0,3,real,gradual,100,0.05,1.0,False,low,fast,real/gradual/K=3/low/fast/global/balanced/clean,0.0,-0.015578947368421026
scn-5a6930bd3688,2029,FHDDM,0.953,0.031692857000052754,0,3.0,0.0,0.0,3.0,0.0,0.0,,0.0,0.0,1.0,,,inf,12700.0,,,0.0,12700.0,hyperplane_gauss,20000,20,0.5,0.0,3,real,gradual,100,0.05,1.0,False,low,fast,real/gradual/K=3/low/fast/global/balanced/clean,0.0,-0.015578947368421026
scn-5a6930bd3688,2029,NoDrift,0.953,0.02544339999985823,0,3.0,0.0,0.0,3.0,0.0,0.0,,0.0,0.0,1.0,,,inf,12700.0,,,0.0,12700.0,hyperplane_gauss,20000,20,0.5,0.0,3,real,gradual,100,0.05,1.0,False,low,fast,real/gradual/K=3/low/fast/global/balanced/clean,0.0,-0.015578947368421026
scn-5a6930bd3688,2029,Periodic(2000),0.9027894736842105,0.027774730999681196,9,3.0,9.0,3.0,0.0,6.0,0.0,0.3333333333333333,1.0,0.5,0.0,1550.3333333333333,1550.0,2116.6666666666665,2116.6666666666665,1.3652977854224897,1.3652977854224897,0.47244094488188976,12700.0,hyperplane_gauss,20000,20,0.5,0.0,3,real,gradual,100,0.05,1.0,False,low,fast,real/gradual/K=3/low/fast/global/balanced/clean,-0.05021052631578948,0.03463157894736846
scn-5a6930bd3688,2029,Oracle,0.9374210526315789,0.031922717000270495,3,3.0,3.0,3.0,0.0,0.0,0.0,1.0,1.0,1.0,0.0,51.0,51.0,inf,12700.0,inf,249.01960784313727,0.0,12700.0,hyperplane_gauss,20000,20,0.5,0.0,3,real,gradual,100,0.05,1.0,False,low,fast,real/gradual/K=3/low/fast/global/balanced/clean,-0.015578947368421026,-0.0
scn-e4b64c4c4ca9,2027,ADWIN,0.957,0.029332096999951318,0,3.0,0.0,0.0,3.0,0.0,0.0,,0.0,0.0,1.0,,,inf,11800.0,,,0.0,11800.0,hyperplane_gauss,20000,20,0.5,0.0,3,real,gradual,400,0.05,1.0,False,low,fast,real/gradual/K=3/low/fast/global/balanced/clean,0.0,-0.013631578947368328
scn-e4b64c4c4ca9,2027,KSWIN,0.957,4.1710510949997115,0,3.0,0.0,0.0,3.0,0.0,0.0,,0.0,0.0,1.0,,,inf,11800.0,,,0.0,11800.0,hyperplane_gauss,20000,20,0.5,0.0,3,real,gradual,400,0.05,1.0,False,low,fast,real/gradual/K=3/low/fast/global/balanced/clean,0.0,-0.013631578947368328
scn-e4b64c4c4ca9,2027,PageHinkley,0.957,0.035769656999946164,0,3.0,0.0,0.0,3.0,0.0,0.0,,0.0,0.0,1.0,,,inf,11800.0,,,0.0,11800.0,hyperplane_gauss,20000,20,0.5,0.0,3,real,gradual,400,0.05,1.0,False,low,fast,real/gradual/K=3/low/fast/global/balanced/clean,0.0,-0.013631578947368328
scn-e4b64c4c4ca9,2027,PageHinkley-up,0.957,0.0349476669998694,0,3.0,0.0,0.0,3.0,0.0,0.0,,0.0,0.0,1.0,,,inf,11800.0,,,0.0,11800.0,hyperplane_gauss,20000,20,0.5,0.0,3,real,gradual,400,0.05,1.0,False,low,fast,real/gradual/K=3/low/fast/global/balanced/clean,0.0,-0.013631578947368328
scn-e4b64c4c4ca9,2027,DDM,0.9515789473684211,0.035840316000303574,1,3.0,1.0,0.0,3.0,1.0,0.0,0.0,0.0,0.0,1.0,,,11800.0,11800.0,,,0.0847457627118644,11800.0,hyperplane_gauss,20000,20,0.5,0.0,3,real,gradual,400,0.05,1.0,False,low,fast,real/gradual/K=3/low/fast/global/balanced/clean,-0.005421052631578882,-0.008210526315789446
scn-e4b64c4c4ca9,2027,EDDM,0.9534736842105264,0.030086986999776855,1,3.0,1.0,0.0,3.0,1.0,0.0,0.0,0.0,0.0,1.0,,,11800.0,11800.0,,,0.0847457627118644,11800.0,hyperplane_gauss,20000,20,0.5,0.0,3,real,gradual,400,0.05,1.0,False,low,fast,real/gradual/K=3/low/fast/global/balanced/clean,-0.0035263157894735997,-0.010105263157894728
scn-e4b64c4c4ca9,2027,HDDM_A,0.957,0.09884095799998249,0,3.0,0.0,0.0,3.0,0.0,0.0,,0.0,0.0,1.0,,,inf,11800.0,,,0.0,11800.0,hyperplane_gauss,20000,20,0.5,0.0,3,real,gradual,400,0.05,1.0,False,low,fast,real/gradual/K=3/low/fast/global/balanced/clean,0.0,-0.013631578947368328
scn-e4b64c4c4ca9,2027,HDDM_W,0.957,0.07500374000028387,0,3.0,0.0,0.0,3.0,0.0,0.0,,0.0,0.0,1.0,,,inf,11800.0,,,0.0,11800.0,hyperplane_gauss,20000,20,0.5,0.0,3,real,gradual,400,0.05,1.0,False,low,fast,real/gradual/K=3/low/fast/global/balanced/clean,0.0,-0.013631578947368328
scn-e4b64c4c4ca9,2027,FHDDM,0.957,0.03197675399997024,0,3.0,0.0,0.0,3.0,0.0,0.0,,0.0,0.0,1.0,,,inf,11800.0,,,0.0,11800.0,hyperplane_gauss,20000,20,0.5,0.0,3,real,gradual,400,0.05,1.0,False,low,fast,real/gradual/K=3/low/fast/global/balanced/clean,0.0,-0.013631578947368328
scn-e4b64c4c4ca9,2027,NoDrift,0.957,0.027726105000056123,0,3.0,0.0,0.0,3.0,0.0,0.0,,0.0,0.0,1.0,,,inf,11800.0,,,0.0,11800.0,hyperplane_gauss,20000,20,0.5,0.0,3,real,gradual,400,0.05,1.0,False,low,fast,real/gradual/K=3/low/fast/global/balanced/clean,0.0,-0.013631578947368328
scn-e4b64c4c4ca9,2027,Periodic(2000),0.9078947368421053,0.02752856699999029,9,3.0,9.0,3.0,0.0,5.0,1.0,0.3333333333333333,1.0,0.5,0.0,1033.6666666666667,1367.0,2360.0,2360.0,2.2831344727507252,2.2831344727507252,0.423728813559322,11800.0,hyperplane_gauss,20000,20,0.5,0.0,3,real,gradual,400,0.05,1.0,False,low,fast,real/gradual/K=3/low/fast/global/balanced/clean,-0.04910526315789465,0.035473684210526324
scn-e4b64c4c4ca9,2027,Oracle,0.9433684210526316,0.03291124400038825,3,3.0,3.0,3.0,0.0,0.0,0.0,1.0,1.0,1.0,0.0,201.0,201.0,inf,11800.0,inf,58.70646766169154,0.0,11800.0,hyperplane_gauss,20000,20,0.5,0.0,3,real,gradual,400,0.05,1.0,False,low,fast,real/gradual/K=3/low/fast/global/balanced/clean,-0.013631578947368328,-0.0
scn-e4b64c4c4ca9,2028,ADWIN,0.9504210526315789,0.0304592889997366,0,3.0,0.0,0.0,3.0,0.0,0.0,,0.0,0.0,1.0,,,inf,11800.0,,,0.0,11800.0,hyperplane_gauss,20000,20,0.5,0.0,3,real,gradual,400,0.05,1.0,False,low,fast,real/gradual/K=3/low/fast/global/balanced/clean,0.0,-0.013052631578947316
scn-e4b64c4c4ca9,2028,KSWIN,0.9504210526315789,4.254773586000283,0,3.0,0.0,0.0,3.0,0.0,0.0,,0.0,0.0,1.0,,,inf,11800.0,,,0.0,11800.0,hyperplane_gauss,20000,20,0.5,0.0,3,real,gradual,400,0.05,1.0,False,low,fast,real/gradual/K=3/low/fast/global/balanced/clean,0.0,-0.013052631578947316
scn-e4b64c4c4ca9,2028,PageHinkley,0.8861578947368421,0.0632608550004079,17,3.0,17.0,2.0,1.0,10.0,5.0,0.11764705882352941,0.6666666666666666,0.2,0.33333333333333337,327.0,327.0,1180.0,1180.0,2.405708460754332,2.405708460754332,0.847457627118644,11800.0,hyperplane_gauss,20000,20,0.5,0.0,3,real,gradual,400,0.05,1.0,False,low,fast,real/gradual/K=3/low/fast/global/balanced/clean,-0.0642631578947368,0.051210526315789484
scn-e4b64c4c4ca9,2028,PageHinkley-up,0.9504210526315789,0.03473347499993906,0,3.0,0.0,0.0,3.0,0.0,0.0,,0.0,0.0,1.0,,,inf,11800.0,,,0.0,11800.0,hyperplane_gauss,20000,20,0.5,0.0,3,real,gradual,400,0.05,1.0,False,low,fast,real/gradual/K=3/low/fast/global/balanced/clean,0.0,-0.013052631578947316
scn-e4b64c4c4ca9,2028,DDM,0.9504210526315789,0.03556863199992222,0,3.0,0.0,0.0,3.0,0.0,0.0,,0.0,0.0,1.0,,,inf,11800.0,,,0.0,11800.0,hyperplane_gauss,20000,20,0.5,0.0,3,real,gradual,400,0.05,1.0,False,low,fast,real/gradual/K=3/low/fast/global/balanced/clean,0.0,-0.013052631578947316
scn-e4b64c4c4ca9,2028,EDDM,0.9518947368421052,0.03170096900021235,1,3.0,1.0,1.0,2.0,0.0,0.0,1.0,0.3333333333333333,0.5,0.6666666666666667,800.0,800.0,inf,11800.0,inf,4.916666666666665,0.0,11800.0,hyperplane_gauss,20000,20,0.5,0.0,3,real,gradual,400,0.05,1.0,False,low,fast,real/gradual/K=3/low/fast/global/balanced/clean,0.0014736842105262937,-0.01452631578947361
scn-e4b64c4c4ca9,2028,HDDM_A,0.9504210526315789,0.10378343399997902,0,3.0,0.0,0.0,3.0,0.0,0.0,,0.0,0.0,1.0,,,inf,11800.0,,,0.0,11800.0,hyperplane_gauss,20000,20,0.5,0.0,3,real,gradual,400,0.05,1.0,False,low,fast,real/gradual/K=3/low/fast/global/balanced/clean,0.0,-0.013052631578947316
scn-e4b64c4c4ca9,2028,HDDM_W,0.9504210526315789,0.078041561000191,0,3.0,0.0,0.0,3.0,0.0,0.0,,0.0,0.0,1.0,,,inf,11800.0,,,0.0,11800.0,hyperplane_gauss,20000,20,0.5,0.0,3,real,gradual,400,0.05,1.0,False,low,fast,real/gradual/K=3/low/fast/global/balanced/clean,0.0,-0.013052631578947316
scn-e4b64c4c4ca9,2028,FHDDM,0.9504210526315789,0.0316681519998383,0,3.0,0.0,0.0,3.0,0.0,0.0,,0.0,0.0,1.0,,,inf,11800.0,,,0.0,11800.0,hyperplane_gauss,20000,20,0.5,0.0,3,real,gradual,400,0.05,1.0,False,low,fast,real/gradual/K=3/low/fast/global/balanced/clean,0.0,-0.013052631578947316
scn-e4b64c4c4ca9,2028,NoDrift,0.9504210526315789,0.025935778000075516,0,3.0,0.0,0.0,3.0,0.0,0.0,,0.0,0.0,1.0,,,inf,11800.0,,,0.0,11800.0,hyperplane_gauss,20000,20,0.5,0.0,3,real,gradual,400,0.05,1.0,False,low,fast,real/gradual/K=3/low/fast/global/balanced/clean,0.0,-0.013052631578947316
scn-e4b64c4c4ca9,2028,Periodic(2000),0.9012105263157895,0.03069726499961689,9,3.0,9.0,3.0,0.0,5.0,1.0,0.3333333333333333,1.0,0.5,0.0,1033.6666666666667,1367.0,2360.0,2360.0,2.2831344727507252,2.2831344727507252,0.423728813559322,11800.0,hyperplane_gauss,20000,20,0.5,0.0,3,real,gradual,400,0.05,1.0,False,low,fast,real/gradual/K=3/low/fast/global/balanced/clean,-0.04921052631578948,0.03615789473684217
scn-e4b64c4c4ca9,2028,Oracle,0.9373684210526316,0.03409645300007469,3,3.0,3.0,3.0,0.0,0.0,0.0,1.0,1.0,1.0,0.0,201.0,201.0,inf,11800.0,inf,58.70646766169154,0.0,11800.0,hyperplane_gauss,20000,20,0.5,0.0,3,real,gradual,400,0.05,1.0,False,low,fast,real/gradual/K=3/low/fast/global/balanced/clean,-0.013052631578947316,-0.0
scn-e4b64c4c4ca9,2029,ADWIN,0.901578947368421,0.046606350999809365,12,3.0,12.0,2.0,1.0,7.0,3.0,0.16666666666666666,0.6666666666666666,0.26666666666666666,0.33333333333333337,309.5,309.5,1685.7142857142858,1685.7142857142858,3.631048542195553,3.631048542195553,0.5932203389830508,11800.0,hyperplane_gauss,20000,20,0.5,0.0,3,real,gradual,400,0.05,1.0,False,low,fast,real/gradual/K=3/low/fast/global/balanced/clean,-0.051210526315789484,0.035263157894736885
scn-e4b64c4c4ca9,2029,KSWIN,0.9527894736842105,4.179488644999765,0,3.0,0.0,0.0,3.0,0.0,0.0,,0.0,0.0,1.0,,,inf,11800.0,,,0.0,11800.0,hyperplane_gauss,20000,20,0.5,0.0,3,real,gradual,400,0.05,1.0,False,low,fast,real/gradual/K=3/low/fast/global/balanced/clean,0.0,-0.0159473684210526
scn-e4b64c4c4ca9,2029,PageHinkley,0.9527894736842105,0.03644841200002702,0,3.0,0.0,0.0,3.0,0.0,0.0,,0.0,0.0,1.0,,,inf,11800.0,,,0.0,11800.0,hyperplane_gauss,20000,20,0.5,0.0,3,real,gradual,400,0.05,1.0,False,low,fast,real/gradual/K=3/low/fast/global/balanced/clean,0.0,-0.0159473684210526
scn-e4b64c4c4ca9,2029,PageHinkley-up,0.9527894736842105,0.037300645999948756,0,3.0,0.0,0.0,3.0,0.0,0.0,,0.0,0.0,1.0,,,inf,11800.0,,,0.0,11800.0,hyperplane_gauss,20000,20,0.5,0.0,3,real,gradual,400,0.05,1.0,False,low,fast,real/gradual/K=3/low/fast/global/balanced/clean,0.0,-0.0159473684210526
scn-e4b64c4c4ca9,2029,DDM,0.9527894736842105,0.03747960600003353,0,3.0,0.0,0.0,3.0,0.0,0.0,,0.0,0.0,1.0,,,inf,11800.0,,,0.0,11800.0,hyperplane_gauss,20000,20,0.5,0.0,3,real,gradual,400,0.05,1.0,False,low,fast,real/gradual/K=3/low/fast/global/balanced/clean,0.0,-0.0159473684210526
scn-e4b64c4c4ca9,2029,EDDM,0.9389473684210526,0.04485711300003459,6,3.0,6.0,0.0,3.0,6.0,0.0,0.0,0.0,0.0,1.0,,,1966.6666666666667,1966.6666666666667,,,0.5084745762711864,11800.0,hyperplane_gauss,20000,20,0.5,0.0,3,real,gradual,400,0.05,1.0,False,low,fast,real/gradual/K=3/low/fast/global/balanced/clean,-0.013842105263157878,-0.002105263157894721
scn-e4b64c4c4ca9,2029,HDDM_A,0.9527894736842105,0.10574499300037132,0,3.0,0.0,0.0,3.0,0.0,0.0,,0.0,0.0,1.0,,,inf,11800.0,,,0.0,11800.0,hyperplane_gauss,20000,20,0.5,0.0,3,real,gradual,400,0.05,1.0,False,low,fast,real/gradual/K=3/low/fast/global/balanced/clean,0.0,-0.0159473684210526
scn-e4b64c4c4ca9,2029,HDDM_W,0.9527894736842105,0.07963795499972548,0,3.0,0.0,0.0,3.0,0.0,0.0,,0.0,0.0,1.0,,,inf,11800.0,,,0.0,11800.0,hyperplane_gauss,20000,20,0.5,0.0,3,real,gradual,400,0.05,1.0,False,low,fast,real/gradual/K=3/low/fast/global/balanced/clean,0.0,-0.0159473684210526
scn-e4b64c4c4ca9,2029,FHDDM,0.9527894736842105,0.03506411499984097,0,3.0,0.0,0.0,3.0,0.0,0.0,,0.0,0.0,1.0,,,inf,11800.0,,,0.0,11800.0,hyperplane_gauss,20000,20,0.5,0.0,3,real,gradual,400,0.05,1.0,False,low,fast,real/gradual/K=3/low/fast/global/balanced/clean,0.0,-0.0159473684210526
scn-e4b64c4c4ca9,2029,NoDrift,0.9527894736842105,0.028121951000230183,0,3.0,0.0,0.0,3.0,0.0,0.0,,0.0,0.0,1.0,,,inf,11800.0,,,0.0,11800.0,hyperplane_gauss,20000,20,0.5,0.0,3,real,gradual,400,0.05,1.0,False,low,fast,real/gradual/K=3/low/fast/global/balanced/clean,0.0,-0.0159473684210526
scn-e4b64c4c4ca9,2029,Periodic(2000),0.9031578947368422,0.03163456199990833,9,3.0,9.0,3.0,0.0,5.0,1.0,0.3333333333333333,1.0,0.5,0.0,1033.6666666666667,1367.0,2360.0,2360.0,2.2831344727507252,2.2831344727507252,0.423728813559322,11800.0,hyperplane_gauss,20000,20,0.5,0.0,3,real,gradual,400,0.05,1.0,False,low,fast,real/gradual/K=3/low/fast/global/balanced/clean,-0.04963157894736836,0.03368421052631576
scn-e4b64c4c4ca9,2029,Oracle,0.9368421052631579,0.035238493000179005,3,3.0,3.0,3.0,0.0,0.0,0.0,1.0,1.0,1.0,0.0,201.0,201.0,inf,11800.0,inf,58.70646766169154,0.0,11800.0,hyperplane_gauss,20000,20,0.5,0.0,3,real,gradual,400,0.05,1.0,False,low,fast,real/gradual/K=3/low/fast/global/balanced/clean,-0.0159473684210526,-0.0
scn-a339caee9d47,2027,ADWIN,0.9570526315789474,0.03001925599983224,0,3.0,0.0,0.0,3.0,0.0,0.0,,0.0,0.0,1.0,,,inf,10000.0,,,0.0,10000.0,hyperplane_gauss,20000,20,0.5,0.0,3,real,gradual,1000,0.05,1.0,False,low,slow,real/gradual/K=3/low/slow/global/balanced/clean,0.0,-0.013842105263157878
scn-a339caee9d47,2027,KSWIN,0.9570526315789474,4.188967842000238,0,3.0,0.0,0.0,3.0,0.0,0.0,,0.0,0.0,1.0,,,inf,10000.0,,,0.0,10000.0,hyperplane_gauss,20000,20,0.5,0.0,3,real,gradual,1000,0.05,1.0,False,low,slow,real/gradual/K=3/low/slow/global/balanced/clean,0.0,-0.013842105263157878
scn-a339caee9d47,2027,PageHinkley,0.9570526315789474,0.03696253099997193,0,3.0,0.0,0.0,3.0,0.0,0.0,,0.0,0.0,1.0,,,inf,10000.0,,,0.0,10000.0,hyperplane_gauss,20000,20,0.5,0.0,3,real,gradual,1000,0.05,1.0,False,low,slow,real/gradual/K=3/low/slow/global/balanced/clean,0.0,-0.013842105263157878
scn-a339caee9d47,2027,PageHinkley-up,0.9570526315789474,0.03643559499960247,0,3.0,0.0,0.0,3.0,0.0,0.0,,0.0,0.0,1.0,,,inf,10000.0,,,0.0,10000.0,hyperplane_gauss,20000,20,0.5,0.0,3,real,gradual,1000,0.05,1.0,False,low,slow,real/gradual/K=3/low/slow/global/balanced/clean,0.0,-0.013842105263157878
scn-a339caee9d47,2027,DDM,0.951421052631579,0.037474722000297334,1,3.0,1.0,0.0,3.0,1.0,0.0,0.0,0.0,0.0,1.0,,,10000.0,10000.0,,,0.1,10000.0,hyperplane_gauss,20000,20,0.5,0.0,3,real,gradual,1000,0.05,1.0,False,low,slow,real/gradual/K=3/low/slow/global/balanced/clean,-0.005631578947368432,-0.008210526315789446
scn-a339caee9d47,2027,EDDM,0.9532631578947368,0.03074621699988711,1,3.0,1.0,0.0,3.0,1.0,0.0,0.0,0.0,0.0,1.0,,,10000.0,10000.0,,,0.1,10000.0,hyperplane_gauss,20000,20,0.5,0.0,3,real,gradual,1000,0.05,1.0,False,low,slow,real/gradual/K=3/low/slow/global/balanced/clean,-0.0037894736842105647,-0.010052631578947313
scn-a339caee9d47,2027,HDDM_A,0.9570526315789474,0.1033181269999659,0,3.0,0.0,0.0,3.0,0.0,0.0,,0.0,0.0,1.0,,,inf,10000.0,,,0.0,10000.0,hyperplane_gauss,20000,20,0.5,0.0,3,real,gradual,1000,0.05,1.0,False,low,slow,real/gradual/K=3/low/slow/global/balanced/clean,0.0,-0.013842105263157878
scn-a339caee9d47,2027,HDDM_W,0.9570526315789474,0.07843014299987772,0,3.0,0.0,0.0,3.0,0.0,0.0,,0.0,0.0,1.0,,,inf,10000.0,,,0.0,10000.0,hyperplane_gauss,20000,20,0.5,0.0,3,real,gradual,1000,0.05,1.0,False,low,slow,real/gradual/K=3/low/slow/global/balanced/clean,0.0,-0.013842105263157878
scn-a339caee9d47,2027,FHDDM,0.9570526315789474,0.03293204300007346,0,3.0,0.0,0.0,3.0,0.0,0.0,,0.0,0.0,1.0,,,inf,10000.0,,,0.0,10000.0,hyperplane_gauss,20000,20,0.5,0.0,3,real,gradual,1000,0.05,1.0,False,low,slow,real/gradual/K=3/low/slow/global/balanced/clean,0.0,-0.013842105263157878
scn-a339caee9d47,2027,NoDrift,0.9570526315789474,0.02766900999995414,0,3.0,0.0,0.0,3.0,0.0,0.0,,0.0,0.0,1.0,,,inf,10000.0,,,0.0,10000.0,hyperplane_gauss,20000,20,0.5,0.0,3,real,gradual,1000,0.05,1.0,False,low,slow,real/gradual/K=3/low/slow/global/balanced/clean,0.0,-0.013842105263157878
scn-a339caee9d47,2027,Periodic(2000),0.9079473684210526,0.02944662599975345,9,3.0,9.0,3.0,0.0,5.0,1.0,0.3333333333333333,1.0,0.5,0.0,1333.6666666666667,1667.0,2000.0,2000.0,1.4996250937265683,1.4996250937265683,0.5,10000.0,hyperplane_gauss,20000,20,0.5,0.0,3,real,gradual,1000,0.05,1.0,False,low,slow,real/gradual/K=3/low/slow/global/balanced/clean,-0.04910526315789476,0.035263157894736885
scn-a339caee9d47,2027,Oracle,0.9432105263157895,0.034345835000294755,3,3.0,3.0,3.0,0.0,0.0,0.0,1.0,1.0,1.0,0.0,501.0,501.0,inf,10000.0,inf,19.960079840319363,0.0,10000.0,hyperplane_gauss,20000,20,0.5,0.0,3,real,gradual,1000,0.05,1.0,False,low,slow,real/gradual/K=3/low/slow/global/balanced/clean,-0.013842105263157878,-0.0
scn-a339caee9d47,2028,ADWIN,0.9507894736842105,0.0300899640001262,0,3.0,0.0,0.0,3.0,0.0,0.0,,0.0,0.0,1.0,,,inf,10000.0,,,0.0,10000.0,hyperplane_gauss,20000,20,0.5,0.0,3,real,gradual,1000,0.05,1.0,False,low,slow,real/gradual/K=3/low/slow/global/balanced/clean,0.0,-0.014157894736842147
scn-a339caee9d47,2028,KSWIN,0.9507894736842105,4.278523804000088,0,3.0,0.0,0.0,3.0,0.0,0.0,,0.0,0.0,1.0,,,inf,10000.0,,,0.0,10000.0,hyperplane_gauss,20000,20,0.5,0.0,3,real,gradual,1000,0.05,1.0,False,low,slow,real/gradual/K=3/low/slow/global/balanced/clean,0.0,-0.014157894736842147
scn-a339caee9d47,2028,PageHinkley,0.8922105263157895,0.062056394000137516,15,3.0,15.0,2.0,1.0,7.0,6.0,0.13333333333333333,0.6666666666666666,0.2222222222222222,0.33333333333333337,231.5,231.5,1428.5714285714287,1428.5714285714287,4.113956597757894,4.113956597757894,0.7,10000.0,hyperplane_gauss,20000,20,0.5,0.0,3,real,gradual,1000,0.05,1.0,False,low,slow,real/gradual/K=3/low/slow/global/balanced/clean,-0.058578947368421064,0.04442105263157892
scn-a339caee9d47,2028,PageHinkley-up,0.9507894736842105,0.03800399000010657,0,3.0,0.0,0.0,3.0,0.0,0.0,,0.0,0.0,1.0,,,inf,10000.0,,,0.0,10000.0,hyperplane_gauss,20000,20,0.5,0.0,3,real,gradual,1000,0.05,1.0,False,low,slow,real/gradual/K=3/low/slow/global/balanced/clean,0.0,-0.014157894736842147
scn-a339caee9d47,2028,DDM,0.9507894736842105,0.035771539000052144,0,3.0,0.0,0.0,3.0,0.0,0.0,,0.0,0.0,1.0,,,inf,10000.0,,,0.0,10000.0,hyperplane_gauss,20000,20,0.5,0.0,3,real,gradual,1000,0.05,1.0,False,low,slow,real/gradual/K=3/low/slow/global/balanced/clean,0.0,-0.014157894736842147
scn-a339caee9d47,2028,EDDM,0.9508947368421052,0.03410945999985415,1,3.0,1.0,1.0,2.0,0.0,0.0,1.0,0.3333333333333333,0.5,0.6666666666666667,1589.0,1589.0,inf,10000.0,inf,2.0977554017201587,0.0,10000.0,hyperplane_gauss,20000,20,0.5,0.0,3,real,gradual,1000,0.05,1.0,False,low,slow,real/gradual/K=3/low/slow/global/balanced/clean,0.0001052631578947194,-0.014263157894736866
scn-a339caee9d47,2028,HDDM_A,0.9507894736842105,0.10641869399978532,0,3.0,0.0,0.0,3.0,0.0,0.0,,0.0,0.0,1.0,,,inf,10000.0,,,0.0,10000.0,hyperplane_gauss,20000,20,0.5,0.0,3,real,gradual,1000,0.05,1.0,False,low,slow,real/gradual/K=3/low/slow/global/balanced/clean,0.0,-0.014157894736842147
scn-a339caee9d47,2028,HDDM_W,0.9507894736842105,0.07448811999984173,0,3.0,0.0,0.0,3.0,0.0,0.0,,0.0,0.0,1.0,,,inf,10000.0,,,0.0,10000.0,hyperplane_gauss,20000,20,0.5,0.0,3,real,gradual,1000,0.05,1.0,False,low,slow,real/gradual/K=3/low/slow/global/balanced/clean,0.0,-0.014157894736842147
scn-a339caee9d47,2028,FHDDM,0.9507894736842105,0.032298599000114336,0,3.0,0.0,0.0,3.0,0.0,0.0,,0.0,0.0,1.0,,,inf,10000.0,,,0.0,10000.0,hyperplane_gauss,20000,20,0.5,0.0,3,real,gradual,1000,0.05,1.0,False,low,slow,real/gradual/K=3/low/slow/global/balanced/clean,0.0,-0.014157894736842147
scn-a339caee9d47,2028,NoDrift,0.9507894736842105,0.025954064999950788,0,3.0,0.0,0.0,3.0,0.0,0.0,,0.0,0.0,1.0,,,inf,10000.0,,,0.0,10000.0,hyperplane_gauss,20000,20,0.5,0.0,3,real,gradual,1000,0.05,1.0,False,low,slow,real/gradual/K=3/low/slow/global/balanced/clean,0.0,-0.014157894736842147
scn-a339caee9d47,2028,Periodic(2000),0.9010526315789473,0.028453092999825458,9,3.0,9.0,3.0,0.0,5.0,1.0,0.3333333333333333,1.0,0.5,0.0,1333.6666666666667,1667.0,2000.0,2000.0,1.4996250937265683,1.4996250937265683,0.5,10000.0,hyperplane_gauss,20000,20,0.5,0.0,3,real,gradual,1000,0.05,1.0,False,low,slow,real/gradual/K=3/low/slow/global/balanced/clean,-0.04973684210526319,0.03557894736842104
scn-a339caee9d47,2028,Oracle,0.9366315789473684,0.033176972000092064,3,3.0,3.0,3.0,0.0,0.0,0.0,1.0,1.0,1.0,0.0,501.0,501.0,inf,10000.0,inf,19.960079840319363,0.0,10000.0,hyperplane_gauss,20000,20,0.5,0.0,3,real,gradual,1000,0.05,1.0,False,low,slow,real/gradual/K=3/low/slow/global/balanced/clean,-0.014157894736842147,-0.0
scn-a339caee9d47,2029,ADWIN,0.9011578947368422,0.047204036000039196,13,3.0,13.0,2.0,1.0,9.0,2.0,0.15384615384615385,0.6666666666666666,0.25,0.33333333333333337,1281.5,1281.5,1111.111111111111,1111.111111111111,0.5780263290992904,0.5780263290992904,0.9,10000.0,hyperplane_gauss,20000,20,0.5,0.0,3,real,gradual,1000,0.05,1.0,False,low,slow,real/gradual/K=3/low/slow/global/balanced/clean,-0.0518421052631578,0.03547368421052621
scn-a339caee9d47,2029,KSWIN,0.953,4.313793279000038,0,3.0,0.0,0.0,3.0,0.0,0.0,,0.0,0.0,1.0,,,inf,10000.0,,,0.0,10000.0,hyperplane_gauss,20000,20,0.5,0.0,3,real,gradual,1000,0.05,1.0,False,low,slow,real/gradual/K=3/low/slow/global/balanced/clean,0.0,-0.016368421052631588
scn-a339caee9d47,2029,PageHinkley,0.8901052631578947,0.0660328720000507,16,3.0,16.0,2.0,1.0,8.0,6.0,0.125,0.6666666666666666,0.21052631578947367,0.33333333333333337,780.5,780.5,1250.0,1250.0,1.067691650651292,1.067691650651292,0.8,10000.0,hyperplane_gauss,20000,20,0.5,0.0,3,real,gradual,1000,0.05,1.0,False,low,slow,real/gradual/K=3/low/slow/global/balanced/clean,-0.06289473684210523,0.04652631578947364
scn-a339caee9d47,2029,PageHinkley-up,0.953,0.03657820099988385,0,3.0,0.0,0.0,3.0,0.0,0.0,,0.0,0.0,1.0,,,inf,10000.0,,,0.0,10000.0,hyperplane_gauss,20000,20,0.5,0.0,3,real,gradual,1000,0.05,1.0,False,low,slow,real/gradual/K=3/low/slow/global/balanced/clean,0.0,-0.016368421052631588
scn-a339caee9d47,2029,DDM,0.953,0.036315601999831415,0,3.0,0.0,0.0,3.0,0.0,0.0,,0.0,0.0,1.0,,,inf,10000.0,,,0.0,10000.0,hyperplane_gauss,20000,20,0.5,0.0,3,real,gradual,1000,0.05,1.0,False,low,slow,real/gradual/K=3/low/slow/global/balanced/clean,0.0,-0.016368421052631588
scn-a339caee9d47,2029,EDDM,0.9392631578947368,0.04402649699977701,6,3.0,6.0,0.0,3.0,6.0,0.0,0.0,0.0,0.0,1.0,,,1666.6666666666667,1666.6666666666667,,,0.6,10000.0,hyperplane_gauss,20000,20,0.5,0.0,3,real,gradual,1000,0.05,1.0,False,low,slow,real/gradual/K=3/low/slow/global/balanced/clean,-0.013736842105263158,-0.0026315789473684292
scn-a339caee9d47,2029,HDDM_A,0.953,0.10759800699997868,0,3.0,0.0,0.0,3.0,0.0,0.0,,0.0,0.0,1.0,,,inf,10000.0,,,0.0,10000.0,hyperplane_gauss,20000,20,0.5,0.0,3,real,gradual,1000,0.05,1.0,False,low,slow,real/gradual/K=3/low/slow/global/balanced/clean,0.0,-0.016368421052631588
scn-a339caee9d47,2029,HDDM_W,0.953,0.08117189899985533,0,3.0,0.0,0.0,3.0,0.0,0.0,,0.0,0.0,1.0,,,inf,10000.0,,,0.0,10000.0,hyperplane_gauss,20000,20,0.5,0.0,3,real,gradual,1000,0.05,1.0,False,low,slow,real/gradual/K=3/low/slow/global/balanced/clean,0.0,-0.016368421052631588
scn-a339caee9d47,2029,FHDDM,0.953,0.03461759499987238,0,3.0,0.0,0.0,3.0,0.0,0.0,,0.0,0.0,1.0,,,inf,10000.0,,,0.0,10000.0,hyperplane_gauss,20000,20,0.5,0.0,3,real,gradual,1000,0.05,1.0,False,low,slow,real/gradual/K=3/low/slow/global/balanced/clean,0.0,-0.016368421052631588
scn-a339caee9d47,2029,NoDrift,0.953,0.02789472999984355,0,3.0,0.0,0.0,3.0,0.0,0.0,,0.0,0.0,1.0,,,inf,10000.0,,,0.0,10000.0,hyperplane_gauss,20000,20,0.5,0.0,3,real,gradual,1000,0.05,1.0,False,low,slow,real/gradual/K=3/low/slow/global/balanced/clean,0.0,-0.016368421052631588
scn-a339caee9d47,2029,Periodic(2000),0.9030526315789473,0.030553828999927646,9,3.0,9.0,3.0,0.0,5.0,1.0,0.3333333333333333,1.0,0.5,0.0,1333.6666666666667,1667.0,2000.0,2000.0,1.4996250937265683,1.4996250937265683,0.5,10000.0,hyperplane_gauss,20000,20,0.5,0.0,3,real,gradual,1000,0.05,1.0,False,low,slow,real/gradual/K=3/low/slow/global/balanced/clean,-0.04994736842105263,0.03357894736842104
scn-a339caee9d47,2029,Oracle,0.9366315789473684,0.03492990999984613,3,3.0,3.0,3.0,0.0,0.0,0.0,1.0,1.0,1.0,0.0,501.0,501.0,inf,10000.0,inf,19.960079840319363,0.0,10000.0,hyperplane_gauss,20000,20,0.5,0.0,3,real,gradual,1000,0.05,1.0,False,low,slow,real/gradual/K=3/low/slow/global/balanced/clean,-0.016368421052631588,-0.0
scn-df95d2b31ed9,2027,ADWIN,0.9567894736842105,0.03214570799991634,0,3.0,0.0,0.0,3.0,0.0,0.0,,0.0,0.0,1.0,,,inf,7000.0,,,0.0,7000.0,hyperplane_gauss,20000,20,0.5,0.0,3,real,gradual,2000,0.05,1.0,False,low,slow,real/gradual/K=3/low/slow/global/balanced/clean,0.0,-0.01331578947368417
scn-df95d2b31ed9,2027,KSWIN,0.9567894736842105,4.268453717999819,0,3.0,0.0,0.0,3.0,0.0,0.0,,0.0,0.0,1.0,,,inf,7000.0,,,0.0,7000.0,hyperplane_gauss,20000,20,0.5,0.0,3,real,gradual,2000,0.05,1.0,False,low,slow,real/gradual/K=3/low/slow/global/balanced/clean,0.0,-0.01331578947368417
scn-df95d2b31ed9,2027,PageHinkley,0.9567894736842105,0.036198818999764626,0,3.0,0.0,0.0,3.0,0.0,0.0,,0.0,0.0,1.0,,,inf,7000.0,,,0.0,7000.0,hyperplane_gauss,20000,20,0.5,0.0,3,real,gradual,2000,0.05,1.0,False,low,slow,real/gradual/K=3/low/slow/global/balanced/clean,0.0,-0.01331578947368417
scn-df95d2b31ed9,2027,PageHinkley-up,0.9567894736842105,0.03513073800013444,0,3.0,0.0,0.0,3.0,0.0,0.0,,0.0,0.0,1.0,,,inf,7000.0,,,0.0,7000.0,hyperplane_gauss,20000,20,0.5,0.0,3,real,gradual,2000,0.05,1.0,False,low,slow,real/gradual/K=3/low/slow/global/balanced/clean,0.0,-0.01331578947368417
scn-df95d2b31ed9,2027,DDM,0.9508421052631579,0.03702242400004252,1,3.0,1.0,0.0,3.0,1.0,0.0,0.0,0.0,0.0,1.0,,,7000.0,7000.0,,,0.14285714285714285,7000.0,hyperplane_gauss,20000,20,0.5,0.0,3,real,gradual,2000,0.05,1.0,False,low,slow,real/gradual/K=3/low/slow/global/balanced/clean,-0.00594736842105259,-0.00736842105263158
scn-df95d2b31ed9,2027,EDDM,0.9527368421052631,0.02983382899992648,1,3.0,1.0,0.0,3.0,1.0,0.0,0.0,0.0,0.0,1.0,,,7000.0,7000.0,,,0.14285714285714285,7000.0,hyperplane_gauss,20000,20,0.5,0.0,3,real,gradual,2000,0.05,1.0,False,low,slow,real/gradual/K=3/low/slow/global/balanced/clean,-0.004052631578947419,-0.009263157894736751
scn-df95d2b31ed9,2027,HDDM_A,0.9567894736842105,0.10102359300026365,0,3.0,0.0,0.0,3.0,0.0,0.0,,0.0,0.0,1.0,,,inf,7000.0,,,0.0,7000.0,hyperplane_gauss,20000,20,0.5,0.0,3,real,gradual,2000,0.05,1.0,False,low,slow,real/gradual/K=3/low/slow/global/balanced/clean,0.0,-0.01331578947368417
scn-df95d2b31ed9,2027,HDDM_W,0.9567894736842105,0.07946894599990628,0,3.0,0.0,0.0,3.0,0.0,0.0,,0.0,0.0,1.0,,,inf,7000.0,,,0.0,7000.0,hyperplane_gauss,20000,20,0.5,0.0,3,real,gradual,2000,0.05,1.0,False,low,slow,real/gradual/K=3/low/slow/global/balanced/clean,0.0,-0.01331578947368417
scn-df95d2b31ed9,2027,FHDDM,0.9567894736842105,0.03259358200011775,0,3.0,0.0,0.0,3.0,0.0,0.0,,0.0,0.0,1.0,,,inf,7000.0,,,0.0,7000.0,hyperplane_gauss,20000,20,0.5,0.0,3,real,gradual,2000,0.05,1.0,False,low,slow,real/gradual/K=3/low/slow/global/balanced/clean,0.0,-0.01331578947368417
scn-df95d2b31ed9,2027,NoDrift,0.9567894736842105,0.026655603000108385,0,3.0,0.0,0.0,3.0,0.0,0.0,,0.0,0.0,1.0,,,inf,7000.0,,,0.0,7000.0,hyperplane_gauss,20000,20,0.5,0.0,3,real,gradual,2000,0.05,1.0,False,low,slow,real/gradual/K=3/low/slow/global/balanced/clean,0.0,-0.01331578947368417
scn-df95d2b31ed9,2027,Periodic(2000),0.9073684210526316,0.02923994600041624,9,3.0,9.0,3.0,0.0,3.0,3.0,0.3333333333333333,1.0,0.5,0.0,500.3333333333333,500.0,2333.3333333333335,2333.3333333333335,4.663557628247835,4.663557628247835,0.42857142857142855,7000.0,hyperplane_gauss,20000,20,0.5,0.0,3,real,gradual,2000,0.05,1.0,False,low,slow,real/gradual/K=3/low/slow/global/balanced/clean,-0.04942105263157892,0.03610526315789475
scn-df95d2b31ed9,2027,Oracle,0.9434736842105264,0.033811806999892724,3,3.0,3.0,3.0,0.0,0.0,0.0,1.0,1.0,1.0,0.0,1001.0,1001.0,inf,7000.0,inf,6.993006993006993,0.0,7000.0,hyperplane_gauss,20000,20,0.5,0.0,3,real,gradual,2000,0.05,1.0,False,low,slow,real/gradual/K=3/low/slow/global/balanced/clean,-0.01331578947368417,-0.0
scn-df95d2b31ed9,2028,ADWIN,0.9505789473684211,0.030533148999893456,0,3.0,0.0,0.0,3.0,0.0,0.0,,0.0,0.0,1.0,,,inf,7000.0,,,0.0,7000.0,hyperplane_gauss,20000,20,0.5,0.0,3,real,gradual,2000,0.05,1.0,False,low,slow,real/gradual/K=3/low/slow/global/balanced/clean,0.0,-0.014789473684210575
scn-df95d2b31ed9,2028,KSWIN,0.9505789473684211,4.301771419000033,0,3.0,0.0,0.0,3.0,0.0,0.0,,0.0,0.0,1.0,,,inf,7000.0,,,0.0,7000.0,hyperplane_gauss,20000,20,0.5,0.0,3,real,gradual,2000,0.05,1.0,False,low,slow,real/gradual/K=3/low/slow/global/balanced/clean,0.0,-0.014789473684210575
scn-df95d2b31ed9,2028,PageHinkley,0.8890526315789473,0.0595276669996565,15,3.0,15.0,2.0,1.0,4.0,9.0,0.13333333333333333,0.6666666666666666,0.2222222222222222,0.33333333333333337,265.5,265.5,1750.0,1750.0,4.394224733207784,4.394224733207784,0.5714285714285714,7000.0,hyperplane_gauss,20000,20,0.5,0.0,3,real,gradual,2000,0.05,1.0,False,low,slow,real/gradual/K=3/low/slow/global/balanced/clean,-0.06152631578947376,0.04673684210526319
scn-df95d2b31ed9,2028,PageHinkley-up,0.9505789473684211,0.03472169299993766,0,3.0,0.0,0.0,3.0,0.0,0.0,,0.0,0.0,1.0,,,inf,7000.0,,,0.0,7000.0,hyperplane_gauss,20000,20,0.5,0.0,3,real,gradual,2000,0.05,1.0,False,low,slow,real/gradual/K=3/low/slow/global/balanced/clean,0.0,-0.014789473684210575
scn-df95d2b31ed9,2028,DDM,0.9505789473684211,0.03446078700017097,0,3.0,0.0,0.0,3.0,0.0,0.0,,0.0,0.0,1.0,,,inf,7000.0,,,0.0,7000.0,hyperplane_gauss,20000,20,0.5,0.0,3,real,gradual,2000,0.05,1.0,False,low,slow,real/gradual/K=3/low/slow/global/balanced/clean,0.0,-0.014789473684210575
scn-df95d2b31ed9,2028,EDDM,0.9505789473684211,0.030504143000143813,0,3.0,0.0,0.0,3.0,0.0,0.0,,0.0,0.0,1.0,,,inf,7000.0,,,0.0,7000.0,hyperplane_gauss,20000,20,0.5,0.0,3,real,gradual,2000,0.05,1.0,False,low,slow,real/gradual/K=3/low/slow/global/balanced/clean,0.0,-0.014789473684210575
scn-df95d2b31ed9,2028,HDDM_A,0.9505789473684211,0.10578341800010094,0,3.0,0.0,0.0,3.0,0.0,0.0,,0.0,0.0,1.0,,,inf,7000.0,,,0.0,7000.0,hyperplane_gauss,20000,20,0.5,0.0,3,real,gradual,2000,0.05,1.0,False,low,slow,real/gradual/K=3/low/slow/global/balanced/clean,0.0,-0.014789473684210575
scn-df95d2b31ed9,2028,HDDM_W,0.9505789473684211,0.07587026900000637,0,3.0,0.0,0.0,3.0,0.0,0.0,,0.0,0.0,1.0,,,inf,7000.0,,,0.0,7000.0,hyperplane_gauss,20000,20,0.5,0.0,3,real,gradual,2000,0.05,1.0,False,low,slow,real/gradual/K=3/low/slow/global/balanced/clean,0.0,-0.014789473684210575
scn-df95d2b31ed9,2028,FHDDM,0.9505789473684211,0.03247399699966991,0,3.0,0.0,0.0,3.0,0.0,0.0,,0.0,0.0,1.0,,,inf,7000.0,,,0.0,7000.0,hyperplane_gauss,20000,20,0.5,0.0,3,real,gradual,2000,0.05,1.0,False,low,slow,real/gradual/K=3/low/slow/global/balanced/clean,0.0,-0.014789473684210575
scn-df95d2b31ed9,2028,NoDrift,0.9505789473684211,0.02680689999988317,0,3.0,0.0,0.0,3.0,0.0,0.0,,0.0,0.0,1.0,,,inf,7000.0,,,0.0,7000.0,hyperplane_gauss,20000,20,0.5,0.0,3,real,gradual,2000,0.05,1.0,False,low,slow,real/gradual/K=3/low/slow/global/balanced/clean,0.0,-0.014789473684210575
scn-df95d2b31ed9,2028,Periodic(2000),0.9005263157894737,0.028216992000125174,9,3.0,9.0,3.0,0.0,3.0,3.0,0.3333333333333333,1.0,0.5,0.0,500.3333333333333,500.0,2333.3333333333335,2333.3333333333335,4.663557628247835,4.663557628247835,0.42857142857142855,7000.0,hyperplane_gauss,20000,20,0.5,0.0,3,real,gradual,2000,0.05,1.0,False,low,slow,real/gradual/K=3/low/slow/global/balanced/clean,-0.05005263157894735,0.035263157894736774
scn-df95d2b31ed9,2028,Oracle,0.9357894736842105,0.034186696000233496,3,3.0,3.0,3.0,0.0,0.0,0.0,1.0,1.0,1.0,0.0,1001.0,1001.0,inf,7000.0,inf,6.993006993006993,0.0,7000.0,hyperplane_gauss,20000,20,0.5,0.0,3,real,gradual,2000,0.05,1.0,False,low,slow,real/gradual/K=3/low/slow/global/balanced/clean,-0.014789473684210575,-0.0
scn-df95d2b31ed9,2029,ADWIN,0.9535789473684211,0.030174511000041093,0,3.0,0.0,0.0,3.0,0.0,0.0,,0.0,0.0,1.0,,,inf,7000.0,,,0.0,7000.0,hyperplane_gauss,20000,20,0.5,0.0,3,real,gradual,2000,0.05,1.0,False,low,slow,real/gradual/K=3/low/slow/global/balanced/clean,0.0,-0.017473684210526308
scn-df95d2b31ed9,2029,KSWIN,0.9535789473684211,4.366170206999868,0,3.0,0.0,0.0,3.0,0.0,0.0,,0.0,0.0,1.0,,,inf,7000.0,,,0.0,7000.0,hyperplane_gauss,20000,20,0.5,0.0,3,real,gradual,2000,0.05,1.0,False,low,slow,real/gradual/K=3/low/slow/global/balanced/clean,0.0,-0.017473684210526308
scn-df95d2b31ed9,2029,PageHinkley,0.8901052631578947,0.0617586560001655,16,3.0,16.0,2.0,1.0,5.0,9.0,0.125,0.6666666666666666,0.21052631578947367,0.33333333333333337,294.5,294.5,1400.0,1400.0,3.1692133559705713,3.1692133559705713,0.7142857142857143,7000.0,hyperplane_gauss,20000,20,0.5,0.0,3,real,gradual,2000,0.05,1.0,False,low,slow,real/gradual/K=3/low/slow/global/balanced/clean,-0.06347368421052635,0.04600000000000004
scn-df95d2b31ed9,2029,PageHinkley-up,0.9535789473684211,0.03511946699973123,0,3.0,0.0,0.0,3.0,0.0,0.0,,0.0,0.0,1.0,,,inf,7000.0,,,0.0,7000.0,hyperplane_gauss,20000,20,0.5,0.0,3,real,gradual,2000,0.05,1.0,False,low,slow,real/gradual/K=3/low/slow/global/balanced/clean,0.0,-0.017473684210526308
scn-df95d2b31ed9,2029,DDM,0.9535789473684211,0.03441724999993312,0,3.0,0.0,0.0,3.0,0.0,0.0,,0.0,0.0,1.0,,,inf,7000.0,,,0.0,7000.0,hyperplane_gauss,20000,20,0.5,0.0,3,real,gradual,2000,0.05,1.0,False,low,slow,real/gradual/K=3/low/slow/global/balanced/clean,0.0,-0.017473684210526308
scn-df95d2b31ed9,2029,EDDM,0.9398421052631579,0.0427979010000854,6,3.0,6.0,1.0,2.0,5.0,0.0,0.16666666666666666,0.3333333333333333,0.2222222222222222,0.6666666666666667,9.0,9.0,1400.0,1400.0,51.85185185185183,51.85185185185183,0.7142857142857143,7000.0,hyperplane_gauss,20000,20,0.5,0.0,3,real,gradual,2000,0.05,1.0,False,low,slow,real/gradual/K=3/low/slow/global/balanced/clean,-0.013736842105263158,-0.0037368421052631495
scn-df95d2b31ed9,2029,HDDM_A,0.9535789473684211,0.10312384600001678,0,3.0,0.0,0.0,3.0,0.0,0.0,,0.0,0.0,1.0,,,inf,7000.0,,,0.0,7000.0,hyperplane_gauss,20000,20,0.5,0.0,3,real,gradual,2000,0.05,1.0,False,low,slow,real/gradual/K=3/low/slow/global/balanced/clean,0.0,-0.017473684210526308
scn-df95d2b31ed9,2029,HDDM_W,0.9535789473684211,0.07523091500024748,0,3.0,0.0,0.0,3.0,0.0,0.0,,0.0,0.0,1.0,,,inf,7000.0,,,0.0,7000.0,hyperplane_gauss,20000,20,0.5,0.0,3,real,gradual,2000,0.05,1.0,False,low,slow,real/gradual/K=3/low/slow/global/balanced/clean,0.0,-0.017473684210526308
scn-df95d2b31ed9,2029,FHDDM,0.9535789473684211,0.03201285700015433,0,3.0,0.0,0.0,3.0,0.0,0.0,,0.0,0.0,1.0,,,inf,7000.0,,,0.0,7000.0,hyperplane_gauss,20000,20,0.5,0.0,3,real,gradual,2000,0.05,1.0,False,low,slow,real/gradual/K=3/low/slow/global/balanced/clean,0.0,-0.017473684210526308
scn-df95d2b31ed9,2029,NoDrift,0.9535789473684211,0.02674171499984368,0,3.0,0.0,0.0,3.0,0.0,0.0,,0.0,0.0,1.0,,,inf,7000.0,,,0.0,7000.0,hyperplane_gauss,20000,20,0.5,0.0,3,real,gradual,2000,0.05,1.0,False,low,slow,real/gradual/K=3/low/slow/global/balanced/clean,0.0,-0.017473684210526308
scn-df95d2b31ed9,2029,Periodic(2000),0.9026315789473685,0.02908368699991115,9,3.0,9.0,3.0,0.0,3.0,3.0,0.3333333333333333,1.0,0.5,0.0,500.3333333333333,500.0,2333.3333333333335,2333.3333333333335,4.663557628247835,4.663557628247835,0.42857142857142855,7000.0,hyperplane_gauss,20000,20,0.5,0.0,3,real,gradual,2000,0.05,1.0,False,low,slow,real/gradual/K=3/low/slow/global/balanced/clean,-0.05094736842105263,0.03347368421052632
scn-df95d2b31ed9,2029,Oracle,0.9361052631578948,0.03165714700026001,3,3.0,3.0,3.0,0.0,0.0,0.0,1.0,1.0,1.0,0.0,1001.0,1001.0,inf,7000.0,inf,6.993006993006993,0.0,7000.0,hyperplane_gauss,20000,20,0.5,0.0,3,real,gradual,2000,0.05,1.0,False,low,slow,real/gradual/K=3/low/slow/global/balanced/clean,-0.017473684210526308,-0.0
scn-0118eb79a166,2027,ADWIN,0.9562631578947368,0.0307944259998294,0,3.0,0.0,0.0,3.0,0.0,0.0,,0.0,0.0,1.0,,,inf,1000.0,,,0.0,1000.0,hyperplane_gauss,20000,20,0.5,0.0,3,real,gradual,4000,0.05,1.0,False,low,slow,real/gradual/K=3/low/slow/global/balanced/clean,0.0,-0.015368421052631587
scn-0118eb79a166,2027,KSWIN,0.9562631578947368,4.338283996999962,0,3.0,0.0,0.0,3.0,0.0,0.0,,0.0,0.0,1.0,,,inf,1000.0,,,0.0,1000.0,hyperplane_gauss,20000,20,0.5,0.0,3,real,gradual,4000,0.05,1.0,False,low,slow,real/gradual/K=3/low/slow/global/balanced/clean,0.0,-0.015368421052631587
scn-0118eb79a166,2027,PageHinkley,0.9562631578947368,0.036604047999844624,0,3.0,0.0,0.0,3.0,0.0,0.0,,0.0,0.0,1.0,,,inf,1000.0,,,0.0,1000.0,hyperplane_gauss,20000,20,0.5,0.0,3,real,gradual,4000,0.05,1.0,False,low,slow,real/gradual/K=3/low/slow/global/balanced/clean,0.0,-0.015368421052631587
scn-0118eb79a166,2027,PageHinkley-up,0.9562631578947368,0.036708348999582086,0,3.0,0.0,0.0,3.0,0.0,0.0,,0.0,0.0,1.0,,,inf,1000.0,,,0.0,1000.0,hyperplane_gauss,20000,20,0.5,0.0,3,real,gradual,4000,0.05,1.0,False,low,slow,real/gradual/K=3/low/slow/global/balanced/clean,0.0,-0.015368421052631587
scn-0118eb79a166,2027,DDM,0.9505263157894737,0.03734469200026069,1,3.0,1.0,0.0,3.0,1.0,0.0,0.0,0.0,0.0,1.0,,,1000.0,1000.0,,,1.0,1000.0,hyperplane_gauss,20000,20,0.5,0.0,3,real,gradual,4000,0.05,1.0,False,low,slow,real/gradual/K=3/low/slow/global/balanced/clean,-0.005736842105263151,-0.009631578947368435
scn-0118eb79a166,2027,EDDM,0.9486842105263158,0.03632828499985408,3,3.0,3.0,1.0,2.0,0.0,2.0,0.3333333333333333,0.3333333333333333,0.3333333333333333,0.6666666666666667,768.0,768.0,inf,1000.0,inf,0.4340277777777777,0.0,1000.0,hyperplane_gauss,20000,20,0.5,0.0,3,real,gradual,4000,0.05,1.0,False,low,slow,real/gradual/K=3/low/slow/global/balanced/clean,-0.0075789473684210185,-0.007789473684210568
scn-0118eb79a166,2027,HDDM_A,0.9562631578947368,0.10864637199983918,0,3.0,0.0,0.0,3.0,0.0,0.0,,0.0,0.0,1.0,,,inf,1000.0,,,0.0,1000.0,hyperplane_gauss,20000,20,0.5,0.0,3,real,gradual,4000,0.05,1.0,False,low,slow,real/gradual/K=3/low/slow/global/balanced/clean,0.0,-0.015368421052631587
scn-0118eb79a166,2027,HDDM_W,0.9562631578947368,0.07909518700034823,0,3.0,0.0,0.0,3.0,0.0,0.0,,0.0,0.0,1.0,,,inf,1000.0,,,0.0,1000.0,hyperplane_gauss,20000,20,0.5,0.0,3,real,gradual,4000,0.05,1.0,False,low,slow,real/gradual/K=3/low/slow/global/balanced/clean,0.0,-0.015368421052631587
scn-0118eb79a166,2027,FHDDM,0.9562631578947368,0.03342166799984625,0,3.0,0.0,0.0,3.0,0.0,0.0,,0.0,0.0,1.0,,,inf,1000.0,,,0.0,1000.0,hyperplane_gauss,20000,20,0.5,0.0,3,real,gradual,4000,0.05,1.0,False,low,slow,real/gradual/K=3/low/slow/global/balanced/clean,0.0,-0.015368421052631587
scn-0118eb79a166,2027,NoDrift,0.9562631578947368,0.027113829999962036,0,3.0,0.0,0.0,3.0,0.0,0.0,,0.0,0.0,1.0,,,inf,1000.0,,,0.0,1000.0,hyperplane_gauss,20000,20,0.5,0.0,3,real,gradual,4000,0.05,1.0,False,low,slow,real/gradual/K=3/low/slow/global/balanced/clean,0.0,-0.015368421052631587
scn-0118eb79a166,2027,Periodic(2000),0.9063157894736842,0.031187761000182945,9,3.0,9.0,3.0,0.0,0.0,6.0,0.3333333333333333,1.0,0.5,0.0,1500.3333333333333,1500.0,inf,1000.0,inf,0.666518551433015,0.0,1000.0,hyperplane_gauss,20000,20,0.5,0.0,3,real,gradual,4000,0.05,1.0,False,low,slow,real/gradual/K=3/low/slow/global/balanced/clean,-0.04994736842105263,0.03457894736842104
scn-0118eb79a166,2027,Oracle,0.9408947368421052,0.03295112399973732,3,3.0,3.0,3.0,0.0,0.0,0.0,1.0,1.0,1.0,0.0,2001.0,2001.0,inf,1000.0,inf,0.49975012493753124,0.0,1000.0,hyperplane_gauss,20000,20,0.5,0.0,3,real,gradual,4000,0.05,1.0,False,low,slow,real/gradual/K=3/low/slow/global/balanced/clean,-0.015368421052631587,-0.0
scn-0118eb79a166,2028,ADWIN,0.9505789473684211,0.030599997000081203,0,3.0,0.0,0.0,3.0,0.0,0.0,,0.0,0.0,1.0,,,inf,1000.0,,,0.0,1000.0,hyperplane_gauss,20000,20,0.5,0.0,3,real,gradual,4000,0.05,1.0,False,low,slow,real/gradual/K=3/low/slow/global/balanced/clean,0.0,-0.01594736842105271
scn-0118eb79a166,2028,KSWIN,0.9505789473684211,4.190274529999897,0,3.0,0.0,0.0,3.0,0.0,0.0,,0.0,0.0,1.0,,,inf,1000.0,,,0.0,1000.0,hyperplane_gauss,20000,20,0.5,0.0,3,real,gradual,4000,0.05,1.0,False,low,slow,real/gradual/K=3/low/slow/global/balanced/clean,0.0,-0.01594736842105271
scn-0118eb79a166,2028,PageHinkley,0.9505789473684211,0.03715096600035395,0,3.0,0.0,0.0,3.0,0.0,0.0,,0.0,0.0,1.0,,,inf,1000.0,,,0.0,1000.0,hyperplane_gauss,20000,20,0.5,0.0,3,real,gradual,4000,0.05,1.0,False,low,slow,real/gradual/K=3/low/slow/global/balanced/clean,0.0,-0.01594736842105271
scn-0118eb79a166,2028,PageHinkley-up,0.9505789473684211,0.03548480900008144,0,3.0,0.0,0.0,3.0,0.0,0.0,,0.0,0.0,1.0,,,inf,1000.0,,,0.0,1000.0,hyperplane_gauss,20000,20,0.5,0.0,3,real,gradual,4000,0.05,1.0,False,low,slow,real/gradual/K=3/low/slow/global/balanced/clean,0.0,-0.01594736842105271
scn-0118eb79a166,2028,DDM,0.9505789473684211,0.03538431400011177,0,3.0,0.0,0.0,3.0,0.0,0.0,,0.0,0.0,1.0,,,inf,1000.0,,,0.0,1000.0,hyperplane_gauss,20000,20,0.5,0.0,3,real,gradual,4000,0.05,1.0,False,low,slow,real/gradual/K=3/low/slow/global/balanced/clean,0.0,-0.01594736842105271
scn-0118eb79a166,2028,EDDM,0.9505789473684211,0.030146218000027147,0,3.0,0.0,0.0,3.0,0.0,0.0,,0.0,0.0,1.0,,,inf,1000.0,,,0.0,1000.0,hyperplane_gauss,20000,20,0.5,0.0,3,real,gradual,4000,0.05,1.0,False,low,slow,real/gradual/K=3/low/slow/global/balanced/clean,0.0,-0.01594736842105271
scn-0118eb79a166,2028,HDDM_A,0.9505789473684211,0.10377130200004103,0,3.0,0.0,0.0,3.0,0.0,0.0,,0.0,0.0,1.0,,,inf,1000.0,,,0.0,1000.0,hyperplane_gauss,20000,20,0.5,0.0,3,real,gradual,4000,0.05,1.0,False,low,slow,real/gradual/K=3/low/slow/global/balanced/clean,0.0,-0.01594736842105271
scn-0118eb79a166,2028,HDDM_W,0.9505789473684211,0.07899192300010327,0,3.0,0.0,0.0,3.0,0.0,0.0,,0.0,0.0,1.0,,,inf,1000.0,,,0.0,1000.0,hyperplane_gauss,20000,20,0.5,0.0,3,real,gradual,4000,0.05,1.0,False,low,slow,real/gradual/K=3/low/slow/global/balanced/clean,0.0,-0.01594736842105271
scn-0118eb79a166,2028,FHDDM,0.9505789473684211,0.0365638050002417,0,3.0,0.0,0.0,3.0,0.0,0.0,,0.0,0.0,1.0,,,inf,1000.0,,,0.0,1000.0,hyperplane_gauss,20000,20,0.5,0.0,3,real,gradual,4000,0.05,1.0,False,low,slow,real/gradual/K=3/low/slow/global/balanced/clean,0.0,-0.01594736842105271
scn-0118eb79a166,2028,NoDrift,0.9505789473684211,0.02960364299997309,0,3.0,0.0,0.0,3.0,0.0,0.0,,0.0,0.0,1.0,,,inf,1000.0,,,0.0,1000.0,hyperplane_gauss,20000,20,0.5,0.0,3,real,gradual,4000,0.05,1.0,False,low,slow,real/gradual/K=3/low/slow/global/balanced/clean,0.0,-0.01594736842105271
scn-0118eb79a166,2028,Periodic(2000),0.9006842105263158,0.031440006000138965,9,3.0,9.0,3.0,0.0,0.0,6.0,0.3333333333333333,1.0,0.5,0.0,1500.3333333333333,1500.0,inf,1000.0,inf,0.666518551433015,0.0,1000.0,hyperplane_gauss,20000,20,0.5,0.0,3,real,gradual,4000,0.05,1.0,False,low,slow,real/gradual/K=3/low/slow/global/balanced/clean,-0.049894736842105325,0.033947368421052615
scn-0118eb79a166,2028,Oracle,0.9346315789473684,0.03602900900023087,3,3.0,3.0,3.0,0.0,0.0,0.0,1.0,1.0,1.0,0.0,2001.0,2001.0,inf,1000.0,inf,0.49975012493753124,0.0,1000.0,hyperplane_gauss,20000,20,0.5,0.0,3,real,gradual,4000,0.05,1.0,False,low,slow,real/gradual/K=3/low/slow/global/balanced/clean,-0.01594736842105271,-0.0
scn-0118eb79a166,2029,ADWIN,0.8974736842105263,0.04822719799994957,13,3.0,13.0,2.0,1.0,1.0,10.0,0.15384615384615385,0.6666666666666666,0.25,0.33333333333333337,349.5,349.5,1000.0,1000.0,1.9074868860276584,1.9074868860276584,1.0,1000.0,hyperplane_gauss,20000,20,0.5,0.0,3,real,gradual,4000,0.05,1.0,False,low,slow,real/gradual/K=3/low/slow/global/balanced/clean,-0.055631578947368476,0.03726315789473689
scn-0118eb79a166,2029,KSWIN,0.9531052631578948,4.204810142999577,0,3.0,0.0,0.0,3.0,0.0,0.0,,0.0,0.0,1.0,,,inf,1000.0,,,0.0,1000.0,hyperplane_gauss,20000,20,0.5,0.0,3,real,gradual,4000,0.05,1.0,False,low,slow,real/gradual/K=3/low/slow/global/balanced/clean,0.0,-0.01836842105263159
scn-0118eb79a166,2029,PageHinkley,0.9531052631578948,0.035338816000148654,0,3.0,0.0,0.0,3.0,0.0,0.0,,0.0,0.0,1.0,,,inf,1000.0,,,0.0,1000.0,hyperplane_gauss,20000,20,0.5,0.0,3,real,gradual,4000,0.05,1.0,False,low,slow,real/gradual/K=3/low/slow/global/balanced/clean,0.0,-0.01836842105263159
scn-0118eb79a166,2029,PageHinkley-up,0.9531052631578948,0.034562437999738904,0,3.0,0.0,0.0,3.0,0.0,0.0,,0.0,0.0,1.0,,,inf,1000.0,,,0.0,1000.0,hyperplane_gauss,20000,20,0.5,0.0,3,real,gradual,4000,0.05,1.0,False,low,slow,real/gradual/K=3/low/slow/global/balanced/clean,0.0,-0.01836842105263159
scn-0118eb79a166,2029,DDM,0.9531052631578948,0.03439834399978281,0,3.0,0.0,0.0,3.0,0.0,0.0,,0.0,0.0,1.0,,,inf,1000.0,,,0.0,1000.0,hyperplane_gauss,20000,20,0.5,0.0,3,real,gradual,4000,0.05,1.0,False,low,slow,real/gradual/K=3/low/slow/global/balanced/clean,0.0,-0.01836842105263159
scn-0118eb79a166,2029,EDDM,0.9465263157894737,0.03251212899976963,2,3.0,2.0,1.0,2.0,0.0,1.0,0.5,0.3333333333333333,0.4,0.6666666666666667,320.0,320.0,inf,1000.0,inf,1.0416666666666665,0.0,1000.0,hyperplane_gauss,20000,20,0.5,0.0,3,real,gradual,4000,0.05,1.0,False,low,slow,real/gradual/K=3/low/slow/global/balanced/clean,-0.006578947368421129,-0.01178947368421046
scn-0118eb79a166,2029,HDDM_A,0.9531052631578948,0.10882458600008249,0,3.0,0.0,0.0,3.0,0.0,0.0,,0.0,0.0,1.0,,,inf,1000.0,,,0.0,1000.0,hyperplane_gauss,20000,20,0.5,0.0,3,real,gradual,4000,0.05,1.0,False,low,slow,real/gradual/K=3/low/slow/global/balanced/clean,0.0,-0.01836842105263159
scn-0118eb79a166,2029,HDDM_W,0.9531052631578948,0.08097621799970511,0,3.0,0.0,0.0,3.0,0.0,0.0,,0.0,0.0,1.0,,,inf,1000.0,,,0.0,1000.0,hyperplane_gauss,20000,20,0.5,0.0,3,real,gradual,4000,0.05,1.0,False,low,slow,real/gradual/K=3/low/slow/global/balanced/clean,0.0,-0.01836842105263159
scn-0118eb79a166,2029,FHDDM,0.9531052631578948,0.03422634199978347,0,3.0,0.0,0.0,3.0,0.0,0.0,,0.0,0.0,1.0,,,inf,1000.0,,,0.0,1000.0,hyperplane_gauss,20000,20,0.5,0.0,3,real,gradual,4000,0.05,1.0,False,low,slow,real/gradual/K=3/low/slow/global/balanced/clean,0.0,-0.01836842105263159
scn-0118eb79a166,2029,NoDrift,0.9531052631578948,0.028741566999997303,0,3.0,0.0,0.0,3.0,0.0,0.0,,0.0,0.0,1.0,,,inf,1000.0,,,0.0,1000.0,hyperplane_gauss,20000,20,0.5,0.0,3,real,gradual,4000,0.05,1.0,False,low,slow,real/gradual/K=3/low/slow/global/balanced/clean,0.0,-0.01836842105263159
scn-0118eb79a166,2029,Periodic(2000),0.9023157894736842,0.03099997399976928,9,3.0,9.0,3.0,0.0,0.0,6.0,0.3333333333333333,1.0,0.5,0.0,1500.3333333333333,1500.0,inf,1000.0,inf,0.666518551433015,0.0,1000.0,hyperplane_gauss,20000,20,0.5,0.0,3,real,gradual,4000,0.05,1.0,False,low,slow,real/gradual/K=3/low/slow/global/balanced/clean,-0.050789473684210606,0.03242105263157902
scn-0118eb79a166,2029,Oracle,0.9347368421052632,0.035822524999730376,3,3.0,3.0,3.0,0.0,0.0,0.0,1.0,1.0,1.0,0.0,2001.0,2001.0,inf,1000.0,inf,0.49975012493753124,0.0,1000.0,hyperplane_gauss,20000,20,0.5,0.0,3,real,gradual,4000,0.05,1.0,False,low,slow,real/gradual/K=3/low/slow/global/balanced/clean,-0.01836842105263159,-0.0
scn-422c46acac5f,2027,ADWIN,0.9078421052631579,0.03946864299996378,9,3.0,9.0,2.0,1.0,4.0,3.0,0.2222222222222222,0.6666666666666666,0.3333333333333333,0.33333333333333337,623.5,623.5,3175.0,3175.0,3.394814220796578,3.394814220796578,0.31496062992125984,12700.0,hyperplane_gauss,20000,20,0.5,0.0,3,real,gradual,100,0.1,1.0,False,medium,fast,real/gradual/K=3/medium/fast/global/balanced/clean,-0.018000000000000016,0.03489473684210531
scn-422c46acac5f,2027,KSWIN,0.9258421052631579,4.16653427600022,0,3.0,0.0,0.0,3.0,0.0,0.0,,0.0,0.0,1.0,,,inf,12700.0,,,0.0,12700.0,hyperplane_gauss,20000,20,0.5,0.0,3,real,gradual,100,0.1,1.0,False,medium,fast,real/gradual/K=3/medium/fast/global/balanced/clean,0.0,0.016894736842105296
scn-422c46acac5f,2027,PageHinkley,0.8944210526315789,0.06326393299968913,14,3.0,14.0,2.0,1.0,9.0,3.0,0.14285714285714285,0.6666666666666666,0.23529411764705882,0.33333333333333337,838.0,838.0,1411.111111111111,1411.111111111111,1.1226023159197382,1.1226023159197382,0.7086614173228346,12700.0,hyperplane_gauss,20000,20,0.5,0.0,3,real,gradual,100,0.1,1.0,False,medium,fast,real/gradual/K=3/medium/fast/global/balanced/clean,-0.031421052631579016,0.04831578947368431
scn-422c46acac5f,2027,PageHinkley-up,0.9331052631578948,0.04035928099983721,2,3.0,2.0,2.0,1.0,0.0,0.0,1.0,0.6666666666666666,0.8,0.33333333333333337,940.0,940.0,inf,12700.0,inf,9.00709219858156,0.0,12700.0,hyperplane_gauss,20000,20,0.5,0.0,3,real,gradual,100,0.1,1.0,False,medium,fast,real/gradual/K=3/medium/fast/global/balanced/clean,0.00726315789473686,0.009631578947368435
scn-422c46acac5f,2027,DDM,0.9284736842105263,0.04028810900035751,3,3.0,3.0,2.0,1.0,1.0,0.0,0.6666666666666666,0.6666666666666666,0.6666666666666666,0.33333333333333337,1000.5,1000.5,12700.0,12700.0,8.462435448942195,8.462435448942195,0.07874015748031496,12700.0,hyperplane_gauss,20000,20,0.5,0.0,3,real,gradual,100,0.1,1.0,False,medium,fast,real/gradual/K=3/medium/fast/global/balanced/clean,0.0026315789473684292,0.014263157894736866
scn-422c46acac5f,2027,EDDM,0.9273157894736842,0.03829148300019369,4,3.0,4.0,1.0,2.0,3.0,0.0,0.25,0.3333333333333333,0.28571428571428575,0.6666666666666667,926.0,926.0,4233.333333333333,4233.333333333333,1.5238780897528192,1.5238780897528192,0.23622047244094488,12700.0,hyperplane_gauss,20000,20,0.5,0.0,3,real,gradual,100,0.1,1.0,False,medium,fast,real/gradual/K=3/medium/fast/global/balanced/clean,0.0014736842105262937,0.015421052631579002
scn-422c46acac5f,2027,HDDM_A,0.9316315789473684,0.104298831000051,1,3.0,1.0,0.0,3.0,1.0,0.0,0.0,0.0,0.0,1.0,,,12700.0,12700.0,,,0.07874015748031496,12700.0,hyperplane_gauss,20000,20,0.5,0.0,3,real,gradual,100,0.1,1.0,False,medium,fast,real/gradual/K=3/medium/fast/global/balanced/clean,0.0057894736842104555,0.01110526315789484
scn-422c46acac5f,2027,HDDM_W,0.9258421052631579,0.07497368799977266,0,3.0,0.0,0.0,3.0,0.0,0.0,,0.0,0.0,1.0,,,inf,12700.0,,,0.0,12700.0,hyperplane_gauss,20000,20,0.5,0.0,3,real,gradual,100,0.1,1.0,False,medium,fast,real/gradual/K=3/medium/fast/global/balanced/clean,0.0,0.016894736842105296
scn-422c46acac5f,2027,FHDDM,0.9258421052631579,0.032817367000006925,0,3.0,0.0,0.0,3.0,0.0,0.0,,0.0,0.0,1.0,,,inf,12700.0,,,0.0,12700.0,hyperplane_gauss,20000,20,0.5,0.0,3,real,gradual,100,0.1,1.0,False,medium,fast,real/gradual/K=3/medium/fast/global/balanced/clean,0.0,0.016894736842105296
scn-422c46acac5f,2027,NoDrift,0.9258421052631579,0.02594503199998144,0,3.0,0.0,0.0,3.0,0.0,0.0,,0.0,0.0,1.0,,,inf,12700.0,,,0.0,12700.0,hyperplane_gauss,20000,20,0.5,0.0,3,real,gradual,100,0.1,1.0,False,medium,fast,real/gradual/K=3/medium/fast/global/balanced/clean,0.0,0.016894736842105296
scn-422c46acac5f,2027,Periodic(2000),0.906157894736842,0.02800933000025907,9,3.0,9.0,3.0,0.0,6.0,0.0,0.3333333333333333,1.0,0.5,0.0,1550.3333333333333,1550.0,2116.6666666666665,2116.6666666666665,1.3652977854224897,1.3652977854224897,0.47244094488188976,12700.0,hyperplane_gauss,20000,20,0.5,0.0,3,real,gradual,100,0.1,1.0,False,medium,fast,real/gradual/K=3/medium/fast/global/balanced/clean,-0.01968421052631586,0.036578947368421155
scn-422c46acac5f,2027,Oracle,0.9427368421052632,0.031774615999893285,3,3.0,3.0,3.0,0.0,0.0,0.0,1.0,1.0,1.0,0.0,51.0,51.0,inf,12700.0,inf,249.01960784313727,0.0,12700.0,hyperplane_gauss,20000,20,0.5,0.0,3,real,gradual,100,0.1,1.0,False,medium,fast,real/gradual/K=3/medium/fast/global/balanced/clean,0.016894736842105296,-0.0
scn-422c46acac5f,2028,ADWIN,0.8850526315789473,0.04488463600000614,14,3.0,14.0,3.0,0.0,10.0,1.0,0.21428571428571427,1.0,0.35294117647058826,0.0,1161.0,1249.0,1270.0,1270.0,1.0938845822566752,1.0938845822566752,0.7874015748031497,12700.0,hyperplane_gauss,20000,20,0.5,0.0,3,real,gradual,100,0.1,1.0,False,medium,fast,real/gradual/K=3/medium/fast/global/balanced/clean,-0.035157894736842166,0.051105263157894765
scn-422c46acac5f,2028,KSWIN,0.9202105263157895,4.177611521000017,0,3.0,0.0,0.0,3.0,0.0,0.0,,0.0,0.0,1.0,,,inf,12700.0,,,0.0,12700.0,hyperplane_gauss,20000,20,0.5,0.0,3,real,gradual,100,0.1,1.0,False,medium,fast,real/gradual/K=3/medium/fast/global/balanced/clean,0.0,0.0159473684210526
scn-422c46acac5f,2028,PageHinkley,0.8598421052631579,0.07193285300036223,23,3.0,23.0,3.0,0.0,16.0,4.0,0.13043478260869565,1.0,0.23076923076923078,0.0,557.6666666666666,522.0,793.75,793.75,1.423341303048416,1.423341303048416,1.2598425196850394,12700.0,hyperplane_gauss,20000,20,0.5,0.0,3,real,gradual,100,0.1,1.0,False,medium,fast,real/gradual/K=3/medium/fast/global/balanced/clean,-0.06036842105263163,0.07631578947368423
scn-422c46acac5f,2028,PageHinkley-up,0.9269473684210526,0.036421519000214175,3,3.0,3.0,3.0,0.0,0.0,0.0,1.0,1.0,1.0,0.0,1285.6666666666667,1344.0,inf,12700.0,inf,9.878143634949442,0.0,12700.0,hyperplane_gauss,20000,20,0.5,0.0,3,real,gradual,100,0.1,1.0,False,medium,fast,real/gradual/K=3/medium/fast/global/balanced/clean,0.006736842105263152,0.009210526315789447
scn-422c46acac5f,2028,DDM,0.9294210526315789,0.04692424299992126,2,3.0,2.0,1.0,2.0,1.0,0.0,0.5,0.3333333333333333,0.4,0.6666666666666667,399.0,399.0,12700.0,12700.0,10.60985797827903,10.60985797827903,0.07874015748031496,12700.0,hyperplane_gauss,20000,20,0.5,0.0,3,real,gradual,100,0.1,1.0,False,medium,fast,real/gradual/K=3/medium/fast/global/balanced/clean,0.009210526315789447,0.006736842105263152
scn-422c46acac5f,2028,EDDM,0.9273684210526316,0.03520871399996395,4,3.0,4.0,3.0,0.0,0.0,1.0,0.75,1.0,0.8571428571428571,0.0,969.3333333333334,981.0,inf,12700.0,inf,13.10178817056396,0.0,12700.0,hyperplane_gauss,20000,20,0.5,0.0,3,real,gradual,100,0.1,1.0,False,medium,fast,real/gradual/K=3/medium/fast/global/balanced/clean,0.007157894736842141,0.008789473684210458
scn-422c46acac5f,2028,HDDM_A,0.9202105263157895,0.07993440700010979,0,3.0,0.0,0.0,3.0,0.0,0.0,,0.0,0.0,1.0,,,inf,12700.0,,,0.0,12700.0,hyperplane_gauss,20000,20,0.5,0.0,3,real,gradual,100,0.1,1.0,False,medium,fast,real/gradual/K=3/medium/fast/global/balanced/clean,0.0,0.0159473684210526
scn-422c46acac5f,2028,HDDM_W,0.9202105263157895,0.07666928499975256,0,3.0,0.0,0.0,3.0,0.0,0.0,,0.0,0.0,1.0,,,inf,12700.0,,,0.0,12700.0,hyperplane_gauss,20000,20,0.5,0.0,3,real,gradual,100,0.1,1.0,False,medium,fast,real/gradual/K=3/medium/fast/global/balanced/clean,0.0,0.0159473684210526
scn-422c46acac5f,2028,FHDDM,0.9202105263157895,0.0320615949999592,0,3.0,0.0,0.0,3.0,0.0,0.0,,0.0,0.0,1.0,,,inf,12700.0,,,0.0,12700.0,hyperplane_gauss,20000,20,0.5,0.0,3,real,gradual,100,0.1,1.0,False,medium,fast,real/gradual/K=3/medium/fast/global/balanced/clean,0.0,0.0159473684210526
scn-422c46acac5f,2028,NoDrift,0.9202105263157895,0.025817403000019112,0,3.0,0.0,0.0,3.0,0.0,0.0,,0.0,0.0,1.0,,,inf,12700.0,,,0.0,12700.0,hyperplane_gauss,20000,20,0.5,0.0,3,real,gradual,100,0.1,1.0,False,medium,fast,real/gradual/K=3/medium/fast/global/balanced/clean,0.0,0.0159473684210526
scn-422c46acac5f,2028,Periodic(2000),0.9007894736842105,0.028760695999608288,9,3.0,9.0,3.0,0.0,6.0,0.0,0.3333333333333333,1.0,0.5,0.0,1550.3333333333333,1550.0,2116.6666666666665,2116.6666666666665,1.3652977854224897,1.3652977854224897,0.47244094488188976,12700.0,hyperplane_gauss,20000,20,0.5,0.0,3,real,gradual,100,0.1,1.0,False,medium,fast,real/gradual/K=3/medium/fast/global/balanced/clean,-0.019421052631579006,0.035368421052631605
scn-422c46acac5f,2028,Oracle,0.9361578947368421,0.03603900399957638,3,3.0,3.0,3.0,0.0,0.0,0.0,1.0,1.0,1.0,0.0,51.0,51.0,inf,12700.0,inf,249.01960784313727,0.0,12700.0,hyperplane_gauss,20000,20,0.5,0.0,3,real,gradual,100,0.1,1.0,False,medium,fast,real/gradual/K=3/medium/fast/global/balanced/clean,0.0159473684210526,-0.0
scn-422c46acac5f,2029,ADWIN,0.9028947368421053,0.04407015099968703,8,3.0,8.0,1.0,2.0,6.0,1.0,0.125,0.3333333333333333,0.18181818181818182,0.6666666666666667,833.0,833.0,2116.6666666666665,2116.6666666666665,0.8470054688542081,0.8470054688542081,0.47244094488188976,12700.0,hyperplane_gauss,20000,20,0.5,0.0,3,real,gradual,100,0.1,1.0,False,medium,fast,real/gradual/K=3/medium/fast/global/balanced/clean,-0.01847368421052631,0.03463157894736835
scn-422c46acac5f,2029,KSWIN,0.9213684210526316,4.123979191000217,0,3.0,0.0,0.0,3.0,0.0,0.0,,0.0,0.0,1.0,,,inf,12700.0,,,0.0,12700.0,hyperplane_gauss,20000,20,0.5,0.0,3,real,gradual,100,0.1,1.0,False,medium,fast,real/gradual/K=3/medium/fast/global/balanced/clean,0.0,0.016157894736842038
scn-422c46acac5f,2029,PageHinkley,0.886421052631579,0.06436881799982075,16,3.0,16.0,2.0,1.0,10.0,4.0,0.125,0.6666666666666666,0.21052631578947367,0.33333333333333337,477.5,477.5,1270.0,1270.0,1.7731239092495636,1.7731239092495636,0.7874015748031497,12700.0,hyperplane_gauss,20000,20,0.5,0.0,3,real,gradual,100,0.1,1.0,False,medium,fast,real/gradual/K=3/medium/fast/global/balanced/clean,-0.034947368421052616,0.051105263157894654
scn-422c46acac5f,2029,PageHinkley-up,0.9307894736842105,0.03914351699995677,1,3.0,1.0,1.0,2.0,0.0,0.0,1.0,0.3333333333333333,0.5,0.6666666666666667,1824.0,1824.0,inf,12700.0,inf,2.3209064327485374,0.0,12700.0,hyperplane_gauss,20000,20,0.5,0.0,3,real,gradual,100,0.1,1.0,False,medium,fast,real/gradual/K=3/medium/fast/global/balanced/clean,0.009421052631578886,0.006736842105263152
scn-422c46acac5f,2029,DDM,0.9314210526315789,0.037926105999758875,2,3.0,2.0,2.0,1.0,0.0,0.0,1.0,0.6666666666666666,0.8,0.33333333333333337,1298.0,1298.0,inf,12700.0,inf,6.5228556753980484,0.0,12700.0,hyperplane_gauss,20000,20,0.5,0.0,3,real,gradual,100,0.1,1.0,False,medium,fast,real/gradual/K=3/medium/fast/global/balanced/clean,0.010052631578947313,0.006105263157894725
scn-422c46acac5f,2029,EDDM,0.9184736842105263,0.0474226159999489,8,3.0,8.0,0.0,3.0,8.0,0.0,0.0,0.0,0.0,1.0,,,1587.5,1587.5,,,0.6299212598425197,12700.0,hyperplane_gauss,20000,20,0.5,0.0,3,real,gradual,100,0.1,1.0,False,medium,fast,real/gradual/K=3/medium/fast/global/balanced/clean,-0.0028947368421052833,0.01905263157894732
scn-422c46acac5f,2029,HDDM_A,0.9213684210526316,0.08421917400028178,0,3.0,0.0,0.0,3.0,0.0,0.0,,0.0,0.0,1.0,,,inf,12700.0,,,0.0,12700.0,hyperplane_gauss,20000,20,0.5,0.0,3,real,gradual,100,0.1,1.0,False,medium,fast,real/gradual/K=3/medium/fast/global/balanced/clean,0.0,0.016157894736842038
scn-422c46acac5f,2029,HDDM_W,0.9213684210526316,0.07644001600010597,0,3.0,0.0,0.0,3.0,0.0,0.0,,0.0,0.0,1.0,,,inf,12700.0,,,0.0,12700.0,hyperplane_gauss,20000,20,0.5,0.0,3,real,gradual,100,0.1,1.0,False,medium,fast,real/gradual/K=3/medium/fast/global/balanced/clean,0.0,0.016157894736842038
scn-422c46acac5f,2029,FHDDM,0.9213684210526316,0.0320643499999278,0,3.0,0.0,0.0,3.0,0.0,0.0,,0.0,0.0,1.0,,,inf,12700.0,,,0.0,12700.0,hyperplane_gauss,20000,20,0.5,0.0,3,real,gradual,100,0.1,1.0,False,medium,fast,real/gradual/K=3/medium/fast/global/balanced/clean,0.0,0.016157894736842038
scn-422c46acac5f,2029,NoDrift,0.9213684210526316,0.02565586600030656,0,3.0,0.0,0.0,3.0,0.0,0.0,,0.0,0.0,1.0,,,inf,12700.0,,,0.0,12700.0,hyperplane_gauss,20000,20,0.5,0.0,3,real,gradual,100,0.1,1.0,False,medium,fast,real/gradual/K=3/medium/fast/global/balanced/clean,0.0,0.016157894736842038
scn-422c46acac5f,2029,Periodic(2000),0.901,0.027925997000238567,9,3.0,9.0,3.0,0.0,6.0,0.0,0.3333333333333333,1.0,0.5,0.0,1550.3333333333333,1550.0,2116.6666666666665,2116.6666666666665,1.3652977854224897,1.3652977854224897,0.47244094488188976,12700.0,hyperplane_gauss,20000,20,0.5,0.0,3,real,gradual,100,0.1,1.0,False,medium,fast,real/gradual/K=3/medium/fast/global/balanced/clean,-0.02036842105263159,0.03652631578947363
scn-422c46acac5f,2029,Oracle,0.9375263157894737,0.03202371099996526,3,3.0,3.0,3.0,0.0,0.0,0.0,1.0,1.0,1.0,0.0,51.0,51.0,inf,12700.0,inf,249.01960784313727,0.0,12700.0,hyperplane_gauss,20000,20,0.5,0.0,3,real,gradual,100,0.1,1.0,False,medium,fast,real/gradual/K=3/medium/fast/global/balanced/clean,0.016157894736842038,-0.0
scn-cf71c09c9640,2027,ADWIN,0.9004210526315789,0.04527161600026375,12,3.0,12.0,2.0,1.0,5.0,5.0,0.16666666666666666,0.6666666666666666,0.26666666666666666,0.33333333333333337,485.5,485.5,2360.0,2360.0,3.240645382766907,3.240645382766907,0.423728813559322,11800.0,hyperplane_gauss,20000,20,0.5,0.0,3,real,gradual,400,0.1,1.0,False,medium,fast,real/gradual/K=3/medium/fast/global/balanced/clean,-0.026210526315789573,0.04268421052631588
scn-cf71c09c9640,2027,KSWIN,0.9266315789473685,4.200271039000199,0,3.0,0.0,0.0,3.0,0.0,0.0,,0.0,0.0,1.0,,,inf,11800.0,,,0.0,11800.0,hyperplane_gauss,20000,20,0.5,0.0,3,real,gradual,400,0.1,1.0,False,medium,fast,real/gradual/K=3/medium/fast/global/balanced/clean,0.0,0.016473684210526307
scn-cf71c09c9640,2027,PageHinkley,0.8925263157894737,0.057093680999969365,14,3.0,14.0,2.0,1.0,9.0,3.0,0.14285714285714285,0.6666666666666666,0.23529411764705882,0.33333333333333337,1038.0,1038.0,1311.111111111111,1311.111111111111,0.842075215870977,0.842075215870977,0.7627118644067796,11800.0,hyperplane_gauss,20000,20,0.5,0.0,3,real,gradual,400,0.1,1.0,False,medium,fast,real/gradual/K=3/medium/fast/global/balanced/clean,-0.03410526315789475,0.05057894736842106
scn-cf71c09c9640,2027,PageHinkley-up,0.9336842105263158,0.039743980999901396,2,3.0,2.0,2.0,1.0,0.0,0.0,1.0,0.6666666666666666,0.8,0.33333333333333337,1178.5,1178.5,inf,11800.0,inf,6.675152029415924,0.0,11800.0,hyperplane_gauss,20000,20,0.5,0.0,3,real,gradual,400,0.1,1.0,False,medium,fast,real/gradual/K=3/medium/fast/global/balanced/clean,0.00705263157894731,0.009421052631578997
scn-cf71c09c9640,2027,DDM,0.9276315789473685,0.0369534639999074,2,3.0,2.0,1.0,2.0,1.0,0.0,0.5,0.3333333333333333,0.4,0.6666666666666667,1670.0,1670.0,11800.0,11800.0,2.3552894211576842,2.3552894211576842,0.0847457627118644,11800.0,hyperplane_gauss,20000,20,0.5,0.0,3,real,gradual,400,0.1,1.0,False,medium,fast,real/gradual/K=3/medium/fast/global/balanced/clean,0.0010000000000000009,0.015473684210526306
scn-cf71c09c9640,2027,EDDM,0.9302631578947368,0.032634602000143786,3,3.0,3.0,2.0,1.0,1.0,0.0,0.6666666666666666,0.6666666666666666,0.6666666666666666,0.33333333333333337,1774.5,1774.5,11800.0,11800.0,4.4331736639428945,4.4331736639428945,0.0847457627118644,11800.0,hyperplane_gauss,20000,20,0.5,0.0,3,real,gradual,400,0.1,1.0,False,medium,fast,real/gradual/K=3/medium/fast/global/balanced/clean,0.003631578947368319,0.012842105263157988
scn-cf71c09c9640,2027,HDDM_A,0.9309473684210526,0.10192789299981087,1,3.0,1.0,0.0,3.0,1.0,0.0,0.0,0.0,0.0,1.0,,,11800.0,11800.0,,,0.0847457627118644,11800.0,hyperplane_gauss,20000,20,0.5,0.0,3,real,gradual,400,0.1,1.0,False,medium,fast,real/gradual/K=3/medium/fast/global/balanced/clean,0.004315789473684162,0.012157894736842145
scn-cf71c09c9640,2027,HDDM_W,0.9266315789473685,0.07471788600014406,0,3.0,0.0,0.0,3.0,0.0,0.0,,0.0,0.0,1.0,,,inf,11800.0,,,0.0,11800.0,hyperplane_gauss,20000,20,0.5,0.0,3,real,gradual,400,0.1,1.0,False,medium,fast,real/gradual/K=3/medium/fast/global/balanced/clean,0.0,0.016473684210526307
scn-cf71c09c9640,2027,FHDDM,0.9266315789473685,0.032091689000026236,0,3.0,0.0,0.0,3.0,0.0,0.0,,0.0,0.0,1.0,,,inf,11800.0,,,0.0,11800.0,hyperplane_gauss,20000,20,0.5,0.0,3,real,gradual,400,0.1,1.0,False,medium,fast,real/gradual/K=3/medium/fast/global/balanced/clean,0.0,0.016473684210526307
scn-cf71c09c9640,2027,NoDrift,0.9266315789473685,0.02568007799982297,0,3.0,0.0,0.0,3.0,0.0,0.0,,0.0,0.0,1.0,,,inf,11800.0,,,0.0,11800.0,hyperplane_gauss,20000,20,0.5,0.0,3,real,gradual,400,0.1,1.0,False,medium,fast,real/gradual/K=3/medium/fast/global/balanced/clean,0.0,0.016473684210526307
scn-cf71c09c9640,2027,Periodic(2000),0.906578947368421,0.02792744099997435,9,3.0,9.0,3.0,0.0,5.0,1.0,0.3333333333333333,1.0,0.5,0.0,1033.6666666666667,1367.0,2360.0,2360.0,2.2831344727507252,2.2831344727507252,0.423728813559322,11800.0,hyperplane_gauss,20000,20,0.5,0.0,3,real,gradual,400,0.1,1.0,False,medium,fast,real/gradual/K=3/medium/fast/global/balanced/clean,-0.020052631578947433,0.03652631578947374
scn-cf71c09c9640,2027,Oracle,0.9431052631578948,0.03220886300005077,3,3.0,3.0,3.0,0.0,0.0,0.0,1.0,1.0,1.0,0.0,201.0,201.0,inf,11800.0,inf,58.70646766169154,0.0,11800.0,hyperplane_gauss,20000,20,0.5,0.0,3,real,gradual,400,0.1,1.0,False,medium,fast,real/gradual/K=3/medium/fast/global/balanced/clean,0.016473684210526307,-0.0
scn-cf71c09c9640,2028,ADWIN,0.8796842105263157,0.04661841200004346,15,3.0,15.0,3.0,0.0,9.0,3.0,0.2,1.0,0.33333333333333337,0.0,767.0,722.0,1311.111111111111,1311.111111111111,1.7094017094017093,1.7094017094017093,0.7627118644067796,11800.0,hyperplane_gauss,20000,20,0.5,0.0,3,real,gradual,400,0.1,1.0,False,medium,fast,real/gradual/K=3/medium/fast/global/balanced/clean,-0.04047368421052633,0.056263157894736904
scn-cf71c09c9640,2028,KSWIN,0.9201578947368421,4.161014932999933,0,3.0,0.0,0.0,3.0,0.0,0.0,,0.0,0.0,1.0,,,inf,11800.0,,,0.0,11800.0,hyperplane_gauss,20000,20,0.5,0.0,3,real,gradual,400,0.1,1.0,False,medium,fast,real/gradual/K=3/medium/fast/global/balanced/clean,0.0,0.015789473684210575
scn-cf71c09c9640,2028,PageHinkley,0.860421052631579,0.07238699799972892,23,3.0,23.0,3.0,0.0,14.0,6.0,0.13043478260869565,1.0,0.23076923076923078,0.0,698.3333333333334,592.0,842.8571428571429,842.8571428571429,1.2069553358336174,1.2069553358336174,1.1864406779661016,11800.0,hyperplane_gauss,20000,20,0.5,0.0,3,real,gradual,400,0.1,1.0,False,medium,fast,real/gradual/K=3/medium/fast/global/balanced/clean,-0.05973684210526309,0.07552631578947366
scn-cf71c09c9640,2028,PageHinkley-up,0.9256842105263158,0.0384247779998077,3,3.0,3.0,3.0,0.0,0.0,0.0,1.0,1.0,1.0,0.0,1711.3333333333333,1569.0,inf,11800.0,inf,6.895208414491624,0.0,11800.0,hyperplane_gauss,20000,20,0.5,0.0,3,real,gradual,400,0.1,1.0,False,medium,fast,real/gradual/K=3/medium/fast/global/balanced/clean,0.0055263157894737125,0.010263157894736863
scn-cf71c09c9640,2028,DDM,0.9304736842105263,0.03728756499958763,2,3.0,2.0,1.0,2.0,1.0,0.0,0.5,0.3333333333333333,0.4,0.6666666666666667,562.0,562.0,11800.0,11800.0,6.998813760379595,6.998813760379595,0.0847457627118644,11800.0,hyperplane_gauss,20000,20,0.5,0.0,3,real,gradual,400,0.1,1.0,False,medium,fast,real/gradual/K=3/medium/fast/global/balanced/clean,0.010315789473684278,0.005473684210526297
scn-cf71c09c9640,2028,EDDM,0.9264736842105263,0.03396977800002787,4,3.0,4.0,3.0,0.0,0.0,1.0,0.75,1.0,0.8571428571428571,0.0,1267.6666666666667,1520.0,inf,11800.0,inf,9.30844070470681,0.0,11800.0,hyperplane_gauss,20000,20,0.5,0.0,3,real,gradual,400,0.1,1.0,False,medium,fast,real/gradual/K=3/medium/fast/global/balanced/clean,0.006315789473684275,0.0094736842105263
scn-cf71c09c9640,2028,HDDM_A,0.9201578947368421,0.07989478000035888,0,3.0,0.0,0.0,3.0,0.0,0.0,,0.0,0.0,1.0,,,inf,11800.0,,,0.0,11800.0,hyperplane_gauss,20000,20,0.5,0.0,3,real,gradual,400,0.1,1.0,False,medium,fast,real/gradual/K=3/medium/fast/global/balanced/clean,0.0,0.015789473684210575
scn-cf71c09c9640,2028,HDDM_W,0.9201578947368421,0.07398114199986594,0,3.0,0.0,0.0,3.0,0.0,0.0,,0.0,0.0,1.0,,,inf,11800.0,,,0.0,11800.0,hyperplane_gauss,20000,20,0.5,0.0,3,real,gradual,400,0.1,1.0,False,medium,fast,real/gradual/K=3/medium/fast/global/balanced/clean,0.0,0.015789473684210575
scn-cf71c09c9640,2028,FHDDM,0.9201578947368421,0.03768202199989901,0,3.0,0.0,0.0,3.0,0.0,0.0,,0.0,0.0,1.0,,,inf,11800.0,,,0.0,11800.0,hyperplane_gauss,20000,20,0.5,0.0,3,real,gradual,400,0.1,1.0,False,medium,fast,real/gradual/K=3/medium/fast/global/balanced/clean,0.0,0.015789473684210575
scn-cf71c09c9640,2028,NoDrift,0.9201578947368421,0.025705227999878844,0,3.0,0.0,0.0,3.0,0.0,0.0,,0.0,0.0,1.0,,,inf,11800.0,,,0.0,11800.0,hyperplane_gauss,20000,20,0.5,0.0,3,real,gradual,400,0.1,1.0,False,medium,fast,real/gradual/K=3/medium/fast/global/balanced/clean,0.0,0.015789473684210575
scn-cf71c09c9640,2028,Periodic(2000),0.9009473684210526,0.028112724000038725,9,3.0,9.0,3.0,0.0,5.0,1.0,0.3333333333333333,1.0,0.5,0.0,1033.6666666666667,1367.0,2360.0,2360.0,2.2831344727507252,2.2831344727507252,0.423728813559322,11800.0,hyperplane_gauss,20000,20,0.5,0.0,3,real,gradual,400,0.1,1.0,False,medium,fast,real/gradual/K=3/medium/fast/global/balanced/clean,-0.019210526315789456,0.03500000000000003
scn-cf71c09c9640,2028,Oracle,0.9359473684210526,0.03395459299963477,3,3.0,3.0,3.0,0.0,0.0,0.0,1.0,1.0,1.0,0.0,201.0,201.0,inf,11800.0,inf,58.70646766169154,0.0,11800.0,hyperplane_gauss,20000,20,0.5,0.0,3,real,gradual,400,0.1,1.0,False,medium,fast,real/gradual/K=3/medium/fast/global/balanced/clean,0.015789473684210575,-0.0
scn-cf71c09c9640,2029,ADWIN,0.9023684210526316,0.04504224000038448,9,3.0,9.0,1.0,2.0,7.0,1.0,0.1111111111111111,0.3333333333333333,0.16666666666666666,0.6666666666666667,439.0,439.0,1685.7142857142858,1685.7142857142858,1.2799652890769062,1.2799652890769062,0.5932203389830508,11800.0,hyperplane_gauss,20000,20,0.5,0.0,3,real,gradual,400,0.1,1.0,False,medium,fast,real/gradual/K=3/medium/fast/global/balanced/clean,-0.018894736842105297,0.034368421052631604
scn-cf71c09c9640,2029,KSWIN,0.9212631578947369,4.169488714000181,0,3.0,0.0,0.0,3.0,0.0,0.0,,0.0,0.0,1.0,,,inf,11800.0,,,0.0,11800.0,hyperplane_gauss,20000,20,0.5,0.0,3,real,gradual,400,0.1,1.0,False,medium,fast,real/gradual/K=3/medium/fast/global/balanced/clean,0.0,0.015473684210526306
scn-cf71c09c9640,2029,PageHinkley,0.883,0.06089695299988307,16,3.0,16.0,2.0,1.0,9.0,5.0,0.125,0.6666666666666666,0.21052631578947367,0.33333333333333337,288.0,288.0,1311.111111111111,1311.111111111111,3.0349794238683128,3.0349794238683128,0.7627118644067796,11800.0,hyperplane_gauss,20000,20,0.5,0.0,3,real,gradual,400,0.1,1.0,False,medium,fast,real/gradual/K=3/medium/fast/global/balanced/clean,-0.03826315789473689,0.053736842105263194
scn-cf71c09c9640,2029,PageHinkley-up,0.9298421052631579,0.03660158399998181,1,3.0,1.0,1.0,2.0,0.0,0.0,1.0,0.3333333333333333,0.5,0.6666666666666667,2157.0,2157.0,inf,11800.0,inf,1.8235203214340903,0.0,11800.0,hyperplane_gauss,20000,20,0.5,0.0,3,real,gradual,400,0.1,1.0,False,medium,fast,real/gradual/K=3/medium/fast/global/balanced/clean,0.00857894736842102,0.006894736842105287
scn-cf71c09c9640,2029,DDM,0.9342105263157895,0.03775195599973813,2,3.0,2.0,2.0,1.0,0.0,0.0,1.0,0.6666666666666666,0.8,0.33333333333333337,1223.0,1223.0,inf,11800.0,inf,6.432270373398746,0.0,11800.0,hyperplane_gauss,20000,20,0.5,0.0,3,real,gradual,400,0.1,1.0,False,medium,fast,real/gradual/K=3/medium/fast/global/balanced/clean,0.012947368421052596,0.00252631578947371
scn-cf71c09c9640,2029,EDDM,0.9196842105263158,0.04736299300020619,7,3.0,7.0,0.0,3.0,7.0,0.0,0.0,0.0,0.0,1.0,,,1685.7142857142858,1685.7142857142858,,,0.5932203389830508,11800.0,hyperplane_gauss,20000,20,0.5,0.0,3,real,gradual,400,0.1,1.0,False,medium,fast,real/gradual/K=3/medium/fast/global/balanced/clean,-0.0015789473684211242,0.01705263157894743
scn-cf71c09c9640,2029,HDDM_A,0.9212631578947369,0.08807353599968337,0,3.0,0.0,0.0,3.0,0.0,0.0,,0.0,0.0,1.0,,,inf,11800.0,,,0.0,11800.0,hyperplane_gauss,20000,20,0.5,0.0,3,real,gradual,400,0.1,1.0,False,medium,fast,real/gradual/K=3/medium/fast/global/balanced/clean,0.0,0.015473684210526306
scn-cf71c09c9640,2029,HDDM_W,0.9212631578947369,0.0769243119998464,0,3.0,0.0,0.0,3.0,0.0,0.0,,0.0,0.0,1.0,,,inf,11800.0,,,0.0,11800.0,hyperplane_gauss,20000,20,0.5,0.0,3,real,gradual,400,0.1,1.0,False,medium,fast,real/gradual/K=3/medium/fast/global/balanced/clean,0.0,0.015473684210526306
scn-cf71c09c9640,2029,FHDDM,0.9212631578947369,0.03216506000035224,0,3.0,0.0,0.0,3.0,0.0,0.0,,0.0,0.0,1.0,,,inf,11800.0,,,0.0,11800.0,hyperplane_gauss,20000,20,0.5,0.0,3,real,gradual,400,0.1,1.0,False,medium,fast,real/gradual/K=3/medium/fast/global/balanced/clean,0.0,0.015473684210526306
scn-cf71c09c9640,2029,NoDrift,0.9212631578947369,0.02569236399995134,0,3.0,0.0,0.0,3.0,0.0,0.0,,0.0,0.0,1.0,,,inf,11800.0,,,0.0,11800.0,hyperplane_gauss,20000,20,0.5,0.0,3,real,gradual,400,0.1,1.0,False,medium,fast,real/gradual/K=3/medium/fast/global/balanced/clean,0.0,0.015473684210526306
scn-cf71c09c9640,2029,Periodic(2000),0.901,0.028186837000248488,9,3.0,9.0,3.0,0.0,5.0,1.0,0.3333333333333333,1.0,0.5,0.0,1033.6666666666667,1367.0,2360.0,2360.0,2.2831344727507252,2.2831344727507252,0.423728813559322,11800.0,hyperplane_gauss,20000,20,0.5,0.0,3,real,gradual,400,0.1,1.0,False,medium,fast,real/gradual/K=3/medium/fast/global/balanced/clean,-0.020263157894736872,0.03573684210526318
scn-cf71c09c9640,2029,Oracle,0.9367368421052632,0.03256658000009338,3,3.0,3.0,3.0,0.0,0.0,0.0,1.0,1.0,1.0,0.0,201.0,201.0,inf,11800.0,inf,58.70646766169154,0.0,11800.0,hyperplane_gauss,20000,20,0.5,0.0,3,real,gradual,400,0.1,1.0,False,medium,fast,real/gradual/K=3/medium/fast/global/balanced/clean,0.015473684210526306,-0.0
scn-484fc618baf4,2027,ADWIN,0.9052631578947369,0.04167128400013098,10,3.0,10.0,2.0,1.0,5.0,3.0,0.2,0.6666666666666666,0.30769230769230765,0.33333333333333337,833.5,833.5,2000.0,2000.0,1.5996800639872024,1.5996800639872024,0.5,10000.0,hyperplane_gauss,20000,20,0.5,0.0,3,real,gradual,1000,0.1,1.0,False,medium,slow,real/gradual/K=3/medium/slow/global/balanced/clean,-0.021842105263157885,0.03710526315789475
scn-484fc618baf4,2027,KSWIN,0.9271052631578948,4.1139062910001485,0,3.0,0.0,0.0,3.0,0.0,0.0,,0.0,0.0,1.0,,,inf,10000.0,,,0.0,10000.0,hyperplane_gauss,20000,20,0.5,0.0,3,real,gradual,1000,0.1,1.0,False,medium,slow,real/gradual/K=3/medium/slow/global/balanced/clean,0.0,0.015263157894736867
scn-484fc618baf4,2027,PageHinkley,0.895578947368421,0.05659804800006896,13,3.0,13.0,2.0,1.0,6.0,5.0,0.15384615384615385,0.6666666666666666,0.25,0.33333333333333337,1172.0,1172.0,1666.6666666666667,1666.6666666666667,0.9480470231323475,0.9480470231323475,0.6,10000.0,hyperplane_gauss,20000,20,0.5,0.0,3,real,gradual,1000,0.1,1.0,False,medium,slow,real/gradual/K=3/medium/slow/global/balanced/clean,-0.031526315789473736,0.0467894736842106
scn-484fc618baf4,2027,PageHinkley-up,0.9296842105263158,0.03875286800030153,2,3.0,2.0,2.0,1.0,0.0,0.0,1.0,0.6666666666666666,0.8,0.33333333333333337,2046.0,2046.0,inf,10000.0,inf,3.258390355164549,0.0,10000.0,hyperplane_gauss,20000,20,0.5,0.0,3,real,gradual,1000,0.1,1.0,False,medium,slow,real/gradual/K=3/medium/slow/global/balanced/clean,0.002578947368421014,0.012684210526315853
scn-484fc618baf4,2027,DDM,0.9272631578947368,0.03836579300013909,2,3.0,2.0,1.0,2.0,1.0,0.0,0.5,0.3333333333333333,0.4,0.6666666666666667,2771.0,2771.0,10000.0,10000.0,1.202935161794779,1.202935161794779,0.1,10000.0,hyperplane_gauss,20000,20,0.5,0.0,3,real,gradual,1000,0.1,1.0,False,medium,slow,real/gradual/K=3/medium/slow/global/balanced/clean,0.0001578947368420236,0.015105263157894844
scn-484fc618baf4,2027,EDDM,0.929,0.0321798680001848,3,3.0,3.0,2.0,1.0,1.0,0.0,0.6666666666666666,0.6666666666666666,0.6666666666666666,0.33333333333333337,2198.0,2198.0,10000.0,10000.0,3.033060357901122,3.033060357901122,0.1,10000.0,hyperplane_gauss,20000,20,0.5,0.0,3,real,gradual,1000,0.1,1.0,False,medium,slow,real/gradual/K=3/medium/slow/global/balanced/clean,0.0018947368421052824,0.013368421052631585
scn-484fc618baf4,2027,HDDM_A,0.9262105263157895,0.09542525200004093,1,3.0,1.0,1.0,2.0,0.0,0.0,1.0,0.3333333333333333,0.5,0.6666666666666667,2360.0,2360.0,inf,10000.0,inf,1.4124293785310733,0.0,10000.0,hyperplane_gauss,20000,20,0.5,0.0,3,real,gradual,1000,0.1,1.0,False,medium,slow,real/gradual/K=3/medium/slow/global/balanced/clean,-0.0008947368421052815,0.01615789473684215
scn-484fc618baf4,2027,HDDM_W,0.9271052631578948,0.07442897700002504,0,3.0,0.0,0.0,3.0,0.0,0.0,,0.0,0.0,1.0,,,inf,10000.0,,,0.0,10000.0,hyperplane_gauss,20000,20,0.5,0.0,3,real,gradual,1000,0.1,1.0,False,medium,slow,real/gradual/K=3/medium/slow/global/balanced/clean,0.0,0.015263157894736867
scn-484fc618baf4,2027,FHDDM,0.9271052631578948,0.0316036819999681,0,3.0,0.0,0.0,3.0,0.0,0.0,,0.0,0.0,1.0,,,inf,10000.0,,,0.0,10000.0,hyperplane_gauss,20000,20,0.5,0.0,3,real,gradual,1000,0.1,1.0,False,medium,slow,real/gradual/K=3/medium/slow/global/balanced/clean,0.0,0.015263157894736867
scn-484fc618baf4,2027,NoDrift,0.9271052631578948,0.025456302000293363,0,3.0,0.0,0.0,3.0,0.0,0.0,,0.0,0.0,1.0,,,inf,10000.0,,,0.0,10000.0,hyperplane_gauss,20000,20,0.5,0.0,3,real,gradual,1000,0.1,1.0,False,medium,slow,real/gradual/K=3/medium/slow/global/balanced/clean,0.0,0.015263157894736867
scn-484fc618baf4,2027,Periodic(2000),0.9060526315789473,0.029682955999760452,9,3.0,9.0,3.0,0.0,5.0,1.0,0.3333333333333333,1.0,0.5,0.0,1333.6666666666667,1667.0,2000.0,2000.0,1.4996250937265683,1.4996250937265683,0.5,10000.0,hyperplane_gauss,20000,20,0.5,0.0,3,real,gradual,1000,0.1,1.0,False,medium,slow,real/gradual/K=3/medium/slow/global/balanced/clean,-0.021052631578947434,0.0363157894736843
scn-484fc618baf4,2027,Oracle,0.9423684210526316,0.032901573999879474,3,3.0,3.0,3.0,0.0,0.0,0.0,1.0,1.0,1.0,0.0,501.0,501.0,inf,10000.0,inf,19.960079840319363,0.0,10000.0,hyperplane_gauss,20000,20,0.5,0.0,3,real,gradual,1000,0.1,1.0,False,medium,slow,real/gradual/K=3/medium/slow/global/balanced/clean,0.015263157894736867,-0.0
scn-484fc618baf4,2028,ADWIN,0.8776315789473684,0.05262708099962765,17,3.0,17.0,3.0,0.0,8.0,6.0,0.17647058823529413,1.0,0.3,0.0,768.3333333333334,547.0,1250.0,1250.0,1.6268980477223427,1.6268980477223427,0.8,10000.0,hyperplane_gauss,20000,20,0.5,0.0,3,real,gradual,1000,0.1,1.0,False,medium,slow,real/gradual/K=3/medium/slow/global/balanced/clean,-0.042736842105263184,0.05710526315789477
scn-484fc618baf4,2028,KSWIN,0.9203684210526316,4.181020397999873,0,3.0,0.0,0.0,3.0,0.0,0.0,,0.0,0.0,1.0,,,inf,10000.0,,,0.0,10000.0,hyperplane_gauss,20000,20,0.5,0.0,3,real,gradual,1000,0.1,1.0,False,medium,slow,real/gradual/K=3/medium/slow/global/balanced/clean,0.0,0.014368421052631586
scn-484fc618baf4,2028,PageHinkley,0.8606315789473684,0.07284710900012215,23,3.0,23.0,3.0,0.0,11.0,9.0,0.13043478260869565,1.0,0.23076923076923078,0.0,750.3333333333334,284.0,909.0909090909091,909.0909090909091,1.2115827309074754,1.2115827309074754,1.1,10000.0,hyperplane_gauss,20000,20,0.5,0.0,3,real,gradual,1000,0.1,1.0,False,medium,slow,real/gradual/K=3/medium/slow/global/balanced/clean,-0.0597368421052632,0.07410526315789479
scn-484fc618baf4,2028,PageHinkley-up,0.9256842105263158,0.038349595999989106,3,3.0,3.0,3.0,0.0,0.0,0.0,1.0,1.0,1.0,0.0,2125.6666666666665,1985.0,inf,10000.0,inf,4.704406460718206,0.0,10000.0,hyperplane_gauss,20000,20,0.5,0.0,3,real,gradual,1000,0.1,1.0,False,medium,slow,real/gradual/K=3/medium/slow/global/balanced/clean,0.005315789473684163,0.009052631578947423
scn-484fc618baf4,2028,DDM,0.9299473684210526,0.03712269500010734,2,3.0,2.0,2.0,1.0,0.0,0.0,1.0,0.6666666666666666,0.8,0.33333333333333337,1981.5,1981.5,inf,10000.0,inf,3.364454537808058,0.0,10000.0,hyperplane_gauss,20000,20,0.5,0.0,3,real,gradual,1000,0.1,1.0,False,medium,slow,real/gradual/K=3/medium/slow/global/balanced/clean,0.00957894736842102,0.004789473684210566
scn-484fc618baf4,2028,EDDM,0.9312105263157895,0.03360474400005842,3,3.0,3.0,3.0,0.0,0.0,0.0,1.0,1.0,1.0,0.0,1382.6666666666667,1285.0,inf,10000.0,inf,7.232401157184185,0.0,10000.0,hyperplane_gauss,20000,20,0.5,0.0,3,real,gradual,1000,0.1,1.0,False,medium,slow,real/gradual/K=3/medium/slow/global/balanced/clean,0.010842105263157875,0.0035263157894737107
scn-484fc618baf4,2028,HDDM_A,0.9203684210526316,0.07894057299972701,0,3.0,0.0,0.0,3.0,0.0,0.0,,0.0,0.0,1.0,,,inf,10000.0,,,0.0,10000.0,hyperplane_gauss,20000,20,0.5,0.0,3,real,gradual,1000,0.1,1.0,False,medium,slow,real/gradual/K=3/medium/slow/global/balanced/clean,0.0,0.014368421052631586
scn-484fc618baf4,2028,HDDM_W,0.9203684210526316,0.07372272699967652,0,3.0,0.0,0.0,3.0,0.0,0.0,,0.0,0.0,1.0,,,inf,10000.0,,,0.0,10000.0,hyperplane_gauss,20000,20,0.5,0.0,3,real,gradual,1000,0.1,1.0,False,medium,slow,real/gradual/K=3/medium/slow/global/balanced/clean,0.0,0.014368421052631586
scn-484fc618baf4,2028,FHDDM,0.9203684210526316,0.03179872399960004,0,3.0,0.0,0.0,3.0,0.0,0.0,,0.0,0.0,1.0,,,inf,10000.0,,,0.0,10000.0,hyperplane_gauss,20000,20,0.5,0.0,3,real,gradual,1000,0.1,1.0,False,medium,slow,real/gradual/K=3/medium/slow/global/balanced/clean,0.0,0.014368421052631586
scn-484fc618baf4,2028,NoDrift,0.9203684210526316,0.02539010500004224,0,3.0,0.0,0.0,3.0,0.0,0.0,,0.0,0.0,1.0,,,inf,10000.0,,,0.0,10000.0,hyperplane_gauss,20000,20,0.5,0.0,3,real,gradual,1000,0.1,1.0,False,medium,slow,real/gradual/K=3/medium/slow/global/balanced/clean,0.0,0.014368421052631586
scn-484fc618baf4,2028,Periodic(2000),0.9005263157894737,0.027997959999993327,9,3.0,9.0,3.0,0.0,5.0,1.0,0.3333333333333333,1.0,0.5,0.0,1333.6666666666667,1667.0,2000.0,2000.0,1.4996250937265683,1.4996250937265683,0.5,10000.0,hyperplane_gauss,20000,20,0.5,0.0,3,real,gradual,1000,0.1,1.0,False,medium,slow,real/gradual/K=3/medium/slow/global/balanced/clean,-0.019842105263157883,0.03421052631578947
scn-484fc618baf4,2028,Oracle,0.9347368421052632,0.033144251000067015,3,3.0,3.0,3.0,0.0,0.0,0.0,1.0,1.0,1.0,0.0,501.0,501.0,inf,10000.0,inf,19.960079840319363,0.0,10000.0,hyperplane_gauss,20000,20,0.5,0.0,3,real,gradual,1000,0.1,1.0,False,medium,slow,real/gradual/K=3/medium/slow/global/balanced/clean,0.014368421052631586,-0.0
scn-484fc618baf4,2029,ADWIN,0.9034736842105263,0.039457712000057654,8,3.0,8.0,1.0,2.0,6.0,1.0,0.125,0.3333333333333333,0.18181818181818182,0.6666666666666667,1315.0,1315.0,1666.6666666666667,1666.6666666666667,0.42247570764681025,0.42247570764681025,0.6,10000.0,hyperplane_gauss,20000,20,0.5,0.0,3,real,gradual,1000,0.1,1.0,False,medium,slow,real/gradual/K=3/medium/slow/global/balanced/clean,-0.018421052631578894,0.031736842105263174
scn-484fc618baf4,2029,KSWIN,0.9218947368421052,4.192808786999649,0,3.0,0.0,0.0,3.0,0.0,0.0,,0.0,0.0,1.0,,,inf,10000.0,,,0.0,10000.0,hyperplane_gauss,20000,20,0.5,0.0,3,real,gradual,1000,0.1,1.0,False,medium,slow,real/gradual/K=3/medium/slow/global/balanced/clean,0.0,0.01331578947368428
scn-484fc618baf4,2029,PageHinkley,0.894578947368421,0.054240001999914966,12,3.0,12.0,2.0,1.0,6.0,4.0,0.16666666666666666,0.6666666666666666,0.26666666666666666,0.33333333333333337,1467.5,1467.5,1666.6666666666667,1666.6666666666667,0.7571455612341472,0.7571455612341472,0.6,10000.0,hyperplane_gauss,20000,20,0.5,0.0,3,real,gradual,1000,0.1,1.0,False,medium,slow,real/gradual/K=3/medium/slow/global/balanced/clean,-0.027315789473684182,0.04063157894736846
scn-484fc618baf4,2029,PageHinkley-up,0.9286315789473685,0.03510244499966575,1,3.0,1.0,1.0,2.0,0.0,0.0,1.0,0.3333333333333333,0.5,0.6666666666666667,2766.0,2766.0,inf,10000.0,inf,1.2051096649795128,0.0,10000.0,hyperplane_gauss,20000,20,0.5,0.0,3,real,gradual,1000,0.1,1.0,False,medium,slow,real/gradual/K=3/medium/slow/global/balanced/clean,0.006736842105263263,0.006578947368421018
scn-484fc618baf4,2029,DDM,0.9242105263157895,0.03503774799992243,2,3.0,2.0,1.0,2.0,1.0,0.0,0.5,0.3333333333333333,0.4,0.6666666666666667,1389.0,1389.0,10000.0,10000.0,2.399808015358771,2.399808015358771,0.1,10000.0,hyperplane_gauss,20000,20,0.5,0.0,3,real,gradual,1000,0.1,1.0,False,medium,slow,real/gradual/K=3/medium/slow/global/balanced/clean,0.002315789473684271,0.01100000000000001
scn-484fc618baf4,2029,EDDM,0.9206842105263158,0.044761137000023155,7,3.0,7.0,1.0,2.0,6.0,0.0,0.14285714285714285,0.3333333333333333,0.2,0.6666666666666667,128.0,128.0,1666.6666666666667,1666.6666666666667,4.340277777777777,4.340277777777777,0.6,10000.0,hyperplane_gauss,20000,20,0.5,0.0,3,real,gradual,1000,0.1,1.0,False,medium,slow,real/gradual/K=3/medium/slow/global/balanced/clean,-0.0012105263157894397,0.01452631578947372
scn-484fc618baf4,2029,HDDM_A,0.9218947368421052,0.0839796289997139,0,3.0,0.0,0.0,3.0,0.0,0.0,,0.0,0.0,1.0,,,inf,10000.0,,,0.0,10000.0,hyperplane_gauss,20000,20,0.5,0.0,3,real,gradual,1000,0.1,1.0,False,medium,slow,real/gradual/K=3/medium/slow/global/balanced/clean,0.0,0.01331578947368428
scn-484fc618baf4,2029,HDDM_W,0.9218947368421052,0.07501325700013695,0,3.0,0.0,0.0,3.0,0.0,0.0,,0.0,0.0,1.0,,,inf,10000.0,,,0.0,10000.0,hyperplane_gauss,20000,20,0.5,0.0,3,real,gradual,1000,0.1,1.0,False,medium,slow,real/gradual/K=3/medium/slow/global/balanced/clean,0.0,0.01331578947368428
scn-484fc618baf4,2029,FHDDM,0.9218947368421052,0.03141537999999855,0,3.0,0.0,0.0,3.0,0.0,0.0,,0.0,0.0,1.0,,,inf,10000.0,,,0.0,10000.0,hyperplane_gauss,20000,20,0.5,0.0,3,real,gradual,1000,0.1,1.0,False,medium,slow,real/gradual/K=3/medium/slow/global/balanced/clean,0.0,0.01331578947368428
scn-484fc618baf4,2029,NoDrift,0.9218947368421052,0.025515341000300396,0,3.0,0.0,0.0,3.0,0.0,0.0,,0.0,0.0,1.0,,,inf,10000.0,,,0.0,10000.0,hyperplane_gauss,20000,20,0.5,0.0,3,real,gradual,1000,0.1,1.0,False,medium,slow,real/gradual/K=3/medium/slow/global/balanced/clean,0.0,0.01331578947368428
scn-484fc618baf4,2029,Periodic(2000),0.9010526315789473,0.02735220600015964,9,3.0,9.0,3.0,0.0,5.0,1.0,0.3333333333333333,1.0,0.5,0.0,1333.6666666666667,1667.0,2000.0,2000.0,1.4996250937265683,1.4996250937265683,0.5,10000.0,hyperplane_gauss,20000,20,0.5,0.0,3,real,gradual,1000,0.1,1.0,False,medium,slow,real/gradual/K=3/medium/slow/global/balanced/clean,-0.020842105263157884,0.034157894736842165
scn-484fc618baf4,2029,Oracle,0.9352105263157895,0.0318388280002182,3,3.0,3.0,3.0,0.0,0.0,0.0,1.0,1.0,1.0,0.0,501.0,501.0,inf,10000.0,inf,19.960079840319363,0.0,10000.0,hyperplane_gauss,20000,20,0.5,0.0,3,real,gradual,1000,0.1,1.0,False,medium,slow,real/gradual/K=3/medium/slow/global/balanced/clean,0.01331578947368428,-0.0
scn-26ba5a975f41,2027,ADWIN,0.9052631578947369,0.04183629699991798,10,3.0,10.0,2.0,1.0,5.0,3.0,0.2,0.6666666666666666,0.30769230769230765,0.33333333333333337,1349.5,1349.5,1400.0,1400.0,0.6916141780906508,0.6916141780906508,0.7142857142857143,7000.0,hyperplane_gauss,20000,20,0.5,0.0,3,real,gradual,2000,0.1,1.0,False,medium,slow,real/gradual/K=3/medium/slow/global/balanced/clean,-0.021842105263157885,0.03557894736842104
scn-26ba5a975f41,2027,KSWIN,0.9271052631578948,4.188474623999809,0,3.0,0.0,0.0,3.0,0.0,0.0,,0.0,0.0,1.0,,,inf,7000.0,,,0.0,7000.0,hyperplane_gauss,20000,20,0.5,0.0,3,real,gradual,2000,0.1,1.0,False,medium,slow,real/gradual/K=3/medium/slow/global/balanced/clean,0.0,0.013736842105263158
scn-26ba5a975f41,2027,PageHinkley,0.8950526315789473,0.055202107000241085,13,3.0,13.0,2.0,1.0,5.0,6.0,0.15384615384615385,0.6666666666666666,0.25,0.33333333333333337,1332.0,1332.0,1400.0,1400.0,0.7007007007007007,0.7007007007007007,0.7142857142857143,7000.0,hyperplane_gauss,20000,20,0.5,0.0,3,real,gradual,2000,0.1,1.0,False,medium,slow,real/gradual/K=3/medium/slow/global/balanced/clean,-0.032052631578947444,0.0457894736842106
scn-26ba5a975f41,2027,PageHinkley-up,0.9300526315789474,0.04173850500001208,2,3.0,2.0,2.0,1.0,0.0,0.0,1.0,0.6666666666666666,0.8,0.33333333333333337,2762.5,2762.5,inf,7000.0,inf,1.6892911010558067,0.0,7000.0,hyperplane_gauss,20000,20,0.5,0.0,3,real,gradual,2000,0.1,1.0,False,medium,slow,real/gradual/K=3/medium/slow/global/balanced/clean,0.0029473684210525875,0.010789473684210571
scn-26ba5a975f41,2027,DDM,0.9276842105263158,0.03763700700028494,2,3.0,2.0,1.0,2.0,1.0,0.0,0.5,0.3333333333333333,0.4,0.6666666666666667,3294.0,3294.0,7000.0,7000.0,0.7083586318558995,0.7083586318558995,0.14285714285714285,7000.0,hyperplane_gauss,20000,20,0.5,0.0,3,real,gradual,2000,0.1,1.0,False,medium,slow,real/gradual/K=3/medium/slow/global/balanced/clean,0.0005789473684210122,0.013157894736842146
scn-26ba5a975f41,2027,EDDM,0.9277894736842105,0.034559281000383635,3,3.0,3.0,0.0,3.0,3.0,0.0,0.0,0.0,0.0,1.0,,,2333.3333333333335,2333.3333333333335,,,0.42857142857142855,7000.0,hyperplane_gauss,20000,20,0.5,0.0,3,real,gradual,2000,0.1,1.0,False,medium,slow,real/gradual/K=3/medium/slow/global/balanced/clean,0.0006842105263157316,0.013052631578947427
scn-26ba5a975f41,2027,HDDM_A,0.9253157894736842,0.09689368199997261,1,3.0,1.0,1.0,2.0,0.0,0.0,1.0,0.3333333333333333,0.5,0.6666666666666667,3268.0,3268.0,inf,7000.0,inf,0.7139942880456954,0.0,7000.0,hyperplane_gauss,20000,20,0.5,0.0,3,real,gradual,2000,0.1,1.0,False,medium,slow,real/gradual/K=3/medium/slow/global/balanced/clean,-0.001789473684210563,0.015526315789473721
scn-26ba5a975f41,2027,HDDM_W,0.9271052631578948,0.08420663600008993,0,3.0,0.0,0.0,3.0,0.0,0.0,,0.0,0.0,1.0,,,inf,7000.0,,,0.0,7000.0,hyperplane_gauss,20000,20,0.5,0.0,3,real,gradual,2000,0.1,1.0,False,medium,slow,real/gradual/K=3/medium/slow/global/balanced/clean,0.0,0.013736842105263158
scn-26ba5a975f41,2027,FHDDM,0.9271052631578948,0.03536241100027837,0,3.0,0.0,0.0,3.0,0.0,0.0,,0.0,0.0,1.0,,,inf,7000.0,,,0.0,7000.0,hyperplane_gauss,20000,20,0.5,0.0,3,real,gradual,2000,0.1,1.0,False,medium,slow,real/gradual/K=3/medium/slow/global/balanced/clean,0.0,0.013736842105263158
scn-26ba5a975f41,2027,NoDrift,0.9271052631578948,0.028086125000299944,0,3.0,0.0,0.0,3.0,0.0,0.0,,0.0,0.0,1.0,,,inf,7000.0,,,0.0,7000.0,hyperplane_gauss,20000,20,0.5,0.0,3,real,gradual,2000,0.1,1.0,False,medium,slow,real/gradual/K=3/medium/slow/global/balanced/clean,0.0,0.013736842105263158
scn-26ba5a975f41,2027,Periodic(2000),0.9053157894736842,0.03150170299977617,9,3.0,9.0,3.0,0.0,3.0,3.0,0.3333333333333333,1.0,0.5,0.0,500.3333333333333,500.0,2333.3333333333335,2333.3333333333335,4.663557628247835,4.663557628247835,0.42857142857142855,7000.0,hyperplane_gauss,20000,20,0.5,0.0,3,real,gradual,2000,0.1,1.0,False,medium,slow,real/gradual/K=3/medium/slow/global/balanced/clean,-0.02178947368421058,0.03552631578947374
scn-26ba5a975f41,2027,Oracle,0.9408421052631579,0.03593748499997673,3,3.0,3.0,3.0,0.0,0.0,0.0,1.0,1.0,1.0,0.0,1001.0,1001.0,inf,7000.0,inf,6.993006993006993,0.0,7000.0,hyperplane_gauss,20000,20,0.5,0.0,3,real,gradual,2000,0.1,1.0,False,medium,slow,real/gradual/K=3/medium/slow/global/balanced/clean,0.013736842105263158,-0.0
scn-26ba5a975f41,2028,ADWIN,0.9210526315789473,0.02980028100000709,0,3.0,0.0,0.0,3.0,0.0,0.0,,0.0,0.0,1.0,,,inf,7000.0,,,0.0,7000.0,hyperplane_gauss,20000,20,0.5,0.0,3,real,gradual,2000,0.1,1.0,False,medium,slow,real/gradual/K=3/medium/slow/global/balanced/clean,0.0,0.011052631578947425
scn-26ba5a975f41,2028,KSWIN,0.9210526315789473,4.2363728689997515,0,3.0,0.0,0.0,3.0,0.0,0.0,,0.0,0.0,1.0,,,inf,7000.0,,,0.0,7000.0,hyperplane_gauss,20000,20,0.5,0.0,3,real,gradual,2000,0.1,1.0,False,medium,slow,real/gradual/K=3/medium/slow/global/balanced/clean,0.0,0.011052631578947425
scn-26ba5a975f41,2028,PageHinkley,0.8923157894736842,0.0536757579998266,12,3.0,12.0,2.0,1.0,5.0,5.0,0.16666666666666666,0.6666666666666666,0.26666666666666666,0.33333333333333337,2031.5,2031.5,1400.0,1400.0,0.4594306341783575,0.4594306341783575,0.7142857142857143,7000.0,hyperplane_gauss,20000,20,0.5,0.0,3,real,gradual,2000,0.1,1.0,False,medium,slow,real/gradual/K=3/medium/slow/global/balanced/clean,-0.02873684210526317,0.0397894736842106
scn-26ba5a975f41,2028,PageHinkley-up,0.9237368421052632,0.034605941000336315,1,3.0,1.0,1.0,2.0,0.0,0.0,1.0,0.3333333333333333,0.5,0.6666666666666667,3653.0,3653.0,inf,7000.0,inf,0.6387444109864037,0.0,7000.0,hyperplane_gauss,20000,20,0.5,0.0,3,real,gradual,2000,0.1,1.0,False,medium,slow,real/gradual/K=3/medium/slow/global/balanced/clean,0.0026842105263158444,0.00836842105263158
scn-26ba5a975f41,2028,DDM,0.9308947368421052,0.03562688399961189,2,3.0,2.0,2.0,1.0,0.0,0.0,1.0,0.6666666666666666,0.8,0.33333333333333337,2559.5,2559.5,inf,7000.0,inf,1.8232727746304616,0.0,7000.0,hyperplane_gauss,20000,20,0.5,0.0,3,real,gradual,2000,0.1,1.0,False,medium,slow,real/gradual/K=3/medium/slow/global/balanced/clean,0.009842105263157874,0.0012105263157895507
scn-26ba5a975f41,2028,EDDM,0.9286315789473685,0.030857283999921492,2,3.0,2.0,2.0,1.0,0.0,0.0,1.0,0.6666666666666666,0.8,0.33333333333333337,2276.5,2276.5,inf,7000.0,inf,2.0499304487883445,0.0,7000.0,hyperplane_gauss,20000,20,0.5,0.0,3,real,gradual,2000,0.1,1.0,False,medium,slow,real/gradual/K=3/medium/slow/global/balanced/clean,0.0075789473684211295,0.0034736842105262955
scn-26ba5a975f41,2028,HDDM_A,0.9210526315789473,0.07958272199994099,0,3.0,0.0,0.0,3.0,0.0,0.0,,0.0,0.0,1.0,,,inf,7000.0,,,0.0,7000.0,hyperplane_gauss,20000,20,0.5,0.0,3,real,gradual,2000,0.1,1.0,False,medium,slow,real/gradual/K=3/medium/slow/global/balanced/clean,0.0,0.011052631578947425
scn-26ba5a975f41,2028,HDDM_W,0.9210526315789473,0.0753374559999429,0,3.0,0.0,0.0,3.0,0.0,0.0,,0.0,0.0,1.0,,,inf,7000.0,,,0.0,7000.0,hyperplane_gauss,20000,20,0.5,0.0,3,real,gradual,2000,0.1,1.0,False,medium,slow,real/gradual/K=3/medium/slow/global/balanced/clean,0.0,0.011052631578947425
scn-26ba5a975f41,2028,FHDDM,0.9210526315789473,0.03172070100026758,0,3.0,0.0,0.0,3.0,0.0,0.0,,0.0,0.0,1.0,,,inf,7000.0,,,0.0,7000.0,hyperplane_gauss,20000,20,0.5,0.0,3,real,gradual,2000,0.1,1.0,False,medium,slow,real/gradual/K=3/medium/slow/global/balanced/clean,0.0,0.011052631578947425
scn-26ba5a975f41,2028,NoDrift,0.9210526315789473,0.02682026299999052,0,3.0,0.0,0.0,3.0,0.0,0.0,,0.0,0.0,1.0,,,inf,7000.0,,,0.0,7000.0,hyperplane_gauss,20000,20,0.5,0.0,3,real,gradual,2000,0.1,1.0,False,medium,slow,real/gradual/K=3/medium/slow/global/balanced/clean,0.0,0.011052631578947425
scn-26ba5a975f41,2028,Periodic(2000),0.8994210526315789,0.02821238500018808,9,3.0,9.0,3.0,0.0,3.0,3.0,0.3333333333333333,1.0,0.5,0.0,500.3333333333333,500.0,2333.3333333333335,2333.3333333333335,4.663557628247835,4.663557628247835,0.42857142857142855,7000.0,hyperplane_gauss,20000,20,0.5,0.0,3,real,gradual,2000,0.1,1.0,False,medium,slow,real/gradual/K=3/medium/slow/global/balanced/clean,-0.021631578947368446,0.03268421052631587
scn-26ba5a975f41,2028,Oracle,0.9321052631578948,0.033474975999979506,3,3.0,3.0,3.0,0.0,0.0,0.0,1.0,1.0,1.0,0.0,1001.0,1001.0,inf,7000.0,inf,6.993006993006993,0.0,7000.0,hyperplane_gauss,20000,20,0.5,0.0,3,real,gradual,2000,0.1,1.0,False,medium,slow,real/gradual/K=3/medium/slow/global/balanced/clean,0.011052631578947425,-0.0
scn-26ba5a975f41,2029,ADWIN,0.9029473684210526,0.04129509899985351,8,3.0,8.0,1.0,2.0,4.0,3.0,0.125,0.3333333333333333,0.18181818181818182,0.6666666666666667,87.0,87.0,1750.0,1750.0,6.704980842911876,6.704980842911876,0.5714285714285714,7000.0,hyperplane_gauss,20000,20,0.5,0.0,3,real,gradual,2000,0.1,1.0,False,medium,slow,real/gradual/K=3/medium/slow/global/balanced/clean,-0.019052631578947432,0.03126315789473688
scn-26ba5a975f41,2029,KSWIN,0.922,4.289063699000053,0,3.0,0.0,0.0,3.0,0.0,0.0,,0.0,0.0,1.0,,,inf,7000.0,,,0.0,7000.0,hyperplane_gauss,20000,20,0.5,0.0,3,real,gradual,2000,0.1,1.0,False,medium,slow,real/gradual/K=3/medium/slow/global/balanced/clean,0.0,0.01221052631578945
scn-26ba5a975f41,2029,PageHinkley,0.8928421052631579,0.052944760999707796,12,3.0,12.0,2.0,1.0,6.0,4.0,0.16666666666666666,0.6666666666666666,0.26666666666666666,0.33333333333333337,1950.0,1950.0,1166.6666666666667,1166.6666666666667,0.3988603988603988,0.3988603988603988,0.8571428571428571,7000.0,hyperplane_gauss,20000,20,0.5,0.0,3,real,gradual,2000,0.1,1.0,False,medium,slow,real/gradual/K=3/medium/slow/global/balanced/clean,-0.02915789473684216,0.04136842105263161
scn-26ba5a975f41,2029,PageHinkley-up,0.9286842105263158,0.03532268599974486,1,3.0,1.0,1.0,2.0,0.0,0.0,1.0,0.3333333333333333,0.5,0.6666666666666667,3456.0,3456.0,inf,7000.0,inf,0.6751543209876542,0.0,7000.0,hyperplane_gauss,20000,20,0.5,0.0,3,real,gradual,2000,0.1,1.0,False,medium,slow,real/gradual/K=3/medium/slow/global/balanced/clean,0.006684210526315737,0.0055263157894737125
scn-26ba5a975f41,2029,DDM,0.9280526315789474,0.03556127599995307,1,3.0,1.0,1.0,2.0,0.0,0.0,1.0,0.3333333333333333,0.5,0.6666666666666667,3469.0,3469.0,inf,7000.0,inf,0.6726241952531948,0.0,7000.0,hyperplane_gauss,20000,20,0.5,0.0,3,real,gradual,2000,0.1,1.0,False,medium,slow,real/gradual/K=3/medium/slow/global/balanced/clean,0.0060526315789473095,0.00615789473684214
scn-26ba5a975f41,2029,EDDM,0.9209473684210526,0.04485140399992815,7,3.0,7.0,2.0,1.0,5.0,0.0,0.2857142857142857,0.6666666666666666,0.4,0.33333333333333337,309.0,309.0,1400.0,1400.0,3.0204962243797198,3.0204962243797198,0.7142857142857143,7000.0,hyperplane_gauss,20000,20,0.5,0.0,3,real,gradual,2000,0.1,1.0,False,medium,slow,real/gradual/K=3/medium/slow/global/balanced/clean,-0.001052631578947416,0.013263157894736866
scn-26ba5a975f41,2029,HDDM_A,0.922,0.08427656999992905,0,3.0,0.0,0.0,3.0,0.0,0.0,,0.0,0.0,1.0,,,inf,7000.0,,,0.0,7000.0,hyperplane_gauss,20000,20,0.5,0.0,3,real,gradual,2000,0.1,1.0,False,medium,slow,real/gradual/K=3/medium/slow/global/balanced/clean,0.0,0.01221052631578945
scn-26ba5a975f41,2029,HDDM_W,0.922,0.07435146099987833,0,3.0,0.0,0.0,3.0,0.0,0.0,,0.0,0.0,1.0,,,inf,7000.0,,,0.0,7000.0,hyperplane_gauss,20000,20,0.5,0.0,3,real,gradual,2000,0.1,1.0,False,medium,slow,real/gradual/K=3/medium/slow/global/balanced/clean,0.0,0.01221052631578945
scn-26ba5a975f41,2029,FHDDM,0.922,0.0319219550001435,0,3.0,0.0,0.0,3.0,0.0,0.0,,0.0,0.0,1.0,,,inf,7000.0,,,0.0,7000.0,hyperplane_gauss,20000,20,0.5,0.0,3,real,gradual,2000,0.1,1.0,False,medium,slow,real/gradual/K=3/medium/slow/global/balanced/clean,0.0,0.01221052631578945
scn-26ba5a975f41,2029,NoDrift,0.922,0.025603451999813842,0,3.0,0.0,0.0,3.0,0.0,0.0,,0.0,0.0,1.0,,,inf,7000.0,,,0.0,7000.0,hyperplane_gauss,20000,20,0.5,0.0,3,real,gradual,2000,0.1,1.0,False,medium,slow,real/gradual/K=3/medium/slow/global/balanced/clean,0.0,0.01221052631578945
scn-26ba5a975f41,2029,Periodic(2000),0.9004736842105263,0.0279511270000512,9,3.0,9.0,3.0,0.0,3.0,3.0,0.3333333333333333,1.0,0.5,0.0,500.3333333333333,500.0,2333.3333333333335,2333.3333333333335,4.663557628247835,4.663557628247835,0.42857142857142855,7000.0,hyperplane_gauss,20000,20,0.5,0.0,3,real,gradual,2000,0.1,1.0,False,medium,slow,real/gradual/K=3/medium/slow/global/balanced/clean,-0.021526315789473727,0.033736842105263176
scn-26ba5a975f41,2029,Oracle,0.9342105263157895,0.031716136999875744,3,3.0,3.0,3.0,0.0,0.0,0.0,1.0,1.0,1.0,0.0,1001.0,1001.0,inf,7000.0,inf,6.993006993006993,0.0,7000.0,hyperplane_gauss,20000,20,0.5,0.0,3,real,gradual,2000,0.1,1.0,False,medium,slow,real/gradual/K=3/medium/slow/global/balanced/clean,0.01221052631578945,-0.0
scn-bcfff79e30c4,2027,ADWIN,0.9125263157894736,0.037482261000150174,5,3.0,5.0,1.0,2.0,0.0,4.0,0.2,0.3333333333333333,0.25,0.6666666666666667,1183.0,1183.0,inf,1000.0,inf,0.28176951253874327,0.0,1000.0,hyperplane_gauss,20000,20,0.5,0.0,3,real,gradual,4000,0.1,1.0,False,medium,slow,real/gradual/K=3/medium/slow/global/balanced/clean,-0.013263157894736866,0.021631578947368446
scn-bcfff79e30c4,2027,KSWIN,0.9257894736842105,4.280043743000078,0,3.0,0.0,0.0,3.0,0.0,0.0,,0.0,0.0,1.0,,,inf,1000.0,,,0.0,1000.0,hyperplane_gauss,20000,20,0.5,0.0,3,real,gradual,4000,0.1,1.0,False,medium,slow,real/gradual/K=3/medium/slow/global/balanced/clean,0.0,0.00836842105263158
scn-bcfff79e30c4,2027,PageHinkley,0.8927368421052632,0.05303451600002518,13,3.0,13.0,2.0,1.0,1.0,10.0,0.15384615384615385,0.6666666666666666,0.25,0.33333333333333337,2232.5,2232.5,1000.0,1000.0,0.2986188876446435,0.2986188876446435,1.0,1000.0,hyperplane_gauss,20000,20,0.5,0.0,3,real,gradual,4000,0.1,1.0,False,medium,slow,real/gradual/K=3/medium/slow/global/balanced/clean,-0.033052631578947334,0.041421052631578914
scn-bcfff79e30c4,2027,PageHinkley-up,0.93,0.03545628100027898,1,3.0,1.0,1.0,2.0,0.0,0.0,1.0,0.3333333333333333,0.5,0.6666666666666667,4211.0,4211.0,inf,1000.0,inf,0.07915776141850707,0.0,1000.0,hyperplane_gauss,20000,20,0.5,0.0,3,real,gradual,4000,0.1,1.0,False,medium,slow,real/gradual/K=3/medium/slow/global/balanced/clean,0.004210526315789553,0.004157894736842027
scn-bcfff79e30c4,2027,DDM,0.9232631578947369,0.0353895029998057,1,3.0,1.0,0.0,3.0,1.0,0.0,0.0,0.0,0.0,1.0,,,1000.0,1000.0,,,1.0,1000.0,hyperplane_gauss,20000,20,0.5,0.0,3,real,gradual,4000,0.1,1.0,False,medium,slow,real/gradual/K=3/medium/slow/global/balanced/clean,-0.002526315789473599,0.01089473684210518
scn-bcfff79e30c4,2027,EDDM,0.9232105263157895,0.03207522999991852,2,3.0,2.0,2.0,1.0,0.0,0.0,1.0,0.6666666666666666,0.8,0.33333333333333337,2815.5,2815.5,inf,1000.0,inf,0.23678446693896882,0.0,1000.0,hyperplane_gauss,20000,20,0.5,0.0,3,real,gradual,4000,0.1,1.0,False,medium,slow,real/gradual/K=3/medium/slow/global/balanced/clean,-0.002578947368421014,0.010947368421052595
scn-bcfff79e30c4,2027,HDDM_A,0.9257894736842105,0.08177965100003348,0,3.0,0.0,0.0,3.0,0.0,0.0,,0.0,0.0,1.0,,,inf,1000.0,,,0.0,1000.0,hyperplane_gauss,20000,20,0.5,0.0,3,real,gradual,4000,0.1,1.0,False,medium,slow,real/gradual/K=3/medium/slow/global/balanced/clean,0.0,0.00836842105263158
scn-bcfff79e30c4,2027,HDDM_W,0.9257894736842105,0.07429277499977616,0,3.0,0.0,0.0,3.0,0.0,0.0,,0.0,0.0,1.0,,,inf,1000.0,,,0.0,1000.0,hyperplane_gauss,20000,20,0.5,0.0,3,real,gradual,4000,0.1,1.0,False,medium,slow,real/gradual/K=3/medium/slow/global/balanced/clean,0.0,0.00836842105263158
scn-bcfff79e30c4,2027,FHDDM,0.9257894736842105,0.03112583900019672,0,3.0,0.0,0.0,3.0,0.0,0.0,,0.0,0.0,1.0,,,inf,1000.0,,,0.0,1000.0,hyperplane_gauss,20000,20,0.5,0.0,3,real,gradual,4000,0.1,1.0,False,medium,slow,real/gradual/K=3/medium/slow/global/balanced/clean,0.0,0.00836842105263158
scn-bcfff79e30c4,2027,NoDrift,0.9257894736842105,0.025184089000049426,0,3.0,0.0,0.0,3.0,0.0,0.0,,0.0,0.0,1.0,,,inf,1000.0,,,0.0,1000.0,hyperplane_gauss,20000,20,0.5,0.0,3,real,gradual,4000,0.1,1.0,False,medium,slow,real/gradual/K=3/medium/slow/global/balanced/clean,0.0,0.00836842105263158
scn-bcfff79e30c4,2027,Periodic(2000),0.9023157894736842,0.028252387000065937,9,3.0,9.0,3.0,0.0,0.0,6.0,0.3333333333333333,1.0,0.5,0.0,1500.3333333333333,1500.0,inf,1000.0,inf,0.666518551433015,0.0,1000.0,hyperplane_gauss,20000,20,0.5,0.0,3,real,gradual,4000,0.1,1.0,False,medium,slow,real/gradual/K=3/medium/slow/global/balanced/clean,-0.023473684210526313,0.031842105263157894
scn-bcfff79e30c4,2027,Oracle,0.9341578947368421,0.031691394000063156,3,3.0,3.0,3.0,0.0,0.0,0.0,1.0,1.0,1.0,0.0,2001.0,2001.0,inf,1000.0,inf,0.49975012493753124,0.0,1000.0,hyperplane_gauss,20000,20,0.5,0.0,3,real,gradual,4000,0.1,1.0,False,medium,slow,real/gradual/K=3/medium/slow/global/balanced/clean,0.00836842105263158,-0.0
scn-bcfff79e30c4,2028,ADWIN,0.9212105263157895,0.03244753699982539,0,3.0,0.0,0.0,3.0,0.0,0.0,,0.0,0.0,1.0,,,inf,1000.0,,,0.0,1000.0,hyperplane_gauss,20000,20,0.5,0.0,3,real,gradual,4000,0.1,1.0,False,medium,slow,real/gradual/K=3/medium/slow/global/balanced/clean,0.0,0.005315789473684163
scn-bcfff79e30c4,2028,KSWIN,0.9212105263157895,4.264986767999744,0,3.0,0.0,0.0,3.0,0.0,0.0,,0.0,0.0,1.0,,,inf,1000.0,,,0.0,1000.0,hyperplane_gauss,20000,20,0.5,0.0,3,real,gradual,4000,0.1,1.0,False,medium,slow,real/gradual/K=3/medium/slow/global/balanced/clean,0.0,0.005315789473684163
scn-bcfff79e30c4,2028,PageHinkley,0.9099473684210526,0.0432440670001597,5,3.0,5.0,1.0,2.0,0.0,4.0,0.2,0.3333333333333333,0.25,0.6666666666666667,2565.0,2565.0,inf,1000.0,inf,0.12995451591942817,0.0,1000.0,hyperplane_gauss,20000,20,0.5,0.0,3,real,gradual,4000,0.1,1.0,False,medium,slow,real/gradual/K=3/medium/slow/global/balanced/clean,-0.011263157894736864,0.016578947368421026
scn-bcfff79e30c4,2028,PageHinkley-up,0.9260526315789473,0.037204718999873876,1,3.0,1.0,1.0,2.0,0.0,0.0,1.0,0.3333333333333333,0.5,0.6666666666666667,2565.0,2565.0,inf,1000.0,inf,0.12995451591942817,0.0,1000.0,hyperplane_gauss,20000,20,0.5,0.0,3,real,gradual,4000,0.1,1.0,False,medium,slow,real/gradual/K=3/medium/slow/global/balanced/clean,0.00484210526315787,0.00047368421052629284
scn-bcfff79e30c4,2028,DDM,0.920578947368421,0.03495530000009239,1,3.0,1.0,1.0,2.0,0.0,0.0,1.0,0.3333333333333333,0.5,0.6666666666666667,4082.0,4082.0,inf,1000.0,inf,0.08165931732810712,0.0,1000.0,hyperplane_gauss,20000,20,0.5,0.0,3,real,gradual,4000,0.1,1.0,False,medium,slow,real/gradual/K=3/medium/slow/global/balanced/clean,-0.0006315789473684275,0.00594736842105259
scn-bcfff79e30c4,2028,EDDM,0.9212105263157895,0.030130864000057045,0,3.0,0.0,0.0,3.0,0.0,0.0,,0.0,0.0,1.0,,,inf,1000.0,,,0.0,1000.0,hyperplane_gauss,20000,20,0.5,0.0,3,real,gradual,4000,0.1,1.0,False,medium,slow,real/gradual/K=3/medium/slow/global/balanced/clean,0.0,0.005315789473684163
scn-bcfff79e30c4,2028,HDDM_A,0.9212105263157895,0.08371638399967196,0,3.0,0.0,0.0,3.0,0.0,0.0,,0.0,0.0,1.0,,,inf,1000.0,,,0.0,1000.0,hyperplane_gauss,20000,20,0.5,0.0,3,real,gradual,4000,0.1,1.0,False,medium,slow,real/gradual/K=3/medium/slow/global/balanced/clean,0.0,0.005315789473684163
scn-bcfff79e30c4,2028,HDDM_W,0.9212105263157895,0.07433135100018262,0,3.0,0.0,0.0,3.0,0.0,0.0,,0.0,0.0,1.0,,,inf,1000.0,,,0.0,1000.0,hyperplane_gauss,20000,20,0.5,0.0,3,real,gradual,4000,0.1,1.0,False,medium,slow,real/gradual/K=3/medium/slow/global/balanced/clean,0.0,0.005315789473684163
scn-bcfff79e30c4,2028,FHDDM,0.9212105263157895,0.031741239999973914,0,3.0,0.0,0.0,3.0,0.0,0.0,,0.0,0.0,1.0,,,inf,1000.0,,,0.0,1000.0,hyperplane_gauss,20000,20,0.5,0.0,3,real,gradual,4000,0.1,1.0,False,medium,slow,real/gradual/K=3/medium/slow/global/balanced/clean,0.0,0.005315789473684163
scn-bcfff79e30c4,2028,NoDrift,0.9212105263157895,0.025571433000095567,0,3.0,0.0,0.0,3.0,0.0,0.0,,0.0,0.0,1.0,,,inf,1000.0,,,0.0,1000.0,hyperplane_gauss,20000,20,0.5,0.0,3,real,gradual,4000,0.1,1.0,False,medium,slow,real/gradual/K=3/medium/slow/global/balanced/clean,0.0,0.005315789473684163
scn-bcfff79e30c4,2028,Periodic(2000),0.8968947368421053,0.027871983000295586,9,3.0,9.0,3.0,0.0,0.0,6.0,0.3333333333333333,1.0,0.5,0.0,1500.3333333333333,1500.0,inf,1000.0,inf,0.666518551433015,0.0,1000.0,hyperplane_gauss,20000,20,0.5,0.0,3,real,gradual,4000,0.1,1.0,False,medium,slow,real/gradual/K=3/medium/slow/global/balanced/clean,-0.02431578947368418,0.029631578947368342
scn-bcfff79e30c4,2028,Oracle,0.9265263157894736,0.03213721700012684,3,3.0,3.0,3.0,0.0,0.0,0.0,1.0,1.0,1.0,0.0,2001.0,2001.0,inf,1000.0,inf,0.49975012493753124,0.0,1000.0,hyperplane_gauss,20000,20,0.5,0.0,3,real,gradual,4000,0.1,1.0,False,medium,slow,real/gradual/K=3/medium/slow/global/balanced/clean,0.005315789473684163,-0.0
scn-bcfff79e30c4,2029,ADWIN,0.9200526315789473,0.03160623800022222,1,3.0,1.0,1.0,2.0,0.0,0.0,1.0,0.3333333333333333,0.5,0.6666666666666667,5183.0,5183.0,inf,1000.0,inf,0.0643128175445366,0.0,1000.0,hyperplane_gauss,20000,20,0.5,0.0,3,real,gradual,4000,0.1,1.0,False,medium,slow,real/gradual/K=3/medium/slow/global/balanced/clean,-0.0022105263157895516,0.00857894736842113
scn-bcfff79e30c4,2029,KSWIN,0.9222631578947369,4.036177628000132,0,3.0,0.0,0.0,3.0,0.0,0.0,,0.0,0.0,1.0,,,inf,1000.0,,,0.0,1000.0,hyperplane_gauss,20000,20,0.5,0.0,3,real,gradual,4000,0.1,1.0,False,medium,slow,real/gradual/K=3/medium/slow/global/balanced/clean,0.0,0.006368421052631579
scn-bcfff79e30c4,2029,PageHinkley,0.8931052631578947,0.05313183799989929,12,3.0,12.0,2.0,1.0,1.0,9.0,0.16666666666666666,0.6666666666666666,0.26666666666666666,0.33333333333333337,2482.5,2482.5,1000.0,1000.0,0.26854649211144677,0.26854649211144677,1.0,1000.0,hyperplane_gauss,20000,20,0.5,0.0,3,real,gradual,4000,0.1,1.0,False,medium,slow,real/gradual/K=3/medium/slow/global/balanced/clean,-0.02915789473684216,0.03552631578947374
scn-bcfff79e30c4,2029,PageHinkley-up,0.9287368421052632,0.03473398900041502,1,3.0,1.0,1.0,2.0,0.0,0.0,1.0,0.3333333333333333,0.5,0.6666666666666667,4685.0,4685.0,inf,1000.0,inf,0.0711490572749911,0.0,1000.0,hyperplane_gauss,20000,20,0.5,0.0,3,real,gradual,4000,0.1,1.0,False,medium,slow,real/gradual/K=3/medium/slow/global/balanced/clean,0.006473684210526298,-0.0001052631578947194
scn-bcfff79e30c4,2029,DDM,0.9261578947368421,0.03533196499984115,1,3.0,1.0,0.0,3.0,1.0,0.0,0.0,0.0,0.0,1.0,,,1000.0,1000.0,,,1.0,1000.0,hyperplane_gauss,20000,20,0.5,0.0,3,real,gradual,4000,0.1,1.0,False,medium,slow,real/gradual/K=3/medium/slow/global/balanced/clean,0.003894736842105173,0.0024736842105264056
scn-bcfff79e30c4,2029,EDDM,0.9236842105263158,0.03527353200024663,4,3.0,4.0,2.0,1.0,0.0,2.0,0.5,0.6666666666666666,0.5714285714285715,0.33333333333333337,1286.0,1286.0,inf,1000.0,inf,0.5184033177812337,0.0,1000.0,hyperplane_gauss,20000,20,0.5,0.0,3,real,gradual,4000,0.1,1.0,False,medium,slow,real/gradual/K=3/medium/slow/global/balanced/clean,0.0014210526315788785,0.0049473684210527
scn-bcfff79e30c4,2029,HDDM_A,0.9222631578947369,0.08372588600013842,0,3.0,0.0,0.0,3.0,0.0,0.0,,0.0,0.0,1.0,,,inf,1000.0,,,0.0,1000.0,hyperplane_gauss,20000,20,0.5,0.0,3,real,gradual,4000,0.1,1.0,False,medium,slow,real/gradual/K=3/medium/slow/global/balanced/clean,0.0,0.006368421052631579
scn-bcfff79e30c4,2029,HDDM_W,0.9222631578947369,0.0736631929999021,0,3.0,0.0,0.0,3.0,0.0,0.0,,0.0,0.0,1.0,,,inf,1000.0,,,0.0,1000.0,hyperplane_gauss,20000,20,0.5,0.0,3,real,gradual,4000,0.1,1.0,False,medium,slow,real/gradual/K=3/medium/slow/global/balanced/clean,0.0,0.006368421052631579
scn-bcfff79e30c4,2029,FHDDM,0.9222631578947369,0.03174698000020726,0,3.0,0.0,0.0,3.0,0.0,0.0,,0.0,0.0,1.0,,,inf,1000.0,,,0.0,1000.0,hyperplane_gauss,20000,20,0.5,0.0,3,real,gradual,4000,0.1,1.0,False,medium,slow,real/gradual/K=3/medium/slow/global/balanced/clean,0.0,0.006368421052631579
scn-bcfff79e30c4,2029,NoDrift,0.9222631578947369,0.025461957000061375,0,3.0,0.0,0.0,3.0,0.0,0.0,,0.0,0.0,1.0,,,inf,1000.0,,,0.0,1000.0,hyperplane_gauss,20000,20,0.5,0.0,3,real,gradual,4000,0.1,1.0,False,medium,slow,real/gradual/K=3/medium/slow/global/balanced/clean,0.0,0.006368421052631579
scn-bcfff79e30c4,2029,Periodic(2000),0.898578947368421,0.027599107999776606,9,3.0,9.0,3.0,0.0,0.0,6.0,0.3333333333333333,1.0,0.5,0.0,1500.3333333333333,1500.0,inf,1000.0,inf,0.666518551433015,0.0,1000.0,hyperplane_gauss,20000,20,0.5,0.0,3,real,gradual,4000,0.1,1.0,False,medium,slow,real/gradual/K=3/medium/slow/global/balanced/clean,-0.023684210526315863,0.030052631578947442
scn-bcfff79e30c4,2029,Oracle,0.9286315789473685,0.03184579399976428,3,3.0,3.0,3.0,0.0,0.0,0.0,1.0,1.0,1.0,0.0,2001.0,2001.0,inf,1000.0,inf,0.49975012493753124,0.0,1000.0,hyperplane_gauss,20000,20,0.5,0.0,3,real,gradual,4000,0.1,1.0,False,medium,slow,real/gradual/K=3/medium/slow/global/balanced/clean,0.006368421052631579,-0.0
scn-c27a55b683b7,2027,ADWIN,0.8737368421052631,0.05151492900040466,18,3.0,18.0,3.0,0.0,13.0,2.0,0.16666666666666666,1.0,0.2857142857142857,0.0,841.0,958.0,976.9230769230769,976.9230769230769,1.1616207811213757,1.1616207811213757,1.0236220472440944,12700.0,hyperplane_gauss,20000,20,0.5,0.0,3,real,gradual,100,0.2,1.0,False,medium,fast,real/gradual/K=3/medium/fast/global/balanced/clean,0.013157894736842146,0.06763157894736849
scn-c27a55b683b7,2027,KSWIN,0.860578947368421,4.066847786999915,0,3.0,0.0,0.0,3.0,0.0,0.0,,0.0,0.0,1.0,,,inf,12700.0,,,0.0,12700.0,hyperplane_gauss,20000,20,0.5,0.0,3,real,gradual,100,0.2,1.0,False,medium,fast,real/gradual/K=3/medium/fast/global/balanced/clean,0.0,0.08078947368421063
scn-c27a55b683b7,2027,PageHinkley,0.8604736842105263,0.06928496500040637,23,3.0,23.0,3.0,0.0,15.0,5.0,0.13043478260869565,1.0,0.23076923076923078,0.0,738.6666666666666,708.0,846.6666666666666,846.6666666666666,1.1462093862815885,1.1462093862815885,1.1811023622047243,12700.0,hyperplane_gauss,20000,20,0.5,0.0,3,real,gradual,100,0.2,1.0,False,medium,fast,real/gradual/K=3/medium/fast/global/balanced/clean,-0.0001052631578947194,0.08089473684210535
scn-c27a55b683b7,2027,PageHinkley-up,0.9351578947368421,0.040318474999821774,3,3.0,3.0,3.0,0.0,0.0,0.0,1.0,1.0,1.0,0.0,325.6666666666667,284.0,inf,12700.0,inf,38.99692937563971,0.0,12700.0,hyperplane_gauss,20000,20,0.5,0.0,3,real,gradual,100,0.2,1.0,False,medium,fast,real/gradual/K=3/medium/fast/global/balanced/clean,0.07457894736842108,0.006210526315789555
scn-c27a55b683b7,2027,DDM,0.931,0.04297275699991587,4,3.0,4.0,3.0,0.0,1.0,0.0,0.75,1.0,0.8571428571428571,0.0,266.6666666666667,221.0,12700.0,12700.0,47.625,47.625,0.07874015748031496,12700.0,hyperplane_gauss,20000,20,0.5,0.0,3,real,gradual,100,0.2,1.0,False,medium,fast,real/gradual/K=3/medium/fast/global/balanced/clean,0.07042105263157905,0.010368421052631582
scn-c27a55b683b7,2027,EDDM,0.9232105263157895,0.04323263100013719,7,3.0,7.0,3.0,0.0,1.0,3.0,0.42857142857142855,1.0,0.6,0.0,423.3333333333333,429.0,12700.0,12700.0,30.0,30.0,0.07874015748031496,12700.0,hyperplane_gauss,20000,20,0.5,0.0,3,real,gradual,100,0.2,1.0,False,medium,fast,real/gradual/K=3/medium/fast/global/balanced/clean,0.06263157894736848,0.01815789473684215
scn-c27a55b683b7,2027,HDDM_A,0.9366315789473684,0.14535325599990756,3,3.0,3.0,3.0,0.0,0.0,0.0,1.0,1.0,1.0,0.0,239.66666666666666,183.0,inf,12700.0,inf,52.990264255910986,0.0,12700.0,hyperplane_gauss,20000,20,0.5,0.0,3,real,gradual,100,0.2,1.0,False,medium,fast,real/gradual/K=3/medium/fast/global/balanced/clean,0.07605263157894737,0.0047368421052632614
scn-c27a55b683b7,2027,HDDM_W,0.9038947368421053,0.07774677699990207,1,3.0,1.0,1.0,2.0,0.0,0.0,1.0,0.3333333333333333,0.5,0.6666666666666667,194.0,194.0,inf,12700.0,inf,21.821305841924396,0.0,12700.0,hyperplane_gauss,20000,20,0.5,0.0,3,real,gradual,100,0.2,1.0,False,medium,fast,real/gradual/K=3/medium/fast/global/balanced/clean,0.04331578947368431,0.037473684210526326
scn-c27a55b683b7,2027,FHDDM,0.937,0.03457427600005758,3,3.0,3.0,3.0,0.0,0.0,0.0,1.0,1.0,1.0,0.0,228.0,141.0,inf,12700.0,inf,55.70175438596491,0.0,12700.0,hyperplane_gauss,20000,20,0.5,0.0,3,real,gradual,100,0.2,1.0,False,medium,fast,real/gradual/K=3/medium/fast/global/balanced/clean,0.07642105263157906,0.004368421052631577
scn-c27a55b683b7,2027,NoDrift,0.860578947368421,0.026913720999800717,0,3.0,0.0,0.0,3.0,0.0,0.0,,0.0,0.0,1.0,,,inf,12700.0,,,0.0,12700.0,hyperplane_gauss,20000,20,0.5,0.0,3,real,gradual,100,0.2,1.0,False,medium,fast,real/gradual/K=3/medium/fast/global/balanced/clean,0.0,0.08078947368421063
scn-c27a55b683b7,2027,Periodic(2000),0.9015263157894737,0.028698562000045058,9,3.0,9.0,3.0,0.0,6.0,0.0,0.3333333333333333,1.0,0.5,0.0,1550.3333333333333,1550.0,2116.6666666666665,2116.6666666666665,1.3652977854224897,1.3652977854224897,0.47244094488188976,12700.0,hyperplane_gauss,20000,20,0.5,0.0,3,real,gradual,100,0.2,1.0,False,medium,fast,real/gradual/K=3/medium/fast/global/balanced/clean,0.04094736842105273,0.0398421052631579
scn-c27a55b683b7,2027,Oracle,0.9413684210526316,0.03261951599961321,3,3.0,3.0,3.0,0.0,0.0,0.0,1.0,1.0,1.0,0.0,51.0,51.0,inf,12700.0,inf,249.01960784313727,0.0,12700.0,hyperplane_gauss,20000,20,0.5,0.0,3,real,gradual,100,0.2,1.0,False,medium,fast,real/gradual/K=3/medium/fast/global/balanced/clean,0.08078947368421063,-0.0
scn-c27a55b683b7,2028,ADWIN,0.8768947368421053,0.05150809799988565,16,3.0,16.0,3.0,0.0,12.0,1.0,0.1875,1.0,0.3157894736842105,0.0,1289.0,1534.0,1058.3333333333333,1058.3333333333333,0.8210499094905611,0.8210499094905611,0.9448818897637795,12700.0,hyperplane_gauss,20000,20,0.5,0.0,3,real,gradual,100,0.2,1.0,False,medium,fast,real/gradual/K=3/medium/fast/global/balanced/clean,0.02068421052631586,0.057736842105263086
scn-c27a55b683b7,2028,KSWIN,0.8562105263157894,4.0326504210001985,0,3.0,0.0,0.0,3.0,0.0,0.0,,0.0,0.0,1.0,,,inf,12700.0,,,0.0,12700.0,hyperplane_gauss,20000,20,0.5,0.0,3,real,gradual,100,0.2,1.0,False,medium,fast,real/gradual/K=3/medium/fast/global/balanced/clean,0.0,0.07842105263157895
scn-c27a55b683b7,2028,PageHinkley,0.8565263157894737,0.0745741169998837,25,3.0,25.0,3.0,0.0,15.0,7.0,0.12,1.0,0.21428571428571425,0.0,483.0,403.0,846.6666666666666,846.6666666666666,1.7529330572808832,1.7529330572808832,1.1811023622047243,12700.0,hyperplane_gauss,20000,20,0.5,0.0,3,real,gradual,100,0.2,1.0,False,medium,fast,real/gradual/K=3/medium/fast/global/balanced/clean,0.00031578947368426924,0.07810526315789468
scn-c27a55b683b7,2028,PageHinkley-up,0.9302631578947368,0.039938180000262946,3,3.0,3.0,3.0,0.0,0.0,0.0,1.0,1.0,1.0,0.0,387.6666666666667,387.0,inf,12700.0,inf,32.76010318142734,0.0,12700.0,hyperplane_gauss,20000,20,0.5,0.0,3,real,gradual,100,0.2,1.0,False,medium,fast,real/gradual/K=3/medium/fast/global/balanced/clean,0.07405263157894737,0.004368421052631577
scn-c27a55b683b7,2028,DDM,0.9343684210526316,0.03944465399990804,3,3.0,3.0,3.0,0.0,0.0,0.0,1.0,1.0,1.0,0.0,287.6666666666667,305.0,inf,12700.0,inf,44.14831981460023,0.0,12700.0,hyperplane_gauss,20000,20,0.5,0.0,3,real,gradual,100,0.2,1.0,False,medium,fast,real/gradual/K=3/medium/fast/global/balanced/clean,0.0781578947368422,0.000263157894736743
scn-c27a55b683b7,2028,EDDM,0.9301052631578948,0.03439279400026862,3,3.0,3.0,3.0,0.0,0.0,0.0,1.0,1.0,1.0,0.0,463.0,505.0,inf,12700.0,inf,27.429805615550755,0.0,12700.0,hyperplane_gauss,20000,20,0.5,0.0,3,real,gradual,100,0.2,1.0,False,medium,fast,real/gradual/K=3/medium/fast/global/balanced/clean,0.07389473684210535,0.004526315789473601
scn-c27a55b683b7,2028,HDDM_A,0.9372105263157895,0.13773261100004675,3,3.0,3.0,3.0,0.0,0.0,0.0,1.0,1.0,1.0,0.0,256.6666666666667,243.0,inf,12700.0,inf,49.480519480519476,0.0,12700.0,hyperplane_gauss,20000,20,0.5,0.0,3,real,gradual,100,0.2,1.0,False,medium,fast,real/gradual/K=3/medium/fast/global/balanced/clean,0.08100000000000007,-0.002578947368421125
scn-c27a55b683b7,2028,HDDM_W,0.890421052631579,0.07848488399986309,1,3.0,1.0,1.0,2.0,0.0,0.0,1.0,0.3333333333333333,0.5,0.6666666666666667,415.0,415.0,inf,12700.0,inf,10.200803212851403,0.0,12700.0,hyperplane_gauss,20000,20,0.5,0.0,3,real,gradual,100,0.2,1.0,False,medium,fast,real/gradual/K=3/medium/fast/global/balanced/clean,0.03421052631578958,0.04421052631578937
scn-c27a55b683b7,2028,FHDDM,0.9147894736842105,0.036468624000008276,2,3.0,2.0,2.0,1.0,0.0,0.0,1.0,0.6666666666666666,0.8,0.33333333333333337,328.5,328.5,inf,12700.0,inf,25.773718924403855,0.0,12700.0,hyperplane_gauss,20000,20,0.5,0.0,3,real,gradual,100,0.2,1.0,False,medium,fast,real/gradual/K=3/medium/fast/global/balanced/clean,0.058578947368421064,0.019842105263157883
scn-c27a55b683b7,2028,NoDrift,0.8562105263157894,0.025028071999713575,0,3.0,0.0,0.0,3.0,0.0,0.0,,0.0,0.0,1.0,,,inf,12700.0,,,0.0,12700.0,hyperplane_gauss,20000,20,0.5,0.0,3,real,gradual,100,0.2,1.0,False,medium,fast,real/gradual/K=3/medium/fast/global/balanced/clean,0.0,0.07842105263157895
scn-c27a55b683b7,2028,Periodic(2000),0.8973684210526316,0.02766765399974247,9,3.0,9.0,3.0,0.0,6.0,0.0,0.3333333333333333,1.0,0.5,0.0,1550.3333333333333,1550.0,2116.6666666666665,2116.6666666666665,1.3652977854224897,1.3652977854224897,0.47244094488188976,12700.0,hyperplane_gauss,20000,20,0.5,0.0,3,real,gradual,100,0.2,1.0,False,medium,fast,real/gradual/K=3/medium/fast/global/balanced/clean,0.04115789473684217,0.037263157894736776
scn-c27a55b683b7,2028,Oracle,0.9346315789473684,0.03154690700011997,3,3.0,3.0,3.0,0.0,0.0,0.0,1.0,1.0,1.0,0.0,51.0,51.0,inf,12700.0,inf,249.01960784313727,0.0,12700.0,hyperplane_gauss,20000,20,0.5,0.0,3,real,gradual,100,0.2,1.0,False,medium,fast,real/gradual/K=3/medium/fast/global/balanced/clean,0.07842105263157895,-0.0
scn-c27a55b683b7,2029,ADWIN,0.878578947368421,0.048667714999737655,16,3.0,16.0,3.0,0.0,11.0,2.0,0.1875,1.0,0.3157894736842105,0.0,809.0,894.0,1154.5454545454545,1154.5454545454545,1.4271266434430834,1.4271266434430834,0.8661417322834646,12700.0,hyperplane_gauss,20000,20,0.5,0.0,3,real,gradual,100,0.2,1.0,False,medium,fast,real/gradual/K=3/medium/fast/global/balanced/clean,0.017894736842105186,0.0587368421052632
scn-c27a55b683b7,2029,KSWIN,0.8846842105263157,4.040820264000104,1,3.0,1.0,1.0,2.0,0.0,0.0,1.0,0.3333333333333333,0.5,0.6666666666666667,956.0,956.0,inf,12700.0,inf,4.428172942817294,0.0,12700.0,hyperplane_gauss,20000,20,0.5,0.0,3,real,gradual,100,0.2,1.0,False,medium,fast,real/gradual/K=3/medium/fast/global/balanced/clean,0.02399999999999991,0.052631578947368474
scn-c27a55b683b7,2029,PageHinkley,0.869,0.06250367700022252,19,3.0,19.0,3.0,0.0,13.0,3.0,0.15789473684210525,1.0,0.2727272727272727,0.0,847.0,971.0,976.9230769230769,976.9230769230769,1.1533920624829717,1.1533920624829717,1.0236220472440944,12700.0,hyperplane_gauss,20000,20,0.5,0.0,3,real,gradual,100,0.2,1.0,False,medium,fast,real/gradual/K=3/medium/fast/global/balanced/clean,0.008315789473684165,0.06831578947368422
scn-c27a55b683b7,2029,PageHinkley-up,0.9287368421052632,0.039850489999935235,3,3.0,3.0,3.0,0.0,0.0,0.0,1.0,1.0,1.0,0.0,445.0,458.0,inf,12700.0,inf,28.53932584269663,0.0,12700.0,hyperplane_gauss,20000,20,0.5,0.0,3,real,gradual,100,0.2,1.0,False,medium,fast,real/gradual/K=3/medium/fast/global/balanced/clean,0.06805263157894736,0.00857894736842102
scn-c27a55b683b7,2029,DDM,0.9324736842105263,0.04022648399995887,3,3.0,3.0,3.0,0.0,0.0,0.0,1.0,1.0,1.0,0.0,350.3333333333333,376.0,inf,12700.0,inf,36.2511893434824,0.0,12700.0,hyperplane_gauss,20000,20,0.5,0.0,3,real,gradual,100,0.2,1.0,False,medium,fast,real/gradual/K=3/medium/fast/global/balanced/clean,0.07178947368421051,0.00484210526315787
scn-c27a55b683b7,2029,EDDM,0.9160526315789473,0.04849905700029922,9,3.0,9.0,3.0,0.0,6.0,0.0,0.3333333333333333,1.0,0.5,0.0,547.0,510.0,2116.6666666666665,2116.6666666666665,3.8695917123705055,3.8695917123705055,0.47244094488188976,12700.0,hyperplane_gauss,20000,20,0.5,0.0,3,real,gradual,100,0.2,1.0,False,medium,fast,real/gradual/K=3/medium/fast/global/balanced/clean,0.05536842105263151,0.021263157894736873
scn-c27a55b683b7,2029,HDDM_A,0.9328421052631579,0.1427589929999158,3,3.0,3.0,3.0,0.0,0.0,0.0,1.0,1.0,1.0,0.0,354.6666666666667,373.0,inf,12700.0,inf,35.80827067669173,0.0,12700.0,hyperplane_gauss,20000,20,0.5,0.0,3,real,gradual,100,0.2,1.0,False,medium,fast,real/gradual/K=3/medium/fast/global/balanced/clean,0.07215789473684209,0.004473684210526296
scn-c27a55b683b7,2029,HDDM_W,0.885,0.08013612300010209,1,3.0,1.0,1.0,2.0,0.0,0.0,1.0,0.3333333333333333,0.5,0.6666666666666667,942.0,942.0,inf,12700.0,inf,4.493984430290162,0.0,12700.0,hyperplane_gauss,20000,20,0.5,0.0,3,real,gradual,100,0.2,1.0,False,medium,fast,real/gradual/K=3/medium/fast/global/balanced/clean,0.02431578947368418,0.052315789473684204
scn-c27a55b683b7,2029,FHDDM,0.9112105263157895,0.03507746800005407,2,3.0,2.0,2.0,1.0,0.0,0.0,1.0,0.6666666666666666,0.8,0.33333333333333337,913.5,913.5,inf,12700.0,inf,9.268381682174784,0.0,12700.0,hyperplane_gauss,20000,20,0.5,0.0,3,real,gradual,100,0.2,1.0,False,medium,fast,real/gradual/K=3/medium/fast/global/balanced/clean,0.05052631578947364,0.026105263157894742
scn-c27a55b683b7,2029,NoDrift,0.8606842105263158,0.026034067000182404,0,3.0,0.0,0.0,3.0,0.0,0.0,,0.0,0.0,1.0,,,inf,12700.0,,,0.0,12700.0,hyperplane_gauss,20000,20,0.5,0.0,3,real,gradual,100,0.2,1.0,False,medium,fast,real/gradual/K=3/medium/fast/global/balanced/clean,0.0,0.07663157894736838
scn-c27a55b683b7,2029,Periodic(2000),0.8963684210526316,0.030396368999845436,9,3.0,9.0,3.0,0.0,6.0,0.0,0.3333333333333333,1.0,0.5,0.0,1550.3333333333333,1550.0,2116.6666666666665,2116.6666666666665,1.3652977854224897,1.3652977854224897,0.47244094488188976,12700.0,hyperplane_gauss,20000,20,0.5,0.0,3,real,gradual,100,0.2,1.0,False,medium,fast,real/gradual/K=3/medium/fast/global/balanced/clean,0.03568421052631576,0.04094736842105262
scn-c27a55b683b7,2029,Oracle,0.9373157894736842,0.033256609000090975,3,3.0,3.0,3.0,0.0,0.0,0.0,1.0,1.0,1.0,0.0,51.0,51.0,inf,12700.0,inf,249.01960784313727,0.0,12700.0,hyperplane_gauss,20000,20,0.5,0.0,3,real,gradual,100,0.2,1.0,False,medium,fast,real/gradual/K=3/medium/fast/global/balanced/clean,0.07663157894736838,-0.0
scn-a240769b9161,2027,ADWIN,0.8738947368421053,0.051766901000064536,18,3.0,18.0,3.0,0.0,13.0,2.0,0.16666666666666666,1.0,0.2857142857142857,0.0,1023.0,1108.0,907.6923076923077,907.6923076923077,0.8872847582525002,0.8872847582525002,1.1016949152542372,11800.0,hyperplane_gauss,20000,20,0.5,0.0,3,real,gradual,400,0.2,1.0,False,medium,fast,real/gradual/K=3/medium/fast/global/balanced/clean,0.012578947368421023,0.06668421052631579
scn-a240769b9161,2027,KSWIN,0.8613157894736843,4.010638603000189,0,3.0,0.0,0.0,3.0,0.0,0.0,,0.0,0.0,1.0,,,inf,11800.0,,,0.0,11800.0,hyperplane_gauss,20000,20,0.5,0.0,3,real,gradual,400,0.2,1.0,False,medium,fast,real/gradual/K=3/medium/fast/global/balanced/clean,0.0,0.07926315789473681
scn-a240769b9161,2027,PageHinkley,0.8660526315789474,0.06552828200028671,21,3.0,21.0,3.0,0.0,14.0,4.0,0.14285714285714285,1.0,0.25,0.0,739.6666666666666,587.0,842.8571428571429,842.8571428571429,1.1395094315328655,1.1395094315328655,1.1864406779661016,11800.0,hyperplane_gauss,20000,20,0.5,0.0,3,real,gradual,400,0.2,1.0,False,medium,fast,real/gradual/K=3/medium/fast/global/balanced/clean,0.00473684210526315,0.07452631578947366
scn-a240769b9161,2027,PageHinkley-up,0.935,0.03997180699980163,3,3.0,3.0,3.0,0.0,0.0,0.0,1.0,1.0,1.0,0.0,519.3333333333334,491.0,inf,11800.0,inf,22.721437740693194,0.0,11800.0,hyperplane_gauss,20000,20,0.5,0.0,3,real,gradual,400,0.2,1.0,False,medium,fast,real/gradual/K=3/medium/fast/global/balanced/clean,0.0736842105263158,0.005578947368421017
scn-a240769b9161,2027,DDM,0.9308421052631579,0.042105739999897196,4,3.0,4.0,3.0,0.0,1.0,0.0,0.75,1.0,0.8571428571428571,0.0,483.0,435.0,11800.0,11800.0,24.43064182194617,24.43064182194617,0.0847457627118644,11800.0,hyperplane_gauss,20000,20,0.5,0.0,3,real,gradual,400,0.2,1.0,False,medium,fast,real/gradual/K=3/medium/fast/global/balanced/clean,0.06952631578947366,0.009736842105263155
scn-a240769b9161,2027,EDDM,0.9278421052631579,0.03491872200038415,4,3.0,4.0,3.0,0.0,1.0,0.0,0.75,1.0,0.8571428571428571,0.0,617.6666666666666,611.0,11800.0,11800.0,19.104155423637344,19.104155423637344,0.0847457627118644,11800.0,hyperplane_gauss,20000,20,0.5,0.0,3,real,gradual,400,0.2,1.0,False,medium,fast,real/gradual/K=3/medium/fast/global/balanced/clean,0.06652631578947366,0.012736842105263158
scn-a240769b9161,2027,HDDM_A,0.9350526315789474,0.14298127400024896,3,3.0,3.0,3.0,0.0,0.0,0.0,1.0,1.0,1.0,0.0,492.0,455.0,inf,11800.0,inf,23.983739837398375,0.0,11800.0,hyperplane_gauss,20000,20,0.5,0.0,3,real,gradual,400,0.2,1.0,False,medium,fast,real/gradual/K=3/medium/fast/global/balanced/clean,0.0737368421052631,0.0055263157894737125
scn-a240769b9161,2027,HDDM_W,0.8613157894736843,0.07307150799988449,0,3.0,0.0,0.0,3.0,0.0,0.0,,0.0,0.0,1.0,,,inf,11800.0,,,0.0,11800.0,hyperplane_gauss,20000,20,0.5,0.0,3,real,gradual,400,0.2,1.0,False,medium,fast,real/gradual/K=3/medium/fast/global/balanced/clean,0.0,0.07926315789473681
scn-a240769b9161,2027,FHDDM,0.9139473684210526,0.034929673000078765,2,3.0,2.0,2.0,1.0,0.0,0.0,1.0,0.6666666666666666,0.8,0.33333333333333337,456.5,456.5,inf,11800.0,inf,17.232566630156988,0.0,11800.0,hyperplane_gauss,20000,20,0.5,0.0,3,real,gradual,400,0.2,1.0,False,medium,fast,real/gradual/K=3/medium/fast/global/balanced/clean,0.05263157894736836,0.02663157894736845
scn-a240769b9161,2027,NoDrift,0.8613157894736843,0.02667413500012117,0,3.0,0.0,0.0,3.0,0.0,0.0,,0.0,0.0,1.0,,,inf,11800.0,,,0.0,11800.0,hyperplane_gauss,20000,20,0.5,0.0,3,real,gradual,400,0.2,1.0,False,medium,fast,real/gradual/K=3/medium/fast/global/balanced/clean,0.0,0.07926315789473681
scn-a240769b9161,2027,Periodic(2000),0.9026315789473685,0.027767438999944716,9,3.0,9.0,3.0,0.0,5.0,1.0,0.3333333333333333,1.0,0.5,0.0,1033.6666666666667,1367.0,2360.0,2360.0,2.2831344727507252,2.2831344727507252,0.423728813559322,11800.0,hyperplane_gauss,20000,20,0.5,0.0,3,real,gradual,400,0.2,1.0,False,medium,fast,real/gradual/K=3/medium/fast/global/balanced/clean,0.041315789473684195,0.03794736842105262
scn-a240769b9161,2027,Oracle,0.9405789473684211,0.03198994900003527,3,3.0,3.0,3.0,0.0,0.0,0.0,1.0,1.0,1.0,0.0,201.0,201.0,inf,11800.0,inf,58.70646766169154,0.0,11800.0,hyperplane_gauss,20000,20,0.5,0.0,3,real,gradual,400,0.2,1.0,False,medium,fast,real/gradual/K=3/medium/fast/global/balanced/clean,0.07926315789473681,-0.0
scn-a240769b9161,2028,ADWIN,0.8769473684210526,0.05286803100034376,15,3.0,15.0,2.0,1.0,12.0,1.0,0.13333333333333333,0.6666666666666666,0.2222222222222222,0.33333333333333337,931.0,931.0,983.3333333333334,983.3333333333334,0.7041413056450649,0.7041413056450649,1.0169491525423728,11800.0,hyperplane_gauss,20000,20,0.5,0.0,3,real,gradual,400,0.2,1.0,False,medium,fast,real/gradual/K=3/medium/fast/global/balanced/clean,0.02136842105263148,0.05631578947368421
scn-a240769b9161,2028,KSWIN,0.8555789473684211,4.052513852000175,0,3.0,0.0,0.0,3.0,0.0,0.0,,0.0,0.0,1.0,,,inf,11800.0,,,0.0,11800.0,hyperplane_gauss,20000,20,0.5,0.0,3,real,gradual,400,0.2,1.0,False,medium,fast,real/gradual/K=3/medium/fast/global/balanced/clean,0.0,0.07768421052631569
scn-a240769b9161,2028,PageHinkley,0.8638421052631579,0.07046420799997577,23,3.0,23.0,3.0,0.0,14.0,6.0,0.13043478260869565,1.0,0.23076923076923078,0.0,524.0,532.0,842.8571428571429,842.8571428571429,1.608505997818975,1.608505997818975,1.1864406779661016,11800.0,hyperplane_gauss,20000,20,0.5,0.0,3,real,gradual,400,0.2,1.0,False,medium,fast,real/gradual/K=3/medium/fast/global/balanced/clean,0.00826315789473675,0.06942105263157894
scn-a240769b9161,2028,PageHinkley-up,0.9306315789473685,0.039771716999894124,3,3.0,3.0,3.0,0.0,0.0,0.0,1.0,1.0,1.0,0.0,534.0,532.0,inf,11800.0,inf,22.09737827715356,0.0,11800.0,hyperplane_gauss,20000,20,0.5,0.0,3,real,gradual,400,0.2,1.0,False,medium,fast,real/gradual/K=3/medium/fast/global/balanced/clean,0.07505263157894737,0.002631578947368318
scn-a240769b9161,2028,DDM,0.9345263157894736,0.04047500599972409,3,3.0,3.0,3.0,0.0,0.0,0.0,1.0,1.0,1.0,0.0,431.3333333333333,464.0,inf,11800.0,inf,27.35703245749614,0.0,11800.0,hyperplane_gauss,20000,20,0.5,0.0,3,real,gradual,400,0.2,1.0,False,medium,fast,real/gradual/K=3/medium/fast/global/balanced/clean,0.07894736842105254,-0.001263157894736855
scn-a240769b9161,2028,EDDM,0.9293684210526316,0.03777584099998421,4,3.0,4.0,3.0,0.0,0.0,1.0,0.75,1.0,0.8571428571428571,0.0,571.0,632.0,inf,11800.0,inf,20.665499124343256,0.0,11800.0,hyperplane_gauss,20000,20,0.5,0.0,3,real,gradual,400,0.2,1.0,False,medium,fast,real/gradual/K=3/medium/fast/global/balanced/clean,0.07378947368421052,0.003894736842105173
scn-a240769b9161,2028,HDDM_A,0.9329473684210526,0.1342855579996467,3,3.0,3.0,3.0,0.0,0.0,0.0,1.0,1.0,1.0,0.0,519.3333333333334,511.0,inf,11800.0,inf,22.721437740693194,0.0,11800.0,hyperplane_gauss,20000,20,0.5,0.0,3,real,gradual,400,0.2,1.0,False,medium,fast,real/gradual/K=3/medium/fast/global/balanced/clean,0.07736842105263153,0.0003157894736841582
scn-a240769b9161,2028,HDDM_W,0.89,0.07808237499966708,1,3.0,1.0,1.0,2.0,0.0,0.0,1.0,0.3333333333333333,0.5,0.6666666666666667,565.0,565.0,inf,11800.0,inf,6.961651917404128,0.0,11800.0,hyperplane_gauss,20000,20,0.5,0.0,3,real,gradual,400,0.2,1.0,False,medium,fast,real/gradual/K=3/medium/fast/global/balanced/clean,0.03442105263157891,0.04326315789473678
scn-a240769b9161,2028,FHDDM,0.9110526315789473,0.03414217799991093,2,3.0,2.0,2.0,1.0,0.0,0.0,1.0,0.6666666666666666,0.8,0.33333333333333337,667.5,667.5,inf,11800.0,inf,11.785268414481898,0.0,11800.0,hyperplane_gauss,20000,20,0.5,0.0,3,real,gradual,400,0.2,1.0,False,medium,fast,real/gradual/K=3/medium/fast/global/balanced/clean,0.05547368421052623,0.02221052631578946
scn-a240769b9161,2028,NoDrift,0.8555789473684211,0.02584619599974758,0,3.0,0.0,0.0,3.0,0.0,0.0,,0.0,0.0,1.0,,,inf,11800.0,,,0.0,11800.0,hyperplane_gauss,20000,20,0.5,0.0,3,real,gradual,400,0.2,1.0,False,medium,fast,real/gradual/K=3/medium/fast/global/balanced/clean,0.0,0.07768421052631569
scn-a240769b9161,2028,Periodic(2000),0.8972631578947369,0.028102387999751954,9,3.0,9.0,3.0,0.0,5.0,1.0,0.3333333333333333,1.0,0.5,0.0,1033.6666666666667,1367.0,2360.0,2360.0,2.2831344727507252,2.2831344727507252,0.423728813559322,11800.0,hyperplane_gauss,20000,20,0.5,0.0,3,real,gradual,400,0.2,1.0,False,medium,fast,real/gradual/K=3/medium/fast/global/balanced/clean,0.04168421052631577,0.03599999999999992
scn-a240769b9161,2028,Oracle,0.9332631578947368,0.03216314800010878,3,3.0,3.0,3.0,0.0,0.0,0.0,1.0,1.0,1.0,0.0,201.0,201.0,inf,11800.0,inf,58.70646766169154,0.0,11800.0,hyperplane_gauss,20000,20,0.5,0.0,3,real,gradual,400,0.2,1.0,False,medium,fast,real/gradual/K=3/medium/fast/global/balanced/clean,0.07768421052631569,-0.0
scn-a240769b9161,2029,ADWIN,0.8846842105263157,0.04536439600042286,11,3.0,11.0,2.0,1.0,7.0,2.0,0.18181818181818182,0.6666666666666666,0.28571428571428575,0.33333333333333337,964.5,964.5,1685.7142857142858,1685.7142857142858,1.1651731713940112,1.1651731713940112,0.5932203389830508,11800.0,hyperplane_gauss,20000,20,0.5,0.0,3,real,gradual,400,0.2,1.0,False,medium,fast,real/gradual/K=3/medium/fast/global/balanced/clean,0.02431578947368418,0.05115789473684218
scn-a240769b9161,2029,KSWIN,0.8845263157894737,4.1001429329999155,1,3.0,1.0,1.0,2.0,0.0,0.0,1.0,0.3333333333333333,0.5,0.6666666666666667,1106.0,1106.0,inf,11800.0,inf,3.5563592525617835,0.0,11800.0,hyperplane_gauss,20000,20,0.5,0.0,3,real,gradual,400,0.2,1.0,False,medium,fast,real/gradual/K=3/medium/fast/global/balanced/clean,0.024157894736842156,0.051315789473684204
scn-a240769b9161,2029,PageHinkley,0.859421052631579,0.06596587100011675,22,3.0,22.0,3.0,0.0,14.0,5.0,0.13636363636363635,1.0,0.24000000000000002,0.0,790.3333333333334,764.0,842.8571428571429,842.8571428571429,1.0664577935771524,1.0664577935771524,1.1864406779661016,11800.0,hyperplane_gauss,20000,20,0.5,0.0,3,real,gradual,400,0.2,1.0,False,medium,fast,real/gradual/K=3/medium/fast/global/balanced/clean,-0.0009473684210525857,0.07642105263157895
scn-a240769b9161,2029,PageHinkley-up,0.9292105263157895,0.039163350999842805,3,3.0,3.0,3.0,0.0,0.0,0.0,1.0,1.0,1.0,0.0,592.3333333333334,610.0,inf,11800.0,inf,19.92121553179516,0.0,11800.0,hyperplane_gauss,20000,20,0.5,0.0,3,real,gradual,400,0.2,1.0,False,medium,fast,real/gradual/K=3/medium/fast/global/balanced/clean,0.06884210526315793,0.006631578947368433
scn-a240769b9161,2029,DDM,0.9327894736842105,0.038978077000138,3,3.0,3.0,3.0,0.0,0.0,0.0,1.0,1.0,1.0,0.0,479.0,451.0,inf,11800.0,inf,24.63465553235908,0.0,11800.0,hyperplane_gauss,20000,20,0.5,0.0,3,real,gradual,400,0.2,1.0,False,medium,fast,real/gradual/K=3/medium/fast/global/balanced/clean,0.07242105263157894,0.003052631578947418
scn-a240769b9161,2029,EDDM,0.9144210526315789,0.046784513000147854,9,3.0,9.0,3.0,0.0,6.0,0.0,0.3333333333333333,1.0,0.5,0.0,688.0,649.0,1966.6666666666667,1966.6666666666667,2.858527131782946,2.858527131782946,0.5084745762711864,11800.0,hyperplane_gauss,20000,20,0.5,0.0,3,real,gradual,400,0.2,1.0,False,medium,fast,real/gradual/K=3/medium/fast/global/balanced/clean,0.05405263157894735,0.021421052631579007
scn-a240769b9161,2029,HDDM_A,0.93,0.1338807329998417,3,3.0,3.0,3.0,0.0,0.0,0.0,1.0,1.0,1.0,0.0,618.6666666666666,550.0,inf,11800.0,inf,19.073275862068968,0.0,11800.0,hyperplane_gauss,20000,20,0.5,0.0,3,real,gradual,400,0.2,1.0,False,medium,fast,real/gradual/K=3/medium/fast/global/balanced/clean,0.06963157894736849,0.005842105263157871
scn-a240769b9161,2029,HDDM_W,0.8845263157894737,0.07661959200004276,1,3.0,1.0,1.0,2.0,0.0,0.0,1.0,0.3333333333333333,0.5,0.6666666666666667,1092.0,1092.0,inf,11800.0,inf,3.6019536019536016,0.0,11800.0,hyperplane_gauss,20000,20,0.5,0.0,3,real,gradual,400,0.2,1.0,False,medium,fast,real/gradual/K=3/medium/fast/global/balanced/clean,0.024157894736842156,0.051315789473684204
scn-a240769b9161,2029,FHDDM,0.9056315789473685,0.035061501000200224,2,3.0,2.0,2.0,1.0,0.0,0.0,1.0,0.6666666666666666,0.8,0.33333333333333337,1401.5,1401.5,inf,11800.0,inf,5.613033654417885,0.0,11800.0,hyperplane_gauss,20000,20,0.5,0.0,3,real,gradual,400,0.2,1.0,False,medium,fast,real/gradual/K=3/medium/fast/global/balanced/clean,0.045263157894736894,0.030210526315789465
scn-a240769b9161,2029,NoDrift,0.8603684210526316,0.02501560700011396,0,3.0,0.0,0.0,3.0,0.0,0.0,,0.0,0.0,1.0,,,inf,11800.0,,,0.0,11800.0,hyperplane_gauss,20000,20,0.5,0.0,3,real,gradual,400,0.2,1.0,False,medium,fast,real/gradual/K=3/medium/fast/global/balanced/clean,0.0,0.07547368421052636
scn-a240769b9161,2029,Periodic(2000),0.8962631578947369,0.027073039999777393,9,3.0,9.0,3.0,0.0,5.0,1.0,0.3333333333333333,1.0,0.5,0.0,1033.6666666666667,1367.0,2360.0,2360.0,2.2831344727507252,2.2831344727507252,0.423728813559322,11800.0,hyperplane_gauss,20000,20,0.5,0.0,3,real,gradual,400,0.2,1.0,False,medium,fast,real/gradual/K=3/medium/fast/global/balanced/clean,0.03589473684210531,0.03957894736842105
scn-a240769b9161,2029,Oracle,0.9358421052631579,0.031902178000109416,3,3.0,3.0,3.0,0.0,0.0,0.0,1.0,1.0,1.0,0.0,201.0,201.0,inf,11800.0,inf,58.70646766169154,0.0,11800.0,hyperplane_gauss,20000,20,0.5,0.0,3,real,gradual,400,0.2,1.0,False,medium,fast,real/gradual/K=3/medium/fast/global/balanced/clean,0.07547368421052636,-0.0
scn-a2b76882a610,2027,ADWIN,0.8824736842105263,0.04376314899991485,13,3.0,13.0,2.0,1.0,10.0,1.0,0.15384615384615385,0.6666666666666666,0.25,0.33333333333333337,1296.5,1296.5,1000.0,1000.0,0.5142049106568967,0.5142049106568967,1.0,10000.0,hyperplane_gauss,20000,20,0.5,0.0,3,real,gradual,1000,0.2,1.0,False,medium,slow,real/gradual/K=3/medium/slow/global/balanced/clean,0.0208947368421053,0.054947368421052634
scn-a2b76882a610,2027,KSWIN,0.861578947368421,4.075857968000037,0,3.0,0.0,0.0,3.0,0.0,0.0,,0.0,0.0,1.0,,,inf,10000.0,,,0.0,10000.0,hyperplane_gauss,20000,20,0.5,0.0,3,real,gradual,1000,0.2,1.0,False,medium,slow,real/gradual/K=3/medium/slow/global/balanced/clean,0.0,0.07584210526315793
scn-a2b76882a610,2027,PageHinkley,0.8626315789473684,0.0672840509996604,22,3.0,22.0,3.0,0.0,14.0,5.0,0.13636363636363635,1.0,0.24000000000000002,0.0,1177.6666666666667,1115.0,714.2857142857143,714.2857142857143,0.6065262221503377,0.6065262221503377,1.4,10000.0,hyperplane_gauss,20000,20,0.5,0.0,3,real,gradual,1000,0.2,1.0,False,medium,slow,real/gradual/K=3/medium/slow/global/balanced/clean,0.001052631578947416,0.07478947368421052
scn-a2b76882a610,2027,PageHinkley-up,0.9348947368421052,0.03978808099964226,3,3.0,3.0,3.0,0.0,0.0,0.0,1.0,1.0,1.0,0.0,858.0,839.0,inf,10000.0,inf,11.655011655011656,0.0,10000.0,hyperplane_gauss,20000,20,0.5,0.0,3,real,gradual,1000,0.2,1.0,False,medium,slow,real/gradual/K=3/medium/slow/global/balanced/clean,0.07331578947368422,0.00252631578947371
scn-a2b76882a610,2027,DDM,0.9291578947368421,0.03968798500000048,4,3.0,4.0,3.0,0.0,1.0,0.0,0.75,1.0,0.8571428571428571,0.0,856.0,792.0,10000.0,10000.0,11.682242990654206,11.682242990654206,0.1,10000.0,hyperplane_gauss,20000,20,0.5,0.0,3,real,gradual,1000,0.2,1.0,False,medium,slow,real/gradual/K=3/medium/slow/global/balanced/clean,0.06757894736842107,0.008263157894736861
scn-a2b76882a610,2027,EDDM,0.9138421052631579,0.040146333999928174,6,3.0,6.0,2.0,1.0,1.0,3.0,0.3333333333333333,0.6666666666666666,0.4444444444444444,0.33333333333333337,1304.5,1304.5,10000.0,10000.0,5.1105148843746,5.1105148843746,0.1,10000.0,hyperplane_gauss,20000,20,0.5,0.0,3,real,gradual,1000,0.2,1.0,False,medium,slow,real/gradual/K=3/medium/slow/global/balanced/clean,0.0522631578947369,0.023578947368421033
scn-a2b76882a610,2027,HDDM_A,0.9322631578947368,0.14411084600033064,3,3.0,3.0,3.0,0.0,0.0,0.0,1.0,1.0,1.0,0.0,929.3333333333334,892.0,inf,10000.0,inf,10.760401721664275,0.0,10000.0,hyperplane_gauss,20000,20,0.5,0.0,3,real,gradual,1000,0.2,1.0,False,medium,slow,real/gradual/K=3/medium/slow/global/balanced/clean,0.0706842105263158,0.005157894736842139
scn-a2b76882a610,2027,HDDM_W,0.861578947368421,0.07486767799991867,0,3.0,0.0,0.0,3.0,0.0,0.0,,0.0,0.0,1.0,,,inf,10000.0,,,0.0,10000.0,hyperplane_gauss,20000,20,0.5,0.0,3,real,gradual,1000,0.2,1.0,False,medium,slow,real/gradual/K=3/medium/slow/global/balanced/clean,0.0,0.07584210526315793
scn-a2b76882a610,2027,FHDDM,0.9003157894736842,0.03406742100014526,1,3.0,1.0,1.0,2.0,0.0,0.0,1.0,0.3333333333333333,0.5,0.6666666666666667,1415.0,1415.0,inf,10000.0,inf,2.355712603062426,0.0,10000.0,hyperplane_gauss,20000,20,0.5,0.0,3,real,gradual,1000,0.2,1.0,False,medium,slow,real/gradual/K=3/medium/slow/global/balanced/clean,0.03873684210526318,0.03710526315789475
scn-a2b76882a610,2027,NoDrift,0.861578947368421,0.02577255000005607,0,3.0,0.0,0.0,3.0,0.0,0.0,,0.0,0.0,1.0,,,inf,10000.0,,,0.0,10000.0,hyperplane_gauss,20000,20,0.5,0.0,3,real,gradual,1000,0.2,1.0,False,medium,slow,real/gradual/K=3/medium/slow/global/balanced/clean,0.0,0.07584210526315793
scn-a2b76882a610,2027,Periodic(2000),0.9021578947368422,0.028002914000353485,9,3.0,9.0,3.0,0.0,5.0,1.0,0.3333333333333333,1.0,0.5,0.0,1333.6666666666667,1667.0,2000.0,2000.0,1.4996250937265683,1.4996250937265683,0.5,10000.0,hyperplane_gauss,20000,20,0.5,0.0,3,real,gradual,1000,0.2,1.0,False,medium,slow,real/gradual/K=3/medium/slow/global/balanced/clean,0.04057894736842116,0.035263157894736774
scn-a2b76882a610,2027,Oracle,0.9374210526315789,0.03197158300008596,3,3.0,3.0,3.0,0.0,0.0,0.0,1.0,1.0,1.0,0.0,501.0,501.0,inf,10000.0,inf,19.960079840319363,0.0,10000.0,hyperplane_gauss,20000,20,0.5,0.0,3,real,gradual,1000,0.2,1.0,False,medium,slow,real/gradual/K=3/medium/slow/global/balanced/clean,0.07584210526315793,-0.0
scn-a2b76882a610,2028,ADWIN,0.8766315789473684,0.05182529399962732,16,3.0,16.0,3.0,0.0,8.0,5.0,0.1875,1.0,0.3157894736842105,0.0,1163.0,734.0,1250.0,1250.0,1.0748065348237317,1.0748065348237317,0.8,10000.0,hyperplane_gauss,20000,20,0.5,0.0,3,real,gradual,1000,0.2,1.0,False,medium,slow,real/gradual/K=3/medium/slow/global/balanced/clean,0.021368421052631592,0.05184210526315791
scn-a2b76882a610,2028,KSWIN,0.8552631578947368,4.022444762999839,0,3.0,0.0,0.0,3.0,0.0,0.0,,0.0,0.0,1.0,,,inf,10000.0,,,0.0,10000.0,hyperplane_gauss,20000,20,0.5,0.0,3,real,gradual,1000,0.2,1.0,False,medium,slow,real/gradual/K=3/medium/slow/global/balanced/clean,0.0,0.0732105263157895
scn-a2b76882a610,2028,PageHinkley,0.8616842105263158,0.06799887700026375,22,3.0,22.0,3.0,0.0,11.0,8.0,0.13636363636363635,1.0,0.24000000000000002,0.0,762.0,864.0,909.0909090909091,909.0909090909091,1.1930326890956813,1.1930326890956813,1.1,10000.0,hyperplane_gauss,20000,20,0.5,0.0,3,real,gradual,1000,0.2,1.0,False,medium,slow,real/gradual/K=3/medium/slow/global/balanced/clean,0.006421052631578994,0.06678947368421051
scn-a2b76882a610,2028,PageHinkley-up,0.9288947368421052,0.04002080100008243,3,3.0,3.0,3.0,0.0,0.0,0.0,1.0,1.0,1.0,0.0,888.0,864.0,inf,10000.0,inf,11.26126126126126,0.0,10000.0,hyperplane_gauss,20000,20,0.5,0.0,3,real,gradual,1000,0.2,1.0,False,medium,slow,real/gradual/K=3/medium/slow/global/balanced/clean,0.07363157894736838,-0.0004210526315788776
scn-a2b76882a610,2028,DDM,0.9318947368421052,0.04047167199996693,3,3.0,3.0,3.0,0.0,0.0,0.0,1.0,1.0,1.0,0.0,783.6666666666666,783.0,inf,10000.0,inf,12.760527435133985,0.0,10000.0,hyperplane_gauss,20000,20,0.5,0.0,3,real,gradual,1000,0.2,1.0,False,medium,slow,real/gradual/K=3/medium/slow/global/balanced/clean,0.07663157894736838,-0.0034210526315788803
scn-a2b76882a610,2028,EDDM,0.9250526315789473,0.0347397179998552,3,3.0,3.0,3.0,0.0,0.0,0.0,1.0,1.0,1.0,0.0,920.0,1070.0,inf,10000.0,inf,10.869565217391305,0.0,10000.0,hyperplane_gauss,20000,20,0.5,0.0,3,real,gradual,1000,0.2,1.0,False,medium,slow,real/gradual/K=3/medium/slow/global/balanced/clean,0.06978947368421051,0.0034210526315789913
scn-a2b76882a610,2028,HDDM_A,0.9251052631578948,0.1326629420000245,3,3.0,3.0,3.0,0.0,0.0,0.0,1.0,1.0,1.0,0.0,1046.6666666666667,1012.0,inf,10000.0,inf,9.554140127388534,0.0,10000.0,hyperplane_gauss,20000,20,0.5,0.0,3,real,gradual,1000,0.2,1.0,False,medium,slow,real/gradual/K=3/medium/slow/global/balanced/clean,0.06984210526315793,0.003368421052631576
scn-a2b76882a610,2028,HDDM_W,0.8904736842105263,0.07949068399966563,1,3.0,1.0,1.0,2.0,0.0,0.0,1.0,0.3333333333333333,0.5,0.6666666666666667,866.0,866.0,inf,10000.0,inf,3.849114703618167,0.0,10000.0,hyperplane_gauss,20000,20,0.5,0.0,3,real,gradual,1000,0.2,1.0,False,medium,slow,real/gradual/K=3/medium/slow/global/balanced/clean,0.03521052631578947,0.038000000000000034
scn-a2b76882a610,2028,FHDDM,0.8854736842105263,0.03350789799969789,1,3.0,1.0,1.0,2.0,0.0,0.0,1.0,0.3333333333333333,0.5,0.6666666666666667,1864.0,1864.0,inf,10000.0,inf,1.7882689556509295,0.0,10000.0,hyperplane_gauss,20000,20,0.5,0.0,3,real,gradual,1000,0.2,1.0,False,medium,slow,real/gradual/K=3/medium/slow/global/balanced/clean,0.030210526315789465,0.04300000000000004
scn-a2b76882a610,2028,NoDrift,0.8552631578947368,0.025609538000026077,0,3.0,0.0,0.0,3.0,0.0,0.0,,0.0,0.0,1.0,,,inf,10000.0,,,0.0,10000.0,hyperplane_gauss,20000,20,0.5,0.0,3,real,gradual,1000,0.2,1.0,False,medium,slow,real/gradual/K=3/medium/slow/global/balanced/clean,0.0,0.0732105263157895
scn-a2b76882a610,2028,Periodic(2000),0.8956842105263157,0.027904115000183083,9,3.0,9.0,3.0,0.0,5.0,1.0,0.3333333333333333,1.0,0.5,0.0,1333.6666666666667,1667.0,2000.0,2000.0,1.4996250937265683,1.4996250937265683,0.5,10000.0,hyperplane_gauss,20000,20,0.5,0.0,3,real,gradual,1000,0.2,1.0,False,medium,slow,real/gradual/K=3/medium/slow/global/balanced/clean,0.04042105263157891,0.03278947368421059
scn-a2b76882a610,2028,Oracle,0.9284736842105263,0.03201463100003821,3,3.0,3.0,3.0,0.0,0.0,0.0,1.0,1.0,1.0,0.0,501.0,501.0,inf,10000.0,inf,19.960079840319363,0.0,10000.0,hyperplane_gauss,20000,20,0.5,0.0,3,real,gradual,1000,0.2,1.0,False,medium,slow,real/gradual/K=3/medium/slow/global/balanced/clean,0.0732105263157895,-0.0
scn-a2b76882a610,2029,ADWIN,0.8776315789473684,0.04910595799992734,15,3.0,15.0,3.0,0.0,9.0,3.0,0.2,1.0,0.33333333333333337,0.0,1259.0,862.0,1111.111111111111,1111.111111111111,0.8825346394845998,0.8825346394845998,0.9,10000.0,hyperplane_gauss,20000,20,0.5,0.0,3,real,gradual,1000,0.2,1.0,False,medium,slow,real/gradual/K=3/medium/slow/global/balanced/clean,0.016684210526315746,0.05399999999999994
scn-a2b76882a610,2029,KSWIN,0.885578947368421,4.081810004999625,1,3.0,1.0,1.0,2.0,0.0,0.0,1.0,0.3333333333333333,0.5,0.6666666666666667,1406.0,1406.0,inf,10000.0,inf,2.3707918444760545,0.0,10000.0,hyperplane_gauss,20000,20,0.5,0.0,3,real,gradual,1000,0.2,1.0,False,medium,slow,real/gradual/K=3/medium/slow/global/balanced/clean,0.024631578947368338,0.046052631578947345
scn-a2b76882a610,2029,PageHinkley,0.8603684210526316,0.06640025400020022,21,3.0,21.0,3.0,0.0,12.0,6.0,0.14285714285714285,1.0,0.25,0.0,1343.6666666666667,1264.0,833.3333333333334,833.3333333333334,0.6201935003721161,0.6201935003721161,1.2,10000.0,hyperplane_gauss,20000,20,0.5,0.0,3,real,gradual,1000,0.2,1.0,False,medium,slow,real/gradual/K=3/medium/slow/global/balanced/clean,-0.0005789473684211233,0.0712631578947368
scn-a2b76882a610,2029,PageHinkley-up,0.9296842105263158,0.0402969420001682,3,3.0,3.0,3.0,0.0,0.0,0.0,1.0,1.0,1.0,0.0,915.6666666666666,904.0,inf,10000.0,inf,10.921004732435385,0.0,10000.0,hyperplane_gauss,20000,20,0.5,0.0,3,real,gradual,1000,0.2,1.0,False,medium,slow,real/gradual/K=3/medium/slow/global/balanced/clean,0.0687368421052631,0.0019473684210525866
scn-a2b76882a610,2029,DDM,0.9307368421052632,0.03991823900014424,3,3.0,3.0,3.0,0.0,0.0,0.0,1.0,1.0,1.0,0.0,813.3333333333334,826.0,inf,10000.0,inf,12.295081967213115,0.0,10000.0,hyperplane_gauss,20000,20,0.5,0.0,3,real,gradual,1000,0.2,1.0,False,medium,slow,real/gradual/K=3/medium/slow/global/balanced/clean,0.06978947368421051,0.0008947368421051705
scn-a2b76882a610,2029,EDDM,0.9103157894736842,0.07176155000024664,12,3.0,12.0,3.0,0.0,6.0,3.0,0.25,1.0,0.4,0.0,983.0,1025.0,1666.6666666666667,1666.6666666666667,1.69548999660902,1.69548999660902,0.6,10000.0,hyperplane_gauss,20000,20,0.5,0.0,3,real,gradual,1000,0.2,1.0,False,medium,slow,real/gradual/K=3/medium/slow/global/balanced/clean,0.049368421052631506,0.021315789473684177
scn-a2b76882a610,2029,HDDM_A,0.9277368421052632,0.13342907600008402,3,3.0,3.0,3.0,0.0,0.0,0.0,1.0,1.0,1.0,0.0,1036.6666666666667,1047.0,inf,10000.0,inf,9.646302250803858,0.0,10000.0,hyperplane_gauss,20000,20,0.5,0.0,3,real,gradual,1000,0.2,1.0,False,medium,slow,real/gradual/K=3/medium/slow/global/balanced/clean,0.06678947368421051,0.003894736842105173
scn-a2b76882a610,2029,HDDM_W,0.8854736842105263,0.07659714800001893,1,3.0,1.0,1.0,2.0,0.0,0.0,1.0,0.3333333333333333,0.5,0.6666666666666667,1392.0,1392.0,inf,10000.0,inf,2.39463601532567,0.0,10000.0,hyperplane_gauss,20000,20,0.5,0.0,3,real,gradual,1000,0.2,1.0,False,medium,slow,real/gradual/K=3/medium/slow/global/balanced/clean,0.02452631578947362,0.046157894736842064
scn-a2b76882a610,2029,FHDDM,0.9045263157894737,0.03535418999990725,2,3.0,2.0,2.0,1.0,0.0,0.0,1.0,0.6666666666666666,0.8,0.33333333333333337,1155.5,1155.5,inf,10000.0,inf,5.76950814943026,0.0,10000.0,hyperplane_gauss,20000,20,0.5,0.0,3,real,gradual,1000,0.2,1.0,False,medium,slow,real/gradual/K=3/medium/slow/global/balanced/clean,0.04357894736842105,0.027105263157894632
scn-a2b76882a610,2029,NoDrift,0.8609473684210527,0.025528791999931855,0,3.0,0.0,0.0,3.0,0.0,0.0,,0.0,0.0,1.0,,,inf,10000.0,,,0.0,10000.0,hyperplane_gauss,20000,20,0.5,0.0,3,real,gradual,1000,0.2,1.0,False,medium,slow,real/gradual/K=3/medium/slow/global/balanced/clean,0.0,0.07068421052631568
scn-a2b76882a610,2029,Periodic(2000),0.8958421052631579,0.02787628100031725,9,3.0,9.0,3.0,0.0,5.0,1.0,0.3333333333333333,1.0,0.5,0.0,1333.6666666666667,1667.0,2000.0,2000.0,1.4996250937265683,1.4996250937265683,0.5,10000.0,hyperplane_gauss,20000,20,0.5,0.0,3,real,gradual,1000,0.2,1.0,False,medium,slow,real/gradual/K=3/medium/slow/global/balanced/clean,0.0348947368421052,0.03578947368421048
scn-a2b76882a610,2029,Oracle,0.9316315789473684,0.03270458299994061,3,3.0,3.0,3.0,0.0,0.0,0.0,1.0,1.0,1.0,0.0,501.0,501.0,inf,10000.0,inf,19.960079840319363,0.0,10000.0,hyperplane_gauss,20000,20,0.5,0.0,3,real,gradual,1000,0.2,1.0,False,medium,slow,real/gradual/K=3/medium/slow/global/balanced/clean,0.07068421052631568,-0.0
scn-1b7891d1f21e,2027,ADWIN,0.883,0.04382413800021823,12,3.0,12.0,3.0,0.0,5.0,4.0,0.25,1.0,0.4,0.0,1759.0,1458.0,1400.0,1400.0,0.7959067652075043,0.7959067652075043,0.7142857142857143,7000.0,hyperplane_gauss,20000,20,0.5,0.0,3,real,gradual,2000,0.2,1.0,False,medium,slow,real/gradual/K=3/medium/slow/global/balanced/clean,0.020631578947368445,0.04952631578947364
scn-1b7891d1f21e,2027,KSWIN,0.8623684210526316,4.063478531000328,0,3.0,0.0,0.0,3.0,0.0,0.0,,0.0,0.0,1.0,,,inf,7000.0,,,0.0,7000.0,hyperplane_gauss,20000,20,0.5,0.0,3,real,gradual,2000,0.2,1.0,False,medium,slow,real/gradual/K=3/medium/slow/global/balanced/clean,0.0,0.07015789473684209
scn-1b7891d1f21e,2027,PageHinkley,0.8625263157894737,0.08902452199981781,21,3.0,21.0,3.0,0.0,7.0,11.0,0.14285714285714285,1.0,0.25,0.0,676.3333333333334,493.0,1000.0,1000.0,1.4785608674223756,1.4785608674223756,1.0,7000.0,hyperplane_gauss,20000,20,0.5,0.0,3,real,gradual,2000,0.2,1.0,False,medium,slow,real/gradual/K=3/medium/slow/global/balanced/clean,0.00015789473684213462,0.06999999999999995
scn-1b7891d1f21e,2027,PageHinkley-up,0.9295789473684211,0.037434702000155085,3,3.0,3.0,3.0,0.0,0.0,0.0,1.0,1.0,1.0,0.0,1382.6666666666667,1357.0,inf,7000.0,inf,5.06268081002893,0.0,7000.0,hyperplane_gauss,20000,20,0.5,0.0,3,real,gradual,2000,0.2,1.0,False,medium,slow,real/gradual/K=3/medium/slow/global/balanced/clean,0.0672105263157895,0.0029473684210525875
scn-1b7891d1f21e,2027,DDM,0.912,0.037426410999614745,3,3.0,3.0,2.0,1.0,1.0,0.0,0.6666666666666666,0.6666666666666666,0.6666666666666666,0.33333333333333337,1613.5,1613.5,7000.0,7000.0,2.8922631959508314,2.8922631959508314,0.14285714285714285,7000.0,hyperplane_gauss,20000,20,0.5,0.0,3,real,gradual,2000,0.2,1.0,False,medium,slow,real/gradual/K=3/medium/slow/global/balanced/clean,0.04963157894736847,0.020526315789473615
scn-1b7891d1f21e,2027,EDDM,0.9126842105263158,0.03491801900008795,4,3.0,4.0,2.0,1.0,1.0,1.0,0.5,0.6666666666666666,0.5714285714285715,0.33333333333333337,1963.0,1963.0,7000.0,7000.0,2.377313635591781,2.377313635591781,0.14285714285714285,7000.0,hyperplane_gauss,20000,20,0.5,0.0,3,real,gradual,2000,0.2,1.0,False,medium,slow,real/gradual/K=3/medium/slow/global/balanced/clean,0.0503157894736842,0.019842105263157883
scn-1b7891d1f21e,2027,HDDM_A,0.9225263157894736,0.13072874599993156,3,3.0,3.0,3.0,0.0,0.0,0.0,1.0,1.0,1.0,0.0,1898.0,1740.0,inf,7000.0,inf,3.6880927291886194,0.0,7000.0,hyperplane_gauss,20000,20,0.5,0.0,3,real,gradual,2000,0.2,1.0,False,medium,slow,real/gradual/K=3/medium/slow/global/balanced/clean,0.06015789473684208,0.010000000000000009
scn-1b7891d1f21e,2027,HDDM_W,0.8623684210526316,0.07379261799997039,0,3.0,0.0,0.0,3.0,0.0,0.0,,0.0,0.0,1.0,,,inf,7000.0,,,0.0,7000.0,hyperplane_gauss,20000,20,0.5,0.0,3,real,gradual,2000,0.2,1.0,False,medium,slow,real/gradual/K=3/medium/slow/global/balanced/clean,0.0,0.07015789473684209
scn-1b7891d1f21e,2027,FHDDM,0.9006315789473684,0.03534059499997966,1,3.0,1.0,1.0,2.0,0.0,0.0,1.0,0.3333333333333333,0.5,0.6666666666666667,1919.0,1919.0,inf,7000.0,inf,1.2159110647906892,0.0,7000.0,hyperplane_gauss,20000,20,0.5,0.0,3,real,gradual,2000,0.2,1.0,False,medium,slow,real/gradual/K=3/medium/slow/global/balanced/clean,0.03826315789473689,0.0318947368421052
scn-1b7891d1f21e,2027,NoDrift,0.8623684210526316,0.02590473899999779,0,3.0,0.0,0.0,3.0,0.0,0.0,,0.0,0.0,1.0,,,inf,7000.0,,,0.0,7000.0,hyperplane_gauss,20000,20,0.5,0.0,3,real,gradual,2000,0.2,1.0,False,medium,slow,real/gradual/K=3/medium/slow/global/balanced/clean,0.0,0.07015789473684209
scn-1b7891d1f21e,2027,Periodic(2000),0.9006315789473684,0.027649110999846016,9,3.0,9.0,3.0,0.0,3.0,3.0,0.3333333333333333,1.0,0.5,0.0,500.3333333333333,500.0,2333.3333333333335,2333.3333333333335,4.663557628247835,4.663557628247835,0.42857142857142855,7000.0,hyperplane_gauss,20000,20,0.5,0.0,3,real,gradual,2000,0.2,1.0,False,medium,slow,real/gradual/K=3/medium/slow/global/balanced/clean,0.03826315789473689,0.0318947368421052
scn-1b7891d1f21e,2027,Oracle,0.9325263157894736,0.03130126499991093,3,3.0,3.0,3.0,0.0,0.0,0.0,1.0,1.0,1.0,0.0,1001.0,1001.0,inf,7000.0,inf,6.993006993006993,0.0,7000.0,hyperplane_gauss,20000,20,0.5,0.0,3,real,gradual,2000,0.2,1.0,False,medium,slow,real/gradual/K=3/medium/slow/global/balanced/clean,0.07015789473684209,-0.0
scn-1b7891d1f21e,2028,ADWIN,0.8948421052631579,0.03884965799989004,9,3.0,9.0,3.0,0.0,3.0,3.0,0.3333333333333333,1.0,0.5,0.0,2153.6666666666665,1751.0,2333.3333333333335,2333.3333333333335,1.0834236186348865,1.0834236186348865,0.42857142857142855,7000.0,hyperplane_gauss,20000,20,0.5,0.0,3,real,gradual,2000,0.2,1.0,False,medium,slow,real/gradual/K=3/medium/slow/global/balanced/clean,0.03847368421052633,0.026368421052631597
scn-1b7891d1f21e,2028,KSWIN,0.8563684210526316,4.0915652029998455,0,3.0,0.0,0.0,3.0,0.0,0.0,,0.0,0.0,1.0,,,inf,7000.0,,,0.0,7000.0,hyperplane_gauss,20000,20,0.5,0.0,3,real,gradual,2000,0.2,1.0,False,medium,slow,real/gradual/K=3/medium/slow/global/balanced/clean,0.0,0.06484210526315792
scn-1b7891d1f21e,2028,PageHinkley,0.8586842105263158,0.0708145449998483,23,3.0,23.0,3.0,0.0,8.0,12.0,0.13043478260869565,1.0,0.23076923076923078,0.0,868.6666666666666,956.0,875.0,875.0,1.0072908672294705,1.0072908672294705,1.1428571428571428,7000.0,hyperplane_gauss,20000,20,0.5,0.0,3,real,gradual,2000,0.2,1.0,False,medium,slow,real/gradual/K=3/medium/slow/global/balanced/clean,0.002315789473684271,0.06252631578947365
scn-1b7891d1f21e,2028,PageHinkley-up,0.9232105263157895,0.037765368000236776,3,3.0,3.0,3.0,0.0,0.0,0.0,1.0,1.0,1.0,0.0,1441.6666666666667,1491.0,inf,7000.0,inf,4.855491329479769,0.0,7000.0,hyperplane_gauss,20000,20,0.5,0.0,3,real,gradual,2000,0.2,1.0,False,medium,slow,real/gradual/K=3/medium/slow/global/balanced/clean,0.06684210526315792,-0.0020000000000000018
scn-1b7891d1f21e,2028,DDM,0.9241578947368421,0.037312238000140496,3,3.0,3.0,3.0,0.0,0.0,0.0,1.0,1.0,1.0,0.0,1488.3333333333333,1419.0,inf,7000.0,inf,4.703247480403136,0.0,7000.0,hyperplane_gauss,20000,20,0.5,0.0,3,real,gradual,2000,0.2,1.0,False,medium,slow,real/gradual/K=3/medium/slow/global/balanced/clean,0.06778947368421051,-0.0029473684210525875
scn-1b7891d1f21e,2028,EDDM,0.919,0.03397613300012381,3,3.0,3.0,3.0,0.0,0.0,0.0,1.0,1.0,1.0,0.0,1487.3333333333333,1604.0,inf,7000.0,inf,4.7064096817570595,0.0,7000.0,hyperplane_gauss,20000,20,0.5,0.0,3,real,gradual,2000,0.2,1.0,False,medium,slow,real/gradual/K=3/medium/slow/global/balanced/clean,0.06263157894736848,0.0022105263157894406
scn-1b7891d1f21e,2028,HDDM_A,0.916578947368421,0.12444723099997645,3,3.0,3.0,3.0,0.0,0.0,0.0,1.0,1.0,1.0,0.0,1981.3333333333333,1916.0,inf,7000.0,inf,3.5329744279946165,0.0,7000.0,hyperplane_gauss,20000,20,0.5,0.0,3,real,gradual,2000,0.2,1.0,False,medium,slow,real/gradual/K=3/medium/slow/global/balanced/clean,0.06021052631578949,0.004631578947368431
scn-1b7891d1f21e,2028,HDDM_W,0.8642631578947368,0.07717634800019368,1,3.0,1.0,1.0,2.0,0.0,0.0,1.0,0.3333333333333333,0.5,0.6666666666666667,3363.0,3363.0,inf,7000.0,inf,0.693824957874913,0.0,7000.0,hyperplane_gauss,20000,20,0.5,0.0,3,real,gradual,2000,0.2,1.0,False,medium,slow,real/gradual/K=3/medium/slow/global/balanced/clean,0.007894736842105288,0.056947368421052635
scn-1b7891d1f21e,2028,FHDDM,0.8867368421052632,0.033840060000329686,1,3.0,1.0,1.0,2.0,0.0,0.0,1.0,0.3333333333333333,0.5,0.6666666666666667,2364.0,2364.0,inf,7000.0,inf,0.9870276367738294,0.0,7000.0,hyperplane_gauss,20000,20,0.5,0.0,3,real,gradual,2000,0.2,1.0,False,medium,slow,real/gradual/K=3/medium/slow/global/balanced/clean,0.0303684210526316,0.03447368421052632
scn-1b7891d1f21e,2028,NoDrift,0.8563684210526316,0.02567933999989691,0,3.0,0.0,0.0,3.0,0.0,0.0,,0.0,0.0,1.0,,,inf,7000.0,,,0.0,7000.0,hyperplane_gauss,20000,20,0.5,0.0,3,real,gradual,2000,0.2,1.0,False,medium,slow,real/gradual/K=3/medium/slow/global/balanced/clean,0.0,0.06484210526315792
scn-1b7891d1f21e,2028,Periodic(2000),0.892578947368421,0.028071563000139577,9,3.0,9.0,3.0,0.0,3.0,3.0,0.3333333333333333,1.0,0.5,0.0,500.3333333333333,500.0,2333.3333333333335,2333.3333333333335,4.663557628247835,4.663557628247835,0.42857142857142855,7000.0,hyperplane_gauss,20000,20,0.5,0.0,3,real,gradual,2000,0.2,1.0,False,medium,slow,real/gradual/K=3/medium/slow/global/balanced/clean,0.03621052631578947,0.028631578947368452
scn-1b7891d1f21e,2028,Oracle,0.9212105263157895,0.03255531400009204,3,3.0,3.0,3.0,0.0,0.0,0.0,1.0,1.0,1.0,0.0,1001.0,1001.0,inf,7000.0,inf,6.993006993006993,0.0,7000.0,hyperplane_gauss,20000,20,0.5,0.0,3,real,gradual,2000,0.2,1.0,False,medium,slow,real/gradual/K=3/medium/slow/global/balanced/clean,0.06484210526315792,-0.0
scn-1b7891d1f21e,2029,ADWIN,0.8822105263157894,0.0439630859996214,10,3.0,10.0,2.0,1.0,5.0,3.0,0.2,0.6666666666666666,0.30769230769230765,0.33333333333333337,1940.5,1940.5,1400.0,1400.0,0.48097569354977243,0.48097569354977243,0.7142857142857143,7000.0,hyperplane_gauss,20000,20,0.5,0.0,3,real,gradual,2000,0.2,1.0,False,medium,slow,real/gradual/K=3/medium/slow/global/balanced/clean,0.022263157894736763,0.04347368421052633
scn-1b7891d1f21e,2029,KSWIN,0.8856842105263157,3.9954727069998626,1,3.0,1.0,1.0,2.0,0.0,0.0,1.0,0.3333333333333333,0.5,0.6666666666666667,1909.0,1909.0,inf,7000.0,inf,1.222280426052034,0.0,7000.0,hyperplane_gauss,20000,20,0.5,0.0,3,real,gradual,2000,0.2,1.0,False,medium,slow,real/gradual/K=3/medium/slow/global/balanced/clean,0.025736842105263058,0.040000000000000036
scn-1b7891d1f21e,2029,PageHinkley,0.8588421052631579,0.06511917900024855,22,3.0,22.0,3.0,0.0,8.0,11.0,0.13636363636363635,1.0,0.24000000000000002,0.0,904.0,749.0,875.0,875.0,0.9679203539823009,0.9679203539823009,1.1428571428571428,7000.0,hyperplane_gauss,20000,20,0.5,0.0,3,real,gradual,2000,0.2,1.0,False,medium,slow,real/gradual/K=3/medium/slow/global/balanced/clean,-0.0011052631578948313,0.06684210526315792
scn-1b7891d1f21e,2029,PageHinkley-up,0.9241052631578948,0.0370847130002403,3,3.0,3.0,3.0,0.0,0.0,0.0,1.0,1.0,1.0,0.0,1430.6666666666667,1330.0,inf,7000.0,inf,4.8928238583410995,0.0,7000.0,hyperplane_gauss,20000,20,0.5,0.0,3,real,gradual,2000,0.2,1.0,False,medium,slow,real/gradual/K=3/medium/slow/global/balanced/clean,0.06415789473684208,0.0015789473684210131
scn-1b7891d1f21e,2029,DDM,0.9246315789473685,0.03649707300019145,3,3.0,3.0,3.0,0.0,0.0,0.0,1.0,1.0,1.0,0.0,1453.6666666666667,1477.0,inf,7000.0,inf,4.815409309791332,0.0,7000.0,hyperplane_gauss,20000,20,0.5,0.0,3,real,gradual,2000,0.2,1.0,False,medium,slow,real/gradual/K=3/medium/slow/global/balanced/clean,0.06468421052631579,0.001052631578947305
scn-1b7891d1f21e,2029,EDDM,0.906157894736842,0.044547634000082326,8,3.0,8.0,3.0,0.0,5.0,0.0,0.375,1.0,0.5454545454545454,0.0,1267.6666666666667,1323.0,1400.0,1400.0,1.1043912700499605,1.1043912700499605,0.7142857142857143,7000.0,hyperplane_gauss,20000,20,0.5,0.0,3,real,gradual,2000,0.2,1.0,False,medium,slow,real/gradual/K=3/medium/slow/global/balanced/clean,0.04621052631578937,0.019526315789473725
scn-1b7891d1f21e,2029,HDDM_A,0.9184210526315789,0.1229554139999891,3,3.0,3.0,3.0,0.0,0.0,0.0,1.0,1.0,1.0,0.0,2028.3333333333333,2174.0,inf,7000.0,inf,3.4511092851273624,0.0,7000.0,hyperplane_gauss,20000,20,0.5,0.0,3,real,gradual,2000,0.2,1.0,False,medium,slow,real/gradual/K=3/medium/slow/global/balanced/clean,0.05847368421052623,0.00726315789473686
scn-1b7891d1f21e,2029,HDDM_W,0.8853684210526316,0.07626280300019062,1,3.0,1.0,1.0,2.0,0.0,0.0,1.0,0.3333333333333333,0.5,0.6666666666666667,1892.0,1892.0,inf,7000.0,inf,1.2332628611698377,0.0,7000.0,hyperplane_gauss,20000,20,0.5,0.0,3,real,gradual,2000,0.2,1.0,False,medium,slow,real/gradual/K=3/medium/slow/global/balanced/clean,0.0254210526315789,0.040315789473684194
scn-1b7891d1f21e,2029,FHDDM,0.9069473684210526,0.03547956200009139,2,3.0,2.0,2.0,1.0,0.0,0.0,1.0,0.6666666666666666,0.8,0.33333333333333337,2205.0,2205.0,inf,7000.0,inf,2.1164021164021163,0.0,7000.0,hyperplane_gauss,20000,20,0.5,0.0,3,real,gradual,2000,0.2,1.0,False,medium,slow,real/gradual/K=3/medium/slow/global/balanced/clean,0.04699999999999993,0.018736842105263163
scn-1b7891d1f21e,2029,NoDrift,0.8599473684210527,0.02519705899976543,0,3.0,0.0,0.0,3.0,0.0,0.0,,0.0,0.0,1.0,,,inf,7000.0,,,0.0,7000.0,hyperplane_gauss,20000,20,0.5,0.0,3,real,gradual,2000,0.2,1.0,False,medium,slow,real/gradual/K=3/medium/slow/global/balanced/clean,0.0,0.0657368421052631
scn-1b7891d1f21e,2029,Periodic(2000),0.8930526315789473,0.027423836999787454,9,3.0,9.0,3.0,0.0,3.0,3.0,0.3333333333333333,1.0,0.5,0.0,500.3333333333333,500.0,2333.3333333333335,2333.3333333333335,4.663557628247835,4.663557628247835,0.42857142857142855,7000.0,hyperplane_gauss,20000,20,0.5,0.0,3,real,gradual,2000,0.2,1.0,False,medium,slow,real/gradual/K=3/medium/slow/global/balanced/clean,0.03310526315789464,0.032631578947368456
scn-1b7891d1f21e,2029,Oracle,0.9256842105263158,0.031438979000085965,3,3.0,3.0,3.0,0.0,0.0,0.0,1.0,1.0,1.0,0.0,1001.0,1001.0,inf,7000.0,inf,6.993006993006993,0.0,7000.0,hyperplane_gauss,20000,20,0.5,0.0,3,real,gradual,2000,0.2,1.0,False,medium,slow,real/gradual/K=3/medium/slow/global/balanced/clean,0.0657368421052631,-0.0
scn-4425232de90f,2027,ADWIN,0.8843157894736842,0.04164261000005354,6,3.0,6.0,2.0,1.0,0.0,4.0,0.3333333333333333,0.6666666666666666,0.4444444444444444,0.33333333333333337,1741.5,1741.5,inf,1000.0,inf,0.38281175232079623,0.0,1000.0,hyperplane_gauss,20000,20,0.5,0.0,3,real,gradual,4000,0.2,1.0,False,medium,slow,real/gradual/K=3/medium/slow/global/balanced/clean,0.024631578947368338,0.03257894736842115
scn-4425232de90f,2027,KSWIN,0.8596842105263158,4.005401791000168,0,3.0,0.0,0.0,3.0,0.0,0.0,,0.0,0.0,1.0,,,inf,1000.0,,,0.0,1000.0,hyperplane_gauss,20000,20,0.5,0.0,3,real,gradual,4000,0.2,1.0,False,medium,slow,real/gradual/K=3/medium/slow/global/balanced/clean,0.0,0.05721052631578949
scn-4425232de90f,2027,PageHinkley,0.8543684210526316,0.06557655200003865,21,3.0,21.0,3.0,0.0,2.0,16.0,0.14285714285714285,1.0,0.25,0.0,1475.0,1086.0,500.0,500.0,0.3389830508474576,0.3389830508474576,2.0,1000.0,hyperplane_gauss,20000,20,0.5,0.0,3,real,gradual,4000,0.2,1.0,False,medium,slow,real/gradual/K=3/medium/slow/global/balanced/clean,-0.005315789473684274,0.06252631578947376
scn-4425232de90f,2027,PageHinkley-up,0.9166315789473685,0.03726517599989165,3,3.0,3.0,3.0,0.0,0.0,0.0,1.0,1.0,1.0,0.0,2450.0,2464.0,inf,1000.0,inf,0.40816326530612246,0.0,1000.0,hyperplane_gauss,20000,20,0.5,0.0,3,real,gradual,4000,0.2,1.0,False,medium,slow,real/gradual/K=3/medium/slow/global/balanced/clean,0.056947368421052635,0.000263157894736854
scn-4425232de90f,2027,DDM,0.8996842105263158,0.03761369499989087,3,3.0,3.0,2.0,1.0,1.0,0.0,0.6666666666666666,0.6666666666666666,0.6666666666666666,0.33333333333333337,3004.5,3004.5,1000.0,1000.0,0.2218893881400122,0.2218893881400122,1.0,1000.0,hyperplane_gauss,20000,20,0.5,0.0,3,real,gradual,4000,0.2,1.0,False,medium,slow,real/gradual/K=3/medium/slow/global/balanced/clean,0.039999999999999925,0.017210526315789565
scn-4425232de90f,2027,EDDM,0.8968421052631579,0.034739038000225264,4,3.0,4.0,3.0,0.0,0.0,1.0,0.75,1.0,0.8571428571428571,0.0,2471.0,2748.0,inf,1000.0,inf,0.4046944556859571,0.0,1000.0,hyperplane_gauss,20000,20,0.5,0.0,3,real,gradual,4000,0.2,1.0,False,medium,slow,real/gradual/K=3/medium/slow/global/balanced/clean,0.037157894736842056,0.020052631578947433
scn-4425232de90f,2027,HDDM_A,0.8848947368421053,0.08131249799998841,1,3.0,1.0,1.0,2.0,0.0,0.0,1.0,0.3333333333333333,0.5,0.6666666666666667,5416.0,5416.0,inf,1000.0,inf,0.06154603643525356,0.0,1000.0,hyperplane_gauss,20000,20,0.5,0.0,3,real,gradual,4000,0.2,1.0,False,medium,slow,real/gradual/K=3/medium/slow/global/balanced/clean,0.02521052631578946,0.03200000000000003
scn-4425232de90f,2027,HDDM_W,0.8739473684210526,0.07815142400022523,1,3.0,1.0,1.0,2.0,0.0,0.0,1.0,0.3333333333333333,0.5,0.6666666666666667,3336.0,3336.0,inf,1000.0,inf,0.09992006394884091,0.0,1000.0,hyperplane_gauss,20000,20,0.5,0.0,3,real,gradual,4000,0.2,1.0,False,medium,slow,real/gradual/K=3/medium/slow/global/balanced/clean,0.014263157894736755,0.042947368421052734
scn-4425232de90f,2027,FHDDM,0.8797894736842106,0.03398093899977539,1,3.0,1.0,1.0,2.0,0.0,0.0,1.0,0.3333333333333333,0.5,0.6666666666666667,627.0,627.0,inf,1000.0,inf,0.5316321105794789,0.0,1000.0,hyperplane_gauss,20000,20,0.5,0.0,3,real,gradual,4000,0.2,1.0,False,medium,slow,real/gradual/K=3/medium/slow/global/balanced/clean,0.020105263157894737,0.03710526315789475
scn-4425232de90f,2027,NoDrift,0.8596842105263158,0.02553397000019686,0,3.0,0.0,0.0,3.0,0.0,0.0,,0.0,0.0,1.0,,,inf,1000.0,,,0.0,1000.0,hyperplane_gauss,20000,20,0.5,0.0,3,real,gradual,4000,0.2,1.0,False,medium,slow,real/gradual/K=3/medium/slow/global/balanced/clean,0.0,0.05721052631578949
scn-4425232de90f,2027,Periodic(2000),0.89,0.027995080999971833,9,3.0,9.0,3.0,0.0,0.0,6.0,0.3333333333333333,1.0,0.5,0.0,1500.3333333333333,1500.0,inf,1000.0,inf,0.666518551433015,0.0,1000.0,hyperplane_gauss,20000,20,0.5,0.0,3,real,gradual,4000,0.2,1.0,False,medium,slow,real/gradual/K=3/medium/slow/global/balanced/clean,0.030315789473684185,0.026894736842105305
scn-4425232de90f,2027,Oracle,0.9168947368421053,0.031896641000003,3,3.0,3.0,3.0,0.0,0.0,0.0,1.0,1.0,1.0,0.0,2001.0,2001.0,inf,1000.0,inf,0.49975012493753124,0.0,1000.0,hyperplane_gauss,20000,20,0.5,0.0,3,real,gradual,4000,0.2,1.0,False,medium,slow,real/gradual/K=3/medium/slow/global/balanced/clean,0.05721052631578949,-0.0
scn-4425232de90f,2028,ADWIN,0.8851052631578947,0.03311335499984125,2,3.0,2.0,1.0,2.0,0.0,1.0,0.5,0.3333333333333333,0.4,0.6666666666666667,3644.0,3644.0,inf,1000.0,inf,0.09147457006952066,0.0,1000.0,hyperplane_gauss,20000,20,0.5,0.0,3,real,gradual,4000,0.2,1.0,False,medium,slow,real/gradual/K=3/medium/slow/global/balanced/clean,0.0293684210526316,0.02210526315789474
scn-4425232de90f,2028,KSWIN,0.8557368421052631,4.033997886000179,0,3.0,0.0,0.0,3.0,0.0,0.0,,0.0,0.0,1.0,,,inf,1000.0,,,0.0,1000.0,hyperplane_gauss,20000,20,0.5,0.0,3,real,gradual,4000,0.2,1.0,False,medium,slow,real/gradual/K=3/medium/slow/global/balanced/clean,0.0,0.05147368421052634
scn-4425232de90f,2028,PageHinkley,0.8543157894736843,0.06307237700002588,19,3.0,19.0,3.0,0.0,0.0,16.0,0.15789473684210525,1.0,0.2727272727272727,0.0,1264.0,147.0,inf,1000.0,inf,0.7911392405063291,0.0,1000.0,hyperplane_gauss,20000,20,0.5,0.0,3,real,gradual,4000,0.2,1.0,False,medium,slow,real/gradual/K=3/medium/slow/global/balanced/clean,-0.0014210526315788785,0.05289473684210522
scn-4425232de90f,2028,PageHinkley-up,0.9087894736842105,0.03986602600025435,3,3.0,3.0,3.0,0.0,0.0,0.0,1.0,1.0,1.0,0.0,2677.6666666666665,2255.0,inf,1000.0,inf,0.37345947964645837,0.0,1000.0,hyperplane_gauss,20000,20,0.5,0.0,3,real,gradual,4000,0.2,1.0,False,medium,slow,real/gradual/K=3/medium/slow/global/balanced/clean,0.05305263157894735,-0.0015789473684210131
scn-4425232de90f,2028,DDM,0.9095263157894737,0.03891580800018346,3,3.0,3.0,3.0,0.0,0.0,0.0,1.0,1.0,1.0,0.0,2708.0,2929.0,inf,1000.0,inf,0.36927621861152143,0.0,1000.0,hyperplane_gauss,20000,20,0.5,0.0,3,real,gradual,4000,0.2,1.0,False,medium,slow,real/gradual/K=3/medium/slow/global/balanced/clean,0.05378947368421061,-0.002315789473684271
scn-4425232de90f,2028,EDDM,0.8911052631578947,0.03376901300043755,3,3.0,3.0,3.0,0.0,0.0,0.0,1.0,1.0,1.0,0.0,2841.0,3223.0,inf,1000.0,inf,0.3519887363604365,0.0,1000.0,hyperplane_gauss,20000,20,0.5,0.0,3,real,gradual,4000,0.2,1.0,False,medium,slow,real/gradual/K=3/medium/slow/global/balanced/clean,0.035368421052631605,0.016105263157894734
scn-4425232de90f,2028,HDDM_A,0.8830526315789474,0.08276285600004485,1,3.0,1.0,1.0,2.0,0.0,0.0,1.0,0.3333333333333333,0.5,0.6666666666666667,4240.0,4240.0,inf,1000.0,inf,0.07861635220125784,0.0,1000.0,hyperplane_gauss,20000,20,0.5,0.0,3,real,gradual,4000,0.2,1.0,False,medium,slow,real/gradual/K=3/medium/slow/global/balanced/clean,0.027315789473684293,0.024157894736842045
scn-4425232de90f,2028,HDDM_W,0.8636315789473684,0.08175532799987195,1,3.0,1.0,1.0,2.0,0.0,0.0,1.0,0.3333333333333333,0.5,0.6666666666666667,4363.0,4363.0,inf,1000.0,inf,0.0764000305600122,0.0,1000.0,hyperplane_gauss,20000,20,0.5,0.0,3,real,gradual,4000,0.2,1.0,False,medium,slow,real/gradual/K=3/medium/slow/global/balanced/clean,0.007894736842105288,0.04357894736842105
scn-4425232de90f,2028,FHDDM,0.875578947368421,0.03500943700009884,1,3.0,1.0,1.0,2.0,0.0,0.0,1.0,0.3333333333333333,0.5,0.6666666666666667,2682.0,2682.0,inf,1000.0,inf,0.12428535918468801,0.0,1000.0,hyperplane_gauss,20000,20,0.5,0.0,3,real,gradual,4000,0.2,1.0,False,medium,slow,real/gradual/K=3/medium/slow/global/balanced/clean,0.019842105263157883,0.031631578947368455
scn-4425232de90f,2028,NoDrift,0.8557368421052631,0.027233395000166638,0,3.0,0.0,0.0,3.0,0.0,0.0,,0.0,0.0,1.0,,,inf,1000.0,,,0.0,1000.0,hyperplane_gauss,20000,20,0.5,0.0,3,real,gradual,4000,0.2,1.0,False,medium,slow,real/gradual/K=3/medium/slow/global/balanced/clean,0.0,0.05147368421052634
scn-4425232de90f,2028,Periodic(2000),0.8837368421052632,0.02759065100008229,9,3.0,9.0,3.0,0.0,0.0,6.0,0.3333333333333333,1.0,0.5,0.0,1500.3333333333333,1500.0,inf,1000.0,inf,0.666518551433015,0.0,1000.0,hyperplane_gauss,20000,20,0.5,0.0,3,real,gradual,4000,0.2,1.0,False,medium,slow,real/gradual/K=3/medium/slow/global/balanced/clean,0.028000000000000025,0.023473684210526313
scn-4425232de90f,2028,Oracle,0.9072105263157895,0.031156759999703354,3,3.0,3.0,3.0,0.0,0.0,0.0,1.0,1.0,1.0,0.0,2001.0,2001.0,inf,1000.0,inf,0.49975012493753124,0.0,1000.0,hyperplane_gauss,20000,20,0.5,0.0,3,real,gradual,4000,0.2,1.0,False,medium,slow,real/gradual/K=3/medium/slow/global/balanced/clean,0.05147368421052634,-0.0
scn-4425232de90f,2029,ADWIN,0.8783684210526316,0.03950619599982019,8,3.0,8.0,2.0,1.0,1.0,5.0,0.25,0.6666666666666666,0.36363636363636365,0.33333333333333337,1965.5,1965.5,1000.0,1000.0,0.33918426185025013,0.33918426185025013,1.0,1000.0,hyperplane_gauss,20000,20,0.5,0.0,3,real,gradual,4000,0.2,1.0,False,medium,slow,real/gradual/K=3/medium/slow/global/balanced/clean,0.01726315789473687,0.03268421052631576
scn-4425232de90f,2029,KSWIN,0.8611052631578947,4.040159907000088,0,3.0,0.0,0.0,3.0,0.0,0.0,,0.0,0.0,1.0,,,inf,1000.0,,,0.0,1000.0,hyperplane_gauss,20000,20,0.5,0.0,3,real,gradual,4000,0.2,1.0,False,medium,slow,real/gradual/K=3/medium/slow/global/balanced/clean,0.0,0.04994736842105263
scn-4425232de90f,2029,PageHinkley,0.8523157894736842,0.06922877999977572,22,3.0,22.0,3.0,0.0,1.0,18.0,0.13636363636363635,1.0,0.24000000000000002,0.0,1292.0,537.0,1000.0,1000.0,0.7739938080495357,0.7739938080495357,1.0,1000.0,hyperplane_gauss,20000,20,0.5,0.0,3,real,gradual,4000,0.2,1.0,False,medium,slow,real/gradual/K=3/medium/slow/global/balanced/clean,-0.008789473684210458,0.05873684210526309
scn-4425232de90f,2029,PageHinkley-up,0.9103157894736842,0.039799958000003244,3,3.0,3.0,3.0,0.0,0.0,0.0,1.0,1.0,1.0,0.0,2620.3333333333335,2477.0,inf,1000.0,inf,0.38163083577153034,0.0,1000.0,hyperplane_gauss,20000,20,0.5,0.0,3,real,gradual,4000,0.2,1.0,False,medium,slow,real/gradual/K=3/medium/slow/global/balanced/clean,0.04921052631578948,0.0007368421052631469
scn-4425232de90f,2029,DDM,0.9152105263157895,0.03971086000001378,3,3.0,3.0,3.0,0.0,0.0,0.0,1.0,1.0,1.0,0.0,2459.0,2576.0,inf,1000.0,inf,0.406669377795852,0.0,1000.0,hyperplane_gauss,20000,20,0.5,0.0,3,real,gradual,4000,0.2,1.0,False,medium,slow,real/gradual/K=3/medium/slow/global/balanced/clean,0.05410526315789477,-0.004157894736842138
scn-4425232de90f,2029,EDDM,0.8941578947368422,0.0378528319997713,5,3.0,5.0,3.0,0.0,0.0,2.0,0.6,1.0,0.7499999999999999,0.0,2338.6666666666665,2422.0,inf,1000.0,inf,0.42759407069555305,0.0,1000.0,hyperplane_gauss,20000,20,0.5,0.0,3,real,gradual,4000,0.2,1.0,False,medium,slow,real/gradual/K=3/medium/slow/global/balanced/clean,0.033052631578947445,0.016894736842105185
scn-4425232de90f,2029,HDDM_A,0.8816315789473684,0.08668714599980376,1,3.0,1.0,1.0,2.0,0.0,0.0,1.0,0.3333333333333333,0.5,0.6666666666666667,5364.0,5364.0,inf,1000.0,inf,0.062142679592344006,0.0,1000.0,hyperplane_gauss,20000,20,0.5,0.0,3,real,gradual,4000,0.2,1.0,False,medium,slow,real/gradual/K=3/medium/slow/global/balanced/clean,0.020526315789473726,0.029421052631578903
scn-4425232de90f,2029,HDDM_W,0.8611052631578947,0.07549888800031113,0,3.0,0.0,0.0,3.0,0.0,0.0,,0.0,0.0,1.0,,,inf,1000.0,,,0.0,1000.0,hyperplane_gauss,20000,20,0.5,0.0,3,real,gradual,4000,0.2,1.0,False,medium,slow,real/gradual/K=3/medium/slow/global/balanced/clean,0.0,0.04994736842105263
scn-4425232de90f,2029,FHDDM,0.8611052631578947,0.03147052100030123,0,3.0,0.0,0.0,3.0,0.0,0.0,,0.0,0.0,1.0,,,inf,1000.0,,,0.0,1000.0,hyperplane_gauss,20000,20,0.5,0.0,3,real,gradual,4000,0.2,1.0,False,medium,slow,real/gradual/K=3/medium/slow/global/balanced/clean,0.0,0.04994736842105263
scn-4425232de90f,2029,NoDrift,0.8611052631578947,0.025512732000152027,0,3.0,0.0,0.0,3.0,0.0,0.0,,0.0,0.0,1.0,,,inf,1000.0,,,0.0,1000.0,hyperplane_gauss,20000,20,0.5,0.0,3,real,gradual,4000,0.2,1.0,False,medium,slow,real/gradual/K=3/medium/slow/global/balanced/clean,0.0,0.04994736842105263
scn-4425232de90f,2029,Periodic(2000),0.8848947368421053,0.0279786559999593,9,3.0,9.0,3.0,0.0,0.0,6.0,0.3333333333333333,1.0,0.5,0.0,1500.3333333333333,1500.0,inf,1000.0,inf,0.666518551433015,0.0,1000.0,hyperplane_gauss,20000,20,0.5,0.0,3,real,gradual,4000,0.2,1.0,False,medium,slow,real/gradual/K=3/medium/slow/global/balanced/clean,0.023789473684210583,0.026157894736842047
scn-4425232de90f,2029,Oracle,0.9110526315789473,0.03198611499965409,3,3.0,3.0,3.0,0.0,0.0,0.0,1.0,1.0,1.0,0.0,2001.0,2001.0,inf,1000.0,inf,0.49975012493753124,0.0,1000.0,hyperplane_gauss,20000,20,0.5,0.0,3,real,gradual,4000,0.2,1.0,False,medium,slow,real/gradual/K=3/medium/slow/global/balanced/clean,0.04994736842105263,-0.0
scn-927ce5d4ecc5,2027,ADWIN,0.8702105263157894,0.048319722000087495,17,3.0,17.0,3.0,0.0,10.0,4.0,0.17647058823529413,1.0,0.3,0.0,499.6666666666667,129.0,1270.0,1270.0,2.541694462975317,2.541694462975317,0.7874015748031497,12700.0,hyperplane_gauss,20000,20,0.5,0.0,3,real,gradual,100,0.4,1.0,False,high,fast,real/gradual/K=3/high/fast/global/balanced/clean,0.14305263157894732,0.06957894736842107
scn-927ce5d4ecc5,2027,KSWIN,0.737,5.0661124350003774,1,3.0,1.0,0.0,3.0,1.0,0.0,0.0,0.0,0.0,1.0,,,12700.0,12700.0,,,0.07874015748031496,12700.0,hyperplane_gauss,20000,20,0.5,0.0,3,real,gradual,100,0.4,1.0,False,high,fast,real/gradual/K=3/high/fast/global/balanced/clean,0.009842105263157874,0.20278947368421052
scn-927ce5d4ecc5,2027,PageHinkley,0.8503157894736842,0.085255275000236,24,3.0,24.0,3.0,0.0,16.0,5.0,0.125,1.0,0.2222222222222222,0.0,530.3333333333334,417.0,793.75,793.75,1.4967001885606537,1.4967001885606537,1.2598425196850394,12700.0,hyperplane_gauss,20000,20,0.5,0.0,3,real,gradual,100,0.4,1.0,False,high,fast,real/gradual/K=3/high/fast/global/balanced/clean,0.12315789473684213,0.08947368421052626
scn-927ce5d4ecc5,2027,PageHinkley-up,0.9343684210526316,0.047584233000179665,3,3.0,3.0,3.0,0.0,0.0,0.0,1.0,1.0,1.0,0.0,169.33333333333334,171.0,inf,12700.0,inf,75.0,0.0,12700.0,hyperplane_gauss,20000,20,0.5,0.0,3,real,gradual,100,0.4,1.0,False,high,fast,real/gradual/K=3/high/fast/global/balanced/clean,0.2072105263157895,0.005421052631578882
scn-927ce5d4ecc5,2027,DDM,0.9313684210526316,0.051524058999802946,4,3.0,4.0,3.0,0.0,1.0,0.0,0.75,1.0,0.8571428571428571,0.0,125.0,124.0,12700.0,12700.0,101.6,101.6,0.07874015748031496,12700.0,hyperplane_gauss,20000,20,0.5,0.0,3,real,gradual,100,0.4,1.0,False,high,fast,real/gradual/K=3/high/fast/global/balanced/clean,0.2042105263157895,0.008421052631578885
scn-927ce5d4ecc5,2027,EDDM,0.9256842105263158,0.04203709400007938,4,3.0,4.0,3.0,0.0,1.0,0.0,0.75,1.0,0.8571428571428571,0.0,217.66666666666666,234.0,12700.0,12700.0,58.34609494640123,58.34609494640123,0.07874015748031496,12700.0,hyperplane_gauss,20000,20,0.5,0.0,3,real,gradual,100,0.4,1.0,False,high,fast,real/gradual/K=3/high/fast/global/balanced/clean,0.19852631578947366,0.014105263157894732
scn-927ce5d4ecc5,2027,HDDM_A,0.9381052631578948,0.1877514129996598,3,3.0,3.0,3.0,0.0,0.0,0.0,1.0,1.0,1.0,0.0,92.66666666666667,83.0,inf,12700.0,inf,137.0503597122302,0.0,12700.0,hyperplane_gauss,20000,20,0.5,0.0,3,real,gradual,100,0.4,1.0,False,high,fast,real/gradual/K=3/high/fast/global/balanced/clean,0.21094736842105266,0.0016842105263157325
scn-927ce5d4ecc5,2027,HDDM_W,0.9385789473684211,0.10331537100000787,3,3.0,3.0,3.0,0.0,0.0,0.0,1.0,1.0,1.0,0.0,89.33333333333333,90.0,inf,12700.0,inf,142.16417910447763,0.0,12700.0,hyperplane_gauss,20000,20,0.5,0.0,3,real,gradual,100,0.4,1.0,False,high,fast,real/gradual/K=3/high/fast/global/balanced/clean,0.21142105263157895,0.0012105263157894397
scn-927ce5d4ecc5,2027,FHDDM,0.9386842105263158,0.04490317899990259,3,3.0,3.0,3.0,0.0,0.0,0.0,1.0,1.0,1.0,0.0,96.0,96.0,inf,12700.0,inf,132.29166666666666,0.0,12700.0,hyperplane_gauss,20000,20,0.5,0.0,3,real,gradual,100,0.4,1.0,False,high,fast,real/gradual/K=3/high/fast/global/balanced/clean,0.21152631578947367,0.0011052631578947203
scn-927ce5d4ecc5,2027,NoDrift,0.7271578947368421,0.03070611600014672,0,3.0,0.0,0.0,3.0,0.0,0.0,,0.0,0.0,1.0,,,inf,12700.0,,,0.0,12700.0,hyperplane_gauss,20000,20,0.5,0.0,3,real,gradual,100,0.4,1.0,False,high,fast,real/gradual/K=3/high/fast/global/balanced/clean,0.0,0.2126315789473684
scn-927ce5d4ecc5,2027,Periodic(2000),0.8824736842105263,0.03827713300006508,9,3.0,9.0,3.0,0.0,6.0,0.0,0.3333333333333333,1.0,0.5,0.0,1550.3333333333333,1550.0,2116.6666666666665,2116.6666666666665,1.3652977854224897,1.3652977854224897,0.47244094488188976,12700.0,hyperplane_gauss,20000,20,0.5,0.0,3,real,gradual,100,0.4,1.0,False,high,fast,real/gradual/K=3/high/fast/global/balanced/clean,0.15531578947368418,0.05731578947368421
scn-927ce5d4ecc5,2027,Oracle,0.9397894736842105,0.038468496999939816,3,3.0,3.0,3.0,0.0,0.0,0.0,1.0,1.0,1.0,0.0,51.0,51.0,inf,12700.0,inf,249.01960784313727,0.0,12700.0,hyperplane_gauss,20000,20,0.5,0.0,3,real,gradual,100,0.4,1.0,False,high,fast,real/gradual/K=3/high/fast/global/balanced/clean,0.2126315789473684,-0.0
scn-927ce5d4ecc5,2028,ADWIN,0.8719473684210526,0.05238539199990555,18,3.0,18.0,3.0,0.0,9.0,6.0,0.16666666666666666,1.0,0.2857142857142857,0.0,158.33333333333334,129.0,1411.111111111111,1411.111111111111,8.912280701754385,8.912280701754385,0.7086614173228346,12700.0,hyperplane_gauss,20000,20,0.5,0.0,3,real,gradual,100,0.4,1.0,False,high,fast,real/gradual/K=3/high/fast/global/balanced/clean,0.14710526315789474,0.06468421052631579
scn-927ce5d4ecc5,2028,KSWIN,0.7853684210526316,5.4072134480002205,1,3.0,1.0,0.0,3.0,1.0,0.0,0.0,0.0,0.0,1.0,,,12700.0,12700.0,,,0.07874015748031496,12700.0,hyperplane_gauss,20000,20,0.5,0.0,3,real,gradual,100,0.4,1.0,False,high,fast,real/gradual/K=3/high/fast/global/balanced/clean,0.06052631578947376,0.15126315789473677
scn-927ce5d4ecc5,2028,PageHinkley,0.8466315789473684,0.0875149219996274,24,3.0,24.0,3.0,0.0,16.0,5.0,0.125,1.0,0.2222222222222222,0.0,775.3333333333334,869.0,793.75,793.75,1.0237532244196044,1.0237532244196044,1.2598425196850394,12700.0,hyperplane_gauss,20000,20,0.5,0.0,3,real,gradual,100,0.4,1.0,False,high,fast,real/gradual/K=3/high/fast/global/balanced/clean,0.12178947368421056,0.08999999999999997
scn-927ce5d4ecc5,2028,PageHinkley-up,0.9333684210526316,0.047590824000053544,3,3.0,3.0,3.0,0.0,0.0,0.0,1.0,1.0,1.0,0.0,199.33333333333334,208.0,inf,12700.0,inf,63.7123745819398,0.0,12700.0,hyperplane_gauss,20000,20,0.5,0.0,3,real,gradual,100,0.4,1.0,False,high,fast,real/gradual/K=3/high/fast/global/balanced/clean,0.20852631578947378,0.0032631578947367457
scn-927ce5d4ecc5,2028,DDM,0.9347368421052632,0.049613821000093594,3,3.0,3.0,3.0,0.0,0.0,0.0,1.0,1.0,1.0,0.0,155.0,168.0,inf,12700.0,inf,81.93548387096774,0.0,12700.0,hyperplane_gauss,20000,20,0.5,0.0,3,real,gradual,100,0.4,1.0,False,high,fast,real/gradual/K=3/high/fast/global/balanced/clean,0.20989473684210536,0.0018947368421051713
scn-927ce5d4ecc5,2028,EDDM,0.9278947368421052,0.048808523999923636,5,3.0,5.0,3.0,0.0,0.0,2.0,0.6,1.0,0.7499999999999999,0.0,233.0,272.0,inf,12700.0,inf,54.506437768240346,0.0,12700.0,hyperplane_gauss,20000,20,0.5,0.0,3,real,gradual,100,0.4,1.0,False,high,fast,real/gradual/K=3/high/fast/global/balanced/clean,0.20305263157894737,0.008736842105263154
scn-927ce5d4ecc5,2028,HDDM_A,0.9358947368421052,0.18698050900002272,3,3.0,3.0,3.0,0.0,0.0,0.0,1.0,1.0,1.0,0.0,123.66666666666667,122.0,inf,12700.0,inf,102.69541778975741,0.0,12700.0,hyperplane_gauss,20000,20,0.5,0.0,3,real,gradual,100,0.4,1.0,False,high,fast,real/gradual/K=3/high/fast/global/balanced/clean,0.21105263157894738,0.0007368421052631469
scn-927ce5d4ecc5,2028,HDDM_W,0.9359473684210526,0.10410823199981678,3,3.0,3.0,3.0,0.0,0.0,0.0,1.0,1.0,1.0,0.0,129.66666666666666,124.0,inf,12700.0,inf,97.94344473007713,0.0,12700.0,hyperplane_gauss,20000,20,0.5,0.0,3,real,gradual,100,0.4,1.0,False,high,fast,real/gradual/K=3/high/fast/global/balanced/clean,0.2111052631578948,0.0006842105263157316
scn-927ce5d4ecc5,2028,FHDDM,0.9356842105263158,0.044867440999951214,3,3.0,3.0,3.0,0.0,0.0,0.0,1.0,1.0,1.0,0.0,130.66666666666666,123.0,inf,12700.0,inf,97.19387755102042,0.0,12700.0,hyperplane_gauss,20000,20,0.5,0.0,3,real,gradual,100,0.4,1.0,False,high,fast,real/gradual/K=3/high/fast/global/balanced/clean,0.21084210526315794,0.0009473684210525857
scn-927ce5d4ecc5,2028,NoDrift,0.7248421052631578,0.031068433999735134,0,3.0,0.0,0.0,3.0,0.0,0.0,,0.0,0.0,1.0,,,inf,12700.0,,,0.0,12700.0,hyperplane_gauss,20000,20,0.5,0.0,3,real,gradual,100,0.4,1.0,False,high,fast,real/gradual/K=3/high/fast/global/balanced/clean,0.0,0.21178947368421053
scn-927ce5d4ecc5,2028,Periodic(2000),0.880421052631579,0.03384793899977012,9,3.0,9.0,3.0,0.0,6.0,0.0,0.3333333333333333,1.0,0.5,0.0,1550.3333333333333,1550.0,2116.6666666666665,2116.6666666666665,1.3652977854224897,1.3652977854224897,0.47244094488188976,12700.0,hyperplane_gauss,20000,20,0.5,0.0,3,real,gradual,100,0.4,1.0,False,high,fast,real/gradual/K=3/high/fast/global/balanced/clean,0.15557894736842115,0.05621052631578938
scn-927ce5d4ecc5,2028,Oracle,0.9366315789473684,0.0386037349999242,3,3.0,3.0,3.0,0.0,0.0,0.0,1.0,1.0,1.0,0.0,51.0,51.0,inf,12700.0,inf,249.01960784313727,0.0,12700.0,hyperplane_gauss,20000,20,0.5,0.0,3,real,gradual,100,0.4,1.0,False,high,fast,real/gradual/K=3/high/fast/global/balanced/clean,0.21178947368421053,-0.0
scn-927ce5d4ecc5,2029,ADWIN,0.8721052631578947,0.049979619000168896,17,3.0,17.0,3.0,0.0,11.0,3.0,0.17647058823529413,1.0,0.3,0.0,147.66666666666666,158.0,1154.5454545454545,1154.5454545454545,7.818592242971476,7.818592242971476,0.8661417322834646,12700.0,hyperplane_gauss,20000,20,0.5,0.0,3,real,gradual,100,0.4,1.0,False,high,fast,real/gradual/K=3/high/fast/global/balanced/clean,0.14157894736842103,0.06268421052631579
scn-927ce5d4ecc5,2029,KSWIN,0.7736842105263158,5.371020859000055,1,3.0,1.0,1.0,2.0,0.0,0.0,1.0,0.3333333333333333,0.5,0.6666666666666667,1224.0,1224.0,inf,12700.0,inf,3.458605664488017,0.0,12700.0,hyperplane_gauss,20000,20,0.5,0.0,3,real,gradual,100,0.4,1.0,False,high,fast,real/gradual/K=3/high/fast/global/balanced/clean,0.04315789473684206,0.16110526315789475
scn-927ce5d4ecc5,2029,PageHinkley,0.8432105263157895,0.0865255150001758,24,3.0,24.0,3.0,0.0,15.0,6.0,0.125,1.0,0.2222222222222222,0.0,643.6666666666666,722.0,846.6666666666666,846.6666666666666,1.3153806317969965,1.3153806317969965,1.1811023622047243,12700.0,hyperplane_gauss,20000,20,0.5,0.0,3,real,gradual,100,0.4,1.0,False,high,fast,real/gradual/K=3/high/fast/global/balanced/clean,0.11268421052631583,0.09157894736842098
scn-927ce5d4ecc5,2029,PageHinkley-up,0.9293684210526316,0.04702986399979636,3,3.0,3.0,3.0,0.0,0.0,0.0,1.0,1.0,1.0,0.0,183.66666666666666,177.0,inf,12700.0,inf,69.1470054446461,0.0,12700.0,hyperplane_gauss,20000,20,0.5,0.0,3,real,gradual,100,0.4,1.0,False,high,fast,real/gradual/K=3/high/fast/global/balanced/clean,0.19884210526315793,0.005421052631578882
scn-927ce5d4ecc5,2029,DDM,0.9316315789473684,0.047059446000275784,3,3.0,3.0,3.0,0.0,0.0,0.0,1.0,1.0,1.0,0.0,148.66666666666666,156.0,inf,12700.0,inf,85.42600896860986,0.0,12700.0,hyperplane_gauss,20000,20,0.5,0.0,3,real,gradual,100,0.4,1.0,False,high,fast,real/gradual/K=3/high/fast/global/balanced/clean,0.20110526315789468,0.0031578947368421373
scn-927ce5d4ecc5,2029,EDDM,0.9117368421052632,0.0623752900000909,11,3.0,11.0,3.0,0.0,6.0,2.0,0.2727272727272727,1.0,0.42857142857142855,0.0,224.0,256.0,2116.6666666666665,2116.6666666666665,9.449404761904761,9.449404761904761,0.47244094488188976,12700.0,hyperplane_gauss,20000,20,0.5,0.0,3,real,gradual,100,0.4,1.0,False,high,fast,real/gradual/K=3/high/fast/global/balanced/clean,0.1812105263157895,0.023052631578947325
scn-927ce5d4ecc5,2029,HDDM_A,0.9336842105263158,0.1827439889998459,3,3.0,3.0,3.0,0.0,0.0,0.0,1.0,1.0,1.0,0.0,113.66666666666667,113.0,inf,12700.0,inf,111.73020527859236,0.0,12700.0,hyperplane_gauss,20000,20,0.5,0.0,3,real,gradual,100,0.4,1.0,False,high,fast,real/gradual/K=3/high/fast/global/balanced/clean,0.2031578947368421,0.0011052631578947203
scn-927ce5d4ecc5,2029,HDDM_W,0.9334736842105263,0.10355722400026934,3,3.0,3.0,3.0,0.0,0.0,0.0,1.0,1.0,1.0,0.0,123.33333333333333,132.0,inf,12700.0,inf,102.97297297297298,0.0,12700.0,hyperplane_gauss,20000,20,0.5,0.0,3,real,gradual,100,0.4,1.0,False,high,fast,real/gradual/K=3/high/fast/global/balanced/clean,0.20294736842105265,0.001315789473684159
scn-927ce5d4ecc5,2029,FHDDM,0.9338947368421052,0.04456172899972444,3,3.0,3.0,3.0,0.0,0.0,0.0,1.0,1.0,1.0,0.0,118.33333333333333,117.0,inf,12700.0,inf,107.32394366197184,0.0,12700.0,hyperplane_gauss,20000,20,0.5,0.0,3,real,gradual,100,0.4,1.0,False,high,fast,real/gradual/K=3/high/fast/global/balanced/clean,0.20336842105263153,0.0008947368421052815
scn-927ce5d4ecc5,2029,NoDrift,0.7305263157894737,0.03030769799988775,0,3.0,0.0,0.0,3.0,0.0,0.0,,0.0,0.0,1.0,,,inf,12700.0,,,0.0,12700.0,hyperplane_gauss,20000,20,0.5,0.0,3,real,gradual,100,0.4,1.0,False,high,fast,real/gradual/K=3/high/fast/global/balanced/clean,0.0,0.2042631578947368
scn-927ce5d4ecc5,2029,Periodic(2000),0.8777368421052631,0.03372130500019921,9,3.0,9.0,3.0,0.0,6.0,0.0,0.3333333333333333,1.0,0.5,0.0,1550.3333333333333,1550.0,2116.6666666666665,2116.6666666666665,1.3652977854224897,1.3652977854224897,0.47244094488188976,12700.0,hyperplane_gauss,20000,20,0.5,0.0,3,real,gradual,100,0.4,1.0,False,high,fast,real/gradual/K=3/high/fast/global/balanced/clean,0.14721052631578946,0.057052631578947355
scn-927ce5d4ecc5,2029,Oracle,0.9347894736842105,0.03722640399973898,3,3.0,3.0,3.0,0.0,0.0,0.0,1.0,1.0,1.0,0.0,51.0,51.0,inf,12700.0,inf,249.01960784313727,0.0,12700.0,hyperplane_gauss,20000,20,0.5,0.0,3,real,gradual,100,0.4,1.0,False,high,fast,real/gradual/K=3/high/fast/global/balanced/clean,0.2042631578947368,-0.0
scn-9275518c17ae,2027,ADWIN,0.8661578947368421,0.055606816000363324,17,3.0,17.0,3.0,0.0,10.0,4.0,0.17647058823529413,1.0,0.3,0.0,1023.0,1335.0,1180.0,1180.0,1.1534701857282503,1.1534701857282503,0.847457627118644,11800.0,hyperplane_gauss,20000,20,0.5,0.0,3,real,gradual,400,0.4,1.0,False,high,fast,real/gradual/K=3/high/fast/global/balanced/clean,0.13863157894736844,0.06894736842105265
scn-9275518c17ae,2027,KSWIN,0.7373684210526316,5.456789785000183,1,3.0,1.0,0.0,3.0,1.0,0.0,0.0,0.0,0.0,1.0,,,11800.0,11800.0,,,0.0847457627118644,11800.0,hyperplane_gauss,20000,20,0.5,0.0,3,real,gradual,400,0.4,1.0,False,high,fast,real/gradual/K=3/high/fast/global/balanced/clean,0.009842105263157874,0.1977368421052632
scn-9275518c17ae,2027,PageHinkley,0.8572105263157894,0.08846504299981461,24,3.0,24.0,3.0,0.0,15.0,6.0,0.125,1.0,0.2222222222222222,0.0,547.6666666666666,509.0,786.6666666666666,786.6666666666666,1.4363968350578211,1.4363968350578211,1.271186440677966,11800.0,hyperplane_gauss,20000,20,0.5,0.0,3,real,gradual,400,0.4,1.0,False,high,fast,real/gradual/K=3/high/fast/global/balanced/clean,0.12968421052631574,0.07789473684210535
scn-9275518c17ae,2027,PageHinkley-up,0.9326315789473684,0.048004499999933614,3,3.0,3.0,3.0,0.0,0.0,0.0,1.0,1.0,1.0,0.0,322.0,317.0,inf,11800.0,inf,36.64596273291925,0.0,11800.0,hyperplane_gauss,20000,20,0.5,0.0,3,real,gradual,400,0.4,1.0,False,high,fast,real/gradual/K=3/high/fast/global/balanced/clean,0.20510526315789468,0.0024736842105264056
scn-9275518c17ae,2027,DDM,0.9285789473684211,0.05126991099996303,4,3.0,4.0,3.0,0.0,1.0,0.0,0.75,1.0,0.8571428571428571,0.0,277.0,276.0,11800.0,11800.0,42.59927797833935,42.59927797833935,0.0847457627118644,11800.0,hyperplane_gauss,20000,20,0.5,0.0,3,real,gradual,400,0.4,1.0,False,high,fast,real/gradual/K=3/high/fast/global/balanced/clean,0.20105263157894737,0.006526315789473713
scn-9275518c17ae,2027,EDDM,0.9255789473684211,0.04599097600021196,6,3.0,6.0,3.0,0.0,1.0,2.0,0.5,1.0,0.6666666666666666,0.0,342.3333333333333,378.0,11800.0,11800.0,34.469328140214216,34.469328140214216,0.0847457627118644,11800.0,hyperplane_gauss,20000,20,0.5,0.0,3,real,gradual,400,0.4,1.0,False,high,fast,real/gradual/K=3/high/fast/global/balanced/clean,0.19805263157894737,0.009526315789473716
scn-9275518c17ae,2027,HDDM_A,0.9338421052631579,0.18933322899965788,3,3.0,3.0,3.0,0.0,0.0,0.0,1.0,1.0,1.0,0.0,241.0,242.0,inf,11800.0,inf,48.96265560165975,0.0,11800.0,hyperplane_gauss,20000,20,0.5,0.0,3,real,gradual,400,0.4,1.0,False,high,fast,real/gradual/K=3/high/fast/global/balanced/clean,0.20631578947368423,0.001263157894736855
scn-9275518c17ae,2027,HDDM_W,0.9331578947368421,0.10642430500001865,3,3.0,3.0,3.0,0.0,0.0,0.0,1.0,1.0,1.0,0.0,330.0,331.0,inf,11800.0,inf,35.75757575757576,0.0,11800.0,hyperplane_gauss,20000,20,0.5,0.0,3,real,gradual,400,0.4,1.0,False,high,fast,real/gradual/K=3/high/fast/global/balanced/clean,0.2056315789473684,0.0019473684210526976
scn-9275518c17ae,2027,FHDDM,0.9331578947368421,0.04475468800001181,3,3.0,3.0,3.0,0.0,0.0,0.0,1.0,1.0,1.0,0.0,251.0,240.0,inf,11800.0,inf,47.01195219123506,0.0,11800.0,hyperplane_gauss,20000,20,0.5,0.0,3,real,gradual,400,0.4,1.0,False,high,fast,real/gradual/K=3/high/fast/global/balanced/clean,0.2056315789473684,0.0019473684210526976
scn-9275518c17ae,2027,NoDrift,0.7275263157894737,0.03383546800023396,0,3.0,0.0,0.0,3.0,0.0,0.0,,0.0,0.0,1.0,,,inf,11800.0,,,0.0,11800.0,hyperplane_gauss,20000,20,0.5,0.0,3,real,gradual,400,0.4,1.0,False,high,fast,real/gradual/K=3/high/fast/global/balanced/clean,0.0,0.20757894736842109
scn-9275518c17ae,2027,Periodic(2000),0.8832105263157894,0.03433161199973256,9,3.0,9.0,3.0,0.0,5.0,1.0,0.3333333333333333,1.0,0.5,0.0,1033.6666666666667,1367.0,2360.0,2360.0,2.2831344727507252,2.2831344727507252,0.423728813559322,11800.0,hyperplane_gauss,20000,20,0.5,0.0,3,real,gradual,400,0.4,1.0,False,high,fast,real/gradual/K=3/high/fast/global/balanced/clean,0.15568421052631576,0.05189473684210533
scn-9275518c17ae,2027,Oracle,0.9351052631578948,0.03909027800000331,3,3.0,3.0,3.0,0.0,0.0,0.0,1.0,1.0,1.0,0.0,201.0,201.0,inf,11800.0,inf,58.70646766169154,0.0,11800.0,hyperplane_gauss,20000,20,0.5,0.0,3,real,gradual,400,0.4,1.0,False,high,fast,real/gradual/K=3/high/fast/global/balanced/clean,0.20757894736842109,-0.0
scn-9275518c17ae,2028,ADWIN,0.8708421052631579,0.06660939099992902,19,3.0,19.0,3.0,0.0,10.0,6.0,0.15789473684210525,1.0,0.2727272727272727,0.0,319.0,311.0,1180.0,1180.0,3.699059561128527,3.699059561128527,0.847457627118644,11800.0,hyperplane_gauss,20000,20,0.5,0.0,3,real,gradual,400,0.4,1.0,False,high,fast,real/gradual/K=3/high/fast/global/balanced/clean,0.14552631578947361,0.06021052631578949
scn-9275518c17ae,2028,KSWIN,0.7856315789473685,6.096469847999742,1,3.0,1.0,0.0,3.0,1.0,0.0,0.0,0.0,0.0,1.0,,,11800.0,11800.0,,,0.0847457627118644,11800.0,hyperplane_gauss,20000,20,0.5,0.0,3,real,gradual,400,0.4,1.0,False,high,fast,real/gradual/K=3/high/fast/global/balanced/clean,0.06031578947368421,0.1454210526315789
scn-9275518c17ae,2028,PageHinkley,0.8493684210526316,0.17340523500024574,24,3.0,24.0,3.0,0.0,16.0,5.0,0.125,1.0,0.2222222222222222,0.0,752.6666666666666,467.0,737.5,737.5,0.9798494242692649,0.9798494242692649,1.3559322033898304,11800.0,hyperplane_gauss,20000,20,0.5,0.0,3,real,gradual,400,0.4,1.0,False,high,fast,real/gradual/K=3/high/fast/global/balanced/clean,0.1240526315789473,0.0816842105263158
scn-9275518c17ae,2028,PageHinkley-up,0.9329473684210526,0.0474931850003486,3,3.0,3.0,3.0,0.0,0.0,0.0,1.0,1.0,1.0,0.0,351.0,349.0,inf,11800.0,inf,33.61823361823362,0.0,11800.0,hyperplane_gauss,20000,20,0.5,0.0,3,real,gradual,400,0.4,1.0,False,high,fast,real/gradual/K=3/high/fast/global/balanced/clean,0.2076315789473684,-0.0018947368421052824
scn-9275518c17ae,2028,DDM,0.9332631578947368,0.04975820800018482,3,3.0,3.0,3.0,0.0,0.0,0.0,1.0,1.0,1.0,0.0,304.3333333333333,300.0,inf,11800.0,inf,38.773274917853236,0.0,11800.0,hyperplane_gauss,20000,20,0.5,0.0,3,real,gradual,400,0.4,1.0,False,high,fast,real/gradual/K=3/high/fast/global/balanced/clean,0.20794736842105255,-0.0022105263157894406
scn-9275518c17ae,2028,EDDM,0.9304736842105263,0.04432918000020436,3,3.0,3.0,3.0,0.0,0.0,0.0,1.0,1.0,1.0,0.0,374.3333333333333,395.0,inf,11800.0,inf,31.52270703472841,0.0,11800.0,hyperplane_gauss,20000,20,0.5,0.0,3,real,gradual,400,0.4,1.0,False,high,fast,real/gradual/K=3/high/fast/global/balanced/clean,0.2051578947368421,0.0005789473684210122
scn-9275518c17ae,2028,HDDM_A,0.9332631578947368,0.18837639799994577,3,3.0,3.0,3.0,0.0,0.0,0.0,1.0,1.0,1.0,0.0,302.0,286.0,inf,11800.0,inf,39.0728476821192,0.0,11800.0,hyperplane_gauss,20000,20,0.5,0.0,3,real,gradual,400,0.4,1.0,False,high,fast,real/gradual/K=3/high/fast/global/balanced/clean,0.20794736842105255,-0.0022105263157894406
scn-9275518c17ae,2028,HDDM_W,0.9337368421052632,0.14395222499979354,3,3.0,3.0,3.0,0.0,0.0,0.0,1.0,1.0,1.0,0.0,341.3333333333333,336.0,inf,11800.0,inf,34.5703125,0.0,11800.0,hyperplane_gauss,20000,20,0.5,0.0,3,real,gradual,400,0.4,1.0,False,high,fast,real/gradual/K=3/high/fast/global/balanced/clean,0.20842105263157895,-0.0026842105263158444
scn-9275518c17ae,2028,FHDDM,0.9329473684210526,0.05097781099993881,3,3.0,3.0,3.0,0.0,0.0,0.0,1.0,1.0,1.0,0.0,304.0,274.0,inf,11800.0,inf,38.81578947368421,0.0,11800.0,hyperplane_gauss,20000,20,0.5,0.0,3,real,gradual,400,0.4,1.0,False,high,fast,real/gradual/K=3/high/fast/global/balanced/clean,0.2076315789473684,-0.0018947368421052824
scn-9275518c17ae,2028,NoDrift,0.7253157894736842,0.031270369999674585,0,3.0,0.0,0.0,3.0,0.0,0.0,,0.0,0.0,1.0,,,inf,11800.0,,,0.0,11800.0,hyperplane_gauss,20000,20,0.5,0.0,3,real,gradual,400,0.4,1.0,False,high,fast,real/gradual/K=3/high/fast/global/balanced/clean,0.0,0.2057368421052631
scn-9275518c17ae,2028,Periodic(2000),0.8804736842105263,0.036232090999874345,9,3.0,9.0,3.0,0.0,5.0,1.0,0.3333333333333333,1.0,0.5,0.0,1033.6666666666667,1367.0,2360.0,2360.0,2.2831344727507252,2.2831344727507252,0.423728813559322,11800.0,hyperplane_gauss,20000,20,0.5,0.0,3,real,gradual,400,0.4,1.0,False,high,fast,real/gradual/K=3/high/fast/global/balanced/clean,0.15515789473684205,0.05057894736842106
scn-9275518c17ae,2028,Oracle,0.9310526315789474,0.05959443800020381,3,3.0,3.0,3.0,0.0,0.0,0.0,1.0,1.0,1.0,0.0,201.0,201.0,inf,11800.0,inf,58.70646766169154,0.0,11800.0,hyperplane_gauss,20000,20,0.5,0.0,3,real,gradual,400,0.4,1.0,False,high,fast,real/gradual/K=3/high/fast/global/balanced/clean,0.2057368421052631,-0.0
scn-9275518c17ae,2029,ADWIN,0.8627368421052631,0.0664205180000863,19,3.0,19.0,3.0,0.0,10.0,6.0,0.15789473684210525,1.0,0.2727272727272727,0.0,319.0,340.0,1180.0,1180.0,3.699059561128527,3.699059561128527,0.847457627118644,11800.0,hyperplane_gauss,20000,20,0.5,0.0,3,real,gradual,400,0.4,1.0,False,high,fast,real/gradual/K=3/high/fast/global/balanced/clean,0.13252631578947371,0.06826315789473691
scn-9275518c17ae,2029,KSWIN,0.7733684210526316,5.890547656999843,1,3.0,1.0,1.0,2.0,0.0,0.0,1.0,0.3333333333333333,0.5,0.6666666666666667,1374.0,1374.0,inf,11800.0,inf,2.8626880155264427,0.0,11800.0,hyperplane_gauss,20000,20,0.5,0.0,3,real,gradual,400,0.4,1.0,False,high,fast,real/gradual/K=3/high/fast/global/balanced/clean,0.04315789473684217,0.15763157894736846
scn-9275518c17ae,2029,PageHinkley,0.8441052631578947,0.20137620300010894,24,3.0,24.0,3.0,0.0,15.0,6.0,0.125,1.0,0.2222222222222222,0.0,686.6666666666666,833.0,786.6666666666666,786.6666666666666,1.145631067961165,1.145631067961165,1.271186440677966,11800.0,hyperplane_gauss,20000,20,0.5,0.0,3,real,gradual,400,0.4,1.0,False,high,fast,real/gradual/K=3/high/fast/global/balanced/clean,0.11389473684210527,0.08689473684210536
scn-9275518c17ae,2029,PageHinkley-up,0.9291578947368421,0.05021955900019748,3,3.0,3.0,3.0,0.0,0.0,0.0,1.0,1.0,1.0,0.0,336.3333333333333,323.0,inf,11800.0,inf,35.08424182358771,0.0,11800.0,hyperplane_gauss,20000,20,0.5,0.0,3,real,gradual,400,0.4,1.0,False,high,fast,real/gradual/K=3/high/fast/global/balanced/clean,0.19894736842105265,0.0018421052631579782
scn-9275518c17ae,2029,DDM,0.9304736842105263,0.06466102199965462,3,3.0,3.0,3.0,0.0,0.0,0.0,1.0,1.0,1.0,0.0,290.3333333333333,305.0,inf,11800.0,inf,40.64293915040184,0.0,11800.0,hyperplane_gauss,20000,20,0.5,0.0,3,real,gradual,400,0.4,1.0,False,high,fast,real/gradual/K=3/high/fast/global/balanced/clean,0.20026315789473692,0.000526315789473708
scn-9275518c17ae,2029,EDDM,0.9145263157894736,0.0615823520001868,9,3.0,9.0,3.0,0.0,6.0,0.0,0.3333333333333333,1.0,0.5,0.0,360.0,376.0,1966.6666666666667,1966.6666666666667,5.462962962962963,5.462962962962963,0.5084745762711864,11800.0,hyperplane_gauss,20000,20,0.5,0.0,3,real,gradual,400,0.4,1.0,False,high,fast,real/gradual/K=3/high/fast/global/balanced/clean,0.1843157894736842,0.016473684210526418
scn-9275518c17ae,2029,HDDM_A,0.9310526315789474,0.18622219400003814,3,3.0,3.0,3.0,0.0,0.0,0.0,1.0,1.0,1.0,0.0,289.0,283.0,inf,11800.0,inf,40.83044982698962,0.0,11800.0,hyperplane_gauss,20000,20,0.5,0.0,3,real,gradual,400,0.4,1.0,False,high,fast,real/gradual/K=3/high/fast/global/balanced/clean,0.20084210526315793,-5.263157894730419e-05
scn-9275518c17ae,2029,HDDM_W,0.9285789473684211,0.1012330500002463,3,3.0,3.0,3.0,0.0,0.0,0.0,1.0,1.0,1.0,0.0,316.0,320.0,inf,11800.0,inf,37.34177215189873,0.0,11800.0,hyperplane_gauss,20000,20,0.5,0.0,3,real,gradual,400,0.4,1.0,False,high,fast,real/gradual/K=3/high/fast/global/balanced/clean,0.19836842105263164,0.0024210526315789904
scn-9275518c17ae,2029,FHDDM,0.9295263157894736,0.03787920600007055,3,3.0,3.0,3.0,0.0,0.0,0.0,1.0,1.0,1.0,0.0,305.3333333333333,302.0,inf,11800.0,inf,38.646288209606986,0.0,11800.0,hyperplane_gauss,20000,20,0.5,0.0,3,real,gradual,400,0.4,1.0,False,high,fast,real/gradual/K=3/high/fast/global/balanced/clean,0.19931578947368422,0.0014736842105264047
scn-9275518c17ae,2029,NoDrift,0.7302105263157894,0.028716680999878008,0,3.0,0.0,0.0,3.0,0.0,0.0,,0.0,0.0,1.0,,,inf,11800.0,,,0.0,11800.0,hyperplane_gauss,20000,20,0.5,0.0,3,real,gradual,400,0.4,1.0,False,high,fast,real/gradual/K=3/high/fast/global/balanced/clean,0.0,0.20078947368421063
scn-9275518c17ae,2029,Periodic(2000),0.877,0.029703931000312878,9,3.0,9.0,3.0,0.0,5.0,1.0,0.3333333333333333,1.0,0.5,0.0,1033.6666666666667,1367.0,2360.0,2360.0,2.2831344727507252,2.2831344727507252,0.423728813559322,11800.0,hyperplane_gauss,20000,20,0.5,0.0,3,real,gradual,400,0.4,1.0,False,high,fast,real/gradual/K=3/high/fast/global/balanced/clean,0.14678947368421058,0.05400000000000005
scn-9275518c17ae,2029,Oracle,0.931,0.03583553199996459,3,3.0,3.0,3.0,0.0,0.0,0.0,1.0,1.0,1.0,0.0,201.0,201.0,inf,11800.0,inf,58.70646766169154,0.0,11800.0,hyperplane_gauss,20000,20,0.5,0.0,3,real,gradual,400,0.4,1.0,False,high,fast,real/gradual/K=3/high/fast/global/balanced/clean,0.20078947368421063,-0.0
scn-3679f16bec3a,2027,ADWIN,0.8641052631578947,0.058922169000197755,17,3.0,17.0,3.0,0.0,9.0,5.0,0.17647058823529413,1.0,0.3,0.0,768.3333333333334,382.0,1111.111111111111,1111.111111111111,1.4461315979754157,1.4461315979754157,0.9,10000.0,hyperplane_gauss,20000,20,0.5,0.0,3,real,gradual,1000,0.4,1.0,False,high,slow,real/gradual/K=3/high/slow/global/balanced/clean,0.13615789473684203,0.061000000000000054
scn-3679f16bec3a,2027,KSWIN,0.7377894736842106,6.040088316000038,1,3.0,1.0,0.0,3.0,1.0,0.0,0.0,0.0,0.0,1.0,,,10000.0,10000.0,,,0.1,10000.0,hyperplane_gauss,20000,20,0.5,0.0,3,real,gradual,1000,0.4,1.0,False,high,slow,real/gradual/K=3/high/slow/global/balanced/clean,0.009842105263157874,0.1873157894736842
scn-3679f16bec3a,2027,PageHinkley,0.845,0.19116168299979108,24,3.0,24.0,3.0,0.0,13.0,8.0,0.125,1.0,0.2222222222222222,0.0,833.3333333333334,517.0,769.2307692307693,769.2307692307693,0.9230769230769231,0.9230769230769231,1.3,10000.0,hyperplane_gauss,20000,20,0.5,0.0,3,real,gradual,1000,0.4,1.0,False,high,slow,real/gradual/K=3/high/slow/global/balanced/clean,0.1170526315789473,0.08010526315789479
scn-3679f16bec3a,2027,PageHinkley-up,0.9252105263157895,0.04910289700001158,3,3.0,3.0,3.0,0.0,0.0,0.0,1.0,1.0,1.0,0.0,525.3333333333334,518.0,inf,10000.0,inf,19.035532994923855,0.0,10000.0,hyperplane_gauss,20000,20,0.5,0.0,3,real,gradual,1000,0.4,1.0,False,high,slow,real/gradual/K=3/high/slow/global/balanced/clean,0.1972631578947368,-0.0001052631578947194
scn-3679f16bec3a,2027,DDM,0.9203684210526316,0.05487215300036041,4,3.0,4.0,3.0,0.0,1.0,0.0,0.75,1.0,0.8571428571428571,0.0,514.3333333333334,519.0,10000.0,10000.0,19.442644199611145,19.442644199611145,0.1,10000.0,hyperplane_gauss,20000,20,0.5,0.0,3,real,gradual,1000,0.4,1.0,False,high,slow,real/gradual/K=3/high/slow/global/balanced/clean,0.19242105263157894,0.00473684210526315
scn-3679f16bec3a,2027,EDDM,0.9206315789473685,0.042097974000171234,4,3.0,4.0,3.0,0.0,1.0,0.0,0.75,1.0,0.8571428571428571,0.0,594.3333333333334,661.0,10000.0,10000.0,16.825574873808186,16.825574873808186,0.1,10000.0,hyperplane_gauss,20000,20,0.5,0.0,3,real,gradual,1000,0.4,1.0,False,high,slow,real/gradual/K=3/high/slow/global/balanced/clean,0.1926842105263158,0.004473684210526296
scn-3679f16bec3a,2027,HDDM_A,0.9256315789473685,0.1685308459996122,3,3.0,3.0,3.0,0.0,0.0,0.0,1.0,1.0,1.0,0.0,493.6666666666667,501.0,inf,10000.0,inf,20.25658338960162,0.0,10000.0,hyperplane_gauss,20000,20,0.5,0.0,3,real,gradual,1000,0.4,1.0,False,high,slow,real/gradual/K=3/high/slow/global/balanced/clean,0.1976842105263158,-0.000526315789473708
scn-3679f16bec3a,2027,HDDM_W,0.9245789473684211,0.0918698969999241,3,3.0,3.0,3.0,0.0,0.0,0.0,1.0,1.0,1.0,0.0,714.0,714.0,inf,10000.0,inf,14.005602240896359,0.0,10000.0,hyperplane_gauss,20000,20,0.5,0.0,3,real,gradual,1000,0.4,1.0,False,high,slow,real/gradual/K=3/high/slow/global/balanced/clean,0.19663157894736838,0.000526315789473708
scn-3679f16bec3a,2027,FHDDM,0.9257894736842105,0.037091685999712354,3,3.0,3.0,3.0,0.0,0.0,0.0,1.0,1.0,1.0,0.0,559.3333333333334,560.0,inf,10000.0,inf,17.878426698450536,0.0,10000.0,hyperplane_gauss,20000,20,0.5,0.0,3,real,gradual,1000,0.4,1.0,False,high,slow,real/gradual/K=3/high/slow/global/balanced/clean,0.19784210526315782,-0.0006842105263157316
scn-3679f16bec3a,2027,NoDrift,0.7279473684210527,0.02523695400032011,0,3.0,0.0,0.0,3.0,0.0,0.0,,0.0,0.0,1.0,,,inf,10000.0,,,0.0,10000.0,hyperplane_gauss,20000,20,0.5,0.0,3,real,gradual,1000,0.4,1.0,False,high,slow,real/gradual/K=3/high/slow/global/balanced/clean,0.0,0.1971578947368421
scn-3679f16bec3a,2027,Periodic(2000),0.8811052631578947,0.02770693399997981,9,3.0,9.0,3.0,0.0,5.0,1.0,0.3333333333333333,1.0,0.5,0.0,1333.6666666666667,1667.0,2000.0,2000.0,1.4996250937265683,1.4996250937265683,0.5,10000.0,hyperplane_gauss,20000,20,0.5,0.0,3,real,gradual,1000,0.4,1.0,False,high,slow,real/gradual/K=3/high/slow/global/balanced/clean,0.15315789473684205,0.04400000000000004
scn-3679f16bec3a,2027,Oracle,0.9251052631578948,0.032425425999917934,3,3.0,3.0,3.0,0.0,0.0,0.0,1.0,1.0,1.0,0.0,501.0,501.0,inf,10000.0,inf,19.960079840319363,0.0,10000.0,hyperplane_gauss,20000,20,0.5,0.0,3,real,gradual,1000,0.4,1.0,False,high,slow,real/gradual/K=3/high/slow/global/balanced/clean,0.1971578947368421,-0.0
scn-3679f16bec3a,2028,ADWIN,0.855,0.05916175000038493,14,3.0,14.0,3.0,0.0,9.0,2.0,0.21428571428571427,1.0,0.35294117647058826,0.0,1888.3333333333333,2339.0,1111.111111111111,1111.111111111111,0.5884083553986467,0.5884083553986467,0.9,10000.0,hyperplane_gauss,20000,20,0.5,0.0,3,real,gradual,1000,0.4,1.0,False,high,slow,real/gradual/K=3/high/slow/global/balanced/clean,0.13015789473684214,0.06505263157894736
scn-3679f16bec3a,2028,KSWIN,0.7852631578947369,6.045306161999633,1,3.0,1.0,0.0,3.0,1.0,0.0,0.0,0.0,0.0,1.0,,,10000.0,10000.0,,,0.1,10000.0,hyperplane_gauss,20000,20,0.5,0.0,3,real,gradual,1000,0.4,1.0,False,high,slow,real/gradual/K=3/high/slow/global/balanced/clean,0.06042105263157904,0.13478947368421046
scn-3679f16bec3a,2028,PageHinkley,0.8443157894736842,0.09547905099998388,23,3.0,23.0,3.0,0.0,11.0,9.0,0.13043478260869565,1.0,0.23076923076923078,0.0,538.6666666666666,636.0,909.0909090909091,909.0909090909091,1.6876687668766879,1.6876687668766879,1.1,10000.0,hyperplane_gauss,20000,20,0.5,0.0,3,real,gradual,1000,0.4,1.0,False,high,slow,real/gradual/K=3/high/slow/global/balanced/clean,0.1194736842105264,0.0757368421052631
scn-3679f16bec3a,2028,PageHinkley-up,0.9228947368421052,0.044731013999808056,3,3.0,3.0,3.0,0.0,0.0,0.0,1.0,1.0,1.0,0.0,582.0,611.0,inf,10000.0,inf,17.18213058419244,0.0,10000.0,hyperplane_gauss,20000,20,0.5,0.0,3,real,gradual,1000,0.4,1.0,False,high,slow,real/gradual/K=3/high/slow/global/balanced/clean,0.19805263157894737,-0.002842105263157868
scn-3679f16bec3a,2028,DDM,0.9223157894736842,0.044301665000148205,3,3.0,3.0,3.0,0.0,0.0,0.0,1.0,1.0,1.0,0.0,536.6666666666666,506.0,inf,10000.0,inf,18.633540372670808,0.0,10000.0,hyperplane_gauss,20000,20,0.5,0.0,3,real,gradual,1000,0.4,1.0,False,high,slow,real/gradual/K=3/high/slow/global/balanced/clean,0.19747368421052636,-0.002263157894736856
scn-3679f16bec3a,2028,EDDM,0.9233684210526316,0.04160964699985925,3,3.0,3.0,3.0,0.0,0.0,0.0,1.0,1.0,1.0,0.0,626.3333333333334,639.0,inf,10000.0,inf,15.965939329430547,0.0,10000.0,hyperplane_gauss,20000,20,0.5,0.0,3,real,gradual,1000,0.4,1.0,False,high,slow,real/gradual/K=3/high/slow/global/balanced/clean,0.19852631578947377,-0.003315789473684272
scn-3679f16bec3a,2028,HDDM_A,0.9234736842105263,0.15174378299980162,3,3.0,3.0,3.0,0.0,0.0,0.0,1.0,1.0,1.0,0.0,571.0,561.0,inf,10000.0,inf,17.513134851138354,0.0,10000.0,hyperplane_gauss,20000,20,0.5,0.0,3,real,gradual,1000,0.4,1.0,False,high,slow,real/gradual/K=3/high/slow/global/balanced/clean,0.1986315789473685,-0.0034210526315789913
scn-3679f16bec3a,2028,HDDM_W,0.9230526315789473,0.08766524099974049,3,3.0,3.0,3.0,0.0,0.0,0.0,1.0,1.0,1.0,0.0,812.6666666666666,849.0,inf,10000.0,inf,12.305168170631665,0.0,10000.0,hyperplane_gauss,20000,20,0.5,0.0,3,real,gradual,1000,0.4,1.0,False,high,slow,real/gradual/K=3/high/slow/global/balanced/clean,0.1982105263157895,-0.0030000000000000027
scn-3679f16bec3a,2028,FHDDM,0.9246315789473685,0.039199203999942256,3,3.0,3.0,3.0,0.0,0.0,0.0,1.0,1.0,1.0,0.0,627.3333333333334,603.0,inf,10000.0,inf,15.94048884165781,0.0,10000.0,hyperplane_gauss,20000,20,0.5,0.0,3,real,gradual,1000,0.4,1.0,False,high,slow,real/gradual/K=3/high/slow/global/balanced/clean,0.19978947368421063,-0.004578947368421127
scn-3679f16bec3a,2028,NoDrift,0.7248421052631578,0.026432570999986638,0,3.0,0.0,0.0,3.0,0.0,0.0,,0.0,0.0,1.0,,,inf,10000.0,,,0.0,10000.0,hyperplane_gauss,20000,20,0.5,0.0,3,real,gradual,1000,0.4,1.0,False,high,slow,real/gradual/K=3/high/slow/global/balanced/clean,0.0,0.1952105263157895
scn-3679f16bec3a,2028,Periodic(2000),0.8771052631578947,0.02820926899994447,9,3.0,9.0,3.0,0.0,5.0,1.0,0.3333333333333333,1.0,0.5,0.0,1333.6666666666667,1667.0,2000.0,2000.0,1.4996250937265683,1.4996250937265683,0.5,10000.0,hyperplane_gauss,20000,20,0.5,0.0,3,real,gradual,1000,0.4,1.0,False,high,slow,real/gradual/K=3/high/slow/global/balanced/clean,0.15226315789473688,0.04294736842105262
scn-3679f16bec3a,2028,Oracle,0.9200526315789473,0.03226128300002529,3,3.0,3.0,3.0,0.0,0.0,0.0,1.0,1.0,1.0,0.0,501.0,501.0,inf,10000.0,inf,19.960079840319363,0.0,10000.0,hyperplane_gauss,20000,20,0.5,0.0,3,real,gradual,1000,0.4,1.0,False,high,slow,real/gradual/K=3/high/slow/global/balanced/clean,0.1952105263157895,-0.0
scn-3679f16bec3a,2029,ADWIN,0.861421052631579,0.07257458499998393,14,3.0,14.0,3.0,0.0,6.0,5.0,0.21428571428571427,1.0,0.35294117647058826,0.0,875.0,414.0,1666.6666666666667,1666.6666666666667,1.9047619047619049,1.9047619047619049,0.6,10000.0,hyperplane_gauss,20000,20,0.5,0.0,3,real,gradual,1000,0.4,1.0,False,high,slow,real/gradual/K=3/high/slow/global/balanced/clean,0.13068421052631585,0.059157894736842076
scn-3679f16bec3a,2029,KSWIN,0.7739473684210526,4.175984657999834,1,3.0,1.0,1.0,2.0,0.0,0.0,1.0,0.3333333333333333,0.5,0.6666666666666667,1674.0,1674.0,inf,10000.0,inf,1.9912385503783347,0.0,10000.0,hyperplane_gauss,20000,20,0.5,0.0,3,real,gradual,1000,0.4,1.0,False,high,slow,real/gradual/K=3/high/slow/global/balanced/clean,0.04321052631578948,0.14663157894736845
scn-3679f16bec3a,2029,PageHinkley,0.8465789473684211,0.06653601000016351,22,3.0,22.0,3.0,0.0,11.0,8.0,0.13636363636363635,1.0,0.24000000000000002,0.0,476.0,614.0,909.0909090909091,909.0909090909091,1.9098548510313216,1.9098548510313216,1.1,10000.0,hyperplane_gauss,20000,20,0.5,0.0,3,real,gradual,1000,0.4,1.0,False,high,slow,real/gradual/K=3/high/slow/global/balanced/clean,0.11584210526315797,0.07399999999999995
scn-3679f16bec3a,2029,PageHinkley-up,0.9221052631578948,0.040328150000277674,3,3.0,3.0,3.0,0.0,0.0,0.0,1.0,1.0,1.0,0.0,573.6666666666666,564.0,inf,10000.0,inf,17.431725740848346,0.0,10000.0,hyperplane_gauss,20000,20,0.5,0.0,3,real,gradual,1000,0.4,1.0,False,high,slow,real/gradual/K=3/high/slow/global/balanced/clean,0.19136842105263163,-0.001526315789473709
scn-3679f16bec3a,2029,DDM,0.9173684210526316,0.0404934780003714,3,3.0,3.0,3.0,0.0,0.0,0.0,1.0,1.0,1.0,0.0,509.3333333333333,545.0,inf,10000.0,inf,19.63350785340314,0.0,10000.0,hyperplane_gauss,20000,20,0.5,0.0,3,real,gradual,1000,0.4,1.0,False,high,slow,real/gradual/K=3/high/slow/global/balanced/clean,0.18663157894736848,0.0032105263157894415
scn-3679f16bec3a,2029,EDDM,0.9063684210526316,0.050174660999800835,11,3.0,11.0,3.0,0.0,6.0,2.0,0.2727272727272727,1.0,0.42857142857142855,0.0,582.6666666666666,626.0,1666.6666666666667,1666.6666666666667,2.8604118993135015,2.8604118993135015,0.6,10000.0,hyperplane_gauss,20000,20,0.5,0.0,3,real,gradual,1000,0.4,1.0,False,high,slow,real/gradual/K=3/high/slow/global/balanced/clean,0.17563157894736847,0.014210526315789451
scn-3679f16bec3a,2029,HDDM_A,0.9183684210526316,0.15335446300014155,3,3.0,3.0,3.0,0.0,0.0,0.0,1.0,1.0,1.0,0.0,561.0,579.0,inf,10000.0,inf,17.825311942959,0.0,10000.0,hyperplane_gauss,20000,20,0.5,0.0,3,real,gradual,1000,0.4,1.0,False,high,slow,real/gradual/K=3/high/slow/global/balanced/clean,0.18763157894736848,0.0022105263157894406
scn-3679f16bec3a,2029,HDDM_W,0.9181578947368421,0.08456792300012239,3,3.0,3.0,3.0,0.0,0.0,0.0,1.0,1.0,1.0,0.0,711.6666666666666,626.0,inf,10000.0,inf,14.051522248243561,0.0,10000.0,hyperplane_gauss,20000,20,0.5,0.0,3,real,gradual,1000,0.4,1.0,False,high,slow,real/gradual/K=3/high/slow/global/balanced/clean,0.18742105263157893,0.0024210526315789904
scn-3679f16bec3a,2029,FHDDM,0.9208421052631579,0.03697970500024894,3,3.0,3.0,3.0,0.0,0.0,0.0,1.0,1.0,1.0,0.0,640.6666666666666,625.0,inf,10000.0,inf,15.608740894901146,0.0,10000.0,hyperplane_gauss,20000,20,0.5,0.0,3,real,gradual,1000,0.4,1.0,False,high,slow,real/gradual/K=3/high/slow/global/balanced/clean,0.19010526315789478,-0.000263157894736854
scn-3679f16bec3a,2029,NoDrift,0.7307368421052631,0.025331354000172723,0,3.0,0.0,0.0,3.0,0.0,0.0,,0.0,0.0,1.0,,,inf,10000.0,,,0.0,10000.0,hyperplane_gauss,20000,20,0.5,0.0,3,real,gradual,1000,0.4,1.0,False,high,slow,real/gradual/K=3/high/slow/global/balanced/clean,0.0,0.18984210526315792
scn-3679f16bec3a,2029,Periodic(2000),0.8739473684210526,0.027710514000318653,9,3.0,9.0,3.0,0.0,5.0,1.0,0.3333333333333333,1.0,0.5,0.0,1333.6666666666667,1667.0,2000.0,2000.0,1.4996250937265683,1.4996250937265683,0.5,10000.0,hyperplane_gauss,20000,20,0.5,0.0,3,real,gradual,1000,0.4,1.0,False,high,slow,real/gradual/K=3/high/slow/global/balanced/clean,0.14321052631578945,0.04663157894736847
scn-3679f16bec3a,2029,Oracle,0.920578947368421,0.03196590900006413,3,3.0,3.0,3.0,0.0,0.0,0.0,1.0,1.0,1.0,0.0,501.0,501.0,inf,10000.0,inf,19.960079840319363,0.0,10000.0,hyperplane_gauss,20000,20,0.5,0.0,3,real,gradual,1000,0.4,1.0,False,high,slow,real/gradual/K=3/high/slow/global/balanced/clean,0.18984210526315792,-0.0
scn-fe8b6167386a,2027,ADWIN,0.8526842105263158,0.04611385499993048,13,3.0,13.0,3.0,0.0,6.0,4.0,0.23076923076923078,1.0,0.375,0.0,1812.3333333333333,1463.0,1166.6666666666667,1166.6666666666667,0.6437373551590951,0.6437373551590951,0.8571428571428571,7000.0,hyperplane_gauss,20000,20,0.5,0.0,3,real,gradual,2000,0.4,1.0,False,high,slow,real/gradual/K=3/high/slow/global/balanced/clean,0.12526315789473685,0.053421052631578925
scn-fe8b6167386a,2027,KSWIN,0.7882631578947369,4.0108142979997865,1,3.0,1.0,1.0,2.0,0.0,0.0,1.0,0.3333333333333333,0.5,0.6666666666666667,947.0,947.0,inf,7000.0,inf,2.4639211545230544,0.0,7000.0,hyperplane_gauss,20000,20,0.5,0.0,3,real,gradual,2000,0.4,1.0,False,high,slow,real/gradual/K=3/high/slow/global/balanced/clean,0.06084210526315792,0.11784210526315786
scn-fe8b6167386a,2027,PageHinkley,0.8365263157894737,0.0673713209998823,20,3.0,20.0,3.0,0.0,8.0,9.0,0.15,1.0,0.2608695652173913,0.0,300.0,124.0,875.0,875.0,2.9166666666666665,2.9166666666666665,1.1428571428571428,7000.0,hyperplane_gauss,20000,20,0.5,0.0,3,real,gradual,2000,0.4,1.0,False,high,slow,real/gradual/K=3/high/slow/global/balanced/clean,0.1091052631578947,0.06957894736842107
scn-fe8b6167386a,2027,PageHinkley-up,0.9034210526315789,0.0405449579998276,3,3.0,3.0,3.0,0.0,0.0,0.0,1.0,1.0,1.0,0.0,829.0,834.0,inf,7000.0,inf,8.443908323281061,0.0,7000.0,hyperplane_gauss,20000,20,0.5,0.0,3,real,gradual,2000,0.4,1.0,False,high,slow,real/gradual/K=3/high/slow/global/balanced/clean,0.17599999999999993,0.0026842105263158444
scn-fe8b6167386a,2027,DDM,0.9016315789473685,0.040593986000203586,4,3.0,4.0,3.0,0.0,1.0,0.0,0.75,1.0,0.8571428571428571,0.0,936.0,898.0,7000.0,7000.0,7.478632478632479,7.478632478632479,0.14285714285714285,7000.0,hyperplane_gauss,20000,20,0.5,0.0,3,real,gradual,2000,0.4,1.0,False,high,slow,real/gradual/K=3/high/slow/global/balanced/clean,0.17421052631578948,0.004473684210526296
scn-fe8b6167386a,2027,EDDM,0.8968947368421053,0.04122211999992942,6,3.0,6.0,3.0,0.0,1.0,2.0,0.5,1.0,0.6666666666666666,0.0,904.0,1021.0,7000.0,7000.0,7.743362831858407,7.743362831858407,0.14285714285714285,7000.0,hyperplane_gauss,20000,20,0.5,0.0,3,real,gradual,2000,0.4,1.0,False,high,slow,real/gradual/K=3/high/slow/global/balanced/clean,0.16947368421052633,0.009210526315789447
scn-fe8b6167386a,2027,HDDM_A,0.9033157894736842,0.14334404500004894,3,3.0,3.0,3.0,0.0,0.0,0.0,1.0,1.0,1.0,0.0,878.0,949.0,inf,7000.0,inf,7.972665148063781,0.0,7000.0,hyperplane_gauss,20000,20,0.5,0.0,3,real,gradual,2000,0.4,1.0,False,high,slow,real/gradual/K=3/high/slow/global/balanced/clean,0.17589473684210521,0.002789473684210564
scn-fe8b6167386a,2027,HDDM_W,0.905157894736842,0.08386896000001798,3,3.0,3.0,3.0,0.0,0.0,0.0,1.0,1.0,1.0,0.0,1378.3333333333333,1337.0,inf,7000.0,inf,5.0785973397823465,0.0,7000.0,hyperplane_gauss,20000,20,0.5,0.0,3,real,gradual,2000,0.4,1.0,False,high,slow,real/gradual/K=3/high/slow/global/balanced/clean,0.17773684210526308,0.0009473684210526967
scn-fe8b6167386a,2027,FHDDM,0.9074736842105263,0.034952942000018083,3,3.0,3.0,3.0,0.0,0.0,0.0,1.0,1.0,1.0,0.0,1031.6666666666667,1060.0,inf,7000.0,inf,6.78513731825525,0.0,7000.0,hyperplane_gauss,20000,20,0.5,0.0,3,real,gradual,2000,0.4,1.0,False,high,slow,real/gradual/K=3/high/slow/global/balanced/clean,0.18005263157894735,-0.0013684210526315743
scn-fe8b6167386a,2027,NoDrift,0.727421052631579,0.02574288100004196,0,3.0,0.0,0.0,3.0,0.0,0.0,,0.0,0.0,1.0,,,inf,7000.0,,,0.0,7000.0,hyperplane_gauss,20000,20,0.5,0.0,3,real,gradual,2000,0.4,1.0,False,high,slow,real/gradual/K=3/high/slow/global/balanced/clean,0.0,0.17868421052631578
scn-fe8b6167386a,2027,Periodic(2000),0.8737894736842106,0.02862832199980403,9,3.0,9.0,3.0,0.0,3.0,3.0,0.3333333333333333,1.0,0.5,0.0,500.3333333333333,500.0,2333.3333333333335,2333.3333333333335,4.663557628247835,4.663557628247835,0.42857142857142855,7000.0,hyperplane_gauss,20000,20,0.5,0.0,3,real,gradual,2000,0.4,1.0,False,high,slow,real/gradual/K=3/high/slow/global/balanced/clean,0.1463684210526316,0.03231578947368419
scn-fe8b6167386a,2027,Oracle,0.9061052631578947,0.03240595899978871,3,3.0,3.0,3.0,0.0,0.0,0.0,1.0,1.0,1.0,0.0,1001.0,1001.0,inf,7000.0,inf,6.993006993006993,0.0,7000.0,hyperplane_gauss,20000,20,0.5,0.0,3,real,gradual,2000,0.4,1.0,False,high,slow,real/gradual/K=3/high/slow/global/balanced/clean,0.17868421052631578,-0.0
scn-fe8b6167386a,2028,ADWIN,0.8409473684210527,0.05118605999996362,14,3.0,14.0,3.0,0.0,5.0,6.0,0.21428571428571427,1.0,0.35294117647058826,0.0,1620.3333333333333,882.0,1400.0,1400.0,0.8640197490228348,0.8640197490228348,0.7142857142857143,7000.0,hyperplane_gauss,20000,20,0.5,0.0,3,real,gradual,2000,0.4,1.0,False,high,slow,real/gradual/K=3/high/slow/global/balanced/clean,0.11642105263157898,0.05768421052631578
scn-fe8b6167386a,2028,KSWIN,0.7852631578947369,4.057338169000104,1,3.0,1.0,1.0,2.0,0.0,0.0,1.0,0.3333333333333333,0.5,0.6666666666666667,3874.0,3874.0,inf,7000.0,inf,0.6023059714334881,0.0,7000.0,hyperplane_gauss,20000,20,0.5,0.0,3,real,gradual,2000,0.4,1.0,False,high,slow,real/gradual/K=3/high/slow/global/balanced/clean,0.0607368421052632,0.11336842105263156
scn-fe8b6167386a,2028,PageHinkley,0.8363157894736842,0.06576451699993413,19,3.0,19.0,3.0,0.0,8.0,8.0,0.15789473684210525,1.0,0.2727272727272727,0.0,996.3333333333334,940.0,875.0,875.0,0.8782201405152225,0.8782201405152225,1.1428571428571428,7000.0,hyperplane_gauss,20000,20,0.5,0.0,3,real,gradual,2000,0.4,1.0,False,high,slow,real/gradual/K=3/high/slow/global/balanced/clean,0.11178947368421055,0.06231578947368421
scn-fe8b6167386a,2028,PageHinkley-up,0.8931578947368422,0.04069620500013116,3,3.0,3.0,3.0,0.0,0.0,0.0,1.0,1.0,1.0,0.0,858.3333333333334,859.0,inf,7000.0,inf,8.155339805825243,0.0,7000.0,hyperplane_gauss,20000,20,0.5,0.0,3,real,gradual,2000,0.4,1.0,False,high,slow,real/gradual/K=3/high/slow/global/balanced/clean,0.16863157894736847,0.005473684210526297
scn-fe8b6167386a,2028,DDM,0.8889473684210526,0.03860077000035744,3,3.0,3.0,3.0,0.0,0.0,0.0,1.0,1.0,1.0,0.0,838.3333333333334,758.0,inf,7000.0,inf,8.34990059642147,0.0,7000.0,hyperplane_gauss,20000,20,0.5,0.0,3,real,gradual,2000,0.4,1.0,False,high,slow,real/gradual/K=3/high/slow/global/balanced/clean,0.1644210526315789,0.00968421052631585
scn-fe8b6167386a,2028,EDDM,0.8814736842105263,0.034213185000226076,3,3.0,3.0,3.0,0.0,0.0,0.0,1.0,1.0,1.0,0.0,992.6666666666666,867.0,inf,7000.0,inf,7.0517125587642715,0.0,7000.0,hyperplane_gauss,20000,20,0.5,0.0,3,real,gradual,2000,0.4,1.0,False,high,slow,real/gradual/K=3/high/slow/global/balanced/clean,0.1569473684210526,0.01715789473684215
scn-fe8b6167386a,2028,HDDM_A,0.8976842105263158,0.14906271000018023,3,3.0,3.0,3.0,0.0,0.0,0.0,1.0,1.0,1.0,0.0,990.3333333333334,993.0,inf,7000.0,inf,7.068327162571524,0.0,7000.0,hyperplane_gauss,20000,20,0.5,0.0,3,real,gradual,2000,0.4,1.0,False,high,slow,real/gradual/K=3/high/slow/global/balanced/clean,0.17315789473684207,0.0009473684210526967
scn-fe8b6167386a,2028,HDDM_W,0.9046315789473685,0.0863220769997497,3,3.0,3.0,3.0,0.0,0.0,0.0,1.0,1.0,1.0,0.0,1319.3333333333333,1361.0,inf,7000.0,inf,5.305709954522486,0.0,7000.0,hyperplane_gauss,20000,20,0.5,0.0,3,real,gradual,2000,0.4,1.0,False,high,slow,real/gradual/K=3/high/slow/global/balanced/clean,0.18010526315789477,-0.006000000000000005
scn-fe8b6167386a,2028,FHDDM,0.9044210526315789,0.03725131499959389,3,3.0,3.0,3.0,0.0,0.0,0.0,1.0,1.0,1.0,0.0,1144.0,1104.0,inf,7000.0,inf,6.118881118881119,0.0,7000.0,hyperplane_gauss,20000,20,0.5,0.0,3,real,gradual,2000,0.4,1.0,False,high,slow,real/gradual/K=3/high/slow/global/balanced/clean,0.17989473684210522,-0.0057894736842104555
scn-fe8b6167386a,2028,NoDrift,0.7245263157894737,0.0268956340000841,0,3.0,0.0,0.0,3.0,0.0,0.0,,0.0,0.0,1.0,,,inf,7000.0,,,0.0,7000.0,hyperplane_gauss,20000,20,0.5,0.0,3,real,gradual,2000,0.4,1.0,False,high,slow,real/gradual/K=3/high/slow/global/balanced/clean,0.0,0.17410526315789476
scn-fe8b6167386a,2028,Periodic(2000),0.8680526315789474,0.02826591799976086,9,3.0,9.0,3.0,0.0,3.0,3.0,0.3333333333333333,1.0,0.5,0.0,500.3333333333333,500.0,2333.3333333333335,2333.3333333333335,4.663557628247835,4.663557628247835,0.42857142857142855,7000.0,hyperplane_gauss,20000,20,0.5,0.0,3,real,gradual,2000,0.4,1.0,False,high,slow,real/gradual/K=3/high/slow/global/balanced/clean,0.14352631578947372,0.03057894736842104
scn-fe8b6167386a,2028,Oracle,0.8986315789473684,0.03191740000011123,3,3.0,3.0,3.0,0.0,0.0,0.0,1.0,1.0,1.0,0.0,1001.0,1001.0,inf,7000.0,inf,6.993006993006993,0.0,7000.0,hyperplane_gauss,20000,20,0.5,0.0,3,real,gradual,2000,0.4,1.0,False,high,slow,real/gradual/K=3/high/slow/global/balanced/clean,0.17410526315789476,-0.0
scn-fe8b6167386a,2029,ADWIN,0.8555789473684211,0.06598016899988579,13,3.0,13.0,3.0,0.0,5.0,5.0,0.23076923076923078,1.0,0.375,0.0,735.0,722.0,1400.0,1400.0,1.9047619047619047,1.9047619047619047,0.7142857142857143,7000.0,hyperplane_gauss,20000,20,0.5,0.0,3,real,gradual,2000,0.4,1.0,False,high,slow,real/gradual/K=3/high/slow/global/balanced/clean,0.1259473684210527,0.04447368421052622
scn-fe8b6167386a,2029,KSWIN,0.7724210526315789,4.099952020999808,1,3.0,1.0,1.0,2.0,0.0,0.0,1.0,0.3333333333333333,0.5,0.6666666666666667,2174.0,2174.0,inf,7000.0,inf,1.0732904017172644,0.0,7000.0,hyperplane_gauss,20000,20,0.5,0.0,3,real,gradual,2000,0.4,1.0,False,high,slow,real/gradual/K=3/high/slow/global/balanced/clean,0.04278947368421049,0.12763157894736843
scn-fe8b6167386a,2029,PageHinkley,0.8335789473684211,0.06325461300002644,17,3.0,17.0,3.0,0.0,10.0,4.0,0.17647058823529413,1.0,0.3,0.0,2674.0,3546.0,700.0,700.0,0.2617801047120419,0.2617801047120419,1.4285714285714286,7000.0,hyperplane_gauss,20000,20,0.5,0.0,3,real,gradual,2000,0.4,1.0,False,high,slow,real/gradual/K=3/high/slow/global/balanced/clean,0.10394736842105268,0.06647368421052624
scn-fe8b6167386a,2029,PageHinkley-up,0.8963157894736842,0.040756385999884515,3,3.0,3.0,3.0,0.0,0.0,0.0,1.0,1.0,1.0,0.0,890.3333333333334,901.0,inf,7000.0,inf,7.862223886184949,0.0,7000.0,hyperplane_gauss,20000,20,0.5,0.0,3,real,gradual,2000,0.4,1.0,False,high,slow,real/gradual/K=3/high/slow/global/balanced/clean,0.16668421052631577,0.0037368421052631495
scn-fe8b6167386a,2029,DDM,0.8978421052631579,0.03844642600006409,3,3.0,3.0,3.0,0.0,0.0,0.0,1.0,1.0,1.0,0.0,950.6666666666666,931.0,inf,7000.0,inf,7.363253856942497,0.0,7000.0,hyperplane_gauss,20000,20,0.5,0.0,3,real,gradual,2000,0.4,1.0,False,high,slow,real/gradual/K=3/high/slow/global/balanced/clean,0.16821052631578948,0.0022105263157894406
scn-fe8b6167386a,2029,EDDM,0.8793684210526316,0.04884550299993862,10,3.0,10.0,3.0,0.0,5.0,2.0,0.3,1.0,0.4615384615384615,0.0,841.0,824.0,1400.0,1400.0,1.6646848989298455,1.6646848989298455,0.7142857142857143,7000.0,hyperplane_gauss,20000,20,0.5,0.0,3,real,gradual,2000,0.4,1.0,False,high,slow,real/gradual/K=3/high/slow/global/balanced/clean,0.14973684210526317,0.02068421052631575
scn-fe8b6167386a,2029,HDDM_A,0.897578947368421,0.1407545070001106,3,3.0,3.0,3.0,0.0,0.0,0.0,1.0,1.0,1.0,0.0,955.3333333333334,927.0,inf,7000.0,inf,7.32728541521284,0.0,7000.0,hyperplane_gauss,20000,20,0.5,0.0,3,real,gradual,2000,0.4,1.0,False,high,slow,real/gradual/K=3/high/slow/global/balanced/clean,0.16794736842105262,0.0024736842105262946
scn-fe8b6167386a,2029,HDDM_W,0.9031052631578947,0.08613679400014007,3,3.0,3.0,3.0,0.0,0.0,0.0,1.0,1.0,1.0,0.0,1262.0,1262.0,inf,7000.0,inf,5.54675118858954,0.0,7000.0,hyperplane_gauss,20000,20,0.5,0.0,3,real,gradual,2000,0.4,1.0,False,high,slow,real/gradual/K=3/high/slow/global/balanced/clean,0.17347368421052634,-0.003052631578947418
scn-fe8b6167386a,2029,FHDDM,0.9004736842105263,0.03746472900002118,3,3.0,3.0,3.0,0.0,0.0,0.0,1.0,1.0,1.0,0.0,1075.6666666666667,1118.0,inf,7000.0,inf,6.507592190889371,0.0,7000.0,hyperplane_gauss,20000,20,0.5,0.0,3,real,gradual,2000,0.4,1.0,False,high,slow,real/gradual/K=3/high/slow/global/balanced/clean,0.1708421052631579,-0.00042105263157898865
scn-fe8b6167386a,2029,NoDrift,0.7296315789473684,0.026192134999746486,0,3.0,0.0,0.0,3.0,0.0,0.0,,0.0,0.0,1.0,,,inf,7000.0,,,0.0,7000.0,hyperplane_gauss,20000,20,0.5,0.0,3,real,gradual,2000,0.4,1.0,False,high,slow,real/gradual/K=3/high/slow/global/balanced/clean,0.0,0.17042105263157892
scn-fe8b6167386a,2029,Periodic(2000),0.8678947368421053,0.02825749299972813,9,3.0,9.0,3.0,0.0,3.0,3.0,0.3333333333333333,1.0,0.5,0.0,500.3333333333333,500.0,2333.3333333333335,2333.3333333333335,4.663557628247835,4.663557628247835,0.42857142857142855,7000.0,hyperplane_gauss,20000,20,0.5,0.0,3,real,gradual,2000,0.4,1.0,False,high,slow,real/gradual/K=3/high/slow/global/balanced/clean,0.13826315789473687,0.03215789473684205
scn-fe8b6167386a,2029,Oracle,0.9000526315789473,0.03246000700028162,3,3.0,3.0,3.0,0.0,0.0,0.0,1.0,1.0,1.0,0.0,1001.0,1001.0,inf,7000.0,inf,6.993006993006993,0.0,7000.0,hyperplane_gauss,20000,20,0.5,0.0,3,real,gradual,2000,0.4,1.0,False,high,slow,real/gradual/K=3/high/slow/global/balanced/clean,0.17042105263157892,-0.0
scn-b3b897fe535c,2027,ADWIN,0.8385263157894737,0.045634498999788775,13,3.0,13.0,3.0,0.0,3.0,7.0,0.23076923076923078,1.0,0.375,0.0,2503.0,2655.0,333.3333333333333,333.3333333333333,0.13317352510320948,0.13317352510320948,3.0,1000.0,hyperplane_gauss,20000,20,0.5,0.0,3,real,gradual,4000,0.4,1.0,False,high,slow,real/gradual/K=3/high/slow/global/balanced/clean,0.11299999999999999,0.030736842105263174
scn-b3b897fe535c,2027,KSWIN,0.7763684210526316,4.050847535999765,1,3.0,1.0,1.0,2.0,0.0,0.0,1.0,0.3333333333333333,0.5,0.6666666666666667,1947.0,1947.0,inf,1000.0,inf,0.17120356103406945,0.0,1000.0,hyperplane_gauss,20000,20,0.5,0.0,3,real,gradual,4000,0.4,1.0,False,high,slow,real/gradual/K=3/high/slow/global/balanced/clean,0.05084210526315791,0.09289473684210525
scn-b3b897fe535c,2027,PageHinkley,0.8200526315789474,0.070966860000226,22,3.0,22.0,3.0,0.0,2.0,17.0,0.13636363636363635,1.0,0.24000000000000002,0.0,1547.3333333333333,1553.0,500.0,500.0,0.3231365790607497,0.3231365790607497,2.0,1000.0,hyperplane_gauss,20000,20,0.5,0.0,3,real,gradual,4000,0.4,1.0,False,high,slow,real/gradual/K=3/high/slow/global/balanced/clean,0.09452631578947368,0.04921052631578948
scn-b3b897fe535c,2027,PageHinkley-up,0.8613157894736843,0.04105217599999378,3,3.0,3.0,3.0,0.0,0.0,0.0,1.0,1.0,1.0,0.0,1675.6666666666667,1553.0,inf,1000.0,inf,0.5967774020290432,0.0,1000.0,hyperplane_gauss,20000,20,0.5,0.0,3,real,gradual,4000,0.4,1.0,False,high,slow,real/gradual/K=3/high/slow/global/balanced/clean,0.13578947368421057,0.007947368421052592
scn-b3b897fe535c,2027,DDM,0.861421052631579,0.03940547299998798,4,3.0,4.0,3.0,0.0,1.0,0.0,0.75,1.0,0.8571428571428571,0.0,2110.3333333333335,2464.0,1000.0,1000.0,0.473858790080556,0.473858790080556,1.0,1000.0,hyperplane_gauss,20000,20,0.5,0.0,3,real,gradual,4000,0.4,1.0,False,high,slow,real/gradual/K=3/high/slow/global/balanced/clean,0.1358947368421053,0.007842105263157872
scn-b3b897fe535c,2027,EDDM,0.858421052631579,0.044626449000134016,8,3.0,8.0,3.0,0.0,0.0,5.0,0.375,1.0,0.5454545454545454,0.0,1528.0,1355.0,inf,1000.0,inf,0.6544502617801047,0.0,1000.0,hyperplane_gauss,20000,20,0.5,0.0,3,real,gradual,4000,0.4,1.0,False,high,slow,real/gradual/K=3/high/slow/global/balanced/clean,0.1328947368421053,0.010842105263157875
scn-b3b897fe535c,2027,HDDM_A,0.8598421052631579,0.12174925800036362,3,3.0,3.0,3.0,0.0,0.0,0.0,1.0,1.0,1.0,0.0,1647.0,1957.0,inf,1000.0,inf,0.607164541590771,0.0,1000.0,hyperplane_gauss,20000,20,0.5,0.0,3,real,gradual,4000,0.4,1.0,False,high,slow,real/gradual/K=3/high/slow/global/balanced/clean,0.13431578947368417,0.009421052631578997
scn-b3b897fe535c,2027,HDDM_W,0.8714736842105263,0.0819495289997576,3,3.0,3.0,3.0,0.0,0.0,0.0,1.0,1.0,1.0,0.0,2574.6666666666665,2539.0,inf,1000.0,inf,0.38839979285344384,0.0,1000.0,hyperplane_gauss,20000,20,0.5,0.0,3,real,gradual,4000,0.4,1.0,False,high,slow,real/gradual/K=3/high/slow/global/balanced/clean,0.1459473684210526,-0.0022105263157894406
scn-b3b897fe535c,2027,FHDDM,0.8697368421052631,0.03666227899975638,3,3.0,3.0,3.0,0.0,0.0,0.0,1.0,1.0,1.0,0.0,2117.6666666666665,2066.0,inf,1000.0,inf,0.4722178498347238,0.0,1000.0,hyperplane_gauss,20000,20,0.5,0.0,3,real,gradual,4000,0.4,1.0,False,high,slow,real/gradual/K=3/high/slow/global/balanced/clean,0.14421052631578946,-0.00047368421052629284
scn-b3b897fe535c,2027,NoDrift,0.7255263157894737,0.025402560000202357,0,3.0,0.0,0.0,3.0,0.0,0.0,,0.0,0.0,1.0,,,inf,1000.0,,,0.0,1000.0,hyperplane_gauss,20000,20,0.5,0.0,3,real,gradual,4000,0.4,1.0,False,high,slow,real/gradual/K=3/high/slow/global/balanced/clean,0.0,0.14373684210526316
scn-b3b897fe535c,2027,Periodic(2000),0.8521578947368421,0.028247288999864395,9,3.0,9.0,3.0,0.0,0.0,6.0,0.3333333333333333,1.0,0.5,0.0,1500.3333333333333,1500.0,inf,1000.0,inf,0.666518551433015,0.0,1000.0,hyperplane_gauss,20000,20,0.5,0.0,3,real,gradual,4000,0.4,1.0,False,high,slow,real/gradual/K=3/high/slow/global/balanced/clean,0.12663157894736843,0.017105263157894735
scn-b3b897fe535c,2027,Oracle,0.8692631578947368,0.032361016999857384,3,3.0,3.0,3.0,0.0,0.0,0.0,1.0,1.0,1.0,0.0,2001.0,2001.0,inf,1000.0,inf,0.49975012493753124,0.0,1000.0,hyperplane_gauss,20000,20,0.5,0.0,3,real,gradual,4000,0.4,1.0,False,high,slow,real/gradual/K=3/high/slow/global/balanced/clean,0.14373684210526316,-0.0
scn-b3b897fe535c,2028,ADWIN,0.8287368421052631,0.043277822000163724,11,3.0,11.0,3.0,0.0,1.0,7.0,0.2727272727272727,1.0,0.42857142857142855,0.0,1649.6666666666667,2042.0,1000.0,1000.0,0.6061830672863204,0.6061830672863204,1.0,1000.0,hyperplane_gauss,20000,20,0.5,0.0,3,real,gradual,4000,0.4,1.0,False,high,slow,real/gradual/K=3/high/slow/global/balanced/clean,0.10389473684210526,0.03257894736842115
scn-b3b897fe535c,2028,KSWIN,0.783578947368421,3.984313223999834,1,3.0,1.0,1.0,2.0,0.0,0.0,1.0,0.3333333333333333,0.5,0.6666666666666667,4874.0,4874.0,inf,1000.0,inf,0.06839009711393788,0.0,1000.0,hyperplane_gauss,20000,20,0.5,0.0,3,real,gradual,4000,0.4,1.0,False,high,slow,real/gradual/K=3/high/slow/global/balanced/clean,0.0587368421052632,0.07773684210526322
scn-b3b897fe535c,2028,PageHinkley,0.8161578947368421,0.0640988970003491,18,3.0,18.0,3.0,0.0,0.0,15.0,0.16666666666666666,1.0,0.2857142857142857,0.0,872.6666666666666,523.0,inf,1000.0,inf,1.145912910618793,0.0,1000.0,hyperplane_gauss,20000,20,0.5,0.0,3,real,gradual,4000,0.4,1.0,False,high,slow,real/gradual/K=3/high/slow/global/balanced/clean,0.09131578947368424,0.045157894736842175
scn-b3b897fe535c,2028,PageHinkley-up,0.8555263157894737,0.03988434700022481,3,3.0,3.0,3.0,0.0,0.0,0.0,1.0,1.0,1.0,0.0,1768.6666666666667,1836.0,inf,1000.0,inf,0.5653976630229928,0.0,1000.0,hyperplane_gauss,20000,20,0.5,0.0,3,real,gradual,4000,0.4,1.0,False,high,slow,real/gradual/K=3/high/slow/global/balanced/clean,0.13068421052631585,0.0057894736842105665
scn-b3b897fe535c,2028,DDM,0.8578947368421053,0.03801734899980147,3,3.0,3.0,3.0,0.0,0.0,0.0,1.0,1.0,1.0,0.0,1885.0,1730.0,inf,1000.0,inf,0.5305039787798409,0.0,1000.0,hyperplane_gauss,20000,20,0.5,0.0,3,real,gradual,4000,0.4,1.0,False,high,slow,real/gradual/K=3/high/slow/global/balanced/clean,0.13305263157894742,0.0034210526315789913
scn-b3b897fe535c,2028,EDDM,0.8512105263157895,0.03751416200020685,4,3.0,4.0,3.0,0.0,0.0,1.0,0.75,1.0,0.8571428571428571,0.0,1914.3333333333333,1331.0,inf,1000.0,inf,0.5223750652968832,0.0,1000.0,hyperplane_gauss,20000,20,0.5,0.0,3,real,gradual,4000,0.4,1.0,False,high,slow,real/gradual/K=3/high/slow/global/balanced/clean,0.12636842105263169,0.010105263157894728
scn-b3b897fe535c,2028,HDDM_A,0.862578947368421,0.12305796700002247,3,3.0,3.0,3.0,0.0,0.0,0.0,1.0,1.0,1.0,0.0,2003.0,2034.0,inf,1000.0,inf,0.49925112331502747,0.0,1000.0,hyperplane_gauss,20000,20,0.5,0.0,3,real,gradual,4000,0.4,1.0,False,high,slow,real/gradual/K=3/high/slow/global/balanced/clean,0.13773684210526316,-0.0012631578947367439
scn-b3b897fe535c,2028,HDDM_W,0.865421052631579,0.08330469400016227,3,3.0,3.0,3.0,0.0,0.0,0.0,1.0,1.0,1.0,0.0,2826.6666666666665,2928.0,inf,1000.0,inf,0.3537735849056604,0.0,1000.0,hyperplane_gauss,20000,20,0.5,0.0,3,real,gradual,4000,0.4,1.0,False,high,slow,real/gradual/K=3/high/slow/global/balanced/clean,0.14057894736842114,-0.004105263157894723
scn-b3b897fe535c,2028,FHDDM,0.8621578947368421,0.03473373199994967,3,3.0,3.0,3.0,0.0,0.0,0.0,1.0,1.0,1.0,0.0,2049.6666666666665,2184.0,inf,1000.0,inf,0.4878842088144414,0.0,1000.0,hyperplane_gauss,20000,20,0.5,0.0,3,real,gradual,4000,0.4,1.0,False,high,slow,real/gradual/K=3/high/slow/global/balanced/clean,0.13731578947368428,-0.0008421052631578663
scn-b3b897fe535c,2028,NoDrift,0.7248421052631578,0.026162483999996766,0,3.0,0.0,0.0,3.0,0.0,0.0,,0.0,0.0,1.0,,,inf,1000.0,,,0.0,1000.0,hyperplane_gauss,20000,20,0.5,0.0,3,real,gradual,4000,0.4,1.0,False,high,slow,real/gradual/K=3/high/slow/global/balanced/clean,0.0,0.1364736842105264
scn-b3b897fe535c,2028,Periodic(2000),0.8460526315789474,0.02808141900004557,9,3.0,9.0,3.0,0.0,0.0,6.0,0.3333333333333333,1.0,0.5,0.0,1500.3333333333333,1500.0,inf,1000.0,inf,0.666518551433015,0.0,1000.0,hyperplane_gauss,20000,20,0.5,0.0,3,real,gradual,4000,0.4,1.0,False,high,slow,real/gradual/K=3/high/slow/global/balanced/clean,0.12121052631578955,0.015263157894736867
scn-b3b897fe535c,2028,Oracle,0.8613157894736843,0.03238729700024123,3,3.0,3.0,3.0,0.0,0.0,0.0,1.0,1.0,1.0,0.0,2001.0,2001.0,inf,1000.0,inf,0.49975012493753124,0.0,1000.0,hyperplane_gauss,20000,20,0.5,0.0,3,real,gradual,4000,0.4,1.0,False,high,slow,real/gradual/K=3/high/slow/global/balanced/clean,0.1364736842105264,-0.0
scn-b3b897fe535c,2029,ADWIN,0.8240526315789474,0.039404230000400275,9,3.0,9.0,3.0,0.0,2.0,4.0,0.3333333333333333,1.0,0.5,0.0,721.6666666666666,124.0,500.0,500.0,0.6928406466512702,0.6928406466512702,2.0,1000.0,hyperplane_gauss,20000,20,0.5,0.0,3,real,gradual,4000,0.4,1.0,False,high,slow,real/gradual/K=3/high/slow/global/balanced/clean,0.09436842105263155,0.04205263157894734
scn-b3b897fe535c,2029,KSWIN,0.7701578947368422,3.9701249810000263,1,3.0,1.0,1.0,2.0,0.0,0.0,1.0,0.3333333333333333,0.5,0.6666666666666667,3174.0,3174.0,inf,1000.0,inf,0.10501995379122031,0.0,1000.0,hyperplane_gauss,20000,20,0.5,0.0,3,real,gradual,4000,0.4,1.0,False,high,slow,real/gradual/K=3/high/slow/global/balanced/clean,0.04047368421052633,0.09594736842105256
scn-b3b897fe535c,2029,PageHinkley,0.8198421052631579,0.056504764999772306,15,3.0,15.0,3.0,0.0,1.0,11.0,0.2,1.0,0.33333333333333337,0.0,808.6666666666666,510.0,1000.0,1000.0,1.236603462489695,1.236603462489695,1.0,1000.0,hyperplane_gauss,20000,20,0.5,0.0,3,real,gradual,4000,0.4,1.0,False,high,slow,real/gradual/K=3/high/slow/global/balanced/clean,0.0901578947368421,0.046263157894736784
scn-b3b897fe535c,2029,PageHinkley-up,0.8611052631578947,0.04043087199988804,3,3.0,3.0,3.0,0.0,0.0,0.0,1.0,1.0,1.0,0.0,1818.6666666666667,1811.0,inf,1000.0,inf,0.5498533724340176,0.0,1000.0,hyperplane_gauss,20000,20,0.5,0.0,3,real,gradual,4000,0.4,1.0,False,high,slow,real/gradual/K=3/high/slow/global/balanced/clean,0.13142105263157888,0.0050000000000000044
scn-b3b897fe535c,2029,DDM,0.8447894736842105,0.03808361099981994,3,3.0,3.0,3.0,0.0,0.0,0.0,1.0,1.0,1.0,0.0,1615.6666666666667,1544.0,inf,1000.0,inf,0.6189395502372601,0.0,1000.0,hyperplane_gauss,20000,20,0.5,0.0,3,real,gradual,4000,0.4,1.0,False,high,slow,real/gradual/K=3/high/slow/global/balanced/clean,0.11510526315789471,0.021315789473684177
scn-b3b897fe535c,2029,EDDM,0.8602631578947368,0.036529345999952056,5,3.0,5.0,3.0,0.0,0.0,2.0,0.6,1.0,0.7499999999999999,0.0,1526.0,1890.0,inf,1000.0,inf,0.6553079947575361,0.0,1000.0,hyperplane_gauss,20000,20,0.5,0.0,3,real,gradual,4000,0.4,1.0,False,high,slow,real/gradual/K=3/high/slow/global/balanced/clean,0.13057894736842102,0.005842105263157871
scn-b3b897fe535c,2029,HDDM_A,0.8681578947368421,0.12808301899985963,3,3.0,3.0,3.0,0.0,0.0,0.0,1.0,1.0,1.0,0.0,2097.6666666666665,2080.0,inf,1000.0,inf,0.47672016526299066,0.0,1000.0,hyperplane_gauss,20000,20,0.5,0.0,3,real,gradual,4000,0.4,1.0,False,high,slow,real/gradual/K=3/high/slow/global/balanced/clean,0.1384736842105263,-0.002052631578947417
scn-b3b897fe535c,2029,HDDM_W,0.8682631578947368,0.08372990400039271,3,3.0,3.0,3.0,0.0,0.0,0.0,1.0,1.0,1.0,0.0,2662.0,2548.0,inf,1000.0,inf,0.3756574004507889,0.0,1000.0,hyperplane_gauss,20000,20,0.5,0.0,3,real,gradual,4000,0.4,1.0,False,high,slow,real/gradual/K=3/high/slow/global/balanced/clean,0.13857894736842102,-0.0021578947368421364
scn-b3b897fe535c,2029,FHDDM,0.8717894736842106,0.03441488299995399,3,3.0,3.0,3.0,0.0,0.0,0.0,1.0,1.0,1.0,0.0,2297.3333333333335,2330.0,inf,1000.0,inf,0.4352872896111433,0.0,1000.0,hyperplane_gauss,20000,20,0.5,0.0,3,real,gradual,4000,0.4,1.0,False,high,slow,real/gradual/K=3/high/slow/global/balanced/clean,0.14210526315789473,-0.005684210526315847
scn-b3b897fe535c,2029,NoDrift,0.7296842105263158,0.025725142000283086,0,3.0,0.0,0.0,3.0,0.0,0.0,,0.0,0.0,1.0,,,inf,1000.0,,,0.0,1000.0,hyperplane_gauss,20000,20,0.5,0.0,3,real,gradual,4000,0.4,1.0,False,high,slow,real/gradual/K=3/high/slow/global/balanced/clean,0.0,0.1364210526315789
scn-b3b897fe535c,2029,Periodic(2000),0.8487894736842105,0.02766211799962548,9,3.0,9.0,3.0,0.0,0.0,6.0,0.3333333333333333,1.0,0.5,0.0,1500.3333333333333,1500.0,inf,1000.0,inf,0.666518551433015,0.0,1000.0,hyperplane_gauss,20000,20,0.5,0.0,3,real,gradual,4000,0.4,1.0,False,high,slow,real/gradual/K=3/high/slow/global/balanced/clean,0.11910526315789471,0.017315789473684173
scn-b3b897fe535c,2029,Oracle,0.8661052631578947,0.03220273799979623,3,3.0,3.0,3.0,0.0,0.0,0.0,1.0,1.0,1.0,0.0,2001.0,2001.0,inf,1000.0,inf,0.49975012493753124,0.0,1000.0,hyperplane_gauss,20000,20,0.5,0.0,3,real,gradual,4000,0.4,1.0,False,high,slow,real/gradual/K=3/high/slow/global/balanced/clean,0.1364210526315789,-0.0
