scenario_id,seed,detector,accuracy,runtime_s,n_resets,n_events,n_detections,tp,fn,fp_out,fp_red,precision,recall,f1,mdr,mtd,median_delay,mtfa,mtfa_capped,mtr,mtr_capped,far,t_stable,family,n,d,pi0,eta,K,kind,form,width,magnitude,alpha,recurring,severity,speed,signature,delta_accuracy,oracle_gap,λ
scn-c91a988fac6a,0,ADWIN,0.8686315789473684,0.05930132499997853,20,3.0,20.0,3.0,0.0,12.0,5.0,0.15,1.0,0.2608695652173913,0.0,229.66666666666666,240.0,1033.3333333333333,1033.3333333333333,4.499274310595065,4.499274310595065,0.967741935483871,12400.0,hyperplane_gauss,20000,20,0.5,0.0,3,real,gradual,200,0.4,1.0,False,high,fast,real/gradual/K=3/high/fast/global/balanced/clean,0.14373684210526316,0.0677368421052632,0.0
scn-c91a988fac6a,0,KSWIN,0.7814210526315789,4.183454969000195,1,3.0,1.0,1.0,2.0,0.0,0.0,1.0,0.3333333333333333,0.5,0.6666666666666667,1302.0,1302.0,inf,12400.0,inf,3.174603174603174,0.0,12400.0,hyperplane_gauss,20000,20,0.5,0.0,3,real,gradual,200,0.4,1.0,False,high,fast,real/gradual/K=3/high/fast/global/balanced/clean,0.05652631578947365,0.15494736842105272,0.0
scn-c91a988fac6a,0,PageHinkley,0.8506842105263158,0.07333319700001084,23,3.0,23.0,3.0,0.0,16.0,4.0,0.13043478260869565,1.0,0.23076923076923078,0.0,736.0,486.0,775.0,775.0,1.0529891304347827,1.0529891304347827,1.2903225806451613,12400.0,hyperplane_gauss,20000,20,0.5,0.0,3,real,gradual,200,0.4,1.0,False,high,fast,real/gradual/K=3/high/fast/global/balanced/clean,0.12578947368421056,0.08568421052631581,0.0
scn-c91a988fac6a,0,PageHinkley-up,0.9314736842105263,0.0405127750000247,3,3.0,3.0,3.0,0.0,0.0,0.0,1.0,1.0,1.0,0.0,247.66666666666666,242.0,inf,12400.0,inf,50.06729475100942,0.0,12400.0,hyperplane_gauss,20000,20,0.5,0.0,3,real,gradual,200,0.4,1.0,False,high,fast,real/gradual/K=3/high/fast/global/balanced/clean,0.20657894736842108,0.004894736842105285,0.0
scn-c91a988fac6a,0,DDM,0.9298947368421052,0.04242337300001964,4,3.0,4.0,3.0,0.0,1.0,0.0,0.75,1.0,0.8571428571428571,0.0,210.0,210.0,12400.0,12400.0,59.04761904761905,59.04761904761905,0.08064516129032258,12400.0,hyperplane_gauss,20000,20,0.5,0.0,3,real,gradual,200,0.4,1.0,False,high,fast,real/gradual/K=3/high/fast/global/balanced/clean,0.20499999999999996,0.006473684210526409,0.0
scn-c91a988fac6a,0,EDDM,0.9254210526315789,0.0404012630001489,5,3.0,5.0,3.0,0.0,0.0,2.0,0.6,1.0,0.7499999999999999,0.0,291.6666666666667,309.0,inf,12400.0,inf,42.51428571428571,0.0,12400.0,hyperplane_gauss,20000,20,0.5,0.0,3,real,gradual,200,0.4,1.0,False,high,fast,real/gradual/K=3/high/fast/global/balanced/clean,0.20052631578947366,0.010947368421052706,0.0
scn-c91a988fac6a,0,HDDM_A,0.9344736842105263,0.15444681899998614,3,3.0,3.0,3.0,0.0,0.0,0.0,1.0,1.0,1.0,0.0,172.33333333333334,169.0,inf,12400.0,inf,71.95357833655706,0.0,12400.0,hyperplane_gauss,20000,20,0.5,0.0,3,real,gradual,200,0.4,1.0,False,high,fast,real/gradual/K=3/high/fast/global/balanced/clean,0.2095789473684211,0.0018947368421052824,0.0
scn-c91a988fac6a,0,HDDM_W,0.933,0.09117131499988318,3,3.0,3.0,3.0,0.0,0.0,0.0,1.0,1.0,1.0,0.0,213.0,207.0,inf,12400.0,inf,58.21596244131455,0.0,12400.0,hyperplane_gauss,20000,20,0.5,0.0,3,real,gradual,200,0.4,1.0,False,high,fast,real/gradual/K=3/high/fast/global/balanced/clean,0.2081052631578948,0.003368421052631576,0.0
scn-c91a988fac6a,0,FHDDM,0.9344736842105263,0.037995413999851735,3,3.0,3.0,3.0,0.0,0.0,0.0,1.0,1.0,1.0,0.0,181.66666666666666,181.0,inf,12400.0,inf,68.25688073394495,0.0,12400.0,hyperplane_gauss,20000,20,0.5,0.0,3,real,gradual,200,0.4,1.0,False,high,fast,real/gradual/K=3/high/fast/global/balanced/clean,0.2095789473684211,0.0018947368421052824,0.0
scn-c91a988fac6a,0,NoDrift,0.7248947368421053,0.025939820000075997,0,3.0,0.0,0.0,3.0,0.0,0.0,,0.0,0.0,1.0,,,inf,12400.0,,,0.0,12400.0,hyperplane_gauss,20000,20,0.5,0.0,3,real,gradual,200,0.4,1.0,False,high,fast,real/gradual/K=3/high/fast/global/balanced/clean,0.0,0.21147368421052637,0.0
scn-c91a988fac6a,0,Periodic(2000),0.881578947368421,0.0287461190000613,9,3.0,9.0,3.0,0.0,6.0,0.0,0.3333333333333333,1.0,0.5,0.0,1600.3333333333333,1600.0,2066.6666666666665,2066.6666666666665,1.2913976254946886,1.2913976254946886,0.4838709677419355,12400.0,hyperplane_gauss,20000,20,0.5,0.0,3,real,gradual,200,0.4,1.0,False,high,fast,real/gradual/K=3/high/fast/global/balanced/clean,0.15668421052631576,0.05478947368421061,0.0
scn-c91a988fac6a,0,Oracle,0.9363684210526316,0.03247087999989162,3,3.0,3.0,3.0,0.0,0.0,0.0,1.0,1.0,1.0,0.0,101.0,101.0,inf,12400.0,inf,122.77227722772277,0.0,12400.0,hyperplane_gauss,20000,20,0.5,0.0,3,real,gradual,200,0.4,1.0,False,high,fast,real/gradual/K=3/high/fast/global/balanced/clean,0.21147368421052637,-0.0,0.0
scn-53c2a69b46bc,1,ADWIN,0.8783684210526316,0.05382998999994015,17,3.0,17.0,3.0,0.0,9.0,5.0,0.17647058823529413,1.0,0.3,0.0,357.6666666666667,243.0,1377.7777777777778,1377.7777777777778,3.8521279900590244,3.8521279900590244,0.7258064516129032,12400.0,hyperplane_gauss,20000,20,0.5,0.0,3,real,gradual,200,0.4,1.0,False,high,fast,real/gradual/K=3/high/fast/global/balanced/clean,0.14,0.05468421052631578,0.0
scn-53c2a69b46bc,1,KSWIN,0.863,4.055295600000136,2,3.0,2.0,2.0,1.0,0.0,0.0,1.0,0.6666666666666666,0.8,0.33333333333333337,771.5,771.5,inf,12400.0,inf,10.715057247785698,0.0,12400.0,hyperplane_gauss,20000,20,0.5,0.0,3,real,gradual,200,0.4,1.0,False,high,fast,real/gradual/K=3/high/fast/global/balanced/clean,0.12463157894736843,0.07005263157894737,0.0
scn-53c2a69b46bc,1,PageHinkley,0.8551578947368421,0.07201794599995992,24,3.0,24.0,3.0,0.0,15.0,6.0,0.125,1.0,0.2222222222222222,0.0,436.6666666666667,479.0,826.6666666666666,826.6666666666666,1.8931297709923662,1.8931297709923662,1.2096774193548387,12400.0,hyperplane_gauss,20000,20,0.5,0.0,3,real,gradual,200,0.4,1.0,False,high,fast,real/gradual/K=3/high/fast/global/balanced/clean,0.11678947368421055,0.07789473684210524,0.0
scn-53c2a69b46bc,1,PageHinkley-up,0.9303157894736842,0.039832711999679304,3,3.0,3.0,3.0,0.0,0.0,0.0,1.0,1.0,1.0,0.0,253.66666666666666,242.0,inf,12400.0,inf,48.88304862023653,0.0,12400.0,hyperplane_gauss,20000,20,0.5,0.0,3,real,gradual,200,0.4,1.0,False,high,fast,real/gradual/K=3/high/fast/global/balanced/clean,0.19194736842105264,0.0027368421052631486,0.0
scn-53c2a69b46bc,1,DDM,0.9268421052631579,0.04331058000025223,4,3.0,4.0,3.0,0.0,1.0,0.0,0.75,1.0,0.8571428571428571,0.0,217.0,215.0,12400.0,12400.0,57.142857142857146,57.142857142857146,0.08064516129032258,12400.0,hyperplane_gauss,20000,20,0.5,0.0,3,real,gradual,200,0.4,1.0,False,high,fast,real/gradual/K=3/high/fast/global/balanced/clean,0.18847368421052635,0.006210526315789444,0.0
scn-53c2a69b46bc,1,EDDM,0.9208947368421052,0.04189453200024218,6,3.0,6.0,3.0,0.0,2.0,1.0,0.5,1.0,0.6666666666666666,0.0,303.0,303.0,6200.0,6200.0,20.462046204620464,20.462046204620464,0.16129032258064516,12400.0,hyperplane_gauss,20000,20,0.5,0.0,3,real,gradual,200,0.4,1.0,False,high,fast,real/gradual/K=3/high/fast/global/balanced/clean,0.18252631578947365,0.012157894736842145,0.0
scn-53c2a69b46bc,1,HDDM_A,0.9337894736842105,0.14554397100027927,3,3.0,3.0,3.0,0.0,0.0,0.0,1.0,1.0,1.0,0.0,149.33333333333334,150.0,inf,12400.0,inf,83.03571428571428,0.0,12400.0,hyperplane_gauss,20000,20,0.5,0.0,3,real,gradual,200,0.4,1.0,False,high,fast,real/gradual/K=3/high/fast/global/balanced/clean,0.19542105263157894,-0.0007368421052631469,0.0
scn-53c2a69b46bc,1,HDDM_W,0.9313157894736842,0.08781413800033988,3,3.0,3.0,3.0,0.0,0.0,0.0,1.0,1.0,1.0,0.0,236.33333333333334,220.0,inf,12400.0,inf,52.46826516220028,0.0,12400.0,hyperplane_gauss,20000,20,0.5,0.0,3,real,gradual,200,0.4,1.0,False,high,fast,real/gradual/K=3/high/fast/global/balanced/clean,0.19294736842105265,0.0017368421052631478,0.0
scn-53c2a69b46bc,1,FHDDM,0.9338421052631579,0.03651443899980222,3,3.0,3.0,3.0,0.0,0.0,0.0,1.0,1.0,1.0,0.0,165.66666666666666,158.0,inf,12400.0,inf,74.84909456740444,0.0,12400.0,hyperplane_gauss,20000,20,0.5,0.0,3,real,gradual,200,0.4,1.0,False,high,fast,real/gradual/K=3/high/fast/global/balanced/clean,0.19547368421052636,-0.0007894736842105621,0.0
scn-53c2a69b46bc,1,NoDrift,0.7383684210526316,0.026422315000218077,0,3.0,0.0,0.0,3.0,0.0,0.0,,0.0,0.0,1.0,,,inf,12400.0,,,0.0,12400.0,hyperplane_gauss,20000,20,0.5,0.0,3,real,gradual,200,0.4,1.0,False,high,fast,real/gradual/K=3/high/fast/global/balanced/clean,0.0,0.1946842105263158,0.0
scn-53c2a69b46bc,1,Periodic(2000),0.877421052631579,0.027663811999900645,9,3.0,9.0,3.0,0.0,6.0,0.0,0.3333333333333333,1.0,0.5,0.0,1600.3333333333333,1600.0,2066.6666666666665,2066.6666666666665,1.2913976254946886,1.2913976254946886,0.4838709677419355,12400.0,hyperplane_gauss,20000,20,0.5,0.0,3,real,gradual,200,0.4,1.0,False,high,fast,real/gradual/K=3/high/fast/global/balanced/clean,0.13905263157894743,0.055631578947368365,0.0
scn-53c2a69b46bc,1,Oracle,0.9330526315789474,0.031666884000060236,3,3.0,3.0,3.0,0.0,0.0,0.0,1.0,1.0,1.0,0.0,101.0,101.0,inf,12400.0,inf,122.77227722772277,0.0,12400.0,hyperplane_gauss,20000,20,0.5,0.0,3,real,gradual,200,0.4,1.0,False,high,fast,real/gradual/K=3/high/fast/global/balanced/clean,0.1946842105263158,-0.0,0.0
scn-8411dfa83501,2,ADWIN,0.873578947368421,0.050871266000285686,16,3.0,16.0,3.0,0.0,9.0,4.0,0.1875,1.0,0.3157894736842105,0.0,816.3333333333334,307.0,1377.7777777777778,1377.7777777777778,1.6877637130801688,1.6877637130801688,0.7258064516129032,12400.0,hyperplane_gauss,20000,20,0.5,0.0,3,real,gradual,200,0.4,1.0,False,high,fast,real/gradual/K=3/high/fast/global/balanced/clean,0.14621052631578946,0.06305263157894736,0.0
scn-8411dfa83501,2,KSWIN,0.8054736842105263,3.9929315740000675,1,3.0,1.0,1.0,2.0,0.0,0.0,1.0,0.3333333333333333,0.5,0.6666666666666667,170.0,170.0,inf,12400.0,inf,24.31372549019607,0.0,12400.0,hyperplane_gauss,20000,20,0.5,0.0,3,real,gradual,200,0.4,1.0,False,high,fast,real/gradual/K=3/high/fast/global/balanced/clean,0.07810526315789479,0.13115789473684203,0.0
scn-8411dfa83501,2,PageHinkley,0.8609473684210527,0.07003610799984017,19,3.0,19.0,3.0,0.0,12.0,4.0,0.15789473684210525,1.0,0.2727272727272727,0.0,850.0,499.0,1033.3333333333333,1033.3333333333333,1.2156862745098038,1.2156862745098038,0.967741935483871,12400.0,hyperplane_gauss,20000,20,0.5,0.0,3,real,gradual,200,0.4,1.0,False,high,fast,real/gradual/K=3/high/fast/global/balanced/clean,0.13357894736842113,0.07568421052631569,0.0
scn-8411dfa83501,2,PageHinkley-up,0.9356842105263158,0.04278618699981962,3,3.0,3.0,3.0,0.0,0.0,0.0,1.0,1.0,1.0,0.0,258.3333333333333,258.0,inf,12400.0,inf,48.0,0.0,12400.0,hyperplane_gauss,20000,20,0.5,0.0,3,real,gradual,200,0.4,1.0,False,high,fast,real/gradual/K=3/high/fast/global/balanced/clean,0.20831578947368423,0.0009473684210525857,0.0
scn-8411dfa83501,2,DDM,0.9325789473684211,0.04548646499961251,4,3.0,4.0,3.0,0.0,1.0,0.0,0.75,1.0,0.8571428571428571,0.0,226.33333333333334,229.0,12400.0,12400.0,54.78645066273932,54.78645066273932,0.08064516129032258,12400.0,hyperplane_gauss,20000,20,0.5,0.0,3,real,gradual,200,0.4,1.0,False,high,fast,real/gradual/K=3/high/fast/global/balanced/clean,0.2052105263157895,0.004052631578947308,0.0
scn-8411dfa83501,2,EDDM,0.9286842105263158,0.03910672199981491,4,3.0,4.0,3.0,0.0,1.0,0.0,0.75,1.0,0.8571428571428571,0.0,297.6666666666667,335.0,12400.0,12400.0,41.65733482642777,41.65733482642777,0.08064516129032258,12400.0,hyperplane_gauss,20000,20,0.5,0.0,3,real,gradual,200,0.4,1.0,False,high,fast,real/gradual/K=3/high/fast/global/balanced/clean,0.20131578947368423,0.007947368421052592,0.0
scn-8411dfa83501,2,HDDM_A,0.9373157894736842,0.149282600999868,3,3.0,3.0,3.0,0.0,0.0,0.0,1.0,1.0,1.0,0.0,192.66666666666666,197.0,inf,12400.0,inf,64.3598615916955,0.0,12400.0,hyperplane_gauss,20000,20,0.5,0.0,3,real,gradual,200,0.4,1.0,False,high,fast,real/gradual/K=3/high/fast/global/balanced/clean,0.20994736842105266,-0.0006842105263158427,0.0
scn-8411dfa83501,2,HDDM_W,0.9363157894736842,0.09226686599959066,3,3.0,3.0,3.0,0.0,0.0,0.0,1.0,1.0,1.0,0.0,231.66666666666666,233.0,inf,12400.0,inf,53.52517985611511,0.0,12400.0,hyperplane_gauss,20000,20,0.5,0.0,3,real,gradual,200,0.4,1.0,False,high,fast,real/gradual/K=3/high/fast/global/balanced/clean,0.20894736842105266,0.0003157894736841582,0.0
scn-8411dfa83501,2,FHDDM,0.9371052631578948,0.04067898299990702,3,3.0,3.0,3.0,0.0,0.0,0.0,1.0,1.0,1.0,0.0,213.33333333333334,216.0,inf,12400.0,inf,58.125,0.0,12400.0,hyperplane_gauss,20000,20,0.5,0.0,3,real,gradual,200,0.4,1.0,False,high,fast,real/gradual/K=3/high/fast/global/balanced/clean,0.20973684210526322,-0.00047368421052640386,0.0
scn-8411dfa83501,2,NoDrift,0.7273684210526316,0.027923099999952683,0,3.0,0.0,0.0,3.0,0.0,0.0,,0.0,0.0,1.0,,,inf,12400.0,,,0.0,12400.0,hyperplane_gauss,20000,20,0.5,0.0,3,real,gradual,200,0.4,1.0,False,high,fast,real/gradual/K=3/high/fast/global/balanced/clean,0.0,0.20926315789473682,0.0
scn-8411dfa83501,2,Periodic(2000),0.8820526315789474,0.03134222699964084,9,3.0,9.0,3.0,0.0,6.0,0.0,0.3333333333333333,1.0,0.5,0.0,1600.3333333333333,1600.0,2066.6666666666665,2066.6666666666665,1.2913976254946886,1.2913976254946886,0.4838709677419355,12400.0,hyperplane_gauss,20000,20,0.5,0.0,3,real,gradual,200,0.4,1.0,False,high,fast,real/gradual/K=3/high/fast/global/balanced/clean,0.15468421052631587,0.05457894736842095,0.0
scn-8411dfa83501,2,Oracle,0.9366315789473684,0.03631220600027518,3,3.0,3.0,3.0,0.0,0.0,0.0,1.0,1.0,1.0,0.0,101.0,101.0,inf,12400.0,inf,122.77227722772277,0.0,12400.0,hyperplane_gauss,20000,20,0.5,0.0,3,real,gradual,200,0.4,1.0,False,high,fast,real/gradual/K=3/high/fast/global/balanced/clean,0.20926315789473682,-0.0,0.0
scn-ec5639263e0e,0,ADWIN,0.8554736842105263,0.049511850000271806,16,3.0,16.0,3.0,0.0,8.0,5.0,0.1875,1.0,0.3157894736842105,0.0,339.3333333333333,374.0,1523.75,1523.75,4.490422396856582,4.490422396856582,0.6562756357670222,12190.0,hyperplane_gauss,20000,20,0.46,0.020000000000000004,3,real,gradual,270,0.32490095854249423,0.92,False,high,fast,real/gradual/K=3/high/fast/partial/balanced/noisy,0.09373684210526312,0.058157894736842186,0.1
scn-ec5639263e0e,0,KSWIN,0.8263157894736842,4.033257819000028,1,3.0,1.0,1.0,2.0,0.0,0.0,1.0,0.3333333333333333,0.5,0.6666666666666667,1704.0,1704.0,inf,12190.0,inf,2.3845852895148663,0.0,12190.0,hyperplane_gauss,20000,20,0.46,0.020000000000000004,3,real,gradual,270,0.32490095854249423,0.92,False,high,fast,real/gradual/K=3/high/fast/partial/balanced/noisy,0.06457894736842107,0.08731578947368424,0.1
scn-ec5639263e0e,0,PageHinkley,0.8378947368421052,0.07094707600026595,22,3.0,22.0,3.0,0.0,14.0,5.0,0.13636363636363635,1.0,0.24000000000000002,0.0,727.3333333333334,334.0,870.7142857142857,870.7142857142857,1.1971323818253239,1.1971323818253239,1.1484823625922889,12190.0,hyperplane_gauss,20000,20,0.46,0.020000000000000004,3,real,gradual,270,0.32490095854249423,0.92,False,high,fast,real/gradual/K=3/high/fast/partial/balanced/noisy,0.07615789473684209,0.07573684210526321,0.1
scn-ec5639263e0e,0,PageHinkley-up,0.909,0.040397545999894646,3,3.0,3.0,3.0,0.0,0.0,0.0,1.0,1.0,1.0,0.0,322.3333333333333,329.0,inf,12190.0,inf,37.81799379524302,0.0,12190.0,hyperplane_gauss,20000,20,0.46,0.020000000000000004,3,real,gradual,270,0.32490095854249423,0.92,False,high,fast,real/gradual/K=3/high/fast/partial/balanced/noisy,0.14726315789473687,0.004631578947368431,0.1
scn-ec5639263e0e,0,DDM,0.91,0.03984611799978666,3,3.0,3.0,3.0,0.0,0.0,0.0,1.0,1.0,1.0,0.0,295.0,315.0,inf,12190.0,inf,41.32203389830509,0.0,12190.0,hyperplane_gauss,20000,20,0.46,0.020000000000000004,3,real,gradual,270,0.32490095854249423,0.92,False,high,fast,real/gradual/K=3/high/fast/partial/balanced/noisy,0.14826315789473687,0.00363157894736843,0.1
scn-ec5639263e0e,0,EDDM,0.8900526315789473,0.04495948000021599,8,3.0,8.0,3.0,0.0,2.0,3.0,0.375,1.0,0.5454545454545454,0.0,481.0,571.0,6095.0,6095.0,12.671517671517671,12.671517671517671,0.16406890894175555,12190.0,hyperplane_gauss,20000,20,0.46,0.020000000000000004,3,real,gradual,270,0.32490095854249423,0.92,False,high,fast,real/gradual/K=3/high/fast/partial/balanced/noisy,0.12831578947368416,0.023578947368421144,0.1
scn-ec5639263e0e,0,HDDM_A,0.9112105263157895,0.1324970900000153,3,3.0,3.0,3.0,0.0,0.0,0.0,1.0,1.0,1.0,0.0,230.0,249.0,inf,12190.0,inf,53.0,0.0,12190.0,hyperplane_gauss,20000,20,0.46,0.020000000000000004,3,real,gradual,270,0.32490095854249423,0.92,False,high,fast,real/gradual/K=3/high/fast/partial/balanced/noisy,0.14947368421052631,0.0024210526315789904,0.1
scn-ec5639263e0e,0,HDDM_W,0.9083157894736842,0.08540851099996871,3,3.0,3.0,3.0,0.0,0.0,0.0,1.0,1.0,1.0,0.0,313.3333333333333,335.0,inf,12190.0,inf,38.90425531914894,0.0,12190.0,hyperplane_gauss,20000,20,0.46,0.020000000000000004,3,real,gradual,270,0.32490095854249423,0.92,False,high,fast,real/gradual/K=3/high/fast/partial/balanced/noisy,0.14657894736842103,0.005315789473684274,0.1
scn-ec5639263e0e,0,FHDDM,0.91,0.03700101499998709,3,3.0,3.0,3.0,0.0,0.0,0.0,1.0,1.0,1.0,0.0,248.66666666666666,265.0,inf,12190.0,inf,49.02144772117963,0.0,12190.0,hyperplane_gauss,20000,20,0.46,0.020000000000000004,3,real,gradual,270,0.32490095854249423,0.92,False,high,fast,real/gradual/K=3/high/fast/partial/balanced/noisy,0.14826315789473687,0.00363157894736843,0.1
scn-ec5639263e0e,0,NoDrift,0.7617368421052632,0.025072917000215966,0,3.0,0.0,0.0,3.0,0.0,0.0,,0.0,0.0,1.0,,,inf,12190.0,,,0.0,12190.0,hyperplane_gauss,20000,20,0.46,0.020000000000000004,3,real,gradual,270,0.32490095854249423,0.92,False,high,fast,real/gradual/K=3/high/fast/partial/balanced/noisy,0.0,0.1518947368421053,0.1
scn-ec5639263e0e,0,Periodic(2000),0.8691052631578947,0.027608102000158397,9,3.0,9.0,3.0,0.0,6.0,0.0,0.3333333333333333,1.0,0.5,0.0,1635.3333333333333,1635.0,2031.6666666666667,2031.6666666666667,1.2423562984101102,1.2423562984101102,0.4922067268252666,12190.0,hyperplane_gauss,20000,20,0.46,0.020000000000000004,3,real,gradual,270,0.32490095854249423,0.92,False,high,fast,real/gradual/K=3/high/fast/partial/balanced/noisy,0.10736842105263156,0.04452631578947375,0.1
scn-ec5639263e0e,0,Oracle,0.9136315789473685,0.03206711599978007,3,3.0,3.0,3.0,0.0,0.0,0.0,1.0,1.0,1.0,0.0,136.0,136.0,inf,12190.0,inf,89.63235294117646,0.0,12190.0,hyperplane_gauss,20000,20,0.46,0.020000000000000004,3,real,gradual,270,0.32490095854249423,0.92,False,high,fast,real/gradual/K=3/high/fast/partial/balanced/noisy,0.1518947368421053,-0.0,0.1
scn-b95bbc0c2d1e,1,ADWIN,0.8601578947368421,0.051721909000207233,14,3.0,14.0,3.0,0.0,8.0,3.0,0.21428571428571427,1.0,0.35294117647058826,0.0,958.0,531.0,1523.75,1523.75,1.590553235908142,1.590553235908142,0.6562756357670222,12190.0,hyperplane_gauss,20000,20,0.46,0.020000000000000004,3,real,gradual,270,0.32490095854249423,0.92,False,high,fast,real/gradual/K=3/high/fast/partial/balanced/noisy,0.07694736842105265,0.05426315789473679,0.1
scn-b95bbc0c2d1e,1,KSWIN,0.7832105263157895,4.7011511989999235,0,3.0,0.0,0.0,3.0,0.0,0.0,,0.0,0.0,1.0,,,inf,12190.0,,,0.0,12190.0,hyperplane_gauss,20000,20,0.46,0.020000000000000004,3,real,gradual,270,0.32490095854249423,0.92,False,high,fast,real/gradual/K=3/high/fast/partial/balanced/noisy,0.0,0.13121052631578944,0.1
scn-b95bbc0c2d1e,1,PageHinkley,0.8415789473684211,0.08193830299978799,22,3.0,22.0,3.0,0.0,14.0,5.0,0.13636363636363635,1.0,0.24000000000000002,0.0,470.3333333333333,356.0,870.7142857142857,870.7142857142857,1.851270628733421,1.851270628733421,1.1484823625922889,12190.0,hyperplane_gauss,20000,20,0.46,0.020000000000000004,3,real,gradual,270,0.32490095854249423,0.92,False,high,fast,real/gradual/K=3/high/fast/partial/balanced/noisy,0.058368421052631625,0.07284210526315782,0.1
scn-b95bbc0c2d1e,1,PageHinkley-up,0.9104210526315789,0.04268607299991345,3,3.0,3.0,3.0,0.0,0.0,0.0,1.0,1.0,1.0,0.0,361.3333333333333,357.0,inf,12190.0,inf,33.73616236162362,0.0,12190.0,hyperplane_gauss,20000,20,0.46,0.020000000000000004,3,real,gradual,270,0.32490095854249423,0.92,False,high,fast,real/gradual/K=3/high/fast/partial/balanced/noisy,0.12721052631578944,0.0040000000000000036,0.1
scn-b95bbc0c2d1e,1,DDM,0.9110526315789473,0.08091551500001515,3,3.0,3.0,3.0,0.0,0.0,0.0,1.0,1.0,1.0,0.0,327.0,353.0,inf,12190.0,inf,37.2782874617737,0.0,12190.0,hyperplane_gauss,20000,20,0.46,0.020000000000000004,3,real,gradual,270,0.32490095854249423,0.92,False,high,fast,real/gradual/K=3/high/fast/partial/balanced/noisy,0.12784210526315787,0.003368421052631576,0.1
scn-b95bbc0c2d1e,1,EDDM,0.9003157894736842,0.04676871099991331,4,3.0,4.0,3.0,0.0,1.0,0.0,0.75,1.0,0.8571428571428571,0.0,506.6666666666667,577.0,12190.0,12190.0,24.059210526315788,24.059210526315788,0.08203445447087777,12190.0,hyperplane_gauss,20000,20,0.46,0.020000000000000004,3,real,gradual,270,0.32490095854249423,0.92,False,high,fast,real/gradual/K=3/high/fast/partial/balanced/noisy,0.11710526315789471,0.014105263157894732,0.1
scn-b95bbc0c2d1e,1,HDDM_A,0.9147894736842105,0.13654365100001087,3,3.0,3.0,3.0,0.0,0.0,0.0,1.0,1.0,1.0,0.0,268.6666666666667,261.0,inf,12190.0,inf,45.37220843672456,0.0,12190.0,hyperplane_gauss,20000,20,0.46,0.020000000000000004,3,real,gradual,270,0.32490095854249423,0.92,False,high,fast,real/gradual/K=3/high/fast/partial/balanced/noisy,0.13157894736842102,-0.00036842105263157343,0.1
scn-b95bbc0c2d1e,1,HDDM_W,0.9090526315789473,0.08859511599985126,3,3.0,3.0,3.0,0.0,0.0,0.0,1.0,1.0,1.0,0.0,381.0,283.0,inf,12190.0,inf,31.99475065616798,0.0,12190.0,hyperplane_gauss,20000,20,0.46,0.020000000000000004,3,real,gradual,270,0.32490095854249423,0.92,False,high,fast,real/gradual/K=3/high/fast/partial/balanced/noisy,0.12584210526315787,0.005368421052631578,0.1
scn-b95bbc0c2d1e,1,FHDDM,0.9134736842105263,0.039993888000026345,3,3.0,3.0,3.0,0.0,0.0,0.0,1.0,1.0,1.0,0.0,282.0,287.0,inf,12190.0,inf,43.226950354609926,0.0,12190.0,hyperplane_gauss,20000,20,0.46,0.020000000000000004,3,real,gradual,270,0.32490095854249423,0.92,False,high,fast,real/gradual/K=3/high/fast/partial/balanced/noisy,0.13026315789473686,0.0009473684210525857,0.1
scn-b95bbc0c2d1e,1,NoDrift,0.7832105263157895,0.02797588299972631,0,3.0,0.0,0.0,3.0,0.0,0.0,,0.0,0.0,1.0,,,inf,12190.0,,,0.0,12190.0,hyperplane_gauss,20000,20,0.46,0.020000000000000004,3,real,gradual,270,0.32490095854249423,0.92,False,high,fast,real/gradual/K=3/high/fast/partial/balanced/noisy,0.0,0.13121052631578944,0.1
scn-b95bbc0c2d1e,1,Periodic(2000),0.8672631578947368,0.03149934899965956,9,3.0,9.0,3.0,0.0,6.0,0.0,0.3333333333333333,1.0,0.5,0.0,1635.3333333333333,1635.0,2031.6666666666667,2031.6666666666667,1.2423562984101102,1.2423562984101102,0.4922067268252666,12190.0,hyperplane_gauss,20000,20,0.46,0.020000000000000004,3,real,gradual,270,0.32490095854249423,0.92,False,high,fast,real/gradual/K=3/high/fast/partial/balanced/noisy,0.08405263157894738,0.047157894736842065,0.1
scn-b95bbc0c2d1e,1,Oracle,0.9144210526315789,0.035656248000123014,3,3.0,3.0,3.0,0.0,0.0,0.0,1.0,1.0,1.0,0.0,136.0,136.0,inf,12190.0,inf,89.63235294117646,0.0,12190.0,hyperplane_gauss,20000,20,0.46,0.020000000000000004,3,real,gradual,270,0.32490095854249423,0.92,False,high,fast,real/gradual/K=3/high/fast/partial/balanced/noisy,0.13121052631578944,-0.0,0.1
scn-43343a408428,2,ADWIN,0.8600526315789474,0.050249827000243386,15,3.0,15.0,3.0,0.0,8.0,4.0,0.2,1.0,0.33333333333333337,0.0,755.3333333333334,241.0,1523.75,1523.75,2.0173212709620474,2.0173212709620474,0.6562756357670222,12190.0,hyperplane_gauss,20000,20,0.46,0.020000000000000004,3,real,gradual,270,0.32490095854249423,0.92,False,high,fast,real/gradual/K=3/high/fast/partial/balanced/noisy,0.10478947368421054,0.05457894736842106,0.1
scn-43343a408428,2,KSWIN,0.7552631578947369,4.653004470999804,0,3.0,0.0,0.0,3.0,0.0,0.0,,0.0,0.0,1.0,,,inf,12190.0,,,0.0,12190.0,hyperplane_gauss,20000,20,0.46,0.020000000000000004,3,real,gradual,270,0.32490095854249423,0.92,False,high,fast,real/gradual/K=3/high/fast/partial/balanced/noisy,0.0,0.1593684210526316,0.1
scn-43343a408428,2,PageHinkley,0.8433157894736842,0.06540145799999664,19,3.0,19.0,3.0,0.0,13.0,3.0,0.15789473684210525,1.0,0.2727272727272727,0.0,907.0,869.0,937.6923076923077,937.6923076923077,1.033839369010262,1.033839369010262,1.066447908121411,12190.0,hyperplane_gauss,20000,20,0.46,0.020000000000000004,3,real,gradual,270,0.32490095854249423,0.92,False,high,fast,real/gradual/K=3/high/fast/partial/balanced/noisy,0.08805263157894738,0.07131578947368422,0.1
scn-43343a408428,2,PageHinkley-up,0.9147368421052632,0.04013359100008529,3,3.0,3.0,3.0,0.0,0.0,0.0,1.0,1.0,1.0,0.0,311.6666666666667,337.0,inf,12190.0,inf,39.11229946524064,0.0,12190.0,hyperplane_gauss,20000,20,0.46,0.020000000000000004,3,real,gradual,270,0.32490095854249423,0.92,False,high,fast,real/gradual/K=3/high/fast/partial/balanced/noisy,0.15947368421052632,-0.0001052631578947194,0.1
scn-43343a408428,2,DDM,0.9106315789473685,0.042804519000128494,4,3.0,4.0,3.0,0.0,1.0,0.0,0.75,1.0,0.8571428571428571,0.0,282.6666666666667,275.0,12190.0,12190.0,43.125,43.125,0.08203445447087777,12190.0,hyperplane_gauss,20000,20,0.46,0.020000000000000004,3,real,gradual,270,0.32490095854249423,0.92,False,high,fast,real/gradual/K=3/high/fast/partial/balanced/noisy,0.1553684210526316,0.0040000000000000036,0.1
scn-43343a408428,2,EDDM,0.9026315789473685,0.04060598900014156,6,3.0,6.0,3.0,0.0,2.0,1.0,0.5,1.0,0.6666666666666666,0.0,425.0,484.0,6095.0,6095.0,14.341176470588236,14.341176470588236,0.16406890894175555,12190.0,hyperplane_gauss,20000,20,0.46,0.020000000000000004,3,real,gradual,270,0.32490095854249423,0.92,False,high,fast,real/gradual/K=3/high/fast/partial/balanced/noisy,0.1473684210526316,0.01200000000000001,0.1
scn-43343a408428,2,HDDM_A,0.9152105263157895,0.1438638679996984,3,3.0,3.0,3.0,0.0,0.0,0.0,1.0,1.0,1.0,0.0,233.33333333333334,242.0,inf,12190.0,inf,52.24285714285714,0.0,12190.0,hyperplane_gauss,20000,20,0.46,0.020000000000000004,3,real,gradual,270,0.32490095854249423,0.92,False,high,fast,real/gradual/K=3/high/fast/partial/balanced/noisy,0.15994736842105262,-0.0005789473684210122,0.1
scn-43343a408428,2,HDDM_W,0.9145263157894736,0.08569448600019314,3,3.0,3.0,3.0,0.0,0.0,0.0,1.0,1.0,1.0,0.0,251.33333333333334,256.0,inf,12190.0,inf,48.50132625994695,0.0,12190.0,hyperplane_gauss,20000,20,0.46,0.020000000000000004,3,real,gradual,270,0.32490095854249423,0.92,False,high,fast,real/gradual/K=3/high/fast/partial/balanced/noisy,0.15926315789473677,0.00010526315789483043,0.1
scn-43343a408428,2,FHDDM,0.9158947368421053,0.03731058399989706,3,3.0,3.0,3.0,0.0,0.0,0.0,1.0,1.0,1.0,0.0,243.0,274.0,inf,12190.0,inf,50.16460905349794,0.0,12190.0,hyperplane_gauss,20000,20,0.46,0.020000000000000004,3,real,gradual,270,0.32490095854249423,0.92,False,high,fast,real/gradual/K=3/high/fast/partial/balanced/noisy,0.16063157894736846,-0.001263157894736855,0.1
scn-43343a408428,2,NoDrift,0.7552631578947369,0.025595708999844646,0,3.0,0.0,0.0,3.0,0.0,0.0,,0.0,0.0,1.0,,,inf,12190.0,,,0.0,12190.0,hyperplane_gauss,20000,20,0.46,0.020000000000000004,3,real,gradual,270,0.32490095854249423,0.92,False,high,fast,real/gradual/K=3/high/fast/partial/balanced/noisy,0.0,0.1593684210526316,0.1
scn-43343a408428,2,Periodic(2000),0.8682631578947368,0.028011718000016117,9,3.0,9.0,3.0,0.0,6.0,0.0,0.3333333333333333,1.0,0.5,0.0,1635.3333333333333,1635.0,2031.6666666666667,2031.6666666666667,1.2423562984101102,1.2423562984101102,0.4922067268252666,12190.0,hyperplane_gauss,20000,20,0.46,0.020000000000000004,3,real,gradual,270,0.32490095854249423,0.92,False,high,fast,real/gradual/K=3/high/fast/partial/balanced/noisy,0.11299999999999999,0.046368421052631614,0.1
scn-43343a408428,2,Oracle,0.9146315789473685,0.031950812000104634,3,3.0,3.0,3.0,0.0,0.0,0.0,1.0,1.0,1.0,0.0,136.0,136.0,inf,12190.0,inf,89.63235294117646,0.0,12190.0,hyperplane_gauss,20000,20,0.46,0.020000000000000004,3,real,gradual,270,0.32490095854249423,0.92,False,high,fast,real/gradual/K=3/high/fast/partial/balanced/noisy,0.1593684210526316,-0.0,0.1
scn-14de122ecf9f,0,ADWIN,0.850421052631579,0.04193806000012046,9,3.0,9.0,2.0,1.0,6.0,1.0,0.2222222222222222,0.6666666666666666,0.3333333333333333,0.33333333333333337,1089.0,1089.0,1984.6666666666667,1984.6666666666667,1.214978063462912,1.214978063462912,0.5038629492777964,11908.0,hyperplane_gauss,20000,20,0.42000000000000004,0.04000000000000001,3,real,gradual,364,0.2639015821545788,0.8400000000000001,False,medium,fast,real/gradual/K=3/medium/fast/partial/balanced/noisy,0.05668421052631578,0.041421052631578914,0.2
scn-14de122ecf9f,0,KSWIN,0.8041052631578948,4.583677926999826,1,3.0,1.0,0.0,3.0,1.0,0.0,0.0,0.0,0.0,1.0,,,11908.0,11908.0,,,0.08397715821296607,11908.0,hyperplane_gauss,20000,20,0.42000000000000004,0.04000000000000001,3,real,gradual,364,0.2639015821545788,0.8400000000000001,False,medium,fast,real/gradual/K=3/medium/fast/partial/balanced/noisy,0.010368421052631582,0.08773684210526311,0.2
scn-14de122ecf9f,0,PageHinkley,0.8280526315789474,0.06283624299976509,19,3.0,19.0,3.0,0.0,10.0,6.0,0.15789473684210525,1.0,0.2727272727272727,0.0,446.0,553.0,1190.8,1190.8,2.6699551569506728,2.6699551569506728,0.8397715821296607,11908.0,hyperplane_gauss,20000,20,0.42000000000000004,0.04000000000000001,3,real,gradual,364,0.2639015821545788,0.8400000000000001,False,medium,fast,real/gradual/K=3/medium/fast/partial/balanced/noisy,0.03431578947368419,0.06378947368421051,0.2
scn-14de122ecf9f,0,PageHinkley-up,0.8826842105263157,0.039909333999730734,3,3.0,3.0,3.0,0.0,0.0,0.0,1.0,1.0,1.0,0.0,483.3333333333333,501.0,inf,11908.0,inf,24.637241379310346,0.0,11908.0,hyperplane_gauss,20000,20,0.42000000000000004,0.04000000000000001,3,real,gradual,364,0.2639015821545788,0.8400000000000001,False,medium,fast,real/gradual/K=3/medium/fast/partial/balanced/noisy,0.08894736842105255,0.009157894736842143,0.2
scn-14de122ecf9f,0,DDM,0.8843684210526316,0.039348048999727325,3,3.0,3.0,3.0,0.0,0.0,0.0,1.0,1.0,1.0,0.0,438.0,402.0,inf,11908.0,inf,27.187214611872147,0.0,11908.0,hyperplane_gauss,20000,20,0.42000000000000004,0.04000000000000001,3,real,gradual,364,0.2639015821545788,0.8400000000000001,False,medium,fast,real/gradual/K=3/medium/fast/partial/balanced/noisy,0.0906315789473684,0.007473684210526299,0.2
scn-14de122ecf9f,0,EDDM,0.8717894736842106,0.042016759000034654,6,3.0,6.0,3.0,0.0,1.0,2.0,0.5,1.0,0.6666666666666666,0.0,749.3333333333334,725.0,11908.0,11908.0,15.891459074733095,15.891459074733095,0.08397715821296607,11908.0,hyperplane_gauss,20000,20,0.42000000000000004,0.04000000000000001,3,real,gradual,364,0.2639015821545788,0.8400000000000001,False,medium,fast,real/gradual/K=3/medium/fast/partial/balanced/noisy,0.07805263157894737,0.020052631578947322,0.2
scn-14de122ecf9f,0,HDDM_A,0.8888947368421053,0.16160006200016142,3,3.0,3.0,3.0,0.0,0.0,0.0,1.0,1.0,1.0,0.0,357.6666666666667,380.0,inf,11908.0,inf,33.293569431500465,0.0,11908.0,hyperplane_gauss,20000,20,0.42000000000000004,0.04000000000000001,3,real,gradual,364,0.2639015821545788,0.8400000000000001,False,medium,fast,real/gradual/K=3/medium/fast/partial/balanced/noisy,0.09515789473684211,0.0029473684210525875,0.2
scn-14de122ecf9f,0,HDDM_W,0.8684736842105263,0.08278644799975154,3,3.0,3.0,2.0,1.0,1.0,0.0,0.6666666666666666,0.6666666666666666,0.6666666666666666,0.33333333333333337,466.0,466.0,11908.0,11908.0,17.035765379113016,17.035765379113016,0.08397715821296607,11908.0,hyperplane_gauss,20000,20,0.42000000000000004,0.04000000000000001,3,real,gradual,364,0.2639015821545788,0.8400000000000001,False,medium,fast,real/gradual/K=3/medium/fast/partial/balanced/noisy,0.0747368421052631,0.023368421052631594,0.2
scn-14de122ecf9f,0,FHDDM,0.882578947368421,0.033643873000073654,3,3.0,3.0,3.0,0.0,0.0,0.0,1.0,1.0,1.0,0.0,616.6666666666666,783.0,inf,11908.0,inf,19.310270270270273,0.0,11908.0,hyperplane_gauss,20000,20,0.42000000000000004,0.04000000000000001,3,real,gradual,364,0.2639015821545788,0.8400000000000001,False,medium,fast,real/gradual/K=3/medium/fast/partial/balanced/noisy,0.08884210526315783,0.009263157894736862,0.2
scn-14de122ecf9f,0,NoDrift,0.7937368421052632,0.025270262000049115,0,3.0,0.0,0.0,3.0,0.0,0.0,,0.0,0.0,1.0,,,inf,11908.0,,,0.0,11908.0,hyperplane_gauss,20000,20,0.42000000000000004,0.04000000000000001,3,real,gradual,364,0.2639015821545788,0.8400000000000001,False,medium,fast,real/gradual/K=3/medium/fast/partial/balanced/noisy,0.0,0.0981052631578947,0.2
scn-14de122ecf9f,0,Periodic(2000),0.8523157894736842,0.02763972599996123,9,3.0,9.0,3.0,0.0,5.0,1.0,0.3333333333333333,1.0,0.5,0.0,1015.6666666666666,1349.0,2381.6,2381.6,2.344863800459468,2.344863800459468,0.41988579106483037,11908.0,hyperplane_gauss,20000,20,0.42000000000000004,0.04000000000000001,3,real,gradual,364,0.2639015821545788,0.8400000000000001,False,medium,fast,real/gradual/K=3/medium/fast/partial/balanced/noisy,0.058578947368421064,0.03952631578947363,0.2
scn-14de122ecf9f,0,Oracle,0.8918421052631579,0.03198477299974911,3,3.0,3.0,3.0,0.0,0.0,0.0,1.0,1.0,1.0,0.0,183.0,183.0,inf,11908.0,inf,65.07103825136612,0.0,11908.0,hyperplane_gauss,20000,20,0.42000000000000004,0.04000000000000001,3,real,gradual,364,0.2639015821545788,0.8400000000000001,False,medium,fast,real/gradual/K=3/medium/fast/partial/balanced/noisy,0.0981052631578947,-0.0,0.2
scn-de7638402ace,1,ADWIN,0.8584736842105263,0.03838250299986612,9,3.0,9.0,3.0,0.0,5.0,1.0,0.3333333333333333,1.0,0.5,0.0,1015.6666666666666,453.0,2381.6,2381.6,2.344863800459468,2.344863800459468,0.41988579106483037,11908.0,hyperplane_gauss,20000,20,0.42000000000000004,0.04000000000000001,3,real,gradual,364,0.2639015821545788,0.8400000000000001,False,medium,fast,real/gradual/K=3/medium/fast/partial/balanced/noisy,0.057052631578947355,0.034263157894736884,0.2
scn-de7638402ace,1,KSWIN,0.8253684210526315,4.941428322999855,1,3.0,1.0,1.0,2.0,0.0,0.0,1.0,0.3333333333333333,0.5,0.6666666666666667,1164.0,1164.0,inf,11908.0,inf,3.4100801832760586,0.0,11908.0,hyperplane_gauss,20000,20,0.42000000000000004,0.04000000000000001,3,real,gradual,364,0.2639015821545788,0.8400000000000001,False,medium,fast,real/gradual/K=3/medium/fast/partial/balanced/noisy,0.023947368421052606,0.06736842105263163,0.2
scn-de7638402ace,1,PageHinkley,0.8231052631578948,0.08011939400012125,22,3.0,22.0,3.0,0.0,13.0,6.0,0.13636363636363635,1.0,0.24000000000000002,0.0,676.3333333333334,424.0,916.0,916.0,1.354361754558896,1.354361754558896,1.091703056768559,11908.0,hyperplane_gauss,20000,20,0.42000000000000004,0.04000000000000001,3,real,gradual,364,0.2639015821545788,0.8400000000000001,False,medium,fast,real/gradual/K=3/medium/fast/partial/balanced/noisy,0.02168421052631586,0.06963157894736838,0.2
scn-de7638402ace,1,PageHinkley-up,0.8895263157894737,0.04079948299977332,3,3.0,3.0,3.0,0.0,0.0,0.0,1.0,1.0,1.0,0.0,458.6666666666667,436.0,inf,11908.0,inf,25.96220930232558,0.0,11908.0,hyperplane_gauss,20000,20,0.42000000000000004,0.04000000000000001,3,real,gradual,364,0.2639015821545788,0.8400000000000001,False,medium,fast,real/gradual/K=3/medium/fast/partial/balanced/noisy,0.0881052631578948,0.0032105263157894415,0.2
scn-de7638402ace,1,DDM,0.884,0.04277246500032561,4,3.0,4.0,3.0,0.0,1.0,0.0,0.75,1.0,0.8571428571428571,0.0,466.6666666666667,450.0,11908.0,11908.0,25.517142857142858,25.517142857142858,0.08397715821296607,11908.0,hyperplane_gauss,20000,20,0.42000000000000004,0.04000000000000001,3,real,gradual,364,0.2639015821545788,0.8400000000000001,False,medium,fast,real/gradual/K=3/medium/fast/partial/balanced/noisy,0.08257894736842109,0.008736842105263154,0.2
scn-de7638402ace,1,EDDM,0.8724736842105263,0.03923424499998873,6,3.0,6.0,3.0,0.0,3.0,0.0,0.5,1.0,0.6666666666666666,0.0,739.6666666666666,734.0,3969.3333333333335,3969.3333333333335,5.366381252816584,5.366381252816584,0.2519314746388982,11908.0,hyperplane_gauss,20000,20,0.42000000000000004,0.04000000000000001,3,real,gradual,364,0.2639015821545788,0.8400000000000001,False,medium,fast,real/gradual/K=3/medium/fast/partial/balanced/noisy,0.07105263157894737,0.020263157894736872,0.2
scn-de7638402ace,1,HDDM_A,0.8920526315789473,0.12339559600013672,3,3.0,3.0,3.0,0.0,0.0,0.0,1.0,1.0,1.0,0.0,344.3333333333333,331.0,inf,11908.0,inf,34.582768635043564,0.0,11908.0,hyperplane_gauss,20000,20,0.42000000000000004,0.04000000000000001,3,real,gradual,364,0.2639015821545788,0.8400000000000001,False,medium,fast,real/gradual/K=3/medium/fast/partial/balanced/noisy,0.0906315789473684,0.0006842105263158427,0.2
scn-de7638402ace,1,HDDM_W,0.8871578947368421,0.0822721179997643,3,3.0,3.0,3.0,0.0,0.0,0.0,1.0,1.0,1.0,0.0,582.3333333333334,453.0,inf,11908.0,inf,20.448769318832284,0.0,11908.0,hyperplane_gauss,20000,20,0.42000000000000004,0.04000000000000001,3,real,gradual,364,0.2639015821545788,0.8400000000000001,False,medium,fast,real/gradual/K=3/medium/fast/partial/balanced/noisy,0.08573684210526322,0.005578947368421017,0.2
scn-de7638402ace,1,FHDDM,0.8923684210526316,0.037381064999863156,3,3.0,3.0,3.0,0.0,0.0,0.0,1.0,1.0,1.0,0.0,358.3333333333333,361.0,inf,11908.0,inf,33.23162790697675,0.0,11908.0,hyperplane_gauss,20000,20,0.42000000000000004,0.04000000000000001,3,real,gradual,364,0.2639015821545788,0.8400000000000001,False,medium,fast,real/gradual/K=3/medium/fast/partial/balanced/noisy,0.09094736842105267,0.00036842105263157343,0.2
scn-de7638402ace,1,NoDrift,0.8014210526315789,0.026128374000109034,0,3.0,0.0,0.0,3.0,0.0,0.0,,0.0,0.0,1.0,,,inf,11908.0,,,0.0,11908.0,hyperplane_gauss,20000,20,0.42000000000000004,0.04000000000000001,3,real,gradual,364,0.2639015821545788,0.8400000000000001,False,medium,fast,real/gradual/K=3/medium/fast/partial/balanced/noisy,0.0,0.09131578947368424,0.2
scn-de7638402ace,1,Periodic(2000),0.8561578947368421,0.02852885900028923,9,3.0,9.0,3.0,0.0,5.0,1.0,0.3333333333333333,1.0,0.5,0.0,1015.6666666666666,1349.0,2381.6,2381.6,2.344863800459468,2.344863800459468,0.41988579106483037,11908.0,hyperplane_gauss,20000,20,0.42000000000000004,0.04000000000000001,3,real,gradual,364,0.2639015821545788,0.8400000000000001,False,medium,fast,real/gradual/K=3/medium/fast/partial/balanced/noisy,0.054736842105263195,0.036578947368421044,0.2
scn-de7638402ace,1,Oracle,0.8927368421052632,0.04306489800001145,3,3.0,3.0,3.0,0.0,0.0,0.0,1.0,1.0,1.0,0.0,183.0,183.0,inf,11908.0,inf,65.07103825136612,0.0,11908.0,hyperplane_gauss,20000,20,0.42000000000000004,0.04000000000000001,3,real,gradual,364,0.2639015821545788,0.8400000000000001,False,medium,fast,real/gradual/K=3/medium/fast/partial/balanced/noisy,0.09131578947368424,-0.0,0.2
scn-3bc2b726cf57,2,ADWIN,0.8463157894736842,0.04219654000007722,9,3.0,9.0,2.0,1.0,6.0,1.0,0.2222222222222222,0.6666666666666666,0.3333333333333333,0.33333333333333337,850.5,850.5,1984.6666666666667,1984.6666666666667,1.5556861976615064,1.5556861976615064,0.5038629492777964,11908.0,hyperplane_gauss,20000,20,0.42000000000000004,0.04000000000000001,3,real,gradual,364,0.2639015821545788,0.8400000000000001,False,medium,fast,real/gradual/K=3/medium/fast/partial/balanced/noisy,0.08284210526315794,0.04347368421052633,0.2
scn-3bc2b726cf57,2,KSWIN,0.7965263157894736,4.403039623000041,1,3.0,1.0,1.0,2.0,0.0,0.0,1.0,0.3333333333333333,0.5,0.6666666666666667,1322.0,1322.0,inf,11908.0,inf,3.0025214321734737,0.0,11908.0,hyperplane_gauss,20000,20,0.42000000000000004,0.04000000000000001,3,real,gradual,364,0.2639015821545788,0.8400000000000001,False,medium,fast,real/gradual/K=3/medium/fast/partial/balanced/noisy,0.033052631578947334,0.09326315789473694,0.2
scn-3bc2b726cf57,2,PageHinkley,0.8338947368421052,0.06527448199994978,16,3.0,16.0,3.0,0.0,9.0,4.0,0.1875,1.0,0.3157894736842105,0.0,949.6666666666666,869.0,1323.111111111111,1323.111111111111,1.3932373932373934,1.3932373932373934,0.7557944239166947,11908.0,hyperplane_gauss,20000,20,0.42000000000000004,0.04000000000000001,3,real,gradual,364,0.2639015821545788,0.8400000000000001,False,medium,fast,real/gradual/K=3/medium/fast/partial/balanced/noisy,0.07042105263157894,0.05589473684210533,0.2
scn-3bc2b726cf57,2,PageHinkley-up,0.888421052631579,0.041227997000078176,3,3.0,3.0,3.0,0.0,0.0,0.0,1.0,1.0,1.0,0.0,440.0,426.0,inf,11908.0,inf,27.063636363636363,0.0,11908.0,hyperplane_gauss,20000,20,0.42000000000000004,0.04000000000000001,3,real,gradual,364,0.2639015821545788,0.8400000000000001,False,medium,fast,real/gradual/K=3/medium/fast/partial/balanced/noisy,0.1249473684210527,0.0013684210526315743,0.2
scn-3bc2b726cf57,2,DDM,0.8891052631578947,0.041105982000317454,3,3.0,3.0,3.0,0.0,0.0,0.0,1.0,1.0,1.0,0.0,409.6666666666667,445.0,inf,11908.0,inf,29.067534580960128,0.0,11908.0,hyperplane_gauss,20000,20,0.42000000000000004,0.04000000000000001,3,real,gradual,364,0.2639015821545788,0.8400000000000001,False,medium,fast,real/gradual/K=3/medium/fast/partial/balanced/noisy,0.12563157894736843,0.0006842105263158427,0.2
scn-3bc2b726cf57,2,EDDM,0.8671578947368421,0.04485491200011893,8,3.0,8.0,3.0,0.0,2.0,3.0,0.375,1.0,0.5454545454545454,0.0,704.0,714.0,5954.0,5954.0,8.457386363636363,8.457386363636363,0.16795431642593214,11908.0,hyperplane_gauss,20000,20,0.42000000000000004,0.04000000000000001,3,real,gradual,364,0.2639015821545788,0.8400000000000001,False,medium,fast,real/gradual/K=3/medium/fast/partial/balanced/noisy,0.10368421052631582,0.022631578947368447,0.2
scn-3bc2b726cf57,2,HDDM_A,0.8902105263157895,0.11974747100020977,3,3.0,3.0,3.0,0.0,0.0,0.0,1.0,1.0,1.0,0.0,358.3333333333333,358.0,inf,11908.0,inf,33.23162790697675,0.0,11908.0,hyperplane_gauss,20000,20,0.42000000000000004,0.04000000000000001,3,real,gradual,364,0.2639015821545788,0.8400000000000001,False,medium,fast,real/gradual/K=3/medium/fast/partial/balanced/noisy,0.12673684210526315,-0.0004210526315788776,0.2
scn-3bc2b726cf57,2,HDDM_W,0.8771052631578947,0.08040206799978478,3,3.0,3.0,3.0,0.0,0.0,0.0,1.0,1.0,1.0,0.0,756.3333333333334,476.0,inf,11908.0,inf,15.744380784486557,0.0,11908.0,hyperplane_gauss,20000,20,0.42000000000000004,0.04000000000000001,3,real,gradual,364,0.2639015821545788,0.8400000000000001,False,medium,fast,real/gradual/K=3/medium/fast/partial/balanced/noisy,0.11363157894736842,0.012684210526315853,0.2
scn-3bc2b726cf57,2,FHDDM,0.888421052631579,0.03628226999990147,3,3.0,3.0,3.0,0.0,0.0,0.0,1.0,1.0,1.0,0.0,352.3333333333333,358.0,inf,11908.0,inf,33.79754020813623,0.0,11908.0,hyperplane_gauss,20000,20,0.42000000000000004,0.04000000000000001,3,real,gradual,364,0.2639015821545788,0.8400000000000001,False,medium,fast,real/gradual/K=3/medium/fast/partial/balanced/noisy,0.1249473684210527,0.0013684210526315743,0.2
scn-3bc2b726cf57,2,NoDrift,0.7634736842105263,0.02499861099977352,0,3.0,0.0,0.0,3.0,0.0,0.0,,0.0,0.0,1.0,,,inf,11908.0,,,0.0,11908.0,hyperplane_gauss,20000,20,0.42000000000000004,0.04000000000000001,3,real,gradual,364,0.2639015821545788,0.8400000000000001,False,medium,fast,real/gradual/K=3/medium/fast/partial/balanced/noisy,0.0,0.12631578947368427,0.2
scn-3bc2b726cf57,2,Periodic(2000),0.8470526315789474,0.02772690700021485,9,3.0,9.0,3.0,0.0,5.0,1.0,0.3333333333333333,1.0,0.5,0.0,1015.6666666666666,1349.0,2381.6,2381.6,2.344863800459468,2.344863800459468,0.41988579106483037,11908.0,hyperplane_gauss,20000,20,0.42000000000000004,0.04000000000000001,3,real,gradual,364,0.2639015821545788,0.8400000000000001,False,medium,fast,real/gradual/K=3/medium/fast/partial/balanced/noisy,0.08357894736842109,0.042736842105263184,0.2
scn-3bc2b726cf57,2,Oracle,0.8897894736842106,0.03153839800006608,3,3.0,3.0,3.0,0.0,0.0,0.0,1.0,1.0,1.0,0.0,183.0,183.0,inf,11908.0,inf,65.07103825136612,0.0,11908.0,hyperplane_gauss,20000,20,0.42000000000000004,0.04000000000000001,3,real,gradual,364,0.2639015821545788,0.8400000000000001,False,medium,fast,real/gradual/K=3/medium/fast/partial/balanced/noisy,0.12631578947368427,-0.0,0.2
scn-b31dc553e87f,0,ADWIN,0.8476315789473684,0.03347825999981069,4,3.0,4.0,1.0,2.0,3.0,0.0,0.25,0.3333333333333333,0.28571428571428575,0.6666666666666667,607.0,607.0,3842.3333333333335,3842.3333333333335,2.1100128134724505,2.1100128134724505,0.2602585234666435,11527.0,hyperplane_gauss,20000,20,0.38,0.06,3,real,gradual,491,0.21435469250725867,0.76,False,medium,fast,real/gradual/K=3/medium/fast/partial/imbalanced/noisy,0.04963157894736836,0.02178947368421058,0.3
scn-b31dc553e87f,0,KSWIN,0.8188421052631579,4.376543654000216,1,3.0,1.0,1.0,2.0,0.0,0.0,1.0,0.3333333333333333,0.5,0.6666666666666667,1128.0,1128.0,inf,11527.0,inf,3.4063238770685573,0.0,11527.0,hyperplane_gauss,20000,20,0.38,0.06,3,real,gradual,491,0.21435469250725867,0.76,False,medium,fast,real/gradual/K=3/medium/fast/partial/imbalanced/noisy,0.020842105263157884,0.05057894736842106,0.3
scn-b31dc553e87f,0,PageHinkley,0.8203684210526315,0.06320318799998859,15,3.0,15.0,3.0,0.0,10.0,2.0,0.2,1.0,0.33333333333333337,0.0,1177.0,1300.0,1152.7,1152.7,0.9793542905692438,0.9793542905692438,0.8675284115554784,11527.0,hyperplane_gauss,20000,20,0.38,0.06,3,real,gradual,491,0.21435469250725867,0.76,False,medium,fast,real/gradual/K=3/medium/fast/partial/imbalanced/noisy,0.022368421052631482,0.04905263157894746,0.3
scn-b31dc553e87f,0,PageHinkley-up,0.8631578947368421,0.041080999999849155,3,3.0,3.0,3.0,0.0,0.0,0.0,1.0,1.0,1.0,0.0,637.0,643.0,inf,11527.0,inf,18.09576138147567,0.0,11527.0,hyperplane_gauss,20000,20,0.38,0.06,3,real,gradual,491,0.21435469250725867,0.76,False,medium,fast,real/gradual/K=3/medium/fast/partial/imbalanced/noisy,0.06515789473684208,0.006263157894736859,0.3
scn-b31dc553e87f,0,DDM,0.8617368421052631,0.03952391299981173,3,3.0,3.0,3.0,0.0,0.0,0.0,1.0,1.0,1.0,0.0,760.6666666666666,727.0,inf,11527.0,inf,15.153812445223489,0.0,11527.0,hyperplane_gauss,20000,20,0.38,0.06,3,real,gradual,491,0.21435469250725867,0.76,False,medium,fast,real/gradual/K=3/medium/fast/partial/imbalanced/noisy,0.06373684210526309,0.007684210526315849,0.3
scn-b31dc553e87f,0,EDDM,0.8471052631578947,0.03856259099984527,5,3.0,5.0,3.0,0.0,1.0,1.0,0.6,1.0,0.7499999999999999,0.0,1370.3333333333333,1467.0,11527.0,11527.0,8.411821941133544,8.411821941133544,0.08675284115554785,11527.0,hyperplane_gauss,20000,20,0.38,0.06,3,real,gradual,491,0.21435469250725867,0.76,False,medium,fast,real/gradual/K=3/medium/fast/partial/imbalanced/noisy,0.04910526315789465,0.02231578947368429,0.3
scn-b31dc553e87f,0,HDDM_A,0.8639473684210527,0.11041438299980655,3,3.0,3.0,3.0,0.0,0.0,0.0,1.0,1.0,1.0,0.0,599.6666666666666,603.0,inf,11527.0,inf,19.22234574763758,0.0,11527.0,hyperplane_gauss,20000,20,0.38,0.06,3,real,gradual,491,0.21435469250725867,0.76,False,medium,fast,real/gradual/K=3/medium/fast/partial/imbalanced/noisy,0.06594736842105264,0.005473684210526297,0.3
scn-b31dc553e87f,0,HDDM_W,0.8602105263157894,0.08380697400025383,3,3.0,3.0,3.0,0.0,0.0,0.0,1.0,1.0,1.0,0.0,718.6666666666666,746.0,inf,11527.0,inf,16.039424860853433,0.0,11527.0,hyperplane_gauss,20000,20,0.38,0.06,3,real,gradual,491,0.21435469250725867,0.76,False,medium,fast,real/gradual/K=3/medium/fast/partial/imbalanced/noisy,0.06221052631578938,0.009210526315789558,0.3
scn-b31dc553e87f,0,FHDDM,0.8475263157894737,0.03340618499987613,2,3.0,2.0,2.0,1.0,0.0,0.0,1.0,0.6666666666666666,0.8,0.33333333333333337,976.0,976.0,inf,11527.0,inf,7.87363387978142,0.0,11527.0,hyperplane_gauss,20000,20,0.38,0.06,3,real,gradual,491,0.21435469250725867,0.76,False,medium,fast,real/gradual/K=3/medium/fast/partial/imbalanced/noisy,0.04952631578947364,0.0218947368421053,0.3
scn-b31dc553e87f,0,NoDrift,0.798,0.02526188399997409,0,3.0,0.0,0.0,3.0,0.0,0.0,,0.0,0.0,1.0,,,inf,11527.0,,,0.0,11527.0,hyperplane_gauss,20000,20,0.38,0.06,3,real,gradual,491,0.21435469250725867,0.76,False,medium,fast,real/gradual/K=3/medium/fast/partial/imbalanced/noisy,0.0,0.07142105263157894,0.3
scn-b31dc553e87f,0,Periodic(2000),0.8372631578947368,0.03274763199988229,9,3.0,9.0,3.0,0.0,5.0,1.0,0.3333333333333333,1.0,0.5,0.0,1079.3333333333333,1413.0,2305.4,2305.4,2.1359481161210625,2.1359481161210625,0.4337642057777392,11527.0,hyperplane_gauss,20000,20,0.38,0.06,3,real,gradual,491,0.21435469250725867,0.76,False,medium,fast,real/gradual/K=3/medium/fast/partial/imbalanced/noisy,0.03926315789473678,0.03215789473684216,0.3
scn-b31dc553e87f,0,Oracle,0.869421052631579,0.032751165999798104,3,3.0,3.0,3.0,0.0,0.0,0.0,1.0,1.0,1.0,0.0,246.0,246.0,inf,11527.0,inf,46.857723577235774,0.0,11527.0,hyperplane_gauss,20000,20,0.38,0.06,3,real,gradual,491,0.21435469250725867,0.76,False,medium,fast,real/gradual/K=3/medium/fast/partial/imbalanced/noisy,0.07142105263157894,-0.0,0.3
scn-0dd0ca5d5479,1,ADWIN,0.8471052631578947,0.04119528599994737,7,3.0,7.0,2.0,1.0,5.0,0.0,0.2857142857142857,0.6666666666666666,0.4,0.33333333333333337,1376.5,1376.5,2305.4,2305.4,1.1165516406344593,1.1165516406344593,0.4337642057777392,11527.0,hyperplane_gauss,20000,20,0.38,0.06,3,real,gradual,491,0.21435469250725867,0.76,False,medium,fast,real/gradual/K=3/medium/fast/partial/imbalanced/noisy,0.0393684210526315,0.02463157894736845,0.3
scn-0dd0ca5d5479,1,KSWIN,0.8077368421052632,4.175793942999917,0,3.0,0.0,0.0,3.0,0.0,0.0,,0.0,0.0,1.0,,,inf,11527.0,,,0.0,11527.0,hyperplane_gauss,20000,20,0.38,0.06,3,real,gradual,491,0.21435469250725867,0.76,False,medium,fast,real/gradual/K=3/medium/fast/partial/imbalanced/noisy,0.0,0.06399999999999995,0.3
scn-0dd0ca5d5479,1,PageHinkley,0.8241052631578948,0.06854397899996911,14,3.0,14.0,3.0,0.0,10.0,1.0,0.21428571428571427,1.0,0.35294117647058826,0.0,1209.3333333333333,1010.0,1152.7,1152.7,0.953169790518192,0.953169790518192,0.8675284115554784,11527.0,hyperplane_gauss,20000,20,0.38,0.06,3,real,gradual,491,0.21435469250725867,0.76,False,medium,fast,real/gradual/K=3/medium/fast/partial/imbalanced/noisy,0.016368421052631588,0.04763157894736836,0.3
scn-0dd0ca5d5479,1,PageHinkley-up,0.8662631578947368,0.04257007000023805,3,3.0,3.0,3.0,0.0,0.0,0.0,1.0,1.0,1.0,0.0,737.6666666666666,679.0,inf,11527.0,inf,15.626299141436965,0.0,11527.0,hyperplane_gauss,20000,20,0.38,0.06,3,real,gradual,491,0.21435469250725867,0.76,False,medium,fast,real/gradual/K=3/medium/fast/partial/imbalanced/noisy,0.05852631578947365,0.005473684210526297,0.3
scn-0dd0ca5d5479,1,DDM,0.8675263157894737,0.04670943199971589,3,3.0,3.0,3.0,0.0,0.0,0.0,1.0,1.0,1.0,0.0,737.6666666666666,721.0,inf,11527.0,inf,15.626299141436965,0.0,11527.0,hyperplane_gauss,20000,20,0.38,0.06,3,real,gradual,491,0.21435469250725867,0.76,False,medium,fast,real/gradual/K=3/medium/fast/partial/imbalanced/noisy,0.0597894736842105,0.004210526315789442,0.3
scn-0dd0ca5d5479,1,EDDM,0.8474736842105263,0.05140306499970393,8,3.0,8.0,3.0,0.0,1.0,4.0,0.375,1.0,0.5454545454545454,0.0,1244.0,1212.0,11527.0,11527.0,9.266077170418006,9.266077170418006,0.08675284115554785,11527.0,hyperplane_gauss,20000,20,0.38,0.06,3,real,gradual,491,0.21435469250725867,0.76,False,medium,fast,real/gradual/K=3/medium/fast/partial/imbalanced/noisy,0.03973684210526307,0.024263157894736875,0.3
scn-0dd0ca5d5479,1,HDDM_A,0.8669473684210526,0.1167002769998362,3,3.0,3.0,3.0,0.0,0.0,0.0,1.0,1.0,1.0,0.0,721.0,696.0,inf,11527.0,inf,15.9875173370319,0.0,11527.0,hyperplane_gauss,20000,20,0.38,0.06,3,real,gradual,491,0.21435469250725867,0.76,False,medium,fast,real/gradual/K=3/medium/fast/partial/imbalanced/noisy,0.05921052631578938,0.004789473684210566,0.3
scn-0dd0ca5d5479,1,HDDM_W,0.8414736842105263,0.08253157499984809,2,3.0,2.0,1.0,2.0,1.0,0.0,0.5,0.3333333333333333,0.4,0.6666666666666667,706.0,706.0,11527.0,11527.0,5.442398489140698,5.442398489140698,0.08675284115554785,11527.0,hyperplane_gauss,20000,20,0.38,0.06,3,real,gradual,491,0.21435469250725867,0.76,False,medium,fast,real/gradual/K=3/medium/fast/partial/imbalanced/noisy,0.033736842105263065,0.03026315789473688,0.3
scn-0dd0ca5d5479,1,FHDDM,0.8340526315789474,0.037234618999718805,2,3.0,2.0,1.0,2.0,1.0,0.0,0.5,0.3333333333333333,0.4,0.6666666666666667,705.0,705.0,11527.0,11527.0,5.4501182033096915,5.4501182033096915,0.08675284115554785,11527.0,hyperplane_gauss,20000,20,0.38,0.06,3,real,gradual,491,0.21435469250725867,0.76,False,medium,fast,real/gradual/K=3/medium/fast/partial/imbalanced/noisy,0.02631578947368418,0.037684210526315765,0.3
scn-0dd0ca5d5479,1,NoDrift,0.8077368421052632,0.028202031000091665,0,3.0,0.0,0.0,3.0,0.0,0.0,,0.0,0.0,1.0,,,inf,11527.0,,,0.0,11527.0,hyperplane_gauss,20000,20,0.38,0.06,3,real,gradual,491,0.21435469250725867,0.76,False,medium,fast,real/gradual/K=3/medium/fast/partial/imbalanced/noisy,0.0,0.06399999999999995,0.3
scn-0dd0ca5d5479,1,Periodic(2000),0.8356315789473684,0.03117950900013966,9,3.0,9.0,3.0,0.0,5.0,1.0,0.3333333333333333,1.0,0.5,0.0,1079.3333333333333,1413.0,2305.4,2305.4,2.1359481161210625,2.1359481161210625,0.4337642057777392,11527.0,hyperplane_gauss,20000,20,0.38,0.06,3,real,gradual,491,0.21435469250725867,0.76,False,medium,fast,real/gradual/K=3/medium/fast/partial/imbalanced/noisy,0.027894736842105194,0.03610526315789475,0.3
scn-0dd0ca5d5479,1,Oracle,0.8717368421052631,0.035251802999937354,3,3.0,3.0,3.0,0.0,0.0,0.0,1.0,1.0,1.0,0.0,246.0,246.0,inf,11527.0,inf,46.857723577235774,0.0,11527.0,hyperplane_gauss,20000,20,0.38,0.06,3,real,gradual,491,0.21435469250725867,0.76,False,medium,fast,real/gradual/K=3/medium/fast/partial/imbalanced/noisy,0.06399999999999995,-0.0,0.3
scn-a2fb54ea55c9,2,ADWIN,0.8428947368421053,0.04112937900026736,8,3.0,8.0,3.0,0.0,3.0,2.0,0.375,1.0,0.5454545454545454,0.0,1026.0,962.0,3842.3333333333335,3842.3333333333335,3.7449642625081223,3.7449642625081223,0.2602585234666435,11527.0,hyperplane_gauss,20000,20,0.38,0.06,3,real,gradual,491,0.21435469250725867,0.76,False,medium,fast,real/gradual/K=3/medium/fast/partial/imbalanced/noisy,0.046368421052631614,0.03057894736842104,0.3
scn-a2fb54ea55c9,2,KSWIN,0.8209473684210526,4.389580490000299,1,3.0,1.0,0.0,3.0,1.0,0.0,0.0,0.0,0.0,1.0,,,11527.0,11527.0,,,0.08675284115554785,11527.0,hyperplane_gauss,20000,20,0.38,0.06,3,real,gradual,491,0.21435469250725867,0.76,False,medium,fast,real/gradual/K=3/medium/fast/partial/imbalanced/noisy,0.02442105263157901,0.05252631578947364,0.3
scn-a2fb54ea55c9,2,PageHinkley,0.8210526315789474,0.06227571999988868,17,3.0,17.0,3.0,0.0,10.0,4.0,0.17647058823529413,1.0,0.3,0.0,620.3333333333334,432.0,1152.7,1152.7,1.8581945190757656,1.8581945190757656,0.8675284115554784,11527.0,hyperplane_gauss,20000,20,0.38,0.06,3,real,gradual,491,0.21435469250725867,0.76,False,medium,fast,real/gradual/K=3/medium/fast/partial/imbalanced/noisy,0.02452631578947373,0.052421052631578924,0.3
scn-a2fb54ea55c9,2,PageHinkley-up,0.8693157894736843,0.0406907130000036,3,3.0,3.0,3.0,0.0,0.0,0.0,1.0,1.0,1.0,0.0,527.0,552.0,inf,11527.0,inf,21.872865275142313,0.0,11527.0,hyperplane_gauss,20000,20,0.38,0.06,3,real,gradual,491,0.21435469250725867,0.76,False,medium,fast,real/gradual/K=3/medium/fast/partial/imbalanced/noisy,0.07278947368421063,0.004157894736842027,0.3
scn-a2fb54ea55c9,2,DDM,0.8691578947368421,0.0395996299998842,3,3.0,3.0,3.0,0.0,0.0,0.0,1.0,1.0,1.0,0.0,527.0,606.0,inf,11527.0,inf,21.872865275142313,0.0,11527.0,hyperplane_gauss,20000,20,0.38,0.06,3,real,gradual,491,0.21435469250725867,0.76,False,medium,fast,real/gradual/K=3/medium/fast/partial/imbalanced/noisy,0.07263157894736849,0.004315789473684162,0.3
scn-a2fb54ea55c9,2,EDDM,0.8537368421052631,0.04449308099992777,7,3.0,7.0,3.0,0.0,1.0,3.0,0.42857142857142855,1.0,0.6,0.0,883.6666666666666,990.0,11527.0,11527.0,13.044511505092418,13.044511505092418,0.08675284115554785,11527.0,hyperplane_gauss,20000,20,0.38,0.06,3,real,gradual,491,0.21435469250725867,0.76,False,medium,fast,real/gradual/K=3/medium/fast/partial/imbalanced/noisy,0.05721052631578949,0.019736842105263164,0.3
scn-a2fb54ea55c9,2,HDDM_A,0.8713684210526316,0.11700694699993619,3,3.0,3.0,3.0,0.0,0.0,0.0,1.0,1.0,1.0,0.0,512.3333333333334,493.0,inf,11527.0,inf,22.499024072869226,0.0,11527.0,hyperplane_gauss,20000,20,0.38,0.06,3,real,gradual,491,0.21435469250725867,0.76,False,medium,fast,real/gradual/K=3/medium/fast/partial/imbalanced/noisy,0.07484210526315793,0.002105263157894721,0.3
scn-a2fb54ea55c9,2,HDDM_W,0.8603684210526316,0.0835117110000283,3,3.0,3.0,3.0,0.0,0.0,0.0,1.0,1.0,1.0,0.0,870.3333333333334,874.0,inf,11527.0,inf,13.244350823439294,0.0,11527.0,hyperplane_gauss,20000,20,0.38,0.06,3,real,gradual,491,0.21435469250725867,0.76,False,medium,fast,real/gradual/K=3/medium/fast/partial/imbalanced/noisy,0.06384210526315792,0.013105263157894731,0.3
scn-a2fb54ea55c9,2,FHDDM,0.8623684210526316,0.03451135199975397,3,3.0,3.0,3.0,0.0,0.0,0.0,1.0,1.0,1.0,0.0,773.0,579.0,inf,11527.0,inf,14.91203104786546,0.0,11527.0,hyperplane_gauss,20000,20,0.38,0.06,3,real,gradual,491,0.21435469250725867,0.76,False,medium,fast,real/gradual/K=3/medium/fast/partial/imbalanced/noisy,0.06584210526315792,0.01110526315789473,0.3
scn-a2fb54ea55c9,2,NoDrift,0.7965263157894736,0.02536876400017718,0,3.0,0.0,0.0,3.0,0.0,0.0,,0.0,0.0,1.0,,,inf,11527.0,,,0.0,11527.0,hyperplane_gauss,20000,20,0.38,0.06,3,real,gradual,491,0.21435469250725867,0.76,False,medium,fast,real/gradual/K=3/medium/fast/partial/imbalanced/noisy,0.0,0.07694736842105265,0.3
scn-a2fb54ea55c9,2,Periodic(2000),0.8365789473684211,0.028326447999916127,9,3.0,9.0,3.0,0.0,5.0,1.0,0.3333333333333333,1.0,0.5,0.0,1079.3333333333333,1413.0,2305.4,2305.4,2.1359481161210625,2.1359481161210625,0.4337642057777392,11527.0,hyperplane_gauss,20000,20,0.38,0.06,3,real,gradual,491,0.21435469250725867,0.76,False,medium,fast,real/gradual/K=3/medium/fast/partial/imbalanced/noisy,0.04005263157894745,0.0368947368421052,0.3
scn-a2fb54ea55c9,2,Oracle,0.8734736842105263,0.03312951499992778,3,3.0,3.0,3.0,0.0,0.0,0.0,1.0,1.0,1.0,0.0,246.0,246.0,inf,11527.0,inf,46.857723577235774,0.0,11527.0,hyperplane_gauss,20000,20,0.38,0.06,3,real,gradual,491,0.21435469250725867,0.76,False,medium,fast,real/gradual/K=3/medium/fast/partial/imbalanced/noisy,0.07694736842105265,-0.0,0.3
scn-7060f603fd8b,0,ADWIN,0.8302105263157895,0.03681659200037757,3,3.0,3.0,1.0,2.0,2.0,0.0,0.3333333333333333,0.3333333333333333,0.3333333333333333,0.6666666666666667,856.0,856.0,5505.5,5505.5,2.1438862928348907,2.1438862928348907,0.1816365452729089,11011.0,hyperplane_gauss,20000,20,0.33999999999999997,0.08000000000000002,3,real,gradual,663,0.17411011265922485,0.6799999999999999,False,medium,fast,real/gradual/K=3/medium/fast/partial/imbalanced/noisy,0.027789473684210586,0.01826315789473676,0.4
scn-7060f603fd8b,0,KSWIN,0.8322631578947368,4.094160357999954,1,3.0,1.0,1.0,2.0,0.0,0.0,1.0,0.3333333333333333,0.5,0.6666666666666667,683.0,683.0,inf,11011.0,inf,5.373840897999023,0.0,11011.0,hyperplane_gauss,20000,20,0.33999999999999997,0.08000000000000002,3,real,gradual,663,0.17411011265922485,0.6799999999999999,False,medium,fast,real/gradual/K=3/medium/fast/partial/imbalanced/noisy,0.029842105263157892,0.016210526315789453,0.4
scn-7060f603fd8b,0,PageHinkley,0.8146842105263158,0.050214701999721,11,3.0,11.0,3.0,0.0,6.0,2.0,0.2727272727272727,1.0,0.42857142857142855,0.0,1374.6666666666667,1502.0,1835.1666666666667,1835.1666666666667,1.3349903006789525,1.3349903006789525,0.5449096358187268,11011.0,hyperplane_gauss,20000,20,0.33999999999999997,0.08000000000000002,3,real,gradual,663,0.17411011265922485,0.6799999999999999,False,medium,fast,real/gradual/K=3/medium/fast/partial/imbalanced/noisy,0.012263157894736865,0.03378947368421048,0.4
scn-7060f603fd8b,0,PageHinkley-up,0.8396315789473684,0.0417086190000191,3,3.0,3.0,3.0,0.0,0.0,0.0,1.0,1.0,1.0,0.0,1184.3333333333333,1203.0,inf,11011.0,inf,9.297213622291022,0.0,11011.0,hyperplane_gauss,20000,20,0.33999999999999997,0.08000000000000002,3,real,gradual,663,0.17411011265922485,0.6799999999999999,False,medium,fast,real/gradual/K=3/medium/fast/partial/imbalanced/noisy,0.03721052631578947,0.008842105263157873,0.4
scn-7060f603fd8b,0,DDM,0.8375789473684211,0.041596228999878804,3,3.0,3.0,3.0,0.0,0.0,0.0,1.0,1.0,1.0,0.0,1346.3333333333333,1390.0,inf,11011.0,inf,8.178509532062392,0.0,11011.0,hyperplane_gauss,20000,20,0.33999999999999997,0.08000000000000002,3,real,gradual,663,0.17411011265922485,0.6799999999999999,False,medium,fast,real/gradual/K=3/medium/fast/partial/imbalanced/noisy,0.035157894736842166,0.01089473684210518,0.4
scn-7060f603fd8b,0,EDDM,0.817,0.045100158999957785,6,3.0,6.0,0.0,3.0,6.0,0.0,0.0,0.0,0.0,1.0,,,1835.1666666666667,1835.1666666666667,,,0.5449096358187268,11011.0,hyperplane_gauss,20000,20,0.33999999999999997,0.08000000000000002,3,real,gradual,663,0.17411011265922485,0.6799999999999999,False,medium,fast,real/gradual/K=3/medium/fast/partial/imbalanced/noisy,0.014578947368421025,0.03147368421052632,0.4
scn-7060f603fd8b,0,HDDM_A,0.8315789473684211,0.08433232899960785,1,3.0,1.0,1.0,2.0,0.0,0.0,1.0,0.3333333333333333,0.5,0.6666666666666667,831.0,831.0,inf,11011.0,inf,4.416766947452867,0.0,11011.0,hyperplane_gauss,20000,20,0.33999999999999997,0.08000000000000002,3,real,gradual,663,0.17411011265922485,0.6799999999999999,False,medium,fast,real/gradual/K=3/medium/fast/partial/imbalanced/noisy,0.02915789473684216,0.016894736842105185,0.4
scn-7060f603fd8b,0,HDDM_W,0.8315789473684211,0.07684868800015465,1,3.0,1.0,1.0,2.0,0.0,0.0,1.0,0.3333333333333333,0.5,0.6666666666666667,818.0,818.0,inf,11011.0,inf,4.486960065199673,0.0,11011.0,hyperplane_gauss,20000,20,0.33999999999999997,0.08000000000000002,3,real,gradual,663,0.17411011265922485,0.6799999999999999,False,medium,fast,real/gradual/K=3/medium/fast/partial/imbalanced/noisy,0.02915789473684216,0.016894736842105185,0.4
scn-7060f603fd8b,0,FHDDM,0.8310526315789474,0.03443533800009391,1,3.0,1.0,1.0,2.0,0.0,0.0,1.0,0.3333333333333333,0.5,0.6666666666666667,883.0,883.0,inf,11011.0,inf,4.156662891657229,0.0,11011.0,hyperplane_gauss,20000,20,0.33999999999999997,0.08000000000000002,3,real,gradual,663,0.17411011265922485,0.6799999999999999,False,medium,fast,real/gradual/K=3/medium/fast/partial/imbalanced/noisy,0.028631578947368452,0.017421052631578893,0.4
scn-7060f603fd8b,0,NoDrift,0.8024210526315789,0.028028639999774896,0,3.0,0.0,0.0,3.0,0.0,0.0,,0.0,0.0,1.0,,,inf,11011.0,,,0.0,11011.0,hyperplane_gauss,20000,20,0.33999999999999997,0.08000000000000002,3,real,gradual,663,0.17411011265922485,0.6799999999999999,False,medium,fast,real/gradual/K=3/medium/fast/partial/imbalanced/noisy,0.0,0.046052631578947345,0.4
scn-7060f603fd8b,0,Periodic(2000),0.8210526315789474,0.030667669999729696,9,3.0,9.0,3.0,0.0,5.0,1.0,0.3333333333333333,1.0,0.5,0.0,1165.3333333333333,1499.0,2202.2,2202.2,1.8897597254004577,1.8897597254004577,0.4540913631822723,11011.0,hyperplane_gauss,20000,20,0.33999999999999997,0.08000000000000002,3,real,gradual,663,0.17411011265922485,0.6799999999999999,False,medium,fast,real/gradual/K=3/medium/fast/partial/imbalanced/noisy,0.018631578947368443,0.0274210526315789,0.4
scn-7060f603fd8b,0,Oracle,0.8484736842105263,0.03491580800027805,3,3.0,3.0,3.0,0.0,0.0,0.0,1.0,1.0,1.0,0.0,332.0,332.0,inf,11011.0,inf,33.16566265060241,0.0,11011.0,hyperplane_gauss,20000,20,0.33999999999999997,0.08000000000000002,3,real,gradual,663,0.17411011265922485,0.6799999999999999,False,medium,fast,real/gradual/K=3/medium/fast/partial/imbalanced/noisy,0.046052631578947345,-0.0,0.4
scn-f764f35ffd32,1,ADWIN,0.8403157894736842,0.0350930210001934,4,3.0,4.0,2.0,1.0,2.0,0.0,0.5,0.6666666666666666,0.5714285714285715,0.33333333333333337,1142.5,1142.5,5505.5,5505.5,3.212545587162655,3.212545587162655,0.1816365452729089,11011.0,hyperplane_gauss,20000,20,0.33999999999999997,0.08000000000000002,3,real,gradual,663,0.17411011265922485,0.6799999999999999,False,medium,fast,real/gradual/K=3/medium/fast/partial/imbalanced/noisy,0.03905263157894745,0.008052631578947311,0.4
scn-f764f35ffd32,1,KSWIN,0.8012631578947368,4.135007959000177,0,3.0,0.0,0.0,3.0,0.0,0.0,,0.0,0.0,1.0,,,inf,11011.0,,,0.0,11011.0,hyperplane_gauss,20000,20,0.33999999999999997,0.08000000000000002,3,real,gradual,663,0.17411011265922485,0.6799999999999999,False,medium,fast,real/gradual/K=3/medium/fast/partial/imbalanced/noisy,0.0,0.04710526315789476,0.4
scn-f764f35ffd32,1,PageHinkley,0.8046842105263158,0.05293283299988616,16,3.0,16.0,3.0,0.0,10.0,3.0,0.1875,1.0,0.3157894736842105,0.0,895.3333333333334,928.0,1101.1,1101.1,1.2298212956068502,1.2298212956068502,0.9081827263645446,11011.0,hyperplane_gauss,20000,20,0.33999999999999997,0.08000000000000002,3,real,gradual,663,0.17411011265922485,0.6799999999999999,False,medium,fast,real/gradual/K=3/medium/fast/partial/imbalanced/noisy,0.0034210526315789913,0.04368421052631577,0.4
scn-f764f35ffd32,1,PageHinkley-up,0.8435263157894737,0.03953701600039494,3,3.0,3.0,3.0,0.0,0.0,0.0,1.0,1.0,1.0,0.0,849.6666666666666,857.0,inf,11011.0,inf,12.959199686151432,0.0,11011.0,hyperplane_gauss,20000,20,0.33999999999999997,0.08000000000000002,3,real,gradual,663,0.17411011265922485,0.6799999999999999,False,medium,fast,real/gradual/K=3/medium/fast/partial/imbalanced/noisy,0.04226315789473689,0.00484210526315787,0.4
scn-f764f35ffd32,1,DDM,0.8423684210526315,0.038559852999696886,3,3.0,3.0,3.0,0.0,0.0,0.0,1.0,1.0,1.0,0.0,1112.0,1110.0,inf,11011.0,inf,9.901978417266188,0.0,11011.0,hyperplane_gauss,20000,20,0.33999999999999997,0.08000000000000002,3,real,gradual,663,0.17411011265922485,0.6799999999999999,False,medium,fast,real/gradual/K=3/medium/fast/partial/imbalanced/noisy,0.041105263157894756,0.006000000000000005,0.4
scn-f764f35ffd32,1,EDDM,0.8162105263157895,0.03612758400004168,3,3.0,3.0,1.0,2.0,1.0,1.0,0.3333333333333333,0.3333333333333333,0.3333333333333333,0.6666666666666667,1256.0,1256.0,11011.0,11011.0,2.9222399150743095,2.9222399150743095,0.09081827263645445,11011.0,hyperplane_gauss,20000,20,0.33999999999999997,0.08000000000000002,3,real,gradual,663,0.17411011265922485,0.6799999999999999,False,medium,fast,real/gradual/K=3/medium/fast/partial/imbalanced/noisy,0.014947368421052709,0.03215789473684205,0.4
scn-f764f35ffd32,1,HDDM_A,0.8308421052631579,0.08928333300036684,2,3.0,2.0,2.0,1.0,0.0,0.0,1.0,0.6666666666666666,0.8,0.33333333333333337,1565.0,1565.0,inf,11011.0,inf,4.690521831735889,0.0,11011.0,hyperplane_gauss,20000,20,0.33999999999999997,0.08000000000000002,3,real,gradual,663,0.17411011265922485,0.6799999999999999,False,medium,fast,real/gradual/K=3/medium/fast/partial/imbalanced/noisy,0.02957894736842115,0.017526315789473612,0.4
scn-f764f35ffd32,1,HDDM_W,0.8307894736842105,0.08027858400009791,3,3.0,3.0,3.0,0.0,0.0,0.0,1.0,1.0,1.0,0.0,2087.3333333333335,2103.0,inf,11011.0,inf,5.2751517087192585,0.0,11011.0,hyperplane_gauss,20000,20,0.33999999999999997,0.08000000000000002,3,real,gradual,663,0.17411011265922485,0.6799999999999999,False,medium,fast,real/gradual/K=3/medium/fast/partial/imbalanced/noisy,0.029526315789473734,0.017578947368421027,0.4
scn-f764f35ffd32,1,FHDDM,0.8233684210526315,0.0334304279999742,1,3.0,1.0,1.0,2.0,0.0,0.0,1.0,0.3333333333333333,0.5,0.6666666666666667,2358.0,2358.0,inf,11011.0,inf,1.5565450947130333,0.0,11011.0,hyperplane_gauss,20000,20,0.33999999999999997,0.08000000000000002,3,real,gradual,663,0.17411011265922485,0.6799999999999999,False,medium,fast,real/gradual/K=3/medium/fast/partial/imbalanced/noisy,0.02210526315789474,0.025000000000000022,0.4
scn-f764f35ffd32,1,NoDrift,0.8012631578947368,0.025201633000051515,0,3.0,0.0,0.0,3.0,0.0,0.0,,0.0,0.0,1.0,,,inf,11011.0,,,0.0,11011.0,hyperplane_gauss,20000,20,0.33999999999999997,0.08000000000000002,3,real,gradual,663,0.17411011265922485,0.6799999999999999,False,medium,fast,real/gradual/K=3/medium/fast/partial/imbalanced/noisy,0.0,0.04710526315789476,0.4
scn-f764f35ffd32,1,Periodic(2000),0.8196315789473684,0.027550801999950636,9,3.0,9.0,3.0,0.0,5.0,1.0,0.3333333333333333,1.0,0.5,0.0,1165.3333333333333,1499.0,2202.2,2202.2,1.8897597254004577,1.8897597254004577,0.4540913631822723,11011.0,hyperplane_gauss,20000,20,0.33999999999999997,0.08000000000000002,3,real,gradual,663,0.17411011265922485,0.6799999999999999,False,medium,fast,real/gradual/K=3/medium/fast/partial/imbalanced/noisy,0.01836842105263159,0.02873684210526317,0.4
scn-f764f35ffd32,1,Oracle,0.8483684210526315,0.031671021999954974,3,3.0,3.0,3.0,0.0,0.0,0.0,1.0,1.0,1.0,0.0,332.0,332.0,inf,11011.0,inf,33.16566265060241,0.0,11011.0,hyperplane_gauss,20000,20,0.33999999999999997,0.08000000000000002,3,real,gradual,663,0.17411011265922485,0.6799999999999999,False,medium,fast,real/gradual/K=3/medium/fast/partial/imbalanced/noisy,0.04710526315789476,-0.0,0.4
scn-aa3d12da5414,2,ADWIN,0.8275789473684211,0.03788038400034566,5,3.0,5.0,2.0,1.0,3.0,0.0,0.4,0.6666666666666666,0.5,0.33333333333333337,2088.0,2088.0,3670.3333333333335,3670.3333333333335,1.1718816517667092,1.1718816517667092,0.2724548179093634,11011.0,hyperplane_gauss,20000,20,0.33999999999999997,0.08000000000000002,3,real,gradual,663,0.17411011265922485,0.6799999999999999,False,medium,fast,real/gradual/K=3/medium/fast/partial/imbalanced/noisy,0.02784210526315789,0.023631578947368448,0.4
scn-aa3d12da5414,2,KSWIN,0.7997368421052632,4.078646732999914,0,3.0,0.0,0.0,3.0,0.0,0.0,,0.0,0.0,1.0,,,inf,11011.0,,,0.0,11011.0,hyperplane_gauss,20000,20,0.33999999999999997,0.08000000000000002,3,real,gradual,663,0.17411011265922485,0.6799999999999999,False,medium,fast,real/gradual/K=3/medium/fast/partial/imbalanced/noisy,0.0,0.05147368421052634,0.4
scn-aa3d12da5414,2,PageHinkley,0.8185263157894737,0.046122896000269975,10,3.0,10.0,2.0,1.0,7.0,1.0,0.2,0.6666666666666666,0.30769230769230765,0.33333333333333337,1014.0,1014.0,1573.0,1573.0,1.034188034188034,1.034188034188034,0.6357279084551812,11011.0,hyperplane_gauss,20000,20,0.33999999999999997,0.08000000000000002,3,real,gradual,663,0.17411011265922485,0.6799999999999999,False,medium,fast,real/gradual/K=3/medium/fast/partial/imbalanced/noisy,0.018789473684210467,0.03268421052631587,0.4
scn-aa3d12da5414,2,PageHinkley-up,0.845,0.036696042999665224,3,3.0,3.0,3.0,0.0,0.0,0.0,1.0,1.0,1.0,0.0,1079.6666666666667,1026.0,inf,11011.0,inf,10.198518061129977,0.0,11011.0,hyperplane_gauss,20000,20,0.33999999999999997,0.08000000000000002,3,real,gradual,663,0.17411011265922485,0.6799999999999999,False,medium,fast,real/gradual/K=3/medium/fast/partial/imbalanced/noisy,0.04526315789473678,0.006210526315789555,0.4
scn-aa3d12da5414,2,DDM,0.844842105263158,0.03704153099988616,3,3.0,3.0,3.0,0.0,0.0,0.0,1.0,1.0,1.0,0.0,1227.0,1221.0,inf,11011.0,inf,8.973920130399348,0.0,11011.0,hyperplane_gauss,20000,20,0.33999999999999997,0.08000000000000002,3,real,gradual,663,0.17411011265922485,0.6799999999999999,False,medium,fast,real/gradual/K=3/medium/fast/partial/imbalanced/noisy,0.04510526315789476,0.006368421052631579,0.4
scn-aa3d12da5414,2,EDDM,0.8168421052631579,0.03791001200033861,4,3.0,4.0,1.0,2.0,2.0,1.0,0.25,0.3333333333333333,0.28571428571428575,0.6666666666666667,1126.0,1126.0,5505.5,5505.5,1.629810538780343,1.629810538780343,0.1816365452729089,11011.0,hyperplane_gauss,20000,20,0.33999999999999997,0.08000000000000002,3,real,gradual,663,0.17411011265922485,0.6799999999999999,False,medium,fast,real/gradual/K=3/medium/fast/partial/imbalanced/noisy,0.017105263157894735,0.034368421052631604,0.4
scn-aa3d12da5414,2,HDDM_A,0.8406842105263158,0.1014195530001416,3,3.0,3.0,3.0,0.0,0.0,0.0,1.0,1.0,1.0,0.0,1639.3333333333333,1325.0,inf,11011.0,inf,6.716754778365189,0.0,11011.0,hyperplane_gauss,20000,20,0.33999999999999997,0.08000000000000002,3,real,gradual,663,0.17411011265922485,0.6799999999999999,False,medium,fast,real/gradual/K=3/medium/fast/partial/imbalanced/noisy,0.04094736842105262,0.010526315789473717,0.4
scn-aa3d12da5414,2,HDDM_W,0.8337368421052631,0.07710117999977228,2,3.0,2.0,1.0,2.0,1.0,0.0,0.5,0.3333333333333333,0.4,0.6666666666666667,405.0,405.0,11011.0,11011.0,9.062551440329216,9.062551440329216,0.09081827263645445,11011.0,hyperplane_gauss,20000,20,0.33999999999999997,0.08000000000000002,3,real,gradual,663,0.17411011265922485,0.6799999999999999,False,medium,fast,real/gradual/K=3/medium/fast/partial/imbalanced/noisy,0.03399999999999992,0.01747368421052642,0.4
scn-aa3d12da5414,2,FHDDM,0.8427894736842105,0.034299169999940204,2,3.0,2.0,2.0,1.0,0.0,0.0,1.0,0.6666666666666666,0.8,0.33333333333333337,636.0,636.0,inf,11011.0,inf,11.541928721174004,0.0,11011.0,hyperplane_gauss,20000,20,0.33999999999999997,0.08000000000000002,3,real,gradual,663,0.17411011265922485,0.6799999999999999,False,medium,fast,real/gradual/K=3/medium/fast/partial/imbalanced/noisy,0.04305263157894734,0.008421052631578996,0.4
scn-aa3d12da5414,2,NoDrift,0.7997368421052632,0.02572465999992346,0,3.0,0.0,0.0,3.0,0.0,0.0,,0.0,0.0,1.0,,,inf,11011.0,,,0.0,11011.0,hyperplane_gauss,20000,20,0.33999999999999997,0.08000000000000002,3,real,gradual,663,0.17411011265922485,0.6799999999999999,False,medium,fast,real/gradual/K=3/medium/fast/partial/imbalanced/noisy,0.0,0.05147368421052634,0.4
scn-aa3d12da5414,2,Periodic(2000),0.8254210526315789,0.02745820299969637,9,3.0,9.0,3.0,0.0,5.0,1.0,0.3333333333333333,1.0,0.5,0.0,1165.3333333333333,1499.0,2202.2,2202.2,1.8897597254004577,1.8897597254004577,0.4540913631822723,11011.0,hyperplane_gauss,20000,20,0.33999999999999997,0.08000000000000002,3,real,gradual,663,0.17411011265922485,0.6799999999999999,False,medium,fast,real/gradual/K=3/medium/fast/partial/imbalanced/noisy,0.025684210526315754,0.025789473684210584,0.4
scn-aa3d12da5414,2,Oracle,0.8512105263157895,0.032886052999856474,3,3.0,3.0,3.0,0.0,0.0,0.0,1.0,1.0,1.0,0.0,332.0,332.0,inf,11011.0,inf,33.16566265060241,0.0,11011.0,hyperplane_gauss,20000,20,0.33999999999999997,0.08000000000000002,3,real,gradual,663,0.17411011265922485,0.6799999999999999,False,medium,fast,real/gradual/K=3/medium/fast/partial/imbalanced/noisy,0.05147368421052634,-0.0,0.4
scn-f435822ac450,0,ADWIN,0.8072631578947368,0.03315408300022682,1,3.0,1.0,1.0,2.0,0.0,0.0,1.0,0.3333333333333333,0.5,0.6666666666666667,1326.0,1326.0,inf,10318.0,inf,2.5937657114127695,0.0,10318.0,hyperplane_gauss,20000,20,0.3,0.1,3,real,gradual,894,0.1414213562373095,0.6,False,medium,fast,real/gradual/K=3/medium/fast/partial/imbalanced/noisy,0.004684210526315735,0.017105263157894735,0.5
scn-f435822ac450,0,KSWIN,0.8025789473684211,4.0868694120003966,0,3.0,0.0,0.0,3.0,0.0,0.0,,0.0,0.0,1.0,,,inf,10318.0,,,0.0,10318.0,hyperplane_gauss,20000,20,0.3,0.1,3,real,gradual,894,0.1414213562373095,0.6,False,medium,fast,real/gradual/K=3/medium/fast/partial/imbalanced/noisy,0.0,0.02178947368421047,0.5
scn-f435822ac450,0,PageHinkley,0.8037894736842105,0.04516628800001854,7,3.0,7.0,2.0,1.0,4.0,1.0,0.2857142857142857,0.6666666666666666,0.4,0.33333333333333337,1867.5,1867.5,2579.5,2579.5,0.9208389112003569,0.9208389112003569,0.3876720294630742,10318.0,hyperplane_gauss,20000,20,0.3,0.1,3,real,gradual,894,0.1414213562373095,0.6,False,medium,fast,real/gradual/K=3/medium/fast/partial/imbalanced/noisy,0.0012105263157894397,0.02057894736842103,0.5
scn-f435822ac450,0,PageHinkley-up,0.8141052631578948,0.03955154699997365,2,3.0,2.0,2.0,1.0,0.0,0.0,1.0,0.6666666666666666,0.8,0.33333333333333337,1439.5,1439.5,inf,10318.0,inf,4.778511057080005,0.0,10318.0,hyperplane_gauss,20000,20,0.3,0.1,3,real,gradual,894,0.1414213562373095,0.6,False,medium,fast,real/gradual/K=3/medium/fast/partial/imbalanced/noisy,0.011526315789473718,0.010263157894736752,0.5
scn-f435822ac450,0,DDM,0.8124210526315789,0.03609699199978422,1,3.0,1.0,1.0,2.0,0.0,0.0,1.0,0.3333333333333333,0.5,0.6666666666666667,1697.0,1697.0,inf,10318.0,inf,2.026713808681987,0.0,10318.0,hyperplane_gauss,20000,20,0.3,0.1,3,real,gradual,894,0.1414213562373095,0.6,False,medium,fast,real/gradual/K=3/medium/fast/partial/imbalanced/noisy,0.009842105263157874,0.011947368421052595,0.5
scn-f435822ac450,0,EDDM,0.7998421052631579,0.05106256499993833,9,3.0,9.0,0.0,3.0,9.0,0.0,0.0,0.0,0.0,1.0,,,1146.4444444444443,1146.4444444444443,,,0.872262066291917,10318.0,hyperplane_gauss,20000,20,0.3,0.1,3,real,gradual,894,0.1414213562373095,0.6,False,medium,fast,real/gradual/K=3/medium/fast/partial/imbalanced/noisy,-0.0027368421052631486,0.02452631578947362,0.5
scn-f435822ac450,0,HDDM_A,0.805,0.07983471899979122,1,3.0,1.0,1.0,2.0,0.0,0.0,1.0,0.3333333333333333,0.5,0.6666666666666667,1672.0,1672.0,inf,10318.0,inf,2.057017543859649,0.0,10318.0,hyperplane_gauss,20000,20,0.3,0.1,3,real,gradual,894,0.1414213562373095,0.6,False,medium,fast,real/gradual/K=3/medium/fast/partial/imbalanced/noisy,0.0024210526315789904,0.01936842105263148,0.5
scn-f435822ac450,0,HDDM_W,0.8200526315789474,0.07912757499980216,2,3.0,2.0,2.0,1.0,0.0,0.0,1.0,0.6666666666666666,0.8,0.33333333333333337,576.0,576.0,inf,10318.0,inf,11.942129629629628,0.0,10318.0,hyperplane_gauss,20000,20,0.3,0.1,3,real,gradual,894,0.1414213562373095,0.6,False,medium,fast,real/gradual/K=3/medium/fast/partial/imbalanced/noisy,0.017473684210526308,0.004315789473684162,0.5
scn-f435822ac450,0,FHDDM,0.8073684210526316,0.033560845000010886,1,3.0,1.0,1.0,2.0,0.0,0.0,1.0,0.3333333333333333,0.5,0.6666666666666667,1335.0,1335.0,inf,10318.0,inf,2.576279650436953,0.0,10318.0,hyperplane_gauss,20000,20,0.3,0.1,3,real,gradual,894,0.1414213562373095,0.6,False,medium,fast,real/gradual/K=3/medium/fast/partial/imbalanced/noisy,0.004789473684210566,0.016999999999999904,0.5
scn-f435822ac450,0,NoDrift,0.8025789473684211,0.025456219000261626,0,3.0,0.0,0.0,3.0,0.0,0.0,,0.0,0.0,1.0,,,inf,10318.0,,,0.0,10318.0,hyperplane_gauss,20000,20,0.3,0.1,3,real,gradual,894,0.1414213562373095,0.6,False,medium,fast,real/gradual/K=3/medium/fast/partial/imbalanced/noisy,0.0,0.02178947368421047,0.5
scn-f435822ac450,0,Periodic(2000),0.8026842105263158,0.028583996999714145,9,3.0,9.0,3.0,0.0,5.0,1.0,0.3333333333333333,1.0,0.5,0.0,1280.6666666666667,1614.0,2063.6,2063.6,1.6113482561166057,1.6113482561166057,0.4845900368288428,10318.0,hyperplane_gauss,20000,20,0.3,0.1,3,real,gradual,894,0.1414213562373095,0.6,False,medium,fast,real/gradual/K=3/medium/fast/partial/imbalanced/noisy,0.0001052631578947194,0.02168421052631575,0.5
scn-f435822ac450,0,Oracle,0.8243684210526315,0.03342255799998384,3,3.0,3.0,3.0,0.0,0.0,0.0,1.0,1.0,1.0,0.0,448.0,448.0,inf,10318.0,inf,23.03125,0.0,10318.0,hyperplane_gauss,20000,20,0.3,0.1,3,real,gradual,894,0.1414213562373095,0.6,False,medium,fast,real/gradual/K=3/medium/fast/partial/imbalanced/noisy,0.02178947368421047,-0.0,0.5
scn-483601d073a3,1,ADWIN,0.8180526315789474,0.034038501999930304,1,3.0,1.0,1.0,2.0,0.0,0.0,1.0,0.3333333333333333,0.5,0.6666666666666667,2254.0,2254.0,inf,10318.0,inf,1.5258799171842645,0.0,10318.0,hyperplane_gauss,20000,20,0.3,0.1,3,real,gradual,894,0.1414213562373095,0.6,False,medium,fast,real/gradual/K=3/medium/fast/partial/imbalanced/noisy,0.005368421052631578,0.014947368421052598,0.5
scn-483601d073a3,1,KSWIN,0.8126842105263158,4.073829514999943,0,3.0,0.0,0.0,3.0,0.0,0.0,,0.0,0.0,1.0,,,inf,10318.0,,,0.0,10318.0,hyperplane_gauss,20000,20,0.3,0.1,3,real,gradual,894,0.1414213562373095,0.6,False,medium,fast,real/gradual/K=3/medium/fast/partial/imbalanced/noisy,0.0,0.020315789473684176,0.5
scn-483601d073a3,1,PageHinkley,0.8031578947368421,0.05325351099963882,11,3.0,11.0,2.0,1.0,6.0,3.0,0.18181818181818182,0.6666666666666666,0.28571428571428575,0.33333333333333337,252.5,252.5,1719.6666666666667,1719.6666666666667,4.5403740374037405,4.5403740374037405,0.5815080441946113,10318.0,hyperplane_gauss,20000,20,0.3,0.1,3,real,gradual,894,0.1414213562373095,0.6,False,medium,fast,real/gradual/K=3/medium/fast/partial/imbalanced/noisy,-0.009526315789473716,0.029842105263157892,0.5
scn-483601d073a3,1,PageHinkley-up,0.8170526315789474,0.04059015900020313,2,3.0,2.0,1.0,2.0,1.0,0.0,0.5,0.3333333333333333,0.4,0.6666666666666667,2371.0,2371.0,10318.0,10318.0,1.4505834387740755,1.4505834387740755,0.09691800736576855,10318.0,hyperplane_gauss,20000,20,0.3,0.1,3,real,gradual,894,0.1414213562373095,0.6,False,medium,fast,real/gradual/K=3/medium/fast/partial/imbalanced/noisy,0.004368421052631577,0.0159473684210526,0.5
scn-483601d073a3,1,DDM,0.8126842105263158,0.03669666300038443,0,3.0,0.0,0.0,3.0,0.0,0.0,,0.0,0.0,1.0,,,inf,10318.0,,,0.0,10318.0,hyperplane_gauss,20000,20,0.3,0.1,3,real,gradual,894,0.1414213562373095,0.6,False,medium,fast,real/gradual/K=3/medium/fast/partial/imbalanced/noisy,0.0,0.020315789473684176,0.5
scn-483601d073a3,1,EDDM,0.8056315789473685,0.04408142200009024,7,3.0,7.0,0.0,3.0,7.0,0.0,0.0,0.0,0.0,1.0,,,1474.0,1474.0,,,0.6784260515603799,10318.0,hyperplane_gauss,20000,20,0.3,0.1,3,real,gradual,894,0.1414213562373095,0.6,False,medium,fast,real/gradual/K=3/medium/fast/partial/imbalanced/noisy,-0.00705263157894731,0.027368421052631486,0.5
scn-483601d073a3,1,HDDM_A,0.8162105263157895,0.07933270500006984,1,3.0,1.0,1.0,2.0,0.0,0.0,1.0,0.3333333333333333,0.5,0.6666666666666667,2648.0,2648.0,inf,10318.0,inf,1.2988418932527692,0.0,10318.0,hyperplane_gauss,20000,20,0.3,0.1,3,real,gradual,894,0.1414213562373095,0.6,False,medium,fast,real/gradual/K=3/medium/fast/partial/imbalanced/noisy,0.0035263157894737107,0.016789473684210465,0.5
scn-483601d073a3,1,HDDM_W,0.8264736842105264,0.08396925399983957,2,3.0,2.0,2.0,1.0,0.0,0.0,1.0,0.6666666666666666,0.8,0.33333333333333337,468.5,468.5,inf,10318.0,inf,14.682319459267164,0.0,10318.0,hyperplane_gauss,20000,20,0.3,0.1,3,real,gradual,894,0.1414213562373095,0.6,False,medium,fast,real/gradual/K=3/medium/fast/partial/imbalanced/noisy,0.013789473684210574,0.006526315789473602,0.5
scn-483601d073a3,1,FHDDM,0.8222631578947368,0.03435743000000002,1,3.0,1.0,1.0,2.0,0.0,0.0,1.0,0.3333333333333333,0.5,0.6666666666666667,906.0,906.0,inf,10318.0,inf,3.7961736571008085,0.0,10318.0,hyperplane_gauss,20000,20,0.3,0.1,3,real,gradual,894,0.1414213562373095,0.6,False,medium,fast,real/gradual/K=3/medium/fast/partial/imbalanced/noisy,0.00957894736842102,0.010736842105263156,0.5
scn-483601d073a3,1,NoDrift,0.8126842105263158,0.02810003400009009,0,3.0,0.0,0.0,3.0,0.0,0.0,,0.0,0.0,1.0,,,inf,10318.0,,,0.0,10318.0,hyperplane_gauss,20000,20,0.3,0.1,3,real,gradual,894,0.1414213562373095,0.6,False,medium,fast,real/gradual/K=3/medium/fast/partial/imbalanced/noisy,0.0,0.020315789473684176,0.5
scn-483601d073a3,1,Periodic(2000),0.8115263157894737,0.03012345000024652,9,3.0,9.0,3.0,0.0,5.0,1.0,0.3333333333333333,1.0,0.5,0.0,1280.6666666666667,1614.0,2063.6,2063.6,1.6113482561166057,1.6113482561166057,0.4845900368288428,10318.0,hyperplane_gauss,20000,20,0.3,0.1,3,real,gradual,894,0.1414213562373095,0.6,False,medium,fast,real/gradual/K=3/medium/fast/partial/imbalanced/noisy,-0.0011578947368421355,0.02147368421052631,0.5
scn-483601d073a3,1,Oracle,0.833,0.035163149000254634,3,3.0,3.0,3.0,0.0,0.0,0.0,1.0,1.0,1.0,0.0,448.0,448.0,inf,10318.0,inf,23.03125,0.0,10318.0,hyperplane_gauss,20000,20,0.3,0.1,3,real,gradual,894,0.1414213562373095,0.6,False,medium,fast,real/gradual/K=3/medium/fast/partial/imbalanced/noisy,0.020315789473684176,-0.0,0.5
scn-9d8adab7bff3,2,ADWIN,0.8152105263157895,0.03520519999983662,3,3.0,3.0,2.0,1.0,0.0,1.0,0.6666666666666666,0.6666666666666666,0.6666666666666666,0.33333333333333337,1356.5,1356.5,inf,10318.0,inf,5.070893230126551,0.0,10318.0,hyperplane_gauss,20000,20,0.3,0.1,3,real,gradual,894,0.1414213562373095,0.6,False,medium,fast,real/gradual/K=3/medium/fast/partial/imbalanced/noisy,0.014789473684210575,0.015368421052631587,0.5
scn-9d8adab7bff3,2,KSWIN,0.8004210526315789,4.084691905999989,0,3.0,0.0,0.0,3.0,0.0,0.0,,0.0,0.0,1.0,,,inf,10318.0,,,0.0,10318.0,hyperplane_gauss,20000,20,0.3,0.1,3,real,gradual,894,0.1414213562373095,0.6,False,medium,fast,real/gradual/K=3/medium/fast/partial/imbalanced/noisy,0.0,0.03015789473684216,0.5
scn-9d8adab7bff3,2,PageHinkley,0.7956842105263158,0.04842296200013152,13,3.0,13.0,3.0,0.0,8.0,2.0,0.23076923076923078,1.0,0.375,0.0,1254.0,1544.0,1289.75,1289.75,1.0285087719298245,1.0285087719298245,0.7753440589261484,10318.0,hyperplane_gauss,20000,20,0.3,0.1,3,real,gradual,894,0.1414213562373095,0.6,False,medium,fast,real/gradual/K=3/medium/fast/partial/imbalanced/noisy,-0.00473684210526315,0.03489473684210531,0.5
scn-9d8adab7bff3,2,PageHinkley-up,0.8244210526315789,0.03658703900009641,3,3.0,3.0,3.0,0.0,0.0,0.0,1.0,1.0,1.0,0.0,1373.0,1259.0,inf,10318.0,inf,7.514930808448653,0.0,10318.0,hyperplane_gauss,20000,20,0.3,0.1,3,real,gradual,894,0.1414213562373095,0.6,False,medium,fast,real/gradual/K=3/medium/fast/partial/imbalanced/noisy,0.02400000000000002,0.00615789473684214,0.5
scn-9d8adab7bff3,2,DDM,0.8216842105263158,0.03860652699995626,3,3.0,3.0,3.0,0.0,0.0,0.0,1.0,1.0,1.0,0.0,1414.6666666666667,1580.0,inf,10318.0,inf,7.293590951932139,0.0,10318.0,hyperplane_gauss,20000,20,0.3,0.1,3,real,gradual,894,0.1414213562373095,0.6,False,medium,fast,real/gradual/K=3/medium/fast/partial/imbalanced/noisy,0.021263157894736873,0.008894736842105289,0.5
scn-9d8adab7bff3,2,EDDM,0.7996842105263158,0.03514533699990352,4,3.0,4.0,0.0,3.0,4.0,0.0,0.0,0.0,0.0,1.0,,,2579.5,2579.5,,,0.3876720294630742,10318.0,hyperplane_gauss,20000,20,0.3,0.1,3,real,gradual,894,0.1414213562373095,0.6,False,medium,fast,real/gradual/K=3/medium/fast/partial/imbalanced/noisy,-0.0007368421052631469,0.030894736842105308,0.5
scn-9d8adab7bff3,2,HDDM_A,0.8183684210526316,0.08824178399981975,2,3.0,2.0,2.0,1.0,0.0,0.0,1.0,0.6666666666666666,0.8,0.33333333333333337,1305.0,1305.0,inf,10318.0,inf,5.271008939974457,0.0,10318.0,hyperplane_gauss,20000,20,0.3,0.1,3,real,gradual,894,0.1414213562373095,0.6,False,medium,fast,real/gradual/K=3/medium/fast/partial/imbalanced/noisy,0.017947368421052712,0.01221052631578945,0.5
scn-9d8adab7bff3,2,HDDM_W,0.8263684210526315,0.08198210000000472,3,3.0,3.0,3.0,0.0,0.0,0.0,1.0,1.0,1.0,0.0,1279.6666666666667,1079.0,inf,10318.0,inf,8.063037249283667,0.0,10318.0,hyperplane_gauss,20000,20,0.3,0.1,3,real,gradual,894,0.1414213562373095,0.6,False,medium,fast,real/gradual/K=3/medium/fast/partial/imbalanced/noisy,0.025947368421052608,0.004210526315789553,0.5
scn-9d8adab7bff3,2,FHDDM,0.8222631578947368,0.03457899800014275,2,3.0,2.0,2.0,1.0,0.0,0.0,1.0,0.6666666666666666,0.8,0.33333333333333337,828.0,828.0,inf,10318.0,inf,8.30756843800322,0.0,10318.0,hyperplane_gauss,20000,20,0.3,0.1,3,real,gradual,894,0.1414213562373095,0.6,False,medium,fast,real/gradual/K=3/medium/fast/partial/imbalanced/noisy,0.021842105263157885,0.008315789473684276,0.5
scn-9d8adab7bff3,2,NoDrift,0.8004210526315789,0.025281855999764957,0,3.0,0.0,0.0,3.0,0.0,0.0,,0.0,0.0,1.0,,,inf,10318.0,,,0.0,10318.0,hyperplane_gauss,20000,20,0.3,0.1,3,real,gradual,894,0.1414213562373095,0.6,False,medium,fast,real/gradual/K=3/medium/fast/partial/imbalanced/noisy,0.0,0.03015789473684216,0.5
scn-9d8adab7bff3,2,Periodic(2000),0.8034736842105263,0.027268595000350615,9,3.0,9.0,3.0,0.0,5.0,1.0,0.3333333333333333,1.0,0.5,0.0,1280.6666666666667,1614.0,2063.6,2063.6,1.6113482561166057,1.6113482561166057,0.4845900368288428,10318.0,hyperplane_gauss,20000,20,0.3,0.1,3,real,gradual,894,0.1414213562373095,0.6,False,medium,fast,real/gradual/K=3/medium/fast/partial/imbalanced/noisy,0.003052631578947418,0.027105263157894743,0.5
scn-9d8adab7bff3,2,Oracle,0.8305789473684211,0.03238636900005076,3,3.0,3.0,3.0,0.0,0.0,0.0,1.0,1.0,1.0,0.0,448.0,448.0,inf,10318.0,inf,23.03125,0.0,10318.0,hyperplane_gauss,20000,20,0.3,0.1,3,real,gradual,894,0.1414213562373095,0.6,False,medium,fast,real/gradual/K=3/medium/fast/partial/imbalanced/noisy,0.03015789473684216,-0.0,0.5
scn-228285f2326e,0,ADWIN,0.7954736842105263,0.02964328000007299,0,3.0,0.0,0.0,3.0,0.0,0.0,,0.0,0.0,1.0,,,inf,9379.0,,,0.0,9379.0,hyperplane_gauss,20000,20,0.26,0.12,3,real,gradual,1207,0.11486983549970353,0.52,False,medium,slow,real/gradual/K=3/medium/slow/partial/imbalanced/noisy,0.0,0.012368421052631584,0.6
scn-228285f2326e,0,KSWIN,0.7954736842105263,4.084959187000095,0,3.0,0.0,0.0,3.0,0.0,0.0,,0.0,0.0,1.0,,,inf,9379.0,,,0.0,9379.0,hyperplane_gauss,20000,20,0.26,0.12,3,real,gradual,1207,0.11486983549970353,0.52,False,medium,slow,real/gradual/K=3/medium/slow/partial/imbalanced/noisy,0.0,0.012368421052631584,0.6
scn-228285f2326e,0,PageHinkley,0.7857894736842105,0.04583140099975935,9,3.0,9.0,2.0,1.0,5.0,2.0,0.2222222222222222,0.6666666666666666,0.3333333333333333,0.33333333333333337,1436.0,1436.0,1875.8,1875.8,0.870844939647168,0.870844939647168,0.5331058748267405,9379.0,hyperplane_gauss,20000,20,0.26,0.12,3,real,gradual,1207,0.11486983549970353,0.52,False,medium,slow,real/gradual/K=3/medium/slow/partial/imbalanced/noisy,-0.00968421052631585,0.022052631578947435,0.6
scn-228285f2326e,0,PageHinkley-up,0.8005263157894736,0.034409667999625526,1,3.0,1.0,1.0,2.0,0.0,0.0,1.0,0.3333333333333333,0.5,0.6666666666666667,3147.0,3147.0,inf,9379.0,inf,0.993432899057303,0.0,9379.0,hyperplane_gauss,20000,20,0.26,0.12,3,real,gradual,1207,0.11486983549970353,0.52,False,medium,slow,real/gradual/K=3/medium/slow/partial/imbalanced/noisy,0.005052631578947309,0.0073157894736842755,0.6
scn-228285f2326e,0,DDM,0.7944736842105263,0.03571991799981333,1,3.0,1.0,0.0,3.0,1.0,0.0,0.0,0.0,0.0,1.0,,,9379.0,9379.0,,,0.10662117496534812,9379.0,hyperplane_gauss,20000,20,0.26,0.12,3,real,gradual,1207,0.11486983549970353,0.52,False,medium,slow,real/gradual/K=3/medium/slow/partial/imbalanced/noisy,-0.0010000000000000009,0.013368421052631585,0.6
scn-228285f2326e,0,EDDM,0.7954736842105263,0.0311715760003608,0,3.0,0.0,0.0,3.0,0.0,0.0,,0.0,0.0,1.0,,,inf,9379.0,,,0.0,9379.0,hyperplane_gauss,20000,20,0.26,0.12,3,real,gradual,1207,0.11486983549970353,0.52,False,medium,slow,real/gradual/K=3/medium/slow/partial/imbalanced/noisy,0.0,0.012368421052631584,0.6
scn-228285f2326e,0,HDDM_A,0.7954736842105263,0.07175608499983355,0,3.0,0.0,0.0,3.0,0.0,0.0,,0.0,0.0,1.0,,,inf,9379.0,,,0.0,9379.0,hyperplane_gauss,20000,20,0.26,0.12,3,real,gradual,1207,0.11486983549970353,0.52,False,medium,slow,real/gradual/K=3/medium/slow/partial/imbalanced/noisy,0.0,0.012368421052631584,0.6
scn-228285f2326e,0,HDDM_W,0.7988421052631579,0.08346632199982196,4,3.0,4.0,3.0,0.0,1.0,0.0,0.75,1.0,0.8571428571428571,0.0,1276.0,1381.0,9379.0,9379.0,7.350313479623824,7.350313479623824,0.10662117496534812,9379.0,hyperplane_gauss,20000,20,0.26,0.12,3,real,gradual,1207,0.11486983549970353,0.52,False,medium,slow,real/gradual/K=3/medium/slow/partial/imbalanced/noisy,0.003368421052631576,0.009000000000000008,0.6
scn-228285f2326e,0,FHDDM,0.7971052631578948,0.03335350999986986,1,3.0,1.0,1.0,2.0,0.0,0.0,1.0,0.3333333333333333,0.5,0.6666666666666667,1848.0,1848.0,inf,9379.0,inf,1.6917388167388163,0.0,9379.0,hyperplane_gauss,20000,20,0.26,0.12,3,real,gradual,1207,0.11486983549970353,0.52,False,medium,slow,real/gradual/K=3/medium/slow/partial/imbalanced/noisy,0.0016315789473684283,0.010736842105263156,0.6
scn-228285f2326e,0,NoDrift,0.7954736842105263,0.02521965599999021,0,3.0,0.0,0.0,3.0,0.0,0.0,,0.0,0.0,1.0,,,inf,9379.0,,,0.0,9379.0,hyperplane_gauss,20000,20,0.26,0.12,3,real,gradual,1207,0.11486983549970353,0.52,False,medium,slow,real/gradual/K=3/medium/slow/partial/imbalanced/noisy,0.0,0.012368421052631584,0.6
scn-228285f2326e,0,Periodic(2000),0.7843684210526316,0.027799268000308075,9,3.0,9.0,3.0,0.0,4.0,2.0,0.3333333333333333,1.0,0.5,0.0,770.6666666666666,437.0,2344.75,2344.75,3.0424956747404845,3.0424956747404845,0.4264846998613925,9379.0,hyperplane_gauss,20000,20,0.26,0.12,3,real,gradual,1207,0.11486983549970353,0.52,False,medium,slow,real/gradual/K=3/medium/slow/partial/imbalanced/noisy,-0.01110526315789473,0.023473684210526313,0.6
scn-228285f2326e,0,Oracle,0.8078421052631579,0.03163765499994042,3,3.0,3.0,3.0,0.0,0.0,0.0,1.0,1.0,1.0,0.0,604.0,604.0,inf,9379.0,inf,15.528145695364238,0.0,9379.0,hyperplane_gauss,20000,20,0.26,0.12,3,real,gradual,1207,0.11486983549970353,0.52,False,medium,slow,real/gradual/K=3/medium/slow/partial/imbalanced/noisy,0.012368421052631584,-0.0,0.6
scn-19c9eff0d717,1,ADWIN,0.8034736842105263,0.0308861930002422,0,3.0,0.0,0.0,3.0,0.0,0.0,,0.0,0.0,1.0,,,inf,9379.0,,,0.0,9379.0,hyperplane_gauss,20000,20,0.26,0.12,3,real,gradual,1207,0.11486983549970353,0.52,False,medium,slow,real/gradual/K=3/medium/slow/partial/imbalanced/noisy,0.0,0.0094736842105263,0.6
scn-19c9eff0d717,1,KSWIN,0.8034736842105263,4.0824128939998445,0,3.0,0.0,0.0,3.0,0.0,0.0,,0.0,0.0,1.0,,,inf,9379.0,,,0.0,9379.0,hyperplane_gauss,20000,20,0.26,0.12,3,real,gradual,1207,0.11486983549970353,0.52,False,medium,slow,real/gradual/K=3/medium/slow/partial/imbalanced/noisy,0.0,0.0094736842105263,0.6
scn-19c9eff0d717,1,PageHinkley,0.8087894736842105,0.03909759700036375,3,3.0,3.0,2.0,1.0,1.0,0.0,0.6666666666666666,0.6666666666666666,0.6666666666666666,0.33333333333333337,871.0,871.0,9379.0,9379.0,7.178721775736701,7.178721775736701,0.10662117496534812,9379.0,hyperplane_gauss,20000,20,0.26,0.12,3,real,gradual,1207,0.11486983549970353,0.52,False,medium,slow,real/gradual/K=3/medium/slow/partial/imbalanced/noisy,0.005315789473684163,0.004157894736842138,0.6
scn-19c9eff0d717,1,PageHinkley-up,0.8095263157894736,0.0384167699999125,2,3.0,2.0,1.0,2.0,1.0,0.0,0.5,0.3333333333333333,0.4,0.6666666666666667,1552.0,1552.0,9379.0,9379.0,2.0143900343642605,2.0143900343642605,0.10662117496534812,9379.0,hyperplane_gauss,20000,20,0.26,0.12,3,real,gradual,1207,0.11486983549970353,0.52,False,medium,slow,real/gradual/K=3/medium/slow/partial/imbalanced/noisy,0.0060526315789473095,0.0034210526315789913,0.6
scn-19c9eff0d717,1,DDM,0.802,0.03518827900006727,1,3.0,1.0,0.0,3.0,1.0,0.0,0.0,0.0,0.0,1.0,,,9379.0,9379.0,,,0.10662117496534812,9379.0,hyperplane_gauss,20000,20,0.26,0.12,3,real,gradual,1207,0.11486983549970353,0.52,False,medium,slow,real/gradual/K=3/medium/slow/partial/imbalanced/noisy,-0.0014736842105262937,0.010947368421052595,0.6
scn-19c9eff0d717,1,EDDM,0.8023157894736842,0.03251337799974863,1,3.0,1.0,0.0,3.0,1.0,0.0,0.0,0.0,0.0,1.0,,,9379.0,9379.0,,,0.10662117496534812,9379.0,hyperplane_gauss,20000,20,0.26,0.12,3,real,gradual,1207,0.11486983549970353,0.52,False,medium,slow,real/gradual/K=3/medium/slow/partial/imbalanced/noisy,-0.0011578947368421355,0.010631578947368436,0.6
scn-19c9eff0d717,1,HDDM_A,0.8034736842105263,0.07001570099964738,0,3.0,0.0,0.0,3.0,0.0,0.0,,0.0,0.0,1.0,,,inf,9379.0,,,0.0,9379.0,hyperplane_gauss,20000,20,0.26,0.12,3,real,gradual,1207,0.11486983549970353,0.52,False,medium,slow,real/gradual/K=3/medium/slow/partial/imbalanced/noisy,0.0,0.0094736842105263,0.6
scn-19c9eff0d717,1,HDDM_W,0.8024210526315789,0.07446299599996564,1,3.0,1.0,0.0,3.0,1.0,0.0,0.0,0.0,0.0,1.0,,,9379.0,9379.0,,,0.10662117496534812,9379.0,hyperplane_gauss,20000,20,0.26,0.12,3,real,gradual,1207,0.11486983549970353,0.52,False,medium,slow,real/gradual/K=3/medium/slow/partial/imbalanced/noisy,-0.001052631578947416,0.010526315789473717,0.6
scn-19c9eff0d717,1,FHDDM,0.8034736842105263,0.03164890700008982,0,3.0,0.0,0.0,3.0,0.0,0.0,,0.0,0.0,1.0,,,inf,9379.0,,,0.0,9379.0,hyperplane_gauss,20000,20,0.26,0.12,3,real,gradual,1207,0.11486983549970353,0.52,False,medium,slow,real/gradual/K=3/medium/slow/partial/imbalanced/noisy,0.0,0.0094736842105263,0.6
scn-19c9eff0d717,1,NoDrift,0.8034736842105263,0.025620806999995693,0,3.0,0.0,0.0,3.0,0.0,0.0,,0.0,0.0,1.0,,,inf,9379.0,,,0.0,9379.0,hyperplane_gauss,20000,20,0.26,0.12,3,real,gradual,1207,0.11486983549970353,0.52,False,medium,slow,real/gradual/K=3/medium/slow/partial/imbalanced/noisy,0.0,0.0094736842105263,0.6
scn-19c9eff0d717,1,Periodic(2000),0.7941578947368421,0.028372214999762946,9,3.0,9.0,3.0,0.0,4.0,2.0,0.3333333333333333,1.0,0.5,0.0,770.6666666666666,437.0,2344.75,2344.75,3.0424956747404845,3.0424956747404845,0.4264846998613925,9379.0,hyperplane_gauss,20000,20,0.26,0.12,3,real,gradual,1207,0.11486983549970353,0.52,False,medium,slow,real/gradual/K=3/medium/slow/partial/imbalanced/noisy,-0.009315789473684277,0.018789473684210578,0.6
scn-19c9eff0d717,1,Oracle,0.8129473684210526,0.031804326999917976,3,3.0,3.0,3.0,0.0,0.0,0.0,1.0,1.0,1.0,0.0,604.0,604.0,inf,9379.0,inf,15.528145695364238,0.0,9379.0,hyperplane_gauss,20000,20,0.26,0.12,3,real,gradual,1207,0.11486983549970353,0.52,False,medium,slow,real/gradual/K=3/medium/slow/partial/imbalanced/noisy,0.0094736842105263,-0.0,0.6
scn-5dbb85a27336,2,ADWIN,0.797578947368421,0.03251618400008738,0,3.0,0.0,0.0,3.0,0.0,0.0,,0.0,0.0,1.0,,,inf,9379.0,,,0.0,9379.0,hyperplane_gauss,20000,20,0.26,0.12,3,real,gradual,1207,0.11486983549970353,0.52,False,medium,slow,real/gradual/K=3/medium/slow/partial/imbalanced/noisy,0.0,0.015052631578947318,0.6
scn-5dbb85a27336,2,KSWIN,0.797578947368421,4.017842529000063,0,3.0,0.0,0.0,3.0,0.0,0.0,,0.0,0.0,1.0,,,inf,9379.0,,,0.0,9379.0,hyperplane_gauss,20000,20,0.26,0.12,3,real,gradual,1207,0.11486983549970353,0.52,False,medium,slow,real/gradual/K=3/medium/slow/partial/imbalanced/noisy,0.0,0.015052631578947318,0.6
scn-5dbb85a27336,2,PageHinkley,0.7919473684210526,0.04708271400022568,9,3.0,9.0,3.0,0.0,6.0,0.0,0.3333333333333333,1.0,0.5,0.0,2743.3333333333335,2765.0,1563.1666666666667,1563.1666666666667,0.5698055893074119,0.5698055893074119,0.6397270497920887,9379.0,hyperplane_gauss,20000,20,0.26,0.12,3,real,gradual,1207,0.11486983549970353,0.52,False,medium,slow,real/gradual/K=3/medium/slow/partial/imbalanced/noisy,-0.005631578947368432,0.02068421052631575,0.6
scn-5dbb85a27336,2,PageHinkley-up,0.8066842105263158,0.039179301999865856,2,3.0,2.0,2.0,1.0,0.0,0.0,1.0,0.6666666666666666,0.8,0.33333333333333337,2254.5,2254.5,inf,9379.0,inf,2.7734161307015595,0.0,9379.0,hyperplane_gauss,20000,20,0.26,0.12,3,real,gradual,1207,0.11486983549970353,0.52,False,medium,slow,real/gradual/K=3/medium/slow/partial/imbalanced/noisy,0.009105263157894727,0.00594736842105259,0.6
scn-5dbb85a27336,2,DDM,0.7956315789473685,0.03804284399984681,1,3.0,1.0,0.0,3.0,1.0,0.0,0.0,0.0,0.0,1.0,,,9379.0,9379.0,,,0.10662117496534812,9379.0,hyperplane_gauss,20000,20,0.26,0.12,3,real,gradual,1207,0.11486983549970353,0.52,False,medium,slow,real/gradual/K=3/medium/slow/partial/imbalanced/noisy,-0.0019473684210525866,0.016999999999999904,0.6
scn-5dbb85a27336,2,EDDM,0.7976842105263158,0.039998407999974006,3,3.0,3.0,0.0,3.0,3.0,0.0,0.0,0.0,0.0,1.0,,,3126.3333333333335,3126.3333333333335,,,0.31986352489604436,9379.0,hyperplane_gauss,20000,20,0.26,0.12,3,real,gradual,1207,0.11486983549970353,0.52,False,medium,slow,real/gradual/K=3/medium/slow/partial/imbalanced/noisy,0.0001052631578947194,0.014947368421052598,0.6
scn-5dbb85a27336,2,HDDM_A,0.797578947368421,0.07358724400000938,0,3.0,0.0,0.0,3.0,0.0,0.0,,0.0,0.0,1.0,,,inf,9379.0,,,0.0,9379.0,hyperplane_gauss,20000,20,0.26,0.12,3,real,gradual,1207,0.11486983549970353,0.52,False,medium,slow,real/gradual/K=3/medium/slow/partial/imbalanced/noisy,0.0,0.015052631578947318,0.6
scn-5dbb85a27336,2,HDDM_W,0.8094736842105263,0.08075994199998604,1,3.0,1.0,1.0,2.0,0.0,0.0,1.0,0.3333333333333333,0.5,0.6666666666666667,1421.0,1421.0,inf,9379.0,inf,2.2000938306357023,0.0,9379.0,hyperplane_gauss,20000,20,0.26,0.12,3,real,gradual,1207,0.11486983549970353,0.52,False,medium,slow,real/gradual/K=3/medium/slow/partial/imbalanced/noisy,0.011894736842105291,0.0031578947368420263,0.6
scn-5dbb85a27336,2,FHDDM,0.8095263157894736,0.03633252400004494,1,3.0,1.0,1.0,2.0,0.0,0.0,1.0,0.3333333333333333,0.5,0.6666666666666667,1726.0,1726.0,inf,9379.0,inf,1.811317110853611,0.0,9379.0,hyperplane_gauss,20000,20,0.26,0.12,3,real,gradual,1207,0.11486983549970353,0.52,False,medium,slow,real/gradual/K=3/medium/slow/partial/imbalanced/noisy,0.011947368421052595,0.003105263157894722,0.6
scn-5dbb85a27336,2,NoDrift,0.797578947368421,0.028046122999967338,0,3.0,0.0,0.0,3.0,0.0,0.0,,0.0,0.0,1.0,,,inf,9379.0,,,0.0,9379.0,hyperplane_gauss,20000,20,0.26,0.12,3,real,gradual,1207,0.11486983549970353,0.52,False,medium,slow,real/gradual/K=3/medium/slow/partial/imbalanced/noisy,0.0,0.015052631578947318,0.6
scn-5dbb85a27336,2,Periodic(2000),0.7932631578947369,0.031196922000162886,9,3.0,9.0,3.0,0.0,4.0,2.0,0.3333333333333333,1.0,0.5,0.0,770.6666666666666,437.0,2344.75,2344.75,3.0424956747404845,3.0424956747404845,0.4264846998613925,9379.0,hyperplane_gauss,20000,20,0.26,0.12,3,real,gradual,1207,0.11486983549970353,0.52,False,medium,slow,real/gradual/K=3/medium/slow/partial/imbalanced/noisy,-0.004315789473684162,0.01936842105263148,0.6
scn-5dbb85a27336,2,Oracle,0.8126315789473684,0.03476501700015433,3,3.0,3.0,3.0,0.0,0.0,0.0,1.0,1.0,1.0,0.0,604.0,604.0,inf,9379.0,inf,15.528145695364238,0.0,9379.0,hyperplane_gauss,20000,20,0.26,0.12,3,real,gradual,1207,0.11486983549970353,0.52,False,medium,slow,real/gradual/K=3/medium/slow/partial/imbalanced/noisy,0.015052631578947318,-0.0,0.6
scn-b1cc0c050807,0,ADWIN,0.7842105263157895,0.029450500000166357,0,3.0,0.0,0.0,3.0,0.0,0.0,,0.0,0.0,1.0,,,inf,8116.0,,,0.0,8116.0,hyperplane_gauss,20000,20,0.22000000000000003,0.13999999999999999,3,real,gradual,1628,0.09330329915368077,0.44000000000000006,False,low,slow,real/gradual/K=3/low/slow/partial/imbalanced/noisy,0.0,0.005315789473684163,0.7
scn-b1cc0c050807,0,KSWIN,0.7888421052631579,3.9975795760001347,1,3.0,1.0,1.0,2.0,0.0,0.0,1.0,0.3333333333333333,0.5,0.6666666666666667,565.0,565.0,inf,8116.0,inf,4.7882005899705,0.0,8116.0,hyperplane_gauss,20000,20,0.22000000000000003,0.13999999999999999,3,real,gradual,1628,0.09330329915368077,0.44000000000000006,False,low,slow,real/gradual/K=3/low/slow/partial/imbalanced/noisy,0.004631578947368431,0.0006842105263157316,0.7
scn-b1cc0c050807,0,PageHinkley,0.7817894736842105,0.04103533499983314,5,3.0,5.0,2.0,1.0,1.0,2.0,0.4,0.6666666666666666,0.5,0.33333333333333337,1847.0,1847.0,8116.0,8116.0,2.9294351200144377,2.9294351200144377,0.1232134056185313,8116.0,hyperplane_gauss,20000,20,0.22000000000000003,0.13999999999999999,3,real,gradual,1628,0.09330329915368077,0.44000000000000006,False,low,slow,real/gradual/K=3/low/slow/partial/imbalanced/noisy,-0.0024210526315789904,0.007736842105263153,0.7
scn-b1cc0c050807,0,PageHinkley-up,0.7832631578947369,0.035840918000303645,1,3.0,1.0,1.0,2.0,0.0,0.0,1.0,0.3333333333333333,0.5,0.6666666666666667,2339.0,2339.0,inf,8116.0,inf,1.1566196380219465,0.0,8116.0,hyperplane_gauss,20000,20,0.22000000000000003,0.13999999999999999,3,real,gradual,1628,0.09330329915368077,0.44000000000000006,False,low,slow,real/gradual/K=3/low/slow/partial/imbalanced/noisy,-0.0009473684210525857,0.006263157894736748,0.7
scn-b1cc0c050807,0,DDM,0.7842105263157895,0.034464547999959905,0,3.0,0.0,0.0,3.0,0.0,0.0,,0.0,0.0,1.0,,,inf,8116.0,,,0.0,8116.0,hyperplane_gauss,20000,20,0.22000000000000003,0.13999999999999999,3,real,gradual,1628,0.09330329915368077,0.44000000000000006,False,low,slow,real/gradual/K=3/low/slow/partial/imbalanced/noisy,0.0,0.005315789473684163,0.7
scn-b1cc0c050807,0,EDDM,0.7818421052631579,0.04659623099996679,4,3.0,4.0,0.0,3.0,4.0,0.0,0.0,0.0,0.0,1.0,,,2029.0,2029.0,,,0.4928536224741252,8116.0,hyperplane_gauss,20000,20,0.22000000000000003,0.13999999999999999,3,real,gradual,1628,0.09330329915368077,0.44000000000000006,False,low,slow,real/gradual/K=3/low/slow/partial/imbalanced/noisy,-0.002368421052631575,0.007684210526315738,0.7
scn-b1cc0c050807,0,HDDM_A,0.7842105263157895,0.07202089300017178,0,3.0,0.0,0.0,3.0,0.0,0.0,,0.0,0.0,1.0,,,inf,8116.0,,,0.0,8116.0,hyperplane_gauss,20000,20,0.22000000000000003,0.13999999999999999,3,real,gradual,1628,0.09330329915368077,0.44000000000000006,False,low,slow,real/gradual/K=3/low/slow/partial/imbalanced/noisy,0.0,0.005315789473684163,0.7
scn-b1cc0c050807,0,HDDM_W,0.7879473684210526,0.08045613600006618,2,3.0,2.0,2.0,1.0,0.0,0.0,1.0,0.6666666666666666,0.8,0.33333333333333337,1261.0,1261.0,inf,8116.0,inf,4.290774517578641,0.0,8116.0,hyperplane_gauss,20000,20,0.22000000000000003,0.13999999999999999,3,real,gradual,1628,0.09330329915368077,0.44000000000000006,False,low,slow,real/gradual/K=3/low/slow/partial/imbalanced/noisy,0.0037368421052631495,0.0015789473684210131,0.7
scn-b1cc0c050807,0,FHDDM,0.7879473684210526,0.033198254999661,2,3.0,2.0,2.0,1.0,0.0,0.0,1.0,0.6666666666666666,0.8,0.33333333333333337,1278.5,1278.5,inf,8116.0,inf,4.2320427584408815,0.0,8116.0,hyperplane_gauss,20000,20,0.22000000000000003,0.13999999999999999,3,real,gradual,1628,0.09330329915368077,0.44000000000000006,False,low,slow,real/gradual/K=3/low/slow/partial/imbalanced/noisy,0.0037368421052631495,0.0015789473684210131,0.7
scn-b1cc0c050807,0,NoDrift,0.7842105263157895,0.025653392000094755,0,3.0,0.0,0.0,3.0,0.0,0.0,,0.0,0.0,1.0,,,inf,8116.0,,,0.0,8116.0,hyperplane_gauss,20000,20,0.22000000000000003,0.13999999999999999,3,real,gradual,1628,0.09330329915368077,0.44000000000000006,False,low,slow,real/gradual/K=3/low/slow/partial/imbalanced/noisy,0.0,0.005315789473684163,0.7
scn-b1cc0c050807,0,Periodic(2000),0.7740526315789473,0.027736079000078462,9,3.0,9.0,3.0,0.0,4.0,2.0,0.3333333333333333,1.0,0.5,0.0,981.0,648.0,2029.0,2029.0,2.0682976554536188,2.0682976554536188,0.4928536224741252,8116.0,hyperplane_gauss,20000,20,0.22000000000000003,0.13999999999999999,3,real,gradual,1628,0.09330329915368077,0.44000000000000006,False,low,slow,real/gradual/K=3/low/slow/partial/imbalanced/noisy,-0.010157894736842144,0.015473684210526306,0.7
scn-b1cc0c050807,0,Oracle,0.7895263157894736,0.03297379200012074,3,3.0,3.0,3.0,0.0,0.0,0.0,1.0,1.0,1.0,0.0,815.0,815.0,inf,8116.0,inf,9.958282208588956,0.0,8116.0,hyperplane_gauss,20000,20,0.22000000000000003,0.13999999999999999,3,real,gradual,1628,0.09330329915368077,0.44000000000000006,False,low,slow,real/gradual/K=3/low/slow/partial/imbalanced/noisy,0.005315789473684163,-0.0,0.7
scn-ccddc2807d72,1,ADWIN,0.7916315789473685,0.02986123199980284,0,3.0,0.0,0.0,3.0,0.0,0.0,,0.0,0.0,1.0,,,inf,8116.0,,,0.0,8116.0,hyperplane_gauss,20000,20,0.22000000000000003,0.13999999999999999,3,real,gradual,1628,0.09330329915368077,0.44000000000000006,False,low,slow,real/gradual/K=3/low/slow/partial/imbalanced/noisy,0.0,0.0007368421052631469,0.7
scn-ccddc2807d72,1,KSWIN,0.7916315789473685,4.030981510999936,0,3.0,0.0,0.0,3.0,0.0,0.0,,0.0,0.0,1.0,,,inf,8116.0,,,0.0,8116.0,hyperplane_gauss,20000,20,0.22000000000000003,0.13999999999999999,3,real,gradual,1628,0.09330329915368077,0.44000000000000006,False,low,slow,real/gradual/K=3/low/slow/partial/imbalanced/noisy,0.0,0.0007368421052631469,0.7
scn-ccddc2807d72,1,PageHinkley,0.7919473684210526,0.03737484899966148,2,3.0,2.0,0.0,3.0,2.0,0.0,0.0,0.0,0.0,1.0,,,4058.0,4058.0,,,0.2464268112370626,8116.0,hyperplane_gauss,20000,20,0.22000000000000003,0.13999999999999999,3,real,gradual,1628,0.09330329915368077,0.44000000000000006,False,low,slow,real/gradual/K=3/low/slow/partial/imbalanced/noisy,0.0003157894736841582,0.00042105263157898865,0.7
scn-ccddc2807d72,1,PageHinkley-up,0.7925263157894736,0.03507939599967358,1,3.0,1.0,0.0,3.0,1.0,0.0,0.0,0.0,0.0,1.0,,,8116.0,8116.0,,,0.1232134056185313,8116.0,hyperplane_gauss,20000,20,0.22000000000000003,0.13999999999999999,3,real,gradual,1628,0.09330329915368077,0.44000000000000006,False,low,slow,real/gradual/K=3/low/slow/partial/imbalanced/noisy,0.0008947368421051705,-0.0001578947368420236,0.7
scn-ccddc2807d72,1,DDM,0.7916315789473685,0.034320023999953264,0,3.0,0.0,0.0,3.0,0.0,0.0,,0.0,0.0,1.0,,,inf,8116.0,,,0.0,8116.0,hyperplane_gauss,20000,20,0.22000000000000003,0.13999999999999999,3,real,gradual,1628,0.09330329915368077,0.44000000000000006,False,low,slow,real/gradual/K=3/low/slow/partial/imbalanced/noisy,0.0,0.0007368421052631469,0.7
scn-ccddc2807d72,1,EDDM,0.7901578947368421,0.034467304999907356,1,3.0,1.0,0.0,3.0,1.0,0.0,0.0,0.0,0.0,1.0,,,8116.0,8116.0,,,0.1232134056185313,8116.0,hyperplane_gauss,20000,20,0.22000000000000003,0.13999999999999999,3,real,gradual,1628,0.09330329915368077,0.44000000000000006,False,low,slow,real/gradual/K=3/low/slow/partial/imbalanced/noisy,-0.0014736842105264047,0.0022105263157895516,0.7
scn-ccddc2807d72,1,HDDM_A,0.7916315789473685,0.07254957999975886,0,3.0,0.0,0.0,3.0,0.0,0.0,,0.0,0.0,1.0,,,inf,8116.0,,,0.0,8116.0,hyperplane_gauss,20000,20,0.22000000000000003,0.13999999999999999,3,real,gradual,1628,0.09330329915368077,0.44000000000000006,False,low,slow,real/gradual/K=3/low/slow/partial/imbalanced/noisy,0.0,0.0007368421052631469,0.7
scn-ccddc2807d72,1,HDDM_W,0.7911052631578948,0.07773537200000646,2,3.0,2.0,1.0,2.0,0.0,1.0,0.5,0.3333333333333333,0.4,0.6666666666666667,1194.0,1194.0,inf,8116.0,inf,2.265773310999441,0.0,8116.0,hyperplane_gauss,20000,20,0.22000000000000003,0.13999999999999999,3,real,gradual,1628,0.09330329915368077,0.44000000000000006,False,low,slow,real/gradual/K=3/low/slow/partial/imbalanced/noisy,-0.000526315789473708,0.001263157894736855,0.7
scn-ccddc2807d72,1,FHDDM,0.7938421052631579,0.033315800999844214,1,3.0,1.0,1.0,2.0,0.0,0.0,1.0,0.3333333333333333,0.5,0.6666666666666667,2787.0,2787.0,inf,8116.0,inf,0.9706972850137541,0.0,8116.0,hyperplane_gauss,20000,20,0.22000000000000003,0.13999999999999999,3,real,gradual,1628,0.09330329915368077,0.44000000000000006,False,low,slow,real/gradual/K=3/low/slow/partial/imbalanced/noisy,0.0022105263157894406,-0.0014736842105262937,0.7
scn-ccddc2807d72,1,NoDrift,0.7916315789473685,0.025761174999843206,0,3.0,0.0,0.0,3.0,0.0,0.0,,0.0,0.0,1.0,,,inf,8116.0,,,0.0,8116.0,hyperplane_gauss,20000,20,0.22000000000000003,0.13999999999999999,3,real,gradual,1628,0.09330329915368077,0.44000000000000006,False,low,slow,real/gradual/K=3/low/slow/partial/imbalanced/noisy,0.0,0.0007368421052631469,0.7
scn-ccddc2807d72,1,Periodic(2000),0.7758421052631579,0.029544265999902564,9,3.0,9.0,3.0,0.0,4.0,2.0,0.3333333333333333,1.0,0.5,0.0,981.0,648.0,2029.0,2029.0,2.0682976554536188,2.0682976554536188,0.4928536224741252,8116.0,hyperplane_gauss,20000,20,0.22000000000000003,0.13999999999999999,3,real,gradual,1628,0.09330329915368077,0.44000000000000006,False,low,slow,real/gradual/K=3/low/slow/partial/imbalanced/noisy,-0.015789473684210575,0.016526315789473722,0.7
scn-ccddc2807d72,1,Oracle,0.7923684210526316,0.031974282000192034,3,3.0,3.0,3.0,0.0,0.0,0.0,1.0,1.0,1.0,0.0,815.0,815.0,inf,8116.0,inf,9.958282208588956,0.0,8116.0,hyperplane_gauss,20000,20,0.22000000000000003,0.13999999999999999,3,real,gradual,1628,0.09330329915368077,0.44000000000000006,False,low,slow,real/gradual/K=3/low/slow/partial/imbalanced/noisy,0.0007368421052631469,-0.0,0.7
scn-911532ae9306,2,ADWIN,0.7919473684210526,0.030006221999883564,0,3.0,0.0,0.0,3.0,0.0,0.0,,0.0,0.0,1.0,,,inf,8116.0,,,0.0,8116.0,hyperplane_gauss,20000,20,0.22000000000000003,0.13999999999999999,3,real,gradual,1628,0.09330329915368077,0.44000000000000006,False,low,slow,real/gradual/K=3/low/slow/partial/imbalanced/noisy,0.0,0.005315789473684274,0.7
scn-911532ae9306,2,KSWIN,0.7919473684210526,4.0330958530003045,0,3.0,0.0,0.0,3.0,0.0,0.0,,0.0,0.0,1.0,,,inf,8116.0,,,0.0,8116.0,hyperplane_gauss,20000,20,0.22000000000000003,0.13999999999999999,3,real,gradual,1628,0.09330329915368077,0.44000000000000006,False,low,slow,real/gradual/K=3/low/slow/partial/imbalanced/noisy,0.0,0.005315789473684274,0.7
scn-911532ae9306,2,PageHinkley,0.7945263157894736,0.03799491800009491,1,3.0,1.0,1.0,2.0,0.0,0.0,1.0,0.3333333333333333,0.5,0.6666666666666667,1433.0,1433.0,inf,8116.0,inf,1.8878809025354728,0.0,8116.0,hyperplane_gauss,20000,20,0.22000000000000003,0.13999999999999999,3,real,gradual,1628,0.09330329915368077,0.44000000000000006,False,low,slow,real/gradual/K=3/low/slow/partial/imbalanced/noisy,0.002578947368421014,0.0027368421052632597,0.7
scn-911532ae9306,2,PageHinkley-up,0.7945263157894736,0.03646138800013432,1,3.0,1.0,1.0,2.0,0.0,0.0,1.0,0.3333333333333333,0.5,0.6666666666666667,1433.0,1433.0,inf,8116.0,inf,1.8878809025354728,0.0,8116.0,hyperplane_gauss,20000,20,0.22000000000000003,0.13999999999999999,3,real,gradual,1628,0.09330329915368077,0.44000000000000006,False,low,slow,real/gradual/K=3/low/slow/partial/imbalanced/noisy,0.002578947368421014,0.0027368421052632597,0.7
scn-911532ae9306,2,DDM,0.7919473684210526,0.033940539000013814,0,3.0,0.0,0.0,3.0,0.0,0.0,,0.0,0.0,1.0,,,inf,8116.0,,,0.0,8116.0,hyperplane_gauss,20000,20,0.22000000000000003,0.13999999999999999,3,real,gradual,1628,0.09330329915368077,0.44000000000000006,False,low,slow,real/gradual/K=3/low/slow/partial/imbalanced/noisy,0.0,0.005315789473684274,0.7
scn-911532ae9306,2,EDDM,0.7857894736842105,0.06277199900023334,10,3.0,10.0,1.0,2.0,5.0,4.0,0.1,0.3333333333333333,0.15384615384615383,0.6666666666666667,35.0,35.0,1623.2,1623.2,15.459047619047615,15.459047619047615,0.6160670280926565,8116.0,hyperplane_gauss,20000,20,0.22000000000000003,0.13999999999999999,3,real,gradual,1628,0.09330329915368077,0.44000000000000006,False,low,slow,real/gradual/K=3/low/slow/partial/imbalanced/noisy,-0.00615789473684214,0.011473684210526414,0.7
scn-911532ae9306,2,HDDM_A,0.7919473684210526,0.0700640969998858,0,3.0,0.0,0.0,3.0,0.0,0.0,,0.0,0.0,1.0,,,inf,8116.0,,,0.0,8116.0,hyperplane_gauss,20000,20,0.22000000000000003,0.13999999999999999,3,real,gradual,1628,0.09330329915368077,0.44000000000000006,False,low,slow,real/gradual/K=3/low/slow/partial/imbalanced/noisy,0.0,0.005315789473684274,0.7
scn-911532ae9306,2,HDDM_W,0.7941052631578948,0.07606692700028361,1,3.0,1.0,0.0,3.0,1.0,0.0,0.0,0.0,0.0,1.0,,,8116.0,8116.0,,,0.1232134056185313,8116.0,hyperplane_gauss,20000,20,0.22000000000000003,0.13999999999999999,3,real,gradual,1628,0.09330329915368077,0.44000000000000006,False,low,slow,real/gradual/K=3/low/slow/partial/imbalanced/noisy,0.0021578947368421364,0.0031578947368421373,0.7
scn-911532ae9306,2,FHDDM,0.7957894736842105,0.03155213799982448,1,3.0,1.0,1.0,2.0,0.0,0.0,1.0,0.3333333333333333,0.5,0.6666666666666667,1320.0,1320.0,inf,8116.0,inf,2.049494949494949,0.0,8116.0,hyperplane_gauss,20000,20,0.22000000000000003,0.13999999999999999,3,real,gradual,1628,0.09330329915368077,0.44000000000000006,False,low,slow,real/gradual/K=3/low/slow/partial/imbalanced/noisy,0.003842105263157869,0.0014736842105264047,0.7
scn-911532ae9306,2,NoDrift,0.7919473684210526,0.025614482000037242,0,3.0,0.0,0.0,3.0,0.0,0.0,,0.0,0.0,1.0,,,inf,8116.0,,,0.0,8116.0,hyperplane_gauss,20000,20,0.22000000000000003,0.13999999999999999,3,real,gradual,1628,0.09330329915368077,0.44000000000000006,False,low,slow,real/gradual/K=3/low/slow/partial/imbalanced/noisy,0.0,0.005315789473684274,0.7
scn-911532ae9306,2,Periodic(2000),0.7754210526315789,0.02822793499990439,9,3.0,9.0,3.0,0.0,4.0,2.0,0.3333333333333333,1.0,0.5,0.0,981.0,648.0,2029.0,2029.0,2.0682976554536188,2.0682976554536188,0.4928536224741252,8116.0,hyperplane_gauss,20000,20,0.22000000000000003,0.13999999999999999,3,real,gradual,1628,0.09330329915368077,0.44000000000000006,False,low,slow,real/gradual/K=3/low/slow/partial/imbalanced/noisy,-0.016526315789473722,0.021842105263157996,0.7
scn-911532ae9306,2,Oracle,0.7972631578947369,0.031858987000305206,3,3.0,3.0,3.0,0.0,0.0,0.0,1.0,1.0,1.0,0.0,815.0,815.0,inf,8116.0,inf,9.958282208588956,0.0,8116.0,hyperplane_gauss,20000,20,0.22000000000000003,0.13999999999999999,3,real,gradual,1628,0.09330329915368077,0.44000000000000006,False,low,slow,real/gradual/K=3/low/slow/partial/imbalanced/noisy,0.005315789473684274,-0.0,0.7
scn-567900ba05d3,0,ADWIN,0.7761052631578947,0.03178815199999008,0,3.0,0.0,0.0,3.0,0.0,0.0,,0.0,0.0,1.0,,,inf,6409.0,,,0.0,6409.0,hyperplane_gauss,20000,20,0.18,0.16000000000000003,3,real,gradual,2197,0.07578582832551992,0.36,False,low,slow,real/gradual/K=3/low/slow/partial/imbalanced/noisy,0.0,-0.0007368421052631469,0.8
scn-567900ba05d3,0,KSWIN,0.7727894736842106,4.007794641000146,1,3.0,1.0,1.0,2.0,0.0,0.0,1.0,0.3333333333333333,0.5,0.6666666666666667,1447.0,1447.0,inf,6409.0,inf,1.476387929048606,0.0,6409.0,hyperplane_gauss,20000,20,0.18,0.16000000000000003,3,real,gradual,2197,0.07578582832551992,0.36,False,low,slow,real/gradual/K=3/low/slow/partial/imbalanced/noisy,-0.003315789473684161,0.002578947368421014,0.8
scn-567900ba05d3,0,PageHinkley,0.7698947368421053,0.03818976999991719,5,3.0,5.0,2.0,1.0,1.0,2.0,0.4,0.6666666666666666,0.5,0.33333333333333337,500.5,500.5,6409.0,6409.0,8.536796536796537,8.536796536796537,0.15603058199407083,6409.0,hyperplane_gauss,20000,20,0.18,0.16000000000000003,3,real,gradual,2197,0.07578582832551992,0.36,False,low,slow,real/gradual/K=3/low/slow/partial/imbalanced/noisy,-0.006210526315789444,0.005473684210526297,0.8
scn-567900ba05d3,0,PageHinkley-up,0.7753684210526316,0.03525567799988494,1,3.0,1.0,1.0,2.0,0.0,0.0,1.0,0.3333333333333333,0.5,0.6666666666666667,2938.0,2938.0,inf,6409.0,inf,0.7271386430678465,0.0,6409.0,hyperplane_gauss,20000,20,0.18,0.16000000000000003,3,real,gradual,2197,0.07578582832551992,0.36,False,low,slow,real/gradual/K=3/low/slow/partial/imbalanced/noisy,-0.0007368421052631469,-0.0,0.8
scn-567900ba05d3,0,DDM,0.7761052631578947,0.03372901200009437,0,3.0,0.0,0.0,3.0,0.0,0.0,,0.0,0.0,1.0,,,inf,6409.0,,,0.0,6409.0,hyperplane_gauss,20000,20,0.18,0.16000000000000003,3,real,gradual,2197,0.07578582832551992,0.36,False,low,slow,real/gradual/K=3/low/slow/partial/imbalanced/noisy,0.0,-0.0007368421052631469,0.8
scn-567900ba05d3,0,EDDM,0.7718421052631579,0.043890967999686836,6,3.0,6.0,0.0,3.0,6.0,0.0,0.0,0.0,0.0,1.0,,,1068.1666666666667,1068.1666666666667,,,0.9361834919644251,6409.0,hyperplane_gauss,20000,20,0.18,0.16000000000000003,3,real,gradual,2197,0.07578582832551992,0.36,False,low,slow,real/gradual/K=3/low/slow/partial/imbalanced/noisy,-0.004263157894736858,0.0035263157894737107,0.8
scn-567900ba05d3,0,HDDM_A,0.7761052631578947,0.07133226399992054,0,3.0,0.0,0.0,3.0,0.0,0.0,,0.0,0.0,1.0,,,inf,6409.0,,,0.0,6409.0,hyperplane_gauss,20000,20,0.18,0.16000000000000003,3,real,gradual,2197,0.07578582832551992,0.36,False,low,slow,real/gradual/K=3/low/slow/partial/imbalanced/noisy,0.0,-0.0007368421052631469,0.8
scn-567900ba05d3,0,HDDM_W,0.7710526315789473,0.07833983000000444,2,3.0,2.0,2.0,1.0,0.0,0.0,1.0,0.6666666666666666,0.8,0.33333333333333337,1883.5,1883.5,inf,6409.0,inf,2.2684718166533933,0.0,6409.0,hyperplane_gauss,20000,20,0.18,0.16000000000000003,3,real,gradual,2197,0.07578582832551992,0.36,False,low,slow,real/gradual/K=3/low/slow/partial/imbalanced/noisy,-0.00505263157894742,0.004315789473684273,0.8
scn-567900ba05d3,0,FHDDM,0.7744736842105263,0.032836088000294694,1,3.0,1.0,1.0,2.0,0.0,0.0,1.0,0.3333333333333333,0.5,0.6666666666666667,2384.0,2384.0,inf,6409.0,inf,0.8961129753914987,0.0,6409.0,hyperplane_gauss,20000,20,0.18,0.16000000000000003,3,real,gradual,2197,0.07578582832551992,0.36,False,low,slow,real/gradual/K=3/low/slow/partial/imbalanced/noisy,-0.0016315789473684283,0.0008947368421052815,0.8
scn-567900ba05d3,0,NoDrift,0.7761052631578947,0.02519354600008228,0,3.0,0.0,0.0,3.0,0.0,0.0,,0.0,0.0,1.0,,,inf,6409.0,,,0.0,6409.0,hyperplane_gauss,20000,20,0.18,0.16000000000000003,3,real,gradual,2197,0.07578582832551992,0.36,False,low,slow,real/gradual/K=3/low/slow/partial/imbalanced/noisy,0.0,-0.0007368421052631469,0.8
scn-567900ba05d3,0,Periodic(2000),0.7580526315789474,0.02744619499981127,9,3.0,9.0,3.0,0.0,3.0,3.0,0.3333333333333333,1.0,0.5,0.0,599.0,599.0,2136.3333333333335,2136.3333333333335,3.5664997217584866,3.5664997217584866,0.46809174598221254,6409.0,hyperplane_gauss,20000,20,0.18,0.16000000000000003,3,real,gradual,2197,0.07578582832551992,0.36,False,low,slow,real/gradual/K=3/low/slow/partial/imbalanced/noisy,-0.01805263157894732,0.017315789473684173,0.8
scn-567900ba05d3,0,Oracle,0.7753684210526316,0.03267406099985237,3,3.0,3.0,3.0,0.0,0.0,0.0,1.0,1.0,1.0,0.0,1099.0,1099.0,inf,6409.0,inf,5.831665150136487,0.0,6409.0,hyperplane_gauss,20000,20,0.18,0.16000000000000003,3,real,gradual,2197,0.07578582832551992,0.36,False,low,slow,real/gradual/K=3/low/slow/partial/imbalanced/noisy,-0.0007368421052631469,-0.0,0.8
scn-46a3e88a13b9,1,ADWIN,0.7770526315789473,0.02995187700025781,0,3.0,0.0,0.0,3.0,0.0,0.0,,0.0,0.0,1.0,,,inf,6409.0,,,0.0,6409.0,hyperplane_gauss,20000,20,0.18,0.16000000000000003,3,real,gradual,2197,0.07578582832551992,0.36,False,low,slow,real/gradual/K=3/low/slow/partial/imbalanced/noisy,0.0,-0.000263157894736854,0.8
scn-46a3e88a13b9,1,KSWIN,0.7770526315789473,4.003357301000051,0,3.0,0.0,0.0,3.0,0.0,0.0,,0.0,0.0,1.0,,,inf,6409.0,,,0.0,6409.0,hyperplane_gauss,20000,20,0.18,0.16000000000000003,3,real,gradual,2197,0.07578582832551992,0.36,False,low,slow,real/gradual/K=3/low/slow/partial/imbalanced/noisy,0.0,-0.000263157894736854,0.8
scn-46a3e88a13b9,1,PageHinkley,0.7770526315789473,0.03520473199978369,0,3.0,0.0,0.0,3.0,0.0,0.0,,0.0,0.0,1.0,,,inf,6409.0,,,0.0,6409.0,hyperplane_gauss,20000,20,0.18,0.16000000000000003,3,real,gradual,2197,0.07578582832551992,0.36,False,low,slow,real/gradual/K=3/low/slow/partial/imbalanced/noisy,0.0,-0.000263157894736854,0.8
scn-46a3e88a13b9,1,PageHinkley-up,0.7770526315789473,0.03424724400019841,0,3.0,0.0,0.0,3.0,0.0,0.0,,0.0,0.0,1.0,,,inf,6409.0,,,0.0,6409.0,hyperplane_gauss,20000,20,0.18,0.16000000000000003,3,real,gradual,2197,0.07578582832551992,0.36,False,low,slow,real/gradual/K=3/low/slow/partial/imbalanced/noisy,0.0,-0.000263157894736854,0.8
scn-46a3e88a13b9,1,DDM,0.7752631578947369,0.035482767000303284,1,3.0,1.0,0.0,3.0,1.0,0.0,0.0,0.0,0.0,1.0,,,6409.0,6409.0,,,0.15603058199407083,6409.0,hyperplane_gauss,20000,20,0.18,0.16000000000000003,3,real,gradual,2197,0.07578582832551992,0.36,False,low,slow,real/gradual/K=3/low/slow/partial/imbalanced/noisy,-0.001789473684210452,0.001526315789473598,0.8
scn-46a3e88a13b9,1,EDDM,0.776,0.03303532900008577,1,3.0,1.0,0.0,3.0,1.0,0.0,0.0,0.0,0.0,1.0,,,6409.0,6409.0,,,0.15603058199407083,6409.0,hyperplane_gauss,20000,20,0.18,0.16000000000000003,3,real,gradual,2197,0.07578582832551992,0.36,False,low,slow,real/gradual/K=3/low/slow/partial/imbalanced/noisy,-0.001052631578947305,0.0007894736842104511,0.8
scn-46a3e88a13b9,1,HDDM_A,0.7770526315789473,0.06881114799989518,0,3.0,0.0,0.0,3.0,0.0,0.0,,0.0,0.0,1.0,,,inf,6409.0,,,0.0,6409.0,hyperplane_gauss,20000,20,0.18,0.16000000000000003,3,real,gradual,2197,0.07578582832551992,0.36,False,low,slow,real/gradual/K=3/low/slow/partial/imbalanced/noisy,0.0,-0.000263157894736854,0.8
scn-46a3e88a13b9,1,HDDM_W,0.7785263157894737,0.07455822800011447,1,3.0,1.0,1.0,2.0,0.0,0.0,1.0,0.3333333333333333,0.5,0.6666666666666667,1167.0,1167.0,inf,6409.0,inf,1.8306198229077402,0.0,6409.0,hyperplane_gauss,20000,20,0.18,0.16000000000000003,3,real,gradual,2197,0.07578582832551992,0.36,False,low,slow,real/gradual/K=3/low/slow/partial/imbalanced/noisy,0.0014736842105264047,-0.0017368421052632588,0.8
scn-46a3e88a13b9,1,FHDDM,0.7785263157894737,0.03249335200007408,1,3.0,1.0,1.0,2.0,0.0,0.0,1.0,0.3333333333333333,0.5,0.6666666666666667,1167.0,1167.0,inf,6409.0,inf,1.8306198229077402,0.0,6409.0,hyperplane_gauss,20000,20,0.18,0.16000000000000003,3,real,gradual,2197,0.07578582832551992,0.36,False,low,slow,real/gradual/K=3/low/slow/partial/imbalanced/noisy,0.0014736842105264047,-0.0017368421052632588,0.8
scn-46a3e88a13b9,1,NoDrift,0.7770526315789473,0.025511073999950895,0,3.0,0.0,0.0,3.0,0.0,0.0,,0.0,0.0,1.0,,,inf,6409.0,,,0.0,6409.0,hyperplane_gauss,20000,20,0.18,0.16000000000000003,3,real,gradual,2197,0.07578582832551992,0.36,False,low,slow,real/gradual/K=3/low/slow/partial/imbalanced/noisy,0.0,-0.000263157894736854,0.8
scn-46a3e88a13b9,1,Periodic(2000),0.7650526315789473,0.027954469000178506,9,3.0,9.0,3.0,0.0,3.0,3.0,0.3333333333333333,1.0,0.5,0.0,599.0,599.0,2136.3333333333335,2136.3333333333335,3.5664997217584866,3.5664997217584866,0.46809174598221254,6409.0,hyperplane_gauss,20000,20,0.18,0.16000000000000003,3,real,gradual,2197,0.07578582832551992,0.36,False,low,slow,real/gradual/K=3/low/slow/partial/imbalanced/noisy,-0.01200000000000001,0.011736842105263157,0.8
scn-46a3e88a13b9,1,Oracle,0.7767894736842105,0.03204726700005267,3,3.0,3.0,3.0,0.0,0.0,0.0,1.0,1.0,1.0,0.0,1099.0,1099.0,inf,6409.0,inf,5.831665150136487,0.0,6409.0,hyperplane_gauss,20000,20,0.18,0.16000000000000003,3,real,gradual,2197,0.07578582832551992,0.36,False,low,slow,real/gradual/K=3/low/slow/partial/imbalanced/noisy,-0.000263157894736854,-0.0,0.8
scn-b8b43996b787,2,ADWIN,0.7788421052631579,0.032194041999900946,0,3.0,0.0,0.0,3.0,0.0,0.0,,0.0,0.0,1.0,,,inf,6409.0,,,0.0,6409.0,hyperplane_gauss,20000,20,0.18,0.16000000000000003,3,real,gradual,2197,0.07578582832551992,0.36,False,low,slow,real/gradual/K=3/low/slow/partial/imbalanced/noisy,0.0,-0.0006842105263157316,0.8
scn-b8b43996b787,2,KSWIN,0.7788421052631579,4.025370751000082,0,3.0,0.0,0.0,3.0,0.0,0.0,,0.0,0.0,1.0,,,inf,6409.0,,,0.0,6409.0,hyperplane_gauss,20000,20,0.18,0.16000000000000003,3,real,gradual,2197,0.07578582832551992,0.36,False,low,slow,real/gradual/K=3/low/slow/partial/imbalanced/noisy,0.0,-0.0006842105263157316,0.8
scn-b8b43996b787,2,PageHinkley,0.7663684210526316,0.04997724799977732,7,3.0,7.0,3.0,0.0,2.0,2.0,0.42857142857142855,1.0,0.6,0.0,2441.6666666666665,2636.0,3204.5,3204.5,1.3124232081911265,1.3124232081911265,0.31206116398814165,6409.0,hyperplane_gauss,20000,20,0.18,0.16000000000000003,3,real,gradual,2197,0.07578582832551992,0.36,False,low,slow,real/gradual/K=3/low/slow/partial/imbalanced/noisy,-0.012473684210526303,0.011789473684210572,0.8
scn-b8b43996b787,2,PageHinkley-up,0.7788947368421053,0.03777751100005844,1,3.0,1.0,1.0,2.0,0.0,0.0,1.0,0.3333333333333333,0.5,0.6666666666666667,3355.0,3355.0,inf,6409.0,inf,0.6367610531544956,0.0,6409.0,hyperplane_gauss,20000,20,0.18,0.16000000000000003,3,real,gradual,2197,0.07578582832551992,0.36,False,low,slow,real/gradual/K=3/low/slow/partial/imbalanced/noisy,5.2631578947415214e-05,-0.0007368421052631469,0.8
scn-b8b43996b787,2,DDM,0.7788421052631579,0.036638797000250634,0,3.0,0.0,0.0,3.0,0.0,0.0,,0.0,0.0,1.0,,,inf,6409.0,,,0.0,6409.0,hyperplane_gauss,20000,20,0.18,0.16000000000000003,3,real,gradual,2197,0.07578582832551992,0.36,False,low,slow,real/gradual/K=3/low/slow/partial/imbalanced/noisy,0.0,-0.0006842105263157316,0.8
scn-b8b43996b787,2,EDDM,0.7746842105263158,0.03864941200026806,2,3.0,2.0,0.0,3.0,2.0,0.0,0.0,0.0,0.0,1.0,,,3204.5,3204.5,,,0.31206116398814165,6409.0,hyperplane_gauss,20000,20,0.18,0.16000000000000003,3,real,gradual,2197,0.07578582832551992,0.36,False,low,slow,real/gradual/K=3/low/slow/partial/imbalanced/noisy,-0.004157894736842138,0.0034736842105264065,0.8
scn-b8b43996b787,2,HDDM_A,0.7788421052631579,0.07171690599989233,0,3.0,0.0,0.0,3.0,0.0,0.0,,0.0,0.0,1.0,,,inf,6409.0,,,0.0,6409.0,hyperplane_gauss,20000,20,0.18,0.16000000000000003,3,real,gradual,2197,0.07578582832551992,0.36,False,low,slow,real/gradual/K=3/low/slow/partial/imbalanced/noisy,0.0,-0.0006842105263157316,0.8
scn-b8b43996b787,2,HDDM_W,0.7763157894736842,0.08478409299959822,3,3.0,3.0,1.0,2.0,0.0,2.0,0.3333333333333333,0.3333333333333333,0.3333333333333333,0.6666666666666667,2204.0,2204.0,inf,6409.0,inf,0.9692982456140349,0.0,6409.0,hyperplane_gauss,20000,20,0.18,0.16000000000000003,3,real,gradual,2197,0.07578582832551992,0.36,False,low,slow,real/gradual/K=3/low/slow/partial/imbalanced/noisy,-0.00252631578947371,0.0018421052631579782,0.8
scn-b8b43996b787,2,FHDDM,0.7776842105263158,0.036542468999869016,1,3.0,1.0,1.0,2.0,0.0,0.0,1.0,0.3333333333333333,0.5,0.6666666666666667,2219.0,2219.0,inf,6409.0,inf,0.9627459816734263,0.0,6409.0,hyperplane_gauss,20000,20,0.18,0.16000000000000003,3,real,gradual,2197,0.07578582832551992,0.36,False,low,slow,real/gradual/K=3/low/slow/partial/imbalanced/noisy,-0.0011578947368421355,0.00047368421052640386,0.8
scn-b8b43996b787,2,NoDrift,0.7788421052631579,0.027859764999902836,0,3.0,0.0,0.0,3.0,0.0,0.0,,0.0,0.0,1.0,,,inf,6409.0,,,0.0,6409.0,hyperplane_gauss,20000,20,0.18,0.16000000000000003,3,real,gradual,2197,0.07578582832551992,0.36,False,low,slow,real/gradual/K=3/low/slow/partial/imbalanced/noisy,0.0,-0.0006842105263157316,0.8
scn-b8b43996b787,2,Periodic(2000),0.7624736842105263,0.030635640999662428,9,3.0,9.0,3.0,0.0,3.0,3.0,0.3333333333333333,1.0,0.5,0.0,599.0,599.0,2136.3333333333335,2136.3333333333335,3.5664997217584866,3.5664997217584866,0.46809174598221254,6409.0,hyperplane_gauss,20000,20,0.18,0.16000000000000003,3,real,gradual,2197,0.07578582832551992,0.36,False,low,slow,real/gradual/K=3/low/slow/partial/imbalanced/noisy,-0.016368421052631588,0.015684210526315856,0.8
scn-b8b43996b787,2,Oracle,0.7781578947368422,0.03511426099976234,3,3.0,3.0,3.0,0.0,0.0,0.0,1.0,1.0,1.0,0.0,1099.0,1099.0,inf,6409.0,inf,5.831665150136487,0.0,6409.0,hyperplane_gauss,20000,20,0.18,0.16000000000000003,3,real,gradual,2197,0.07578582832551992,0.36,False,low,slow,real/gradual/K=3/low/slow/partial/imbalanced/noisy,-0.0006842105263157316,-0.0,0.8
scn-0f52de177507,0,ADWIN,0.7596842105263157,0.030036884000310238,0,3.0,0.0,0.0,3.0,0.0,0.0,,0.0,0.0,1.0,,,inf,4105.0,,,0.0,4105.0,hyperplane_gauss,20000,20,0.14,0.18000000000000002,3,real,gradual,2965,0.061557220667245824,0.28,False,low,slow,real/gradual/K=3/low/slow/partial/imbalanced/noisy,0.0,-0.0011052631578947203,0.9
scn-0f52de177507,0,KSWIN,0.7560526315789474,4.007247680000091,3,3.0,3.0,1.0,2.0,0.0,2.0,0.3333333333333333,0.3333333333333333,0.3333333333333333,0.6666666666666667,2773.0,2773.0,inf,4105.0,inf,0.4934487318187281,0.0,4105.0,hyperplane_gauss,20000,20,0.14,0.18000000000000002,3,real,gradual,2965,0.061557220667245824,0.28,False,low,slow,real/gradual/K=3/low/slow/partial/imbalanced/noisy,-0.003631578947368319,0.002526315789473599,0.9
scn-0f52de177507,0,PageHinkley,0.7564736842105263,0.0385275260000526,2,3.0,2.0,1.0,2.0,1.0,0.0,0.5,0.3333333333333333,0.4,0.6666666666666667,2743.0,2743.0,4105.0,4105.0,0.4988455462389111,0.4988455462389111,0.243605359317905,4105.0,hyperplane_gauss,20000,20,0.14,0.18000000000000002,3,real,gradual,2965,0.061557220667245824,0.28,False,low,slow,real/gradual/K=3/low/slow/partial/imbalanced/noisy,-0.0032105263157894415,0.002105263157894721,0.9
scn-0f52de177507,0,PageHinkley-up,0.7580526315789474,0.03669708100005664,1,3.0,1.0,1.0,2.0,0.0,0.0,1.0,0.3333333333333333,0.5,0.6666666666666667,2743.0,2743.0,inf,4105.0,inf,0.4988455462389111,0.0,4105.0,hyperplane_gauss,20000,20,0.14,0.18000000000000002,3,real,gradual,2965,0.061557220667245824,0.28,False,low,slow,real/gradual/K=3/low/slow/partial/imbalanced/noisy,-0.0016315789473683173,0.000526315789473597,0.9
scn-0f52de177507,0,DDM,0.7596842105263157,0.03457350000007864,0,3.0,0.0,0.0,3.0,0.0,0.0,,0.0,0.0,1.0,,,inf,4105.0,,,0.0,4105.0,hyperplane_gauss,20000,20,0.14,0.18000000000000002,3,real,gradual,2965,0.061557220667245824,0.28,False,low,slow,real/gradual/K=3/low/slow/partial/imbalanced/noisy,0.0,-0.0011052631578947203,0.9
scn-0f52de177507,0,EDDM,0.7583157894736842,0.03715037400024812,3,3.0,3.0,0.0,3.0,3.0,0.0,0.0,0.0,0.0,1.0,,,1368.3333333333333,1368.3333333333333,,,0.730816077953715,4105.0,hyperplane_gauss,20000,20,0.14,0.18000000000000002,3,real,gradual,2965,0.061557220667245824,0.28,False,low,slow,real/gradual/K=3/low/slow/partial/imbalanced/noisy,-0.0013684210526315743,0.000263157894736854,0.9
scn-0f52de177507,0,HDDM_A,0.7596842105263157,0.0724115759999222,0,3.0,0.0,0.0,3.0,0.0,0.0,,0.0,0.0,1.0,,,inf,4105.0,,,0.0,4105.0,hyperplane_gauss,20000,20,0.14,0.18000000000000002,3,real,gradual,2965,0.061557220667245824,0.28,False,low,slow,real/gradual/K=3/low/slow/partial/imbalanced/noisy,0.0,-0.0011052631578947203,0.9
scn-0f52de177507,0,HDDM_W,0.758421052631579,0.07681633799984411,1,3.0,1.0,1.0,2.0,0.0,0.0,1.0,0.3333333333333333,0.5,0.6666666666666667,1291.0,1291.0,inf,4105.0,inf,1.0599018848437902,0.0,4105.0,hyperplane_gauss,20000,20,0.14,0.18000000000000002,3,real,gradual,2965,0.061557220667245824,0.28,False,low,slow,real/gradual/K=3/low/slow/partial/imbalanced/noisy,-0.0012631578947367439,0.0001578947368420236,0.9
scn-0f52de177507,0,FHDDM,0.7573684210526316,0.03361669600008099,1,3.0,1.0,1.0,2.0,0.0,0.0,1.0,0.3333333333333333,0.5,0.6666666666666667,2737.0,2737.0,inf,4105.0,inf,0.4999391060772134,0.0,4105.0,hyperplane_gauss,20000,20,0.14,0.18000000000000002,3,real,gradual,2965,0.061557220667245824,0.28,False,low,slow,real/gradual/K=3/low/slow/partial/imbalanced/noisy,-0.00231578947368416,0.0012105263157894397,0.9
scn-0f52de177507,0,NoDrift,0.7596842105263157,0.025431340000068303,0,3.0,0.0,0.0,3.0,0.0,0.0,,0.0,0.0,1.0,,,inf,4105.0,,,0.0,4105.0,hyperplane_gauss,20000,20,0.14,0.18000000000000002,3,real,gradual,2965,0.061557220667245824,0.28,False,low,slow,real/gradual/K=3/low/slow/partial/imbalanced/noisy,0.0,-0.0011052631578947203,0.9
scn-0f52de177507,0,Periodic(2000),0.7446315789473684,0.02787613100008457,9,3.0,9.0,3.0,0.0,2.0,4.0,0.3333333333333333,1.0,0.5,0.0,983.0,983.0,2052.5,2052.5,2.087995930824008,2.087995930824008,0.48721071863581,4105.0,hyperplane_gauss,20000,20,0.14,0.18000000000000002,3,real,gradual,2965,0.061557220667245824,0.28,False,low,slow,real/gradual/K=3/low/slow/partial/imbalanced/noisy,-0.015052631578947318,0.013947368421052597,0.9
scn-0f52de177507,0,Oracle,0.758578947368421,0.032295532999796706,3,3.0,3.0,3.0,0.0,0.0,0.0,1.0,1.0,1.0,0.0,1483.0,1483.0,inf,4105.0,inf,2.768037761294673,0.0,4105.0,hyperplane_gauss,20000,20,0.14,0.18000000000000002,3,real,gradual,2965,0.061557220667245824,0.28,False,low,slow,real/gradual/K=3/low/slow/partial/imbalanced/noisy,-0.0011052631578947203,-0.0,0.9
scn-dc1a3347f90d,1,ADWIN,0.7635263157894737,0.02966096000000107,0,3.0,0.0,0.0,3.0,0.0,0.0,,0.0,0.0,1.0,,,inf,4105.0,,,0.0,4105.0,hyperplane_gauss,20000,20,0.14,0.18000000000000002,3,real,gradual,2965,0.061557220667245824,0.28,False,low,slow,real/gradual/K=3/low/slow/partial/imbalanced/noisy,0.0,-0.0037894736842105647,0.9
scn-dc1a3347f90d,1,KSWIN,0.7635263157894737,3.97992296800021,0,3.0,0.0,0.0,3.0,0.0,0.0,,0.0,0.0,1.0,,,inf,4105.0,,,0.0,4105.0,hyperplane_gauss,20000,20,0.14,0.18000000000000002,3,real,gradual,2965,0.061557220667245824,0.28,False,low,slow,real/gradual/K=3/low/slow/partial/imbalanced/noisy,0.0,-0.0037894736842105647,0.9
scn-dc1a3347f90d,1,PageHinkley,0.7622631578947369,0.039046547999987524,3,3.0,3.0,2.0,1.0,1.0,0.0,0.6666666666666666,0.6666666666666666,0.6666666666666666,0.33333333333333337,1298.5,1298.5,4105.0,4105.0,2.107560005134129,2.107560005134129,0.243605359317905,4105.0,hyperplane_gauss,20000,20,0.14,0.18000000000000002,3,real,gradual,2965,0.061557220667245824,0.28,False,low,slow,real/gradual/K=3/low/slow/partial/imbalanced/noisy,-0.001263157894736855,-0.00252631578947371,0.9
scn-dc1a3347f90d,1,PageHinkley-up,0.7609473684210526,0.03794327899959171,2,3.0,2.0,2.0,1.0,0.0,0.0,1.0,0.6666666666666666,0.8,0.33333333333333337,2524.0,2524.0,inf,4105.0,inf,1.084257791864765,0.0,4105.0,hyperplane_gauss,20000,20,0.14,0.18000000000000002,3,real,gradual,2965,0.061557220667245824,0.28,False,low,slow,real/gradual/K=3/low/slow/partial/imbalanced/noisy,-0.002578947368421125,-0.0012105263157894397,0.9
scn-dc1a3347f90d,1,DDM,0.7635263157894737,0.03435773399996833,0,3.0,0.0,0.0,3.0,0.0,0.0,,0.0,0.0,1.0,,,inf,4105.0,,,0.0,4105.0,hyperplane_gauss,20000,20,0.14,0.18000000000000002,3,real,gradual,2965,0.061557220667245824,0.28,False,low,slow,real/gradual/K=3/low/slow/partial/imbalanced/noisy,0.0,-0.0037894736842105647,0.9
scn-dc1a3347f90d,1,EDDM,0.756578947368421,0.044407011000203056,6,3.0,6.0,0.0,3.0,6.0,0.0,0.0,0.0,0.0,1.0,,,684.1666666666666,684.1666666666666,,,1.46163215590743,4105.0,hyperplane_gauss,20000,20,0.14,0.18000000000000002,3,real,gradual,2965,0.061557220667245824,0.28,False,low,slow,real/gradual/K=3/low/slow/partial/imbalanced/noisy,-0.006947368421052702,0.0031578947368421373,0.9
scn-dc1a3347f90d,1,HDDM_A,0.7638947368421053,0.07629846899999393,1,3.0,1.0,1.0,2.0,0.0,0.0,1.0,0.3333333333333333,0.5,0.6666666666666667,2671.0,2671.0,inf,4105.0,inf,0.5122925246474478,0.0,4105.0,hyperplane_gauss,20000,20,0.14,0.18000000000000002,3,real,gradual,2965,0.061557220667245824,0.28,False,low,slow,real/gradual/K=3/low/slow/partial/imbalanced/noisy,0.00036842105263157343,-0.004157894736842138,0.9
scn-dc1a3347f90d,1,HDDM_W,0.7636842105263157,0.0839293290000569,4,3.0,4.0,3.0,0.0,1.0,0.0,0.75,1.0,0.8571428571428571,0.0,1763.0,1054.0,4105.0,4105.0,2.328417470221214,2.328417470221214,0.243605359317905,4105.0,hyperplane_gauss,20000,20,0.14,0.18000000000000002,3,real,gradual,2965,0.061557220667245824,0.28,False,low,slow,real/gradual/K=3/low/slow/partial/imbalanced/noisy,0.0001578947368420236,-0.003947368421052588,0.9
scn-dc1a3347f90d,1,FHDDM,0.7678947368421053,0.03339543700030845,1,3.0,1.0,1.0,2.0,0.0,0.0,1.0,0.3333333333333333,0.5,0.6666666666666667,574.0,574.0,inf,4105.0,inf,2.3838559814169566,0.0,4105.0,hyperplane_gauss,20000,20,0.14,0.18000000000000002,3,real,gradual,2965,0.061557220667245824,0.28,False,low,slow,real/gradual/K=3/low/slow/partial/imbalanced/noisy,0.004368421052631577,-0.008157894736842142,0.9
scn-dc1a3347f90d,1,NoDrift,0.7635263157894737,0.025703372999942076,0,3.0,0.0,0.0,3.0,0.0,0.0,,0.0,0.0,1.0,,,inf,4105.0,,,0.0,4105.0,hyperplane_gauss,20000,20,0.14,0.18000000000000002,3,real,gradual,2965,0.061557220667245824,0.28,False,low,slow,real/gradual/K=3/low/slow/partial/imbalanced/noisy,0.0,-0.0037894736842105647,0.9
scn-dc1a3347f90d,1,Periodic(2000),0.7529473684210526,0.027858878999722947,9,3.0,9.0,3.0,0.0,2.0,4.0,0.3333333333333333,1.0,0.5,0.0,983.0,983.0,2052.5,2052.5,2.087995930824008,2.087995930824008,0.48721071863581,4105.0,hyperplane_gauss,20000,20,0.14,0.18000000000000002,3,real,gradual,2965,0.061557220667245824,0.28,False,low,slow,real/gradual/K=3/low/slow/partial/imbalanced/noisy,-0.010578947368421132,0.006789473684210567,0.9
scn-dc1a3347f90d,1,Oracle,0.7597368421052632,0.031677604999913456,3,3.0,3.0,3.0,0.0,0.0,0.0,1.0,1.0,1.0,0.0,1483.0,1483.0,inf,4105.0,inf,2.768037761294673,0.0,4105.0,hyperplane_gauss,20000,20,0.14,0.18000000000000002,3,real,gradual,2965,0.061557220667245824,0.28,False,low,slow,real/gradual/K=3/low/slow/partial/imbalanced/noisy,-0.0037894736842105647,-0.0,0.9
scn-a3c17b591f4d,2,ADWIN,0.7658947368421053,0.029376288000094064,0,3.0,0.0,0.0,3.0,0.0,0.0,,0.0,0.0,1.0,,,inf,4105.0,,,0.0,4105.0,hyperplane_gauss,20000,20,0.14,0.18000000000000002,3,real,gradual,2965,0.061557220667245824,0.28,False,low,slow,real/gradual/K=3/low/slow/partial/imbalanced/noisy,0.0,-0.0021578947368421364,0.9
scn-a3c17b591f4d,2,KSWIN,0.7657894736842106,3.928545553999811,1,3.0,1.0,1.0,2.0,0.0,0.0,1.0,0.3333333333333333,0.5,0.6666666666666667,1146.0,1146.0,inf,4105.0,inf,1.194008144269924,0.0,4105.0,hyperplane_gauss,20000,20,0.14,0.18000000000000002,3,real,gradual,2965,0.061557220667245824,0.28,False,low,slow,real/gradual/K=3/low/slow/partial/imbalanced/noisy,-0.0001052631578947194,-0.002052631578947417,0.9
scn-a3c17b591f4d,2,PageHinkley,0.7611052631578947,0.038383327999781613,3,3.0,3.0,1.0,2.0,1.0,1.0,0.3333333333333333,0.3333333333333333,0.3333333333333333,0.6666666666666667,1400.0,1400.0,4105.0,4105.0,0.9773809523809521,0.9773809523809521,0.243605359317905,4105.0,hyperplane_gauss,20000,20,0.14,0.18000000000000002,3,real,gradual,2965,0.061557220667245824,0.28,False,low,slow,real/gradual/K=3/low/slow/partial/imbalanced/noisy,-0.004789473684210566,0.0026315789473684292,0.9
scn-a3c17b591f4d,2,PageHinkley-up,0.7645263157894737,0.035122416999911366,1,3.0,1.0,1.0,2.0,0.0,0.0,1.0,0.3333333333333333,0.5,0.6666666666666667,1400.0,1400.0,inf,4105.0,inf,0.9773809523809521,0.0,4105.0,hyperplane_gauss,20000,20,0.14,0.18000000000000002,3,real,gradual,2965,0.061557220667245824,0.28,False,low,slow,real/gradual/K=3/low/slow/partial/imbalanced/noisy,-0.0013684210526315743,-0.0007894736842105621,0.9
scn-a3c17b591f4d,2,DDM,0.7658947368421053,0.03370989300037763,0,3.0,0.0,0.0,3.0,0.0,0.0,,0.0,0.0,1.0,,,inf,4105.0,,,0.0,4105.0,hyperplane_gauss,20000,20,0.14,0.18000000000000002,3,real,gradual,2965,0.061557220667245824,0.28,False,low,slow,real/gradual/K=3/low/slow/partial/imbalanced/noisy,0.0,-0.0021578947368421364,0.9
scn-a3c17b591f4d,2,EDDM,0.7608947368421053,0.03762015399979646,3,3.0,3.0,0.0,3.0,3.0,0.0,0.0,0.0,0.0,1.0,,,1368.3333333333333,1368.3333333333333,,,0.730816077953715,4105.0,hyperplane_gauss,20000,20,0.14,0.18000000000000002,3,real,gradual,2965,0.061557220667245824,0.28,False,low,slow,real/gradual/K=3/low/slow/partial/imbalanced/noisy,-0.0050000000000000044,0.002842105263157868,0.9
scn-a3c17b591f4d,2,HDDM_A,0.7658947368421053,0.06822103200011043,0,3.0,0.0,0.0,3.0,0.0,0.0,,0.0,0.0,1.0,,,inf,4105.0,,,0.0,4105.0,hyperplane_gauss,20000,20,0.14,0.18000000000000002,3,real,gradual,2965,0.061557220667245824,0.28,False,low,slow,real/gradual/K=3/low/slow/partial/imbalanced/noisy,0.0,-0.0021578947368421364,0.9
scn-a3c17b591f4d,2,HDDM_W,0.757,0.08214446700003464,4,3.0,4.0,2.0,1.0,2.0,0.0,0.5,0.6666666666666666,0.5714285714285715,0.33333333333333337,1690.0,1690.0,2052.5,2052.5,0.8096646942800789,0.8096646942800789,0.48721071863581,4105.0,hyperplane_gauss,20000,20,0.14,0.18000000000000002,3,real,gradual,2965,0.061557220667245824,0.28,False,low,slow,real/gradual/K=3/low/slow/partial/imbalanced/noisy,-0.008894736842105289,0.006736842105263152,0.9
scn-a3c17b591f4d,2,FHDDM,0.7632105263157895,0.03378605100033383,2,3.0,2.0,2.0,1.0,0.0,0.0,1.0,0.6666666666666666,0.8,0.33333333333333337,2253.0,2253.0,inf,4105.0,inf,1.2146767273265275,0.0,4105.0,hyperplane_gauss,20000,20,0.14,0.18000000000000002,3,real,gradual,2965,0.061557220667245824,0.28,False,low,slow,real/gradual/K=3/low/slow/partial/imbalanced/noisy,-0.0026842105263158444,0.000526315789473708,0.9
scn-a3c17b591f4d,2,NoDrift,0.7658947368421053,0.02486286100020152,0,3.0,0.0,0.0,3.0,0.0,0.0,,0.0,0.0,1.0,,,inf,4105.0,,,0.0,4105.0,hyperplane_gauss,20000,20,0.14,0.18000000000000002,3,real,gradual,2965,0.061557220667245824,0.28,False,low,slow,real/gradual/K=3/low/slow/partial/imbalanced/noisy,0.0,-0.0021578947368421364,0.9
scn-a3c17b591f4d,2,Periodic(2000),0.75,0.027357979999578674,9,3.0,9.0,3.0,0.0,2.0,4.0,0.3333333333333333,1.0,0.5,0.0,983.0,983.0,2052.5,2052.5,2.087995930824008,2.087995930824008,0.48721071863581,4105.0,hyperplane_gauss,20000,20,0.14,0.18000000000000002,3,real,gradual,2965,0.061557220667245824,0.28,False,low,slow,real/gradual/K=3/low/slow/partial/imbalanced/noisy,-0.015894736842105295,0.013736842105263158,0.9
scn-a3c17b591f4d,2,Oracle,0.7637368421052632,0.031699335999746836,3,3.0,3.0,3.0,0.0,0.0,0.0,1.0,1.0,1.0,0.0,1483.0,1483.0,inf,4105.0,inf,2.768037761294673,0.0,4105.0,hyperplane_gauss,20000,20,0.14,0.18000000000000002,3,real,gradual,2965,0.061557220667245824,0.28,False,low,slow,real/gradual/K=3/low/slow/partial/imbalanced/noisy,-0.0021578947368421364,-0.0,0.9
scn-71fa50d87bf7,0,ADWIN,0.746421052631579,0.032700476000172785,0,3.0,0.0,0.0,3.0,0.0,0.0,,0.0,0.0,1.0,,,inf,1000.0,,,0.0,1000.0,hyperplane_gauss,20000,20,0.1,0.2,3,real,gradual,4000,0.05,0.2,False,low,slow,real/gradual/K=3/low/slow/partial/imbalanced/noisy,0.0,-0.0014736842105264047,1.0
scn-71fa50d87bf7,0,KSWIN,0.746421052631579,4.035020713999984,0,3.0,0.0,0.0,3.0,0.0,0.0,,0.0,0.0,1.0,,,inf,1000.0,,,0.0,1000.0,hyperplane_gauss,20000,20,0.1,0.2,3,real,gradual,4000,0.05,0.2,False,low,slow,real/gradual/K=3/low/slow/partial/imbalanced/noisy,0.0,-0.0014736842105264047,1.0
scn-71fa50d87bf7,0,PageHinkley,0.7396315789473684,0.044027335999999195,5,3.0,5.0,2.0,1.0,0.0,3.0,0.4,0.6666666666666666,0.5,0.33333333333333337,2524.5,2524.5,inf,1000.0,inf,0.26407869545124446,0.0,1000.0,hyperplane_gauss,20000,20,0.1,0.2,3,real,gradual,4000,0.05,0.2,False,low,slow,real/gradual/K=3/low/slow/partial/imbalanced/noisy,-0.006789473684210567,0.005315789473684163,1.0
scn-71fa50d87bf7,0,PageHinkley-up,0.7452105263157894,0.03839702200002648,1,3.0,1.0,1.0,2.0,0.0,0.0,1.0,0.3333333333333333,0.5,0.6666666666666667,3408.0,3408.0,inf,1000.0,inf,0.0978090766823161,0.0,1000.0,hyperplane_gauss,20000,20,0.1,0.2,3,real,gradual,4000,0.05,0.2,False,low,slow,real/gradual/K=3/low/slow/partial/imbalanced/noisy,-0.0012105263157895507,-0.000263157894736854,1.0
scn-71fa50d87bf7,0,DDM,0.746421052631579,0.04077951099998245,0,3.0,0.0,0.0,3.0,0.0,0.0,,0.0,0.0,1.0,,,inf,1000.0,,,0.0,1000.0,hyperplane_gauss,20000,20,0.1,0.2,3,real,gradual,4000,0.05,0.2,False,low,slow,real/gradual/K=3/low/slow/partial/imbalanced/noisy,0.0,-0.0014736842105264047,1.0
scn-71fa50d87bf7,0,EDDM,0.742421052631579,0.04785275299991554,6,3.0,6.0,1.0,2.0,1.0,4.0,0.16666666666666666,0.3333333333333333,0.2222222222222222,0.6666666666666667,74.0,74.0,1000.0,1000.0,4.504504504504504,4.504504504504504,1.0,1000.0,hyperplane_gauss,20000,20,0.1,0.2,3,real,gradual,4000,0.05,0.2,False,low,slow,real/gradual/K=3/low/slow/partial/imbalanced/noisy,-0.0040000000000000036,0.002526315789473599,1.0
scn-71fa50d87bf7,0,HDDM_A,0.746421052631579,0.07546988000012789,0,3.0,0.0,0.0,3.0,0.0,0.0,,0.0,0.0,1.0,,,inf,1000.0,,,0.0,1000.0,hyperplane_gauss,20000,20,0.1,0.2,3,real,gradual,4000,0.05,0.2,False,low,slow,real/gradual/K=3/low/slow/partial/imbalanced/noisy,0.0,-0.0014736842105264047,1.0
scn-71fa50d87bf7,0,HDDM_W,0.743421052631579,0.07921046799992837,2,3.0,2.0,2.0,1.0,0.0,0.0,1.0,0.6666666666666666,0.8,0.33333333333333337,2185.0,2185.0,inf,1000.0,inf,0.30511060259344014,0.0,1000.0,hyperplane_gauss,20000,20,0.1,0.2,3,real,gradual,4000,0.05,0.2,False,low,slow,real/gradual/K=3/low/slow/partial/imbalanced/noisy,-0.0030000000000000027,0.001526315789473598,1.0
scn-71fa50d87bf7,0,FHDDM,0.746421052631579,0.03369234599995252,0,3.0,0.0,0.0,3.0,0.0,0.0,,0.0,0.0,1.0,,,inf,1000.0,,,0.0,1000.0,hyperplane_gauss,20000,20,0.1,0.2,3,real,gradual,4000,0.05,0.2,False,low,slow,real/gradual/K=3/low/slow/partial/imbalanced/noisy,0.0,-0.0014736842105264047,1.0
scn-71fa50d87bf7,0,NoDrift,0.746421052631579,0.029267808999975387,0,3.0,0.0,0.0,3.0,0.0,0.0,,0.0,0.0,1.0,,,inf,1000.0,,,0.0,1000.0,hyperplane_gauss,20000,20,0.1,0.2,3,real,gradual,4000,0.05,0.2,False,low,slow,real/gradual/K=3/low/slow/partial/imbalanced/noisy,0.0,-0.0014736842105264047,1.0
scn-71fa50d87bf7,0,Periodic(2000),0.735,0.030643255000086356,9,3.0,9.0,3.0,0.0,0.0,6.0,0.3333333333333333,1.0,0.5,0.0,1500.3333333333333,1500.0,inf,1000.0,inf,0.666518551433015,0.0,1000.0,hyperplane_gauss,20000,20,0.1,0.2,3,real,gradual,4000,0.05,0.2,False,low,slow,real/gradual/K=3/low/slow/partial/imbalanced/noisy,-0.011421052631578998,0.009947368421052594,1.0
scn-71fa50d87bf7,0,Oracle,0.7449473684210526,0.04926781199992547,3,3.0,3.0,3.0,0.0,0.0,0.0,1.0,1.0,1.0,0.0,2001.0,2001.0,inf,1000.0,inf,0.49975012493753124,0.0,1000.0,hyperplane_gauss,20000,20,0.1,0.2,3,real,gradual,4000,0.05,0.2,False,low,slow,real/gradual/K=3/low/slow/partial/imbalanced/noisy,-0.0014736842105264047,-0.0,1.0
scn-3def48c8e45d,1,ADWIN,0.7501578947368421,0.029575861000012083,0,3.0,0.0,0.0,3.0,0.0,0.0,,0.0,0.0,1.0,,,inf,1000.0,,,0.0,1000.0,hyperplane_gauss,20000,20,0.1,0.2,3,real,gradual,4000,0.05,0.2,False,low,slow,real/gradual/K=3/low/slow/partial/imbalanced/noisy,0.0,-0.003578947368421126,1.0
scn-3def48c8e45d,1,KSWIN,0.7501578947368421,3.980561430000307,1,3.0,1.0,1.0,2.0,0.0,0.0,1.0,0.3333333333333333,0.5,0.6666666666666667,4273.0,4273.0,inf,1000.0,inf,0.07800920508620016,0.0,1000.0,hyperplane_gauss,20000,20,0.1,0.2,3,real,gradual,4000,0.05,0.2,False,low,slow,real/gradual/K=3/low/slow/partial/imbalanced/noisy,0.0,-0.003578947368421126,1.0
scn-3def48c8e45d,1,PageHinkley,0.7501578947368421,0.035140985999987606,0,3.0,0.0,0.0,3.0,0.0,0.0,,0.0,0.0,1.0,,,inf,1000.0,,,0.0,1000.0,hyperplane_gauss,20000,20,0.1,0.2,3,real,gradual,4000,0.05,0.2,False,low,slow,real/gradual/K=3/low/slow/partial/imbalanced/noisy,0.0,-0.003578947368421126,1.0
scn-3def48c8e45d,1,PageHinkley-up,0.7501578947368421,0.035695283000222844,0,3.0,0.0,0.0,3.0,0.0,0.0,,0.0,0.0,1.0,,,inf,1000.0,,,0.0,1000.0,hyperplane_gauss,20000,20,0.1,0.2,3,real,gradual,4000,0.05,0.2,False,low,slow,real/gradual/K=3/low/slow/partial/imbalanced/noisy,0.0,-0.003578947368421126,1.0
scn-3def48c8e45d,1,DDM,0.7501578947368421,0.034296932999950513,0,3.0,0.0,0.0,3.0,0.0,0.0,,0.0,0.0,1.0,,,inf,1000.0,,,0.0,1000.0,hyperplane_gauss,20000,20,0.1,0.2,3,real,gradual,4000,0.05,0.2,False,low,slow,real/gradual/K=3/low/slow/partial/imbalanced/noisy,0.0,-0.003578947368421126,1.0
scn-3def48c8e45d,1,EDDM,0.7409473684210526,0.07503493099966363,19,3.0,19.0,1.0,2.0,1.0,17.0,0.05263157894736842,0.3333333333333333,0.09090909090909091,0.6666666666666667,78.0,78.0,1000.0,1000.0,4.2735042735042725,4.2735042735042725,1.0,1000.0,hyperplane_gauss,20000,20,0.1,0.2,3,real,gradual,4000,0.05,0.2,False,low,slow,real/gradual/K=3/low/slow/partial/imbalanced/noisy,-0.009210526315789558,0.005631578947368432,1.0
scn-3def48c8e45d,1,HDDM_A,0.7501052631578947,0.0766177030000108,1,3.0,1.0,1.0,2.0,0.0,0.0,1.0,0.3333333333333333,0.5,0.6666666666666667,3187.0,3187.0,inf,1000.0,inf,0.10459156991946447,0.0,1000.0,hyperplane_gauss,20000,20,0.1,0.2,3,real,gradual,4000,0.05,0.2,False,low,slow,real/gradual/K=3/low/slow/partial/imbalanced/noisy,-5.2631578947415214e-05,-0.0035263157894737107,1.0
scn-3def48c8e45d,1,HDDM_W,0.7502105263157894,0.08075384499989013,3,3.0,3.0,3.0,0.0,0.0,0.0,1.0,1.0,1.0,0.0,2498.3333333333335,2598.0,inf,1000.0,inf,0.400266844563042,0.0,1000.0,hyperplane_gauss,20000,20,0.1,0.2,3,real,gradual,4000,0.05,0.2,False,low,slow,real/gradual/K=3/low/slow/partial/imbalanced/noisy,5.263157894730419e-05,-0.00363157894736843,1.0
scn-3def48c8e45d,1,FHDDM,0.7501578947368421,0.03163242100026764,0,3.0,0.0,0.0,3.0,0.0,0.0,,0.0,0.0,1.0,,,inf,1000.0,,,0.0,1000.0,hyperplane_gauss,20000,20,0.1,0.2,3,real,gradual,4000,0.05,0.2,False,low,slow,real/gradual/K=3/low/slow/partial/imbalanced/noisy,0.0,-0.003578947368421126,1.0
scn-3def48c8e45d,1,NoDrift,0.7501578947368421,0.02558300100008637,0,3.0,0.0,0.0,3.0,0.0,0.0,,0.0,0.0,1.0,,,inf,1000.0,,,0.0,1000.0,hyperplane_gauss,20000,20,0.1,0.2,3,real,gradual,4000,0.05,0.2,False,low,slow,real/gradual/K=3/low/slow/partial/imbalanced/noisy,0.0,-0.003578947368421126,1.0
scn-3def48c8e45d,1,Periodic(2000),0.7417894736842106,0.028053360999820143,9,3.0,9.0,3.0,0.0,0.0,6.0,0.3333333333333333,1.0,0.5,0.0,1500.3333333333333,1500.0,inf,1000.0,inf,0.666518551433015,0.0,1000.0,hyperplane_gauss,20000,20,0.1,0.2,3,real,gradual,4000,0.05,0.2,False,low,slow,real/gradual/K=3/low/slow/partial/imbalanced/noisy,-0.00836842105263158,0.004789473684210455,1.0
scn-3def48c8e45d,1,Oracle,0.746578947368421,0.03283500599991385,3,3.0,3.0,3.0,0.0,0.0,0.0,1.0,1.0,1.0,0.0,2001.0,2001.0,inf,1000.0,inf,0.49975012493753124,0.0,1000.0,hyperplane_gauss,20000,20,0.1,0.2,3,real,gradual,4000,0.05,0.2,False,low,slow,real/gradual/K=3/low/slow/partial/imbalanced/noisy,-0.003578947368421126,-0.0,1.0
scn-32837d4b7db2,2,ADWIN,0.754,0.02924539100013135,0,3.0,0.0,0.0,3.0,0.0,0.0,,0.0,0.0,1.0,,,inf,1000.0,,,0.0,1000.0,hyperplane_gauss,20000,20,0.1,0.2,3,real,gradual,4000,0.05,0.2,False,low,slow,real/gradual/K=3/low/slow/partial/imbalanced/noisy,0.0,-0.0007368421052631469,1.0
scn-32837d4b7db2,2,KSWIN,0.7523157894736842,3.998362210999858,1,3.0,1.0,1.0,2.0,0.0,0.0,1.0,0.3333333333333333,0.5,0.6666666666666667,5987.0,5987.0,inf,1000.0,inf,0.05567618729469405,0.0,1000.0,hyperplane_gauss,20000,20,0.1,0.2,3,real,gradual,4000,0.05,0.2,False,low,slow,real/gradual/K=3/low/slow/partial/imbalanced/noisy,-0.0016842105263158436,0.0009473684210526967,1.0
scn-32837d4b7db2,2,PageHinkley,0.7521052631578947,0.0409051419997013,3,3.0,3.0,2.0,1.0,0.0,1.0,0.6666666666666666,0.6666666666666666,0.6666666666666666,0.33333333333333337,1574.5,1574.5,inf,1000.0,inf,0.42341484069016616,0.0,1000.0,hyperplane_gauss,20000,20,0.1,0.2,3,real,gradual,4000,0.05,0.2,False,low,slow,real/gradual/K=3/low/slow/partial/imbalanced/noisy,-0.0018947368421052824,0.0011578947368421355,1.0
scn-32837d4b7db2,2,PageHinkley-up,0.754578947368421,0.03527650000023641,1,3.0,1.0,1.0,2.0,0.0,0.0,1.0,0.3333333333333333,0.5,0.6666666666666667,2028.0,2028.0,inf,1000.0,inf,0.16436554898093356,0.0,1000.0,hyperplane_gauss,20000,20,0.1,0.2,3,real,gradual,4000,0.05,0.2,False,low,slow,real/gradual/K=3/low/slow/partial/imbalanced/noisy,0.0005789473684210122,-0.001315789473684159,1.0
scn-32837d4b7db2,2,DDM,0.754,0.03384148600025583,0,3.0,0.0,0.0,3.0,0.0,0.0,,0.0,0.0,1.0,,,inf,1000.0,,,0.0,1000.0,hyperplane_gauss,20000,20,0.1,0.2,3,real,gradual,4000,0.05,0.2,False,low,slow,real/gradual/K=3/low/slow/partial/imbalanced/noisy,0.0,-0.0007368421052631469,1.0
scn-32837d4b7db2,2,EDDM,0.7497368421052631,0.05344199999990451,10,3.0,10.0,1.0,2.0,1.0,8.0,0.1,0.3333333333333333,0.15384615384615383,0.6666666666666667,65.0,65.0,1000.0,1000.0,5.128205128205127,5.128205128205127,1.0,1000.0,hyperplane_gauss,20000,20,0.1,0.2,3,real,gradual,4000,0.05,0.2,False,low,slow,real/gradual/K=3/low/slow/partial/imbalanced/noisy,-0.004263157894736858,0.0035263157894737107,1.0
scn-32837d4b7db2,2,HDDM_A,0.754,0.06785826699979225,0,3.0,0.0,0.0,3.0,0.0,0.0,,0.0,0.0,1.0,,,inf,1000.0,,,0.0,1000.0,hyperplane_gauss,20000,20,0.1,0.2,3,real,gradual,4000,0.05,0.2,False,low,slow,real/gradual/K=3/low/slow/partial/imbalanced/noisy,0.0,-0.0007368421052631469,1.0
scn-32837d4b7db2,2,HDDM_W,0.7519473684210526,0.08012680399997407,3,3.0,3.0,2.0,1.0,0.0,1.0,0.6666666666666666,0.6666666666666666,0.6666666666666666,0.33333333333333337,3816.5,3816.5,inf,1000.0,inf,0.17468011703567843,0.0,1000.0,hyperplane_gauss,20000,20,0.1,0.2,3,real,gradual,4000,0.05,0.2,False,low,slow,real/gradual/K=3/low/slow/partial/imbalanced/noisy,-0.002052631578947417,0.0013157894736842701,1.0
scn-32837d4b7db2,2,FHDDM,0.753421052631579,0.03217254799983493,1,3.0,1.0,1.0,2.0,0.0,0.0,1.0,0.3333333333333333,0.5,0.6666666666666667,2077.0,2077.0,inf,1000.0,inf,0.16048788316482102,0.0,1000.0,hyperplane_gauss,20000,20,0.1,0.2,3,real,gradual,4000,0.05,0.2,False,low,slow,real/gradual/K=3/low/slow/partial/imbalanced/noisy,-0.0005789473684210122,-0.00015789473684213462,1.0
scn-32837d4b7db2,2,NoDrift,0.754,0.02499585700024909,0,3.0,0.0,0.0,3.0,0.0,0.0,,0.0,0.0,1.0,,,inf,1000.0,,,0.0,1000.0,hyperplane_gauss,20000,20,0.1,0.2,3,real,gradual,4000,0.05,0.2,False,low,slow,real/gradual/K=3/low/slow/partial/imbalanced/noisy,0.0,-0.0007368421052631469,1.0
scn-32837d4b7db2,2,Periodic(2000),0.7402631578947368,0.027603754999745433,9,3.0,9.0,3.0,0.0,0.0,6.0,0.3333333333333333,1.0,0.5,0.0,1500.3333333333333,1500.0,inf,1000.0,inf,0.666518551433015,0.0,1000.0,hyperplane_gauss,20000,20,0.1,0.2,3,real,gradual,4000,0.05,0.2,False,low,slow,real/gradual/K=3/low/slow/partial/imbalanced/noisy,-0.013736842105263158,0.013000000000000012,1.0
scn-32837d4b7db2,2,Oracle,0.7532631578947369,0.03176721299996643,3,3.0,3.0,3.0,0.0,0.0,0.0,1.0,1.0,1.0,0.0,2001.0,2001.0,inf,1000.0,inf,0.49975012493753124,0.0,1000.0,hyperplane_gauss,20000,20,0.1,0.2,3,real,gradual,4000,0.05,0.2,False,low,slow,real/gradual/K=3/low/slow/partial/imbalanced/noisy,-0.0007368421052631469,-0.0,1.0
