scenario_id,seed,detector,accuracy,runtime_s,n_resets,n_events,n_detections,tp,fn,fp_out,fp_red,precision,recall,f1,mdr,mtd,median_delay,mtfa,mtfa_capped,mtr,mtr_capped,far,t_stable,family,n,d,pi0,eta,K,kind,form,width,magnitude,alpha,recurring,severity,speed,signature,delta_accuracy,oracle_gap,фактор,λ_j
scn-deb7eddfc31f,0,ADWIN,0.7922631578947369,0.04618126500008657,5,3.0,5.0,2.0,1.0,2.0,1.0,0.4,0.6666666666666666,0.5,0.33333333333333337,554.0,554.0,5159.0,5159.0,6.208182912154031,6.208182912154031,0.1938360147315371,10318.0,hyperplane_gauss,20000,20,0.3,0.1,3,real,gradual,894,0.4,0.6,False,high,fast,real/gradual/K=3/high/fast/partial/imbalanced/noisy,0.09394736842105267,0.023263157894736763,magnitude,0.0
scn-deb7eddfc31f,0,PageHinkley,0.7912631578947369,0.04688940099958927,11,3.0,11.0,3.0,0.0,4.0,4.0,0.2727272727272727,1.0,0.42857142857142855,0.0,718.0,690.0,2579.5,2579.5,3.5926183844011144,3.5926183844011144,0.3876720294630742,10318.0,hyperplane_gauss,20000,20,0.3,0.1,3,real,gradual,894,0.4,0.6,False,high,fast,real/gradual/K=3/high/fast/partial/imbalanced/noisy,0.09294736842105267,0.024263157894736764,magnitude,0.0
scn-deb7eddfc31f,0,PageHinkley-up,0.8145789473684211,0.08786215000009179,3,3.0,3.0,3.0,0.0,0.0,0.0,1.0,1.0,1.0,0.0,565.0,540.0,inf,10318.0,inf,18.261946902654866,0.0,10318.0,hyperplane_gauss,20000,20,0.3,0.1,3,real,gradual,894,0.4,0.6,False,high,fast,real/gradual/K=3/high/fast/partial/imbalanced/noisy,0.11626315789473685,0.0009473684210525857,magnitude,0.0
scn-deb7eddfc31f,0,DDM,0.8147894736842105,0.04713940800002092,3,3.0,3.0,3.0,0.0,0.0,0.0,1.0,1.0,1.0,0.0,634.6666666666666,643.0,inf,10318.0,inf,16.25735294117647,0.0,10318.0,hyperplane_gauss,20000,20,0.3,0.1,3,real,gradual,894,0.4,0.6,False,high,fast,real/gradual/K=3/high/fast/partial/imbalanced/noisy,0.11647368421052628,0.0007368421052631469,magnitude,0.0
scn-deb7eddfc31f,0,EDDM,0.7911052631578948,0.07261741699994673,14,3.0,14.0,3.0,0.0,9.0,2.0,0.21428571428571427,1.0,0.35294117647058826,0.0,1055.0,1168.0,1146.4444444444443,1146.4444444444443,1.0866771985255397,1.0866771985255397,0.872262066291917,10318.0,hyperplane_gauss,20000,20,0.3,0.1,3,real,gradual,894,0.4,0.6,False,high,fast,real/gradual/K=3/high/fast/partial/imbalanced/noisy,0.09278947368421053,0.0244210526315789,magnitude,0.0
scn-deb7eddfc31f,0,HDDM_A,0.8145263157894737,0.10408333100031086,3,3.0,3.0,3.0,0.0,0.0,0.0,1.0,1.0,1.0,0.0,583.3333333333334,616.0,inf,10318.0,inf,17.688,0.0,10318.0,hyperplane_gauss,20000,20,0.3,0.1,3,real,gradual,894,0.4,0.6,False,high,fast,real/gradual/K=3/high/fast/partial/imbalanced/noisy,0.11621052631578943,0.0010000000000000009,magnitude,0.0
scn-deb7eddfc31f,0,HDDM_W,0.8148421052631579,0.09608755399995061,3,3.0,3.0,3.0,0.0,0.0,0.0,1.0,1.0,1.0,0.0,573.0,579.0,inf,10318.0,inf,18.00698080279232,0.0,10318.0,hyperplane_gauss,20000,20,0.3,0.1,3,real,gradual,894,0.4,0.6,False,high,fast,real/gradual/K=3/high/fast/partial/imbalanced/noisy,0.1165263157894737,0.0006842105263157316,magnitude,0.0
scn-deb7eddfc31f,0,FHDDM,0.8155789473684211,0.0382543219998297,3,3.0,3.0,3.0,0.0,0.0,0.0,1.0,1.0,1.0,0.0,568.0,578.0,inf,10318.0,inf,18.16549295774648,0.0,10318.0,hyperplane_gauss,20000,20,0.3,0.1,3,real,gradual,894,0.4,0.6,False,high,fast,real/gradual/K=3/high/fast/partial/imbalanced/noisy,0.11726315789473685,-5.2631578947415214e-05,magnitude,0.0
scn-deb7eddfc31f,0,NoDrift,0.6983157894736842,0.03742197500014299,0,3.0,0.0,0.0,3.0,0.0,0.0,,0.0,0.0,1.0,,,inf,10318.0,,,0.0,10318.0,hyperplane_gauss,20000,20,0.3,0.1,3,real,gradual,894,0.4,0.6,False,high,fast,real/gradual/K=3/high/fast/partial/imbalanced/noisy,0.0,0.11721052631578943,magnitude,0.0
scn-deb7eddfc31f,0,Periodic(2000),0.7876842105263158,0.03137361300014163,9,3.0,9.0,3.0,0.0,5.0,1.0,0.3333333333333333,1.0,0.5,0.0,1280.6666666666667,1614.0,2063.6,2063.6,1.6113482561166057,1.6113482561166057,0.4845900368288428,10318.0,hyperplane_gauss,20000,20,0.3,0.1,3,real,gradual,894,0.4,0.6,False,high,fast,real/gradual/K=3/high/fast/partial/imbalanced/noisy,0.08936842105263154,0.02784210526315789,magnitude,0.0
scn-deb7eddfc31f,0,Oracle,0.8155263157894737,0.03230782100035867,3,3.0,3.0,3.0,0.0,0.0,0.0,1.0,1.0,1.0,0.0,448.0,448.0,inf,10318.0,inf,23.03125,0.0,10318.0,hyperplane_gauss,20000,20,0.3,0.1,3,real,gradual,894,0.4,0.6,False,high,fast,real/gradual/K=3/high/fast/partial/imbalanced/noisy,0.11721052631578943,-0.0,magnitude,0.0
scn-febac752cb54,1,ADWIN,0.8076842105263158,0.054222505999860005,7,3.0,7.0,3.0,0.0,3.0,1.0,0.42857142857142855,1.0,0.6,0.0,736.6666666666666,715.0,3439.3333333333335,3439.3333333333335,4.668778280542987,4.668778280542987,0.29075402209730566,10318.0,hyperplane_gauss,20000,20,0.3,0.1,3,real,gradual,894,0.4,0.6,False,high,fast,real/gradual/K=3/high/fast/partial/imbalanced/noisy,0.09821052631578941,0.014157894736842147,magnitude,0.0
scn-febac752cb54,1,PageHinkley,0.7776315789473685,0.05400795300010941,15,3.0,15.0,3.0,0.0,10.0,2.0,0.2,1.0,0.33333333333333337,0.0,1738.0,2025.0,1031.8,1031.8,0.5936708860759493,0.5936708860759493,0.9691800736576855,10318.0,hyperplane_gauss,20000,20,0.3,0.1,3,real,gradual,894,0.4,0.6,False,high,fast,real/gradual/K=3/high/fast/partial/imbalanced/noisy,0.06815789473684208,0.04421052631578948,magnitude,0.0
scn-febac752cb54,1,PageHinkley-up,0.8223157894736842,0.045141334000163624,3,3.0,3.0,3.0,0.0,0.0,0.0,1.0,1.0,1.0,0.0,603.0,599.0,inf,10318.0,inf,17.11111111111111,0.0,10318.0,hyperplane_gauss,20000,20,0.3,0.1,3,real,gradual,894,0.4,0.6,False,high,fast,real/gradual/K=3/high/fast/partial/imbalanced/noisy,0.11284210526315785,-0.00047368421052629284,magnitude,0.0
scn-febac752cb54,1,DDM,0.7885263157894736,0.051567745999818726,2,3.0,2.0,2.0,1.0,0.0,0.0,1.0,0.6666666666666666,0.8,0.33333333333333337,750.5,750.5,inf,10318.0,inf,9.16544525871641,0.0,10318.0,hyperplane_gauss,20000,20,0.3,0.1,3,real,gradual,894,0.4,0.6,False,high,fast,real/gradual/K=3/high/fast/partial/imbalanced/noisy,0.07905263157894726,0.0333157894736843,magnitude,0.0
scn-febac752cb54,1,EDDM,0.7987368421052632,0.05336544600004345,11,3.0,11.0,3.0,0.0,3.0,5.0,0.2727272727272727,1.0,0.42857142857142855,0.0,1090.6666666666667,1206.0,3439.3333333333335,3439.3333333333335,3.1534229828850857,3.1534229828850857,0.29075402209730566,10318.0,hyperplane_gauss,20000,20,0.3,0.1,3,real,gradual,894,0.4,0.6,False,high,fast,real/gradual/K=3/high/fast/partial/imbalanced/noisy,0.08926315789473682,0.02310526315789474,magnitude,0.0
scn-febac752cb54,1,HDDM_A,0.8175263157894737,0.10406708900018202,4,3.0,4.0,3.0,0.0,1.0,0.0,0.75,1.0,0.8571428571428571,0.0,612.6666666666666,609.0,10318.0,10318.0,16.8411316648531,16.8411316648531,0.09691800736576855,10318.0,hyperplane_gauss,20000,20,0.3,0.1,3,real,gradual,894,0.4,0.6,False,high,fast,real/gradual/K=3/high/fast/partial/imbalanced/noisy,0.10805263157894729,0.004315789473684273,magnitude,0.0
scn-febac752cb54,1,HDDM_W,0.8224210526315789,0.08294361900016156,3,3.0,3.0,3.0,0.0,0.0,0.0,1.0,1.0,1.0,0.0,520.6666666666666,498.0,inf,10318.0,inf,19.816901408450704,0.0,10318.0,hyperplane_gauss,20000,20,0.3,0.1,3,real,gradual,894,0.4,0.6,False,high,fast,real/gradual/K=3/high/fast/partial/imbalanced/noisy,0.11294736842105257,-0.0005789473684210122,magnitude,0.0
scn-febac752cb54,1,FHDDM,0.8224210526315789,0.0511899960001756,3,3.0,3.0,3.0,0.0,0.0,0.0,1.0,1.0,1.0,0.0,568.3333333333334,573.0,inf,10318.0,inf,18.154838709677417,0.0,10318.0,hyperplane_gauss,20000,20,0.3,0.1,3,real,gradual,894,0.4,0.6,False,high,fast,real/gradual/K=3/high/fast/partial/imbalanced/noisy,0.11294736842105257,-0.0005789473684210122,magnitude,0.0
scn-febac752cb54,1,NoDrift,0.7094736842105264,0.025505226999939623,0,3.0,0.0,0.0,3.0,0.0,0.0,,0.0,0.0,1.0,,,inf,10318.0,,,0.0,10318.0,hyperplane_gauss,20000,20,0.3,0.1,3,real,gradual,894,0.4,0.6,False,high,fast,real/gradual/K=3/high/fast/partial/imbalanced/noisy,0.0,0.11236842105263156,magnitude,0.0
scn-febac752cb54,1,Periodic(2000),0.7898421052631579,0.027835417999995116,9,3.0,9.0,3.0,0.0,5.0,1.0,0.3333333333333333,1.0,0.5,0.0,1280.6666666666667,1614.0,2063.6,2063.6,1.6113482561166057,1.6113482561166057,0.4845900368288428,10318.0,hyperplane_gauss,20000,20,0.3,0.1,3,real,gradual,894,0.4,0.6,False,high,fast,real/gradual/K=3/high/fast/partial/imbalanced/noisy,0.08036842105263153,0.03200000000000003,magnitude,0.0
scn-febac752cb54,1,Oracle,0.8218421052631579,0.03281775799996467,3,3.0,3.0,3.0,0.0,0.0,0.0,1.0,1.0,1.0,0.0,448.0,448.0,inf,10318.0,inf,23.03125,0.0,10318.0,hyperplane_gauss,20000,20,0.3,0.1,3,real,gradual,894,0.4,0.6,False,high,fast,real/gradual/K=3/high/fast/partial/imbalanced/noisy,0.11236842105263156,-0.0,magnitude,0.0
scn-d344d904c78c,2,ADWIN,0.8027368421052632,0.06122331200003828,8,3.0,8.0,3.0,0.0,2.0,3.0,0.375,1.0,0.5454545454545454,0.0,747.3333333333334,750.0,5159.0,5159.0,6.903211418376449,6.903211418376449,0.1938360147315371,10318.0,hyperplane_gauss,20000,20,0.3,0.1,3,real,gradual,894,0.4,0.6,False,high,fast,real/gradual/K=3/high/fast/partial/imbalanced/noisy,0.10089473684210526,0.014578947368421025,magnitude,0.0
scn-d344d904c78c,2,PageHinkley,0.7933157894736842,0.04626162699969427,10,3.0,10.0,3.0,0.0,5.0,2.0,0.3,1.0,0.4615384615384615,0.0,1036.6666666666667,717.0,2063.6,2063.6,1.990610932475884,1.990610932475884,0.4845900368288428,10318.0,hyperplane_gauss,20000,20,0.3,0.1,3,real,gradual,894,0.4,0.6,False,high,fast,real/gradual/K=3/high/fast/partial/imbalanced/noisy,0.09147368421052626,0.02400000000000002,magnitude,0.0
scn-d344d904c78c,2,PageHinkley-up,0.8201052631578948,0.040298722999978054,3,3.0,3.0,3.0,0.0,0.0,0.0,1.0,1.0,1.0,0.0,599.6666666666666,568.0,inf,10318.0,inf,17.206225680933855,0.0,10318.0,hyperplane_gauss,20000,20,0.3,0.1,3,real,gradual,894,0.4,0.6,False,high,fast,real/gradual/K=3/high/fast/partial/imbalanced/noisy,0.11826315789473685,-0.002789473684210564,magnitude,0.0
scn-d344d904c78c,2,DDM,0.8187894736842105,0.0580732819998957,4,3.0,4.0,3.0,0.0,0.0,1.0,0.75,1.0,0.8571428571428571,0.0,639.0,741.0,inf,10318.0,inf,16.147104851330205,0.0,10318.0,hyperplane_gauss,20000,20,0.3,0.1,3,real,gradual,894,0.4,0.6,False,high,fast,real/gradual/K=3/high/fast/partial/imbalanced/noisy,0.11694736842105258,-0.0014736842105262937,magnitude,0.0
scn-d344d904c78c,2,EDDM,0.8041052631578948,0.046779355999660766,9,3.0,9.0,3.0,0.0,2.0,4.0,0.3333333333333333,1.0,0.5,0.0,952.0,1054.0,5159.0,5159.0,5.419117647058823,5.419117647058823,0.1938360147315371,10318.0,hyperplane_gauss,20000,20,0.3,0.1,3,real,gradual,894,0.4,0.6,False,high,fast,real/gradual/K=3/high/fast/partial/imbalanced/noisy,0.10226315789473683,0.01321052631578945,magnitude,0.0
scn-d344d904c78c,2,HDDM_A,0.8195263157894737,0.11755759000016042,3,3.0,3.0,3.0,0.0,0.0,0.0,1.0,1.0,1.0,0.0,542.6666666666666,571.0,inf,10318.0,inf,19.013513513513516,0.0,10318.0,hyperplane_gauss,20000,20,0.3,0.1,3,real,gradual,894,0.4,0.6,False,high,fast,real/gradual/K=3/high/fast/partial/imbalanced/noisy,0.11768421052631572,-0.0022105263157894406,magnitude,0.0
scn-d344d904c78c,2,HDDM_W,0.8163157894736842,0.08506360100000165,3,3.0,3.0,3.0,0.0,0.0,0.0,1.0,1.0,1.0,0.0,420.6666666666667,402.0,inf,10318.0,inf,24.527733755942947,0.0,10318.0,hyperplane_gauss,20000,20,0.3,0.1,3,real,gradual,894,0.4,0.6,False,high,fast,real/gradual/K=3/high/fast/partial/imbalanced/noisy,0.11447368421052628,0.0010000000000000009,magnitude,0.0
scn-d344d904c78c,2,FHDDM,0.8186842105263158,0.05139580099967134,3,3.0,3.0,3.0,0.0,0.0,0.0,1.0,1.0,1.0,0.0,497.3333333333333,521.0,inf,10318.0,inf,20.746648793565683,0.0,10318.0,hyperplane_gauss,20000,20,0.3,0.1,3,real,gradual,894,0.4,0.6,False,high,fast,real/gradual/K=3/high/fast/partial/imbalanced/noisy,0.11684210526315786,-0.0013684210526315743,magnitude,0.0
scn-d344d904c78c,2,NoDrift,0.7018421052631579,0.026123575999918103,0,3.0,0.0,0.0,3.0,0.0,0.0,,0.0,0.0,1.0,,,inf,10318.0,,,0.0,10318.0,hyperplane_gauss,20000,20,0.3,0.1,3,real,gradual,894,0.4,0.6,False,high,fast,real/gradual/K=3/high/fast/partial/imbalanced/noisy,0.0,0.11547368421052628,magnitude,0.0
scn-d344d904c78c,2,Periodic(2000),0.7864736842105263,0.0280571839998629,9,3.0,9.0,3.0,0.0,5.0,1.0,0.3333333333333333,1.0,0.5,0.0,1280.6666666666667,1614.0,2063.6,2063.6,1.6113482561166057,1.6113482561166057,0.4845900368288428,10318.0,hyperplane_gauss,20000,20,0.3,0.1,3,real,gradual,894,0.4,0.6,False,high,fast,real/gradual/K=3/high/fast/partial/imbalanced/noisy,0.08463157894736839,0.030842105263157893,magnitude,0.0
scn-d344d904c78c,2,Oracle,0.8173157894736842,0.03225890200019421,3,3.0,3.0,3.0,0.0,0.0,0.0,1.0,1.0,1.0,0.0,448.0,448.0,inf,10318.0,inf,23.03125,0.0,10318.0,hyperplane_gauss,20000,20,0.3,0.1,3,real,gradual,894,0.4,0.6,False,high,fast,real/gradual/K=3/high/fast/partial/imbalanced/noisy,0.11547368421052628,-0.0,magnitude,0.0
scn-fab5f9be015a,0,ADWIN,0.7947368421052632,0.040942699999959586,3,3.0,3.0,2.0,1.0,1.0,0.0,0.6666666666666666,0.6666666666666666,0.6666666666666666,0.33333333333333337,1307.5,1307.5,10318.0,10318.0,5.260930528999363,5.260930528999363,0.09691800736576855,10318.0,hyperplane_gauss,20000,20,0.3,0.1,3,real,gradual,894,0.23784142300054423,0.6,False,medium,fast,real/gradual/K=3/medium/fast/partial/imbalanced/noisy,0.03300000000000003,0.027894736842105194,magnitude,0.25
scn-fab5f9be015a,0,PageHinkley,0.7893157894736842,0.049296691000108694,11,3.0,11.0,2.0,1.0,5.0,4.0,0.18181818181818182,0.6666666666666666,0.28571428571428575,0.33333333333333337,415.0,415.0,2063.6,2063.6,3.315020080321285,3.315020080321285,0.4845900368288428,10318.0,hyperplane_gauss,20000,20,0.3,0.1,3,real,gradual,894,0.23784142300054423,0.6,False,medium,fast,real/gradual/K=3/medium/fast/partial/imbalanced/noisy,0.027578947368421036,0.03331578947368419,magnitude,0.25
scn-fab5f9be015a,0,PageHinkley-up,0.8162105263157895,0.039725496000301064,3,3.0,3.0,3.0,0.0,0.0,0.0,1.0,1.0,1.0,0.0,788.0,796.0,inf,10318.0,inf,13.093908629441625,0.0,10318.0,hyperplane_gauss,20000,20,0.3,0.1,3,real,gradual,894,0.23784142300054423,0.6,False,medium,fast,real/gradual/K=3/medium/fast/partial/imbalanced/noisy,0.05447368421052634,0.006421052631578883,magnitude,0.25
scn-fab5f9be015a,0,DDM,0.8165789473684211,0.05292797000038263,3,3.0,3.0,3.0,0.0,0.0,0.0,1.0,1.0,1.0,0.0,836.3333333333334,794.0,inf,10318.0,inf,12.337186129932244,0.0,10318.0,hyperplane_gauss,20000,20,0.3,0.1,3,real,gradual,894,0.23784142300054423,0.6,False,medium,fast,real/gradual/K=3/medium/fast/partial/imbalanced/noisy,0.054842105263157914,0.0060526315789473095,magnitude,0.25
scn-fab5f9be015a,0,EDDM,0.7807368421052632,0.07167985200021576,15,3.0,15.0,1.0,2.0,11.0,3.0,0.06666666666666667,0.3333333333333333,0.1111111111111111,0.6666666666666667,839.0,839.0,938.0,938.0,0.37266587206992446,0.37266587206992446,1.0660980810234542,10318.0,hyperplane_gauss,20000,20,0.3,0.1,3,real,gradual,894,0.23784142300054423,0.6,False,medium,fast,real/gradual/K=3/medium/fast/partial/imbalanced/noisy,0.019000000000000017,0.04189473684210521,magnitude,0.25
scn-fab5f9be015a,0,HDDM_A,0.8167368421052632,0.10416665599996122,3,3.0,3.0,3.0,0.0,0.0,0.0,1.0,1.0,1.0,0.0,841.6666666666666,825.0,inf,10318.0,inf,12.2590099009901,0.0,10318.0,hyperplane_gauss,20000,20,0.3,0.1,3,real,gradual,894,0.23784142300054423,0.6,False,medium,fast,real/gradual/K=3/medium/fast/partial/imbalanced/noisy,0.05500000000000005,0.005894736842105175,magnitude,0.25
scn-fab5f9be015a,0,HDDM_W,0.8046842105263158,0.08005482399994435,2,3.0,2.0,2.0,1.0,0.0,0.0,1.0,0.6666666666666666,0.8,0.33333333333333337,574.5,574.5,inf,10318.0,inf,11.973310124746156,0.0,10318.0,hyperplane_gauss,20000,20,0.3,0.1,3,real,gradual,894,0.23784142300054423,0.6,False,medium,fast,real/gradual/K=3/medium/fast/partial/imbalanced/noisy,0.04294736842105262,0.0179473684210526,magnitude,0.25
scn-fab5f9be015a,0,FHDDM,0.7958421052631579,0.04692470600002707,2,3.0,2.0,2.0,1.0,0.0,0.0,1.0,0.6666666666666666,0.8,0.33333333333333337,939.5,939.5,inf,10318.0,inf,7.321624977825085,0.0,10318.0,hyperplane_gauss,20000,20,0.3,0.1,3,real,gradual,894,0.23784142300054423,0.6,False,medium,fast,real/gradual/K=3/medium/fast/partial/imbalanced/noisy,0.03410526315789475,0.026789473684210474,magnitude,0.25
scn-fab5f9be015a,0,NoDrift,0.7617368421052632,0.027038769999762735,0,3.0,0.0,0.0,3.0,0.0,0.0,,0.0,0.0,1.0,,,inf,10318.0,,,0.0,10318.0,hyperplane_gauss,20000,20,0.3,0.1,3,real,gradual,894,0.23784142300054423,0.6,False,medium,fast,real/gradual/K=3/medium/fast/partial/imbalanced/noisy,0.0,0.060894736842105224,magnitude,0.25
scn-fab5f9be015a,0,Periodic(2000),0.7966842105263158,0.02933332300017355,9,3.0,9.0,3.0,0.0,5.0,1.0,0.3333333333333333,1.0,0.5,0.0,1280.6666666666667,1614.0,2063.6,2063.6,1.6113482561166057,1.6113482561166057,0.4845900368288428,10318.0,hyperplane_gauss,20000,20,0.3,0.1,3,real,gradual,894,0.23784142300054423,0.6,False,medium,fast,real/gradual/K=3/medium/fast/partial/imbalanced/noisy,0.034947368421052616,0.025947368421052608,magnitude,0.25
scn-fab5f9be015a,0,Oracle,0.8226315789473684,0.041332917000090674,3,3.0,3.0,3.0,0.0,0.0,0.0,1.0,1.0,1.0,0.0,448.0,448.0,inf,10318.0,inf,23.03125,0.0,10318.0,hyperplane_gauss,20000,20,0.3,0.1,3,real,gradual,894,0.23784142300054423,0.6,False,medium,fast,real/gradual/K=3/medium/fast/partial/imbalanced/noisy,0.060894736842105224,-0.0,magnitude,0.25
scn-f1f837606dad,1,ADWIN,0.8251578947368421,0.035482497999964835,3,3.0,3.0,3.0,0.0,0.0,0.0,1.0,1.0,1.0,0.0,928.6666666666666,971.0,inf,10318.0,inf,11.110552763819095,0.0,10318.0,hyperplane_gauss,20000,20,0.3,0.1,3,real,gradual,894,0.23784142300054423,0.6,False,medium,fast,real/gradual/K=3/medium/fast/partial/imbalanced/noisy,0.05515789473684207,0.0057894736842105665,magnitude,0.25
scn-f1f837606dad,1,PageHinkley,0.7983157894736842,0.06209320199968715,12,3.0,12.0,2.0,1.0,9.0,1.0,0.16666666666666666,0.6666666666666666,0.26666666666666666,0.33333333333333337,1248.5,1248.5,1146.4444444444443,1146.4444444444443,0.6121716430086473,0.6121716430086473,0.872262066291917,10318.0,hyperplane_gauss,20000,20,0.3,0.1,3,real,gradual,894,0.23784142300054423,0.6,False,medium,fast,real/gradual/K=3/medium/fast/partial/imbalanced/noisy,0.028315789473684183,0.032631578947368456,magnitude,0.25
scn-f1f837606dad,1,PageHinkley-up,0.8267894736842105,0.04022445000009611,3,3.0,3.0,3.0,0.0,0.0,0.0,1.0,1.0,1.0,0.0,844.0,849.0,inf,10318.0,inf,12.225118483412322,0.0,10318.0,hyperplane_gauss,20000,20,0.3,0.1,3,real,gradual,894,0.23784142300054423,0.6,False,medium,fast,real/gradual/K=3/medium/fast/partial/imbalanced/noisy,0.0567894736842105,0.004157894736842138,magnitude,0.25
scn-f1f837606dad,1,DDM,0.77,0.034745650999866484,0,3.0,0.0,0.0,3.0,0.0,0.0,,0.0,0.0,1.0,,,inf,10318.0,,,0.0,10318.0,hyperplane_gauss,20000,20,0.3,0.1,3,real,gradual,894,0.23784142300054423,0.6,False,medium,fast,real/gradual/K=3/medium/fast/partial/imbalanced/noisy,0.0,0.06094736842105264,magnitude,0.25
scn-f1f837606dad,1,EDDM,0.7894736842105263,0.04425730699995256,5,3.0,5.0,0.0,3.0,5.0,0.0,0.0,0.0,0.0,1.0,,,2063.6,2063.6,,,0.4845900368288428,10318.0,hyperplane_gauss,20000,20,0.3,0.1,3,real,gradual,894,0.23784142300054423,0.6,False,medium,fast,real/gradual/K=3/medium/fast/partial/imbalanced/noisy,0.01947368421052631,0.04147368421052633,magnitude,0.25
scn-f1f837606dad,1,HDDM_A,0.8258947368421052,0.11683242099979907,3,3.0,3.0,3.0,0.0,0.0,0.0,1.0,1.0,1.0,0.0,956.0,898.0,inf,10318.0,inf,10.792887029288703,0.0,10318.0,hyperplane_gauss,20000,20,0.3,0.1,3,real,gradual,894,0.23784142300054423,0.6,False,medium,fast,real/gradual/K=3/medium/fast/partial/imbalanced/noisy,0.05589473684210522,0.00505263157894742,magnitude,0.25
scn-f1f837606dad,1,HDDM_W,0.83,0.08338550600001327,3,3.0,3.0,3.0,0.0,0.0,0.0,1.0,1.0,1.0,0.0,611.3333333333334,515.0,inf,10318.0,inf,16.877862595419845,0.0,10318.0,hyperplane_gauss,20000,20,0.3,0.1,3,real,gradual,894,0.23784142300054423,0.6,False,medium,fast,real/gradual/K=3/medium/fast/partial/imbalanced/noisy,0.05999999999999994,0.0009473684210526967,magnitude,0.25
scn-f1f837606dad,1,FHDDM,0.7921052631578948,0.03219750900007057,1,3.0,1.0,1.0,2.0,0.0,0.0,1.0,0.3333333333333333,0.5,0.6666666666666667,874.0,874.0,inf,10318.0,inf,3.935163996948893,0.0,10318.0,hyperplane_gauss,20000,20,0.3,0.1,3,real,gradual,894,0.23784142300054423,0.6,False,medium,fast,real/gradual/K=3/medium/fast/partial/imbalanced/noisy,0.02210526315789474,0.0388421052631579,magnitude,0.25
scn-f1f837606dad,1,NoDrift,0.77,0.025513981000131025,0,3.0,0.0,0.0,3.0,0.0,0.0,,0.0,0.0,1.0,,,inf,10318.0,,,0.0,10318.0,hyperplane_gauss,20000,20,0.3,0.1,3,real,gradual,894,0.23784142300054423,0.6,False,medium,fast,real/gradual/K=3/medium/fast/partial/imbalanced/noisy,0.0,0.06094736842105264,magnitude,0.25
scn-f1f837606dad,1,Periodic(2000),0.8047368421052632,0.04581490299960933,9,3.0,9.0,3.0,0.0,5.0,1.0,0.3333333333333333,1.0,0.5,0.0,1280.6666666666667,1614.0,2063.6,2063.6,1.6113482561166057,1.6113482561166057,0.4845900368288428,10318.0,hyperplane_gauss,20000,20,0.3,0.1,3,real,gradual,894,0.23784142300054423,0.6,False,medium,fast,real/gradual/K=3/medium/fast/partial/imbalanced/noisy,0.03473684210526318,0.026210526315789462,magnitude,0.25
scn-f1f837606dad,1,Oracle,0.8309473684210527,0.03283401499993488,3,3.0,3.0,3.0,0.0,0.0,0.0,1.0,1.0,1.0,0.0,448.0,448.0,inf,10318.0,inf,23.03125,0.0,10318.0,hyperplane_gauss,20000,20,0.3,0.1,3,real,gradual,894,0.23784142300054423,0.6,False,medium,fast,real/gradual/K=3/medium/fast/partial/imbalanced/noisy,0.06094736842105264,-0.0,magnitude,0.25
scn-af0004b1188e,2,ADWIN,0.8133684210526316,0.03601878800009217,4,3.0,4.0,2.0,1.0,2.0,0.0,0.5,0.6666666666666666,0.5714285714285715,0.33333333333333337,1051.5,1051.5,5159.0,5159.0,3.2708828657473448,3.2708828657473448,0.1938360147315371,10318.0,hyperplane_gauss,20000,20,0.3,0.1,3,real,gradual,894,0.23784142300054423,0.6,False,medium,fast,real/gradual/K=3/medium/fast/partial/imbalanced/noisy,0.05831578947368421,0.012894736842105181,magnitude,0.25
scn-af0004b1188e,2,PageHinkley,0.7926315789473685,0.06053977000010491,10,3.0,10.0,3.0,0.0,6.0,1.0,0.3,1.0,0.4615384615384615,0.0,1622.0,1585.0,1719.6666666666667,1719.6666666666667,1.0602137279079327,1.0602137279079327,0.5815080441946113,10318.0,hyperplane_gauss,20000,20,0.3,0.1,3,real,gradual,894,0.23784142300054423,0.6,False,medium,fast,real/gradual/K=3/medium/fast/partial/imbalanced/noisy,0.037578947368421045,0.033631578947368346,magnitude,0.25
scn-af0004b1188e,2,PageHinkley-up,0.8251052631578948,0.040347942000153125,3,3.0,3.0,3.0,0.0,0.0,0.0,1.0,1.0,1.0,0.0,834.6666666666666,803.0,inf,10318.0,inf,12.361821086261982,0.0,10318.0,hyperplane_gauss,20000,20,0.3,0.1,3,real,gradual,894,0.23784142300054423,0.6,False,medium,fast,real/gradual/K=3/medium/fast/partial/imbalanced/noisy,0.07005263157894737,0.0011578947368420245,magnitude,0.25
scn-af0004b1188e,2,DDM,0.8235789473684211,0.03718812900024204,3,3.0,3.0,3.0,0.0,0.0,0.0,1.0,1.0,1.0,0.0,819.3333333333334,813.0,inf,10318.0,inf,12.593165174938974,0.0,10318.0,hyperplane_gauss,20000,20,0.3,0.1,3,real,gradual,894,0.23784142300054423,0.6,False,medium,fast,real/gradual/K=3/medium/fast/partial/imbalanced/noisy,0.06852631578947366,0.0026842105263157334,magnitude,0.25
scn-af0004b1188e,2,EDDM,0.7981578947368421,0.06547292400000515,17,3.0,17.0,3.0,0.0,2.0,12.0,0.17647058823529413,1.0,0.3,0.0,1287.3333333333333,1320.0,5159.0,5159.0,4.007509062661834,4.007509062661834,0.1938360147315371,10318.0,hyperplane_gauss,20000,20,0.3,0.1,3,real,gradual,894,0.23784142300054423,0.6,False,medium,fast,real/gradual/K=3/medium/fast/partial/imbalanced/noisy,0.04310526315789465,0.028105263157894744,magnitude,0.25
scn-af0004b1188e,2,HDDM_A,0.8238947368421052,0.11873822200004724,3,3.0,3.0,3.0,0.0,0.0,0.0,1.0,1.0,1.0,0.0,890.0,808.0,inf,10318.0,inf,11.593258426966292,0.0,10318.0,hyperplane_gauss,20000,20,0.3,0.1,3,real,gradual,894,0.23784142300054423,0.6,False,medium,fast,real/gradual/K=3/medium/fast/partial/imbalanced/noisy,0.06884210526315782,0.002368421052631575,magnitude,0.25
scn-af0004b1188e,2,HDDM_W,0.8209473684210526,0.0839489679997314,3,3.0,3.0,3.0,0.0,0.0,0.0,1.0,1.0,1.0,0.0,1142.0,800.0,inf,10318.0,inf,9.035026269702277,0.0,10318.0,hyperplane_gauss,20000,20,0.3,0.1,3,real,gradual,894,0.23784142300054423,0.6,False,medium,fast,real/gradual/K=3/medium/fast/partial/imbalanced/noisy,0.06589473684210523,0.005315789473684163,magnitude,0.25
scn-af0004b1188e,2,FHDDM,0.8211052631578948,0.04420783299974573,3,3.0,3.0,3.0,0.0,0.0,0.0,1.0,1.0,1.0,0.0,968.3333333333334,802.0,inf,10318.0,inf,10.655421686746987,0.0,10318.0,hyperplane_gauss,20000,20,0.3,0.1,3,real,gradual,894,0.23784142300054423,0.6,False,medium,fast,real/gradual/K=3/medium/fast/partial/imbalanced/noisy,0.06605263157894736,0.005157894736842028,magnitude,0.25
scn-af0004b1188e,2,NoDrift,0.7550526315789474,0.031722699999590986,0,3.0,0.0,0.0,3.0,0.0,0.0,,0.0,0.0,1.0,,,inf,10318.0,,,0.0,10318.0,hyperplane_gauss,20000,20,0.3,0.1,3,real,gradual,894,0.23784142300054423,0.6,False,medium,fast,real/gradual/K=3/medium/fast/partial/imbalanced/noisy,0.0,0.07121052631578939,magnitude,0.25
scn-af0004b1188e,2,Periodic(2000),0.7963157894736842,0.03474549800012028,9,3.0,9.0,3.0,0.0,5.0,1.0,0.3333333333333333,1.0,0.5,0.0,1280.6666666666667,1614.0,2063.6,2063.6,1.6113482561166057,1.6113482561166057,0.4845900368288428,10318.0,hyperplane_gauss,20000,20,0.3,0.1,3,real,gradual,894,0.23784142300054423,0.6,False,medium,fast,real/gradual/K=3/medium/fast/partial/imbalanced/noisy,0.04126315789473678,0.02994736842105261,magnitude,0.25
scn-af0004b1188e,2,Oracle,0.8262631578947368,0.03197715299984338,3,3.0,3.0,3.0,0.0,0.0,0.0,1.0,1.0,1.0,0.0,448.0,448.0,inf,10318.0,inf,23.03125,0.0,10318.0,hyperplane_gauss,20000,20,0.3,0.1,3,real,gradual,894,0.23784142300054423,0.6,False,medium,fast,real/gradual/K=3/medium/fast/partial/imbalanced/noisy,0.07121052631578939,-0.0,magnitude,0.25
scn-f435822ac450,0,ADWIN,0.8072631578947368,0.03315408300022682,1,3.0,1.0,1.0,2.0,0.0,0.0,1.0,0.3333333333333333,0.5,0.6666666666666667,1326.0,1326.0,inf,10318.0,inf,2.5937657114127695,0.0,10318.0,hyperplane_gauss,20000,20,0.3,0.1,3,real,gradual,894,0.1414213562373095,0.6,False,medium,fast,real/gradual/K=3/medium/fast/partial/imbalanced/noisy,0.004684210526315735,0.017105263157894735,magnitude,0.5
scn-f435822ac450,0,ADWIN,0.8072631578947368,0.03315408300022682,1,3.0,1.0,1.0,2.0,0.0,0.0,1.0,0.3333333333333333,0.5,0.6666666666666667,1326.0,1326.0,inf,10318.0,inf,2.5937657114127695,0.0,10318.0,hyperplane_gauss,20000,20,0.3,0.1,3,real,gradual,894,0.1414213562373095,0.6,False,medium,fast,real/gradual/K=3/medium/fast/partial/imbalanced/noisy,0.004684210526315735,0.017105263157894735,affected_share,0.5
scn-f435822ac450,0,ADWIN,0.8072631578947368,0.03315408300022682,1,3.0,1.0,1.0,2.0,0.0,0.0,1.0,0.3333333333333333,0.5,0.6666666666666667,1326.0,1326.0,inf,10318.0,inf,2.5937657114127695,0.0,10318.0,hyperplane_gauss,20000,20,0.3,0.1,3,real,gradual,894,0.1414213562373095,0.6,False,medium,fast,real/gradual/K=3/medium/fast/partial/imbalanced/noisy,0.004684210526315735,0.017105263157894735,width,0.5
scn-f435822ac450,0,ADWIN,0.8072631578947368,0.03315408300022682,1,3.0,1.0,1.0,2.0,0.0,0.0,1.0,0.3333333333333333,0.5,0.6666666666666667,1326.0,1326.0,inf,10318.0,inf,2.5937657114127695,0.0,10318.0,hyperplane_gauss,20000,20,0.3,0.1,3,real,gradual,894,0.1414213562373095,0.6,False,medium,fast,real/gradual/K=3/medium/fast/partial/imbalanced/noisy,0.004684210526315735,0.017105263157894735,label_noise,0.5
scn-f435822ac450,0,ADWIN,0.8072631578947368,0.03315408300022682,1,3.0,1.0,1.0,2.0,0.0,0.0,1.0,0.3333333333333333,0.5,0.6666666666666667,1326.0,1326.0,inf,10318.0,inf,2.5937657114127695,0.0,10318.0,hyperplane_gauss,20000,20,0.3,0.1,3,real,gradual,894,0.1414213562373095,0.6,False,medium,fast,real/gradual/K=3/medium/fast/partial/imbalanced/noisy,0.004684210526315735,0.017105263157894735,minority_share,0.5
scn-f435822ac450,0,PageHinkley,0.8037894736842105,0.04516628800001854,7,3.0,7.0,2.0,1.0,4.0,1.0,0.2857142857142857,0.6666666666666666,0.4,0.33333333333333337,1867.5,1867.5,2579.5,2579.5,0.9208389112003569,0.9208389112003569,0.3876720294630742,10318.0,hyperplane_gauss,20000,20,0.3,0.1,3,real,gradual,894,0.1414213562373095,0.6,False,medium,fast,real/gradual/K=3/medium/fast/partial/imbalanced/noisy,0.0012105263157894397,0.02057894736842103,magnitude,0.5
scn-f435822ac450,0,PageHinkley,0.8037894736842105,0.04516628800001854,7,3.0,7.0,2.0,1.0,4.0,1.0,0.2857142857142857,0.6666666666666666,0.4,0.33333333333333337,1867.5,1867.5,2579.5,2579.5,0.9208389112003569,0.9208389112003569,0.3876720294630742,10318.0,hyperplane_gauss,20000,20,0.3,0.1,3,real,gradual,894,0.1414213562373095,0.6,False,medium,fast,real/gradual/K=3/medium/fast/partial/imbalanced/noisy,0.0012105263157894397,0.02057894736842103,affected_share,0.5
scn-f435822ac450,0,PageHinkley,0.8037894736842105,0.04516628800001854,7,3.0,7.0,2.0,1.0,4.0,1.0,0.2857142857142857,0.6666666666666666,0.4,0.33333333333333337,1867.5,1867.5,2579.5,2579.5,0.9208389112003569,0.9208389112003569,0.3876720294630742,10318.0,hyperplane_gauss,20000,20,0.3,0.1,3,real,gradual,894,0.1414213562373095,0.6,False,medium,fast,real/gradual/K=3/medium/fast/partial/imbalanced/noisy,0.0012105263157894397,0.02057894736842103,width,0.5
scn-f435822ac450,0,PageHinkley,0.8037894736842105,0.04516628800001854,7,3.0,7.0,2.0,1.0,4.0,1.0,0.2857142857142857,0.6666666666666666,0.4,0.33333333333333337,1867.5,1867.5,2579.5,2579.5,0.9208389112003569,0.9208389112003569,0.3876720294630742,10318.0,hyperplane_gauss,20000,20,0.3,0.1,3,real,gradual,894,0.1414213562373095,0.6,False,medium,fast,real/gradual/K=3/medium/fast/partial/imbalanced/noisy,0.0012105263157894397,0.02057894736842103,label_noise,0.5
scn-f435822ac450,0,PageHinkley,0.8037894736842105,0.04516628800001854,7,3.0,7.0,2.0,1.0,4.0,1.0,0.2857142857142857,0.6666666666666666,0.4,0.33333333333333337,1867.5,1867.5,2579.5,2579.5,0.9208389112003569,0.9208389112003569,0.3876720294630742,10318.0,hyperplane_gauss,20000,20,0.3,0.1,3,real,gradual,894,0.1414213562373095,0.6,False,medium,fast,real/gradual/K=3/medium/fast/partial/imbalanced/noisy,0.0012105263157894397,0.02057894736842103,minority_share,0.5
scn-f435822ac450,0,PageHinkley-up,0.8141052631578948,0.03955154699997365,2,3.0,2.0,2.0,1.0,0.0,0.0,1.0,0.6666666666666666,0.8,0.33333333333333337,1439.5,1439.5,inf,10318.0,inf,4.778511057080005,0.0,10318.0,hyperplane_gauss,20000,20,0.3,0.1,3,real,gradual,894,0.1414213562373095,0.6,False,medium,fast,real/gradual/K=3/medium/fast/partial/imbalanced/noisy,0.011526315789473718,0.010263157894736752,magnitude,0.5
scn-f435822ac450,0,PageHinkley-up,0.8141052631578948,0.03955154699997365,2,3.0,2.0,2.0,1.0,0.0,0.0,1.0,0.6666666666666666,0.8,0.33333333333333337,1439.5,1439.5,inf,10318.0,inf,4.778511057080005,0.0,10318.0,hyperplane_gauss,20000,20,0.3,0.1,3,real,gradual,894,0.1414213562373095,0.6,False,medium,fast,real/gradual/K=3/medium/fast/partial/imbalanced/noisy,0.011526315789473718,0.010263157894736752,affected_share,0.5
scn-f435822ac450,0,PageHinkley-up,0.8141052631578948,0.03955154699997365,2,3.0,2.0,2.0,1.0,0.0,0.0,1.0,0.6666666666666666,0.8,0.33333333333333337,1439.5,1439.5,inf,10318.0,inf,4.778511057080005,0.0,10318.0,hyperplane_gauss,20000,20,0.3,0.1,3,real,gradual,894,0.1414213562373095,0.6,False,medium,fast,real/gradual/K=3/medium/fast/partial/imbalanced/noisy,0.011526315789473718,0.010263157894736752,width,0.5
scn-f435822ac450,0,PageHinkley-up,0.8141052631578948,0.03955154699997365,2,3.0,2.0,2.0,1.0,0.0,0.0,1.0,0.6666666666666666,0.8,0.33333333333333337,1439.5,1439.5,inf,10318.0,inf,4.778511057080005,0.0,10318.0,hyperplane_gauss,20000,20,0.3,0.1,3,real,gradual,894,0.1414213562373095,0.6,False,medium,fast,real/gradual/K=3/medium/fast/partial/imbalanced/noisy,0.011526315789473718,0.010263157894736752,label_noise,0.5
scn-f435822ac450,0,PageHinkley-up,0.8141052631578948,0.03955154699997365,2,3.0,2.0,2.0,1.0,0.0,0.0,1.0,0.6666666666666666,0.8,0.33333333333333337,1439.5,1439.5,inf,10318.0,inf,4.778511057080005,0.0,10318.0,hyperplane_gauss,20000,20,0.3,0.1,3,real,gradual,894,0.1414213562373095,0.6,False,medium,fast,real/gradual/K=3/medium/fast/partial/imbalanced/noisy,0.011526315789473718,0.010263157894736752,minority_share,0.5
scn-f435822ac450,0,DDM,0.8124210526315789,0.03609699199978422,1,3.0,1.0,1.0,2.0,0.0,0.0,1.0,0.3333333333333333,0.5,0.6666666666666667,1697.0,1697.0,inf,10318.0,inf,2.026713808681987,0.0,10318.0,hyperplane_gauss,20000,20,0.3,0.1,3,real,gradual,894,0.1414213562373095,0.6,False,medium,fast,real/gradual/K=3/medium/fast/partial/imbalanced/noisy,0.009842105263157874,0.011947368421052595,magnitude,0.5
scn-f435822ac450,0,DDM,0.8124210526315789,0.03609699199978422,1,3.0,1.0,1.0,2.0,0.0,0.0,1.0,0.3333333333333333,0.5,0.6666666666666667,1697.0,1697.0,inf,10318.0,inf,2.026713808681987,0.0,10318.0,hyperplane_gauss,20000,20,0.3,0.1,3,real,gradual,894,0.1414213562373095,0.6,False,medium,fast,real/gradual/K=3/medium/fast/partial/imbalanced/noisy,0.009842105263157874,0.011947368421052595,affected_share,0.5
scn-f435822ac450,0,DDM,0.8124210526315789,0.03609699199978422,1,3.0,1.0,1.0,2.0,0.0,0.0,1.0,0.3333333333333333,0.5,0.6666666666666667,1697.0,1697.0,inf,10318.0,inf,2.026713808681987,0.0,10318.0,hyperplane_gauss,20000,20,0.3,0.1,3,real,gradual,894,0.1414213562373095,0.6,False,medium,fast,real/gradual/K=3/medium/fast/partial/imbalanced/noisy,0.009842105263157874,0.011947368421052595,width,0.5
scn-f435822ac450,0,DDM,0.8124210526315789,0.03609699199978422,1,3.0,1.0,1.0,2.0,0.0,0.0,1.0,0.3333333333333333,0.5,0.6666666666666667,1697.0,1697.0,inf,10318.0,inf,2.026713808681987,0.0,10318.0,hyperplane_gauss,20000,20,0.3,0.1,3,real,gradual,894,0.1414213562373095,0.6,False,medium,fast,real/gradual/K=3/medium/fast/partial/imbalanced/noisy,0.009842105263157874,0.011947368421052595,label_noise,0.5
scn-f435822ac450,0,DDM,0.8124210526315789,0.03609699199978422,1,3.0,1.0,1.0,2.0,0.0,0.0,1.0,0.3333333333333333,0.5,0.6666666666666667,1697.0,1697.0,inf,10318.0,inf,2.026713808681987,0.0,10318.0,hyperplane_gauss,20000,20,0.3,0.1,3,real,gradual,894,0.1414213562373095,0.6,False,medium,fast,real/gradual/K=3/medium/fast/partial/imbalanced/noisy,0.009842105263157874,0.011947368421052595,minority_share,0.5
scn-f435822ac450,0,EDDM,0.7998421052631579,0.05106256499993833,9,3.0,9.0,0.0,3.0,9.0,0.0,0.0,0.0,0.0,1.0,,,1146.4444444444443,1146.4444444444443,,,0.872262066291917,10318.0,hyperplane_gauss,20000,20,0.3,0.1,3,real,gradual,894,0.1414213562373095,0.6,False,medium,fast,real/gradual/K=3/medium/fast/partial/imbalanced/noisy,-0.0027368421052631486,0.02452631578947362,magnitude,0.5
scn-f435822ac450,0,EDDM,0.7998421052631579,0.05106256499993833,9,3.0,9.0,0.0,3.0,9.0,0.0,0.0,0.0,0.0,1.0,,,1146.4444444444443,1146.4444444444443,,,0.872262066291917,10318.0,hyperplane_gauss,20000,20,0.3,0.1,3,real,gradual,894,0.1414213562373095,0.6,False,medium,fast,real/gradual/K=3/medium/fast/partial/imbalanced/noisy,-0.0027368421052631486,0.02452631578947362,affected_share,0.5
scn-f435822ac450,0,EDDM,0.7998421052631579,0.05106256499993833,9,3.0,9.0,0.0,3.0,9.0,0.0,0.0,0.0,0.0,1.0,,,1146.4444444444443,1146.4444444444443,,,0.872262066291917,10318.0,hyperplane_gauss,20000,20,0.3,0.1,3,real,gradual,894,0.1414213562373095,0.6,False,medium,fast,real/gradual/K=3/medium/fast/partial/imbalanced/noisy,-0.0027368421052631486,0.02452631578947362,width,0.5
scn-f435822ac450,0,EDDM,0.7998421052631579,0.05106256499993833,9,3.0,9.0,0.0,3.0,9.0,0.0,0.0,0.0,0.0,1.0,,,1146.4444444444443,1146.4444444444443,,,0.872262066291917,10318.0,hyperplane_gauss,20000,20,0.3,0.1,3,real,gradual,894,0.1414213562373095,0.6,False,medium,fast,real/gradual/K=3/medium/fast/partial/imbalanced/noisy,-0.0027368421052631486,0.02452631578947362,label_noise,0.5
scn-f435822ac450,0,EDDM,0.7998421052631579,0.05106256499993833,9,3.0,9.0,0.0,3.0,9.0,0.0,0.0,0.0,0.0,1.0,,,1146.4444444444443,1146.4444444444443,,,0.872262066291917,10318.0,hyperplane_gauss,20000,20,0.3,0.1,3,real,gradual,894,0.1414213562373095,0.6,False,medium,fast,real/gradual/K=3/medium/fast/partial/imbalanced/noisy,-0.0027368421052631486,0.02452631578947362,minority_share,0.5
scn-f435822ac450,0,HDDM_A,0.805,0.07983471899979122,1,3.0,1.0,1.0,2.0,0.0,0.0,1.0,0.3333333333333333,0.5,0.6666666666666667,1672.0,1672.0,inf,10318.0,inf,2.057017543859649,0.0,10318.0,hyperplane_gauss,20000,20,0.3,0.1,3,real,gradual,894,0.1414213562373095,0.6,False,medium,fast,real/gradual/K=3/medium/fast/partial/imbalanced/noisy,0.0024210526315789904,0.01936842105263148,magnitude,0.5
scn-f435822ac450,0,HDDM_A,0.805,0.07983471899979122,1,3.0,1.0,1.0,2.0,0.0,0.0,1.0,0.3333333333333333,0.5,0.6666666666666667,1672.0,1672.0,inf,10318.0,inf,2.057017543859649,0.0,10318.0,hyperplane_gauss,20000,20,0.3,0.1,3,real,gradual,894,0.1414213562373095,0.6,False,medium,fast,real/gradual/K=3/medium/fast/partial/imbalanced/noisy,0.0024210526315789904,0.01936842105263148,affected_share,0.5
scn-f435822ac450,0,HDDM_A,0.805,0.07983471899979122,1,3.0,1.0,1.0,2.0,0.0,0.0,1.0,0.3333333333333333,0.5,0.6666666666666667,1672.0,1672.0,inf,10318.0,inf,2.057017543859649,0.0,10318.0,hyperplane_gauss,20000,20,0.3,0.1,3,real,gradual,894,0.1414213562373095,0.6,False,medium,fast,real/gradual/K=3/medium/fast/partial/imbalanced/noisy,0.0024210526315789904,0.01936842105263148,width,0.5
scn-f435822ac450,0,HDDM_A,0.805,0.07983471899979122,1,3.0,1.0,1.0,2.0,0.0,0.0,1.0,0.3333333333333333,0.5,0.6666666666666667,1672.0,1672.0,inf,10318.0,inf,2.057017543859649,0.0,10318.0,hyperplane_gauss,20000,20,0.3,0.1,3,real,gradual,894,0.1414213562373095,0.6,False,medium,fast,real/gradual/K=3/medium/fast/partial/imbalanced/noisy,0.0024210526315789904,0.01936842105263148,label_noise,0.5
scn-f435822ac450,0,HDDM_A,0.805,0.07983471899979122,1,3.0,1.0,1.0,2.0,0.0,0.0,1.0,0.3333333333333333,0.5,0.6666666666666667,1672.0,1672.0,inf,10318.0,inf,2.057017543859649,0.0,10318.0,hyperplane_gauss,20000,20,0.3,0.1,3,real,gradual,894,0.1414213562373095,0.6,False,medium,fast,real/gradual/K=3/medium/fast/partial/imbalanced/noisy,0.0024210526315789904,0.01936842105263148,minority_share,0.5
scn-f435822ac450,0,HDDM_W,0.8200526315789474,0.07912757499980216,2,3.0,2.0,2.0,1.0,0.0,0.0,1.0,0.6666666666666666,0.8,0.33333333333333337,576.0,576.0,inf,10318.0,inf,11.942129629629628,0.0,10318.0,hyperplane_gauss,20000,20,0.3,0.1,3,real,gradual,894,0.1414213562373095,0.6,False,medium,fast,real/gradual/K=3/medium/fast/partial/imbalanced/noisy,0.017473684210526308,0.004315789473684162,magnitude,0.5
scn-f435822ac450,0,HDDM_W,0.8200526315789474,0.07912757499980216,2,3.0,2.0,2.0,1.0,0.0,0.0,1.0,0.6666666666666666,0.8,0.33333333333333337,576.0,576.0,inf,10318.0,inf,11.942129629629628,0.0,10318.0,hyperplane_gauss,20000,20,0.3,0.1,3,real,gradual,894,0.1414213562373095,0.6,False,medium,fast,real/gradual/K=3/medium/fast/partial/imbalanced/noisy,0.017473684210526308,0.004315789473684162,affected_share,0.5
scn-f435822ac450,0,HDDM_W,0.8200526315789474,0.07912757499980216,2,3.0,2.0,2.0,1.0,0.0,0.0,1.0,0.6666666666666666,0.8,0.33333333333333337,576.0,576.0,inf,10318.0,inf,11.942129629629628,0.0,10318.0,hyperplane_gauss,20000,20,0.3,0.1,3,real,gradual,894,0.1414213562373095,0.6,False,medium,fast,real/gradual/K=3/medium/fast/partial/imbalanced/noisy,0.017473684210526308,0.004315789473684162,width,0.5
scn-f435822ac450,0,HDDM_W,0.8200526315789474,0.07912757499980216,2,3.0,2.0,2.0,1.0,0.0,0.0,1.0,0.6666666666666666,0.8,0.33333333333333337,576.0,576.0,inf,10318.0,inf,11.942129629629628,0.0,10318.0,hyperplane_gauss,20000,20,0.3,0.1,3,real,gradual,894,0.1414213562373095,0.6,False,medium,fast,real/gradual/K=3/medium/fast/partial/imbalanced/noisy,0.017473684210526308,0.004315789473684162,label_noise,0.5
scn-f435822ac450,0,HDDM_W,0.8200526315789474,0.07912757499980216,2,3.0,2.0,2.0,1.0,0.0,0.0,1.0,0.6666666666666666,0.8,0.33333333333333337,576.0,576.0,inf,10318.0,inf,11.942129629629628,0.0,10318.0,hyperplane_gauss,20000,20,0.3,0.1,3,real,gradual,894,0.1414213562373095,0.6,False,medium,fast,real/gradual/K=3/medium/fast/partial/imbalanced/noisy,0.017473684210526308,0.004315789473684162,minority_share,0.5
scn-f435822ac450,0,FHDDM,0.8073684210526316,0.033560845000010886,1,3.0,1.0,1.0,2.0,0.0,0.0,1.0,0.3333333333333333,0.5,0.6666666666666667,1335.0,1335.0,inf,10318.0,inf,2.576279650436953,0.0,10318.0,hyperplane_gauss,20000,20,0.3,0.1,3,real,gradual,894,0.1414213562373095,0.6,False,medium,fast,real/gradual/K=3/medium/fast/partial/imbalanced/noisy,0.004789473684210566,0.016999999999999904,magnitude,0.5
scn-f435822ac450,0,FHDDM,0.8073684210526316,0.033560845000010886,1,3.0,1.0,1.0,2.0,0.0,0.0,1.0,0.3333333333333333,0.5,0.6666666666666667,1335.0,1335.0,inf,10318.0,inf,2.576279650436953,0.0,10318.0,hyperplane_gauss,20000,20,0.3,0.1,3,real,gradual,894,0.1414213562373095,0.6,False,medium,fast,real/gradual/K=3/medium/fast/partial/imbalanced/noisy,0.004789473684210566,0.016999999999999904,affected_share,0.5
scn-f435822ac450,0,FHDDM,0.8073684210526316,0.033560845000010886,1,3.0,1.0,1.0,2.0,0.0,0.0,1.0,0.3333333333333333,0.5,0.6666666666666667,1335.0,1335.0,inf,10318.0,inf,2.576279650436953,0.0,10318.0,hyperplane_gauss,20000,20,0.3,0.1,3,real,gradual,894,0.1414213562373095,0.6,False,medium,fast,real/gradual/K=3/medium/fast/partial/imbalanced/noisy,0.004789473684210566,0.016999999999999904,width,0.5
scn-f435822ac450,0,FHDDM,0.8073684210526316,0.033560845000010886,1,3.0,1.0,1.0,2.0,0.0,0.0,1.0,0.3333333333333333,0.5,0.6666666666666667,1335.0,1335.0,inf,10318.0,inf,2.576279650436953,0.0,10318.0,hyperplane_gauss,20000,20,0.3,0.1,3,real,gradual,894,0.1414213562373095,0.6,False,medium,fast,real/gradual/K=3/medium/fast/partial/imbalanced/noisy,0.004789473684210566,0.016999999999999904,label_noise,0.5
scn-f435822ac450,0,FHDDM,0.8073684210526316,0.033560845000010886,1,3.0,1.0,1.0,2.0,0.0,0.0,1.0,0.3333333333333333,0.5,0.6666666666666667,1335.0,1335.0,inf,10318.0,inf,2.576279650436953,0.0,10318.0,hyperplane_gauss,20000,20,0.3,0.1,3,real,gradual,894,0.1414213562373095,0.6,False,medium,fast,real/gradual/K=3/medium/fast/partial/imbalanced/noisy,0.004789473684210566,0.016999999999999904,minority_share,0.5
scn-f435822ac450,0,NoDrift,0.8025789473684211,0.025456219000261626,0,3.0,0.0,0.0,3.0,0.0,0.0,,0.0,0.0,1.0,,,inf,10318.0,,,0.0,10318.0,hyperplane_gauss,20000,20,0.3,0.1,3,real,gradual,894,0.1414213562373095,0.6,False,medium,fast,real/gradual/K=3/medium/fast/partial/imbalanced/noisy,0.0,0.02178947368421047,magnitude,0.5
scn-f435822ac450,0,NoDrift,0.8025789473684211,0.025456219000261626,0,3.0,0.0,0.0,3.0,0.0,0.0,,0.0,0.0,1.0,,,inf,10318.0,,,0.0,10318.0,hyperplane_gauss,20000,20,0.3,0.1,3,real,gradual,894,0.1414213562373095,0.6,False,medium,fast,real/gradual/K=3/medium/fast/partial/imbalanced/noisy,0.0,0.02178947368421047,affected_share,0.5
scn-f435822ac450,0,NoDrift,0.8025789473684211,0.025456219000261626,0,3.0,0.0,0.0,3.0,0.0,0.0,,0.0,0.0,1.0,,,inf,10318.0,,,0.0,10318.0,hyperplane_gauss,20000,20,0.3,0.1,3,real,gradual,894,0.1414213562373095,0.6,False,medium,fast,real/gradual/K=3/medium/fast/partial/imbalanced/noisy,0.0,0.02178947368421047,width,0.5
scn-f435822ac450,0,NoDrift,0.8025789473684211,0.025456219000261626,0,3.0,0.0,0.0,3.0,0.0,0.0,,0.0,0.0,1.0,,,inf,10318.0,,,0.0,10318.0,hyperplane_gauss,20000,20,0.3,0.1,3,real,gradual,894,0.1414213562373095,0.6,False,medium,fast,real/gradual/K=3/medium/fast/partial/imbalanced/noisy,0.0,0.02178947368421047,label_noise,0.5
scn-f435822ac450,0,NoDrift,0.8025789473684211,0.025456219000261626,0,3.0,0.0,0.0,3.0,0.0,0.0,,0.0,0.0,1.0,,,inf,10318.0,,,0.0,10318.0,hyperplane_gauss,20000,20,0.3,0.1,3,real,gradual,894,0.1414213562373095,0.6,False,medium,fast,real/gradual/K=3/medium/fast/partial/imbalanced/noisy,0.0,0.02178947368421047,minority_share,0.5
scn-f435822ac450,0,Periodic(2000),0.8026842105263158,0.028583996999714145,9,3.0,9.0,3.0,0.0,5.0,1.0,0.3333333333333333,1.0,0.5,0.0,1280.6666666666667,1614.0,2063.6,2063.6,1.6113482561166057,1.6113482561166057,0.4845900368288428,10318.0,hyperplane_gauss,20000,20,0.3,0.1,3,real,gradual,894,0.1414213562373095,0.6,False,medium,fast,real/gradual/K=3/medium/fast/partial/imbalanced/noisy,0.0001052631578947194,0.02168421052631575,magnitude,0.5
scn-f435822ac450,0,Periodic(2000),0.8026842105263158,0.028583996999714145,9,3.0,9.0,3.0,0.0,5.0,1.0,0.3333333333333333,1.0,0.5,0.0,1280.6666666666667,1614.0,2063.6,2063.6,1.6113482561166057,1.6113482561166057,0.4845900368288428,10318.0,hyperplane_gauss,20000,20,0.3,0.1,3,real,gradual,894,0.1414213562373095,0.6,False,medium,fast,real/gradual/K=3/medium/fast/partial/imbalanced/noisy,0.0001052631578947194,0.02168421052631575,affected_share,0.5
scn-f435822ac450,0,Periodic(2000),0.8026842105263158,0.028583996999714145,9,3.0,9.0,3.0,0.0,5.0,1.0,0.3333333333333333,1.0,0.5,0.0,1280.6666666666667,1614.0,2063.6,2063.6,1.6113482561166057,1.6113482561166057,0.4845900368288428,10318.0,hyperplane_gauss,20000,20,0.3,0.1,3,real,gradual,894,0.1414213562373095,0.6,False,medium,fast,real/gradual/K=3/medium/fast/partial/imbalanced/noisy,0.0001052631578947194,0.02168421052631575,width,0.5
scn-f435822ac450,0,Periodic(2000),0.8026842105263158,0.028583996999714145,9,3.0,9.0,3.0,0.0,5.0,1.0,0.3333333333333333,1.0,0.5,0.0,1280.6666666666667,1614.0,2063.6,2063.6,1.6113482561166057,1.6113482561166057,0.4845900368288428,10318.0,hyperplane_gauss,20000,20,0.3,0.1,3,real,gradual,894,0.1414213562373095,0.6,False,medium,fast,real/gradual/K=3/medium/fast/partial/imbalanced/noisy,0.0001052631578947194,0.02168421052631575,label_noise,0.5
scn-f435822ac450,0,Periodic(2000),0.8026842105263158,0.028583996999714145,9,3.0,9.0,3.0,0.0,5.0,1.0,0.3333333333333333,1.0,0.5,0.0,1280.6666666666667,1614.0,2063.6,2063.6,1.6113482561166057,1.6113482561166057,0.4845900368288428,10318.0,hyperplane_gauss,20000,20,0.3,0.1,3,real,gradual,894,0.1414213562373095,0.6,False,medium,fast,real/gradual/K=3/medium/fast/partial/imbalanced/noisy,0.0001052631578947194,0.02168421052631575,minority_share,0.5
scn-f435822ac450,0,Oracle,0.8243684210526315,0.03342255799998384,3,3.0,3.0,3.0,0.0,0.0,0.0,1.0,1.0,1.0,0.0,448.0,448.0,inf,10318.0,inf,23.03125,0.0,10318.0,hyperplane_gauss,20000,20,0.3,0.1,3,real,gradual,894,0.1414213562373095,0.6,False,medium,fast,real/gradual/K=3/medium/fast/partial/imbalanced/noisy,0.02178947368421047,-0.0,magnitude,0.5
scn-f435822ac450,0,Oracle,0.8243684210526315,0.03342255799998384,3,3.0,3.0,3.0,0.0,0.0,0.0,1.0,1.0,1.0,0.0,448.0,448.0,inf,10318.0,inf,23.03125,0.0,10318.0,hyperplane_gauss,20000,20,0.3,0.1,3,real,gradual,894,0.1414213562373095,0.6,False,medium,fast,real/gradual/K=3/medium/fast/partial/imbalanced/noisy,0.02178947368421047,-0.0,affected_share,0.5
scn-f435822ac450,0,Oracle,0.8243684210526315,0.03342255799998384,3,3.0,3.0,3.0,0.0,0.0,0.0,1.0,1.0,1.0,0.0,448.0,448.0,inf,10318.0,inf,23.03125,0.0,10318.0,hyperplane_gauss,20000,20,0.3,0.1,3,real,gradual,894,0.1414213562373095,0.6,False,medium,fast,real/gradual/K=3/medium/fast/partial/imbalanced/noisy,0.02178947368421047,-0.0,width,0.5
scn-f435822ac450,0,Oracle,0.8243684210526315,0.03342255799998384,3,3.0,3.0,3.0,0.0,0.0,0.0,1.0,1.0,1.0,0.0,448.0,448.0,inf,10318.0,inf,23.03125,0.0,10318.0,hyperplane_gauss,20000,20,0.3,0.1,3,real,gradual,894,0.1414213562373095,0.6,False,medium,fast,real/gradual/K=3/medium/fast/partial/imbalanced/noisy,0.02178947368421047,-0.0,label_noise,0.5
scn-f435822ac450,0,Oracle,0.8243684210526315,0.03342255799998384,3,3.0,3.0,3.0,0.0,0.0,0.0,1.0,1.0,1.0,0.0,448.0,448.0,inf,10318.0,inf,23.03125,0.0,10318.0,hyperplane_gauss,20000,20,0.3,0.1,3,real,gradual,894,0.1414213562373095,0.6,False,medium,fast,real/gradual/K=3/medium/fast/partial/imbalanced/noisy,0.02178947368421047,-0.0,minority_share,0.5
scn-483601d073a3,1,ADWIN,0.8180526315789474,0.034038501999930304,1,3.0,1.0,1.0,2.0,0.0,0.0,1.0,0.3333333333333333,0.5,0.6666666666666667,2254.0,2254.0,inf,10318.0,inf,1.5258799171842645,0.0,10318.0,hyperplane_gauss,20000,20,0.3,0.1,3,real,gradual,894,0.1414213562373095,0.6,False,medium,fast,real/gradual/K=3/medium/fast/partial/imbalanced/noisy,0.005368421052631578,0.014947368421052598,magnitude,0.5
scn-483601d073a3,1,ADWIN,0.8180526315789474,0.034038501999930304,1,3.0,1.0,1.0,2.0,0.0,0.0,1.0,0.3333333333333333,0.5,0.6666666666666667,2254.0,2254.0,inf,10318.0,inf,1.5258799171842645,0.0,10318.0,hyperplane_gauss,20000,20,0.3,0.1,3,real,gradual,894,0.1414213562373095,0.6,False,medium,fast,real/gradual/K=3/medium/fast/partial/imbalanced/noisy,0.005368421052631578,0.014947368421052598,affected_share,0.5
scn-483601d073a3,1,ADWIN,0.8180526315789474,0.034038501999930304,1,3.0,1.0,1.0,2.0,0.0,0.0,1.0,0.3333333333333333,0.5,0.6666666666666667,2254.0,2254.0,inf,10318.0,inf,1.5258799171842645,0.0,10318.0,hyperplane_gauss,20000,20,0.3,0.1,3,real,gradual,894,0.1414213562373095,0.6,False,medium,fast,real/gradual/K=3/medium/fast/partial/imbalanced/noisy,0.005368421052631578,0.014947368421052598,width,0.5
scn-483601d073a3,1,ADWIN,0.8180526315789474,0.034038501999930304,1,3.0,1.0,1.0,2.0,0.0,0.0,1.0,0.3333333333333333,0.5,0.6666666666666667,2254.0,2254.0,inf,10318.0,inf,1.5258799171842645,0.0,10318.0,hyperplane_gauss,20000,20,0.3,0.1,3,real,gradual,894,0.1414213562373095,0.6,False,medium,fast,real/gradual/K=3/medium/fast/partial/imbalanced/noisy,0.005368421052631578,0.014947368421052598,label_noise,0.5
scn-483601d073a3,1,ADWIN,0.8180526315789474,0.034038501999930304,1,3.0,1.0,1.0,2.0,0.0,0.0,1.0,0.3333333333333333,0.5,0.6666666666666667,2254.0,2254.0,inf,10318.0,inf,1.5258799171842645,0.0,10318.0,hyperplane_gauss,20000,20,0.3,0.1,3,real,gradual,894,0.1414213562373095,0.6,False,medium,fast,real/gradual/K=3/medium/fast/partial/imbalanced/noisy,0.005368421052631578,0.014947368421052598,minority_share,0.5
scn-483601d073a3,1,PageHinkley,0.8031578947368421,0.05325351099963882,11,3.0,11.0,2.0,1.0,6.0,3.0,0.18181818181818182,0.6666666666666666,0.28571428571428575,0.33333333333333337,252.5,252.5,1719.6666666666667,1719.6666666666667,4.5403740374037405,4.5403740374037405,0.5815080441946113,10318.0,hyperplane_gauss,20000,20,0.3,0.1,3,real,gradual,894,0.1414213562373095,0.6,False,medium,fast,real/gradual/K=3/medium/fast/partial/imbalanced/noisy,-0.009526315789473716,0.029842105263157892,magnitude,0.5
scn-483601d073a3,1,PageHinkley,0.8031578947368421,0.05325351099963882,11,3.0,11.0,2.0,1.0,6.0,3.0,0.18181818181818182,0.6666666666666666,0.28571428571428575,0.33333333333333337,252.5,252.5,1719.6666666666667,1719.6666666666667,4.5403740374037405,4.5403740374037405,0.5815080441946113,10318.0,hyperplane_gauss,20000,20,0.3,0.1,3,real,gradual,894,0.1414213562373095,0.6,False,medium,fast,real/gradual/K=3/medium/fast/partial/imbalanced/noisy,-0.009526315789473716,0.029842105263157892,affected_share,0.5
scn-483601d073a3,1,PageHinkley,0.8031578947368421,0.05325351099963882,11,3.0,11.0,2.0,1.0,6.0,3.0,0.18181818181818182,0.6666666666666666,0.28571428571428575,0.33333333333333337,252.5,252.5,1719.6666666666667,1719.6666666666667,4.5403740374037405,4.5403740374037405,0.5815080441946113,10318.0,hyperplane_gauss,20000,20,0.3,0.1,3,real,gradual,894,0.1414213562373095,0.6,False,medium,fast,real/gradual/K=3/medium/fast/partial/imbalanced/noisy,-0.009526315789473716,0.029842105263157892,width,0.5
scn-483601d073a3,1,PageHinkley,0.8031578947368421,0.05325351099963882,11,3.0,11.0,2.0,1.0,6.0,3.0,0.18181818181818182,0.6666666666666666,0.28571428571428575,0.33333333333333337,252.5,252.5,1719.6666666666667,1719.6666666666667,4.5403740374037405,4.5403740374037405,0.5815080441946113,10318.0,hyperplane_gauss,20000,20,0.3,0.1,3,real,gradual,894,0.1414213562373095,0.6,False,medium,fast,real/gradual/K=3/medium/fast/partial/imbalanced/noisy,-0.009526315789473716,0.029842105263157892,label_noise,0.5
scn-483601d073a3,1,PageHinkley,0.8031578947368421,0.05325351099963882,11,3.0,11.0,2.0,1.0,6.0,3.0,0.18181818181818182,0.6666666666666666,0.28571428571428575,0.33333333333333337,252.5,252.5,1719.6666666666667,1719.6666666666667,4.5403740374037405,4.5403740374037405,0.5815080441946113,10318.0,hyperplane_gauss,20000,20,0.3,0.1,3,real,gradual,894,0.1414213562373095,0.6,False,medium,fast,real/gradual/K=3/medium/fast/partial/imbalanced/noisy,-0.009526315789473716,0.029842105263157892,minority_share,0.5
scn-483601d073a3,1,PageHinkley-up,0.8170526315789474,0.04059015900020313,2,3.0,2.0,1.0,2.0,1.0,0.0,0.5,0.3333333333333333,0.4,0.6666666666666667,2371.0,2371.0,10318.0,10318.0,1.4505834387740755,1.4505834387740755,0.09691800736576855,10318.0,hyperplane_gauss,20000,20,0.3,0.1,3,real,gradual,894,0.1414213562373095,0.6,False,medium,fast,real/gradual/K=3/medium/fast/partial/imbalanced/noisy,0.004368421052631577,0.0159473684210526,magnitude,0.5
scn-483601d073a3,1,PageHinkley-up,0.8170526315789474,0.04059015900020313,2,3.0,2.0,1.0,2.0,1.0,0.0,0.5,0.3333333333333333,0.4,0.6666666666666667,2371.0,2371.0,10318.0,10318.0,1.4505834387740755,1.4505834387740755,0.09691800736576855,10318.0,hyperplane_gauss,20000,20,0.3,0.1,3,real,gradual,894,0.1414213562373095,0.6,False,medium,fast,real/gradual/K=3/medium/fast/partial/imbalanced/noisy,0.004368421052631577,0.0159473684210526,affected_share,0.5
scn-483601d073a3,1,PageHinkley-up,0.8170526315789474,0.04059015900020313,2,3.0,2.0,1.0,2.0,1.0,0.0,0.5,0.3333333333333333,0.4,0.6666666666666667,2371.0,2371.0,10318.0,10318.0,1.4505834387740755,1.4505834387740755,0.09691800736576855,10318.0,hyperplane_gauss,20000,20,0.3,0.1,3,real,gradual,894,0.1414213562373095,0.6,False,medium,fast,real/gradual/K=3/medium/fast/partial/imbalanced/noisy,0.004368421052631577,0.0159473684210526,width,0.5
scn-483601d073a3,1,PageHinkley-up,0.8170526315789474,0.04059015900020313,2,3.0,2.0,1.0,2.0,1.0,0.0,0.5,0.3333333333333333,0.4,0.6666666666666667,2371.0,2371.0,10318.0,10318.0,1.4505834387740755,1.4505834387740755,0.09691800736576855,10318.0,hyperplane_gauss,20000,20,0.3,0.1,3,real,gradual,894,0.1414213562373095,0.6,False,medium,fast,real/gradual/K=3/medium/fast/partial/imbalanced/noisy,0.004368421052631577,0.0159473684210526,label_noise,0.5
scn-483601d073a3,1,PageHinkley-up,0.8170526315789474,0.04059015900020313,2,3.0,2.0,1.0,2.0,1.0,0.0,0.5,0.3333333333333333,0.4,0.6666666666666667,2371.0,2371.0,10318.0,10318.0,1.4505834387740755,1.4505834387740755,0.09691800736576855,10318.0,hyperplane_gauss,20000,20,0.3,0.1,3,real,gradual,894,0.1414213562373095,0.6,False,medium,fast,real/gradual/K=3/medium/fast/partial/imbalanced/noisy,0.004368421052631577,0.0159473684210526,minority_share,0.5
scn-483601d073a3,1,DDM,0.8126842105263158,0.03669666300038443,0,3.0,0.0,0.0,3.0,0.0,0.0,,0.0,0.0,1.0,,,inf,10318.0,,,0.0,10318.0,hyperplane_gauss,20000,20,0.3,0.1,3,real,gradual,894,0.1414213562373095,0.6,False,medium,fast,real/gradual/K=3/medium/fast/partial/imbalanced/noisy,0.0,0.020315789473684176,magnitude,0.5
scn-483601d073a3,1,DDM,0.8126842105263158,0.03669666300038443,0,3.0,0.0,0.0,3.0,0.0,0.0,,0.0,0.0,1.0,,,inf,10318.0,,,0.0,10318.0,hyperplane_gauss,20000,20,0.3,0.1,3,real,gradual,894,0.1414213562373095,0.6,False,medium,fast,real/gradual/K=3/medium/fast/partial/imbalanced/noisy,0.0,0.020315789473684176,affected_share,0.5
scn-483601d073a3,1,DDM,0.8126842105263158,0.03669666300038443,0,3.0,0.0,0.0,3.0,0.0,0.0,,0.0,0.0,1.0,,,inf,10318.0,,,0.0,10318.0,hyperplane_gauss,20000,20,0.3,0.1,3,real,gradual,894,0.1414213562373095,0.6,False,medium,fast,real/gradual/K=3/medium/fast/partial/imbalanced/noisy,0.0,0.020315789473684176,width,0.5
scn-483601d073a3,1,DDM,0.8126842105263158,0.03669666300038443,0,3.0,0.0,0.0,3.0,0.0,0.0,,0.0,0.0,1.0,,,inf,10318.0,,,0.0,10318.0,hyperplane_gauss,20000,20,0.3,0.1,3,real,gradual,894,0.1414213562373095,0.6,False,medium,fast,real/gradual/K=3/medium/fast/partial/imbalanced/noisy,0.0,0.020315789473684176,label_noise,0.5
scn-483601d073a3,1,DDM,0.8126842105263158,0.03669666300038443,0,3.0,0.0,0.0,3.0,0.0,0.0,,0.0,0.0,1.0,,,inf,10318.0,,,0.0,10318.0,hyperplane_gauss,20000,20,0.3,0.1,3,real,gradual,894,0.1414213562373095,0.6,False,medium,fast,real/gradual/K=3/medium/fast/partial/imbalanced/noisy,0.0,0.020315789473684176,minority_share,0.5
scn-483601d073a3,1,EDDM,0.8056315789473685,0.04408142200009024,7,3.0,7.0,0.0,3.0,7.0,0.0,0.0,0.0,0.0,1.0,,,1474.0,1474.0,,,0.6784260515603799,10318.0,hyperplane_gauss,20000,20,0.3,0.1,3,real,gradual,894,0.1414213562373095,0.6,False,medium,fast,real/gradual/K=3/medium/fast/partial/imbalanced/noisy,-0.00705263157894731,0.027368421052631486,magnitude,0.5
scn-483601d073a3,1,EDDM,0.8056315789473685,0.04408142200009024,7,3.0,7.0,0.0,3.0,7.0,0.0,0.0,0.0,0.0,1.0,,,1474.0,1474.0,,,0.6784260515603799,10318.0,hyperplane_gauss,20000,20,0.3,0.1,3,real,gradual,894,0.1414213562373095,0.6,False,medium,fast,real/gradual/K=3/medium/fast/partial/imbalanced/noisy,-0.00705263157894731,0.027368421052631486,affected_share,0.5
scn-483601d073a3,1,EDDM,0.8056315789473685,0.04408142200009024,7,3.0,7.0,0.0,3.0,7.0,0.0,0.0,0.0,0.0,1.0,,,1474.0,1474.0,,,0.6784260515603799,10318.0,hyperplane_gauss,20000,20,0.3,0.1,3,real,gradual,894,0.1414213562373095,0.6,False,medium,fast,real/gradual/K=3/medium/fast/partial/imbalanced/noisy,-0.00705263157894731,0.027368421052631486,width,0.5
scn-483601d073a3,1,EDDM,0.8056315789473685,0.04408142200009024,7,3.0,7.0,0.0,3.0,7.0,0.0,0.0,0.0,0.0,1.0,,,1474.0,1474.0,,,0.6784260515603799,10318.0,hyperplane_gauss,20000,20,0.3,0.1,3,real,gradual,894,0.1414213562373095,0.6,False,medium,fast,real/gradual/K=3/medium/fast/partial/imbalanced/noisy,-0.00705263157894731,0.027368421052631486,label_noise,0.5
scn-483601d073a3,1,EDDM,0.8056315789473685,0.04408142200009024,7,3.0,7.0,0.0,3.0,7.0,0.0,0.0,0.0,0.0,1.0,,,1474.0,1474.0,,,0.6784260515603799,10318.0,hyperplane_gauss,20000,20,0.3,0.1,3,real,gradual,894,0.1414213562373095,0.6,False,medium,fast,real/gradual/K=3/medium/fast/partial/imbalanced/noisy,-0.00705263157894731,0.027368421052631486,minority_share,0.5
scn-483601d073a3,1,HDDM_A,0.8162105263157895,0.07933270500006984,1,3.0,1.0,1.0,2.0,0.0,0.0,1.0,0.3333333333333333,0.5,0.6666666666666667,2648.0,2648.0,inf,10318.0,inf,1.2988418932527692,0.0,10318.0,hyperplane_gauss,20000,20,0.3,0.1,3,real,gradual,894,0.1414213562373095,0.6,False,medium,fast,real/gradual/K=3/medium/fast/partial/imbalanced/noisy,0.0035263157894737107,0.016789473684210465,magnitude,0.5
scn-483601d073a3,1,HDDM_A,0.8162105263157895,0.07933270500006984,1,3.0,1.0,1.0,2.0,0.0,0.0,1.0,0.3333333333333333,0.5,0.6666666666666667,2648.0,2648.0,inf,10318.0,inf,1.2988418932527692,0.0,10318.0,hyperplane_gauss,20000,20,0.3,0.1,3,real,gradual,894,0.1414213562373095,0.6,False,medium,fast,real/gradual/K=3/medium/fast/partial/imbalanced/noisy,0.0035263157894737107,0.016789473684210465,affected_share,0.5
scn-483601d073a3,1,HDDM_A,0.8162105263157895,0.07933270500006984,1,3.0,1.0,1.0,2.0,0.0,0.0,1.0,0.3333333333333333,0.5,0.6666666666666667,2648.0,2648.0,inf,10318.0,inf,1.2988418932527692,0.0,10318.0,hyperplane_gauss,20000,20,0.3,0.1,3,real,gradual,894,0.1414213562373095,0.6,False,medium,fast,real/gradual/K=3/medium/fast/partial/imbalanced/noisy,0.0035263157894737107,0.016789473684210465,width,0.5
scn-483601d073a3,1,HDDM_A,0.8162105263157895,0.07933270500006984,1,3.0,1.0,1.0,2.0,0.0,0.0,1.0,0.3333333333333333,0.5,0.6666666666666667,2648.0,2648.0,inf,10318.0,inf,1.2988418932527692,0.0,10318.0,hyperplane_gauss,20000,20,0.3,0.1,3,real,gradual,894,0.1414213562373095,0.6,False,medium,fast,real/gradual/K=3/medium/fast/partial/imbalanced/noisy,0.0035263157894737107,0.016789473684210465,label_noise,0.5
scn-483601d073a3,1,HDDM_A,0.8162105263157895,0.07933270500006984,1,3.0,1.0,1.0,2.0,0.0,0.0,1.0,0.3333333333333333,0.5,0.6666666666666667,2648.0,2648.0,inf,10318.0,inf,1.2988418932527692,0.0,10318.0,hyperplane_gauss,20000,20,0.3,0.1,3,real,gradual,894,0.1414213562373095,0.6,False,medium,fast,real/gradual/K=3/medium/fast/partial/imbalanced/noisy,0.0035263157894737107,0.016789473684210465,minority_share,0.5
scn-483601d073a3,1,HDDM_W,0.8264736842105264,0.08396925399983957,2,3.0,2.0,2.0,1.0,0.0,0.0,1.0,0.6666666666666666,0.8,0.33333333333333337,468.5,468.5,inf,10318.0,inf,14.682319459267164,0.0,10318.0,hyperplane_gauss,20000,20,0.3,0.1,3,real,gradual,894,0.1414213562373095,0.6,False,medium,fast,real/gradual/K=3/medium/fast/partial/imbalanced/noisy,0.013789473684210574,0.006526315789473602,magnitude,0.5
scn-483601d073a3,1,HDDM_W,0.8264736842105264,0.08396925399983957,2,3.0,2.0,2.0,1.0,0.0,0.0,1.0,0.6666666666666666,0.8,0.33333333333333337,468.5,468.5,inf,10318.0,inf,14.682319459267164,0.0,10318.0,hyperplane_gauss,20000,20,0.3,0.1,3,real,gradual,894,0.1414213562373095,0.6,False,medium,fast,real/gradual/K=3/medium/fast/partial/imbalanced/noisy,0.013789473684210574,0.006526315789473602,affected_share,0.5
scn-483601d073a3,1,HDDM_W,0.8264736842105264,0.08396925399983957,2,3.0,2.0,2.0,1.0,0.0,0.0,1.0,0.6666666666666666,0.8,0.33333333333333337,468.5,468.5,inf,10318.0,inf,14.682319459267164,0.0,10318.0,hyperplane_gauss,20000,20,0.3,0.1,3,real,gradual,894,0.1414213562373095,0.6,False,medium,fast,real/gradual/K=3/medium/fast/partial/imbalanced/noisy,0.013789473684210574,0.006526315789473602,width,0.5
scn-483601d073a3,1,HDDM_W,0.8264736842105264,0.08396925399983957,2,3.0,2.0,2.0,1.0,0.0,0.0,1.0,0.6666666666666666,0.8,0.33333333333333337,468.5,468.5,inf,10318.0,inf,14.682319459267164,0.0,10318.0,hyperplane_gauss,20000,20,0.3,0.1,3,real,gradual,894,0.1414213562373095,0.6,False,medium,fast,real/gradual/K=3/medium/fast/partial/imbalanced/noisy,0.013789473684210574,0.006526315789473602,label_noise,0.5
scn-483601d073a3,1,HDDM_W,0.8264736842105264,0.08396925399983957,2,3.0,2.0,2.0,1.0,0.0,0.0,1.0,0.6666666666666666,0.8,0.33333333333333337,468.5,468.5,inf,10318.0,inf,14.682319459267164,0.0,10318.0,hyperplane_gauss,20000,20,0.3,0.1,3,real,gradual,894,0.1414213562373095,0.6,False,medium,fast,real/gradual/K=3/medium/fast/partial/imbalanced/noisy,0.013789473684210574,0.006526315789473602,minority_share,0.5
scn-483601d073a3,1,FHDDM,0.8222631578947368,0.03435743000000002,1,3.0,1.0,1.0,2.0,0.0,0.0,1.0,0.3333333333333333,0.5,0.6666666666666667,906.0,906.0,inf,10318.0,inf,3.7961736571008085,0.0,10318.0,hyperplane_gauss,20000,20,0.3,0.1,3,real,gradual,894,0.1414213562373095,0.6,False,medium,fast,real/gradual/K=3/medium/fast/partial/imbalanced/noisy,0.00957894736842102,0.010736842105263156,magnitude,0.5
scn-483601d073a3,1,FHDDM,0.8222631578947368,0.03435743000000002,1,3.0,1.0,1.0,2.0,0.0,0.0,1.0,0.3333333333333333,0.5,0.6666666666666667,906.0,906.0,inf,10318.0,inf,3.7961736571008085,0.0,10318.0,hyperplane_gauss,20000,20,0.3,0.1,3,real,gradual,894,0.1414213562373095,0.6,False,medium,fast,real/gradual/K=3/medium/fast/partial/imbalanced/noisy,0.00957894736842102,0.010736842105263156,affected_share,0.5
scn-483601d073a3,1,FHDDM,0.8222631578947368,0.03435743000000002,1,3.0,1.0,1.0,2.0,0.0,0.0,1.0,0.3333333333333333,0.5,0.6666666666666667,906.0,906.0,inf,10318.0,inf,3.7961736571008085,0.0,10318.0,hyperplane_gauss,20000,20,0.3,0.1,3,real,gradual,894,0.1414213562373095,0.6,False,medium,fast,real/gradual/K=3/medium/fast/partial/imbalanced/noisy,0.00957894736842102,0.010736842105263156,width,0.5
scn-483601d073a3,1,FHDDM,0.8222631578947368,0.03435743000000002,1,3.0,1.0,1.0,2.0,0.0,0.0,1.0,0.3333333333333333,0.5,0.6666666666666667,906.0,906.0,inf,10318.0,inf,3.7961736571008085,0.0,10318.0,hyperplane_gauss,20000,20,0.3,0.1,3,real,gradual,894,0.1414213562373095,0.6,False,medium,fast,real/gradual/K=3/medium/fast/partial/imbalanced/noisy,0.00957894736842102,0.010736842105263156,label_noise,0.5
scn-483601d073a3,1,FHDDM,0.8222631578947368,0.03435743000000002,1,3.0,1.0,1.0,2.0,0.0,0.0,1.0,0.3333333333333333,0.5,0.6666666666666667,906.0,906.0,inf,10318.0,inf,3.7961736571008085,0.0,10318.0,hyperplane_gauss,20000,20,0.3,0.1,3,real,gradual,894,0.1414213562373095,0.6,False,medium,fast,real/gradual/K=3/medium/fast/partial/imbalanced/noisy,0.00957894736842102,0.010736842105263156,minority_share,0.5
scn-483601d073a3,1,NoDrift,0.8126842105263158,0.02810003400009009,0,3.0,0.0,0.0,3.0,0.0,0.0,,0.0,0.0,1.0,,,inf,10318.0,,,0.0,10318.0,hyperplane_gauss,20000,20,0.3,0.1,3,real,gradual,894,0.1414213562373095,0.6,False,medium,fast,real/gradual/K=3/medium/fast/partial/imbalanced/noisy,0.0,0.020315789473684176,magnitude,0.5
scn-483601d073a3,1,NoDrift,0.8126842105263158,0.02810003400009009,0,3.0,0.0,0.0,3.0,0.0,0.0,,0.0,0.0,1.0,,,inf,10318.0,,,0.0,10318.0,hyperplane_gauss,20000,20,0.3,0.1,3,real,gradual,894,0.1414213562373095,0.6,False,medium,fast,real/gradual/K=3/medium/fast/partial/imbalanced/noisy,0.0,0.020315789473684176,affected_share,0.5
scn-483601d073a3,1,NoDrift,0.8126842105263158,0.02810003400009009,0,3.0,0.0,0.0,3.0,0.0,0.0,,0.0,0.0,1.0,,,inf,10318.0,,,0.0,10318.0,hyperplane_gauss,20000,20,0.3,0.1,3,real,gradual,894,0.1414213562373095,0.6,False,medium,fast,real/gradual/K=3/medium/fast/partial/imbalanced/noisy,0.0,0.020315789473684176,width,0.5
scn-483601d073a3,1,NoDrift,0.8126842105263158,0.02810003400009009,0,3.0,0.0,0.0,3.0,0.0,0.0,,0.0,0.0,1.0,,,inf,10318.0,,,0.0,10318.0,hyperplane_gauss,20000,20,0.3,0.1,3,real,gradual,894,0.1414213562373095,0.6,False,medium,fast,real/gradual/K=3/medium/fast/partial/imbalanced/noisy,0.0,0.020315789473684176,label_noise,0.5
scn-483601d073a3,1,NoDrift,0.8126842105263158,0.02810003400009009,0,3.0,0.0,0.0,3.0,0.0,0.0,,0.0,0.0,1.0,,,inf,10318.0,,,0.0,10318.0,hyperplane_gauss,20000,20,0.3,0.1,3,real,gradual,894,0.1414213562373095,0.6,False,medium,fast,real/gradual/K=3/medium/fast/partial/imbalanced/noisy,0.0,0.020315789473684176,minority_share,0.5
scn-483601d073a3,1,Periodic(2000),0.8115263157894737,0.03012345000024652,9,3.0,9.0,3.0,0.0,5.0,1.0,0.3333333333333333,1.0,0.5,0.0,1280.6666666666667,1614.0,2063.6,2063.6,1.6113482561166057,1.6113482561166057,0.4845900368288428,10318.0,hyperplane_gauss,20000,20,0.3,0.1,3,real,gradual,894,0.1414213562373095,0.6,False,medium,fast,real/gradual/K=3/medium/fast/partial/imbalanced/noisy,-0.0011578947368421355,0.02147368421052631,magnitude,0.5
scn-483601d073a3,1,Periodic(2000),0.8115263157894737,0.03012345000024652,9,3.0,9.0,3.0,0.0,5.0,1.0,0.3333333333333333,1.0,0.5,0.0,1280.6666666666667,1614.0,2063.6,2063.6,1.6113482561166057,1.6113482561166057,0.4845900368288428,10318.0,hyperplane_gauss,20000,20,0.3,0.1,3,real,gradual,894,0.1414213562373095,0.6,False,medium,fast,real/gradual/K=3/medium/fast/partial/imbalanced/noisy,-0.0011578947368421355,0.02147368421052631,affected_share,0.5
scn-483601d073a3,1,Periodic(2000),0.8115263157894737,0.03012345000024652,9,3.0,9.0,3.0,0.0,5.0,1.0,0.3333333333333333,1.0,0.5,0.0,1280.6666666666667,1614.0,2063.6,2063.6,1.6113482561166057,1.6113482561166057,0.4845900368288428,10318.0,hyperplane_gauss,20000,20,0.3,0.1,3,real,gradual,894,0.1414213562373095,0.6,False,medium,fast,real/gradual/K=3/medium/fast/partial/imbalanced/noisy,-0.0011578947368421355,0.02147368421052631,width,0.5
scn-483601d073a3,1,Periodic(2000),0.8115263157894737,0.03012345000024652,9,3.0,9.0,3.0,0.0,5.0,1.0,0.3333333333333333,1.0,0.5,0.0,1280.6666666666667,1614.0,2063.6,2063.6,1.6113482561166057,1.6113482561166057,0.4845900368288428,10318.0,hyperplane_gauss,20000,20,0.3,0.1,3,real,gradual,894,0.1414213562373095,0.6,False,medium,fast,real/gradual/K=3/medium/fast/partial/imbalanced/noisy,-0.0011578947368421355,0.02147368421052631,label_noise,0.5
scn-483601d073a3,1,Periodic(2000),0.8115263157894737,0.03012345000024652,9,3.0,9.0,3.0,0.0,5.0,1.0,0.3333333333333333,1.0,0.5,0.0,1280.6666666666667,1614.0,2063.6,2063.6,1.6113482561166057,1.6113482561166057,0.4845900368288428,10318.0,hyperplane_gauss,20000,20,0.3,0.1,3,real,gradual,894,0.1414213562373095,0.6,False,medium,fast,real/gradual/K=3/medium/fast/partial/imbalanced/noisy,-0.0011578947368421355,0.02147368421052631,minority_share,0.5
scn-483601d073a3,1,Oracle,0.833,0.035163149000254634,3,3.0,3.0,3.0,0.0,0.0,0.0,1.0,1.0,1.0,0.0,448.0,448.0,inf,10318.0,inf,23.03125,0.0,10318.0,hyperplane_gauss,20000,20,0.3,0.1,3,real,gradual,894,0.1414213562373095,0.6,False,medium,fast,real/gradual/K=3/medium/fast/partial/imbalanced/noisy,0.020315789473684176,-0.0,magnitude,0.5
scn-483601d073a3,1,Oracle,0.833,0.035163149000254634,3,3.0,3.0,3.0,0.0,0.0,0.0,1.0,1.0,1.0,0.0,448.0,448.0,inf,10318.0,inf,23.03125,0.0,10318.0,hyperplane_gauss,20000,20,0.3,0.1,3,real,gradual,894,0.1414213562373095,0.6,False,medium,fast,real/gradual/K=3/medium/fast/partial/imbalanced/noisy,0.020315789473684176,-0.0,affected_share,0.5
scn-483601d073a3,1,Oracle,0.833,0.035163149000254634,3,3.0,3.0,3.0,0.0,0.0,0.0,1.0,1.0,1.0,0.0,448.0,448.0,inf,10318.0,inf,23.03125,0.0,10318.0,hyperplane_gauss,20000,20,0.3,0.1,3,real,gradual,894,0.1414213562373095,0.6,False,medium,fast,real/gradual/K=3/medium/fast/partial/imbalanced/noisy,0.020315789473684176,-0.0,width,0.5
scn-483601d073a3,1,Oracle,0.833,0.035163149000254634,3,3.0,3.0,3.0,0.0,0.0,0.0,1.0,1.0,1.0,0.0,448.0,448.0,inf,10318.0,inf,23.03125,0.0,10318.0,hyperplane_gauss,20000,20,0.3,0.1,3,real,gradual,894,0.1414213562373095,0.6,False,medium,fast,real/gradual/K=3/medium/fast/partial/imbalanced/noisy,0.020315789473684176,-0.0,label_noise,0.5
scn-483601d073a3,1,Oracle,0.833,0.035163149000254634,3,3.0,3.0,3.0,0.0,0.0,0.0,1.0,1.0,1.0,0.0,448.0,448.0,inf,10318.0,inf,23.03125,0.0,10318.0,hyperplane_gauss,20000,20,0.3,0.1,3,real,gradual,894,0.1414213562373095,0.6,False,medium,fast,real/gradual/K=3/medium/fast/partial/imbalanced/noisy,0.020315789473684176,-0.0,minority_share,0.5
scn-9d8adab7bff3,2,ADWIN,0.8152105263157895,0.03520519999983662,3,3.0,3.0,2.0,1.0,0.0,1.0,0.6666666666666666,0.6666666666666666,0.6666666666666666,0.33333333333333337,1356.5,1356.5,inf,10318.0,inf,5.070893230126551,0.0,10318.0,hyperplane_gauss,20000,20,0.3,0.1,3,real,gradual,894,0.1414213562373095,0.6,False,medium,fast,real/gradual/K=3/medium/fast/partial/imbalanced/noisy,0.014789473684210575,0.015368421052631587,magnitude,0.5
scn-9d8adab7bff3,2,ADWIN,0.8152105263157895,0.03520519999983662,3,3.0,3.0,2.0,1.0,0.0,1.0,0.6666666666666666,0.6666666666666666,0.6666666666666666,0.33333333333333337,1356.5,1356.5,inf,10318.0,inf,5.070893230126551,0.0,10318.0,hyperplane_gauss,20000,20,0.3,0.1,3,real,gradual,894,0.1414213562373095,0.6,False,medium,fast,real/gradual/K=3/medium/fast/partial/imbalanced/noisy,0.014789473684210575,0.015368421052631587,affected_share,0.5
scn-9d8adab7bff3,2,ADWIN,0.8152105263157895,0.03520519999983662,3,3.0,3.0,2.0,1.0,0.0,1.0,0.6666666666666666,0.6666666666666666,0.6666666666666666,0.33333333333333337,1356.5,1356.5,inf,10318.0,inf,5.070893230126551,0.0,10318.0,hyperplane_gauss,20000,20,0.3,0.1,3,real,gradual,894,0.1414213562373095,0.6,False,medium,fast,real/gradual/K=3/medium/fast/partial/imbalanced/noisy,0.014789473684210575,0.015368421052631587,width,0.5
scn-9d8adab7bff3,2,ADWIN,0.8152105263157895,0.03520519999983662,3,3.0,3.0,2.0,1.0,0.0,1.0,0.6666666666666666,0.6666666666666666,0.6666666666666666,0.33333333333333337,1356.5,1356.5,inf,10318.0,inf,5.070893230126551,0.0,10318.0,hyperplane_gauss,20000,20,0.3,0.1,3,real,gradual,894,0.1414213562373095,0.6,False,medium,fast,real/gradual/K=3/medium/fast/partial/imbalanced/noisy,0.014789473684210575,0.015368421052631587,label_noise,0.5
scn-9d8adab7bff3,2,ADWIN,0.8152105263157895,0.03520519999983662,3,3.0,3.0,2.0,1.0,0.0,1.0,0.6666666666666666,0.6666666666666666,0.6666666666666666,0.33333333333333337,1356.5,1356.5,inf,10318.0,inf,5.070893230126551,0.0,10318.0,hyperplane_gauss,20000,20,0.3,0.1,3,real,gradual,894,0.1414213562373095,0.6,False,medium,fast,real/gradual/K=3/medium/fast/partial/imbalanced/noisy,0.014789473684210575,0.015368421052631587,minority_share,0.5
scn-9d8adab7bff3,2,PageHinkley,0.7956842105263158,0.04842296200013152,13,3.0,13.0,3.0,0.0,8.0,2.0,0.23076923076923078,1.0,0.375,0.0,1254.0,1544.0,1289.75,1289.75,1.0285087719298245,1.0285087719298245,0.7753440589261484,10318.0,hyperplane_gauss,20000,20,0.3,0.1,3,real,gradual,894,0.1414213562373095,0.6,False,medium,fast,real/gradual/K=3/medium/fast/partial/imbalanced/noisy,-0.00473684210526315,0.03489473684210531,magnitude,0.5
scn-9d8adab7bff3,2,PageHinkley,0.7956842105263158,0.04842296200013152,13,3.0,13.0,3.0,0.0,8.0,2.0,0.23076923076923078,1.0,0.375,0.0,1254.0,1544.0,1289.75,1289.75,1.0285087719298245,1.0285087719298245,0.7753440589261484,10318.0,hyperplane_gauss,20000,20,0.3,0.1,3,real,gradual,894,0.1414213562373095,0.6,False,medium,fast,real/gradual/K=3/medium/fast/partial/imbalanced/noisy,-0.00473684210526315,0.03489473684210531,affected_share,0.5
scn-9d8adab7bff3,2,PageHinkley,0.7956842105263158,0.04842296200013152,13,3.0,13.0,3.0,0.0,8.0,2.0,0.23076923076923078,1.0,0.375,0.0,1254.0,1544.0,1289.75,1289.75,1.0285087719298245,1.0285087719298245,0.7753440589261484,10318.0,hyperplane_gauss,20000,20,0.3,0.1,3,real,gradual,894,0.1414213562373095,0.6,False,medium,fast,real/gradual/K=3/medium/fast/partial/imbalanced/noisy,-0.00473684210526315,0.03489473684210531,width,0.5
scn-9d8adab7bff3,2,PageHinkley,0.7956842105263158,0.04842296200013152,13,3.0,13.0,3.0,0.0,8.0,2.0,0.23076923076923078,1.0,0.375,0.0,1254.0,1544.0,1289.75,1289.75,1.0285087719298245,1.0285087719298245,0.7753440589261484,10318.0,hyperplane_gauss,20000,20,0.3,0.1,3,real,gradual,894,0.1414213562373095,0.6,False,medium,fast,real/gradual/K=3/medium/fast/partial/imbalanced/noisy,-0.00473684210526315,0.03489473684210531,label_noise,0.5
scn-9d8adab7bff3,2,PageHinkley,0.7956842105263158,0.04842296200013152,13,3.0,13.0,3.0,0.0,8.0,2.0,0.23076923076923078,1.0,0.375,0.0,1254.0,1544.0,1289.75,1289.75,1.0285087719298245,1.0285087719298245,0.7753440589261484,10318.0,hyperplane_gauss,20000,20,0.3,0.1,3,real,gradual,894,0.1414213562373095,0.6,False,medium,fast,real/gradual/K=3/medium/fast/partial/imbalanced/noisy,-0.00473684210526315,0.03489473684210531,minority_share,0.5
scn-9d8adab7bff3,2,PageHinkley-up,0.8244210526315789,0.03658703900009641,3,3.0,3.0,3.0,0.0,0.0,0.0,1.0,1.0,1.0,0.0,1373.0,1259.0,inf,10318.0,inf,7.514930808448653,0.0,10318.0,hyperplane_gauss,20000,20,0.3,0.1,3,real,gradual,894,0.1414213562373095,0.6,False,medium,fast,real/gradual/K=3/medium/fast/partial/imbalanced/noisy,0.02400000000000002,0.00615789473684214,magnitude,0.5
scn-9d8adab7bff3,2,PageHinkley-up,0.8244210526315789,0.03658703900009641,3,3.0,3.0,3.0,0.0,0.0,0.0,1.0,1.0,1.0,0.0,1373.0,1259.0,inf,10318.0,inf,7.514930808448653,0.0,10318.0,hyperplane_gauss,20000,20,0.3,0.1,3,real,gradual,894,0.1414213562373095,0.6,False,medium,fast,real/gradual/K=3/medium/fast/partial/imbalanced/noisy,0.02400000000000002,0.00615789473684214,affected_share,0.5
scn-9d8adab7bff3,2,PageHinkley-up,0.8244210526315789,0.03658703900009641,3,3.0,3.0,3.0,0.0,0.0,0.0,1.0,1.0,1.0,0.0,1373.0,1259.0,inf,10318.0,inf,7.514930808448653,0.0,10318.0,hyperplane_gauss,20000,20,0.3,0.1,3,real,gradual,894,0.1414213562373095,0.6,False,medium,fast,real/gradual/K=3/medium/fast/partial/imbalanced/noisy,0.02400000000000002,0.00615789473684214,width,0.5
scn-9d8adab7bff3,2,PageHinkley-up,0.8244210526315789,0.03658703900009641,3,3.0,3.0,3.0,0.0,0.0,0.0,1.0,1.0,1.0,0.0,1373.0,1259.0,inf,10318.0,inf,7.514930808448653,0.0,10318.0,hyperplane_gauss,20000,20,0.3,0.1,3,real,gradual,894,0.1414213562373095,0.6,False,medium,fast,real/gradual/K=3/medium/fast/partial/imbalanced/noisy,0.02400000000000002,0.00615789473684214,label_noise,0.5
scn-9d8adab7bff3,2,PageHinkley-up,0.8244210526315789,0.03658703900009641,3,3.0,3.0,3.0,0.0,0.0,0.0,1.0,1.0,1.0,0.0,1373.0,1259.0,inf,10318.0,inf,7.514930808448653,0.0,10318.0,hyperplane_gauss,20000,20,0.3,0.1,3,real,gradual,894,0.1414213562373095,0.6,False,medium,fast,real/gradual/K=3/medium/fast/partial/imbalanced/noisy,0.02400000000000002,0.00615789473684214,minority_share,0.5
scn-9d8adab7bff3,2,DDM,0.8216842105263158,0.03860652699995626,3,3.0,3.0,3.0,0.0,0.0,0.0,1.0,1.0,1.0,0.0,1414.6666666666667,1580.0,inf,10318.0,inf,7.293590951932139,0.0,10318.0,hyperplane_gauss,20000,20,0.3,0.1,3,real,gradual,894,0.1414213562373095,0.6,False,medium,fast,real/gradual/K=3/medium/fast/partial/imbalanced/noisy,0.021263157894736873,0.008894736842105289,magnitude,0.5
scn-9d8adab7bff3,2,DDM,0.8216842105263158,0.03860652699995626,3,3.0,3.0,3.0,0.0,0.0,0.0,1.0,1.0,1.0,0.0,1414.6666666666667,1580.0,inf,10318.0,inf,7.293590951932139,0.0,10318.0,hyperplane_gauss,20000,20,0.3,0.1,3,real,gradual,894,0.1414213562373095,0.6,False,medium,fast,real/gradual/K=3/medium/fast/partial/imbalanced/noisy,0.021263157894736873,0.008894736842105289,affected_share,0.5
scn-9d8adab7bff3,2,DDM,0.8216842105263158,0.03860652699995626,3,3.0,3.0,3.0,0.0,0.0,0.0,1.0,1.0,1.0,0.0,1414.6666666666667,1580.0,inf,10318.0,inf,7.293590951932139,0.0,10318.0,hyperplane_gauss,20000,20,0.3,0.1,3,real,gradual,894,0.1414213562373095,0.6,False,medium,fast,real/gradual/K=3/medium/fast/partial/imbalanced/noisy,0.021263157894736873,0.008894736842105289,width,0.5
scn-9d8adab7bff3,2,DDM,0.8216842105263158,0.03860652699995626,3,3.0,3.0,3.0,0.0,0.0,0.0,1.0,1.0,1.0,0.0,1414.6666666666667,1580.0,inf,10318.0,inf,7.293590951932139,0.0,10318.0,hyperplane_gauss,20000,20,0.3,0.1,3,real,gradual,894,0.1414213562373095,0.6,False,medium,fast,real/gradual/K=3/medium/fast/partial/imbalanced/noisy,0.021263157894736873,0.008894736842105289,label_noise,0.5
scn-9d8adab7bff3,2,DDM,0.8216842105263158,0.03860652699995626,3,3.0,3.0,3.0,0.0,0.0,0.0,1.0,1.0,1.0,0.0,1414.6666666666667,1580.0,inf,10318.0,inf,7.293590951932139,0.0,10318.0,hyperplane_gauss,20000,20,0.3,0.1,3,real,gradual,894,0.1414213562373095,0.6,False,medium,fast,real/gradual/K=3/medium/fast/partial/imbalanced/noisy,0.021263157894736873,0.008894736842105289,minority_share,0.5
scn-9d8adab7bff3,2,EDDM,0.7996842105263158,0.03514533699990352,4,3.0,4.0,0.0,3.0,4.0,0.0,0.0,0.0,0.0,1.0,,,2579.5,2579.5,,,0.3876720294630742,10318.0,hyperplane_gauss,20000,20,0.3,0.1,3,real,gradual,894,0.1414213562373095,0.6,False,medium,fast,real/gradual/K=3/medium/fast/partial/imbalanced/noisy,-0.0007368421052631469,0.030894736842105308,magnitude,0.5
scn-9d8adab7bff3,2,EDDM,0.7996842105263158,0.03514533699990352,4,3.0,4.0,0.0,3.0,4.0,0.0,0.0,0.0,0.0,1.0,,,2579.5,2579.5,,,0.3876720294630742,10318.0,hyperplane_gauss,20000,20,0.3,0.1,3,real,gradual,894,0.1414213562373095,0.6,False,medium,fast,real/gradual/K=3/medium/fast/partial/imbalanced/noisy,-0.0007368421052631469,0.030894736842105308,affected_share,0.5
scn-9d8adab7bff3,2,EDDM,0.7996842105263158,0.03514533699990352,4,3.0,4.0,0.0,3.0,4.0,0.0,0.0,0.0,0.0,1.0,,,2579.5,2579.5,,,0.3876720294630742,10318.0,hyperplane_gauss,20000,20,0.3,0.1,3,real,gradual,894,0.1414213562373095,0.6,False,medium,fast,real/gradual/K=3/medium/fast/partial/imbalanced/noisy,-0.0007368421052631469,0.030894736842105308,width,0.5
scn-9d8adab7bff3,2,EDDM,0.7996842105263158,0.03514533699990352,4,3.0,4.0,0.0,3.0,4.0,0.0,0.0,0.0,0.0,1.0,,,2579.5,2579.5,,,0.3876720294630742,10318.0,hyperplane_gauss,20000,20,0.3,0.1,3,real,gradual,894,0.1414213562373095,0.6,False,medium,fast,real/gradual/K=3/medium/fast/partial/imbalanced/noisy,-0.0007368421052631469,0.030894736842105308,label_noise,0.5
scn-9d8adab7bff3,2,EDDM,0.7996842105263158,0.03514533699990352,4,3.0,4.0,0.0,3.0,4.0,0.0,0.0,0.0,0.0,1.0,,,2579.5,2579.5,,,0.3876720294630742,10318.0,hyperplane_gauss,20000,20,0.3,0.1,3,real,gradual,894,0.1414213562373095,0.6,False,medium,fast,real/gradual/K=3/medium/fast/partial/imbalanced/noisy,-0.0007368421052631469,0.030894736842105308,minority_share,0.5
scn-9d8adab7bff3,2,HDDM_A,0.8183684210526316,0.08824178399981975,2,3.0,2.0,2.0,1.0,0.0,0.0,1.0,0.6666666666666666,0.8,0.33333333333333337,1305.0,1305.0,inf,10318.0,inf,5.271008939974457,0.0,10318.0,hyperplane_gauss,20000,20,0.3,0.1,3,real,gradual,894,0.1414213562373095,0.6,False,medium,fast,real/gradual/K=3/medium/fast/partial/imbalanced/noisy,0.017947368421052712,0.01221052631578945,magnitude,0.5
scn-9d8adab7bff3,2,HDDM_A,0.8183684210526316,0.08824178399981975,2,3.0,2.0,2.0,1.0,0.0,0.0,1.0,0.6666666666666666,0.8,0.33333333333333337,1305.0,1305.0,inf,10318.0,inf,5.271008939974457,0.0,10318.0,hyperplane_gauss,20000,20,0.3,0.1,3,real,gradual,894,0.1414213562373095,0.6,False,medium,fast,real/gradual/K=3/medium/fast/partial/imbalanced/noisy,0.017947368421052712,0.01221052631578945,affected_share,0.5
scn-9d8adab7bff3,2,HDDM_A,0.8183684210526316,0.08824178399981975,2,3.0,2.0,2.0,1.0,0.0,0.0,1.0,0.6666666666666666,0.8,0.33333333333333337,1305.0,1305.0,inf,10318.0,inf,5.271008939974457,0.0,10318.0,hyperplane_gauss,20000,20,0.3,0.1,3,real,gradual,894,0.1414213562373095,0.6,False,medium,fast,real/gradual/K=3/medium/fast/partial/imbalanced/noisy,0.017947368421052712,0.01221052631578945,width,0.5
scn-9d8adab7bff3,2,HDDM_A,0.8183684210526316,0.08824178399981975,2,3.0,2.0,2.0,1.0,0.0,0.0,1.0,0.6666666666666666,0.8,0.33333333333333337,1305.0,1305.0,inf,10318.0,inf,5.271008939974457,0.0,10318.0,hyperplane_gauss,20000,20,0.3,0.1,3,real,gradual,894,0.1414213562373095,0.6,False,medium,fast,real/gradual/K=3/medium/fast/partial/imbalanced/noisy,0.017947368421052712,0.01221052631578945,label_noise,0.5
scn-9d8adab7bff3,2,HDDM_A,0.8183684210526316,0.08824178399981975,2,3.0,2.0,2.0,1.0,0.0,0.0,1.0,0.6666666666666666,0.8,0.33333333333333337,1305.0,1305.0,inf,10318.0,inf,5.271008939974457,0.0,10318.0,hyperplane_gauss,20000,20,0.3,0.1,3,real,gradual,894,0.1414213562373095,0.6,False,medium,fast,real/gradual/K=3/medium/fast/partial/imbalanced/noisy,0.017947368421052712,0.01221052631578945,minority_share,0.5
scn-9d8adab7bff3,2,HDDM_W,0.8263684210526315,0.08198210000000472,3,3.0,3.0,3.0,0.0,0.0,0.0,1.0,1.0,1.0,0.0,1279.6666666666667,1079.0,inf,10318.0,inf,8.063037249283667,0.0,10318.0,hyperplane_gauss,20000,20,0.3,0.1,3,real,gradual,894,0.1414213562373095,0.6,False,medium,fast,real/gradual/K=3/medium/fast/partial/imbalanced/noisy,0.025947368421052608,0.004210526315789553,magnitude,0.5
scn-9d8adab7bff3,2,HDDM_W,0.8263684210526315,0.08198210000000472,3,3.0,3.0,3.0,0.0,0.0,0.0,1.0,1.0,1.0,0.0,1279.6666666666667,1079.0,inf,10318.0,inf,8.063037249283667,0.0,10318.0,hyperplane_gauss,20000,20,0.3,0.1,3,real,gradual,894,0.1414213562373095,0.6,False,medium,fast,real/gradual/K=3/medium/fast/partial/imbalanced/noisy,0.025947368421052608,0.004210526315789553,affected_share,0.5
scn-9d8adab7bff3,2,HDDM_W,0.8263684210526315,0.08198210000000472,3,3.0,3.0,3.0,0.0,0.0,0.0,1.0,1.0,1.0,0.0,1279.6666666666667,1079.0,inf,10318.0,inf,8.063037249283667,0.0,10318.0,hyperplane_gauss,20000,20,0.3,0.1,3,real,gradual,894,0.1414213562373095,0.6,False,medium,fast,real/gradual/K=3/medium/fast/partial/imbalanced/noisy,0.025947368421052608,0.004210526315789553,width,0.5
scn-9d8adab7bff3,2,HDDM_W,0.8263684210526315,0.08198210000000472,3,3.0,3.0,3.0,0.0,0.0,0.0,1.0,1.0,1.0,0.0,1279.6666666666667,1079.0,inf,10318.0,inf,8.063037249283667,0.0,10318.0,hyperplane_gauss,20000,20,0.3,0.1,3,real,gradual,894,0.1414213562373095,0.6,False,medium,fast,real/gradual/K=3/medium/fast/partial/imbalanced/noisy,0.025947368421052608,0.004210526315789553,label_noise,0.5
scn-9d8adab7bff3,2,HDDM_W,0.8263684210526315,0.08198210000000472,3,3.0,3.0,3.0,0.0,0.0,0.0,1.0,1.0,1.0,0.0,1279.6666666666667,1079.0,inf,10318.0,inf,8.063037249283667,0.0,10318.0,hyperplane_gauss,20000,20,0.3,0.1,3,real,gradual,894,0.1414213562373095,0.6,False,medium,fast,real/gradual/K=3/medium/fast/partial/imbalanced/noisy,0.025947368421052608,0.004210526315789553,minority_share,0.5
scn-9d8adab7bff3,2,FHDDM,0.8222631578947368,0.03457899800014275,2,3.0,2.0,2.0,1.0,0.0,0.0,1.0,0.6666666666666666,0.8,0.33333333333333337,828.0,828.0,inf,10318.0,inf,8.30756843800322,0.0,10318.0,hyperplane_gauss,20000,20,0.3,0.1,3,real,gradual,894,0.1414213562373095,0.6,False,medium,fast,real/gradual/K=3/medium/fast/partial/imbalanced/noisy,0.021842105263157885,0.008315789473684276,magnitude,0.5
scn-9d8adab7bff3,2,FHDDM,0.8222631578947368,0.03457899800014275,2,3.0,2.0,2.0,1.0,0.0,0.0,1.0,0.6666666666666666,0.8,0.33333333333333337,828.0,828.0,inf,10318.0,inf,8.30756843800322,0.0,10318.0,hyperplane_gauss,20000,20,0.3,0.1,3,real,gradual,894,0.1414213562373095,0.6,False,medium,fast,real/gradual/K=3/medium/fast/partial/imbalanced/noisy,0.021842105263157885,0.008315789473684276,affected_share,0.5
scn-9d8adab7bff3,2,FHDDM,0.8222631578947368,0.03457899800014275,2,3.0,2.0,2.0,1.0,0.0,0.0,1.0,0.6666666666666666,0.8,0.33333333333333337,828.0,828.0,inf,10318.0,inf,8.30756843800322,0.0,10318.0,hyperplane_gauss,20000,20,0.3,0.1,3,real,gradual,894,0.1414213562373095,0.6,False,medium,fast,real/gradual/K=3/medium/fast/partial/imbalanced/noisy,0.021842105263157885,0.008315789473684276,width,0.5
scn-9d8adab7bff3,2,FHDDM,0.8222631578947368,0.03457899800014275,2,3.0,2.0,2.0,1.0,0.0,0.0,1.0,0.6666666666666666,0.8,0.33333333333333337,828.0,828.0,inf,10318.0,inf,8.30756843800322,0.0,10318.0,hyperplane_gauss,20000,20,0.3,0.1,3,real,gradual,894,0.1414213562373095,0.6,False,medium,fast,real/gradual/K=3/medium/fast/partial/imbalanced/noisy,0.021842105263157885,0.008315789473684276,label_noise,0.5
scn-9d8adab7bff3,2,FHDDM,0.8222631578947368,0.03457899800014275,2,3.0,2.0,2.0,1.0,0.0,0.0,1.0,0.6666666666666666,0.8,0.33333333333333337,828.0,828.0,inf,10318.0,inf,8.30756843800322,0.0,10318.0,hyperplane_gauss,20000,20,0.3,0.1,3,real,gradual,894,0.1414213562373095,0.6,False,medium,fast,real/gradual/K=3/medium/fast/partial/imbalanced/noisy,0.021842105263157885,0.008315789473684276,minority_share,0.5
scn-9d8adab7bff3,2,NoDrift,0.8004210526315789,0.025281855999764957,0,3.0,0.0,0.0,3.0,0.0,0.0,,0.0,0.0,1.0,,,inf,10318.0,,,0.0,10318.0,hyperplane_gauss,20000,20,0.3,0.1,3,real,gradual,894,0.1414213562373095,0.6,False,medium,fast,real/gradual/K=3/medium/fast/partial/imbalanced/noisy,0.0,0.03015789473684216,magnitude,0.5
scn-9d8adab7bff3,2,NoDrift,0.8004210526315789,0.025281855999764957,0,3.0,0.0,0.0,3.0,0.0,0.0,,0.0,0.0,1.0,,,inf,10318.0,,,0.0,10318.0,hyperplane_gauss,20000,20,0.3,0.1,3,real,gradual,894,0.1414213562373095,0.6,False,medium,fast,real/gradual/K=3/medium/fast/partial/imbalanced/noisy,0.0,0.03015789473684216,affected_share,0.5
scn-9d8adab7bff3,2,NoDrift,0.8004210526315789,0.025281855999764957,0,3.0,0.0,0.0,3.0,0.0,0.0,,0.0,0.0,1.0,,,inf,10318.0,,,0.0,10318.0,hyperplane_gauss,20000,20,0.3,0.1,3,real,gradual,894,0.1414213562373095,0.6,False,medium,fast,real/gradual/K=3/medium/fast/partial/imbalanced/noisy,0.0,0.03015789473684216,width,0.5
scn-9d8adab7bff3,2,NoDrift,0.8004210526315789,0.025281855999764957,0,3.0,0.0,0.0,3.0,0.0,0.0,,0.0,0.0,1.0,,,inf,10318.0,,,0.0,10318.0,hyperplane_gauss,20000,20,0.3,0.1,3,real,gradual,894,0.1414213562373095,0.6,False,medium,fast,real/gradual/K=3/medium/fast/partial/imbalanced/noisy,0.0,0.03015789473684216,label_noise,0.5
scn-9d8adab7bff3,2,NoDrift,0.8004210526315789,0.025281855999764957,0,3.0,0.0,0.0,3.0,0.0,0.0,,0.0,0.0,1.0,,,inf,10318.0,,,0.0,10318.0,hyperplane_gauss,20000,20,0.3,0.1,3,real,gradual,894,0.1414213562373095,0.6,False,medium,fast,real/gradual/K=3/medium/fast/partial/imbalanced/noisy,0.0,0.03015789473684216,minority_share,0.5
scn-9d8adab7bff3,2,Periodic(2000),0.8034736842105263,0.027268595000350615,9,3.0,9.0,3.0,0.0,5.0,1.0,0.3333333333333333,1.0,0.5,0.0,1280.6666666666667,1614.0,2063.6,2063.6,1.6113482561166057,1.6113482561166057,0.4845900368288428,10318.0,hyperplane_gauss,20000,20,0.3,0.1,3,real,gradual,894,0.1414213562373095,0.6,False,medium,fast,real/gradual/K=3/medium/fast/partial/imbalanced/noisy,0.003052631578947418,0.027105263157894743,magnitude,0.5
scn-9d8adab7bff3,2,Periodic(2000),0.8034736842105263,0.027268595000350615,9,3.0,9.0,3.0,0.0,5.0,1.0,0.3333333333333333,1.0,0.5,0.0,1280.6666666666667,1614.0,2063.6,2063.6,1.6113482561166057,1.6113482561166057,0.4845900368288428,10318.0,hyperplane_gauss,20000,20,0.3,0.1,3,real,gradual,894,0.1414213562373095,0.6,False,medium,fast,real/gradual/K=3/medium/fast/partial/imbalanced/noisy,0.003052631578947418,0.027105263157894743,affected_share,0.5
scn-9d8adab7bff3,2,Periodic(2000),0.8034736842105263,0.027268595000350615,9,3.0,9.0,3.0,0.0,5.0,1.0,0.3333333333333333,1.0,0.5,0.0,1280.6666666666667,1614.0,2063.6,2063.6,1.6113482561166057,1.6113482561166057,0.4845900368288428,10318.0,hyperplane_gauss,20000,20,0.3,0.1,3,real,gradual,894,0.1414213562373095,0.6,False,medium,fast,real/gradual/K=3/medium/fast/partial/imbalanced/noisy,0.003052631578947418,0.027105263157894743,width,0.5
scn-9d8adab7bff3,2,Periodic(2000),0.8034736842105263,0.027268595000350615,9,3.0,9.0,3.0,0.0,5.0,1.0,0.3333333333333333,1.0,0.5,0.0,1280.6666666666667,1614.0,2063.6,2063.6,1.6113482561166057,1.6113482561166057,0.4845900368288428,10318.0,hyperplane_gauss,20000,20,0.3,0.1,3,real,gradual,894,0.1414213562373095,0.6,False,medium,fast,real/gradual/K=3/medium/fast/partial/imbalanced/noisy,0.003052631578947418,0.027105263157894743,label_noise,0.5
scn-9d8adab7bff3,2,Periodic(2000),0.8034736842105263,0.027268595000350615,9,3.0,9.0,3.0,0.0,5.0,1.0,0.3333333333333333,1.0,0.5,0.0,1280.6666666666667,1614.0,2063.6,2063.6,1.6113482561166057,1.6113482561166057,0.4845900368288428,10318.0,hyperplane_gauss,20000,20,0.3,0.1,3,real,gradual,894,0.1414213562373095,0.6,False,medium,fast,real/gradual/K=3/medium/fast/partial/imbalanced/noisy,0.003052631578947418,0.027105263157894743,minority_share,0.5
scn-9d8adab7bff3,2,Oracle,0.8305789473684211,0.03238636900005076,3,3.0,3.0,3.0,0.0,0.0,0.0,1.0,1.0,1.0,0.0,448.0,448.0,inf,10318.0,inf,23.03125,0.0,10318.0,hyperplane_gauss,20000,20,0.3,0.1,3,real,gradual,894,0.1414213562373095,0.6,False,medium,fast,real/gradual/K=3/medium/fast/partial/imbalanced/noisy,0.03015789473684216,-0.0,magnitude,0.5
scn-9d8adab7bff3,2,Oracle,0.8305789473684211,0.03238636900005076,3,3.0,3.0,3.0,0.0,0.0,0.0,1.0,1.0,1.0,0.0,448.0,448.0,inf,10318.0,inf,23.03125,0.0,10318.0,hyperplane_gauss,20000,20,0.3,0.1,3,real,gradual,894,0.1414213562373095,0.6,False,medium,fast,real/gradual/K=3/medium/fast/partial/imbalanced/noisy,0.03015789473684216,-0.0,affected_share,0.5
scn-9d8adab7bff3,2,Oracle,0.8305789473684211,0.03238636900005076,3,3.0,3.0,3.0,0.0,0.0,0.0,1.0,1.0,1.0,0.0,448.0,448.0,inf,10318.0,inf,23.03125,0.0,10318.0,hyperplane_gauss,20000,20,0.3,0.1,3,real,gradual,894,0.1414213562373095,0.6,False,medium,fast,real/gradual/K=3/medium/fast/partial/imbalanced/noisy,0.03015789473684216,-0.0,width,0.5
scn-9d8adab7bff3,2,Oracle,0.8305789473684211,0.03238636900005076,3,3.0,3.0,3.0,0.0,0.0,0.0,1.0,1.0,1.0,0.0,448.0,448.0,inf,10318.0,inf,23.03125,0.0,10318.0,hyperplane_gauss,20000,20,0.3,0.1,3,real,gradual,894,0.1414213562373095,0.6,False,medium,fast,real/gradual/K=3/medium/fast/partial/imbalanced/noisy,0.03015789473684216,-0.0,label_noise,0.5
scn-9d8adab7bff3,2,Oracle,0.8305789473684211,0.03238636900005076,3,3.0,3.0,3.0,0.0,0.0,0.0,1.0,1.0,1.0,0.0,448.0,448.0,inf,10318.0,inf,23.03125,0.0,10318.0,hyperplane_gauss,20000,20,0.3,0.1,3,real,gradual,894,0.1414213562373095,0.6,False,medium,fast,real/gradual/K=3/medium/fast/partial/imbalanced/noisy,0.03015789473684216,-0.0,minority_share,0.5
scn-f4d26c6b3ede,0,ADWIN,0.8241578947368421,0.029944300999886764,0,3.0,0.0,0.0,3.0,0.0,0.0,,0.0,0.0,1.0,,,inf,10318.0,,,0.0,10318.0,hyperplane_gauss,20000,20,0.3,0.1,3,real,gradual,894,0.08408964152537148,0.6,False,low,fast,real/gradual/K=3/low/fast/partial/imbalanced/noisy,0.0,0.0009473684210526967,magnitude,0.75
scn-f4d26c6b3ede,0,PageHinkley,0.8195789473684211,0.05104787700020097,3,3.0,3.0,0.0,3.0,3.0,0.0,0.0,0.0,0.0,1.0,,,3439.3333333333335,3439.3333333333335,,,0.29075402209730566,10318.0,hyperplane_gauss,20000,20,0.3,0.1,3,real,gradual,894,0.08408964152537148,0.6,False,low,fast,real/gradual/K=3/low/fast/partial/imbalanced/noisy,-0.004578947368421016,0.0055263157894737125,magnitude,0.75
scn-f4d26c6b3ede,0,PageHinkley-up,0.8233684210526315,0.036655033999977604,1,3.0,1.0,0.0,3.0,1.0,0.0,0.0,0.0,0.0,1.0,,,10318.0,10318.0,,,0.09691800736576855,10318.0,hyperplane_gauss,20000,20,0.3,0.1,3,real,gradual,894,0.08408964152537148,0.6,False,low,fast,real/gradual/K=3/low/fast/partial/imbalanced/noisy,-0.0007894736842105621,0.0017368421052632588,magnitude,0.75
scn-f4d26c6b3ede,0,DDM,0.8241578947368421,0.03370582000025024,0,3.0,0.0,0.0,3.0,0.0,0.0,,0.0,0.0,1.0,,,inf,10318.0,,,0.0,10318.0,hyperplane_gauss,20000,20,0.3,0.1,3,real,gradual,894,0.08408964152537148,0.6,False,low,fast,real/gradual/K=3/low/fast/partial/imbalanced/noisy,0.0,0.0009473684210526967,magnitude,0.75
scn-f4d26c6b3ede,0,EDDM,0.8163684210526316,0.051475656000093295,9,3.0,9.0,0.0,3.0,9.0,0.0,0.0,0.0,0.0,1.0,,,1146.4444444444443,1146.4444444444443,,,0.872262066291917,10318.0,hyperplane_gauss,20000,20,0.3,0.1,3,real,gradual,894,0.08408964152537148,0.6,False,low,fast,real/gradual/K=3/low/fast/partial/imbalanced/noisy,-0.007789473684210457,0.008736842105263154,magnitude,0.75
scn-f4d26c6b3ede,0,HDDM_A,0.8241578947368421,0.08459197699994547,0,3.0,0.0,0.0,3.0,0.0,0.0,,0.0,0.0,1.0,,,inf,10318.0,,,0.0,10318.0,hyperplane_gauss,20000,20,0.3,0.1,3,real,gradual,894,0.08408964152537148,0.6,False,low,fast,real/gradual/K=3/low/fast/partial/imbalanced/noisy,0.0,0.0009473684210526967,magnitude,0.75
scn-f4d26c6b3ede,0,HDDM_W,0.8234736842105264,0.09692080800004987,2,3.0,2.0,2.0,1.0,0.0,0.0,1.0,0.6666666666666666,0.8,0.33333333333333337,1068.5,1068.5,inf,10318.0,inf,6.437685228513492,0.0,10318.0,hyperplane_gauss,20000,20,0.3,0.1,3,real,gradual,894,0.08408964152537148,0.6,False,low,fast,real/gradual/K=3/low/fast/partial/imbalanced/noisy,-0.0006842105263157316,0.0016315789473684283,magnitude,0.75
scn-f4d26c6b3ede,0,FHDDM,0.8219473684210526,0.033212296000328934,1,3.0,1.0,1.0,2.0,0.0,0.0,1.0,0.3333333333333333,0.5,0.6666666666666667,1736.0,1736.0,inf,10318.0,inf,1.9811827956989243,0.0,10318.0,hyperplane_gauss,20000,20,0.3,0.1,3,real,gradual,894,0.08408964152537148,0.6,False,low,fast,real/gradual/K=3/low/fast/partial/imbalanced/noisy,-0.0022105263157894406,0.0031578947368421373,magnitude,0.75
scn-f4d26c6b3ede,0,NoDrift,0.8241578947368421,0.02560917300024812,0,3.0,0.0,0.0,3.0,0.0,0.0,,0.0,0.0,1.0,,,inf,10318.0,,,0.0,10318.0,hyperplane_gauss,20000,20,0.3,0.1,3,real,gradual,894,0.08408964152537148,0.6,False,low,fast,real/gradual/K=3/low/fast/partial/imbalanced/noisy,0.0,0.0009473684210526967,magnitude,0.75
scn-f4d26c6b3ede,0,Periodic(2000),0.8058421052631579,0.027582887999869854,9,3.0,9.0,3.0,0.0,5.0,1.0,0.3333333333333333,1.0,0.5,0.0,1280.6666666666667,1614.0,2063.6,2063.6,1.6113482561166057,1.6113482561166057,0.4845900368288428,10318.0,hyperplane_gauss,20000,20,0.3,0.1,3,real,gradual,894,0.08408964152537148,0.6,False,low,fast,real/gradual/K=3/low/fast/partial/imbalanced/noisy,-0.018315789473684174,0.01926315789473687,magnitude,0.75
scn-f4d26c6b3ede,0,Oracle,0.8251052631578948,0.04473132499970234,3,3.0,3.0,3.0,0.0,0.0,0.0,1.0,1.0,1.0,0.0,448.0,448.0,inf,10318.0,inf,23.03125,0.0,10318.0,hyperplane_gauss,20000,20,0.3,0.1,3,real,gradual,894,0.08408964152537148,0.6,False,low,fast,real/gradual/K=3/low/fast/partial/imbalanced/noisy,0.0009473684210526967,-0.0,magnitude,0.75
scn-79e8e4da4fc6,1,ADWIN,0.8353684210526315,0.044346113999836234,0,3.0,0.0,0.0,3.0,0.0,0.0,,0.0,0.0,1.0,,,inf,10318.0,,,0.0,10318.0,hyperplane_gauss,20000,20,0.3,0.1,3,real,gradual,894,0.08408964152537148,0.6,False,low,fast,real/gradual/K=3/low/fast/partial/imbalanced/noisy,0.0,-0.002526315789473599,magnitude,0.75
scn-79e8e4da4fc6,1,PageHinkley,0.8323684210526315,0.037671996999961266,2,3.0,2.0,0.0,3.0,2.0,0.0,0.0,0.0,0.0,1.0,,,5159.0,5159.0,,,0.1938360147315371,10318.0,hyperplane_gauss,20000,20,0.3,0.1,3,real,gradual,894,0.08408964152537148,0.6,False,low,fast,real/gradual/K=3/low/fast/partial/imbalanced/noisy,-0.0030000000000000027,0.00047368421052640386,magnitude,0.75
scn-79e8e4da4fc6,1,PageHinkley-up,0.8325789473684211,0.03604412200002116,1,3.0,1.0,0.0,3.0,1.0,0.0,0.0,0.0,0.0,1.0,,,10318.0,10318.0,,,0.09691800736576855,10318.0,hyperplane_gauss,20000,20,0.3,0.1,3,real,gradual,894,0.08408964152537148,0.6,False,low,fast,real/gradual/K=3/low/fast/partial/imbalanced/noisy,-0.002789473684210453,0.000263157894736854,magnitude,0.75
scn-79e8e4da4fc6,1,DDM,0.8353684210526315,0.03509813299979214,0,3.0,0.0,0.0,3.0,0.0,0.0,,0.0,0.0,1.0,,,inf,10318.0,,,0.0,10318.0,hyperplane_gauss,20000,20,0.3,0.1,3,real,gradual,894,0.08408964152537148,0.6,False,low,fast,real/gradual/K=3/low/fast/partial/imbalanced/noisy,0.0,-0.002526315789473599,magnitude,0.75
scn-79e8e4da4fc6,1,EDDM,0.8290526315789474,0.04020104800019908,3,3.0,3.0,0.0,3.0,3.0,0.0,0.0,0.0,0.0,1.0,,,3439.3333333333335,3439.3333333333335,,,0.29075402209730566,10318.0,hyperplane_gauss,20000,20,0.3,0.1,3,real,gradual,894,0.08408964152537148,0.6,False,low,fast,real/gradual/K=3/low/fast/partial/imbalanced/noisy,-0.0063157894736841635,0.0037894736842105647,magnitude,0.75
scn-79e8e4da4fc6,1,HDDM_A,0.8353684210526315,0.08849601400015672,0,3.0,0.0,0.0,3.0,0.0,0.0,,0.0,0.0,1.0,,,inf,10318.0,,,0.0,10318.0,hyperplane_gauss,20000,20,0.3,0.1,3,real,gradual,894,0.08408964152537148,0.6,False,low,fast,real/gradual/K=3/low/fast/partial/imbalanced/noisy,0.0,-0.002526315789473599,magnitude,0.75
scn-79e8e4da4fc6,1,HDDM_W,0.8329473684210527,0.0769610070001363,1,3.0,1.0,1.0,2.0,0.0,0.0,1.0,0.3333333333333333,0.5,0.6666666666666667,497.0,497.0,inf,10318.0,inf,6.920187793427229,0.0,10318.0,hyperplane_gauss,20000,20,0.3,0.1,3,real,gradual,894,0.08408964152537148,0.6,False,low,fast,real/gradual/K=3/low/fast/partial/imbalanced/noisy,-0.0024210526315788794,-0.0001052631578947194,magnitude,0.75
scn-79e8e4da4fc6,1,FHDDM,0.8353684210526315,0.031645105999814405,0,3.0,0.0,0.0,3.0,0.0,0.0,,0.0,0.0,1.0,,,inf,10318.0,,,0.0,10318.0,hyperplane_gauss,20000,20,0.3,0.1,3,real,gradual,894,0.08408964152537148,0.6,False,low,fast,real/gradual/K=3/low/fast/partial/imbalanced/noisy,0.0,-0.002526315789473599,magnitude,0.75
scn-79e8e4da4fc6,1,NoDrift,0.8353684210526315,0.025391528999989532,0,3.0,0.0,0.0,3.0,0.0,0.0,,0.0,0.0,1.0,,,inf,10318.0,,,0.0,10318.0,hyperplane_gauss,20000,20,0.3,0.1,3,real,gradual,894,0.08408964152537148,0.6,False,low,fast,real/gradual/K=3/low/fast/partial/imbalanced/noisy,0.0,-0.002526315789473599,magnitude,0.75
scn-79e8e4da4fc6,1,Periodic(2000),0.8148947368421052,0.04364381899995351,9,3.0,9.0,3.0,0.0,5.0,1.0,0.3333333333333333,1.0,0.5,0.0,1280.6666666666667,1614.0,2063.6,2063.6,1.6113482561166057,1.6113482561166057,0.4845900368288428,10318.0,hyperplane_gauss,20000,20,0.3,0.1,3,real,gradual,894,0.08408964152537148,0.6,False,low,fast,real/gradual/K=3/low/fast/partial/imbalanced/noisy,-0.02047368421052631,0.017947368421052712,magnitude,0.75
scn-79e8e4da4fc6,1,Oracle,0.8328421052631579,0.03455138400022406,3,3.0,3.0,3.0,0.0,0.0,0.0,1.0,1.0,1.0,0.0,448.0,448.0,inf,10318.0,inf,23.03125,0.0,10318.0,hyperplane_gauss,20000,20,0.3,0.1,3,real,gradual,894,0.08408964152537148,0.6,False,low,fast,real/gradual/K=3/low/fast/partial/imbalanced/noisy,-0.002526315789473599,-0.0,magnitude,0.75
scn-42cba054dbbd,2,ADWIN,0.8257894736842105,0.030043054000088887,0,3.0,0.0,0.0,3.0,0.0,0.0,,0.0,0.0,1.0,,,inf,10318.0,,,0.0,10318.0,hyperplane_gauss,20000,20,0.3,0.1,3,real,gradual,894,0.08408964152537148,0.6,False,low,fast,real/gradual/K=3/low/fast/partial/imbalanced/noisy,0.0,0.006631578947368433,magnitude,0.75
scn-42cba054dbbd,2,PageHinkley,0.8157894736842105,0.04288340699986293,6,3.0,6.0,2.0,1.0,4.0,0.0,0.3333333333333333,0.6666666666666666,0.4444444444444444,0.33333333333333337,1842.5,1842.5,2579.5,2579.5,0.9333333333333332,0.9333333333333332,0.3876720294630742,10318.0,hyperplane_gauss,20000,20,0.3,0.1,3,real,gradual,894,0.08408964152537148,0.6,False,low,fast,real/gradual/K=3/low/fast/partial/imbalanced/noisy,-0.010000000000000009,0.01663157894736844,magnitude,0.75
scn-42cba054dbbd,2,PageHinkley-up,0.8258421052631579,0.03885877599986998,2,3.0,2.0,2.0,1.0,0.0,0.0,1.0,0.6666666666666666,0.8,0.33333333333333337,1789.0,1789.0,inf,10318.0,inf,3.8449785727594556,0.0,10318.0,hyperplane_gauss,20000,20,0.3,0.1,3,real,gradual,894,0.08408964152537148,0.6,False,low,fast,real/gradual/K=3/low/fast/partial/imbalanced/noisy,5.2631578947415214e-05,0.006578947368421018,magnitude,0.75
scn-42cba054dbbd,2,DDM,0.8257894736842105,0.04505492199996297,0,3.0,0.0,0.0,3.0,0.0,0.0,,0.0,0.0,1.0,,,inf,10318.0,,,0.0,10318.0,hyperplane_gauss,20000,20,0.3,0.1,3,real,gradual,894,0.08408964152537148,0.6,False,low,fast,real/gradual/K=3/low/fast/partial/imbalanced/noisy,0.0,0.006631578947368433,magnitude,0.75
scn-42cba054dbbd,2,EDDM,0.8234736842105264,0.03778891399997519,2,3.0,2.0,0.0,3.0,2.0,0.0,0.0,0.0,0.0,1.0,,,5159.0,5159.0,,,0.1938360147315371,10318.0,hyperplane_gauss,20000,20,0.3,0.1,3,real,gradual,894,0.08408964152537148,0.6,False,low,fast,real/gradual/K=3/low/fast/partial/imbalanced/noisy,-0.00231578947368416,0.008947368421052593,magnitude,0.75
scn-42cba054dbbd,2,HDDM_A,0.8257894736842105,0.0738558030002423,0,3.0,0.0,0.0,3.0,0.0,0.0,,0.0,0.0,1.0,,,inf,10318.0,,,0.0,10318.0,hyperplane_gauss,20000,20,0.3,0.1,3,real,gradual,894,0.08408964152537148,0.6,False,low,fast,real/gradual/K=3/low/fast/partial/imbalanced/noisy,0.0,0.006631578947368433,magnitude,0.75
scn-42cba054dbbd,2,HDDM_W,0.8322105263157895,0.08861039499970502,1,3.0,1.0,1.0,2.0,0.0,0.0,1.0,0.3333333333333333,0.5,0.6666666666666667,1263.0,1263.0,inf,10318.0,inf,2.723145948799155,0.0,10318.0,hyperplane_gauss,20000,20,0.3,0.1,3,real,gradual,894,0.08408964152537148,0.6,False,low,fast,real/gradual/K=3/low/fast/partial/imbalanced/noisy,0.006421052631578994,0.0002105263157894388,magnitude,0.75
scn-42cba054dbbd,2,FHDDM,0.8303157894736842,0.0372120229999382,2,3.0,2.0,2.0,1.0,0.0,0.0,1.0,0.6666666666666666,0.8,0.33333333333333337,1271.5,1271.5,inf,10318.0,inf,5.409883339887273,0.0,10318.0,hyperplane_gauss,20000,20,0.3,0.1,3,real,gradual,894,0.08408964152537148,0.6,False,low,fast,real/gradual/K=3/low/fast/partial/imbalanced/noisy,0.004526315789473712,0.002105263157894721,magnitude,0.75
scn-42cba054dbbd,2,NoDrift,0.8257894736842105,0.025446234999890294,0,3.0,0.0,0.0,3.0,0.0,0.0,,0.0,0.0,1.0,,,inf,10318.0,,,0.0,10318.0,hyperplane_gauss,20000,20,0.3,0.1,3,real,gradual,894,0.08408964152537148,0.6,False,low,fast,real/gradual/K=3/low/fast/partial/imbalanced/noisy,0.0,0.006631578947368433,magnitude,0.75
scn-42cba054dbbd,2,Periodic(2000),0.8067894736842105,0.02777431799995611,9,3.0,9.0,3.0,0.0,5.0,1.0,0.3333333333333333,1.0,0.5,0.0,1280.6666666666667,1614.0,2063.6,2063.6,1.6113482561166057,1.6113482561166057,0.4845900368288428,10318.0,hyperplane_gauss,20000,20,0.3,0.1,3,real,gradual,894,0.08408964152537148,0.6,False,low,fast,real/gradual/K=3/low/fast/partial/imbalanced/noisy,-0.019000000000000017,0.02563157894736845,magnitude,0.75
scn-42cba054dbbd,2,Oracle,0.832421052631579,0.03169135999996797,3,3.0,3.0,3.0,0.0,0.0,0.0,1.0,1.0,1.0,0.0,448.0,448.0,inf,10318.0,inf,23.03125,0.0,10318.0,hyperplane_gauss,20000,20,0.3,0.1,3,real,gradual,894,0.08408964152537148,0.6,False,low,fast,real/gradual/K=3/low/fast/partial/imbalanced/noisy,0.006631578947368433,-0.0,magnitude,0.75
scn-6de87b592d47,0,ADWIN,0.8342631578947368,0.030890760000147566,0,3.0,0.0,0.0,3.0,0.0,0.0,,0.0,0.0,1.0,,,inf,10318.0,,,0.0,10318.0,hyperplane_gauss,20000,20,0.3,0.1,3,real,gradual,894,0.05,0.6,False,low,fast,real/gradual/K=3/low/fast/partial/imbalanced/noisy,0.0,-0.007526315789473714,magnitude,1.0
scn-6de87b592d47,0,PageHinkley,0.8342631578947368,0.034845890999804396,0,3.0,0.0,0.0,3.0,0.0,0.0,,0.0,0.0,1.0,,,inf,10318.0,,,0.0,10318.0,hyperplane_gauss,20000,20,0.3,0.1,3,real,gradual,894,0.05,0.6,False,low,fast,real/gradual/K=3/low/fast/partial/imbalanced/noisy,0.0,-0.007526315789473714,magnitude,1.0
scn-6de87b592d47,0,PageHinkley-up,0.8342631578947368,0.1075926570001684,0,3.0,0.0,0.0,3.0,0.0,0.0,,0.0,0.0,1.0,,,inf,10318.0,,,0.0,10318.0,hyperplane_gauss,20000,20,0.3,0.1,3,real,gradual,894,0.05,0.6,False,low,fast,real/gradual/K=3/low/fast/partial/imbalanced/noisy,0.0,-0.007526315789473714,magnitude,1.0
scn-6de87b592d47,0,DDM,0.8342631578947368,0.036381775999871024,0,3.0,0.0,0.0,3.0,0.0,0.0,,0.0,0.0,1.0,,,inf,10318.0,,,0.0,10318.0,hyperplane_gauss,20000,20,0.3,0.1,3,real,gradual,894,0.05,0.6,False,low,fast,real/gradual/K=3/low/fast/partial/imbalanced/noisy,0.0,-0.007526315789473714,magnitude,1.0
scn-6de87b592d47,0,EDDM,0.8224736842105264,0.050732652000078815,9,3.0,9.0,0.0,3.0,9.0,0.0,0.0,0.0,0.0,1.0,,,1146.4444444444443,1146.4444444444443,,,0.872262066291917,10318.0,hyperplane_gauss,20000,20,0.3,0.1,3,real,gradual,894,0.05,0.6,False,low,fast,real/gradual/K=3/low/fast/partial/imbalanced/noisy,-0.01178947368421046,0.0042631578947367466,magnitude,1.0
scn-6de87b592d47,0,HDDM_A,0.8342631578947368,0.08896474399989529,0,3.0,0.0,0.0,3.0,0.0,0.0,,0.0,0.0,1.0,,,inf,10318.0,,,0.0,10318.0,hyperplane_gauss,20000,20,0.3,0.1,3,real,gradual,894,0.05,0.6,False,low,fast,real/gradual/K=3/low/fast/partial/imbalanced/noisy,0.0,-0.007526315789473714,magnitude,1.0
scn-6de87b592d47,0,HDDM_W,0.829,0.07822672400016017,1,3.0,1.0,0.0,3.0,1.0,0.0,0.0,0.0,0.0,1.0,,,10318.0,10318.0,,,0.09691800736576855,10318.0,hyperplane_gauss,20000,20,0.3,0.1,3,real,gradual,894,0.05,0.6,False,low,fast,real/gradual/K=3/low/fast/partial/imbalanced/noisy,-0.0052631578947368585,-0.002263157894736856,magnitude,1.0
scn-6de87b592d47,0,FHDDM,0.8306315789473684,0.03299428699983764,1,3.0,1.0,1.0,2.0,0.0,0.0,1.0,0.3333333333333333,0.5,0.6666666666666667,1735.0,1735.0,inf,10318.0,inf,1.9823246878001917,0.0,10318.0,hyperplane_gauss,20000,20,0.3,0.1,3,real,gradual,894,0.05,0.6,False,low,fast,real/gradual/K=3/low/fast/partial/imbalanced/noisy,-0.00363157894736843,-0.003894736842105284,magnitude,1.0
scn-6de87b592d47,0,NoDrift,0.8342631578947368,0.026548886000000493,0,3.0,0.0,0.0,3.0,0.0,0.0,,0.0,0.0,1.0,,,inf,10318.0,,,0.0,10318.0,hyperplane_gauss,20000,20,0.3,0.1,3,real,gradual,894,0.05,0.6,False,low,fast,real/gradual/K=3/low/fast/partial/imbalanced/noisy,0.0,-0.007526315789473714,magnitude,1.0
scn-6de87b592d47,0,Periodic(2000),0.8055789473684211,0.028438306999760243,9,3.0,9.0,3.0,0.0,5.0,1.0,0.3333333333333333,1.0,0.5,0.0,1280.6666666666667,1614.0,2063.6,2063.6,1.6113482561166057,1.6113482561166057,0.4845900368288428,10318.0,hyperplane_gauss,20000,20,0.3,0.1,3,real,gradual,894,0.05,0.6,False,low,fast,real/gradual/K=3/low/fast/partial/imbalanced/noisy,-0.028684210526315757,0.021157894736842042,magnitude,1.0
scn-6de87b592d47,0,Oracle,0.8267368421052631,0.03269600400017225,3,3.0,3.0,3.0,0.0,0.0,0.0,1.0,1.0,1.0,0.0,448.0,448.0,inf,10318.0,inf,23.03125,0.0,10318.0,hyperplane_gauss,20000,20,0.3,0.1,3,real,gradual,894,0.05,0.6,False,low,fast,real/gradual/K=3/low/fast/partial/imbalanced/noisy,-0.007526315789473714,-0.0,magnitude,1.0
scn-4726c9314b48,1,ADWIN,0.8461052631578947,0.03071919900003195,0,3.0,0.0,0.0,3.0,0.0,0.0,,0.0,0.0,1.0,,,inf,10318.0,,,0.0,10318.0,hyperplane_gauss,20000,20,0.3,0.1,3,real,gradual,894,0.05,0.6,False,low,fast,real/gradual/K=3/low/fast/partial/imbalanced/noisy,0.0,-0.013105263157894731,magnitude,1.0
scn-4726c9314b48,1,PageHinkley,0.8441578947368421,0.03535988699968584,1,3.0,1.0,0.0,3.0,1.0,0.0,0.0,0.0,0.0,1.0,,,10318.0,10318.0,,,0.09691800736576855,10318.0,hyperplane_gauss,20000,20,0.3,0.1,3,real,gradual,894,0.05,0.6,False,low,fast,real/gradual/K=3/low/fast/partial/imbalanced/noisy,-0.0019473684210525866,-0.011157894736842144,magnitude,1.0
scn-4726c9314b48,1,PageHinkley-up,0.8441578947368421,0.045380282000223815,1,3.0,1.0,0.0,3.0,1.0,0.0,0.0,0.0,0.0,1.0,,,10318.0,10318.0,,,0.09691800736576855,10318.0,hyperplane_gauss,20000,20,0.3,0.1,3,real,gradual,894,0.05,0.6,False,low,fast,real/gradual/K=3/low/fast/partial/imbalanced/noisy,-0.0019473684210525866,-0.011157894736842144,magnitude,1.0
scn-4726c9314b48,1,DDM,0.8461052631578947,0.052557896000053006,0,3.0,0.0,0.0,3.0,0.0,0.0,,0.0,0.0,1.0,,,inf,10318.0,,,0.0,10318.0,hyperplane_gauss,20000,20,0.3,0.1,3,real,gradual,894,0.05,0.6,False,low,fast,real/gradual/K=3/low/fast/partial/imbalanced/noisy,0.0,-0.013105263157894731,magnitude,1.0
scn-4726c9314b48,1,EDDM,0.8369473684210527,0.0382036410001092,3,3.0,3.0,0.0,3.0,3.0,0.0,0.0,0.0,0.0,1.0,,,3439.3333333333335,3439.3333333333335,,,0.29075402209730566,10318.0,hyperplane_gauss,20000,20,0.3,0.1,3,real,gradual,894,0.05,0.6,False,low,fast,real/gradual/K=3/low/fast/partial/imbalanced/noisy,-0.009157894736842032,-0.003947368421052699,magnitude,1.0
scn-4726c9314b48,1,HDDM_A,0.8461052631578947,0.07613669700003811,0,3.0,0.0,0.0,3.0,0.0,0.0,,0.0,0.0,1.0,,,inf,10318.0,,,0.0,10318.0,hyperplane_gauss,20000,20,0.3,0.1,3,real,gradual,894,0.05,0.6,False,low,fast,real/gradual/K=3/low/fast/partial/imbalanced/noisy,0.0,-0.013105263157894731,magnitude,1.0
scn-4726c9314b48,1,HDDM_W,0.8461052631578947,0.0870612980002079,0,3.0,0.0,0.0,3.0,0.0,0.0,,0.0,0.0,1.0,,,inf,10318.0,,,0.0,10318.0,hyperplane_gauss,20000,20,0.3,0.1,3,real,gradual,894,0.05,0.6,False,low,fast,real/gradual/K=3/low/fast/partial/imbalanced/noisy,0.0,-0.013105263157894731,magnitude,1.0
scn-4726c9314b48,1,FHDDM,0.8461052631578947,0.035009433000141144,0,3.0,0.0,0.0,3.0,0.0,0.0,,0.0,0.0,1.0,,,inf,10318.0,,,0.0,10318.0,hyperplane_gauss,20000,20,0.3,0.1,3,real,gradual,894,0.05,0.6,False,low,fast,real/gradual/K=3/low/fast/partial/imbalanced/noisy,0.0,-0.013105263157894731,magnitude,1.0
scn-4726c9314b48,1,NoDrift,0.8461052631578947,0.02555810499961808,0,3.0,0.0,0.0,3.0,0.0,0.0,,0.0,0.0,1.0,,,inf,10318.0,,,0.0,10318.0,hyperplane_gauss,20000,20,0.3,0.1,3,real,gradual,894,0.05,0.6,False,low,fast,real/gradual/K=3/low/fast/partial/imbalanced/noisy,0.0,-0.013105263157894731,magnitude,1.0
scn-4726c9314b48,1,Periodic(2000),0.8139473684210526,0.028012181000121927,9,3.0,9.0,3.0,0.0,5.0,1.0,0.3333333333333333,1.0,0.5,0.0,1280.6666666666667,1614.0,2063.6,2063.6,1.6113482561166057,1.6113482561166057,0.4845900368288428,10318.0,hyperplane_gauss,20000,20,0.3,0.1,3,real,gradual,894,0.05,0.6,False,low,fast,real/gradual/K=3/low/fast/partial/imbalanced/noisy,-0.03215789473684205,0.01905263157894732,magnitude,1.0
scn-4726c9314b48,1,Oracle,0.833,0.03229023799985953,3,3.0,3.0,3.0,0.0,0.0,0.0,1.0,1.0,1.0,0.0,448.0,448.0,inf,10318.0,inf,23.03125,0.0,10318.0,hyperplane_gauss,20000,20,0.3,0.1,3,real,gradual,894,0.05,0.6,False,low,fast,real/gradual/K=3/low/fast/partial/imbalanced/noisy,-0.013105263157894731,-0.0,magnitude,1.0
scn-646d97682861,2,ADWIN,0.8372105263157895,0.02984243399987463,0,3.0,0.0,0.0,3.0,0.0,0.0,,0.0,0.0,1.0,,,inf,10318.0,,,0.0,10318.0,hyperplane_gauss,20000,20,0.3,0.1,3,real,gradual,894,0.05,0.6,False,low,fast,real/gradual/K=3/low/fast/partial/imbalanced/noisy,0.0,-0.004315789473684273,magnitude,1.0
scn-646d97682861,2,PageHinkley,0.8372105263157895,0.03423886600012338,0,3.0,0.0,0.0,3.0,0.0,0.0,,0.0,0.0,1.0,,,inf,10318.0,,,0.0,10318.0,hyperplane_gauss,20000,20,0.3,0.1,3,real,gradual,894,0.05,0.6,False,low,fast,real/gradual/K=3/low/fast/partial/imbalanced/noisy,0.0,-0.004315789473684273,magnitude,1.0
scn-646d97682861,2,PageHinkley-up,0.8372105263157895,0.06170141099983084,0,3.0,0.0,0.0,3.0,0.0,0.0,,0.0,0.0,1.0,,,inf,10318.0,,,0.0,10318.0,hyperplane_gauss,20000,20,0.3,0.1,3,real,gradual,894,0.05,0.6,False,low,fast,real/gradual/K=3/low/fast/partial/imbalanced/noisy,0.0,-0.004315789473684273,magnitude,1.0
scn-646d97682861,2,DDM,0.8372105263157895,0.03554185700022572,0,3.0,0.0,0.0,3.0,0.0,0.0,,0.0,0.0,1.0,,,inf,10318.0,,,0.0,10318.0,hyperplane_gauss,20000,20,0.3,0.1,3,real,gradual,894,0.05,0.6,False,low,fast,real/gradual/K=3/low/fast/partial/imbalanced/noisy,0.0,-0.004315789473684273,magnitude,1.0
scn-646d97682861,2,EDDM,0.8347368421052631,0.035487734000071214,2,3.0,2.0,0.0,3.0,2.0,0.0,0.0,0.0,0.0,1.0,,,5159.0,5159.0,,,0.1938360147315371,10318.0,hyperplane_gauss,20000,20,0.3,0.1,3,real,gradual,894,0.05,0.6,False,low,fast,real/gradual/K=3/low/fast/partial/imbalanced/noisy,-0.0024736842105264056,-0.0018421052631578672,magnitude,1.0
scn-646d97682861,2,HDDM_A,0.8372105263157895,0.08282823699983055,0,3.0,0.0,0.0,3.0,0.0,0.0,,0.0,0.0,1.0,,,inf,10318.0,,,0.0,10318.0,hyperplane_gauss,20000,20,0.3,0.1,3,real,gradual,894,0.05,0.6,False,low,fast,real/gradual/K=3/low/fast/partial/imbalanced/noisy,0.0,-0.004315789473684273,magnitude,1.0
scn-646d97682861,2,HDDM_W,0.8365789473684211,0.08737990600002377,1,3.0,1.0,0.0,3.0,1.0,0.0,0.0,0.0,0.0,1.0,,,10318.0,10318.0,,,0.09691800736576855,10318.0,hyperplane_gauss,20000,20,0.3,0.1,3,real,gradual,894,0.05,0.6,False,low,fast,real/gradual/K=3/low/fast/partial/imbalanced/noisy,-0.0006315789473684275,-0.0036842105263158453,magnitude,1.0
scn-646d97682861,2,FHDDM,0.8372105263157895,0.03262515699998403,0,3.0,0.0,0.0,3.0,0.0,0.0,,0.0,0.0,1.0,,,inf,10318.0,,,0.0,10318.0,hyperplane_gauss,20000,20,0.3,0.1,3,real,gradual,894,0.05,0.6,False,low,fast,real/gradual/K=3/low/fast/partial/imbalanced/noisy,0.0,-0.004315789473684273,magnitude,1.0
scn-646d97682861,2,NoDrift,0.8372105263157895,0.025794358999974065,0,3.0,0.0,0.0,3.0,0.0,0.0,,0.0,0.0,1.0,,,inf,10318.0,,,0.0,10318.0,hyperplane_gauss,20000,20,0.3,0.1,3,real,gradual,894,0.05,0.6,False,low,fast,real/gradual/K=3/low/fast/partial/imbalanced/noisy,0.0,-0.004315789473684273,magnitude,1.0
scn-646d97682861,2,Periodic(2000),0.8082631578947368,0.028240844000265497,9,3.0,9.0,3.0,0.0,5.0,1.0,0.3333333333333333,1.0,0.5,0.0,1280.6666666666667,1614.0,2063.6,2063.6,1.6113482561166057,1.6113482561166057,0.4845900368288428,10318.0,hyperplane_gauss,20000,20,0.3,0.1,3,real,gradual,894,0.05,0.6,False,low,fast,real/gradual/K=3/low/fast/partial/imbalanced/noisy,-0.02894736842105272,0.02463157894736845,magnitude,1.0
scn-646d97682861,2,Oracle,0.8328947368421052,0.032926153000062186,3,3.0,3.0,3.0,0.0,0.0,0.0,1.0,1.0,1.0,0.0,448.0,448.0,inf,10318.0,inf,23.03125,0.0,10318.0,hyperplane_gauss,20000,20,0.3,0.1,3,real,gradual,894,0.05,0.6,False,low,fast,real/gradual/K=3/low/fast/partial/imbalanced/noisy,-0.004315789473684273,-0.0,magnitude,1.0
scn-503ceb55ce97,0,ADWIN,0.8052105263157895,0.032884262000152376,1,3.0,1.0,0.0,3.0,1.0,0.0,0.0,0.0,0.0,1.0,,,10318.0,10318.0,,,0.09691800736576855,10318.0,hyperplane_gauss,20000,20,0.3,0.1,3,real,gradual,894,0.1414213562373095,1.0,False,medium,fast,real/gradual/K=3/medium/fast/global/imbalanced/noisy,0.0010000000000000009,0.02200000000000002,affected_share,0.0
scn-503ceb55ce97,0,PageHinkley,0.7978947368421052,0.04695926500016867,11,3.0,11.0,3.0,0.0,6.0,2.0,0.2727272727272727,1.0,0.42857142857142855,0.0,1548.0,1392.0,1719.6666666666667,1719.6666666666667,1.1108957795004306,1.1108957795004306,0.5815080441946113,10318.0,hyperplane_gauss,20000,20,0.3,0.1,3,real,gradual,894,0.1414213562373095,1.0,False,medium,fast,real/gradual/K=3/medium/fast/global/imbalanced/noisy,-0.006315789473684275,0.029315789473684295,affected_share,0.0
scn-503ceb55ce97,0,PageHinkley-up,0.8174736842105264,0.038603173999945284,3,3.0,3.0,3.0,0.0,0.0,0.0,1.0,1.0,1.0,0.0,1529.6666666666667,1574.0,inf,10318.0,inf,6.745260405317063,0.0,10318.0,hyperplane_gauss,20000,20,0.3,0.1,3,real,gradual,894,0.1414213562373095,1.0,False,medium,fast,real/gradual/K=3/medium/fast/global/imbalanced/noisy,0.013263157894736866,0.009736842105263155,affected_share,0.0
scn-503ceb55ce97,0,DDM,0.8135263157894737,0.03811163399996076,2,3.0,2.0,1.0,2.0,1.0,0.0,0.5,0.3333333333333333,0.4,0.6666666666666667,1868.0,1868.0,10318.0,10318.0,1.8411848679514626,1.8411848679514626,0.09691800736576855,10318.0,hyperplane_gauss,20000,20,0.3,0.1,3,real,gradual,894,0.1414213562373095,1.0,False,medium,fast,real/gradual/K=3/medium/fast/global/imbalanced/noisy,0.009315789473684166,0.013684210526315854,affected_share,0.0
scn-503ceb55ce97,0,EDDM,0.8003157894736842,0.050794256999779464,9,3.0,9.0,0.0,3.0,9.0,0.0,0.0,0.0,0.0,1.0,,,1146.4444444444443,1146.4444444444443,,,0.872262066291917,10318.0,hyperplane_gauss,20000,20,0.3,0.1,3,real,gradual,894,0.1414213562373095,1.0,False,medium,fast,real/gradual/K=3/medium/fast/global/imbalanced/noisy,-0.003894736842105284,0.026894736842105305,affected_share,0.0
scn-503ceb55ce97,0,HDDM_A,0.8038947368421052,0.07656606099999408,1,3.0,1.0,0.0,3.0,1.0,0.0,0.0,0.0,0.0,1.0,,,10318.0,10318.0,,,0.09691800736576855,10318.0,hyperplane_gauss,20000,20,0.3,0.1,3,real,gradual,894,0.1414213562373095,1.0,False,medium,fast,real/gradual/K=3/medium/fast/global/imbalanced/noisy,-0.00031578947368426924,0.02331578947368429,affected_share,0.0
scn-503ceb55ce97,0,HDDM_W,0.8107894736842105,0.0759906539997246,1,3.0,1.0,0.0,3.0,1.0,0.0,0.0,0.0,0.0,1.0,,,10318.0,10318.0,,,0.09691800736576855,10318.0,hyperplane_gauss,20000,20,0.3,0.1,3,real,gradual,894,0.1414213562373095,1.0,False,medium,fast,real/gradual/K=3/medium/fast/global/imbalanced/noisy,0.006578947368421018,0.016421052631579003,affected_share,0.0
scn-503ceb55ce97,0,FHDDM,0.8042105263157895,0.03141444600032628,0,3.0,0.0,0.0,3.0,0.0,0.0,,0.0,0.0,1.0,,,inf,10318.0,,,0.0,10318.0,hyperplane_gauss,20000,20,0.3,0.1,3,real,gradual,894,0.1414213562373095,1.0,False,medium,fast,real/gradual/K=3/medium/fast/global/imbalanced/noisy,0.0,0.02300000000000002,affected_share,0.0
scn-503ceb55ce97,0,NoDrift,0.8042105263157895,0.025682636000055936,0,3.0,0.0,0.0,3.0,0.0,0.0,,0.0,0.0,1.0,,,inf,10318.0,,,0.0,10318.0,hyperplane_gauss,20000,20,0.3,0.1,3,real,gradual,894,0.1414213562373095,1.0,False,medium,fast,real/gradual/K=3/medium/fast/global/imbalanced/noisy,0.0,0.02300000000000002,affected_share,0.0
scn-503ceb55ce97,0,Periodic(2000),0.8008947368421052,0.027546497999992425,9,3.0,9.0,3.0,0.0,5.0,1.0,0.3333333333333333,1.0,0.5,0.0,1280.6666666666667,1614.0,2063.6,2063.6,1.6113482561166057,1.6113482561166057,0.4845900368288428,10318.0,hyperplane_gauss,20000,20,0.3,0.1,3,real,gradual,894,0.1414213562373095,1.0,False,medium,fast,real/gradual/K=3/medium/fast/global/imbalanced/noisy,-0.003315789473684272,0.026315789473684292,affected_share,0.0
scn-503ceb55ce97,0,Oracle,0.8272105263157895,0.03139876399973218,3,3.0,3.0,3.0,0.0,0.0,0.0,1.0,1.0,1.0,0.0,448.0,448.0,inf,10318.0,inf,23.03125,0.0,10318.0,hyperplane_gauss,20000,20,0.3,0.1,3,real,gradual,894,0.1414213562373095,1.0,False,medium,fast,real/gradual/K=3/medium/fast/global/imbalanced/noisy,0.02300000000000002,-0.0,affected_share,0.0
scn-b94bd65df924,1,ADWIN,0.8086315789473684,0.03174714499982656,1,3.0,1.0,0.0,3.0,1.0,0.0,0.0,0.0,0.0,1.0,,,10318.0,10318.0,,,0.09691800736576855,10318.0,hyperplane_gauss,20000,20,0.3,0.1,3,real,gradual,894,0.1414213562373095,1.0,False,medium,fast,real/gradual/K=3/medium/fast/global/imbalanced/noisy,-0.0008421052631579773,0.023736842105263167,affected_share,0.0
scn-b94bd65df924,1,PageHinkley,0.8144736842105263,0.03864953499987678,5,3.0,5.0,2.0,1.0,3.0,0.0,0.4,0.6666666666666666,0.5,0.33333333333333337,1919.5,1919.5,3439.3333333333335,3439.3333333333335,1.1945240369309138,1.1945240369309138,0.29075402209730566,10318.0,hyperplane_gauss,20000,20,0.3,0.1,3,real,gradual,894,0.1414213562373095,1.0,False,medium,fast,real/gradual/K=3/medium/fast/global/imbalanced/noisy,0.0050000000000000044,0.017894736842105186,affected_share,0.0
scn-b94bd65df924,1,PageHinkley-up,0.8222631578947368,0.03903070500018657,3,3.0,3.0,3.0,0.0,0.0,0.0,1.0,1.0,1.0,0.0,1512.0,1659.0,inf,10318.0,inf,6.824074074074074,0.0,10318.0,hyperplane_gauss,20000,20,0.3,0.1,3,real,gradual,894,0.1414213562373095,1.0,False,medium,fast,real/gradual/K=3/medium/fast/global/imbalanced/noisy,0.012789473684210462,0.010105263157894728,affected_share,0.0
scn-b94bd65df924,1,DDM,0.8094736842105263,0.033909928999946715,0,3.0,0.0,0.0,3.0,0.0,0.0,,0.0,0.0,1.0,,,inf,10318.0,,,0.0,10318.0,hyperplane_gauss,20000,20,0.3,0.1,3,real,gradual,894,0.1414213562373095,1.0,False,medium,fast,real/gradual/K=3/medium/fast/global/imbalanced/noisy,0.0,0.02289473684210519,affected_share,0.0
scn-b94bd65df924,1,EDDM,0.8064210526315789,0.03716868399988016,3,3.0,3.0,0.0,3.0,3.0,0.0,0.0,0.0,0.0,1.0,,,3439.3333333333335,3439.3333333333335,,,0.29075402209730566,10318.0,hyperplane_gauss,20000,20,0.3,0.1,3,real,gradual,894,0.1414213562373095,1.0,False,medium,fast,real/gradual/K=3/medium/fast/global/imbalanced/noisy,-0.003052631578947418,0.025947368421052608,affected_share,0.0
scn-b94bd65df924,1,HDDM_A,0.8094736842105263,0.07055507299992314,0,3.0,0.0,0.0,3.0,0.0,0.0,,0.0,0.0,1.0,,,inf,10318.0,,,0.0,10318.0,hyperplane_gauss,20000,20,0.3,0.1,3,real,gradual,894,0.1414213562373095,1.0,False,medium,fast,real/gradual/K=3/medium/fast/global/imbalanced/noisy,0.0,0.02289473684210519,affected_share,0.0
scn-b94bd65df924,1,HDDM_W,0.8094736842105263,0.07368517099985183,0,3.0,0.0,0.0,3.0,0.0,0.0,,0.0,0.0,1.0,,,inf,10318.0,,,0.0,10318.0,hyperplane_gauss,20000,20,0.3,0.1,3,real,gradual,894,0.1414213562373095,1.0,False,medium,fast,real/gradual/K=3/medium/fast/global/imbalanced/noisy,0.0,0.02289473684210519,affected_share,0.0
scn-b94bd65df924,1,FHDDM,0.8094736842105263,0.031738718999804405,0,3.0,0.0,0.0,3.0,0.0,0.0,,0.0,0.0,1.0,,,inf,10318.0,,,0.0,10318.0,hyperplane_gauss,20000,20,0.3,0.1,3,real,gradual,894,0.1414213562373095,1.0,False,medium,fast,real/gradual/K=3/medium/fast/global/imbalanced/noisy,0.0,0.02289473684210519,affected_share,0.0
scn-b94bd65df924,1,NoDrift,0.8094736842105263,0.026366139999936422,0,3.0,0.0,0.0,3.0,0.0,0.0,,0.0,0.0,1.0,,,inf,10318.0,,,0.0,10318.0,hyperplane_gauss,20000,20,0.3,0.1,3,real,gradual,894,0.1414213562373095,1.0,False,medium,fast,real/gradual/K=3/medium/fast/global/imbalanced/noisy,0.0,0.02289473684210519,affected_share,0.0
scn-b94bd65df924,1,Periodic(2000),0.8071052631578948,0.02777959400009422,9,3.0,9.0,3.0,0.0,5.0,1.0,0.3333333333333333,1.0,0.5,0.0,1280.6666666666667,1614.0,2063.6,2063.6,1.6113482561166057,1.6113482561166057,0.4845900368288428,10318.0,hyperplane_gauss,20000,20,0.3,0.1,3,real,gradual,894,0.1414213562373095,1.0,False,medium,fast,real/gradual/K=3/medium/fast/global/imbalanced/noisy,-0.002368421052631575,0.025263157894736765,affected_share,0.0
scn-b94bd65df924,1,Oracle,0.8323684210526315,0.031991491000098904,3,3.0,3.0,3.0,0.0,0.0,0.0,1.0,1.0,1.0,0.0,448.0,448.0,inf,10318.0,inf,23.03125,0.0,10318.0,hyperplane_gauss,20000,20,0.3,0.1,3,real,gradual,894,0.1414213562373095,1.0,False,medium,fast,real/gradual/K=3/medium/fast/global/imbalanced/noisy,0.02289473684210519,-0.0,affected_share,0.0
scn-011db9564871,2,ADWIN,0.8213684210526315,0.032924136000019644,2,3.0,2.0,2.0,1.0,0.0,0.0,1.0,0.6666666666666666,0.8,0.33333333333333337,1372.5,1372.5,inf,10318.0,inf,5.01177899210686,0.0,10318.0,hyperplane_gauss,20000,20,0.3,0.1,3,real,gradual,894,0.1414213562373095,1.0,False,medium,fast,real/gradual/K=3/medium/fast/global/imbalanced/noisy,0.014947368421052598,0.011263157894736864,affected_share,0.0
scn-011db9564871,2,PageHinkley,0.7995789473684211,0.04990371600024446,11,3.0,11.0,2.0,1.0,7.0,2.0,0.18181818181818182,0.6666666666666666,0.28571428571428575,0.33333333333333337,1400.0,1400.0,1474.0,1474.0,0.7019047619047619,0.7019047619047619,0.6784260515603799,10318.0,hyperplane_gauss,20000,20,0.3,0.1,3,real,gradual,894,0.1414213562373095,1.0,False,medium,fast,real/gradual/K=3/medium/fast/global/imbalanced/noisy,-0.006842105263157872,0.033052631578947334,affected_share,0.0
scn-011db9564871,2,PageHinkley-up,0.827,0.037367369000094186,3,3.0,3.0,3.0,0.0,0.0,0.0,1.0,1.0,1.0,0.0,1479.6666666666667,1212.0,inf,10318.0,inf,6.9731921603964855,0.0,10318.0,hyperplane_gauss,20000,20,0.3,0.1,3,real,gradual,894,0.1414213562373095,1.0,False,medium,fast,real/gradual/K=3/medium/fast/global/imbalanced/noisy,0.02057894736842103,0.005631578947368432,affected_share,0.0
scn-011db9564871,2,DDM,0.8231578947368421,0.042140925000239804,3,3.0,3.0,3.0,0.0,0.0,0.0,1.0,1.0,1.0,0.0,1629.6666666666667,1621.0,inf,10318.0,inf,6.331356105543056,0.0,10318.0,hyperplane_gauss,20000,20,0.3,0.1,3,real,gradual,894,0.1414213562373095,1.0,False,medium,fast,real/gradual/K=3/medium/fast/global/imbalanced/noisy,0.01673684210526316,0.0094736842105263,affected_share,0.0
scn-011db9564871,2,EDDM,0.8072105263157895,0.03521612699978505,2,3.0,2.0,0.0,3.0,2.0,0.0,0.0,0.0,0.0,1.0,,,5159.0,5159.0,,,0.1938360147315371,10318.0,hyperplane_gauss,20000,20,0.3,0.1,3,real,gradual,894,0.1414213562373095,1.0,False,medium,fast,real/gradual/K=3/medium/fast/global/imbalanced/noisy,0.0007894736842105621,0.0254210526315789,affected_share,0.0
scn-011db9564871,2,HDDM_A,0.8063684210526316,0.07535824299975502,1,3.0,1.0,0.0,3.0,1.0,0.0,0.0,0.0,0.0,1.0,,,10318.0,10318.0,,,0.09691800736576855,10318.0,hyperplane_gauss,20000,20,0.3,0.1,3,real,gradual,894,0.1414213562373095,1.0,False,medium,fast,real/gradual/K=3/medium/fast/global/imbalanced/noisy,-5.263157894730419e-05,0.026263157894736766,affected_share,0.0
scn-011db9564871,2,HDDM_W,0.8253684210526315,0.08285296600024594,3,3.0,3.0,2.0,1.0,1.0,0.0,0.6666666666666666,0.6666666666666666,0.6666666666666666,0.33333333333333337,695.0,695.0,10318.0,10318.0,9.89736211031175,9.89736211031175,0.09691800736576855,10318.0,hyperplane_gauss,20000,20,0.3,0.1,3,real,gradual,894,0.1414213562373095,1.0,False,medium,fast,real/gradual/K=3/medium/fast/global/imbalanced/noisy,0.0189473684210526,0.00726315789473686,affected_share,0.0
scn-011db9564871,2,FHDDM,0.8165263157894737,0.03224927500014019,1,3.0,1.0,1.0,2.0,0.0,0.0,1.0,0.3333333333333333,0.5,0.6666666666666667,950.0,950.0,inf,10318.0,inf,3.620350877192982,0.0,10318.0,hyperplane_gauss,20000,20,0.3,0.1,3,real,gradual,894,0.1414213562373095,1.0,False,medium,fast,real/gradual/K=3/medium/fast/global/imbalanced/noisy,0.010105263157894728,0.016105263157894734,affected_share,0.0
scn-011db9564871,2,NoDrift,0.8064210526315789,0.025661467999725573,0,3.0,0.0,0.0,3.0,0.0,0.0,,0.0,0.0,1.0,,,inf,10318.0,,,0.0,10318.0,hyperplane_gauss,20000,20,0.3,0.1,3,real,gradual,894,0.1414213562373095,1.0,False,medium,fast,real/gradual/K=3/medium/fast/global/imbalanced/noisy,0.0,0.026210526315789462,affected_share,0.0
scn-011db9564871,2,Periodic(2000),0.8063157894736842,0.02895536500000162,9,3.0,9.0,3.0,0.0,5.0,1.0,0.3333333333333333,1.0,0.5,0.0,1280.6666666666667,1614.0,2063.6,2063.6,1.6113482561166057,1.6113482561166057,0.4845900368288428,10318.0,hyperplane_gauss,20000,20,0.3,0.1,3,real,gradual,894,0.1414213562373095,1.0,False,medium,fast,real/gradual/K=3/medium/fast/global/imbalanced/noisy,-0.0001052631578947194,0.02631578947368418,affected_share,0.0
scn-011db9564871,2,Oracle,0.8326315789473684,0.03644952700005888,3,3.0,3.0,3.0,0.0,0.0,0.0,1.0,1.0,1.0,0.0,448.0,448.0,inf,10318.0,inf,23.03125,0.0,10318.0,hyperplane_gauss,20000,20,0.3,0.1,3,real,gradual,894,0.1414213562373095,1.0,False,medium,fast,real/gradual/K=3/medium/fast/global/imbalanced/noisy,0.026210526315789462,-0.0,affected_share,0.0
scn-19f10f74bacc,0,ADWIN,0.8106842105263158,0.032598968999991484,1,3.0,1.0,1.0,2.0,0.0,0.0,1.0,0.3333333333333333,0.5,0.6666666666666667,1326.0,1326.0,inf,10318.0,inf,2.5937657114127695,0.0,10318.0,hyperplane_gauss,20000,20,0.3,0.1,3,real,gradual,894,0.1414213562373095,0.8,False,medium,fast,real/gradual/K=3/medium/fast/partial/imbalanced/noisy,0.007842105263157872,0.01563157894736844,affected_share,0.25
scn-19f10f74bacc,0,PageHinkley,0.8045789473684211,0.04066676599995844,8,3.0,8.0,3.0,0.0,3.0,2.0,0.375,1.0,0.5454545454545454,0.0,1398.6666666666667,1426.0,3439.3333333333335,3439.3333333333335,2.459008579599619,2.459008579599619,0.29075402209730566,10318.0,hyperplane_gauss,20000,20,0.3,0.1,3,real,gradual,894,0.1414213562373095,0.8,False,medium,fast,real/gradual/K=3/medium/fast/partial/imbalanced/noisy,0.0017368421052631478,0.021736842105263166,affected_share,0.25
scn-19f10f74bacc,0,PageHinkley-up,0.8170526315789474,0.0397935719997804,3,3.0,3.0,3.0,0.0,0.0,0.0,1.0,1.0,1.0,0.0,1703.6666666666667,1922.0,inf,10318.0,inf,6.056349051066327,0.0,10318.0,hyperplane_gauss,20000,20,0.3,0.1,3,real,gradual,894,0.1414213562373095,0.8,False,medium,fast,real/gradual/K=3/medium/fast/partial/imbalanced/noisy,0.014210526315789451,0.009263157894736862,affected_share,0.25
scn-19f10f74bacc,0,DDM,0.8145789473684211,0.03867218600043998,2,3.0,2.0,2.0,1.0,0.0,0.0,1.0,0.6666666666666666,0.8,0.33333333333333337,1692.0,1692.0,inf,10318.0,inf,4.065405831363278,0.0,10318.0,hyperplane_gauss,20000,20,0.3,0.1,3,real,gradual,894,0.1414213562373095,0.8,False,medium,fast,real/gradual/K=3/medium/fast/partial/imbalanced/noisy,0.011736842105263157,0.011736842105263157,affected_share,0.25
scn-19f10f74bacc,0,EDDM,0.7991578947368421,0.05003302499972051,9,3.0,9.0,0.0,3.0,9.0,0.0,0.0,0.0,0.0,1.0,,,1146.4444444444443,1146.4444444444443,,,0.872262066291917,10318.0,hyperplane_gauss,20000,20,0.3,0.1,3,real,gradual,894,0.1414213562373095,0.8,False,medium,fast,real/gradual/K=3/medium/fast/partial/imbalanced/noisy,-0.0036842105263158453,0.02715789473684216,affected_share,0.25
scn-19f10f74bacc,0,HDDM_A,0.807,0.07815460900019389,1,3.0,1.0,1.0,2.0,0.0,0.0,1.0,0.3333333333333333,0.5,0.6666666666666667,2312.0,2312.0,inf,10318.0,inf,1.4876009227220297,0.0,10318.0,hyperplane_gauss,20000,20,0.3,0.1,3,real,gradual,894,0.1414213562373095,0.8,False,medium,fast,real/gradual/K=3/medium/fast/partial/imbalanced/noisy,0.004157894736842138,0.019315789473684175,affected_share,0.25
scn-19f10f74bacc,0,HDDM_W,0.8172631578947368,0.07572915600030683,1,3.0,1.0,1.0,2.0,0.0,0.0,1.0,0.3333333333333333,0.5,0.6666666666666667,463.0,463.0,inf,10318.0,inf,7.428365730741539,0.0,10318.0,hyperplane_gauss,20000,20,0.3,0.1,3,real,gradual,894,0.1414213562373095,0.8,False,medium,fast,real/gradual/K=3/medium/fast/partial/imbalanced/noisy,0.01442105263157889,0.009052631578947423,affected_share,0.25
scn-19f10f74bacc,0,FHDDM,0.8078947368421052,0.033044060000065656,1,3.0,1.0,1.0,2.0,0.0,0.0,1.0,0.3333333333333333,0.5,0.6666666666666667,1692.0,1692.0,inf,10318.0,inf,2.0327029156816385,0.0,10318.0,hyperplane_gauss,20000,20,0.3,0.1,3,real,gradual,894,0.1414213562373095,0.8,False,medium,fast,real/gradual/K=3/medium/fast/partial/imbalanced/noisy,0.005052631578947309,0.018421052631579005,affected_share,0.25
scn-19f10f74bacc,0,NoDrift,0.8028421052631579,0.026696156000070914,0,3.0,0.0,0.0,3.0,0.0,0.0,,0.0,0.0,1.0,,,inf,10318.0,,,0.0,10318.0,hyperplane_gauss,20000,20,0.3,0.1,3,real,gradual,894,0.1414213562373095,0.8,False,medium,fast,real/gradual/K=3/medium/fast/partial/imbalanced/noisy,0.0,0.023473684210526313,affected_share,0.25
scn-19f10f74bacc,0,Periodic(2000),0.8037368421052632,0.027762449999954697,9,3.0,9.0,3.0,0.0,5.0,1.0,0.3333333333333333,1.0,0.5,0.0,1280.6666666666667,1614.0,2063.6,2063.6,1.6113482561166057,1.6113482561166057,0.4845900368288428,10318.0,hyperplane_gauss,20000,20,0.3,0.1,3,real,gradual,894,0.1414213562373095,0.8,False,medium,fast,real/gradual/K=3/medium/fast/partial/imbalanced/noisy,0.0008947368421052815,0.022578947368421032,affected_share,0.25
scn-19f10f74bacc,0,Oracle,0.8263157894736842,0.03541583099968193,3,3.0,3.0,3.0,0.0,0.0,0.0,1.0,1.0,1.0,0.0,448.0,448.0,inf,10318.0,inf,23.03125,0.0,10318.0,hyperplane_gauss,20000,20,0.3,0.1,3,real,gradual,894,0.1414213562373095,0.8,False,medium,fast,real/gradual/K=3/medium/fast/partial/imbalanced/noisy,0.023473684210526313,-0.0,affected_share,0.25
scn-343b9e37901b,1,ADWIN,0.8217368421052632,0.03062202299997807,1,3.0,1.0,1.0,2.0,0.0,0.0,1.0,0.3333333333333333,0.5,0.6666666666666667,878.0,878.0,inf,10318.0,inf,3.91723614274867,0.0,10318.0,hyperplane_gauss,20000,20,0.3,0.1,3,real,gradual,894,0.1414213562373095,0.8,False,medium,fast,real/gradual/K=3/medium/fast/partial/imbalanced/noisy,0.011947368421052706,0.010315789473684167,affected_share,0.25
scn-343b9e37901b,1,PageHinkley,0.8080526315789474,0.0484329070000058,9,3.0,9.0,3.0,0.0,5.0,1.0,0.3333333333333333,1.0,0.5,0.0,1192.6666666666667,1366.0,2063.6,2063.6,1.7302403577417549,1.7302403577417549,0.4845900368288428,10318.0,hyperplane_gauss,20000,20,0.3,0.1,3,real,gradual,894,0.1414213562373095,0.8,False,medium,fast,real/gradual/K=3/medium/fast/partial/imbalanced/noisy,-0.0017368421052631478,0.02400000000000002,affected_share,0.25
scn-343b9e37901b,1,PageHinkley-up,0.8225789473684211,0.03947138100011216,3,3.0,3.0,3.0,0.0,0.0,0.0,1.0,1.0,1.0,0.0,1774.0,1702.0,inf,10318.0,inf,5.816234498308907,0.0,10318.0,hyperplane_gauss,20000,20,0.3,0.1,3,real,gradual,894,0.1414213562373095,0.8,False,medium,fast,real/gradual/K=3/medium/fast/partial/imbalanced/noisy,0.012789473684210573,0.0094736842105263,affected_share,0.25
scn-343b9e37901b,1,DDM,0.8097894736842105,0.033635894000326516,0,3.0,0.0,0.0,3.0,0.0,0.0,,0.0,0.0,1.0,,,inf,10318.0,,,0.0,10318.0,hyperplane_gauss,20000,20,0.3,0.1,3,real,gradual,894,0.1414213562373095,0.8,False,medium,fast,real/gradual/K=3/medium/fast/partial/imbalanced/noisy,0.0,0.022263157894736874,affected_share,0.25
scn-343b9e37901b,1,EDDM,0.805,0.036728191999827686,3,3.0,3.0,0.0,3.0,3.0,0.0,0.0,0.0,0.0,1.0,,,3439.3333333333335,3439.3333333333335,,,0.29075402209730566,10318.0,hyperplane_gauss,20000,20,0.3,0.1,3,real,gradual,894,0.1414213562373095,0.8,False,medium,fast,real/gradual/K=3/medium/fast/partial/imbalanced/noisy,-0.004789473684210455,0.027052631578947328,affected_share,0.25
scn-343b9e37901b,1,HDDM_A,0.8160526315789474,0.07884338199983176,1,3.0,1.0,1.0,2.0,0.0,0.0,1.0,0.3333333333333333,0.5,0.6666666666666667,2041.0,2041.0,inf,10318.0,inf,1.6851216723828186,0.0,10318.0,hyperplane_gauss,20000,20,0.3,0.1,3,real,gradual,894,0.1414213562373095,0.8,False,medium,fast,real/gradual/K=3/medium/fast/partial/imbalanced/noisy,0.006263157894736859,0.016000000000000014,affected_share,0.25
scn-343b9e37901b,1,HDDM_W,0.8215789473684211,0.07342364499982068,1,3.0,1.0,1.0,2.0,0.0,0.0,1.0,0.3333333333333333,0.5,0.6666666666666667,825.0,825.0,inf,10318.0,inf,4.168888888888888,0.0,10318.0,hyperplane_gauss,20000,20,0.3,0.1,3,real,gradual,894,0.1414213562373095,0.8,False,medium,fast,real/gradual/K=3/medium/fast/partial/imbalanced/noisy,0.011789473684210572,0.010473684210526302,affected_share,0.25
scn-343b9e37901b,1,FHDDM,0.8222105263157895,0.03275303399959739,1,3.0,1.0,1.0,2.0,0.0,0.0,1.0,0.3333333333333333,0.5,0.6666666666666667,849.0,849.0,inf,10318.0,inf,4.051040439733018,0.0,10318.0,hyperplane_gauss,20000,20,0.3,0.1,3,real,gradual,894,0.1414213562373095,0.8,False,medium,fast,real/gradual/K=3/medium/fast/partial/imbalanced/noisy,0.012421052631579,0.009842105263157874,affected_share,0.25
scn-343b9e37901b,1,NoDrift,0.8097894736842105,0.02530117700007395,0,3.0,0.0,0.0,3.0,0.0,0.0,,0.0,0.0,1.0,,,inf,10318.0,,,0.0,10318.0,hyperplane_gauss,20000,20,0.3,0.1,3,real,gradual,894,0.1414213562373095,0.8,False,medium,fast,real/gradual/K=3/medium/fast/partial/imbalanced/noisy,0.0,0.022263157894736874,affected_share,0.25
scn-343b9e37901b,1,Periodic(2000),0.8088947368421052,0.027823368000099435,9,3.0,9.0,3.0,0.0,5.0,1.0,0.3333333333333333,1.0,0.5,0.0,1280.6666666666667,1614.0,2063.6,2063.6,1.6113482561166057,1.6113482561166057,0.4845900368288428,10318.0,hyperplane_gauss,20000,20,0.3,0.1,3,real,gradual,894,0.1414213562373095,0.8,False,medium,fast,real/gradual/K=3/medium/fast/partial/imbalanced/noisy,-0.0008947368421052815,0.023157894736842155,affected_share,0.25
scn-343b9e37901b,1,Oracle,0.8320526315789474,0.031724358000246866,3,3.0,3.0,3.0,0.0,0.0,0.0,1.0,1.0,1.0,0.0,448.0,448.0,inf,10318.0,inf,23.03125,0.0,10318.0,hyperplane_gauss,20000,20,0.3,0.1,3,real,gradual,894,0.1414213562373095,0.8,False,medium,fast,real/gradual/K=3/medium/fast/partial/imbalanced/noisy,0.022263157894736874,-0.0,affected_share,0.25
scn-5de061f851d0,2,ADWIN,0.8125263157894737,0.0321346010000525,1,3.0,1.0,1.0,2.0,0.0,0.0,1.0,0.3333333333333333,0.5,0.6666666666666667,2222.0,2222.0,inf,10318.0,inf,1.5478547854785474,0.0,10318.0,hyperplane_gauss,20000,20,0.3,0.1,3,real,gradual,894,0.1414213562373095,0.8,False,medium,fast,real/gradual/K=3/medium/fast/partial/imbalanced/noisy,0.004315789473684162,0.02178947368421058,affected_share,0.25
scn-5de061f851d0,2,PageHinkley,0.7971052631578948,0.05275198900017131,12,3.0,12.0,3.0,0.0,7.0,2.0,0.25,1.0,0.4,0.0,1298.6666666666667,1469.0,1474.0,1474.0,1.1350102669404516,1.1350102669404516,0.6784260515603799,10318.0,hyperplane_gauss,20000,20,0.3,0.1,3,real,gradual,894,0.1414213562373095,0.8,False,medium,fast,real/gradual/K=3/medium/fast/partial/imbalanced/noisy,-0.01110526315789473,0.03721052631578947,affected_share,0.25
scn-5de061f851d0,2,PageHinkley-up,0.8283684210526315,0.03764855300005365,3,3.0,3.0,3.0,0.0,0.0,0.0,1.0,1.0,1.0,0.0,1532.3333333333333,1393.0,inf,10318.0,inf,6.733521862083968,0.0,10318.0,hyperplane_gauss,20000,20,0.3,0.1,3,real,gradual,894,0.1414213562373095,0.8,False,medium,fast,real/gradual/K=3/medium/fast/partial/imbalanced/noisy,0.02015789473684204,0.005947368421052701,affected_share,0.25
scn-5de061f851d0,2,DDM,0.8245263157894737,0.03627979399971082,3,3.0,3.0,3.0,0.0,0.0,0.0,1.0,1.0,1.0,0.0,1468.3333333333333,1338.0,inf,10318.0,inf,7.027014755959137,0.0,10318.0,hyperplane_gauss,20000,20,0.3,0.1,3,real,gradual,894,0.1414213562373095,0.8,False,medium,fast,real/gradual/K=3/medium/fast/partial/imbalanced/noisy,0.016315789473684172,0.00978947368421057,affected_share,0.25
scn-5de061f851d0,2,EDDM,0.8085263157894736,0.034950252000271576,2,3.0,2.0,0.0,3.0,2.0,0.0,0.0,0.0,0.0,1.0,,,5159.0,5159.0,,,0.1938360147315371,10318.0,hyperplane_gauss,20000,20,0.3,0.1,3,real,gradual,894,0.1414213562373095,0.8,False,medium,fast,real/gradual/K=3/medium/fast/partial/imbalanced/noisy,0.0003157894736841582,0.025789473684210584,affected_share,0.25
scn-5de061f851d0,2,HDDM_A,0.8082105263157895,0.07181490499988286,0,3.0,0.0,0.0,3.0,0.0,0.0,,0.0,0.0,1.0,,,inf,10318.0,,,0.0,10318.0,hyperplane_gauss,20000,20,0.3,0.1,3,real,gradual,894,0.1414213562373095,0.8,False,medium,fast,real/gradual/K=3/medium/fast/partial/imbalanced/noisy,0.0,0.026105263157894742,affected_share,0.25
scn-5de061f851d0,2,HDDM_W,0.8160526315789474,0.07717913500027862,1,3.0,1.0,0.0,3.0,1.0,0.0,0.0,0.0,0.0,1.0,,,10318.0,10318.0,,,0.09691800736576855,10318.0,hyperplane_gauss,20000,20,0.3,0.1,3,real,gradual,894,0.1414213562373095,0.8,False,medium,fast,real/gradual/K=3/medium/fast/partial/imbalanced/noisy,0.007842105263157872,0.01826315789473687,affected_share,0.25
scn-5de061f851d0,2,FHDDM,0.826,0.03500843200026793,2,3.0,2.0,2.0,1.0,0.0,0.0,1.0,0.6666666666666666,0.8,0.33333333333333337,1150.5,1150.5,inf,10318.0,inf,5.9788497754599454,0.0,10318.0,hyperplane_gauss,20000,20,0.3,0.1,3,real,gradual,894,0.1414213562373095,0.8,False,medium,fast,real/gradual/K=3/medium/fast/partial/imbalanced/noisy,0.017789473684210466,0.008315789473684276,affected_share,0.25
scn-5de061f851d0,2,NoDrift,0.8082105263157895,0.026687213000059273,0,3.0,0.0,0.0,3.0,0.0,0.0,,0.0,0.0,1.0,,,inf,10318.0,,,0.0,10318.0,hyperplane_gauss,20000,20,0.3,0.1,3,real,gradual,894,0.1414213562373095,0.8,False,medium,fast,real/gradual/K=3/medium/fast/partial/imbalanced/noisy,0.0,0.026105263157894742,affected_share,0.25
scn-5de061f851d0,2,Periodic(2000),0.8073157894736842,0.027684999000030075,9,3.0,9.0,3.0,0.0,5.0,1.0,0.3333333333333333,1.0,0.5,0.0,1280.6666666666667,1614.0,2063.6,2063.6,1.6113482561166057,1.6113482561166057,0.4845900368288428,10318.0,hyperplane_gauss,20000,20,0.3,0.1,3,real,gradual,894,0.1414213562373095,0.8,False,medium,fast,real/gradual/K=3/medium/fast/partial/imbalanced/noisy,-0.0008947368421052815,0.027000000000000024,affected_share,0.25
scn-5de061f851d0,2,Oracle,0.8343157894736842,0.03204155699995681,3,3.0,3.0,3.0,0.0,0.0,0.0,1.0,1.0,1.0,0.0,448.0,448.0,inf,10318.0,inf,23.03125,0.0,10318.0,hyperplane_gauss,20000,20,0.3,0.1,3,real,gradual,894,0.1414213562373095,0.8,False,medium,fast,real/gradual/K=3/medium/fast/partial/imbalanced/noisy,0.026105263157894742,-0.0,affected_share,0.25
scn-25a70b925256,0,ADWIN,0.8114736842105263,0.033567974000106915,0,3.0,0.0,0.0,3.0,0.0,0.0,,0.0,0.0,1.0,,,inf,10318.0,,,0.0,10318.0,hyperplane_gauss,20000,20,0.3,0.1,3,real,gradual,894,0.1414213562373095,0.4,False,medium,fast,real/gradual/K=3/medium/fast/partial/imbalanced/noisy,0.0,0.016789473684210465,affected_share,0.75
scn-25a70b925256,0,PageHinkley,0.8108421052631579,0.04266659599988998,6,3.0,6.0,2.0,1.0,4.0,0.0,0.3333333333333333,0.6666666666666666,0.4444444444444444,0.33333333333333337,2137.5,2137.5,2579.5,2579.5,0.804522417153996,0.804522417153996,0.3876720294630742,10318.0,hyperplane_gauss,20000,20,0.3,0.1,3,real,gradual,894,0.1414213562373095,0.4,False,medium,fast,real/gradual/K=3/medium/fast/partial/imbalanced/noisy,-0.0006315789473684275,0.017421052631578893,affected_share,0.75
scn-25a70b925256,0,PageHinkley-up,0.8162631578947368,0.040336381000088295,3,3.0,3.0,3.0,0.0,0.0,0.0,1.0,1.0,1.0,0.0,1593.3333333333333,1746.0,inf,10318.0,inf,6.475732217573222,0.0,10318.0,hyperplane_gauss,20000,20,0.3,0.1,3,real,gradual,894,0.1414213562373095,0.4,False,medium,fast,real/gradual/K=3/medium/fast/partial/imbalanced/noisy,0.004789473684210455,0.01200000000000001,affected_share,0.75
scn-25a70b925256,0,DDM,0.8151578947368421,0.034665175000100135,1,3.0,1.0,1.0,2.0,0.0,0.0,1.0,0.3333333333333333,0.5,0.6666666666666667,1217.0,1217.0,inf,10318.0,inf,2.8260750479320724,0.0,10318.0,hyperplane_gauss,20000,20,0.3,0.1,3,real,gradual,894,0.1414213562373095,0.4,False,medium,fast,real/gradual/K=3/medium/fast/partial/imbalanced/noisy,0.0036842105263157343,0.013105263157894731,affected_share,0.75
scn-25a70b925256,0,EDDM,0.8064210526315789,0.05235031099982734,9,3.0,9.0,0.0,3.0,9.0,0.0,0.0,0.0,0.0,1.0,,,1146.4444444444443,1146.4444444444443,,,0.872262066291917,10318.0,hyperplane_gauss,20000,20,0.3,0.1,3,real,gradual,894,0.1414213562373095,0.4,False,medium,fast,real/gradual/K=3/medium/fast/partial/imbalanced/noisy,-0.00505263157894742,0.021842105263157885,affected_share,0.75
scn-25a70b925256,0,HDDM_A,0.8114736842105263,0.0697479610003029,0,3.0,0.0,0.0,3.0,0.0,0.0,,0.0,0.0,1.0,,,inf,10318.0,,,0.0,10318.0,hyperplane_gauss,20000,20,0.3,0.1,3,real,gradual,894,0.1414213562373095,0.4,False,medium,fast,real/gradual/K=3/medium/fast/partial/imbalanced/noisy,0.0,0.016789473684210465,affected_share,0.75
scn-25a70b925256,0,HDDM_W,0.8175263157894737,0.0830268210002032,1,3.0,1.0,1.0,2.0,0.0,0.0,1.0,0.3333333333333333,0.5,0.6666666666666667,472.0,472.0,inf,10318.0,inf,7.286723163841806,0.0,10318.0,hyperplane_gauss,20000,20,0.3,0.1,3,real,gradual,894,0.1414213562373095,0.4,False,medium,fast,real/gradual/K=3/medium/fast/partial/imbalanced/noisy,0.0060526315789473095,0.010736842105263156,affected_share,0.75
scn-25a70b925256,0,FHDDM,0.8154210526315789,0.03349414800004524,2,3.0,2.0,2.0,1.0,0.0,0.0,1.0,0.6666666666666666,0.8,0.33333333333333337,1404.5,1404.5,inf,10318.0,inf,4.897591076302361,0.0,10318.0,hyperplane_gauss,20000,20,0.3,0.1,3,real,gradual,894,0.1414213562373095,0.4,False,medium,fast,real/gradual/K=3/medium/fast/partial/imbalanced/noisy,0.003947368421052588,0.012842105263157877,affected_share,0.75
scn-25a70b925256,0,NoDrift,0.8114736842105263,0.02561901199987915,0,3.0,0.0,0.0,3.0,0.0,0.0,,0.0,0.0,1.0,,,inf,10318.0,,,0.0,10318.0,hyperplane_gauss,20000,20,0.3,0.1,3,real,gradual,894,0.1414213562373095,0.4,False,medium,fast,real/gradual/K=3/medium/fast/partial/imbalanced/noisy,0.0,0.016789473684210465,affected_share,0.75
scn-25a70b925256,0,Periodic(2000),0.8052105263157895,0.027943175000018527,9,3.0,9.0,3.0,0.0,5.0,1.0,0.3333333333333333,1.0,0.5,0.0,1280.6666666666667,1614.0,2063.6,2063.6,1.6113482561166057,1.6113482561166057,0.4845900368288428,10318.0,hyperplane_gauss,20000,20,0.3,0.1,3,real,gradual,894,0.1414213562373095,0.4,False,medium,fast,real/gradual/K=3/medium/fast/partial/imbalanced/noisy,-0.006263157894736859,0.023052631578947325,affected_share,0.75
scn-25a70b925256,0,Oracle,0.8282631578947368,0.03217189899987716,3,3.0,3.0,3.0,0.0,0.0,0.0,1.0,1.0,1.0,0.0,448.0,448.0,inf,10318.0,inf,23.03125,0.0,10318.0,hyperplane_gauss,20000,20,0.3,0.1,3,real,gradual,894,0.1414213562373095,0.4,False,medium,fast,real/gradual/K=3/medium/fast/partial/imbalanced/noisy,0.016789473684210465,-0.0,affected_share,0.75
scn-02f81f44a9c2,1,ADWIN,0.8202631578947368,0.03421509600002537,1,3.0,1.0,1.0,2.0,0.0,0.0,1.0,0.3333333333333333,0.5,0.6666666666666667,1867.0,1867.0,inf,10318.0,inf,1.8421710408855556,0.0,10318.0,hyperplane_gauss,20000,20,0.3,0.1,3,real,gradual,894,0.1414213562373095,0.4,False,medium,fast,real/gradual/K=3/medium/fast/partial/imbalanced/noisy,0.014842105263157879,0.010684210526315852,affected_share,0.75
scn-02f81f44a9c2,1,PageHinkley,0.7917894736842105,0.048858031000236224,15,3.0,15.0,3.0,0.0,7.0,5.0,0.2,1.0,0.33333333333333337,0.0,1043.0,1344.0,1474.0,1474.0,1.4132310642377757,1.4132310642377757,0.6784260515603799,10318.0,hyperplane_gauss,20000,20,0.3,0.1,3,real,gradual,894,0.1414213562373095,0.4,False,medium,fast,real/gradual/K=3/medium/fast/partial/imbalanced/noisy,-0.013631578947368439,0.03915789473684217,affected_share,0.75
scn-02f81f44a9c2,1,PageHinkley-up,0.8226315789473684,0.03805349499998556,3,3.0,3.0,3.0,0.0,0.0,0.0,1.0,1.0,1.0,0.0,1505.6666666666667,1538.0,inf,10318.0,inf,6.852778392738543,0.0,10318.0,hyperplane_gauss,20000,20,0.3,0.1,3,real,gradual,894,0.1414213562373095,0.4,False,medium,fast,real/gradual/K=3/medium/fast/partial/imbalanced/noisy,0.017210526315789454,0.008315789473684276,affected_share,0.75
scn-02f81f44a9c2,1,DDM,0.8054210526315789,0.03376687399986622,0,3.0,0.0,0.0,3.0,0.0,0.0,,0.0,0.0,1.0,,,inf,10318.0,,,0.0,10318.0,hyperplane_gauss,20000,20,0.3,0.1,3,real,gradual,894,0.1414213562373095,0.4,False,medium,fast,real/gradual/K=3/medium/fast/partial/imbalanced/noisy,0.0,0.02552631578947373,affected_share,0.75
scn-02f81f44a9c2,1,EDDM,0.8048947368421052,0.03698795100035568,3,3.0,3.0,0.0,3.0,3.0,0.0,0.0,0.0,0.0,1.0,,,3439.3333333333335,3439.3333333333335,,,0.29075402209730566,10318.0,hyperplane_gauss,20000,20,0.3,0.1,3,real,gradual,894,0.1414213562373095,0.4,False,medium,fast,real/gradual/K=3/medium/fast/partial/imbalanced/noisy,-0.000526315789473708,0.02605263157894744,affected_share,0.75
scn-02f81f44a9c2,1,HDDM_A,0.8187894736842105,0.07778843000005509,1,3.0,1.0,1.0,2.0,0.0,0.0,1.0,0.3333333333333333,0.5,0.6666666666666667,2328.0,2328.0,inf,10318.0,inf,1.4773768613974798,0.0,10318.0,hyperplane_gauss,20000,20,0.3,0.1,3,real,gradual,894,0.1414213562373095,0.4,False,medium,fast,real/gradual/K=3/medium/fast/partial/imbalanced/noisy,0.013368421052631585,0.012157894736842145,affected_share,0.75
scn-02f81f44a9c2,1,HDDM_W,0.8251052631578948,0.07863764400008222,2,3.0,2.0,2.0,1.0,0.0,0.0,1.0,0.6666666666666666,0.8,0.33333333333333337,1187.0,1187.0,inf,10318.0,inf,5.795001404099971,0.0,10318.0,hyperplane_gauss,20000,20,0.3,0.1,3,real,gradual,894,0.1414213562373095,0.4,False,medium,fast,real/gradual/K=3/medium/fast/partial/imbalanced/noisy,0.01968421052631586,0.005842105263157871,affected_share,0.75
scn-02f81f44a9c2,1,FHDDM,0.8054210526315789,0.03256201899966982,0,3.0,0.0,0.0,3.0,0.0,0.0,,0.0,0.0,1.0,,,inf,10318.0,,,0.0,10318.0,hyperplane_gauss,20000,20,0.3,0.1,3,real,gradual,894,0.1414213562373095,0.4,False,medium,fast,real/gradual/K=3/medium/fast/partial/imbalanced/noisy,0.0,0.02552631578947373,affected_share,0.75
scn-02f81f44a9c2,1,NoDrift,0.8054210526315789,0.024915610999869386,0,3.0,0.0,0.0,3.0,0.0,0.0,,0.0,0.0,1.0,,,inf,10318.0,,,0.0,10318.0,hyperplane_gauss,20000,20,0.3,0.1,3,real,gradual,894,0.1414213562373095,0.4,False,medium,fast,real/gradual/K=3/medium/fast/partial/imbalanced/noisy,0.0,0.02552631578947373,affected_share,0.75
scn-02f81f44a9c2,1,Periodic(2000),0.8088421052631579,0.0276675879999857,9,3.0,9.0,3.0,0.0,5.0,1.0,0.3333333333333333,1.0,0.5,0.0,1280.6666666666667,1614.0,2063.6,2063.6,1.6113482561166057,1.6113482561166057,0.4845900368288428,10318.0,hyperplane_gauss,20000,20,0.3,0.1,3,real,gradual,894,0.1414213562373095,0.4,False,medium,fast,real/gradual/K=3/medium/fast/partial/imbalanced/noisy,0.0034210526315789913,0.02210526315789474,affected_share,0.75
scn-02f81f44a9c2,1,Oracle,0.8309473684210527,0.032207494999966,3,3.0,3.0,3.0,0.0,0.0,0.0,1.0,1.0,1.0,0.0,448.0,448.0,inf,10318.0,inf,23.03125,0.0,10318.0,hyperplane_gauss,20000,20,0.3,0.1,3,real,gradual,894,0.1414213562373095,0.4,False,medium,fast,real/gradual/K=3/medium/fast/partial/imbalanced/noisy,0.02552631578947373,-0.0,affected_share,0.75
scn-a2e050482f38,2,ADWIN,0.8202105263157895,0.03265424399978656,2,3.0,2.0,1.0,2.0,1.0,0.0,0.5,0.3333333333333333,0.4,0.6666666666666667,1579.0,1579.0,10318.0,10318.0,2.178171838716487,2.178171838716487,0.09691800736576855,10318.0,hyperplane_gauss,20000,20,0.3,0.1,3,real,gradual,894,0.1414213562373095,0.4,False,medium,fast,real/gradual/K=3/medium/fast/partial/imbalanced/noisy,0.01736842105263159,0.01210526315789473,affected_share,0.75
scn-a2e050482f38,2,PageHinkley,0.8010526315789473,0.04841727900020487,11,3.0,11.0,3.0,0.0,5.0,3.0,0.2727272727272727,1.0,0.42857142857142855,0.0,1291.0,1290.0,2063.6,2063.6,1.5984508133230053,1.5984508133230053,0.4845900368288428,10318.0,hyperplane_gauss,20000,20,0.3,0.1,3,real,gradual,894,0.1414213562373095,0.4,False,medium,fast,real/gradual/K=3/medium/fast/partial/imbalanced/noisy,-0.001789473684210563,0.03126315789473688,affected_share,0.75
scn-a2e050482f38,2,PageHinkley-up,0.8241052631578948,0.03846125400013989,3,3.0,3.0,3.0,0.0,0.0,0.0,1.0,1.0,1.0,0.0,1641.3333333333333,1720.0,inf,10318.0,inf,6.286352558895207,0.0,10318.0,hyperplane_gauss,20000,20,0.3,0.1,3,real,gradual,894,0.1414213562373095,0.4,False,medium,fast,real/gradual/K=3/medium/fast/partial/imbalanced/noisy,0.021263157894736873,0.008210526315789446,affected_share,0.75
scn-a2e050482f38,2,DDM,0.8232631578947368,0.03628343499985931,2,3.0,2.0,2.0,1.0,0.0,0.0,1.0,0.6666666666666666,0.8,0.33333333333333337,1282.0,1282.0,inf,10318.0,inf,5.365574622984919,0.0,10318.0,hyperplane_gauss,20000,20,0.3,0.1,3,real,gradual,894,0.1414213562373095,0.4,False,medium,fast,real/gradual/K=3/medium/fast/partial/imbalanced/noisy,0.020421052631578895,0.009052631578947423,affected_share,0.75
scn-a2e050482f38,2,EDDM,0.8011578947368421,0.04158527699974002,2,3.0,2.0,0.0,3.0,2.0,0.0,0.0,0.0,0.0,1.0,,,5159.0,5159.0,,,0.1938360147315371,10318.0,hyperplane_gauss,20000,20,0.3,0.1,3,real,gradual,894,0.1414213562373095,0.4,False,medium,fast,real/gradual/K=3/medium/fast/partial/imbalanced/noisy,-0.0016842105263158436,0.031157894736842162,affected_share,0.75
scn-a2e050482f38,2,HDDM_A,0.8202105263157895,0.0780292819999886,1,3.0,1.0,1.0,2.0,0.0,0.0,1.0,0.3333333333333333,0.5,0.6666666666666667,1577.0,1577.0,inf,10318.0,inf,2.180934263369266,0.0,10318.0,hyperplane_gauss,20000,20,0.3,0.1,3,real,gradual,894,0.1414213562373095,0.4,False,medium,fast,real/gradual/K=3/medium/fast/partial/imbalanced/noisy,0.01736842105263159,0.01210526315789473,affected_share,0.75
scn-a2e050482f38,2,HDDM_W,0.8221052631578948,0.07690653700001349,1,3.0,1.0,1.0,2.0,0.0,0.0,1.0,0.3333333333333333,0.5,0.6666666666666667,1260.0,1260.0,inf,10318.0,inf,2.729629629629629,0.0,10318.0,hyperplane_gauss,20000,20,0.3,0.1,3,real,gradual,894,0.1414213562373095,0.4,False,medium,fast,real/gradual/K=3/medium/fast/partial/imbalanced/noisy,0.01926315789473687,0.010210526315789448,affected_share,0.75
scn-a2e050482f38,2,FHDDM,0.8222631578947368,0.03679436900029032,1,3.0,1.0,1.0,2.0,0.0,0.0,1.0,0.3333333333333333,0.5,0.6666666666666667,1277.0,1277.0,inf,10318.0,inf,2.6932915687809964,0.0,10318.0,hyperplane_gauss,20000,20,0.3,0.1,3,real,gradual,894,0.1414213562373095,0.4,False,medium,fast,real/gradual/K=3/medium/fast/partial/imbalanced/noisy,0.019421052631578894,0.010052631578947424,affected_share,0.75
scn-a2e050482f38,2,NoDrift,0.8028421052631579,0.025252395999814325,0,3.0,0.0,0.0,3.0,0.0,0.0,,0.0,0.0,1.0,,,inf,10318.0,,,0.0,10318.0,hyperplane_gauss,20000,20,0.3,0.1,3,real,gradual,894,0.1414213562373095,0.4,False,medium,fast,real/gradual/K=3/medium/fast/partial/imbalanced/noisy,0.0,0.02947368421052632,affected_share,0.75
scn-a2e050482f38,2,Periodic(2000),0.8081578947368421,0.027941277000081755,9,3.0,9.0,3.0,0.0,5.0,1.0,0.3333333333333333,1.0,0.5,0.0,1280.6666666666667,1614.0,2063.6,2063.6,1.6113482561166057,1.6113482561166057,0.4845900368288428,10318.0,hyperplane_gauss,20000,20,0.3,0.1,3,real,gradual,894,0.1414213562373095,0.4,False,medium,fast,real/gradual/K=3/medium/fast/partial/imbalanced/noisy,0.005315789473684163,0.024157894736842156,affected_share,0.75
scn-a2e050482f38,2,Oracle,0.8323157894736842,0.03180916300016179,3,3.0,3.0,3.0,0.0,0.0,0.0,1.0,1.0,1.0,0.0,448.0,448.0,inf,10318.0,inf,23.03125,0.0,10318.0,hyperplane_gauss,20000,20,0.3,0.1,3,real,gradual,894,0.1414213562373095,0.4,False,medium,fast,real/gradual/K=3/medium/fast/partial/imbalanced/noisy,0.02947368421052632,-0.0,affected_share,0.75
scn-e18cc87f3ed6,0,ADWIN,0.8078947368421052,0.0321452540001701,1,3.0,1.0,1.0,2.0,0.0,0.0,1.0,0.3333333333333333,0.5,0.6666666666666667,1326.0,1326.0,inf,10318.0,inf,2.5937657114127695,0.0,10318.0,hyperplane_gauss,20000,20,0.3,0.1,3,real,gradual,894,0.1414213562373095,0.2,False,medium,fast,real/gradual/K=3/medium/fast/partial/imbalanced/noisy,0.00836842105263158,0.019000000000000017,affected_share,1.0
scn-e18cc87f3ed6,0,PageHinkley,0.8013157894736842,0.04308002900006613,7,3.0,7.0,2.0,1.0,4.0,1.0,0.2857142857142857,0.6666666666666666,0.4,0.33333333333333337,1800.5,1800.5,2579.5,2579.5,0.9551050634083125,0.9551050634083125,0.3876720294630742,10318.0,hyperplane_gauss,20000,20,0.3,0.1,3,real,gradual,894,0.1414213562373095,0.2,False,medium,fast,real/gradual/K=3/medium/fast/partial/imbalanced/noisy,0.001789473684210563,0.025578947368421034,affected_share,1.0
scn-e18cc87f3ed6,0,PageHinkley-up,0.8145789473684211,0.03900640399979238,3,3.0,3.0,3.0,0.0,0.0,0.0,1.0,1.0,1.0,0.0,1504.3333333333333,1621.0,inf,10318.0,inf,6.858852204741857,0.0,10318.0,hyperplane_gauss,20000,20,0.3,0.1,3,real,gradual,894,0.1414213562373095,0.2,False,medium,fast,real/gradual/K=3/medium/fast/partial/imbalanced/noisy,0.015052631578947429,0.012315789473684169,affected_share,1.0
scn-e18cc87f3ed6,0,DDM,0.809,0.036229679999905784,2,3.0,2.0,1.0,2.0,1.0,0.0,0.5,0.3333333333333333,0.4,0.6666666666666667,1183.0,1183.0,10318.0,10318.0,2.907297830374753,2.907297830374753,0.09691800736576855,10318.0,hyperplane_gauss,20000,20,0.3,0.1,3,real,gradual,894,0.1414213562373095,0.2,False,medium,fast,real/gradual/K=3/medium/fast/partial/imbalanced/noisy,0.009473684210526412,0.017894736842105186,affected_share,1.0
scn-e18cc87f3ed6,0,EDDM,0.7982105263157895,0.05826215799970669,9,3.0,9.0,0.0,3.0,9.0,0.0,0.0,0.0,0.0,1.0,,,1146.4444444444443,1146.4444444444443,,,0.872262066291917,10318.0,hyperplane_gauss,20000,20,0.3,0.1,3,real,gradual,894,0.1414213562373095,0.2,False,medium,fast,real/gradual/K=3/medium/fast/partial/imbalanced/noisy,-0.001315789473684159,0.028684210526315757,affected_share,1.0
scn-e18cc87f3ed6,0,HDDM_A,0.8004736842105263,0.07662151900012759,1,3.0,1.0,0.0,3.0,1.0,0.0,0.0,0.0,0.0,1.0,,,10318.0,10318.0,,,0.09691800736576855,10318.0,hyperplane_gauss,20000,20,0.3,0.1,3,real,gradual,894,0.1414213562373095,0.2,False,medium,fast,real/gradual/K=3/medium/fast/partial/imbalanced/noisy,0.0009473684210526967,0.0264210526315789,affected_share,1.0
scn-e18cc87f3ed6,0,HDDM_W,0.8148421052631579,0.07675014300002658,1,3.0,1.0,1.0,2.0,0.0,0.0,1.0,0.3333333333333333,0.5,0.6666666666666667,463.0,463.0,inf,10318.0,inf,7.428365730741539,0.0,10318.0,hyperplane_gauss,20000,20,0.3,0.1,3,real,gradual,894,0.1414213562373095,0.2,False,medium,fast,real/gradual/K=3/medium/fast/partial/imbalanced/noisy,0.015315789473684283,0.012052631578947315,affected_share,1.0
scn-e18cc87f3ed6,0,FHDDM,0.8046842105263158,0.03637045699997543,1,3.0,1.0,1.0,2.0,0.0,0.0,1.0,0.3333333333333333,0.5,0.6666666666666667,1689.0,1689.0,inf,10318.0,inf,2.0363134004341816,0.0,10318.0,hyperplane_gauss,20000,20,0.3,0.1,3,real,gradual,894,0.1414213562373095,0.2,False,medium,fast,real/gradual/K=3/medium/fast/partial/imbalanced/noisy,0.005157894736842139,0.02221052631578946,affected_share,1.0
scn-e18cc87f3ed6,0,NoDrift,0.7995263157894736,0.0255257740000161,0,3.0,0.0,0.0,3.0,0.0,0.0,,0.0,0.0,1.0,,,inf,10318.0,,,0.0,10318.0,hyperplane_gauss,20000,20,0.3,0.1,3,real,gradual,894,0.1414213562373095,0.2,False,medium,fast,real/gradual/K=3/medium/fast/partial/imbalanced/noisy,0.0,0.027368421052631597,affected_share,1.0
scn-e18cc87f3ed6,0,Periodic(2000),0.8035263157894736,0.02775764199986952,9,3.0,9.0,3.0,0.0,5.0,1.0,0.3333333333333333,1.0,0.5,0.0,1280.6666666666667,1614.0,2063.6,2063.6,1.6113482561166057,1.6113482561166057,0.4845900368288428,10318.0,hyperplane_gauss,20000,20,0.3,0.1,3,real,gradual,894,0.1414213562373095,0.2,False,medium,fast,real/gradual/K=3/medium/fast/partial/imbalanced/noisy,0.0040000000000000036,0.023368421052631594,affected_share,1.0
scn-e18cc87f3ed6,0,Oracle,0.8268947368421052,0.03215075500020248,3,3.0,3.0,3.0,0.0,0.0,0.0,1.0,1.0,1.0,0.0,448.0,448.0,inf,10318.0,inf,23.03125,0.0,10318.0,hyperplane_gauss,20000,20,0.3,0.1,3,real,gradual,894,0.1414213562373095,0.2,False,medium,fast,real/gradual/K=3/medium/fast/partial/imbalanced/noisy,0.027368421052631597,-0.0,affected_share,1.0
scn-d9387bfa1b56,1,ADWIN,0.8133157894736842,0.031040922000102,1,3.0,1.0,0.0,3.0,1.0,0.0,0.0,0.0,0.0,1.0,,,10318.0,10318.0,,,0.09691800736576855,10318.0,hyperplane_gauss,20000,20,0.3,0.1,3,real,gradual,894,0.1414213562373095,0.2,False,medium,fast,real/gradual/K=3/medium/fast/partial/imbalanced/noisy,0.006210526315789444,0.016421052631578892,affected_share,1.0
scn-d9387bfa1b56,1,PageHinkley,0.8046315789473685,0.05341510300013397,11,3.0,11.0,3.0,0.0,6.0,2.0,0.2727272727272727,1.0,0.42857142857142855,0.0,1145.6666666666667,1245.0,1719.6666666666667,1719.6666666666667,1.5010183299389002,1.5010183299389002,0.5815080441946113,10318.0,hyperplane_gauss,20000,20,0.3,0.1,3,real,gradual,894,0.1414213562373095,0.2,False,medium,fast,real/gradual/K=3/medium/fast/partial/imbalanced/noisy,-0.0024736842105262946,0.02510526315789463,affected_share,1.0
scn-d9387bfa1b56,1,PageHinkley-up,0.823,0.03708168100001785,3,3.0,3.0,3.0,0.0,0.0,0.0,1.0,1.0,1.0,0.0,1494.6666666666667,1481.0,inf,10318.0,inf,6.903211418376449,0.0,10318.0,hyperplane_gauss,20000,20,0.3,0.1,3,real,gradual,894,0.1414213562373095,0.2,False,medium,fast,real/gradual/K=3/medium/fast/partial/imbalanced/noisy,0.015894736842105184,0.006736842105263152,affected_share,1.0
scn-d9387bfa1b56,1,DDM,0.8071052631578948,0.03466513000012128,0,3.0,0.0,0.0,3.0,0.0,0.0,,0.0,0.0,1.0,,,inf,10318.0,,,0.0,10318.0,hyperplane_gauss,20000,20,0.3,0.1,3,real,gradual,894,0.1414213562373095,0.2,False,medium,fast,real/gradual/K=3/medium/fast/partial/imbalanced/noisy,0.0,0.022631578947368336,affected_share,1.0
scn-d9387bfa1b56,1,EDDM,0.8045789473684211,0.038067038000008324,3,3.0,3.0,0.0,3.0,3.0,0.0,0.0,0.0,0.0,1.0,,,3439.3333333333335,3439.3333333333335,,,0.29075402209730566,10318.0,hyperplane_gauss,20000,20,0.3,0.1,3,real,gradual,894,0.1414213562373095,0.2,False,medium,fast,real/gradual/K=3/medium/fast/partial/imbalanced/noisy,-0.00252631578947371,0.025157894736842046,affected_share,1.0
scn-d9387bfa1b56,1,HDDM_A,0.8071052631578948,0.0725592730000244,0,3.0,0.0,0.0,3.0,0.0,0.0,,0.0,0.0,1.0,,,inf,10318.0,,,0.0,10318.0,hyperplane_gauss,20000,20,0.3,0.1,3,real,gradual,894,0.1414213562373095,0.2,False,medium,fast,real/gradual/K=3/medium/fast/partial/imbalanced/noisy,0.0,0.022631578947368336,affected_share,1.0
scn-d9387bfa1b56,1,HDDM_W,0.8148947368421052,0.0793923240003096,1,3.0,1.0,1.0,2.0,0.0,0.0,1.0,0.3333333333333333,0.5,0.6666666666666667,848.0,848.0,inf,10318.0,inf,4.055817610062892,0.0,10318.0,hyperplane_gauss,20000,20,0.3,0.1,3,real,gradual,894,0.1414213562373095,0.2,False,medium,fast,real/gradual/K=3/medium/fast/partial/imbalanced/noisy,0.007789473684210457,0.014842105263157879,affected_share,1.0
scn-d9387bfa1b56,1,FHDDM,0.8071052631578948,0.03321955399997023,0,3.0,0.0,0.0,3.0,0.0,0.0,,0.0,0.0,1.0,,,inf,10318.0,,,0.0,10318.0,hyperplane_gauss,20000,20,0.3,0.1,3,real,gradual,894,0.1414213562373095,0.2,False,medium,fast,real/gradual/K=3/medium/fast/partial/imbalanced/noisy,0.0,0.022631578947368336,affected_share,1.0
scn-d9387bfa1b56,1,NoDrift,0.8071052631578948,0.025835149000158708,0,3.0,0.0,0.0,3.0,0.0,0.0,,0.0,0.0,1.0,,,inf,10318.0,,,0.0,10318.0,hyperplane_gauss,20000,20,0.3,0.1,3,real,gradual,894,0.1414213562373095,0.2,False,medium,fast,real/gradual/K=3/medium/fast/partial/imbalanced/noisy,0.0,0.022631578947368336,affected_share,1.0
scn-d9387bfa1b56,1,Periodic(2000),0.8088421052631579,0.02884588199958671,9,3.0,9.0,3.0,0.0,5.0,1.0,0.3333333333333333,1.0,0.5,0.0,1280.6666666666667,1614.0,2063.6,2063.6,1.6113482561166057,1.6113482561166057,0.4845900368288428,10318.0,hyperplane_gauss,20000,20,0.3,0.1,3,real,gradual,894,0.1414213562373095,0.2,False,medium,fast,real/gradual/K=3/medium/fast/partial/imbalanced/noisy,0.0017368421052631478,0.020894736842105188,affected_share,1.0
scn-d9387bfa1b56,1,Oracle,0.8297368421052631,0.03281271599962565,3,3.0,3.0,3.0,0.0,0.0,0.0,1.0,1.0,1.0,0.0,448.0,448.0,inf,10318.0,inf,23.03125,0.0,10318.0,hyperplane_gauss,20000,20,0.3,0.1,3,real,gradual,894,0.1414213562373095,0.2,False,medium,fast,real/gradual/K=3/medium/fast/partial/imbalanced/noisy,0.022631578947368336,-0.0,affected_share,1.0
scn-5764508db607,2,ADWIN,0.8216842105263158,0.0326999000003525,3,3.0,3.0,2.0,1.0,1.0,0.0,0.6666666666666666,0.6666666666666666,0.6666666666666666,0.33333333333333337,1292.5,1292.5,10318.0,10318.0,5.321985815602837,5.321985815602837,0.09691800736576855,10318.0,hyperplane_gauss,20000,20,0.3,0.1,3,real,gradual,894,0.1414213562373095,0.2,False,medium,fast,real/gradual/K=3/medium/fast/partial/imbalanced/noisy,0.014473684210526305,0.009842105263157874,affected_share,1.0
scn-5764508db607,2,PageHinkley,0.8073157894736842,0.0529339859999709,9,3.0,9.0,2.0,1.0,4.0,3.0,0.2222222222222222,0.6666666666666666,0.3333333333333333,0.33333333333333337,891.5,891.5,2579.5,2579.5,1.9289586838661432,1.9289586838661432,0.3876720294630742,10318.0,hyperplane_gauss,20000,20,0.3,0.1,3,real,gradual,894,0.1414213562373095,0.2,False,medium,fast,real/gradual/K=3/medium/fast/partial/imbalanced/noisy,0.0001052631578947194,0.02421052631578946,affected_share,1.0
scn-5764508db607,2,PageHinkley-up,0.8244736842105264,0.03649776700012808,2,3.0,2.0,2.0,1.0,0.0,0.0,1.0,0.6666666666666666,0.8,0.33333333333333337,1238.0,1238.0,inf,10318.0,inf,5.556273559504577,0.0,10318.0,hyperplane_gauss,20000,20,0.3,0.1,3,real,gradual,894,0.1414213562373095,0.2,False,medium,fast,real/gradual/K=3/medium/fast/partial/imbalanced/noisy,0.01726315789473687,0.00705263157894731,affected_share,1.0
scn-5764508db607,2,DDM,0.8228947368421052,0.038731080000161455,3,3.0,3.0,3.0,0.0,0.0,0.0,1.0,1.0,1.0,0.0,1710.3333333333333,1705.0,inf,10318.0,inf,6.032742155525239,0.0,10318.0,hyperplane_gauss,20000,20,0.3,0.1,3,real,gradual,894,0.1414213562373095,0.2,False,medium,fast,real/gradual/K=3/medium/fast/partial/imbalanced/noisy,0.015684210526315745,0.008631578947368435,affected_share,1.0
scn-5764508db607,2,EDDM,0.8071052631578948,0.034201792999738245,2,3.0,2.0,0.0,3.0,2.0,0.0,0.0,0.0,0.0,1.0,,,5159.0,5159.0,,,0.1938360147315371,10318.0,hyperplane_gauss,20000,20,0.3,0.1,3,real,gradual,894,0.1414213562373095,0.2,False,medium,fast,real/gradual/K=3/medium/fast/partial/imbalanced/noisy,-0.0001052631578947194,0.0244210526315789,affected_share,1.0
scn-5764508db607,2,HDDM_A,0.8235263157894737,0.08956220900017797,2,3.0,2.0,2.0,1.0,0.0,0.0,1.0,0.6666666666666666,0.8,0.33333333333333337,1393.0,1393.0,inf,10318.0,inf,4.938023450586265,0.0,10318.0,hyperplane_gauss,20000,20,0.3,0.1,3,real,gradual,894,0.1414213562373095,0.2,False,medium,fast,real/gradual/K=3/medium/fast/partial/imbalanced/noisy,0.016315789473684172,0.008000000000000007,affected_share,1.0
scn-5764508db607,2,HDDM_W,0.8195789473684211,0.07904611699996167,3,3.0,3.0,2.0,1.0,1.0,0.0,0.6666666666666666,0.6666666666666666,0.6666666666666666,0.33333333333333337,669.0,669.0,10318.0,10318.0,10.282012954658693,10.282012954658693,0.09691800736576855,10318.0,hyperplane_gauss,20000,20,0.3,0.1,3,real,gradual,894,0.1414213562373095,0.2,False,medium,fast,real/gradual/K=3/medium/fast/partial/imbalanced/noisy,0.012368421052631584,0.011947368421052595,affected_share,1.0
scn-5764508db607,2,FHDDM,0.8274736842105264,0.03499095400002261,2,3.0,2.0,2.0,1.0,0.0,0.0,1.0,0.6666666666666666,0.8,0.33333333333333337,1048.5,1048.5,inf,10318.0,inf,6.560483230011127,0.0,10318.0,hyperplane_gauss,20000,20,0.3,0.1,3,real,gradual,894,0.1414213562373095,0.2,False,medium,fast,real/gradual/K=3/medium/fast/partial/imbalanced/noisy,0.020263157894736872,0.004052631578947308,affected_share,1.0
scn-5764508db607,2,NoDrift,0.8072105263157895,0.025576246000127867,0,3.0,0.0,0.0,3.0,0.0,0.0,,0.0,0.0,1.0,,,inf,10318.0,,,0.0,10318.0,hyperplane_gauss,20000,20,0.3,0.1,3,real,gradual,894,0.1414213562373095,0.2,False,medium,fast,real/gradual/K=3/medium/fast/partial/imbalanced/noisy,0.0,0.02431578947368418,affected_share,1.0
scn-5764508db607,2,Periodic(2000),0.8068421052631579,0.027784666000115976,9,3.0,9.0,3.0,0.0,5.0,1.0,0.3333333333333333,1.0,0.5,0.0,1280.6666666666667,1614.0,2063.6,2063.6,1.6113482561166057,1.6113482561166057,0.4845900368288428,10318.0,hyperplane_gauss,20000,20,0.3,0.1,3,real,gradual,894,0.1414213562373095,0.2,False,medium,fast,real/gradual/K=3/medium/fast/partial/imbalanced/noisy,-0.00036842105263157343,0.024684210526315753,affected_share,1.0
scn-5764508db607,2,Oracle,0.8315263157894737,0.03238646500039977,3,3.0,3.0,3.0,0.0,0.0,0.0,1.0,1.0,1.0,0.0,448.0,448.0,inf,10318.0,inf,23.03125,0.0,10318.0,hyperplane_gauss,20000,20,0.3,0.1,3,real,gradual,894,0.1414213562373095,0.2,False,medium,fast,real/gradual/K=3/medium/fast/partial/imbalanced/noisy,0.02431578947368418,-0.0,affected_share,1.0
scn-c99d05ab4237,0,ADWIN,0.8017368421052632,0.0341118890000871,2,3.0,2.0,1.0,2.0,1.0,0.0,0.5,0.3333333333333333,0.4,0.6666666666666667,1299.0,1299.0,12400.0,12400.0,3.1819348216576846,3.1819348216576846,0.08064516129032258,12400.0,hyperplane_gauss,20000,20,0.3,0.1,3,real,gradual,200,0.1414213562373095,0.6,False,medium,fast,real/gradual/K=3/medium/fast/partial/imbalanced/noisy,-0.0005789473684210122,0.024684210526315753,width,0.0
scn-c99d05ab4237,0,PageHinkley,0.8080526315789474,0.04323816700025418,5,3.0,5.0,1.0,2.0,4.0,0.0,0.2,0.3333333333333333,0.25,0.6666666666666667,1350.0,1350.0,3100.0,3100.0,0.765432098765432,0.765432098765432,0.3225806451612903,12400.0,hyperplane_gauss,20000,20,0.3,0.1,3,real,gradual,200,0.1414213562373095,0.6,False,medium,fast,real/gradual/K=3/medium/fast/partial/imbalanced/noisy,0.005736842105263151,0.01836842105263159,width,0.0
scn-c99d05ab4237,0,PageHinkley-up,0.8138947368421052,0.04577730100027111,3,3.0,3.0,3.0,0.0,0.0,0.0,1.0,1.0,1.0,0.0,1412.6666666666667,1350.0,inf,12400.0,inf,8.777725342142519,0.0,12400.0,hyperplane_gauss,20000,20,0.3,0.1,3,real,gradual,200,0.1414213562373095,0.6,False,medium,fast,real/gradual/K=3/medium/fast/partial/imbalanced/noisy,0.011578947368421022,0.012526315789473719,width,0.0
scn-c99d05ab4237,0,DDM,0.8121052631578948,0.035713754999960656,2,3.0,2.0,2.0,1.0,0.0,0.0,1.0,0.6666666666666666,0.8,0.33333333333333337,1160.0,1160.0,inf,12400.0,inf,7.126436781609195,0.0,12400.0,hyperplane_gauss,20000,20,0.3,0.1,3,real,gradual,200,0.1414213562373095,0.6,False,medium,fast,real/gradual/K=3/medium/fast/partial/imbalanced/noisy,0.00978947368421057,0.01431578947368417,width,0.0
scn-c99d05ab4237,0,EDDM,0.8,0.05170166200014137,9,3.0,9.0,0.0,3.0,9.0,0.0,0.0,0.0,0.0,1.0,,,1377.7777777777778,1377.7777777777778,,,0.7258064516129032,12400.0,hyperplane_gauss,20000,20,0.3,0.1,3,real,gradual,200,0.1414213562373095,0.6,False,medium,fast,real/gradual/K=3/medium/fast/partial/imbalanced/noisy,-0.00231578947368416,0.0264210526315789,width,0.0
scn-c99d05ab4237,0,HDDM_A,0.8038421052631579,0.07977109300009033,1,3.0,1.0,1.0,2.0,0.0,0.0,1.0,0.3333333333333333,0.5,0.6666666666666667,1349.0,1349.0,inf,12400.0,inf,3.063998023227081,0.0,12400.0,hyperplane_gauss,20000,20,0.3,0.1,3,real,gradual,200,0.1414213562373095,0.6,False,medium,fast,real/gradual/K=3/medium/fast/partial/imbalanced/noisy,0.001526315789473709,0.022578947368421032,width,0.0
scn-c99d05ab4237,0,HDDM_W,0.8209473684210526,0.0797226109998519,2,3.0,2.0,2.0,1.0,0.0,0.0,1.0,0.6666666666666666,0.8,0.33333333333333337,227.5,227.5,inf,12400.0,inf,36.336996336996336,0.0,12400.0,hyperplane_gauss,20000,20,0.3,0.1,3,real,gradual,200,0.1414213562373095,0.6,False,medium,fast,real/gradual/K=3/medium/fast/partial/imbalanced/noisy,0.018631578947368443,0.005473684210526297,width,0.0
scn-c99d05ab4237,0,FHDDM,0.8069473684210526,0.03354382199995598,1,3.0,1.0,1.0,2.0,0.0,0.0,1.0,0.3333333333333333,0.5,0.6666666666666667,988.0,988.0,inf,12400.0,inf,4.18353576248313,0.0,12400.0,hyperplane_gauss,20000,20,0.3,0.1,3,real,gradual,200,0.1414213562373095,0.6,False,medium,fast,real/gradual/K=3/medium/fast/partial/imbalanced/noisy,0.004631578947368431,0.01947368421052631,width,0.0
scn-c99d05ab4237,0,NoDrift,0.8023157894736842,0.025658178999947268,0,3.0,0.0,0.0,3.0,0.0,0.0,,0.0,0.0,1.0,,,inf,12400.0,,,0.0,12400.0,hyperplane_gauss,20000,20,0.3,0.1,3,real,gradual,200,0.1414213562373095,0.6,False,medium,fast,real/gradual/K=3/medium/fast/partial/imbalanced/noisy,0.0,0.02410526315789474,width,0.0
scn-c99d05ab4237,0,Periodic(2000),0.8035789473684211,0.029215931999715394,9,3.0,9.0,3.0,0.0,6.0,0.0,0.3333333333333333,1.0,0.5,0.0,1600.3333333333333,1600.0,2066.6666666666665,2066.6666666666665,1.2913976254946886,1.2913976254946886,0.4838709677419355,12400.0,hyperplane_gauss,20000,20,0.3,0.1,3,real,gradual,200,0.1414213562373095,0.6,False,medium,fast,real/gradual/K=3/medium/fast/partial/imbalanced/noisy,0.001263157894736855,0.022842105263157886,width,0.0
scn-c99d05ab4237,0,Oracle,0.826421052631579,0.03190248800001427,3,3.0,3.0,3.0,0.0,0.0,0.0,1.0,1.0,1.0,0.0,101.0,101.0,inf,12400.0,inf,122.77227722772277,0.0,12400.0,hyperplane_gauss,20000,20,0.3,0.1,3,real,gradual,200,0.1414213562373095,0.6,False,medium,fast,real/gradual/K=3/medium/fast/partial/imbalanced/noisy,0.02410526315789474,-0.0,width,0.0
scn-47c1303a91dc,1,ADWIN,0.8177894736842105,0.032213775000400346,1,3.0,1.0,1.0,2.0,0.0,0.0,1.0,0.3333333333333333,0.5,0.6666666666666667,1907.0,1907.0,inf,12400.0,inf,2.1674532424401325,0.0,12400.0,hyperplane_gauss,20000,20,0.3,0.1,3,real,gradual,200,0.1414213562373095,0.6,False,medium,fast,real/gradual/K=3/medium/fast/partial/imbalanced/noisy,0.005368421052631578,0.015052631578947429,width,0.0
scn-47c1303a91dc,1,PageHinkley,0.8032631578947368,0.05038861499997438,12,3.0,12.0,3.0,0.0,8.0,1.0,0.25,1.0,0.4,0.0,1071.0,1042.0,1550.0,1550.0,1.4472455648926237,1.4472455648926237,0.6451612903225806,12400.0,hyperplane_gauss,20000,20,0.3,0.1,3,real,gradual,200,0.1414213562373095,0.6,False,medium,fast,real/gradual/K=3/medium/fast/partial/imbalanced/noisy,-0.009157894736842143,0.02957894736842115,width,0.0
scn-47c1303a91dc,1,PageHinkley-up,0.8228421052631579,0.0476043869998648,3,3.0,3.0,3.0,0.0,0.0,0.0,1.0,1.0,1.0,0.0,1427.0,1338.0,inf,12400.0,inf,8.689558514365803,0.0,12400.0,hyperplane_gauss,20000,20,0.3,0.1,3,real,gradual,200,0.1414213562373095,0.6,False,medium,fast,real/gradual/K=3/medium/fast/partial/imbalanced/noisy,0.010421052631578998,0.010000000000000009,width,0.0
scn-47c1303a91dc,1,DDM,0.8124210526315789,0.034980284000084794,0,3.0,0.0,0.0,3.0,0.0,0.0,,0.0,0.0,1.0,,,inf,12400.0,,,0.0,12400.0,hyperplane_gauss,20000,20,0.3,0.1,3,real,gradual,200,0.1414213562373095,0.6,False,medium,fast,real/gradual/K=3/medium/fast/partial/imbalanced/noisy,0.0,0.020421052631579006,width,0.0
scn-47c1303a91dc,1,EDDM,0.8073684210526316,0.03788745800011384,3,3.0,3.0,0.0,3.0,3.0,0.0,0.0,0.0,0.0,1.0,,,4133.333333333333,4133.333333333333,,,0.24193548387096775,12400.0,hyperplane_gauss,20000,20,0.3,0.1,3,real,gradual,200,0.1414213562373095,0.6,False,medium,fast,real/gradual/K=3/medium/fast/partial/imbalanced/noisy,-0.005052631578947309,0.025473684210526315,width,0.0
scn-47c1303a91dc,1,HDDM_A,0.8130526315789474,0.07694560099980663,1,3.0,1.0,0.0,3.0,1.0,0.0,0.0,0.0,0.0,1.0,,,12400.0,12400.0,,,0.08064516129032258,12400.0,hyperplane_gauss,20000,20,0.3,0.1,3,real,gradual,200,0.1414213562373095,0.6,False,medium,fast,real/gradual/K=3/medium/fast/partial/imbalanced/noisy,0.0006315789473684275,0.01978947368421058,width,0.0
scn-47c1303a91dc,1,HDDM_W,0.8287894736842105,0.07981207600005291,2,3.0,2.0,2.0,1.0,0.0,0.0,1.0,0.6666666666666666,0.8,0.33333333333333337,159.0,159.0,inf,12400.0,inf,51.9916142557652,0.0,12400.0,hyperplane_gauss,20000,20,0.3,0.1,3,real,gradual,200,0.1414213562373095,0.6,False,medium,fast,real/gradual/K=3/medium/fast/partial/imbalanced/noisy,0.016368421052631588,0.004052631578947419,width,0.0
scn-47c1303a91dc,1,FHDDM,0.8221578947368421,0.03187946300022304,1,3.0,1.0,1.0,2.0,0.0,0.0,1.0,0.3333333333333333,0.5,0.6666666666666667,550.0,550.0,inf,12400.0,inf,7.515151515151514,0.0,12400.0,hyperplane_gauss,20000,20,0.3,0.1,3,real,gradual,200,0.1414213562373095,0.6,False,medium,fast,real/gradual/K=3/medium/fast/partial/imbalanced/noisy,0.009736842105263155,0.010684210526315852,width,0.0
scn-47c1303a91dc,1,NoDrift,0.8124210526315789,0.026963467000314267,0,3.0,0.0,0.0,3.0,0.0,0.0,,0.0,0.0,1.0,,,inf,12400.0,,,0.0,12400.0,hyperplane_gauss,20000,20,0.3,0.1,3,real,gradual,200,0.1414213562373095,0.6,False,medium,fast,real/gradual/K=3/medium/fast/partial/imbalanced/noisy,0.0,0.020421052631579006,width,0.0
scn-47c1303a91dc,1,Periodic(2000),0.8109473684210526,0.027992173999791703,9,3.0,9.0,3.0,0.0,6.0,0.0,0.3333333333333333,1.0,0.5,0.0,1600.3333333333333,1600.0,2066.6666666666665,2066.6666666666665,1.2913976254946886,1.2913976254946886,0.4838709677419355,12400.0,hyperplane_gauss,20000,20,0.3,0.1,3,real,gradual,200,0.1414213562373095,0.6,False,medium,fast,real/gradual/K=3/medium/fast/partial/imbalanced/noisy,-0.0014736842105262937,0.0218947368421053,width,0.0
scn-47c1303a91dc,1,Oracle,0.8328421052631579,0.032572527000411355,3,3.0,3.0,3.0,0.0,0.0,0.0,1.0,1.0,1.0,0.0,101.0,101.0,inf,12400.0,inf,122.77227722772277,0.0,12400.0,hyperplane_gauss,20000,20,0.3,0.1,3,real,gradual,200,0.1414213562373095,0.6,False,medium,fast,real/gradual/K=3/medium/fast/partial/imbalanced/noisy,0.020421052631579006,-0.0,width,0.0
scn-721f805ea7f2,2,ADWIN,0.8168947368421052,0.04964220000010755,3,3.0,3.0,2.0,1.0,0.0,1.0,0.6666666666666666,0.6666666666666666,0.6666666666666666,0.33333333333333337,881.5,881.5,inf,12400.0,inf,9.377954244658724,0.0,12400.0,hyperplane_gauss,20000,20,0.3,0.1,3,real,gradual,200,0.1414213562373095,0.6,False,medium,fast,real/gradual/K=3/medium/fast/partial/imbalanced/noisy,0.01584210526315788,0.01563157894736844,width,0.0
scn-721f805ea7f2,2,PageHinkley,0.797578947368421,0.07517141400012406,13,3.0,13.0,3.0,0.0,8.0,2.0,0.23076923076923078,1.0,0.375,0.0,1296.3333333333333,1591.0,1550.0,1550.0,1.1956801234250451,1.1956801234250451,0.6451612903225806,12400.0,hyperplane_gauss,20000,20,0.3,0.1,3,real,gradual,200,0.1414213562373095,0.6,False,medium,fast,real/gradual/K=3/medium/fast/partial/imbalanced/noisy,-0.0034736842105262955,0.034947368421052616,width,0.0
scn-721f805ea7f2,2,PageHinkley-up,0.8260526315789474,0.03826970599993729,3,3.0,3.0,3.0,0.0,0.0,0.0,1.0,1.0,1.0,0.0,1038.6666666666667,911.0,inf,12400.0,inf,11.938382541720154,0.0,12400.0,hyperplane_gauss,20000,20,0.3,0.1,3,real,gradual,200,0.1414213562373095,0.6,False,medium,fast,real/gradual/K=3/medium/fast/partial/imbalanced/noisy,0.025000000000000022,0.006473684210526298,width,0.0
scn-721f805ea7f2,2,DDM,0.8217368421052632,0.039304943999923125,3,3.0,3.0,3.0,0.0,0.0,0.0,1.0,1.0,1.0,0.0,1122.6666666666667,1177.0,inf,12400.0,inf,11.045130641330166,0.0,12400.0,hyperplane_gauss,20000,20,0.3,0.1,3,real,gradual,200,0.1414213562373095,0.6,False,medium,fast,real/gradual/K=3/medium/fast/partial/imbalanced/noisy,0.02068421052631586,0.01078947368421046,width,0.0
scn-721f805ea7f2,2,EDDM,0.8016315789473685,0.03745706700010487,4,3.0,4.0,0.0,3.0,4.0,0.0,0.0,0.0,0.0,1.0,,,3100.0,3100.0,,,0.3225806451612903,12400.0,hyperplane_gauss,20000,20,0.3,0.1,3,real,gradual,200,0.1414213562373095,0.6,False,medium,fast,real/gradual/K=3/medium/fast/partial/imbalanced/noisy,0.0005789473684211233,0.030894736842105197,width,0.0
scn-721f805ea7f2,2,HDDM_A,0.8204210526315789,0.09695769300014945,2,3.0,2.0,2.0,1.0,0.0,0.0,1.0,0.6666666666666666,0.8,0.33333333333333337,870.5,870.5,inf,12400.0,inf,9.496457974344246,0.0,12400.0,hyperplane_gauss,20000,20,0.3,0.1,3,real,gradual,200,0.1414213562373095,0.6,False,medium,fast,real/gradual/K=3/medium/fast/partial/imbalanced/noisy,0.01936842105263159,0.01210526315789473,width,0.0
scn-721f805ea7f2,2,HDDM_W,0.8272105263157895,0.08486882900024284,3,3.0,3.0,3.0,0.0,0.0,0.0,1.0,1.0,1.0,0.0,933.3333333333334,732.0,inf,12400.0,inf,13.285714285714285,0.0,12400.0,hyperplane_gauss,20000,20,0.3,0.1,3,real,gradual,200,0.1414213562373095,0.6,False,medium,fast,real/gradual/K=3/medium/fast/partial/imbalanced/noisy,0.026157894736842158,0.005315789473684163,width,0.0
scn-721f805ea7f2,2,FHDDM,0.8230526315789474,0.03504944599990267,2,3.0,2.0,2.0,1.0,0.0,0.0,1.0,0.6666666666666666,0.8,0.33333333333333337,758.5,758.5,inf,12400.0,inf,10.89870358163041,0.0,12400.0,hyperplane_gauss,20000,20,0.3,0.1,3,real,gradual,200,0.1414213562373095,0.6,False,medium,fast,real/gradual/K=3/medium/fast/partial/imbalanced/noisy,0.02200000000000002,0.0094736842105263,width,0.0
scn-721f805ea7f2,2,NoDrift,0.8010526315789473,0.025968641000417847,0,3.0,0.0,0.0,3.0,0.0,0.0,,0.0,0.0,1.0,,,inf,12400.0,,,0.0,12400.0,hyperplane_gauss,20000,20,0.3,0.1,3,real,gradual,200,0.1414213562373095,0.6,False,medium,fast,real/gradual/K=3/medium/fast/partial/imbalanced/noisy,0.0,0.03147368421052632,width,0.0
scn-721f805ea7f2,2,Periodic(2000),0.8038421052631579,0.02820800000017698,9,3.0,9.0,3.0,0.0,6.0,0.0,0.3333333333333333,1.0,0.5,0.0,1600.3333333333333,1600.0,2066.6666666666665,2066.6666666666665,1.2913976254946886,1.2913976254946886,0.4838709677419355,12400.0,hyperplane_gauss,20000,20,0.3,0.1,3,real,gradual,200,0.1414213562373095,0.6,False,medium,fast,real/gradual/K=3/medium/fast/partial/imbalanced/noisy,0.002789473684210564,0.028684210526315757,width,0.0
scn-721f805ea7f2,2,Oracle,0.8325263157894737,0.03326828800027215,3,3.0,3.0,3.0,0.0,0.0,0.0,1.0,1.0,1.0,0.0,101.0,101.0,inf,12400.0,inf,122.77227722772277,0.0,12400.0,hyperplane_gauss,20000,20,0.3,0.1,3,real,gradual,200,0.1414213562373095,0.6,False,medium,fast,real/gradual/K=3/medium/fast/partial/imbalanced/noisy,0.03147368421052632,-0.0,width,0.0
scn-93d1c2cd57e8,0,ADWIN,0.8066842105263158,0.03573111199966661,1,3.0,1.0,1.0,2.0,0.0,0.0,1.0,0.3333333333333333,0.5,0.6666666666666667,1091.0,1091.0,inf,11731.0,inf,3.584173541093797,0.0,11731.0,hyperplane_gauss,20000,20,0.3,0.1,3,real,gradual,423,0.1414213562373095,0.6,False,medium,fast,real/gradual/K=3/medium/fast/partial/imbalanced/noisy,0.004684210526315735,0.018526315789473724,width,0.25
scn-93d1c2cd57e8,0,PageHinkley,0.8016842105263158,0.04609215599975869,7,3.0,7.0,2.0,1.0,4.0,1.0,0.2857142857142857,0.6666666666666666,0.4,0.33333333333333337,1425.5,1425.5,2932.75,2932.75,1.3715655325616742,1.3715655325616742,0.3409768988151053,11731.0,hyperplane_gauss,20000,20,0.3,0.1,3,real,gradual,423,0.1414213562373095,0.6,False,medium,fast,real/gradual/K=3/medium/fast/partial/imbalanced/noisy,-0.00031578947368426924,0.02352631578947373,width,0.25
scn-93d1c2cd57e8,0,PageHinkley-up,0.8138947368421052,0.03883842100003676,2,3.0,2.0,2.0,1.0,0.0,0.0,1.0,0.6666666666666666,0.8,0.33333333333333337,1194.0,1194.0,inf,11731.0,inf,6.549972082635399,0.0,11731.0,hyperplane_gauss,20000,20,0.3,0.1,3,real,gradual,423,0.1414213562373095,0.6,False,medium,fast,real/gradual/K=3/medium/fast/partial/imbalanced/noisy,0.01189473684210518,0.011315789473684279,width,0.25
scn-93d1c2cd57e8,0,DDM,0.8138947368421052,0.03857139499996265,2,3.0,2.0,1.0,2.0,1.0,0.0,0.5,0.3333333333333333,0.4,0.6666666666666667,1416.0,1416.0,11731.0,11731.0,2.76153483992467,2.76153483992467,0.08524422470377632,11731.0,hyperplane_gauss,20000,20,0.3,0.1,3,real,gradual,423,0.1414213562373095,0.6,False,medium,fast,real/gradual/K=3/medium/fast/partial/imbalanced/noisy,0.01189473684210518,0.011315789473684279,width,0.25
scn-93d1c2cd57e8,0,EDDM,0.7993157894736842,0.05055899099988892,9,3.0,9.0,0.0,3.0,9.0,0.0,0.0,0.0,0.0,1.0,,,1303.4444444444443,1303.4444444444443,,,0.7671980223339868,11731.0,hyperplane_gauss,20000,20,0.3,0.1,3,real,gradual,423,0.1414213562373095,0.6,False,medium,fast,real/gradual/K=3/medium/fast/partial/imbalanced/noisy,-0.0026842105263158444,0.025894736842105304,width,0.25
scn-93d1c2cd57e8,0,HDDM_A,0.8045263157894736,0.08008855899970513,1,3.0,1.0,1.0,2.0,0.0,0.0,1.0,0.3333333333333333,0.5,0.6666666666666667,1431.0,1431.0,inf,11731.0,inf,2.7325879338457946,0.0,11731.0,hyperplane_gauss,20000,20,0.3,0.1,3,real,gradual,423,0.1414213562373095,0.6,False,medium,fast,real/gradual/K=3/medium/fast/partial/imbalanced/noisy,0.002526315789473599,0.02068421052631586,width,0.25
scn-93d1c2cd57e8,0,HDDM_W,0.8205263157894737,0.07887466800002585,2,3.0,2.0,2.0,1.0,0.0,0.0,1.0,0.6666666666666666,0.8,0.33333333333333337,339.5,339.5,inf,11731.0,inf,23.035837015218455,0.0,11731.0,hyperplane_gauss,20000,20,0.3,0.1,3,real,gradual,423,0.1414213562373095,0.6,False,medium,fast,real/gradual/K=3/medium/fast/partial/imbalanced/noisy,0.018526315789473613,0.004684210526315846,width,0.25
scn-93d1c2cd57e8,0,FHDDM,0.8067894736842105,0.03531927199992424,1,3.0,1.0,1.0,2.0,0.0,0.0,1.0,0.3333333333333333,0.5,0.6666666666666667,1100.0,1100.0,inf,11731.0,inf,3.554848484848484,0.0,11731.0,hyperplane_gauss,20000,20,0.3,0.1,3,real,gradual,423,0.1414213562373095,0.6,False,medium,fast,real/gradual/K=3/medium/fast/partial/imbalanced/noisy,0.004789473684210455,0.018421052631579005,width,0.25
scn-93d1c2cd57e8,0,NoDrift,0.802,0.025211063000369904,0,3.0,0.0,0.0,3.0,0.0,0.0,,0.0,0.0,1.0,,,inf,11731.0,,,0.0,11731.0,hyperplane_gauss,20000,20,0.3,0.1,3,real,gradual,423,0.1414213562373095,0.6,False,medium,fast,real/gradual/K=3/medium/fast/partial/imbalanced/noisy,0.0,0.02321052631578946,width,0.25
scn-93d1c2cd57e8,0,Periodic(2000),0.8028947368421052,0.02718827799981227,9,3.0,9.0,3.0,0.0,5.0,1.0,0.3333333333333333,1.0,0.5,0.0,1045.3333333333333,1379.0,2346.2,2346.2,2.244451530612245,2.244451530612245,0.4262211235188816,11731.0,hyperplane_gauss,20000,20,0.3,0.1,3,real,gradual,423,0.1414213562373095,0.6,False,medium,fast,real/gradual/K=3/medium/fast/partial/imbalanced/noisy,0.0008947368421051705,0.02231578947368429,width,0.25
scn-93d1c2cd57e8,0,Oracle,0.8252105263157895,0.03239269799996691,3,3.0,3.0,3.0,0.0,0.0,0.0,1.0,1.0,1.0,0.0,212.0,212.0,inf,11731.0,inf,55.33490566037736,0.0,11731.0,hyperplane_gauss,20000,20,0.3,0.1,3,real,gradual,423,0.1414213562373095,0.6,False,medium,fast,real/gradual/K=3/medium/fast/partial/imbalanced/noisy,0.02321052631578946,-0.0,width,0.25
scn-83c57f0d79a6,1,ADWIN,0.8166842105263158,0.03076189700004761,1,3.0,1.0,1.0,2.0,0.0,0.0,1.0,0.3333333333333333,0.5,0.6666666666666667,2083.0,2083.0,inf,11731.0,inf,1.8772603616578647,0.0,11731.0,hyperplane_gauss,20000,20,0.3,0.1,3,real,gradual,423,0.1414213562373095,0.6,False,medium,fast,real/gradual/K=3/medium/fast/partial/imbalanced/noisy,0.004526315789473712,0.01605263157894732,width,0.25
scn-83c57f0d79a6,1,PageHinkley,0.802,0.05408192000004419,13,3.0,13.0,3.0,0.0,8.0,2.0,0.23076923076923078,1.0,0.375,0.0,935.3333333333334,1161.0,1466.375,1466.375,1.567756593014968,1.567756593014968,0.6819537976302106,11731.0,hyperplane_gauss,20000,20,0.3,0.1,3,real,gradual,423,0.1414213562373095,0.6,False,medium,fast,real/gradual/K=3/medium/fast/partial/imbalanced/noisy,-0.010157894736842032,0.030736842105263062,width,0.25
scn-83c57f0d79a6,1,PageHinkley-up,0.8221052631578948,0.04095563900000343,3,3.0,3.0,3.0,0.0,0.0,0.0,1.0,1.0,1.0,0.0,1541.6666666666667,1450.0,inf,11731.0,inf,7.609297297297297,0.0,11731.0,hyperplane_gauss,20000,20,0.3,0.1,3,real,gradual,423,0.1414213562373095,0.6,False,medium,fast,real/gradual/K=3/medium/fast/partial/imbalanced/noisy,0.009947368421052705,0.010631578947368325,width,0.25
scn-83c57f0d79a6,1,DDM,0.8121578947368421,0.03398553200031529,0,3.0,0.0,0.0,3.0,0.0,0.0,,0.0,0.0,1.0,,,inf,11731.0,,,0.0,11731.0,hyperplane_gauss,20000,20,0.3,0.1,3,real,gradual,423,0.1414213562373095,0.6,False,medium,fast,real/gradual/K=3/medium/fast/partial/imbalanced/noisy,0.0,0.02057894736842103,width,0.25
scn-83c57f0d79a6,1,EDDM,0.8054210526315789,0.038212727999962226,6,3.0,6.0,0.0,3.0,6.0,0.0,0.0,0.0,0.0,1.0,,,1955.1666666666667,1955.1666666666667,,,0.5114653482226579,11731.0,hyperplane_gauss,20000,20,0.3,0.1,3,real,gradual,423,0.1414213562373095,0.6,False,medium,fast,real/gradual/K=3/medium/fast/partial/imbalanced/noisy,-0.006736842105263152,0.027315789473684182,width,0.25
scn-83c57f0d79a6,1,HDDM_A,0.8135789473684211,0.0802382070000931,1,3.0,1.0,0.0,3.0,1.0,0.0,0.0,0.0,0.0,1.0,,,11731.0,11731.0,,,0.08524422470377632,11731.0,hyperplane_gauss,20000,20,0.3,0.1,3,real,gradual,423,0.1414213562373095,0.6,False,medium,fast,real/gradual/K=3/medium/fast/partial/imbalanced/noisy,0.0014210526315789895,0.01915789473684204,width,0.25
scn-83c57f0d79a6,1,HDDM_W,0.8286315789473684,0.07967803199971968,2,3.0,2.0,2.0,1.0,0.0,0.0,1.0,0.6666666666666666,0.8,0.33333333333333337,270.5,270.5,inf,11731.0,inf,28.91189155884165,0.0,11731.0,hyperplane_gauss,20000,20,0.3,0.1,3,real,gradual,423,0.1414213562373095,0.6,False,medium,fast,real/gradual/K=3/medium/fast/partial/imbalanced/noisy,0.016473684210526307,0.004105263157894723,width,0.25
scn-83c57f0d79a6,1,FHDDM,0.8217368421052632,0.03208226500009914,1,3.0,1.0,1.0,2.0,0.0,0.0,1.0,0.3333333333333333,0.5,0.6666666666666667,671.0,671.0,inf,11731.0,inf,5.827620466964728,0.0,11731.0,hyperplane_gauss,20000,20,0.3,0.1,3,real,gradual,423,0.1414213562373095,0.6,False,medium,fast,real/gradual/K=3/medium/fast/partial/imbalanced/noisy,0.009578947368421131,0.010999999999999899,width,0.25
scn-83c57f0d79a6,1,NoDrift,0.8121578947368421,0.025512269000046217,0,3.0,0.0,0.0,3.0,0.0,0.0,,0.0,0.0,1.0,,,inf,11731.0,,,0.0,11731.0,hyperplane_gauss,20000,20,0.3,0.1,3,real,gradual,423,0.1414213562373095,0.6,False,medium,fast,real/gradual/K=3/medium/fast/partial/imbalanced/noisy,0.0,0.02057894736842103,width,0.25
scn-83c57f0d79a6,1,Periodic(2000),0.8111052631578948,0.027704549999725714,9,3.0,9.0,3.0,0.0,5.0,1.0,0.3333333333333333,1.0,0.5,0.0,1045.3333333333333,1379.0,2346.2,2346.2,2.244451530612245,2.244451530612245,0.4262211235188816,11731.0,hyperplane_gauss,20000,20,0.3,0.1,3,real,gradual,423,0.1414213562373095,0.6,False,medium,fast,real/gradual/K=3/medium/fast/partial/imbalanced/noisy,-0.001052631578947305,0.021631578947368335,width,0.25
scn-83c57f0d79a6,1,Oracle,0.8327368421052631,0.032403714999873046,3,3.0,3.0,3.0,0.0,0.0,0.0,1.0,1.0,1.0,0.0,212.0,212.0,inf,11731.0,inf,55.33490566037736,0.0,11731.0,hyperplane_gauss,20000,20,0.3,0.1,3,real,gradual,423,0.1414213562373095,0.6,False,medium,fast,real/gradual/K=3/medium/fast/partial/imbalanced/noisy,0.02057894736842103,-0.0,width,0.25
scn-d527769f82cb,2,ADWIN,0.8167894736842105,0.03471347799995783,3,3.0,3.0,2.0,1.0,0.0,1.0,0.6666666666666666,0.6666666666666666,0.6666666666666666,0.33333333333333337,993.5,993.5,inf,11731.0,inf,7.8718335849689645,0.0,11731.0,hyperplane_gauss,20000,20,0.3,0.1,3,real,gradual,423,0.1414213562373095,0.6,False,medium,fast,real/gradual/K=3/medium/fast/partial/imbalanced/noisy,0.015894736842105295,0.015263157894736867,width,0.25
scn-d527769f82cb,2,PageHinkley,0.7941052631578948,0.053954772999986744,12,3.0,12.0,2.0,1.0,8.0,2.0,0.16666666666666666,0.6666666666666666,0.26666666666666666,0.33333333333333337,857.5,857.5,1466.375,1466.375,1.140038872691934,1.140038872691934,0.6819537976302106,11731.0,hyperplane_gauss,20000,20,0.3,0.1,3,real,gradual,423,0.1414213562373095,0.6,False,medium,fast,real/gradual/K=3/medium/fast/partial/imbalanced/noisy,-0.006789473684210456,0.03794736842105262,width,0.25
scn-d527769f82cb,2,PageHinkley-up,0.8255789473684211,0.03828428300039377,3,3.0,3.0,3.0,0.0,0.0,0.0,1.0,1.0,1.0,0.0,1136.3333333333333,1042.0,inf,11731.0,inf,10.323555294807862,0.0,11731.0,hyperplane_gauss,20000,20,0.3,0.1,3,real,gradual,423,0.1414213562373095,0.6,False,medium,fast,real/gradual/K=3/medium/fast/partial/imbalanced/noisy,0.024684210526315864,0.006473684210526298,width,0.25
scn-d527769f82cb,2,DDM,0.8229473684210526,0.03914309099991442,3,3.0,3.0,3.0,0.0,0.0,0.0,1.0,1.0,1.0,0.0,1179.3333333333333,1267.0,inf,11731.0,inf,9.947145279819107,0.0,11731.0,hyperplane_gauss,20000,20,0.3,0.1,3,real,gradual,423,0.1414213562373095,0.6,False,medium,fast,real/gradual/K=3/medium/fast/partial/imbalanced/noisy,0.022052631578947435,0.009105263157894727,width,0.25
scn-d527769f82cb,2,EDDM,0.8016315789473685,0.037817317999724764,4,3.0,4.0,0.0,3.0,4.0,0.0,0.0,0.0,0.0,1.0,,,2932.75,2932.75,,,0.3409768988151053,11731.0,hyperplane_gauss,20000,20,0.3,0.1,3,real,gradual,423,0.1414213562373095,0.6,False,medium,fast,real/gradual/K=3/medium/fast/partial/imbalanced/noisy,0.0007368421052632579,0.030421052631578904,width,0.25
scn-d527769f82cb,2,HDDM_A,0.8194210526315789,0.08973710000009305,2,3.0,2.0,2.0,1.0,0.0,0.0,1.0,0.6666666666666666,0.8,0.33333333333333337,1063.5,1063.5,inf,11731.0,inf,7.35370631562451,0.0,11731.0,hyperplane_gauss,20000,20,0.3,0.1,3,real,gradual,423,0.1414213562373095,0.6,False,medium,fast,real/gradual/K=3/medium/fast/partial/imbalanced/noisy,0.018526315789473724,0.012631578947368438,width,0.25
scn-d527769f82cb,2,HDDM_W,0.827,0.08263542900022003,3,3.0,3.0,3.0,0.0,0.0,0.0,1.0,1.0,1.0,0.0,1044.3333333333333,844.0,inf,11731.0,inf,11.23300351101181,0.0,11731.0,hyperplane_gauss,20000,20,0.3,0.1,3,real,gradual,423,0.1414213562373095,0.6,False,medium,fast,real/gradual/K=3/medium/fast/partial/imbalanced/noisy,0.026105263157894742,0.00505263157894742,width,0.25
scn-d527769f82cb,2,FHDDM,0.8228947368421052,0.03501432699977158,2,3.0,2.0,2.0,1.0,0.0,0.0,1.0,0.6666666666666666,0.8,0.33333333333333337,870.5,870.5,inf,11731.0,inf,8.984108749760672,0.0,11731.0,hyperplane_gauss,20000,20,0.3,0.1,3,real,gradual,423,0.1414213562373095,0.6,False,medium,fast,real/gradual/K=3/medium/fast/partial/imbalanced/noisy,0.02200000000000002,0.009157894736842143,width,0.25
scn-d527769f82cb,2,NoDrift,0.8008947368421052,0.025331136000204424,0,3.0,0.0,0.0,3.0,0.0,0.0,,0.0,0.0,1.0,,,inf,11731.0,,,0.0,11731.0,hyperplane_gauss,20000,20,0.3,0.1,3,real,gradual,423,0.1414213562373095,0.6,False,medium,fast,real/gradual/K=3/medium/fast/partial/imbalanced/noisy,0.0,0.031157894736842162,width,0.25
scn-d527769f82cb,2,Periodic(2000),0.8038947368421052,0.027645001000109914,9,3.0,9.0,3.0,0.0,5.0,1.0,0.3333333333333333,1.0,0.5,0.0,1045.3333333333333,1379.0,2346.2,2346.2,2.244451530612245,2.244451530612245,0.4262211235188816,11731.0,hyperplane_gauss,20000,20,0.3,0.1,3,real,gradual,423,0.1414213562373095,0.6,False,medium,fast,real/gradual/K=3/medium/fast/partial/imbalanced/noisy,0.0030000000000000027,0.02815789473684216,width,0.25
scn-d527769f82cb,2,Oracle,0.8320526315789474,0.03501984900003663,3,3.0,3.0,3.0,0.0,0.0,0.0,1.0,1.0,1.0,0.0,212.0,212.0,inf,11731.0,inf,55.33490566037736,0.0,11731.0,hyperplane_gauss,20000,20,0.3,0.1,3,real,gradual,423,0.1414213562373095,0.6,False,medium,fast,real/gradual/K=3/medium/fast/partial/imbalanced/noisy,0.031157894736842162,-0.0,width,0.25
scn-ad2c92d3640a,0,ADWIN,0.8027368421052632,0.030575693999708164,0,3.0,0.0,0.0,3.0,0.0,0.0,,0.0,0.0,1.0,,,inf,7327.0,,,0.0,7327.0,hyperplane_gauss,20000,20,0.3,0.1,3,real,gradual,1891,0.1414213562373095,0.6,False,medium,slow,real/gradual/K=3/medium/slow/partial/imbalanced/noisy,0.0,0.018210526315789455,width,0.75
scn-ad2c92d3640a,0,PageHinkley,0.8055263157894736,0.039905987000111054,4,3.0,4.0,1.0,2.0,1.0,2.0,0.25,0.3333333333333333,0.28571428571428575,0.6666666666666667,2429.0,2429.0,7327.0,7327.0,1.0054892273912444,1.0054892273912444,0.1364815067558346,7327.0,hyperplane_gauss,20000,20,0.3,0.1,3,real,gradual,1891,0.1414213562373095,0.6,False,medium,slow,real/gradual/K=3/medium/slow/partial/imbalanced/noisy,0.002789473684210453,0.015421052631579002,width,0.75
scn-ad2c92d3640a,0,PageHinkley-up,0.8116315789473684,0.03692813900033798,2,3.0,2.0,2.0,1.0,0.0,0.0,1.0,0.6666666666666666,0.8,0.33333333333333337,2317.0,2317.0,inf,7327.0,inf,2.1081858725363256,0.0,7327.0,hyperplane_gauss,20000,20,0.3,0.1,3,real,gradual,1891,0.1414213562373095,0.6,False,medium,slow,real/gradual/K=3/medium/slow/partial/imbalanced/noisy,0.008894736842105178,0.009315789473684277,width,0.75
scn-ad2c92d3640a,0,DDM,0.8106315789473684,0.04018794600006004,2,3.0,2.0,1.0,2.0,1.0,0.0,0.5,0.3333333333333333,0.4,0.6666666666666667,2143.0,2143.0,7327.0,7327.0,1.1396795769170942,1.1396795769170942,0.1364815067558346,7327.0,hyperplane_gauss,20000,20,0.3,0.1,3,real,gradual,1891,0.1414213562373095,0.6,False,medium,slow,real/gradual/K=3/medium/slow/partial/imbalanced/noisy,0.007894736842105177,0.010315789473684278,width,0.75
scn-ad2c92d3640a,0,EDDM,0.7995263157894736,0.05050997299986193,9,3.0,9.0,0.0,3.0,9.0,0.0,0.0,0.0,0.0,1.0,,,814.1111111111111,814.1111111111111,,,1.2283335608025112,7327.0,hyperplane_gauss,20000,20,0.3,0.1,3,real,gradual,1891,0.1414213562373095,0.6,False,medium,slow,real/gradual/K=3/medium/slow/partial/imbalanced/noisy,-0.0032105263157895525,0.021421052631579007,width,0.75
scn-ad2c92d3640a,0,HDDM_A,0.8027368421052632,0.07068779299970629,0,3.0,0.0,0.0,3.0,0.0,0.0,,0.0,0.0,1.0,,,inf,7327.0,,,0.0,7327.0,hyperplane_gauss,20000,20,0.3,0.1,3,real,gradual,1891,0.1414213562373095,0.6,False,medium,slow,real/gradual/K=3/medium/slow/partial/imbalanced/noisy,0.0,0.018210526315789455,width,0.75
scn-ad2c92d3640a,0,HDDM_W,0.8182631578947368,0.07878480499994112,2,3.0,2.0,2.0,1.0,0.0,0.0,1.0,0.6666666666666666,0.8,0.33333333333333337,1075.0,1075.0,inf,7327.0,inf,4.543875968992248,0.0,7327.0,hyperplane_gauss,20000,20,0.3,0.1,3,real,gradual,1891,0.1414213562373095,0.6,False,medium,slow,real/gradual/K=3/medium/slow/partial/imbalanced/noisy,0.01552631578947361,0.0026842105263158444,width,0.75
scn-ad2c92d3640a,0,FHDDM,0.8075263157894736,0.03528472800007876,1,3.0,1.0,1.0,2.0,0.0,0.0,1.0,0.3333333333333333,0.5,0.6666666666666667,1834.0,1834.0,inf,7327.0,inf,1.3316975645219917,0.0,7327.0,hyperplane_gauss,20000,20,0.3,0.1,3,real,gradual,1891,0.1414213562373095,0.6,False,medium,slow,real/gradual/K=3/medium/slow/partial/imbalanced/noisy,0.004789473684210455,0.013421052631579,width,0.75
scn-ad2c92d3640a,0,NoDrift,0.8027368421052632,0.026938320999761345,0,3.0,0.0,0.0,3.0,0.0,0.0,,0.0,0.0,1.0,,,inf,7327.0,,,0.0,7327.0,hyperplane_gauss,20000,20,0.3,0.1,3,real,gradual,1891,0.1414213562373095,0.6,False,medium,slow,real/gradual/K=3/medium/slow/partial/imbalanced/noisy,0.0,0.018210526315789455,width,0.75
scn-ad2c92d3640a,0,Periodic(2000),0.8025263157894736,0.02772089900008723,9,3.0,9.0,3.0,0.0,3.0,3.0,0.3333333333333333,1.0,0.5,0.0,446.0,446.0,2442.3333333333335,2442.3333333333335,5.476083707025412,5.476083707025412,0.4094445202675038,7327.0,hyperplane_gauss,20000,20,0.3,0.1,3,real,gradual,1891,0.1414213562373095,0.6,False,medium,slow,real/gradual/K=3/medium/slow/partial/imbalanced/noisy,-0.00021052631578954983,0.018421052631579005,width,0.75
scn-ad2c92d3640a,0,Oracle,0.8209473684210526,0.031405033000282856,3,3.0,3.0,3.0,0.0,0.0,0.0,1.0,1.0,1.0,0.0,946.0,946.0,inf,7327.0,inf,7.745243128964059,0.0,7327.0,hyperplane_gauss,20000,20,0.3,0.1,3,real,gradual,1891,0.1414213562373095,0.6,False,medium,slow,real/gradual/K=3/medium/slow/partial/imbalanced/noisy,0.018210526315789455,-0.0,width,0.75
scn-1db87e96d9c4,1,ADWIN,0.8192631578947368,0.031360489999769925,1,3.0,1.0,1.0,2.0,0.0,0.0,1.0,0.3333333333333333,0.5,0.6666666666666667,2753.0,2753.0,inf,7327.0,inf,0.8871534084029542,0.0,7327.0,hyperplane_gauss,20000,20,0.3,0.1,3,real,gradual,1891,0.1414213562373095,0.6,False,medium,slow,real/gradual/K=3/medium/slow/partial/imbalanced/noisy,0.0052631578947368585,0.012631578947368438,width,0.75
scn-1db87e96d9c4,1,PageHinkley,0.8143684210526316,0.04339439300019876,6,3.0,6.0,1.0,2.0,3.0,2.0,0.16666666666666666,0.3333333333333333,0.2222222222222222,0.6666666666666667,552.0,552.0,2442.3333333333335,2442.3333333333335,1.4748389694041866,1.4748389694041866,0.4094445202675038,7327.0,hyperplane_gauss,20000,20,0.3,0.1,3,real,gradual,1891,0.1414213562373095,0.6,False,medium,slow,real/gradual/K=3/medium/slow/partial/imbalanced/noisy,0.00036842105263168445,0.017526315789473612,width,0.75
scn-1db87e96d9c4,1,PageHinkley-up,0.8258947368421052,0.03785646699998324,1,3.0,1.0,0.0,3.0,1.0,0.0,0.0,0.0,0.0,1.0,,,7327.0,7327.0,,,0.1364815067558346,7327.0,hyperplane_gauss,20000,20,0.3,0.1,3,real,gradual,1891,0.1414213562373095,0.6,False,medium,slow,real/gradual/K=3/medium/slow/partial/imbalanced/noisy,0.011894736842105291,0.006000000000000005,width,0.75
scn-1db87e96d9c4,1,DDM,0.814,0.034982697000032204,0,3.0,0.0,0.0,3.0,0.0,0.0,,0.0,0.0,1.0,,,inf,7327.0,,,0.0,7327.0,hyperplane_gauss,20000,20,0.3,0.1,3,real,gradual,1891,0.1414213562373095,0.6,False,medium,slow,real/gradual/K=3/medium/slow/partial/imbalanced/noisy,0.0,0.017894736842105297,width,0.75
scn-1db87e96d9c4,1,EDDM,0.8060526315789474,0.040353743999730796,7,3.0,7.0,0.0,3.0,7.0,0.0,0.0,0.0,0.0,1.0,,,1046.7142857142858,1046.7142857142858,,,0.9553705472908421,7327.0,hyperplane_gauss,20000,20,0.3,0.1,3,real,gradual,1891,0.1414213562373095,0.6,False,medium,slow,real/gradual/K=3/medium/slow/partial/imbalanced/noisy,-0.007947368421052592,0.02584210526315789,width,0.75
scn-1db87e96d9c4,1,HDDM_A,0.8168947368421052,0.07931305700003577,1,3.0,1.0,1.0,2.0,0.0,0.0,1.0,0.3333333333333333,0.5,0.6666666666666667,3171.0,3171.0,inf,7327.0,inf,0.7702091874277303,0.0,7327.0,hyperplane_gauss,20000,20,0.3,0.1,3,real,gradual,1891,0.1414213562373095,0.6,False,medium,slow,real/gradual/K=3/medium/slow/partial/imbalanced/noisy,0.0028947368421052833,0.015000000000000013,width,0.75
scn-1db87e96d9c4,1,HDDM_W,0.8245789473684211,0.08081804099992951,2,3.0,2.0,2.0,1.0,0.0,0.0,1.0,0.6666666666666666,0.8,0.33333333333333337,967.0,967.0,inf,7327.0,inf,5.051361599448466,0.0,7327.0,hyperplane_gauss,20000,20,0.3,0.1,3,real,gradual,1891,0.1414213562373095,0.6,False,medium,slow,real/gradual/K=3/medium/slow/partial/imbalanced/noisy,0.010578947368421132,0.0073157894736841644,width,0.75
scn-1db87e96d9c4,1,FHDDM,0.8187368421052632,0.034652910999739106,1,3.0,1.0,1.0,2.0,0.0,0.0,1.0,0.3333333333333333,0.5,0.6666666666666667,2718.0,2718.0,inf,7327.0,inf,0.898577385332352,0.0,7327.0,hyperplane_gauss,20000,20,0.3,0.1,3,real,gradual,1891,0.1414213562373095,0.6,False,medium,slow,real/gradual/K=3/medium/slow/partial/imbalanced/noisy,0.0047368421052632614,0.013157894736842035,width,0.75
scn-1db87e96d9c4,1,NoDrift,0.814,0.029276173999733146,0,3.0,0.0,0.0,3.0,0.0,0.0,,0.0,0.0,1.0,,,inf,7327.0,,,0.0,7327.0,hyperplane_gauss,20000,20,0.3,0.1,3,real,gradual,1891,0.1414213562373095,0.6,False,medium,slow,real/gradual/K=3/medium/slow/partial/imbalanced/noisy,0.0,0.017894736842105297,width,0.75
scn-1db87e96d9c4,1,Periodic(2000),0.8112631578947368,0.02851636100012911,9,3.0,9.0,3.0,0.0,3.0,3.0,0.3333333333333333,1.0,0.5,0.0,446.0,446.0,2442.3333333333335,2442.3333333333335,5.476083707025412,5.476083707025412,0.4094445202675038,7327.0,hyperplane_gauss,20000,20,0.3,0.1,3,real,gradual,1891,0.1414213562373095,0.6,False,medium,slow,real/gradual/K=3/medium/slow/partial/imbalanced/noisy,-0.0027368421052631486,0.020631578947368445,width,0.75
scn-1db87e96d9c4,1,Oracle,0.8318947368421052,0.036702676999993855,3,3.0,3.0,3.0,0.0,0.0,0.0,1.0,1.0,1.0,0.0,946.0,946.0,inf,7327.0,inf,7.745243128964059,0.0,7327.0,hyperplane_gauss,20000,20,0.3,0.1,3,real,gradual,1891,0.1414213562373095,0.6,False,medium,slow,real/gradual/K=3/medium/slow/partial/imbalanced/noisy,0.017894736842105297,-0.0,width,0.75
scn-92789b7b1bde,2,ADWIN,0.8146842105263158,0.03286112200021307,2,3.0,2.0,1.0,2.0,1.0,0.0,0.5,0.3333333333333333,0.4,0.6666666666666667,2078.0,2078.0,7327.0,7327.0,1.1753288418350976,1.1753288418350976,0.1364815067558346,7327.0,hyperplane_gauss,20000,20,0.3,0.1,3,real,gradual,1891,0.1414213562373095,0.6,False,medium,slow,real/gradual/K=3/medium/slow/partial/imbalanced/noisy,0.01463157894736844,0.012157894736842145,width,0.75
scn-92789b7b1bde,2,PageHinkley,0.7918947368421053,0.05124128900024516,13,3.0,13.0,3.0,0.0,4.0,6.0,0.23076923076923078,1.0,0.375,0.0,1180.0,769.0,1831.75,1831.75,1.5523305084745762,1.5523305084745762,0.5459260270233384,7327.0,hyperplane_gauss,20000,20,0.3,0.1,3,real,gradual,1891,0.1414213562373095,0.6,False,medium,slow,real/gradual/K=3/medium/slow/partial/imbalanced/noisy,-0.00815789473684203,0.034947368421052616,width,0.75
scn-92789b7b1bde,2,PageHinkley-up,0.8239473684210527,0.03732587600006809,3,3.0,3.0,3.0,0.0,0.0,0.0,1.0,1.0,1.0,0.0,1886.3333333333333,1793.0,inf,7327.0,inf,3.8842551687577314,0.0,7327.0,hyperplane_gauss,20000,20,0.3,0.1,3,real,gradual,1891,0.1414213562373095,0.6,False,medium,slow,real/gradual/K=3/medium/slow/partial/imbalanced/noisy,0.023894736842105302,0.0028947368421052833,width,0.75
scn-92789b7b1bde,2,DDM,0.8181578947368421,0.04039226300028531,3,3.0,3.0,3.0,0.0,0.0,0.0,1.0,1.0,1.0,0.0,1997.0,2005.0,inf,7327.0,inf,3.6690035052578867,0.0,7327.0,hyperplane_gauss,20000,20,0.3,0.1,3,real,gradual,1891,0.1414213562373095,0.6,False,medium,slow,real/gradual/K=3/medium/slow/partial/imbalanced/noisy,0.018105263157894735,0.00868421052631585,width,0.75
scn-92789b7b1bde,2,EDDM,0.8018421052631579,0.035130919000039285,2,3.0,2.0,0.0,3.0,2.0,0.0,0.0,0.0,0.0,1.0,,,3663.5,3663.5,,,0.2729630135116692,7327.0,hyperplane_gauss,20000,20,0.3,0.1,3,real,gradual,1891,0.1414213562373095,0.6,False,medium,slow,real/gradual/K=3/medium/slow/partial/imbalanced/noisy,0.001789473684210563,0.025000000000000022,width,0.75
scn-92789b7b1bde,2,HDDM_A,0.8182105263157895,0.08710117200007517,2,3.0,2.0,2.0,1.0,0.0,0.0,1.0,0.6666666666666666,0.8,0.33333333333333337,1839.5,1839.5,inf,7327.0,inf,2.6554317296366765,0.0,7327.0,hyperplane_gauss,20000,20,0.3,0.1,3,real,gradual,1891,0.1414213562373095,0.6,False,medium,slow,real/gradual/K=3/medium/slow/partial/imbalanced/noisy,0.01815789473684215,0.008631578947368435,width,0.75
scn-92789b7b1bde,2,HDDM_W,0.8233684210526315,0.08223665299965432,3,3.0,3.0,3.0,0.0,0.0,0.0,1.0,1.0,1.0,0.0,1676.6666666666667,1703.0,inf,7327.0,inf,4.369980119284294,0.0,7327.0,hyperplane_gauss,20000,20,0.3,0.1,3,real,gradual,1891,0.1414213562373095,0.6,False,medium,slow,real/gradual/K=3/medium/slow/partial/imbalanced/noisy,0.02331578947368418,0.0034736842105264065,width,0.75
scn-92789b7b1bde,2,FHDDM,0.8188421052631579,0.03521305599997504,2,3.0,2.0,2.0,1.0,0.0,0.0,1.0,0.6666666666666666,0.8,0.33333333333333337,1479.0,1479.0,inf,7327.0,inf,3.302681992337164,0.0,7327.0,hyperplane_gauss,20000,20,0.3,0.1,3,real,gradual,1891,0.1414213562373095,0.6,False,medium,slow,real/gradual/K=3/medium/slow/partial/imbalanced/noisy,0.018789473684210578,0.008000000000000007,width,0.75
scn-92789b7b1bde,2,NoDrift,0.8000526315789473,0.025739595999766607,0,3.0,0.0,0.0,3.0,0.0,0.0,,0.0,0.0,1.0,,,inf,7327.0,,,0.0,7327.0,hyperplane_gauss,20000,20,0.3,0.1,3,real,gradual,1891,0.1414213562373095,0.6,False,medium,slow,real/gradual/K=3/medium/slow/partial/imbalanced/noisy,0.0,0.026789473684210585,width,0.75
scn-92789b7b1bde,2,Periodic(2000),0.8028947368421052,0.04203669999969861,9,3.0,9.0,3.0,0.0,3.0,3.0,0.3333333333333333,1.0,0.5,0.0,446.0,446.0,2442.3333333333335,2442.3333333333335,5.476083707025412,5.476083707025412,0.4094445202675038,7327.0,hyperplane_gauss,20000,20,0.3,0.1,3,real,gradual,1891,0.1414213562373095,0.6,False,medium,slow,real/gradual/K=3/medium/slow/partial/imbalanced/noisy,0.002842105263157868,0.023947368421052717,width,0.75
scn-92789b7b1bde,2,Oracle,0.8268421052631579,0.09954904999995051,3,3.0,3.0,3.0,0.0,0.0,0.0,1.0,1.0,1.0,0.0,946.0,946.0,inf,7327.0,inf,7.745243128964059,0.0,7327.0,hyperplane_gauss,20000,20,0.3,0.1,3,real,gradual,1891,0.1414213562373095,0.6,False,medium,slow,real/gradual/K=3/medium/slow/partial/imbalanced/noisy,0.026789473684210585,-0.0,width,0.75
scn-80be5522f222,0,ADWIN,0.8038947368421052,0.030186974999651284,0,3.0,0.0,0.0,3.0,0.0,0.0,,0.0,0.0,1.0,,,inf,1000.0,,,0.0,1000.0,hyperplane_gauss,20000,20,0.3,0.1,3,real,gradual,4000,0.1414213562373095,0.6,False,medium,slow,real/gradual/K=3/medium/slow/partial/imbalanced/noisy,0.0,0.012473684210526415,width,1.0
scn-80be5522f222,0,PageHinkley,0.8043684210526316,0.04126188199961689,5,3.0,5.0,2.0,1.0,0.0,3.0,0.4,0.6666666666666666,0.5,0.33333333333333337,2537.5,2537.5,inf,1000.0,inf,0.2627257799671593,0.0,1000.0,hyperplane_gauss,20000,20,0.3,0.1,3,real,gradual,4000,0.1414213562373095,0.6,False,medium,slow,real/gradual/K=3/medium/slow/partial/imbalanced/noisy,0.00047368421052640386,0.01200000000000001,width,1.0
scn-80be5522f222,0,PageHinkley-up,0.8098421052631579,0.03714411999999356,1,3.0,1.0,1.0,2.0,0.0,0.0,1.0,0.3333333333333333,0.5,0.6666666666666667,4353.0,4353.0,inf,1000.0,inf,0.07657554177195802,0.0,1000.0,hyperplane_gauss,20000,20,0.3,0.1,3,real,gradual,4000,0.1414213562373095,0.6,False,medium,slow,real/gradual/K=3/medium/slow/partial/imbalanced/noisy,0.005947368421052701,0.006526315789473713,width,1.0
scn-80be5522f222,0,DDM,0.8063157894736842,0.03730098699998052,1,3.0,1.0,1.0,2.0,0.0,0.0,1.0,0.3333333333333333,0.5,0.6666666666666667,2938.0,2938.0,inf,1000.0,inf,0.11345586566825502,0.0,1000.0,hyperplane_gauss,20000,20,0.3,0.1,3,real,gradual,4000,0.1414213562373095,0.6,False,medium,slow,real/gradual/K=3/medium/slow/partial/imbalanced/noisy,0.0024210526315789904,0.010052631578947424,width,1.0
scn-80be5522f222,0,EDDM,0.8003684210526316,0.04029556199975559,4,3.0,4.0,1.0,2.0,0.0,3.0,0.25,0.3333333333333333,0.28571428571428575,0.6666666666666667,5.0,5.0,inf,1000.0,inf,66.66666666666666,0.0,1000.0,hyperplane_gauss,20000,20,0.3,0.1,3,real,gradual,4000,0.1414213562373095,0.6,False,medium,slow,real/gradual/K=3/medium/slow/partial/imbalanced/noisy,-0.0035263157894735997,0.016000000000000014,width,1.0
scn-80be5522f222,0,HDDM_A,0.8038947368421052,0.07214802699991196,0,3.0,0.0,0.0,3.0,0.0,0.0,,0.0,0.0,1.0,,,inf,1000.0,,,0.0,1000.0,hyperplane_gauss,20000,20,0.3,0.1,3,real,gradual,4000,0.1414213562373095,0.6,False,medium,slow,real/gradual/K=3/medium/slow/partial/imbalanced/noisy,0.0,0.012473684210526415,width,1.0
scn-80be5522f222,0,HDDM_W,0.8133684210526316,0.07895123199978116,2,3.0,2.0,2.0,1.0,0.0,0.0,1.0,0.6666666666666666,0.8,0.33333333333333337,2619.0,2619.0,inf,1000.0,inf,0.2545500827287769,0.0,1000.0,hyperplane_gauss,20000,20,0.3,0.1,3,real,gradual,4000,0.1414213562373095,0.6,False,medium,slow,real/gradual/K=3/medium/slow/partial/imbalanced/noisy,0.009473684210526412,0.0030000000000000027,width,1.0
scn-80be5522f222,0,FHDDM,0.8038947368421052,0.03169836799997938,0,3.0,0.0,0.0,3.0,0.0,0.0,,0.0,0.0,1.0,,,inf,1000.0,,,0.0,1000.0,hyperplane_gauss,20000,20,0.3,0.1,3,real,gradual,4000,0.1414213562373095,0.6,False,medium,slow,real/gradual/K=3/medium/slow/partial/imbalanced/noisy,0.0,0.012473684210526415,width,1.0
scn-80be5522f222,0,NoDrift,0.8038947368421052,0.02595821699969747,0,3.0,0.0,0.0,3.0,0.0,0.0,,0.0,0.0,1.0,,,inf,1000.0,,,0.0,1000.0,hyperplane_gauss,20000,20,0.3,0.1,3,real,gradual,4000,0.1414213562373095,0.6,False,medium,slow,real/gradual/K=3/medium/slow/partial/imbalanced/noisy,0.0,0.012473684210526415,width,1.0
scn-80be5522f222,0,Periodic(2000),0.7991578947368421,0.056588164000004326,9,3.0,9.0,3.0,0.0,0.0,6.0,0.3333333333333333,1.0,0.5,0.0,1500.3333333333333,1500.0,inf,1000.0,inf,0.666518551433015,0.0,1000.0,hyperplane_gauss,20000,20,0.3,0.1,3,real,gradual,4000,0.1414213562373095,0.6,False,medium,slow,real/gradual/K=3/medium/slow/partial/imbalanced/noisy,-0.00473684210526315,0.017210526315789565,width,1.0
scn-80be5522f222,0,Oracle,0.8163684210526316,0.06437075699977868,3,3.0,3.0,3.0,0.0,0.0,0.0,1.0,1.0,1.0,0.0,2001.0,2001.0,inf,1000.0,inf,0.49975012493753124,0.0,1000.0,hyperplane_gauss,20000,20,0.3,0.1,3,real,gradual,4000,0.1414213562373095,0.6,False,medium,slow,real/gradual/K=3/medium/slow/partial/imbalanced/noisy,0.012473684210526415,-0.0,width,1.0
scn-663dfc84e66f,1,ADWIN,0.8167894736842105,0.030959112999880745,1,3.0,1.0,1.0,2.0,0.0,0.0,1.0,0.3333333333333333,0.5,0.6666666666666667,3935.0,3935.0,inf,1000.0,inf,0.0847098686997035,0.0,1000.0,hyperplane_gauss,20000,20,0.3,0.1,3,real,gradual,4000,0.1414213562373095,0.6,False,medium,slow,real/gradual/K=3/medium/slow/partial/imbalanced/noisy,0.004157894736842138,0.007684210526315849,width,1.0
scn-663dfc84e66f,1,PageHinkley,0.8088947368421052,0.04498171699970044,7,3.0,7.0,2.0,1.0,0.0,5.0,0.2857142857142857,0.6666666666666666,0.4,0.33333333333333337,3212.5,3212.5,inf,1000.0,inf,0.20752269779507132,0.0,1000.0,hyperplane_gauss,20000,20,0.3,0.1,3,real,gradual,4000,0.1414213562373095,0.6,False,medium,slow,real/gradual/K=3/medium/slow/partial/imbalanced/noisy,-0.0037368421052631495,0.015578947368421137,width,1.0
scn-663dfc84e66f,1,PageHinkley-up,0.8224736842105264,0.035429821999969136,1,3.0,1.0,1.0,2.0,0.0,0.0,1.0,0.3333333333333333,0.5,0.6666666666666667,5918.0,5918.0,inf,1000.0,inf,0.056325335135744045,0.0,1000.0,hyperplane_gauss,20000,20,0.3,0.1,3,real,gradual,4000,0.1414213562373095,0.6,False,medium,slow,real/gradual/K=3/medium/slow/partial/imbalanced/noisy,0.009842105263157985,0.0020000000000000018,width,1.0
scn-663dfc84e66f,1,DDM,0.8126315789473684,0.03366465800036167,0,3.0,0.0,0.0,3.0,0.0,0.0,,0.0,0.0,1.0,,,inf,1000.0,,,0.0,1000.0,hyperplane_gauss,20000,20,0.3,0.1,3,real,gradual,4000,0.1414213562373095,0.6,False,medium,slow,real/gradual/K=3/medium/slow/partial/imbalanced/noisy,0.0,0.011842105263157987,width,1.0
scn-663dfc84e66f,1,EDDM,0.8103684210526316,0.031684407999819086,1,3.0,1.0,1.0,2.0,0.0,0.0,1.0,0.3333333333333333,0.5,0.6666666666666667,43.0,43.0,inf,1000.0,inf,7.751937984496122,0.0,1000.0,hyperplane_gauss,20000,20,0.3,0.1,3,real,gradual,4000,0.1414213562373095,0.6,False,medium,slow,real/gradual/K=3/medium/slow/partial/imbalanced/noisy,-0.0022631578947367448,0.014105263157894732,width,1.0
scn-663dfc84e66f,1,HDDM_A,0.8129473684210526,0.07628096500002357,1,3.0,1.0,1.0,2.0,0.0,0.0,1.0,0.3333333333333333,0.5,0.6666666666666667,4963.0,4963.0,inf,1000.0,inf,0.06716367788300086,0.0,1000.0,hyperplane_gauss,20000,20,0.3,0.1,3,real,gradual,4000,0.1414213562373095,0.6,False,medium,slow,real/gradual/K=3/medium/slow/partial/imbalanced/noisy,0.00031578947368426924,0.011526315789473718,width,1.0
scn-663dfc84e66f,1,HDDM_W,0.8196315789473684,0.07825936700010061,2,3.0,2.0,2.0,1.0,0.0,0.0,1.0,0.6666666666666666,0.8,0.33333333333333337,2021.5,2021.5,inf,1000.0,inf,0.3297881111385934,0.0,1000.0,hyperplane_gauss,20000,20,0.3,0.1,3,real,gradual,4000,0.1414213562373095,0.6,False,medium,slow,real/gradual/K=3/medium/slow/partial/imbalanced/noisy,0.007000000000000006,0.004842105263157981,width,1.0
scn-663dfc84e66f,1,FHDDM,0.8176315789473684,0.13135221699985777,1,3.0,1.0,1.0,2.0,0.0,0.0,1.0,0.3333333333333333,0.5,0.6666666666666667,3796.0,3796.0,inf,1000.0,inf,0.08781173164734807,0.0,1000.0,hyperplane_gauss,20000,20,0.3,0.1,3,real,gradual,4000,0.1414213562373095,0.6,False,medium,slow,real/gradual/K=3/medium/slow/partial/imbalanced/noisy,0.0050000000000000044,0.006842105263157983,width,1.0
scn-663dfc84e66f,1,NoDrift,0.8126315789473684,0.02512445200000002,0,3.0,0.0,0.0,3.0,0.0,0.0,,0.0,0.0,1.0,,,inf,1000.0,,,0.0,1000.0,hyperplane_gauss,20000,20,0.3,0.1,3,real,gradual,4000,0.1414213562373095,0.6,False,medium,slow,real/gradual/K=3/medium/slow/partial/imbalanced/noisy,0.0,0.011842105263157987,width,1.0
scn-663dfc84e66f,1,Periodic(2000),0.8065789473684211,0.027823958000226412,9,3.0,9.0,3.0,0.0,0.0,6.0,0.3333333333333333,1.0,0.5,0.0,1500.3333333333333,1500.0,inf,1000.0,inf,0.666518551433015,0.0,1000.0,hyperplane_gauss,20000,20,0.3,0.1,3,real,gradual,4000,0.1414213562373095,0.6,False,medium,slow,real/gradual/K=3/medium/slow/partial/imbalanced/noisy,-0.0060526315789473095,0.017894736842105297,width,1.0
scn-663dfc84e66f,1,Oracle,0.8244736842105264,0.03152460599994811,3,3.0,3.0,3.0,0.0,0.0,0.0,1.0,1.0,1.0,0.0,2001.0,2001.0,inf,1000.0,inf,0.49975012493753124,0.0,1000.0,hyperplane_gauss,20000,20,0.3,0.1,3,real,gradual,4000,0.1414213562373095,0.6,False,medium,slow,real/gradual/K=3/medium/slow/partial/imbalanced/noisy,0.011842105263157987,-0.0,width,1.0
scn-401603e7242b,2,ADWIN,0.8148421052631579,0.03365300399991611,1,3.0,1.0,1.0,2.0,0.0,0.0,1.0,0.3333333333333333,0.5,0.6666666666666667,3164.0,3164.0,inf,1000.0,inf,0.10535187526337966,0.0,1000.0,hyperplane_gauss,20000,20,0.3,0.1,3,real,gradual,4000,0.1414213562373095,0.6,False,medium,slow,real/gradual/K=3/medium/slow/partial/imbalanced/noisy,0.013578947368421135,0.007684210526315738,width,1.0
scn-401603e7242b,2,PageHinkley,0.8074210526315789,0.044007618999785336,7,3.0,7.0,3.0,0.0,0.0,4.0,0.42857142857142855,1.0,0.6,0.0,2492.3333333333335,3145.0,inf,1000.0,inf,0.4012304400160492,0.0,1000.0,hyperplane_gauss,20000,20,0.3,0.1,3,real,gradual,4000,0.1414213562373095,0.6,False,medium,slow,real/gradual/K=3/medium/slow/partial/imbalanced/noisy,0.00615789473684214,0.015105263157894733,width,1.0
scn-401603e7242b,2,PageHinkley-up,0.8177368421052632,0.037284533999809355,3,3.0,3.0,3.0,0.0,0.0,0.0,1.0,1.0,1.0,0.0,3346.0,3133.0,inf,1000.0,inf,0.2988643156007173,0.0,1000.0,hyperplane_gauss,20000,20,0.3,0.1,3,real,gradual,4000,0.1414213562373095,0.6,False,medium,slow,real/gradual/K=3/medium/slow/partial/imbalanced/noisy,0.016473684210526418,0.004789473684210455,width,1.0
scn-401603e7242b,2,DDM,0.8082105263157895,0.035956006000105845,1,3.0,1.0,1.0,2.0,0.0,0.0,1.0,0.3333333333333333,0.5,0.6666666666666667,1316.0,1316.0,inf,1000.0,inf,0.2532928064842958,0.0,1000.0,hyperplane_gauss,20000,20,0.3,0.1,3,real,gradual,4000,0.1414213562373095,0.6,False,medium,slow,real/gradual/K=3/medium/slow/partial/imbalanced/noisy,0.006947368421052702,0.01431578947368417,width,1.0
scn-401603e7242b,2,EDDM,0.8000526315789473,0.037855224999930215,3,3.0,3.0,1.0,2.0,1.0,1.0,0.3333333333333333,0.3333333333333333,0.3333333333333333,0.6666666666666667,97.0,97.0,1000.0,1000.0,3.4364261168384873,3.4364261168384873,1.0,1000.0,hyperplane_gauss,20000,20,0.3,0.1,3,real,gradual,4000,0.1414213562373095,0.6,False,medium,slow,real/gradual/K=3/medium/slow/partial/imbalanced/noisy,-0.0012105263157894397,0.022473684210526312,width,1.0
scn-401603e7242b,2,HDDM_A,0.8011578947368421,0.11781490299972575,1,3.0,1.0,1.0,2.0,0.0,0.0,1.0,0.3333333333333333,0.5,0.6666666666666667,5039.0,5039.0,inf,1000.0,inf,0.06615069127472381,0.0,1000.0,hyperplane_gauss,20000,20,0.3,0.1,3,real,gradual,4000,0.1414213562373095,0.6,False,medium,slow,real/gradual/K=3/medium/slow/partial/imbalanced/noisy,-0.0001052631578947194,0.021368421052631592,width,1.0
scn-401603e7242b,2,HDDM_W,0.815,0.13336668800002371,1,3.0,1.0,1.0,2.0,0.0,0.0,1.0,0.3333333333333333,0.5,0.6666666666666667,3154.0,3154.0,inf,1000.0,inf,0.10568590150073978,0.0,1000.0,hyperplane_gauss,20000,20,0.3,0.1,3,real,gradual,4000,0.1414213562373095,0.6,False,medium,slow,real/gradual/K=3/medium/slow/partial/imbalanced/noisy,0.013736842105263158,0.007526315789473714,width,1.0
scn-401603e7242b,2,FHDDM,0.8173684210526316,0.03499960699991789,2,3.0,2.0,2.0,1.0,0.0,0.0,1.0,0.6666666666666666,0.8,0.33333333333333337,2541.0,2541.0,inf,1000.0,inf,0.26236389872753507,0.0,1000.0,hyperplane_gauss,20000,20,0.3,0.1,3,real,gradual,4000,0.1414213562373095,0.6,False,medium,slow,real/gradual/K=3/medium/slow/partial/imbalanced/noisy,0.016105263157894845,0.005157894736842028,width,1.0
scn-401603e7242b,2,NoDrift,0.8012631578947368,0.025106622999828687,0,3.0,0.0,0.0,3.0,0.0,0.0,,0.0,0.0,1.0,,,inf,1000.0,,,0.0,1000.0,hyperplane_gauss,20000,20,0.3,0.1,3,real,gradual,4000,0.1414213562373095,0.6,False,medium,slow,real/gradual/K=3/medium/slow/partial/imbalanced/noisy,0.0,0.021263157894736873,width,1.0
scn-401603e7242b,2,Periodic(2000),0.8010526315789473,0.03189273799989678,9,3.0,9.0,3.0,0.0,0.0,6.0,0.3333333333333333,1.0,0.5,0.0,1500.3333333333333,1500.0,inf,1000.0,inf,0.666518551433015,0.0,1000.0,hyperplane_gauss,20000,20,0.3,0.1,3,real,gradual,4000,0.1414213562373095,0.6,False,medium,slow,real/gradual/K=3/medium/slow/partial/imbalanced/noisy,-0.0002105263157894388,0.02147368421052631,width,1.0
scn-401603e7242b,2,Oracle,0.8225263157894737,0.031960701999651064,3,3.0,3.0,3.0,0.0,0.0,0.0,1.0,1.0,1.0,0.0,2001.0,2001.0,inf,1000.0,inf,0.49975012493753124,0.0,1000.0,hyperplane_gauss,20000,20,0.3,0.1,3,real,gradual,4000,0.1414213562373095,0.6,False,medium,slow,real/gradual/K=3/medium/slow/partial/imbalanced/noisy,0.021263157894736873,-0.0,width,1.0
scn-e46228c67ef7,0,ADWIN,0.891421052631579,0.03261828399990918,1,3.0,1.0,1.0,2.0,0.0,0.0,1.0,0.3333333333333333,0.5,0.6666666666666667,1003.0,1003.0,inf,10318.0,inf,3.429046194749085,0.0,10318.0,hyperplane_gauss,20000,20,0.3,0.0,3,real,gradual,894,0.1414213562373095,0.6,False,medium,fast,real/gradual/K=3/medium/fast/partial/imbalanced/clean,0.01231578947368428,0.006736842105263152,label_noise,0.0
scn-e46228c67ef7,0,PageHinkley,0.8834736842105263,0.046888432999821816,6,3.0,6.0,1.0,2.0,4.0,1.0,0.16666666666666666,0.3333333333333333,0.2222222222222222,0.6666666666666667,1207.0,1207.0,2579.5,2579.5,0.7123722728528029,0.7123722728528029,0.3876720294630742,10318.0,hyperplane_gauss,20000,20,0.3,0.0,3,real,gradual,894,0.1414213562373095,0.6,False,medium,fast,real/gradual/K=3/medium/fast/partial/imbalanced/clean,0.004368421052631577,0.014684210526315855,label_noise,0.0
scn-e46228c67ef7,0,PageHinkley-up,0.894578947368421,0.03955348299996331,2,3.0,2.0,2.0,1.0,0.0,0.0,1.0,0.6666666666666666,0.8,0.33333333333333337,1189.0,1189.0,inf,10318.0,inf,5.785253714606111,0.0,10318.0,hyperplane_gauss,20000,20,0.3,0.0,3,real,gradual,894,0.1414213562373095,0.6,False,medium,fast,real/gradual/K=3/medium/fast/partial/imbalanced/clean,0.015473684210526306,0.003578947368421126,label_noise,0.0
scn-e46228c67ef7,0,DDM,0.8903157894736842,0.036303059000147186,3,3.0,3.0,3.0,0.0,0.0,0.0,1.0,1.0,1.0,0.0,1560.0,1672.0,inf,10318.0,inf,6.614102564102564,0.0,10318.0,hyperplane_gauss,20000,20,0.3,0.0,3,real,gradual,894,0.1414213562373095,0.6,False,medium,fast,real/gradual/K=3/medium/fast/partial/imbalanced/clean,0.011210526315789449,0.007842105263157984,label_noise,0.0
scn-e46228c67ef7,0,EDDM,0.8883157894736842,0.03473941999982344,4,3.0,4.0,2.0,1.0,2.0,0.0,0.5,0.6666666666666666,0.5714285714285715,0.33333333333333337,1014.0,1014.0,5159.0,5159.0,3.3918474687705453,3.3918474687705453,0.1938360147315371,10318.0,hyperplane_gauss,20000,20,0.3,0.0,3,real,gradual,894,0.1414213562373095,0.6,False,medium,fast,real/gradual/K=3/medium/fast/partial/imbalanced/clean,0.009210526315789447,0.009842105263157985,label_noise,0.0
scn-e46228c67ef7,0,HDDM_A,0.8871052631578947,0.08727407800006404,1,3.0,1.0,0.0,3.0,1.0,0.0,0.0,0.0,0.0,1.0,,,10318.0,10318.0,,,0.09691800736576855,10318.0,hyperplane_gauss,20000,20,0.3,0.0,3,real,gradual,894,0.1414213562373095,0.6,False,medium,fast,real/gradual/K=3/medium/fast/partial/imbalanced/clean,0.008000000000000007,0.011052631578947425,label_noise,0.0
scn-e46228c67ef7,0,HDDM_W,0.8791052631578947,0.07375893700009328,0,3.0,0.0,0.0,3.0,0.0,0.0,,0.0,0.0,1.0,,,inf,10318.0,,,0.0,10318.0,hyperplane_gauss,20000,20,0.3,0.0,3,real,gradual,894,0.1414213562373095,0.6,False,medium,fast,real/gradual/K=3/medium/fast/partial/imbalanced/clean,0.0,0.019052631578947432,label_noise,0.0
scn-e46228c67ef7,0,FHDDM,0.8791052631578947,0.03160467499992592,0,3.0,0.0,0.0,3.0,0.0,0.0,,0.0,0.0,1.0,,,inf,10318.0,,,0.0,10318.0,hyperplane_gauss,20000,20,0.3,0.0,3,real,gradual,894,0.1414213562373095,0.6,False,medium,fast,real/gradual/K=3/medium/fast/partial/imbalanced/clean,0.0,0.019052631578947432,label_noise,0.0
scn-e46228c67ef7,0,NoDrift,0.8791052631578947,0.025458075999722496,0,3.0,0.0,0.0,3.0,0.0,0.0,,0.0,0.0,1.0,,,inf,10318.0,,,0.0,10318.0,hyperplane_gauss,20000,20,0.3,0.0,3,real,gradual,894,0.1414213562373095,0.6,False,medium,fast,real/gradual/K=3/medium/fast/partial/imbalanced/clean,0.0,0.019052631578947432,label_noise,0.0
scn-e46228c67ef7,0,Periodic(2000),0.8814736842105263,0.027496273999986443,9,3.0,9.0,3.0,0.0,5.0,1.0,0.3333333333333333,1.0,0.5,0.0,1280.6666666666667,1614.0,2063.6,2063.6,1.6113482561166057,1.6113482561166057,0.4845900368288428,10318.0,hyperplane_gauss,20000,20,0.3,0.0,3,real,gradual,894,0.1414213562373095,0.6,False,medium,fast,real/gradual/K=3/medium/fast/partial/imbalanced/clean,0.002368421052631575,0.016684210526315857,label_noise,0.0
scn-e46228c67ef7,0,Oracle,0.8981578947368422,0.03150301899995611,3,3.0,3.0,3.0,0.0,0.0,0.0,1.0,1.0,1.0,0.0,448.0,448.0,inf,10318.0,inf,23.03125,0.0,10318.0,hyperplane_gauss,20000,20,0.3,0.0,3,real,gradual,894,0.1414213562373095,0.6,False,medium,fast,real/gradual/K=3/medium/fast/partial/imbalanced/clean,0.019052631578947432,-0.0,label_noise,0.0
scn-c5e2f7cd4d7b,1,ADWIN,0.8897368421052632,0.033756860999801575,3,3.0,3.0,1.0,2.0,1.0,1.0,0.3333333333333333,0.3333333333333333,0.3333333333333333,0.6666666666666667,366.0,366.0,10318.0,10318.0,9.397085610200362,9.397085610200362,0.09691800736576855,10318.0,hyperplane_gauss,20000,20,0.3,0.0,3,real,gradual,894,0.1414213562373095,0.6,False,medium,fast,real/gradual/K=3/medium/fast/partial/imbalanced/clean,0.010421052631578998,0.01321052631578945,label_noise,0.0
scn-c5e2f7cd4d7b,1,PageHinkley,0.8946315789473684,0.03580087000000276,1,3.0,1.0,0.0,3.0,1.0,0.0,0.0,0.0,0.0,1.0,,,10318.0,10318.0,,,0.09691800736576855,10318.0,hyperplane_gauss,20000,20,0.3,0.0,3,real,gradual,894,0.1414213562373095,0.6,False,medium,fast,real/gradual/K=3/medium/fast/partial/imbalanced/clean,0.015315789473684283,0.008315789473684165,label_noise,0.0
scn-c5e2f7cd4d7b,1,PageHinkley-up,0.8946315789473684,0.057069397999839566,1,3.0,1.0,0.0,3.0,1.0,0.0,0.0,0.0,0.0,1.0,,,10318.0,10318.0,,,0.09691800736576855,10318.0,hyperplane_gauss,20000,20,0.3,0.0,3,real,gradual,894,0.1414213562373095,0.6,False,medium,fast,real/gradual/K=3/medium/fast/partial/imbalanced/clean,0.015315789473684283,0.008315789473684165,label_noise,0.0
scn-c5e2f7cd4d7b,1,DDM,0.8932105263157895,0.03708748899998682,2,3.0,2.0,0.0,3.0,2.0,0.0,0.0,0.0,0.0,1.0,,,5159.0,5159.0,,,0.1938360147315371,10318.0,hyperplane_gauss,20000,20,0.3,0.0,3,real,gradual,894,0.1414213562373095,0.6,False,medium,fast,real/gradual/K=3/medium/fast/partial/imbalanced/clean,0.013894736842105293,0.009736842105263155,label_noise,0.0
scn-c5e2f7cd4d7b,1,EDDM,0.8916315789473684,0.0425928310000927,3,3.0,3.0,1.0,2.0,1.0,1.0,0.3333333333333333,0.3333333333333333,0.3333333333333333,0.6666666666666667,364.0,364.0,10318.0,10318.0,9.448717948717947,9.448717948717947,0.09691800736576855,10318.0,hyperplane_gauss,20000,20,0.3,0.0,3,real,gradual,894,0.1414213562373095,0.6,False,medium,fast,real/gradual/K=3/medium/fast/partial/imbalanced/clean,0.01231578947368428,0.011315789473684168,label_noise,0.0
scn-c5e2f7cd4d7b,1,HDDM_A,0.8916315789473684,0.09072320699988268,1,3.0,1.0,1.0,2.0,0.0,0.0,1.0,0.3333333333333333,0.5,0.6666666666666667,1143.0,1143.0,inf,10318.0,inf,3.0090405365995907,0.0,10318.0,hyperplane_gauss,20000,20,0.3,0.0,3,real,gradual,894,0.1414213562373095,0.6,False,medium,fast,real/gradual/K=3/medium/fast/partial/imbalanced/clean,0.01231578947368428,0.011315789473684168,label_noise,0.0
scn-c5e2f7cd4d7b,1,HDDM_W,0.8793157894736842,0.0964694489998692,0,3.0,0.0,0.0,3.0,0.0,0.0,,0.0,0.0,1.0,,,inf,10318.0,,,0.0,10318.0,hyperplane_gauss,20000,20,0.3,0.0,3,real,gradual,894,0.1414213562373095,0.6,False,medium,fast,real/gradual/K=3/medium/fast/partial/imbalanced/clean,0.0,0.023631578947368448,label_noise,0.0
scn-c5e2f7cd4d7b,1,FHDDM,0.8793157894736842,0.031836275000387104,0,3.0,0.0,0.0,3.0,0.0,0.0,,0.0,0.0,1.0,,,inf,10318.0,,,0.0,10318.0,hyperplane_gauss,20000,20,0.3,0.0,3,real,gradual,894,0.1414213562373095,0.6,False,medium,fast,real/gradual/K=3/medium/fast/partial/imbalanced/clean,0.0,0.023631578947368448,label_noise,0.0
scn-c5e2f7cd4d7b,1,NoDrift,0.8793157894736842,0.043299670000124024,0,3.0,0.0,0.0,3.0,0.0,0.0,,0.0,0.0,1.0,,,inf,10318.0,,,0.0,10318.0,hyperplane_gauss,20000,20,0.3,0.0,3,real,gradual,894,0.1414213562373095,0.6,False,medium,fast,real/gradual/K=3/medium/fast/partial/imbalanced/clean,0.0,0.023631578947368448,label_noise,0.0
scn-c5e2f7cd4d7b,1,Periodic(2000),0.8868947368421053,0.029828751999957603,9,3.0,9.0,3.0,0.0,5.0,1.0,0.3333333333333333,1.0,0.5,0.0,1280.6666666666667,1614.0,2063.6,2063.6,1.6113482561166057,1.6113482561166057,0.4845900368288428,10318.0,hyperplane_gauss,20000,20,0.3,0.0,3,real,gradual,894,0.1414213562373095,0.6,False,medium,fast,real/gradual/K=3/medium/fast/partial/imbalanced/clean,0.0075789473684211295,0.01605263157894732,label_noise,0.0
scn-c5e2f7cd4d7b,1,Oracle,0.9029473684210526,0.03476893300012307,3,3.0,3.0,3.0,0.0,0.0,0.0,1.0,1.0,1.0,0.0,448.0,448.0,inf,10318.0,inf,23.03125,0.0,10318.0,hyperplane_gauss,20000,20,0.3,0.0,3,real,gradual,894,0.1414213562373095,0.6,False,medium,fast,real/gradual/K=3/medium/fast/partial/imbalanced/clean,0.023631578947368448,-0.0,label_noise,0.0
scn-f71f6d522d78,2,ADWIN,0.883578947368421,0.03782243500018012,4,3.0,4.0,2.0,1.0,2.0,0.0,0.5,0.6666666666666666,0.5714285714285715,0.33333333333333337,2156.5,2156.5,5159.0,5159.0,1.5948682278383182,1.5948682278383182,0.1938360147315371,10318.0,hyperplane_gauss,20000,20,0.3,0.0,3,real,gradual,894,0.1414213562373095,0.6,False,medium,fast,real/gradual/K=3/medium/fast/partial/imbalanced/clean,0.016578947368421026,0.01210526315789473,label_noise,0.0
scn-f71f6d522d78,2,PageHinkley,0.8799473684210526,0.0412401650000902,5,3.0,5.0,2.0,1.0,2.0,1.0,0.4,0.6666666666666666,0.5,0.33333333333333337,2093.5,2093.5,5159.0,5159.0,1.642862829392564,1.642862829392564,0.1938360147315371,10318.0,hyperplane_gauss,20000,20,0.3,0.0,3,real,gradual,894,0.1414213562373095,0.6,False,medium,fast,real/gradual/K=3/medium/fast/partial/imbalanced/clean,0.012947368421052596,0.01573684210526316,label_noise,0.0
scn-f71f6d522d78,2,PageHinkley-up,0.8867368421052632,0.03622462700013784,2,3.0,2.0,2.0,1.0,0.0,0.0,1.0,0.6666666666666666,0.8,0.33333333333333337,1433.0,1433.0,inf,10318.0,inf,4.800186089788323,0.0,10318.0,hyperplane_gauss,20000,20,0.3,0.0,3,real,gradual,894,0.1414213562373095,0.6,False,medium,fast,real/gradual/K=3/medium/fast/partial/imbalanced/clean,0.019736842105263164,0.008947368421052593,label_noise,0.0
scn-f71f6d522d78,2,DDM,0.8881052631578947,0.03633449099970676,3,3.0,3.0,3.0,0.0,0.0,0.0,1.0,1.0,1.0,0.0,1646.0,1670.0,inf,10318.0,inf,6.268529769137302,0.0,10318.0,hyperplane_gauss,20000,20,0.3,0.0,3,real,gradual,894,0.1414213562373095,0.6,False,medium,fast,real/gradual/K=3/medium/fast/partial/imbalanced/clean,0.021105263157894738,0.0075789473684210185,label_noise,0.0
scn-f71f6d522d78,2,EDDM,0.8861052631578947,0.03697747799969875,5,3.0,5.0,2.0,1.0,1.0,2.0,0.4,0.6666666666666666,0.5,0.33333333333333337,882.0,882.0,10318.0,10318.0,7.798941798941798,7.798941798941798,0.09691800736576855,10318.0,hyperplane_gauss,20000,20,0.3,0.0,3,real,gradual,894,0.1414213562373095,0.6,False,medium,fast,real/gradual/K=3/medium/fast/partial/imbalanced/clean,0.019105263157894736,0.00957894736842102,label_noise,0.0
scn-f71f6d522d78,2,HDDM_A,0.8882631578947369,0.08409391599980154,1,3.0,1.0,1.0,2.0,0.0,0.0,1.0,0.3333333333333333,0.5,0.6666666666666667,662.0,662.0,inf,10318.0,inf,5.195367573011077,0.0,10318.0,hyperplane_gauss,20000,20,0.3,0.0,3,real,gradual,894,0.1414213562373095,0.6,False,medium,fast,real/gradual/K=3/medium/fast/partial/imbalanced/clean,0.021263157894736873,0.007421052631578884,label_noise,0.0
scn-f71f6d522d78,2,HDDM_W,0.8792105263157894,0.07728028400015319,1,3.0,1.0,1.0,2.0,0.0,0.0,1.0,0.3333333333333333,0.5,0.6666666666666667,1082.0,1082.0,inf,10318.0,inf,3.1786814540973496,0.0,10318.0,hyperplane_gauss,20000,20,0.3,0.0,3,real,gradual,894,0.1414213562373095,0.6,False,medium,fast,real/gradual/K=3/medium/fast/partial/imbalanced/clean,0.01221052631578945,0.016473684210526307,label_noise,0.0
scn-f71f6d522d78,2,FHDDM,0.8788421052631579,0.034165762000156974,1,3.0,1.0,1.0,2.0,0.0,0.0,1.0,0.3333333333333333,0.5,0.6666666666666667,1085.0,1085.0,inf,10318.0,inf,3.1698924731182787,0.0,10318.0,hyperplane_gauss,20000,20,0.3,0.0,3,real,gradual,894,0.1414213562373095,0.6,False,medium,fast,real/gradual/K=3/medium/fast/partial/imbalanced/clean,0.011842105263157876,0.01684210526315788,label_noise,0.0
scn-f71f6d522d78,2,NoDrift,0.867,0.02556054199976643,0,3.0,0.0,0.0,3.0,0.0,0.0,,0.0,0.0,1.0,,,inf,10318.0,,,0.0,10318.0,hyperplane_gauss,20000,20,0.3,0.0,3,real,gradual,894,0.1414213562373095,0.6,False,medium,fast,real/gradual/K=3/medium/fast/partial/imbalanced/clean,0.0,0.028684210526315757,label_noise,0.0
scn-f71f6d522d78,2,Periodic(2000),0.8820526315789474,0.02765962400007993,9,3.0,9.0,3.0,0.0,5.0,1.0,0.3333333333333333,1.0,0.5,0.0,1280.6666666666667,1614.0,2063.6,2063.6,1.6113482561166057,1.6113482561166057,0.4845900368288428,10318.0,hyperplane_gauss,20000,20,0.3,0.0,3,real,gradual,894,0.1414213562373095,0.6,False,medium,fast,real/gradual/K=3/medium/fast/partial/imbalanced/clean,0.015052631578947429,0.013631578947368328,label_noise,0.0
scn-f71f6d522d78,2,Oracle,0.8956842105263157,0.031510874000105105,3,3.0,3.0,3.0,0.0,0.0,0.0,1.0,1.0,1.0,0.0,448.0,448.0,inf,10318.0,inf,23.03125,0.0,10318.0,hyperplane_gauss,20000,20,0.3,0.0,3,real,gradual,894,0.1414213562373095,0.6,False,medium,fast,real/gradual/K=3/medium/fast/partial/imbalanced/clean,0.028684210526315757,-0.0,label_noise,0.0
scn-550e96f4720c,0,ADWIN,0.8513684210526316,0.03216340700009823,1,3.0,1.0,0.0,3.0,1.0,0.0,0.0,0.0,0.0,1.0,,,10318.0,10318.0,,,0.09691800736576855,10318.0,hyperplane_gauss,20000,20,0.3,0.05,3,real,gradual,894,0.1414213562373095,0.6,False,medium,fast,real/gradual/K=3/medium/fast/partial/imbalanced/noisy,0.008000000000000007,0.013368421052631585,label_noise,0.25
scn-550e96f4720c,0,PageHinkley,0.8497368421052631,0.03888925000001109,3,3.0,3.0,1.0,2.0,2.0,0.0,0.3333333333333333,0.3333333333333333,0.3333333333333333,0.6666666666666667,2191.0,2191.0,5159.0,5159.0,0.7848775292864747,0.7848775292864747,0.1938360147315371,10318.0,hyperplane_gauss,20000,20,0.3,0.05,3,real,gradual,894,0.1414213562373095,0.6,False,medium,fast,real/gradual/K=3/medium/fast/partial/imbalanced/noisy,0.006368421052631579,0.015000000000000013,label_noise,0.25
scn-550e96f4720c,0,PageHinkley-up,0.8527368421052631,0.03580212599990773,1,3.0,1.0,1.0,2.0,0.0,0.0,1.0,0.3333333333333333,0.5,0.6666666666666667,2191.0,2191.0,inf,10318.0,inf,1.5697550585729494,0.0,10318.0,hyperplane_gauss,20000,20,0.3,0.05,3,real,gradual,894,0.1414213562373095,0.6,False,medium,fast,real/gradual/K=3/medium/fast/partial/imbalanced/noisy,0.009368421052631581,0.01200000000000001,label_noise,0.25
scn-550e96f4720c,0,DDM,0.8575263157894737,0.036988643999848136,2,3.0,2.0,2.0,1.0,0.0,0.0,1.0,0.6666666666666666,0.8,0.33333333333333337,1685.5,1685.5,inf,10318.0,inf,4.081083753584495,0.0,10318.0,hyperplane_gauss,20000,20,0.3,0.05,3,real,gradual,894,0.1414213562373095,0.6,False,medium,fast,real/gradual/K=3/medium/fast/partial/imbalanced/noisy,0.014157894736842147,0.007210526315789445,label_noise,0.25
scn-550e96f4720c,0,EDDM,0.8438947368421053,0.0321934959997634,1,3.0,1.0,0.0,3.0,1.0,0.0,0.0,0.0,0.0,1.0,,,10318.0,10318.0,,,0.09691800736576855,10318.0,hyperplane_gauss,20000,20,0.3,0.05,3,real,gradual,894,0.1414213562373095,0.6,False,medium,fast,real/gradual/K=3/medium/fast/partial/imbalanced/noisy,0.000526315789473708,0.020842105263157884,label_noise,0.25
scn-550e96f4720c,0,HDDM_A,0.8478421052631578,0.08169321800005491,1,3.0,1.0,1.0,2.0,0.0,0.0,1.0,0.3333333333333333,0.5,0.6666666666666667,1536.0,1536.0,inf,10318.0,inf,2.2391493055555554,0.0,10318.0,hyperplane_gauss,20000,20,0.3,0.05,3,real,gradual,894,0.1414213562373095,0.6,False,medium,fast,real/gradual/K=3/medium/fast/partial/imbalanced/noisy,0.004473684210526296,0.016894736842105296,label_noise,0.25
scn-550e96f4720c,0,HDDM_W,0.8492631578947368,0.07647773300004701,1,3.0,1.0,1.0,2.0,0.0,0.0,1.0,0.3333333333333333,0.5,0.6666666666666667,1326.0,1326.0,inf,10318.0,inf,2.5937657114127695,0.0,10318.0,hyperplane_gauss,20000,20,0.3,0.05,3,real,gradual,894,0.1414213562373095,0.6,False,medium,fast,real/gradual/K=3/medium/fast/partial/imbalanced/noisy,0.005894736842105286,0.015473684210526306,label_noise,0.25
scn-550e96f4720c,0,FHDDM,0.8487368421052631,0.04761246199996094,1,3.0,1.0,1.0,2.0,0.0,0.0,1.0,0.3333333333333333,0.5,0.6666666666666667,1367.0,1367.0,inf,10318.0,inf,2.5159717142160445,0.0,10318.0,hyperplane_gauss,20000,20,0.3,0.05,3,real,gradual,894,0.1414213562373095,0.6,False,medium,fast,real/gradual/K=3/medium/fast/partial/imbalanced/noisy,0.005368421052631578,0.016000000000000014,label_noise,0.25
scn-550e96f4720c,0,NoDrift,0.8433684210526315,0.02634756500037838,0,3.0,0.0,0.0,3.0,0.0,0.0,,0.0,0.0,1.0,,,inf,10318.0,,,0.0,10318.0,hyperplane_gauss,20000,20,0.3,0.05,3,real,gradual,894,0.1414213562373095,0.6,False,medium,fast,real/gradual/K=3/medium/fast/partial/imbalanced/noisy,0.0,0.021368421052631592,label_noise,0.25
scn-550e96f4720c,0,Periodic(2000),0.8465789473684211,0.030756445999941207,9,3.0,9.0,3.0,0.0,5.0,1.0,0.3333333333333333,1.0,0.5,0.0,1280.6666666666667,1614.0,2063.6,2063.6,1.6113482561166057,1.6113482561166057,0.4845900368288428,10318.0,hyperplane_gauss,20000,20,0.3,0.05,3,real,gradual,894,0.1414213562373095,0.6,False,medium,fast,real/gradual/K=3/medium/fast/partial/imbalanced/noisy,0.0032105263157895525,0.01815789473684204,label_noise,0.25
scn-550e96f4720c,0,Oracle,0.8647368421052631,0.03309537199993429,3,3.0,3.0,3.0,0.0,0.0,0.0,1.0,1.0,1.0,0.0,448.0,448.0,inf,10318.0,inf,23.03125,0.0,10318.0,hyperplane_gauss,20000,20,0.3,0.05,3,real,gradual,894,0.1414213562373095,0.6,False,medium,fast,real/gradual/K=3/medium/fast/partial/imbalanced/noisy,0.021368421052631592,-0.0,label_noise,0.25
scn-4e84b8888c6d,1,ADWIN,0.8513157894736842,0.03330995799979064,2,3.0,2.0,1.0,2.0,0.0,1.0,0.5,0.3333333333333333,0.4,0.6666666666666667,1966.0,1966.0,inf,10318.0,inf,1.7494065785011865,0.0,10318.0,hyperplane_gauss,20000,20,0.3,0.05,3,real,gradual,894,0.1414213562373095,0.6,False,medium,fast,real/gradual/K=3/medium/fast/partial/imbalanced/noisy,0.004105263157894723,0.0179473684210526,label_noise,0.25
scn-4e84b8888c6d,1,PageHinkley,0.8354736842105264,0.05048931500004983,14,3.0,14.0,2.0,1.0,9.0,3.0,0.14285714285714285,0.6666666666666666,0.23529411764705882,0.33333333333333337,193.5,193.5,1146.4444444444443,1146.4444444444443,3.949851660445975,3.949851660445975,0.872262066291917,10318.0,hyperplane_gauss,20000,20,0.3,0.05,3,real,gradual,894,0.1414213562373095,0.6,False,medium,fast,real/gradual/K=3/medium/fast/partial/imbalanced/noisy,-0.011736842105263157,0.03378947368421048,label_noise,0.25
scn-4e84b8888c6d,1,PageHinkley-up,0.858421052631579,0.0388286600000356,3,3.0,3.0,2.0,1.0,1.0,0.0,0.6666666666666666,0.6666666666666666,0.6666666666666666,0.33333333333333337,2009.0,2009.0,10318.0,10318.0,3.4239256678281067,3.4239256678281067,0.09691800736576855,10318.0,hyperplane_gauss,20000,20,0.3,0.05,3,real,gradual,894,0.1414213562373095,0.6,False,medium,fast,real/gradual/K=3/medium/fast/partial/imbalanced/noisy,0.011210526315789449,0.010842105263157875,label_noise,0.25
scn-4e84b8888c6d,1,DDM,0.8569473684210527,0.03740804399967601,2,3.0,2.0,1.0,2.0,1.0,0.0,0.5,0.3333333333333333,0.4,0.6666666666666667,1061.0,1061.0,10318.0,10318.0,3.241595978636506,3.241595978636506,0.09691800736576855,10318.0,hyperplane_gauss,20000,20,0.3,0.05,3,real,gradual,894,0.1414213562373095,0.6,False,medium,fast,real/gradual/K=3/medium/fast/partial/imbalanced/noisy,0.009736842105263155,0.012315789473684169,label_noise,0.25
scn-4e84b8888c6d,1,EDDM,0.8433684210526315,0.056340626000292104,12,3.0,12.0,1.0,2.0,8.0,3.0,0.08333333333333333,0.3333333333333333,0.13333333333333333,0.6666666666666667,1952.0,1952.0,1289.75,1289.75,0.22024419398907097,0.22024419398907097,0.7753440589261484,10318.0,hyperplane_gauss,20000,20,0.3,0.05,3,real,gradual,894,0.1414213562373095,0.6,False,medium,fast,real/gradual/K=3/medium/fast/partial/imbalanced/noisy,-0.00384210526315798,0.025894736842105304,label_noise,0.25
scn-4e84b8888c6d,1,HDDM_A,0.8544736842105263,0.08001744799958033,1,3.0,1.0,1.0,2.0,0.0,0.0,1.0,0.3333333333333333,0.5,0.6666666666666667,2235.0,2235.0,inf,10318.0,inf,1.538851603281133,0.0,10318.0,hyperplane_gauss,20000,20,0.3,0.05,3,real,gradual,894,0.1414213562373095,0.6,False,medium,fast,real/gradual/K=3/medium/fast/partial/imbalanced/noisy,0.007263157894736749,0.014789473684210575,label_noise,0.25
scn-4e84b8888c6d,1,HDDM_W,0.8472105263157895,0.07368310100036979,0,3.0,0.0,0.0,3.0,0.0,0.0,,0.0,0.0,1.0,,,inf,10318.0,,,0.0,10318.0,hyperplane_gauss,20000,20,0.3,0.05,3,real,gradual,894,0.1414213562373095,0.6,False,medium,fast,real/gradual/K=3/medium/fast/partial/imbalanced/noisy,0.0,0.022052631578947324,label_noise,0.25
scn-4e84b8888c6d,1,FHDDM,0.8541052631578947,0.03313257199988584,1,3.0,1.0,1.0,2.0,0.0,0.0,1.0,0.3333333333333333,0.5,0.6666666666666667,2218.0,2218.0,inf,10318.0,inf,1.550646227832882,0.0,10318.0,hyperplane_gauss,20000,20,0.3,0.05,3,real,gradual,894,0.1414213562373095,0.6,False,medium,fast,real/gradual/K=3/medium/fast/partial/imbalanced/noisy,0.006894736842105176,0.015157894736842148,label_noise,0.25
scn-4e84b8888c6d,1,NoDrift,0.8472105263157895,0.025276529000166192,0,3.0,0.0,0.0,3.0,0.0,0.0,,0.0,0.0,1.0,,,inf,10318.0,,,0.0,10318.0,hyperplane_gauss,20000,20,0.3,0.05,3,real,gradual,894,0.1414213562373095,0.6,False,medium,fast,real/gradual/K=3/medium/fast/partial/imbalanced/noisy,0.0,0.022052631578947324,label_noise,0.25
scn-4e84b8888c6d,1,Periodic(2000),0.8481052631578947,0.027861241000209702,9,3.0,9.0,3.0,0.0,5.0,1.0,0.3333333333333333,1.0,0.5,0.0,1280.6666666666667,1614.0,2063.6,2063.6,1.6113482561166057,1.6113482561166057,0.4845900368288428,10318.0,hyperplane_gauss,20000,20,0.3,0.05,3,real,gradual,894,0.1414213562373095,0.6,False,medium,fast,real/gradual/K=3/medium/fast/partial/imbalanced/noisy,0.0008947368421051705,0.021157894736842153,label_noise,0.25
scn-4e84b8888c6d,1,Oracle,0.8692631578947368,0.031846996000240324,3,3.0,3.0,3.0,0.0,0.0,0.0,1.0,1.0,1.0,0.0,448.0,448.0,inf,10318.0,inf,23.03125,0.0,10318.0,hyperplane_gauss,20000,20,0.3,0.05,3,real,gradual,894,0.1414213562373095,0.6,False,medium,fast,real/gradual/K=3/medium/fast/partial/imbalanced/noisy,0.022052631578947324,-0.0,label_noise,0.25
scn-3e56b0e7425f,2,ADWIN,0.8496315789473684,0.038932789000227785,4,3.0,4.0,2.0,1.0,0.0,2.0,0.5,0.6666666666666666,0.5714285714285715,0.33333333333333337,1372.5,1372.5,inf,10318.0,inf,5.01177899210686,0.0,10318.0,hyperplane_gauss,20000,20,0.3,0.05,3,real,gradual,894,0.1414213562373095,0.6,False,medium,fast,real/gradual/K=3/medium/fast/partial/imbalanced/noisy,0.015157894736842037,0.017631578947368443,label_noise,0.25
scn-3e56b0e7425f,2,PageHinkley,0.8440526315789474,0.04392097400022976,8,3.0,8.0,2.0,1.0,5.0,1.0,0.25,0.6666666666666666,0.36363636363636365,0.33333333333333337,1296.0,1296.0,2063.6,2063.6,1.0615226337448558,1.0615226337448558,0.4845900368288428,10318.0,hyperplane_gauss,20000,20,0.3,0.05,3,real,gradual,894,0.1414213562373095,0.6,False,medium,fast,real/gradual/K=3/medium/fast/partial/imbalanced/noisy,0.00957894736842102,0.02321052631578946,label_noise,0.25
scn-3e56b0e7425f,2,PageHinkley-up,0.8633157894736843,0.04019539099999747,3,3.0,3.0,3.0,0.0,0.0,0.0,1.0,1.0,1.0,0.0,1299.3333333333333,1034.0,inf,10318.0,inf,7.940995382247307,0.0,10318.0,hyperplane_gauss,20000,20,0.3,0.05,3,real,gradual,894,0.1414213562373095,0.6,False,medium,fast,real/gradual/K=3/medium/fast/partial/imbalanced/noisy,0.02884210526315789,0.003947368421052588,label_noise,0.25
scn-3e56b0e7425f,2,DDM,0.8593684210526316,0.039954928000042855,3,3.0,3.0,3.0,0.0,0.0,0.0,1.0,1.0,1.0,0.0,1483.0,1331.0,inf,10318.0,inf,6.957518543492919,0.0,10318.0,hyperplane_gauss,20000,20,0.3,0.05,3,real,gradual,894,0.1414213562373095,0.6,False,medium,fast,real/gradual/K=3/medium/fast/partial/imbalanced/noisy,0.024894736842105192,0.007894736842105288,label_noise,0.25
scn-3e56b0e7425f,2,EDDM,0.8486842105263158,0.039709143999971275,6,3.0,6.0,2.0,1.0,3.0,1.0,0.3333333333333333,0.6666666666666666,0.4444444444444444,0.33333333333333337,2044.0,2044.0,3439.3333333333335,3439.3333333333335,1.121765601217656,1.121765601217656,0.29075402209730566,10318.0,hyperplane_gauss,20000,20,0.3,0.05,3,real,gradual,894,0.1414213562373095,0.6,False,medium,fast,real/gradual/K=3/medium/fast/partial/imbalanced/noisy,0.014210526315789451,0.018578947368421028,label_noise,0.25
scn-3e56b0e7425f,2,HDDM_A,0.8545263157894737,0.09560196300026291,2,3.0,2.0,2.0,1.0,0.0,0.0,1.0,0.6666666666666666,0.8,0.33333333333333337,1393.5,1393.5,inf,10318.0,inf,4.9362516445401265,0.0,10318.0,hyperplane_gauss,20000,20,0.3,0.05,3,real,gradual,894,0.1414213562373095,0.6,False,medium,fast,real/gradual/K=3/medium/fast/partial/imbalanced/noisy,0.020052631578947322,0.012736842105263158,label_noise,0.25
scn-3e56b0e7425f,2,HDDM_W,0.8461052631578947,0.07879127300020627,1,3.0,1.0,1.0,2.0,0.0,0.0,1.0,0.3333333333333333,0.5,0.6666666666666667,1080.0,1080.0,inf,10318.0,inf,3.1845679012345673,0.0,10318.0,hyperplane_gauss,20000,20,0.3,0.05,3,real,gradual,894,0.1414213562373095,0.6,False,medium,fast,real/gradual/K=3/medium/fast/partial/imbalanced/noisy,0.011631578947368326,0.021157894736842153,label_noise,0.25
scn-3e56b0e7425f,2,FHDDM,0.8544736842105263,0.03434572899959676,2,3.0,2.0,2.0,1.0,0.0,0.0,1.0,0.6666666666666666,0.8,0.33333333333333337,1327.0,1327.0,inf,10318.0,inf,5.183622205476011,0.0,10318.0,hyperplane_gauss,20000,20,0.3,0.05,3,real,gradual,894,0.1414213562373095,0.6,False,medium,fast,real/gradual/K=3/medium/fast/partial/imbalanced/noisy,0.019999999999999907,0.012789473684210573,label_noise,0.25
scn-3e56b0e7425f,2,NoDrift,0.8344736842105264,0.025640961999670253,0,3.0,0.0,0.0,3.0,0.0,0.0,,0.0,0.0,1.0,,,inf,10318.0,,,0.0,10318.0,hyperplane_gauss,20000,20,0.3,0.05,3,real,gradual,894,0.1414213562373095,0.6,False,medium,fast,real/gradual/K=3/medium/fast/partial/imbalanced/noisy,0.0,0.03278947368421048,label_noise,0.25
scn-3e56b0e7425f,2,Periodic(2000),0.8452105263157895,0.02832630099965172,9,3.0,9.0,3.0,0.0,5.0,1.0,0.3333333333333333,1.0,0.5,0.0,1280.6666666666667,1614.0,2063.6,2063.6,1.6113482561166057,1.6113482561166057,0.4845900368288428,10318.0,hyperplane_gauss,20000,20,0.3,0.05,3,real,gradual,894,0.1414213562373095,0.6,False,medium,fast,real/gradual/K=3/medium/fast/partial/imbalanced/noisy,0.010736842105263156,0.022052631578947324,label_noise,0.25
scn-3e56b0e7425f,2,Oracle,0.8672631578947368,0.032381548999637744,3,3.0,3.0,3.0,0.0,0.0,0.0,1.0,1.0,1.0,0.0,448.0,448.0,inf,10318.0,inf,23.03125,0.0,10318.0,hyperplane_gauss,20000,20,0.3,0.05,3,real,gradual,894,0.1414213562373095,0.6,False,medium,fast,real/gradual/K=3/medium/fast/partial/imbalanced/noisy,0.03278947368421048,-0.0,label_noise,0.25
scn-bb6bf549f0e7,0,ADWIN,0.7628421052631579,0.02936598899987075,0,3.0,0.0,0.0,3.0,0.0,0.0,,0.0,0.0,1.0,,,inf,10318.0,,,0.0,10318.0,hyperplane_gauss,20000,20,0.3,0.15000000000000002,3,real,gradual,894,0.1414213562373095,0.6,False,medium,fast,real/gradual/K=3/medium/fast/partial/imbalanced/noisy,0.0,0.01826315789473687,label_noise,0.75
scn-bb6bf549f0e7,0,PageHinkley,0.7562105263157894,0.0446357949999765,8,3.0,8.0,2.0,1.0,4.0,2.0,0.25,0.6666666666666666,0.36363636363636365,0.33333333333333337,1612.5,1612.5,2579.5,2579.5,1.0664599483204134,1.0664599483204134,0.3876720294630742,10318.0,hyperplane_gauss,20000,20,0.3,0.15000000000000002,3,real,gradual,894,0.1414213562373095,0.6,False,medium,fast,real/gradual/K=3/medium/fast/partial/imbalanced/noisy,-0.006631578947368433,0.024894736842105303,label_noise,0.75
scn-bb6bf549f0e7,0,PageHinkley-up,0.7698947368421053,0.03607086900001377,2,3.0,2.0,2.0,1.0,0.0,0.0,1.0,0.6666666666666666,0.8,0.33333333333333337,1547.0,1547.0,inf,10318.0,inf,4.446455505279035,0.0,10318.0,hyperplane_gauss,20000,20,0.3,0.15000000000000002,3,real,gradual,894,0.1414213562373095,0.6,False,medium,fast,real/gradual/K=3/medium/fast/partial/imbalanced/noisy,0.007052631578947421,0.011210526315789449,label_noise,0.75
scn-bb6bf549f0e7,0,DDM,0.7628421052631579,0.033654524000212405,0,3.0,0.0,0.0,3.0,0.0,0.0,,0.0,0.0,1.0,,,inf,10318.0,,,0.0,10318.0,hyperplane_gauss,20000,20,0.3,0.15000000000000002,3,real,gradual,894,0.1414213562373095,0.6,False,medium,fast,real/gradual/K=3/medium/fast/partial/imbalanced/noisy,0.0,0.01826315789473687,label_noise,0.75
scn-bb6bf549f0e7,0,EDDM,0.763421052631579,0.03456705400003557,2,3.0,2.0,0.0,3.0,2.0,0.0,0.0,0.0,0.0,1.0,,,5159.0,5159.0,,,0.1938360147315371,10318.0,hyperplane_gauss,20000,20,0.3,0.15000000000000002,3,real,gradual,894,0.1414213562373095,0.6,False,medium,fast,real/gradual/K=3/medium/fast/partial/imbalanced/noisy,0.0005789473684211233,0.017684210526315747,label_noise,0.75
scn-bb6bf549f0e7,0,HDDM_A,0.7628421052631579,0.072241189000124,0,3.0,0.0,0.0,3.0,0.0,0.0,,0.0,0.0,1.0,,,inf,10318.0,,,0.0,10318.0,hyperplane_gauss,20000,20,0.3,0.15000000000000002,3,real,gradual,894,0.1414213562373095,0.6,False,medium,fast,real/gradual/K=3/medium/fast/partial/imbalanced/noisy,0.0,0.01826315789473687,label_noise,0.75
scn-bb6bf549f0e7,0,HDDM_W,0.7773684210526316,0.08097904399983236,3,3.0,3.0,3.0,0.0,0.0,0.0,1.0,1.0,1.0,0.0,747.0,473.0,inf,10318.0,inf,13.812583668005354,0.0,10318.0,hyperplane_gauss,20000,20,0.3,0.15000000000000002,3,real,gradual,894,0.1414213562373095,0.6,False,medium,fast,real/gradual/K=3/medium/fast/partial/imbalanced/noisy,0.01452631578947372,0.0037368421052631495,label_noise,0.75
scn-bb6bf549f0e7,0,FHDDM,0.7722631578947369,0.03532435599981909,3,3.0,3.0,3.0,0.0,0.0,0.0,1.0,1.0,1.0,0.0,1417.6666666666667,1736.0,inf,10318.0,inf,7.278156595344463,0.0,10318.0,hyperplane_gauss,20000,20,0.3,0.15000000000000002,3,real,gradual,894,0.1414213562373095,0.6,False,medium,fast,real/gradual/K=3/medium/fast/partial/imbalanced/noisy,0.009421052631578997,0.008842105263157873,label_noise,0.75
scn-bb6bf549f0e7,0,NoDrift,0.7628421052631579,0.025624462999985553,0,3.0,0.0,0.0,3.0,0.0,0.0,,0.0,0.0,1.0,,,inf,10318.0,,,0.0,10318.0,hyperplane_gauss,20000,20,0.3,0.15000000000000002,3,real,gradual,894,0.1414213562373095,0.6,False,medium,fast,real/gradual/K=3/medium/fast/partial/imbalanced/noisy,0.0,0.01826315789473687,label_noise,0.75
scn-bb6bf549f0e7,0,Periodic(2000),0.7532105263157894,0.027458008999929007,9,3.0,9.0,3.0,0.0,5.0,1.0,0.3333333333333333,1.0,0.5,0.0,1280.6666666666667,1614.0,2063.6,2063.6,1.6113482561166057,1.6113482561166057,0.4845900368288428,10318.0,hyperplane_gauss,20000,20,0.3,0.15000000000000002,3,real,gradual,894,0.1414213562373095,0.6,False,medium,fast,real/gradual/K=3/medium/fast/partial/imbalanced/noisy,-0.009631578947368435,0.027894736842105305,label_noise,0.75
scn-bb6bf549f0e7,0,Oracle,0.7811052631578947,0.03142872900025395,3,3.0,3.0,3.0,0.0,0.0,0.0,1.0,1.0,1.0,0.0,448.0,448.0,inf,10318.0,inf,23.03125,0.0,10318.0,hyperplane_gauss,20000,20,0.3,0.15000000000000002,3,real,gradual,894,0.1414213562373095,0.6,False,medium,fast,real/gradual/K=3/medium/fast/partial/imbalanced/noisy,0.01826315789473687,-0.0,label_noise,0.75
scn-59c7f92dce44,1,ADWIN,0.7750526315789473,0.03173903299966696,1,3.0,1.0,1.0,2.0,0.0,0.0,1.0,0.3333333333333333,0.5,0.6666666666666667,2382.0,2382.0,inf,10318.0,inf,1.4438846907360758,0.0,10318.0,hyperplane_gauss,20000,20,0.3,0.15000000000000002,3,real,gradual,894,0.1414213562373095,0.6,False,medium,fast,real/gradual/K=3/medium/fast/partial/imbalanced/noisy,0.00231578947368416,0.013684210526315854,label_noise,0.75
scn-59c7f92dce44,1,PageHinkley,0.7623157894736842,0.04757990500002052,11,3.0,11.0,3.0,0.0,5.0,3.0,0.2727272727272727,1.0,0.42857142857142855,0.0,755.0,788.0,2063.6,2063.6,2.7332450331125826,2.7332450331125826,0.4845900368288428,10318.0,hyperplane_gauss,20000,20,0.3,0.15000000000000002,3,real,gradual,894,0.1414213562373095,0.6,False,medium,fast,real/gradual/K=3/medium/fast/partial/imbalanced/noisy,-0.010421052631578998,0.026421052631579012,label_noise,0.75
scn-59c7f92dce44,1,PageHinkley-up,0.7808421052631579,0.03878448199975537,3,3.0,3.0,3.0,0.0,0.0,0.0,1.0,1.0,1.0,0.0,1784.0,1701.0,inf,10318.0,inf,5.783632286995516,0.0,10318.0,hyperplane_gauss,20000,20,0.3,0.15000000000000002,3,real,gradual,894,0.1414213562373095,0.6,False,medium,fast,real/gradual/K=3/medium/fast/partial/imbalanced/noisy,0.008105263157894727,0.007894736842105288,label_noise,0.75
scn-59c7f92dce44,1,DDM,0.7718421052631579,0.03846734600028867,2,3.0,2.0,1.0,2.0,1.0,0.0,0.5,0.3333333333333333,0.4,0.6666666666666667,2428.0,2428.0,10318.0,10318.0,1.4165293794618339,1.4165293794618339,0.09691800736576855,10318.0,hyperplane_gauss,20000,20,0.3,0.15000000000000002,3,real,gradual,894,0.1414213562373095,0.6,False,medium,fast,real/gradual/K=3/medium/fast/partial/imbalanced/noisy,-0.0008947368421052815,0.016894736842105296,label_noise,0.75
scn-59c7f92dce44,1,EDDM,0.7708421052631579,0.03314524799998253,1,3.0,1.0,0.0,3.0,1.0,0.0,0.0,0.0,0.0,1.0,,,10318.0,10318.0,,,0.09691800736576855,10318.0,hyperplane_gauss,20000,20,0.3,0.15000000000000002,3,real,gradual,894,0.1414213562373095,0.6,False,medium,fast,real/gradual/K=3/medium/fast/partial/imbalanced/noisy,-0.0018947368421052824,0.017894736842105297,label_noise,0.75
scn-59c7f92dce44,1,HDDM_A,0.7715263157894737,0.07433641199986596,1,3.0,1.0,0.0,3.0,1.0,0.0,0.0,0.0,0.0,1.0,,,10318.0,10318.0,,,0.09691800736576855,10318.0,hyperplane_gauss,20000,20,0.3,0.15000000000000002,3,real,gradual,894,0.1414213562373095,0.6,False,medium,fast,real/gradual/K=3/medium/fast/partial/imbalanced/noisy,-0.0012105263157894397,0.017210526315789454,label_noise,0.75
scn-59c7f92dce44,1,HDDM_W,0.7840526315789473,0.08293519500011826,4,3.0,4.0,3.0,0.0,0.0,1.0,0.75,1.0,0.8571428571428571,0.0,1054.6666666666667,507.0,inf,10318.0,inf,9.783185840707963,0.0,10318.0,hyperplane_gauss,20000,20,0.3,0.15000000000000002,3,real,gradual,894,0.1414213562373095,0.6,False,medium,fast,real/gradual/K=3/medium/fast/partial/imbalanced/noisy,0.011315789473684168,0.004684210526315846,label_noise,0.75
scn-59c7f92dce44,1,FHDDM,0.7806315789473685,0.032444564000343235,1,3.0,1.0,1.0,2.0,0.0,0.0,1.0,0.3333333333333333,0.5,0.6666666666666667,889.0,889.0,inf,10318.0,inf,3.8687664041994743,0.0,10318.0,hyperplane_gauss,20000,20,0.3,0.15000000000000002,3,real,gradual,894,0.1414213562373095,0.6,False,medium,fast,real/gradual/K=3/medium/fast/partial/imbalanced/noisy,0.007894736842105288,0.008105263157894727,label_noise,0.75
scn-59c7f92dce44,1,NoDrift,0.7727368421052632,0.026250323000112985,0,3.0,0.0,0.0,3.0,0.0,0.0,,0.0,0.0,1.0,,,inf,10318.0,,,0.0,10318.0,hyperplane_gauss,20000,20,0.3,0.15000000000000002,3,real,gradual,894,0.1414213562373095,0.6,False,medium,fast,real/gradual/K=3/medium/fast/partial/imbalanced/noisy,0.0,0.016000000000000014,label_noise,0.75
scn-59c7f92dce44,1,Periodic(2000),0.765578947368421,0.028390055000272696,9,3.0,9.0,3.0,0.0,5.0,1.0,0.3333333333333333,1.0,0.5,0.0,1280.6666666666667,1614.0,2063.6,2063.6,1.6113482561166057,1.6113482561166057,0.4845900368288428,10318.0,hyperplane_gauss,20000,20,0.3,0.15000000000000002,3,real,gradual,894,0.1414213562373095,0.6,False,medium,fast,real/gradual/K=3/medium/fast/partial/imbalanced/noisy,-0.007157894736842141,0.023157894736842155,label_noise,0.75
scn-59c7f92dce44,1,Oracle,0.7887368421052632,0.03320763299961982,3,3.0,3.0,3.0,0.0,0.0,0.0,1.0,1.0,1.0,0.0,448.0,448.0,inf,10318.0,inf,23.03125,0.0,10318.0,hyperplane_gauss,20000,20,0.3,0.15000000000000002,3,real,gradual,894,0.1414213562373095,0.6,False,medium,fast,real/gradual/K=3/medium/fast/partial/imbalanced/noisy,0.016000000000000014,-0.0,label_noise,0.75
scn-ecae2597c8a5,2,ADWIN,0.7747368421052632,0.033417478000046685,2,3.0,2.0,1.0,2.0,0.0,1.0,0.5,0.3333333333333333,0.4,0.6666666666666667,1579.0,1579.0,inf,10318.0,inf,2.178171838716487,0.0,10318.0,hyperplane_gauss,20000,20,0.3,0.15000000000000002,3,real,gradual,894,0.1414213562373095,0.6,False,medium,fast,real/gradual/K=3/medium/fast/partial/imbalanced/noisy,0.00836842105263158,0.012684210526315742,label_noise,0.75
scn-ecae2597c8a5,2,PageHinkley,0.7563157894736842,0.051593559000139066,12,3.0,12.0,3.0,0.0,5.0,4.0,0.25,1.0,0.4,0.0,1061.6666666666667,646.0,2063.6,2063.6,1.9437362637362634,1.9437362637362634,0.4845900368288428,10318.0,hyperplane_gauss,20000,20,0.3,0.15000000000000002,3,real,gradual,894,0.1414213562373095,0.6,False,medium,fast,real/gradual/K=3/medium/fast/partial/imbalanced/noisy,-0.010052631578947424,0.031105263157894747,label_noise,0.75
scn-ecae2597c8a5,2,PageHinkley-up,0.7823684210526316,0.041122495000308845,3,3.0,3.0,3.0,0.0,0.0,0.0,1.0,1.0,1.0,0.0,1444.3333333333333,1290.0,inf,10318.0,inf,7.1437802907916,0.0,10318.0,hyperplane_gauss,20000,20,0.3,0.15000000000000002,3,real,gradual,894,0.1414213562373095,0.6,False,medium,fast,real/gradual/K=3/medium/fast/partial/imbalanced/noisy,0.016000000000000014,0.005052631578947309,label_noise,0.75
scn-ecae2597c8a5,2,DDM,0.7799473684210526,0.03852673399978812,2,3.0,2.0,2.0,1.0,0.0,0.0,1.0,0.6666666666666666,0.8,0.33333333333333337,1864.5,1864.5,inf,10318.0,inf,3.689282202556539,0.0,10318.0,hyperplane_gauss,20000,20,0.3,0.15000000000000002,3,real,gradual,894,0.1414213562373095,0.6,False,medium,fast,real/gradual/K=3/medium/fast/partial/imbalanced/noisy,0.013578947368421024,0.007473684210526299,label_noise,0.75
scn-ecae2597c8a5,2,EDDM,0.762578947368421,0.03512107799997466,2,3.0,2.0,0.0,3.0,2.0,0.0,0.0,0.0,0.0,1.0,,,5159.0,5159.0,,,0.1938360147315371,10318.0,hyperplane_gauss,20000,20,0.3,0.15000000000000002,3,real,gradual,894,0.1414213562373095,0.6,False,medium,fast,real/gradual/K=3/medium/fast/partial/imbalanced/noisy,-0.0037894736842105647,0.024842105263157888,label_noise,0.75
scn-ecae2597c8a5,2,HDDM_A,0.7726315789473684,0.07776217500031635,1,3.0,1.0,1.0,2.0,0.0,0.0,1.0,0.3333333333333333,0.5,0.6666666666666667,1199.0,1199.0,inf,10318.0,inf,2.868501529051987,0.0,10318.0,hyperplane_gauss,20000,20,0.3,0.15000000000000002,3,real,gradual,894,0.1414213562373095,0.6,False,medium,fast,real/gradual/K=3/medium/fast/partial/imbalanced/noisy,0.006263157894736859,0.014789473684210463,label_noise,0.75
scn-ecae2597c8a5,2,HDDM_W,0.784157894736842,0.07744618700007777,2,3.0,2.0,2.0,1.0,0.0,0.0,1.0,0.6666666666666666,0.8,0.33333333333333337,589.5,589.5,inf,10318.0,inf,11.668645744981621,0.0,10318.0,hyperplane_gauss,20000,20,0.3,0.15000000000000002,3,real,gradual,894,0.1414213562373095,0.6,False,medium,fast,real/gradual/K=3/medium/fast/partial/imbalanced/noisy,0.017789473684210466,0.0032631578947368567,label_noise,0.75
scn-ecae2597c8a5,2,FHDDM,0.7853157894736842,0.034168819000115036,2,3.0,2.0,2.0,1.0,0.0,0.0,1.0,0.6666666666666666,0.8,0.33333333333333337,732.0,732.0,inf,10318.0,inf,9.397085610200364,0.0,10318.0,hyperplane_gauss,20000,20,0.3,0.15000000000000002,3,real,gradual,894,0.1414213562373095,0.6,False,medium,fast,real/gradual/K=3/medium/fast/partial/imbalanced/noisy,0.0189473684210526,0.002105263157894721,label_noise,0.75
scn-ecae2597c8a5,2,NoDrift,0.7663684210526316,0.025476438000168855,0,3.0,0.0,0.0,3.0,0.0,0.0,,0.0,0.0,1.0,,,inf,10318.0,,,0.0,10318.0,hyperplane_gauss,20000,20,0.3,0.15000000000000002,3,real,gradual,894,0.1414213562373095,0.6,False,medium,fast,real/gradual/K=3/medium/fast/partial/imbalanced/noisy,0.0,0.021052631578947323,label_noise,0.75
scn-ecae2597c8a5,2,Periodic(2000),0.7601052631578947,0.02752100599991536,9,3.0,9.0,3.0,0.0,5.0,1.0,0.3333333333333333,1.0,0.5,0.0,1280.6666666666667,1614.0,2063.6,2063.6,1.6113482561166057,1.6113482561166057,0.4845900368288428,10318.0,hyperplane_gauss,20000,20,0.3,0.15000000000000002,3,real,gradual,894,0.1414213562373095,0.6,False,medium,fast,real/gradual/K=3/medium/fast/partial/imbalanced/noisy,-0.006263157894736859,0.027315789473684182,label_noise,0.75
scn-ecae2597c8a5,2,Oracle,0.7874210526315789,0.031747176999942894,3,3.0,3.0,3.0,0.0,0.0,0.0,1.0,1.0,1.0,0.0,448.0,448.0,inf,10318.0,inf,23.03125,0.0,10318.0,hyperplane_gauss,20000,20,0.3,0.15000000000000002,3,real,gradual,894,0.1414213562373095,0.6,False,medium,fast,real/gradual/K=3/medium/fast/partial/imbalanced/noisy,0.021052631578947323,-0.0,label_noise,0.75
scn-80a29eecc59b,0,ADWIN,0.7251578947368421,0.02970268999979453,0,3.0,0.0,0.0,3.0,0.0,0.0,,0.0,0.0,1.0,,,inf,10318.0,,,0.0,10318.0,hyperplane_gauss,20000,20,0.3,0.2,3,real,gradual,894,0.1414213562373095,0.6,False,medium,fast,real/gradual/K=3/medium/fast/partial/imbalanced/noisy,0.0,0.011421052631578887,label_noise,1.0
scn-80a29eecc59b,0,PageHinkley,0.7145263157894737,0.042885395999746834,7,3.0,7.0,2.0,1.0,5.0,0.0,0.2857142857142857,0.6666666666666666,0.4,0.33333333333333337,2056.5,2056.5,2063.6,2063.6,0.6689683118567143,0.6689683118567143,0.4845900368288428,10318.0,hyperplane_gauss,20000,20,0.3,0.2,3,real,gradual,894,0.1414213562373095,0.6,False,medium,fast,real/gradual/K=3/medium/fast/partial/imbalanced/noisy,-0.010631578947368436,0.022052631578947324,label_noise,1.0
scn-80a29eecc59b,0,PageHinkley-up,0.7270526315789474,0.03626609000002645,2,3.0,2.0,2.0,1.0,0.0,0.0,1.0,0.6666666666666666,0.8,0.33333333333333337,1864.5,1864.5,inf,10318.0,inf,3.689282202556539,0.0,10318.0,hyperplane_gauss,20000,20,0.3,0.2,3,real,gradual,894,0.1414213562373095,0.6,False,medium,fast,real/gradual/K=3/medium/fast/partial/imbalanced/noisy,0.0018947368421052824,0.009526315789473605,label_noise,1.0
scn-80a29eecc59b,0,DDM,0.7283157894736842,0.036016772000039055,1,3.0,1.0,0.0,3.0,1.0,0.0,0.0,0.0,0.0,1.0,,,10318.0,10318.0,,,0.09691800736576855,10318.0,hyperplane_gauss,20000,20,0.3,0.2,3,real,gradual,894,0.1414213562373095,0.6,False,medium,fast,real/gradual/K=3/medium/fast/partial/imbalanced/noisy,0.0031578947368421373,0.00826315789473675,label_noise,1.0
scn-80a29eecc59b,0,EDDM,0.7261052631578947,0.04028106499981732,4,3.0,4.0,0.0,3.0,4.0,0.0,0.0,0.0,0.0,1.0,,,2579.5,2579.5,,,0.3876720294630742,10318.0,hyperplane_gauss,20000,20,0.3,0.2,3,real,gradual,894,0.1414213562373095,0.6,False,medium,fast,real/gradual/K=3/medium/fast/partial/imbalanced/noisy,0.0009473684210525857,0.010473684210526302,label_noise,1.0
scn-80a29eecc59b,0,HDDM_A,0.7251578947368421,0.06854787500014936,0,3.0,0.0,0.0,3.0,0.0,0.0,,0.0,0.0,1.0,,,inf,10318.0,,,0.0,10318.0,hyperplane_gauss,20000,20,0.3,0.2,3,real,gradual,894,0.1414213562373095,0.6,False,medium,fast,real/gradual/K=3/medium/fast/partial/imbalanced/noisy,0.0,0.011421052631578887,label_noise,1.0
scn-80a29eecc59b,0,HDDM_W,0.727421052631579,0.08742814400011412,5,3.0,5.0,3.0,0.0,2.0,0.0,0.6,1.0,0.7499999999999999,0.0,809.6666666666666,472.0,5159.0,5159.0,6.371757925072046,6.371757925072046,0.1938360147315371,10318.0,hyperplane_gauss,20000,20,0.3,0.2,3,real,gradual,894,0.1414213562373095,0.6,False,medium,fast,real/gradual/K=3/medium/fast/partial/imbalanced/noisy,0.002263157894736856,0.009157894736842032,label_noise,1.0
scn-80a29eecc59b,0,FHDDM,0.7342105263157894,0.034346249000009266,3,3.0,3.0,3.0,0.0,0.0,0.0,1.0,1.0,1.0,0.0,965.6666666666666,636.0,inf,10318.0,inf,10.684846392820159,0.0,10318.0,hyperplane_gauss,20000,20,0.3,0.2,3,real,gradual,894,0.1414213562373095,0.6,False,medium,fast,real/gradual/K=3/medium/fast/partial/imbalanced/noisy,0.009052631578947312,0.002368421052631575,label_noise,1.0
scn-80a29eecc59b,0,NoDrift,0.7251578947368421,0.02515318100040531,0,3.0,0.0,0.0,3.0,0.0,0.0,,0.0,0.0,1.0,,,inf,10318.0,,,0.0,10318.0,hyperplane_gauss,20000,20,0.3,0.2,3,real,gradual,894,0.1414213562373095,0.6,False,medium,fast,real/gradual/K=3/medium/fast/partial/imbalanced/noisy,0.0,0.011421052631578887,label_noise,1.0
scn-80a29eecc59b,0,Periodic(2000),0.7087894736842105,0.027337594999607973,9,3.0,9.0,3.0,0.0,5.0,1.0,0.3333333333333333,1.0,0.5,0.0,1280.6666666666667,1614.0,2063.6,2063.6,1.6113482561166057,1.6113482561166057,0.4845900368288428,10318.0,hyperplane_gauss,20000,20,0.3,0.2,3,real,gradual,894,0.1414213562373095,0.6,False,medium,fast,real/gradual/K=3/medium/fast/partial/imbalanced/noisy,-0.016368421052631588,0.027789473684210475,label_noise,1.0
scn-80a29eecc59b,0,Oracle,0.736578947368421,0.03122083299967926,3,3.0,3.0,3.0,0.0,0.0,0.0,1.0,1.0,1.0,0.0,448.0,448.0,inf,10318.0,inf,23.03125,0.0,10318.0,hyperplane_gauss,20000,20,0.3,0.2,3,real,gradual,894,0.1414213562373095,0.6,False,medium,fast,real/gradual/K=3/medium/fast/partial/imbalanced/noisy,0.011421052631578887,-0.0,label_noise,1.0
scn-8ad567cdd3c9,1,ADWIN,0.7306842105263158,0.030874065000261908,1,3.0,1.0,1.0,2.0,0.0,0.0,1.0,0.3333333333333333,0.5,0.6666666666666667,2606.0,2606.0,inf,10318.0,inf,1.3197748784855459,0.0,10318.0,hyperplane_gauss,20000,20,0.3,0.2,3,real,gradual,894,0.1414213562373095,0.6,False,medium,fast,real/gradual/K=3/medium/fast/partial/imbalanced/noisy,0.0006842105263158427,0.009526315789473605,label_noise,1.0
scn-8ad567cdd3c9,1,PageHinkley,0.7141578947368421,0.04522680299987769,10,3.0,10.0,3.0,0.0,6.0,1.0,0.3,1.0,0.4615384615384615,0.0,1692.6666666666667,1465.0,1719.6666666666667,1719.6666666666667,1.0159511618747539,1.0159511618747539,0.5815080441946113,10318.0,hyperplane_gauss,20000,20,0.3,0.2,3,real,gradual,894,0.1414213562373095,0.6,False,medium,fast,real/gradual/K=3/medium/fast/partial/imbalanced/noisy,-0.01584210526315788,0.026052631578947327,label_noise,1.0
scn-8ad567cdd3c9,1,PageHinkley-up,0.7323157894736843,0.03861684899993634,3,3.0,3.0,3.0,0.0,0.0,0.0,1.0,1.0,1.0,0.0,2317.6666666666665,2319.0,inf,10318.0,inf,4.451891269955415,0.0,10318.0,hyperplane_gauss,20000,20,0.3,0.2,3,real,gradual,894,0.1414213562373095,0.6,False,medium,fast,real/gradual/K=3/medium/fast/partial/imbalanced/noisy,0.002315789473684271,0.007894736842105177,label_noise,1.0
scn-8ad567cdd3c9,1,DDM,0.73,0.03465627700006735,0,3.0,0.0,0.0,3.0,0.0,0.0,,0.0,0.0,1.0,,,inf,10318.0,,,0.0,10318.0,hyperplane_gauss,20000,20,0.3,0.2,3,real,gradual,894,0.1414213562373095,0.6,False,medium,fast,real/gradual/K=3/medium/fast/partial/imbalanced/noisy,0.0,0.010210526315789448,label_noise,1.0
scn-8ad567cdd3c9,1,EDDM,0.7262631578947368,0.03568404899988309,2,3.0,2.0,0.0,3.0,2.0,0.0,0.0,0.0,0.0,1.0,,,5159.0,5159.0,,,0.1938360147315371,10318.0,hyperplane_gauss,20000,20,0.3,0.2,3,real,gradual,894,0.1414213562373095,0.6,False,medium,fast,real/gradual/K=3/medium/fast/partial/imbalanced/noisy,-0.0037368421052631495,0.013947368421052597,label_noise,1.0
scn-8ad567cdd3c9,1,HDDM_A,0.7308947368421053,0.07628467599988653,1,3.0,1.0,1.0,2.0,0.0,0.0,1.0,0.3333333333333333,0.5,0.6666666666666667,2841.0,2841.0,inf,10318.0,inf,1.2106065939223274,0.0,10318.0,hyperplane_gauss,20000,20,0.3,0.2,3,real,gradual,894,0.1414213562373095,0.6,False,medium,fast,real/gradual/K=3/medium/fast/partial/imbalanced/noisy,0.0008947368421052815,0.009315789473684166,label_noise,1.0
scn-8ad567cdd3c9,1,HDDM_W,0.7356842105263158,0.08478851200015924,4,3.0,4.0,3.0,0.0,0.0,1.0,0.75,1.0,0.8571428571428571,0.0,479.6666666666667,494.0,inf,10318.0,inf,21.510771369006253,0.0,10318.0,hyperplane_gauss,20000,20,0.3,0.2,3,real,gradual,894,0.1414213562373095,0.6,False,medium,fast,real/gradual/K=3/medium/fast/partial/imbalanced/noisy,0.005684210526315847,0.004526315789473601,label_noise,1.0
scn-8ad567cdd3c9,1,FHDDM,0.731421052631579,0.033872264999899926,1,3.0,1.0,1.0,2.0,0.0,0.0,1.0,0.3333333333333333,0.5,0.6666666666666667,2185.0,2185.0,inf,10318.0,inf,1.574065598779557,0.0,10318.0,hyperplane_gauss,20000,20,0.3,0.2,3,real,gradual,894,0.1414213562373095,0.6,False,medium,fast,real/gradual/K=3/medium/fast/partial/imbalanced/noisy,0.0014210526315789895,0.008789473684210458,label_noise,1.0
scn-8ad567cdd3c9,1,NoDrift,0.73,0.025781621000078303,0,3.0,0.0,0.0,3.0,0.0,0.0,,0.0,0.0,1.0,,,inf,10318.0,,,0.0,10318.0,hyperplane_gauss,20000,20,0.3,0.2,3,real,gradual,894,0.1414213562373095,0.6,False,medium,fast,real/gradual/K=3/medium/fast/partial/imbalanced/noisy,0.0,0.010210526315789448,label_noise,1.0
scn-8ad567cdd3c9,1,Periodic(2000),0.7173684210526315,0.028045887999724073,9,3.0,9.0,3.0,0.0,5.0,1.0,0.3333333333333333,1.0,0.5,0.0,1280.6666666666667,1614.0,2063.6,2063.6,1.6113482561166057,1.6113482561166057,0.4845900368288428,10318.0,hyperplane_gauss,20000,20,0.3,0.2,3,real,gradual,894,0.1414213562373095,0.6,False,medium,fast,real/gradual/K=3/medium/fast/partial/imbalanced/noisy,-0.012631578947368438,0.022842105263157886,label_noise,1.0
scn-8ad567cdd3c9,1,Oracle,0.7402105263157894,0.03333304100033274,3,3.0,3.0,3.0,0.0,0.0,0.0,1.0,1.0,1.0,0.0,448.0,448.0,inf,10318.0,inf,23.03125,0.0,10318.0,hyperplane_gauss,20000,20,0.3,0.2,3,real,gradual,894,0.1414213562373095,0.6,False,medium,fast,real/gradual/K=3/medium/fast/partial/imbalanced/noisy,0.010210526315789448,-0.0,label_noise,1.0
scn-735d5f56fd2e,2,ADWIN,0.7396315789473684,0.04417596000030244,1,3.0,1.0,1.0,2.0,0.0,0.0,1.0,0.3333333333333333,0.5,0.6666666666666667,1675.0,1675.0,inf,10318.0,inf,2.053333333333333,0.0,10318.0,hyperplane_gauss,20000,20,0.3,0.2,3,real,gradual,894,0.1414213562373095,0.6,False,medium,fast,real/gradual/K=3/medium/fast/partial/imbalanced/noisy,0.010578947368421021,0.005684210526315847,label_noise,1.0
scn-735d5f56fd2e,2,PageHinkley,0.7216315789473684,0.06672663400013334,9,3.0,9.0,3.0,0.0,4.0,2.0,0.3333333333333333,1.0,0.5,0.0,1253.3333333333333,1105.0,2579.5,2579.5,2.05811170212766,2.05811170212766,0.3876720294630742,10318.0,hyperplane_gauss,20000,20,0.3,0.2,3,real,gradual,894,0.1414213562373095,0.6,False,medium,fast,real/gradual/K=3/medium/fast/partial/imbalanced/noisy,-0.007421052631578995,0.023684210526315863,label_noise,1.0
scn-735d5f56fd2e,2,PageHinkley-up,0.736,0.056817309000052774,3,3.0,3.0,2.0,1.0,1.0,0.0,0.6666666666666666,0.6666666666666666,0.6666666666666666,0.33333333333333337,1986.0,1986.0,10318.0,10318.0,3.463578382007385,3.463578382007385,0.09691800736576855,10318.0,hyperplane_gauss,20000,20,0.3,0.2,3,real,gradual,894,0.1414213562373095,0.6,False,medium,fast,real/gradual/K=3/medium/fast/partial/imbalanced/noisy,0.006947368421052591,0.009315789473684277,label_noise,1.0
scn-735d5f56fd2e,2,DDM,0.7411578947368421,0.03711166299990509,1,3.0,1.0,1.0,2.0,0.0,0.0,1.0,0.3333333333333333,0.5,0.6666666666666667,1192.0,1192.0,inf,10318.0,inf,2.8853467561521247,0.0,10318.0,hyperplane_gauss,20000,20,0.3,0.2,3,real,gradual,894,0.1414213562373095,0.6,False,medium,fast,real/gradual/K=3/medium/fast/partial/imbalanced/noisy,0.01210526315789473,0.004157894736842138,label_noise,1.0
scn-735d5f56fd2e,2,EDDM,0.7266842105263158,0.03578337199996895,2,3.0,2.0,0.0,3.0,2.0,0.0,0.0,0.0,0.0,1.0,,,5159.0,5159.0,,,0.1938360147315371,10318.0,hyperplane_gauss,20000,20,0.3,0.2,3,real,gradual,894,0.1414213562373095,0.6,False,medium,fast,real/gradual/K=3/medium/fast/partial/imbalanced/noisy,-0.002368421052631575,0.018631578947368443,label_noise,1.0
scn-735d5f56fd2e,2,HDDM_A,0.7401578947368421,0.07694411000011314,1,3.0,1.0,1.0,2.0,0.0,0.0,1.0,0.3333333333333333,0.5,0.6666666666666667,1601.0,1601.0,inf,10318.0,inf,2.1482406829065166,0.0,10318.0,hyperplane_gauss,20000,20,0.3,0.2,3,real,gradual,894,0.1414213562373095,0.6,False,medium,fast,real/gradual/K=3/medium/fast/partial/imbalanced/noisy,0.01110526315789473,0.005157894736842139,label_noise,1.0
scn-735d5f56fd2e,2,HDDM_W,0.7348947368421053,0.08127423899986752,3,3.0,3.0,0.0,3.0,3.0,0.0,0.0,0.0,0.0,1.0,,,3439.3333333333335,3439.3333333333335,,,0.29075402209730566,10318.0,hyperplane_gauss,20000,20,0.3,0.2,3,real,gradual,894,0.1414213562373095,0.6,False,medium,fast,real/gradual/K=3/medium/fast/partial/imbalanced/noisy,0.005842105263157871,0.010421052631578998,label_noise,1.0
scn-735d5f56fd2e,2,FHDDM,0.7418421052631579,0.03256224899996596,1,3.0,1.0,1.0,2.0,0.0,0.0,1.0,0.3333333333333333,0.5,0.6666666666666667,851.0,851.0,inf,10318.0,inf,4.041519780650215,0.0,10318.0,hyperplane_gauss,20000,20,0.3,0.2,3,real,gradual,894,0.1414213562373095,0.6,False,medium,fast,real/gradual/K=3/medium/fast/partial/imbalanced/noisy,0.012789473684210462,0.0034736842105264065,label_noise,1.0
scn-735d5f56fd2e,2,NoDrift,0.7290526315789474,0.025403939000170794,0,3.0,0.0,0.0,3.0,0.0,0.0,,0.0,0.0,1.0,,,inf,10318.0,,,0.0,10318.0,hyperplane_gauss,20000,20,0.3,0.2,3,real,gradual,894,0.1414213562373095,0.6,False,medium,fast,real/gradual/K=3/medium/fast/partial/imbalanced/noisy,0.0,0.016263157894736868,label_noise,1.0
scn-735d5f56fd2e,2,Periodic(2000),0.7169473684210527,0.02825905200006673,9,3.0,9.0,3.0,0.0,5.0,1.0,0.3333333333333333,1.0,0.5,0.0,1280.6666666666667,1614.0,2063.6,2063.6,1.6113482561166057,1.6113482561166057,0.4845900368288428,10318.0,hyperplane_gauss,20000,20,0.3,0.2,3,real,gradual,894,0.1414213562373095,0.6,False,medium,fast,real/gradual/K=3/medium/fast/partial/imbalanced/noisy,-0.01210526315789473,0.0283684210526316,label_noise,1.0
scn-735d5f56fd2e,2,Oracle,0.7453157894736843,0.033006592000219825,3,3.0,3.0,3.0,0.0,0.0,0.0,1.0,1.0,1.0,0.0,448.0,448.0,inf,10318.0,inf,23.03125,0.0,10318.0,hyperplane_gauss,20000,20,0.3,0.2,3,real,gradual,894,0.1414213562373095,0.6,False,medium,fast,real/gradual/K=3/medium/fast/partial/imbalanced/noisy,0.016263157894736868,-0.0,label_noise,1.0
scn-10648c4aacb0,0,ADWIN,0.8221052631578948,0.035164214999895194,3,3.0,3.0,1.0,2.0,2.0,0.0,0.3333333333333333,0.3333333333333333,0.3333333333333333,0.6666666666666667,1227.0,1227.0,5159.0,5159.0,1.4015213257267043,1.4015213257267043,0.1938360147315371,10318.0,hyperplane_gauss,20000,20,0.5,0.1,3,real,gradual,894,0.1414213562373095,0.6,False,medium,fast,real/gradual/K=3/medium/fast/partial/balanced/noisy,0.010947368421052706,0.013842105263157878,minority_share,0.0
scn-10648c4aacb0,0,PageHinkley,0.7766842105263158,0.06416556300018783,18,3.0,18.0,3.0,0.0,9.0,6.0,0.16666666666666666,1.0,0.2857142857142857,0.0,1008.3333333333334,795.0,1146.4444444444443,1146.4444444444443,1.1369696969696967,1.1369696969696967,0.872262066291917,10318.0,hyperplane_gauss,20000,20,0.5,0.1,3,real,gradual,894,0.1414213562373095,0.6,False,medium,fast,real/gradual/K=3/medium/fast/partial/balanced/noisy,-0.03447368421052632,0.059263157894736906,minority_share,0.0
scn-10648c4aacb0,0,PageHinkley-up,0.8294736842105264,0.039737588000207325,3,3.0,3.0,3.0,0.0,0.0,0.0,1.0,1.0,1.0,0.0,1327.0,1206.0,inf,10318.0,inf,7.775433308214017,0.0,10318.0,hyperplane_gauss,20000,20,0.5,0.1,3,real,gradual,894,0.1414213562373095,0.6,False,medium,fast,real/gradual/K=3/medium/fast/partial/balanced/noisy,0.018315789473684285,0.006473684210526298,minority_share,0.0
scn-10648c4aacb0,0,DDM,0.8242631578947368,0.0369149030002518,3,3.0,3.0,2.0,1.0,1.0,0.0,0.6666666666666666,0.6666666666666666,0.6666666666666666,0.33333333333333337,1547.0,1547.0,10318.0,10318.0,4.446455505279035,4.446455505279035,0.09691800736576855,10318.0,hyperplane_gauss,20000,20,0.5,0.1,3,real,gradual,894,0.1414213562373095,0.6,False,medium,fast,real/gradual/K=3/medium/fast/partial/balanced/noisy,0.013105263157894731,0.011684210526315852,minority_share,0.0
scn-10648c4aacb0,0,EDDM,0.8105263157894737,0.03494732000035583,2,3.0,2.0,0.0,3.0,2.0,0.0,0.0,0.0,0.0,1.0,,,5159.0,5159.0,,,0.1938360147315371,10318.0,hyperplane_gauss,20000,20,0.5,0.1,3,real,gradual,894,0.1414213562373095,0.6,False,medium,fast,real/gradual/K=3/medium/fast/partial/balanced/noisy,-0.0006315789473684275,0.02542105263157901,minority_share,0.0
scn-10648c4aacb0,0,HDDM_A,0.8262631578947368,0.08264897800017934,1,3.0,1.0,1.0,2.0,0.0,0.0,1.0,0.3333333333333333,0.5,0.6666666666666667,1201.0,1201.0,inf,10318.0,inf,2.8637246738828748,0.0,10318.0,hyperplane_gauss,20000,20,0.5,0.1,3,real,gradual,894,0.1414213562373095,0.6,False,medium,fast,real/gradual/K=3/medium/fast/partial/balanced/noisy,0.015105263157894733,0.00968421052631585,minority_share,0.0
scn-10648c4aacb0,0,HDDM_W,0.8284736842105264,0.08053548499992758,2,3.0,2.0,2.0,1.0,0.0,0.0,1.0,0.6666666666666666,0.8,0.33333333333333337,859.0,859.0,inf,10318.0,inf,8.007760962359331,0.0,10318.0,hyperplane_gauss,20000,20,0.5,0.1,3,real,gradual,894,0.1414213562373095,0.6,False,medium,fast,real/gradual/K=3/medium/fast/partial/balanced/noisy,0.017315789473684284,0.007473684210526299,minority_share,0.0
scn-10648c4aacb0,0,FHDDM,0.8254736842105264,0.031680490000326245,1,3.0,1.0,1.0,2.0,0.0,0.0,1.0,0.3333333333333333,0.5,0.6666666666666667,928.0,928.0,inf,10318.0,inf,3.7061781609195394,0.0,10318.0,hyperplane_gauss,20000,20,0.5,0.1,3,real,gradual,894,0.1414213562373095,0.6,False,medium,fast,real/gradual/K=3/medium/fast/partial/balanced/noisy,0.014315789473684282,0.010473684210526302,minority_share,0.0
scn-10648c4aacb0,0,NoDrift,0.8111578947368421,0.025489332000233844,0,3.0,0.0,0.0,3.0,0.0,0.0,,0.0,0.0,1.0,,,inf,10318.0,,,0.0,10318.0,hyperplane_gauss,20000,20,0.5,0.1,3,real,gradual,894,0.1414213562373095,0.6,False,medium,fast,real/gradual/K=3/medium/fast/partial/balanced/noisy,0.0,0.024789473684210583,minority_share,0.0
scn-10648c4aacb0,0,Periodic(2000),0.8022105263157895,0.027412636000008206,9,3.0,9.0,3.0,0.0,5.0,1.0,0.3333333333333333,1.0,0.5,0.0,1280.6666666666667,1614.0,2063.6,2063.6,1.6113482561166057,1.6113482561166057,0.4845900368288428,10318.0,hyperplane_gauss,20000,20,0.5,0.1,3,real,gradual,894,0.1414213562373095,0.6,False,medium,fast,real/gradual/K=3/medium/fast/partial/balanced/noisy,-0.008947368421052593,0.033736842105263176,minority_share,0.0
scn-10648c4aacb0,0,Oracle,0.8359473684210527,0.031488389000060124,3,3.0,3.0,3.0,0.0,0.0,0.0,1.0,1.0,1.0,0.0,448.0,448.0,inf,10318.0,inf,23.03125,0.0,10318.0,hyperplane_gauss,20000,20,0.5,0.1,3,real,gradual,894,0.1414213562373095,0.6,False,medium,fast,real/gradual/K=3/medium/fast/partial/balanced/noisy,0.024789473684210583,-0.0,minority_share,0.0
scn-dfa9ab931e4d,1,ADWIN,0.8209473684210526,0.037167922999742586,4,3.0,4.0,1.0,2.0,3.0,0.0,0.25,0.3333333333333333,0.28571428571428575,0.6666666666666667,2446.0,2446.0,3439.3333333333335,3439.3333333333335,0.46870173525938036,0.46870173525938036,0.29075402209730566,10318.0,hyperplane_gauss,20000,20,0.5,0.1,3,real,gradual,894,0.1414213562373095,0.6,False,medium,fast,real/gradual/K=3/medium/fast/partial/balanced/noisy,0.00036842105263157343,0.02047368421052631,minority_share,0.0
scn-dfa9ab931e4d,1,PageHinkley,0.8064736842105263,0.049122106000140775,11,3.0,11.0,2.0,1.0,6.0,3.0,0.18181818181818182,0.6666666666666666,0.28571428571428575,0.33333333333333337,1200.0,1200.0,1719.6666666666667,1719.6666666666667,0.9553703703703703,0.9553703703703703,0.5815080441946113,10318.0,hyperplane_gauss,20000,20,0.5,0.1,3,real,gradual,894,0.1414213562373095,0.6,False,medium,fast,real/gradual/K=3/medium/fast/partial/balanced/noisy,-0.014105263157894732,0.034947368421052616,minority_share,0.0
scn-dfa9ab931e4d,1,PageHinkley-up,0.8312105263157895,0.03650238899990654,2,3.0,2.0,2.0,1.0,0.0,0.0,1.0,0.6666666666666666,0.8,0.33333333333333337,2233.0,2233.0,inf,10318.0,inf,3.0804597701149423,0.0,10318.0,hyperplane_gauss,20000,20,0.5,0.1,3,real,gradual,894,0.1414213562373095,0.6,False,medium,fast,real/gradual/K=3/medium/fast/partial/balanced/noisy,0.010631578947368436,0.010210526315789448,minority_share,0.0
scn-dfa9ab931e4d,1,DDM,0.8324736842105264,0.03466608200005794,1,3.0,1.0,0.0,3.0,1.0,0.0,0.0,0.0,0.0,1.0,,,10318.0,10318.0,,,0.09691800736576855,10318.0,hyperplane_gauss,20000,20,0.5,0.1,3,real,gradual,894,0.1414213562373095,0.6,False,medium,fast,real/gradual/K=3/medium/fast/partial/balanced/noisy,0.011894736842105291,0.008947368421052593,minority_share,0.0
scn-dfa9ab931e4d,1,EDDM,0.8197368421052632,0.032083773000067595,1,3.0,1.0,0.0,3.0,1.0,0.0,0.0,0.0,0.0,1.0,,,10318.0,10318.0,,,0.09691800736576855,10318.0,hyperplane_gauss,20000,20,0.5,0.1,3,real,gradual,894,0.1414213562373095,0.6,False,medium,fast,real/gradual/K=3/medium/fast/partial/balanced/noisy,-0.0008421052631578663,0.02168421052631575,minority_share,0.0
scn-dfa9ab931e4d,1,HDDM_A,0.8326315789473684,0.08549874300024385,1,3.0,1.0,0.0,3.0,1.0,0.0,0.0,0.0,0.0,1.0,,,10318.0,10318.0,,,0.09691800736576855,10318.0,hyperplane_gauss,20000,20,0.5,0.1,3,real,gradual,894,0.1414213562373095,0.6,False,medium,fast,real/gradual/K=3/medium/fast/partial/balanced/noisy,0.012052631578947315,0.00878947368421057,minority_share,0.0
scn-dfa9ab931e4d,1,HDDM_W,0.8205789473684211,0.07786809299977904,0,3.0,0.0,0.0,3.0,0.0,0.0,,0.0,0.0,1.0,,,inf,10318.0,,,0.0,10318.0,hyperplane_gauss,20000,20,0.5,0.1,3,real,gradual,894,0.1414213562373095,0.6,False,medium,fast,real/gradual/K=3/medium/fast/partial/balanced/noisy,0.0,0.020842105263157884,minority_share,0.0
scn-dfa9ab931e4d,1,FHDDM,0.8205789473684211,0.031401285999891115,0,3.0,0.0,0.0,3.0,0.0,0.0,,0.0,0.0,1.0,,,inf,10318.0,,,0.0,10318.0,hyperplane_gauss,20000,20,0.5,0.1,3,real,gradual,894,0.1414213562373095,0.6,False,medium,fast,real/gradual/K=3/medium/fast/partial/balanced/noisy,0.0,0.020842105263157884,minority_share,0.0
scn-dfa9ab931e4d,1,NoDrift,0.8205789473684211,0.025182996999774332,0,3.0,0.0,0.0,3.0,0.0,0.0,,0.0,0.0,1.0,,,inf,10318.0,,,0.0,10318.0,hyperplane_gauss,20000,20,0.5,0.1,3,real,gradual,894,0.1414213562373095,0.6,False,medium,fast,real/gradual/K=3/medium/fast/partial/balanced/noisy,0.0,0.020842105263157884,minority_share,0.0
scn-dfa9ab931e4d,1,Periodic(2000),0.8101578947368421,0.027518057999714074,9,3.0,9.0,3.0,0.0,5.0,1.0,0.3333333333333333,1.0,0.5,0.0,1280.6666666666667,1614.0,2063.6,2063.6,1.6113482561166057,1.6113482561166057,0.4845900368288428,10318.0,hyperplane_gauss,20000,20,0.5,0.1,3,real,gradual,894,0.1414213562373095,0.6,False,medium,fast,real/gradual/K=3/medium/fast/partial/balanced/noisy,-0.010421052631578998,0.03126315789473688,minority_share,0.0
scn-dfa9ab931e4d,1,Oracle,0.841421052631579,0.03206421200002296,3,3.0,3.0,3.0,0.0,0.0,0.0,1.0,1.0,1.0,0.0,448.0,448.0,inf,10318.0,inf,23.03125,0.0,10318.0,hyperplane_gauss,20000,20,0.5,0.1,3,real,gradual,894,0.1414213562373095,0.6,False,medium,fast,real/gradual/K=3/medium/fast/partial/balanced/noisy,0.020842105263157884,-0.0,minority_share,0.0
scn-b2c87592b57f,2,ADWIN,0.8171052631578948,0.03577432400015823,5,3.0,5.0,2.0,1.0,3.0,0.0,0.4,0.6666666666666666,0.5,0.33333333333333337,1740.5,1740.5,3439.3333333333335,3439.3333333333335,1.317373679338632,1.317373679338632,0.29075402209730566,10318.0,hyperplane_gauss,20000,20,0.5,0.1,3,real,gradual,894,0.1414213562373095,0.6,False,medium,fast,real/gradual/K=3/medium/fast/partial/balanced/noisy,0.004631578947368431,0.020052631578947322,minority_share,0.0
scn-b2c87592b57f,2,PageHinkley,0.7778421052631579,0.06414971300000616,18,3.0,18.0,3.0,0.0,9.0,6.0,0.16666666666666666,1.0,0.2857142857142857,0.0,666.0,388.0,1146.4444444444443,1146.4444444444443,1.721388054721388,1.721388054721388,0.872262066291917,10318.0,hyperplane_gauss,20000,20,0.5,0.1,3,real,gradual,894,0.1414213562373095,0.6,False,medium,fast,real/gradual/K=3/medium/fast/partial/balanced/noisy,-0.03463157894736846,0.05931578947368421,minority_share,0.0
scn-b2c87592b57f,2,PageHinkley-up,0.8324736842105264,0.038196414000140066,3,3.0,3.0,3.0,0.0,0.0,0.0,1.0,1.0,1.0,0.0,1266.6666666666667,1277.0,inf,10318.0,inf,8.14578947368421,0.0,10318.0,hyperplane_gauss,20000,20,0.5,0.1,3,real,gradual,894,0.1414213562373095,0.6,False,medium,fast,real/gradual/K=3/medium/fast/partial/balanced/noisy,0.020000000000000018,0.004684210526315735,minority_share,0.0
scn-b2c87592b57f,2,DDM,0.8336315789473684,0.03710139400027401,3,3.0,3.0,3.0,0.0,0.0,0.0,1.0,1.0,1.0,0.0,1267.3333333333333,1080.0,inf,10318.0,inf,8.14150447133088,0.0,10318.0,hyperplane_gauss,20000,20,0.5,0.1,3,real,gradual,894,0.1414213562373095,0.6,False,medium,fast,real/gradual/K=3/medium/fast/partial/balanced/noisy,0.021157894736842042,0.0035263157894737107,minority_share,0.0
scn-b2c87592b57f,2,EDDM,0.8126842105263158,0.03593877200000861,2,3.0,2.0,1.0,2.0,1.0,0.0,0.5,0.3333333333333333,0.4,0.6666666666666667,2498.0,2498.0,10318.0,10318.0,1.3768348011742724,1.3768348011742724,0.09691800736576855,10318.0,hyperplane_gauss,20000,20,0.5,0.1,3,real,gradual,894,0.1414213562373095,0.6,False,medium,fast,real/gradual/K=3/medium/fast/partial/balanced/noisy,0.0002105263157894388,0.024473684210526314,minority_share,0.0
scn-b2c87592b57f,2,HDDM_A,0.8274736842105264,0.09022774400000344,2,3.0,2.0,2.0,1.0,0.0,0.0,1.0,0.6666666666666666,0.8,0.33333333333333337,1665.0,1665.0,inf,10318.0,inf,4.131331331331332,0.0,10318.0,hyperplane_gauss,20000,20,0.5,0.1,3,real,gradual,894,0.1414213562373095,0.6,False,medium,fast,real/gradual/K=3/medium/fast/partial/balanced/noisy,0.015000000000000013,0.00968421052631574,minority_share,0.0
scn-b2c87592b57f,2,HDDM_W,0.8322631578947368,0.07957691499996145,2,3.0,2.0,2.0,1.0,0.0,0.0,1.0,0.6666666666666666,0.8,0.33333333333333337,1168.0,1168.0,inf,10318.0,inf,5.889269406392693,0.0,10318.0,hyperplane_gauss,20000,20,0.5,0.1,3,real,gradual,894,0.1414213562373095,0.6,False,medium,fast,real/gradual/K=3/medium/fast/partial/balanced/noisy,0.019789473684210468,0.004894736842105285,minority_share,0.0
scn-b2c87592b57f,2,FHDDM,0.8316842105263158,0.03529559700018581,2,3.0,2.0,2.0,1.0,0.0,0.0,1.0,0.6666666666666666,0.8,0.33333333333333337,1266.5,1266.5,inf,10318.0,inf,5.431240952756942,0.0,10318.0,hyperplane_gauss,20000,20,0.5,0.1,3,real,gradual,894,0.1414213562373095,0.6,False,medium,fast,real/gradual/K=3/medium/fast/partial/balanced/noisy,0.019210526315789456,0.005473684210526297,minority_share,0.0
scn-b2c87592b57f,2,NoDrift,0.8124736842105263,0.025493427000128577,0,3.0,0.0,0.0,3.0,0.0,0.0,,0.0,0.0,1.0,,,inf,10318.0,,,0.0,10318.0,hyperplane_gauss,20000,20,0.5,0.1,3,real,gradual,894,0.1414213562373095,0.6,False,medium,fast,real/gradual/K=3/medium/fast/partial/balanced/noisy,0.0,0.024684210526315753,minority_share,0.0
scn-b2c87592b57f,2,Periodic(2000),0.8041052631578948,0.02779547599993748,9,3.0,9.0,3.0,0.0,5.0,1.0,0.3333333333333333,1.0,0.5,0.0,1280.6666666666667,1614.0,2063.6,2063.6,1.6113482561166057,1.6113482561166057,0.4845900368288428,10318.0,hyperplane_gauss,20000,20,0.5,0.1,3,real,gradual,894,0.1414213562373095,0.6,False,medium,fast,real/gradual/K=3/medium/fast/partial/balanced/noisy,-0.00836842105263158,0.033052631578947334,minority_share,0.0
scn-b2c87592b57f,2,Oracle,0.8371578947368421,0.03193861999989167,3,3.0,3.0,3.0,0.0,0.0,0.0,1.0,1.0,1.0,0.0,448.0,448.0,inf,10318.0,inf,23.03125,0.0,10318.0,hyperplane_gauss,20000,20,0.5,0.1,3,real,gradual,894,0.1414213562373095,0.6,False,medium,fast,real/gradual/K=3/medium/fast/partial/balanced/noisy,0.024684210526315753,-0.0,minority_share,0.0
scn-a9bff58dda98,0,ADWIN,0.8217368421052632,0.034295901999939815,1,3.0,1.0,1.0,2.0,0.0,0.0,1.0,0.3333333333333333,0.5,0.6666666666666667,1227.0,1227.0,inf,10318.0,inf,2.8030426514534086,0.0,10318.0,hyperplane_gauss,20000,20,0.4,0.1,3,real,gradual,894,0.1414213562373095,0.6,False,medium,fast,real/gradual/K=3/medium/fast/partial/balanced/noisy,0.015473684210526417,0.012315789473684169,minority_share,0.25
scn-a9bff58dda98,0,PageHinkley,0.7943157894736842,0.05262519300003987,12,3.0,12.0,2.0,1.0,6.0,4.0,0.16666666666666666,0.6666666666666666,0.26666666666666666,0.33333333333333337,385.5,385.5,1719.6666666666667,1719.6666666666667,2.973915549791036,2.973915549791036,0.5815080441946113,10318.0,hyperplane_gauss,20000,20,0.4,0.1,3,real,gradual,894,0.1414213562373095,0.6,False,medium,fast,real/gradual/K=3/medium/fast/partial/balanced/noisy,-0.011947368421052595,0.03973684210526318,minority_share,0.25
scn-a9bff58dda98,0,PageHinkley-up,0.8267368421052631,0.0379344839998339,2,3.0,2.0,2.0,1.0,0.0,0.0,1.0,0.6666666666666666,0.8,0.33333333333333337,1134.5,1134.5,inf,10318.0,inf,6.063170265902746,0.0,10318.0,hyperplane_gauss,20000,20,0.4,0.1,3,real,gradual,894,0.1414213562373095,0.6,False,medium,fast,real/gradual/K=3/medium/fast/partial/balanced/noisy,0.02047368421052631,0.0073157894736842755,minority_share,0.25
scn-a9bff58dda98,0,DDM,0.8163684210526316,0.037644124000053125,2,3.0,2.0,1.0,2.0,1.0,0.0,0.5,0.3333333333333333,0.4,0.6666666666666667,1483.0,1483.0,10318.0,10318.0,2.3191728478309726,2.3191728478309726,0.09691800736576855,10318.0,hyperplane_gauss,20000,20,0.4,0.1,3,real,gradual,894,0.1414213562373095,0.6,False,medium,fast,real/gradual/K=3/medium/fast/partial/balanced/noisy,0.01010526315789484,0.017684210526315747,minority_share,0.25
scn-a9bff58dda98,0,EDDM,0.8068421052631579,0.03307562100007999,1,3.0,1.0,0.0,3.0,1.0,0.0,0.0,0.0,0.0,1.0,,,10318.0,10318.0,,,0.09691800736576855,10318.0,hyperplane_gauss,20000,20,0.4,0.1,3,real,gradual,894,0.1414213562373095,0.6,False,medium,fast,real/gradual/K=3/medium/fast/partial/balanced/noisy,0.0005789473684211233,0.027210526315789463,minority_share,0.25
scn-a9bff58dda98,0,HDDM_A,0.8210526315789474,0.08412154999996346,1,3.0,1.0,1.0,2.0,0.0,0.0,1.0,0.3333333333333333,0.5,0.6666666666666667,1203.0,1203.0,inf,10318.0,inf,2.858963701856469,0.0,10318.0,hyperplane_gauss,20000,20,0.4,0.1,3,real,gradual,894,0.1414213562373095,0.6,False,medium,fast,real/gradual/K=3/medium/fast/partial/balanced/noisy,0.014789473684210575,0.013000000000000012,minority_share,0.25
scn-a9bff58dda98,0,HDDM_W,0.8296842105263158,0.07990346099995804,2,3.0,2.0,2.0,1.0,0.0,0.0,1.0,0.6666666666666666,0.8,0.33333333333333337,629.5,629.5,inf,10318.0,inf,10.927190892242521,0.0,10318.0,hyperplane_gauss,20000,20,0.4,0.1,3,real,gradual,894,0.1414213562373095,0.6,False,medium,fast,real/gradual/K=3/medium/fast/partial/balanced/noisy,0.02342105263157901,0.004368421052631577,minority_share,0.25
scn-a9bff58dda98,0,FHDDM,0.8238947368421052,0.033330097000089154,2,3.0,2.0,2.0,1.0,0.0,0.0,1.0,0.6666666666666666,0.8,0.33333333333333337,1348.5,1348.5,inf,10318.0,inf,5.100976393523668,0.0,10318.0,hyperplane_gauss,20000,20,0.4,0.1,3,real,gradual,894,0.1414213562373095,0.6,False,medium,fast,real/gradual/K=3/medium/fast/partial/balanced/noisy,0.017631578947368443,0.010157894736842144,minority_share,0.25
scn-a9bff58dda98,0,NoDrift,0.8062631578947368,0.02554354499989131,0,3.0,0.0,0.0,3.0,0.0,0.0,,0.0,0.0,1.0,,,inf,10318.0,,,0.0,10318.0,hyperplane_gauss,20000,20,0.4,0.1,3,real,gradual,894,0.1414213562373095,0.6,False,medium,fast,real/gradual/K=3/medium/fast/partial/balanced/noisy,0.0,0.027789473684210586,minority_share,0.25
scn-a9bff58dda98,0,Periodic(2000),0.8040526315789474,0.028028081999764254,9,3.0,9.0,3.0,0.0,5.0,1.0,0.3333333333333333,1.0,0.5,0.0,1280.6666666666667,1614.0,2063.6,2063.6,1.6113482561166057,1.6113482561166057,0.4845900368288428,10318.0,hyperplane_gauss,20000,20,0.4,0.1,3,real,gradual,894,0.1414213562373095,0.6,False,medium,fast,real/gradual/K=3/medium/fast/partial/balanced/noisy,-0.0022105263157894406,0.030000000000000027,minority_share,0.25
scn-a9bff58dda98,0,Oracle,0.8340526315789474,0.03286820399989665,3,3.0,3.0,3.0,0.0,0.0,0.0,1.0,1.0,1.0,0.0,448.0,448.0,inf,10318.0,inf,23.03125,0.0,10318.0,hyperplane_gauss,20000,20,0.4,0.1,3,real,gradual,894,0.1414213562373095,0.6,False,medium,fast,real/gradual/K=3/medium/fast/partial/balanced/noisy,0.027789473684210586,-0.0,minority_share,0.25
scn-5ec490f6bf3f,1,ADWIN,0.8205789473684211,0.032429235999643424,3,3.0,3.0,1.0,2.0,2.0,0.0,0.3333333333333333,0.3333333333333333,0.3333333333333333,0.6666666666666667,1838.0,1838.0,5159.0,5159.0,0.9356184258251721,0.9356184258251721,0.1938360147315371,10318.0,hyperplane_gauss,20000,20,0.4,0.1,3,real,gradual,894,0.1414213562373095,0.6,False,medium,fast,real/gradual/K=3/medium/fast/partial/balanced/noisy,0.0027368421052631486,0.020526315789473615,minority_share,0.25
scn-5ec490f6bf3f,1,PageHinkley,0.8103684210526316,0.0434163670001908,8,3.0,8.0,1.0,2.0,5.0,2.0,0.125,0.3333333333333333,0.18181818181818182,0.6666666666666667,1040.0,1040.0,2063.6,2063.6,0.6614102564102563,0.6614102564102563,0.4845900368288428,10318.0,hyperplane_gauss,20000,20,0.4,0.1,3,real,gradual,894,0.1414213562373095,0.6,False,medium,fast,real/gradual/K=3/medium/fast/partial/balanced/noisy,-0.007473684210526299,0.030736842105263062,minority_share,0.25
scn-5ec490f6bf3f,1,PageHinkley-up,0.8312105263157895,0.03466114100001505,1,3.0,1.0,0.0,3.0,1.0,0.0,0.0,0.0,0.0,1.0,,,10318.0,10318.0,,,0.09691800736576855,10318.0,hyperplane_gauss,20000,20,0.4,0.1,3,real,gradual,894,0.1414213562373095,0.6,False,medium,fast,real/gradual/K=3/medium/fast/partial/balanced/noisy,0.013368421052631585,0.009894736842105178,minority_share,0.25
scn-5ec490f6bf3f,1,DDM,0.8228421052631579,0.03585738299989316,2,3.0,2.0,1.0,2.0,1.0,0.0,0.5,0.3333333333333333,0.4,0.6666666666666667,1796.0,1796.0,10318.0,10318.0,1.9149962880475127,1.9149962880475127,0.09691800736576855,10318.0,hyperplane_gauss,20000,20,0.4,0.1,3,real,gradual,894,0.1414213562373095,0.6,False,medium,fast,real/gradual/K=3/medium/fast/partial/balanced/noisy,0.0050000000000000044,0.01826315789473676,minority_share,0.25
scn-5ec490f6bf3f,1,EDDM,0.8154736842105264,0.03309857700014618,1,3.0,1.0,0.0,3.0,1.0,0.0,0.0,0.0,0.0,1.0,,,10318.0,10318.0,,,0.09691800736576855,10318.0,hyperplane_gauss,20000,20,0.4,0.1,3,real,gradual,894,0.1414213562373095,0.6,False,medium,fast,real/gradual/K=3/medium/fast/partial/balanced/noisy,-0.002368421052631575,0.02563157894736834,minority_share,0.25
scn-5ec490f6bf3f,1,HDDM_A,0.8212631578947368,0.07847935200015854,1,3.0,1.0,1.0,2.0,0.0,0.0,1.0,0.3333333333333333,0.5,0.6666666666666667,2626.0,2626.0,inf,10318.0,inf,1.3097232800203094,0.0,10318.0,hyperplane_gauss,20000,20,0.4,0.1,3,real,gradual,894,0.1414213562373095,0.6,False,medium,fast,real/gradual/K=3/medium/fast/partial/balanced/noisy,0.0034210526315788803,0.019842105263157883,minority_share,0.25
scn-5ec490f6bf3f,1,HDDM_W,0.8282631578947368,0.07810469100013506,1,3.0,1.0,1.0,2.0,0.0,0.0,1.0,0.3333333333333333,0.5,0.6666666666666667,1062.0,1062.0,inf,10318.0,inf,3.238543628374136,0.0,10318.0,hyperplane_gauss,20000,20,0.4,0.1,3,real,gradual,894,0.1414213562373095,0.6,False,medium,fast,real/gradual/K=3/medium/fast/partial/balanced/noisy,0.010421052631578887,0.012842105263157877,minority_share,0.25
scn-5ec490f6bf3f,1,FHDDM,0.8164736842105264,0.03199985699984609,1,3.0,1.0,0.0,3.0,1.0,0.0,0.0,0.0,0.0,1.0,,,10318.0,10318.0,,,0.09691800736576855,10318.0,hyperplane_gauss,20000,20,0.4,0.1,3,real,gradual,894,0.1414213562373095,0.6,False,medium,fast,real/gradual/K=3/medium/fast/partial/balanced/noisy,-0.0013684210526315743,0.024631578947368338,minority_share,0.25
scn-5ec490f6bf3f,1,NoDrift,0.8178421052631579,0.025263810000069498,0,3.0,0.0,0.0,3.0,0.0,0.0,,0.0,0.0,1.0,,,inf,10318.0,,,0.0,10318.0,hyperplane_gauss,20000,20,0.4,0.1,3,real,gradual,894,0.1414213562373095,0.6,False,medium,fast,real/gradual/K=3/medium/fast/partial/balanced/noisy,0.0,0.023263157894736763,minority_share,0.25
scn-5ec490f6bf3f,1,Periodic(2000),0.8086842105263158,0.027329923999786843,9,3.0,9.0,3.0,0.0,5.0,1.0,0.3333333333333333,1.0,0.5,0.0,1280.6666666666667,1614.0,2063.6,2063.6,1.6113482561166057,1.6113482561166057,0.4845900368288428,10318.0,hyperplane_gauss,20000,20,0.4,0.1,3,real,gradual,894,0.1414213562373095,0.6,False,medium,fast,real/gradual/K=3/medium/fast/partial/balanced/noisy,-0.009157894736842143,0.032421052631578906,minority_share,0.25
scn-5ec490f6bf3f,1,Oracle,0.8411052631578947,0.03144474000009723,3,3.0,3.0,3.0,0.0,0.0,0.0,1.0,1.0,1.0,0.0,448.0,448.0,inf,10318.0,inf,23.03125,0.0,10318.0,hyperplane_gauss,20000,20,0.4,0.1,3,real,gradual,894,0.1414213562373095,0.6,False,medium,fast,real/gradual/K=3/medium/fast/partial/balanced/noisy,0.023263157894736763,-0.0,minority_share,0.25
scn-5acb1de02681,2,ADWIN,0.8148947368421052,0.035622362999674806,4,3.0,4.0,1.0,2.0,2.0,1.0,0.25,0.3333333333333333,0.28571428571428575,0.6666666666666667,1291.0,1291.0,5159.0,5159.0,1.3320423444358376,1.3320423444358376,0.1938360147315371,10318.0,hyperplane_gauss,20000,20,0.4,0.1,3,real,gradual,894,0.1414213562373095,0.6,False,medium,fast,real/gradual/K=3/medium/fast/partial/balanced/noisy,0.006421052631578883,0.02078947368421058,minority_share,0.25
scn-5acb1de02681,2,PageHinkley,0.7879473684210526,0.05598130999987916,15,3.0,15.0,3.0,0.0,10.0,2.0,0.2,1.0,0.33333333333333337,0.0,846.0,578.0,1031.8,1031.8,1.2196217494089834,1.2196217494089834,0.9691800736576855,10318.0,hyperplane_gauss,20000,20,0.4,0.1,3,real,gradual,894,0.1414213562373095,0.6,False,medium,fast,real/gradual/K=3/medium/fast/partial/balanced/noisy,-0.020526315789473726,0.04773684210526319,minority_share,0.25
scn-5acb1de02681,2,PageHinkley-up,0.8287894736842105,0.0366038329998446,3,3.0,3.0,3.0,0.0,0.0,0.0,1.0,1.0,1.0,0.0,1433.0,1314.0,inf,10318.0,inf,7.200279134682484,0.0,10318.0,hyperplane_gauss,20000,20,0.4,0.1,3,real,gradual,894,0.1414213562373095,0.6,False,medium,fast,real/gradual/K=3/medium/fast/partial/balanced/noisy,0.020315789473684176,0.006894736842105287,minority_share,0.25
scn-5acb1de02681,2,DDM,0.8276842105263158,0.037158857000122225,3,3.0,3.0,3.0,0.0,0.0,0.0,1.0,1.0,1.0,0.0,1320.3333333333333,1234.0,inf,10318.0,inf,7.814693259277961,0.0,10318.0,hyperplane_gauss,20000,20,0.4,0.1,3,real,gradual,894,0.1414213562373095,0.6,False,medium,fast,real/gradual/K=3/medium/fast/partial/balanced/noisy,0.019210526315789456,0.008000000000000007,minority_share,0.25
scn-5acb1de02681,2,EDDM,0.8081052631578948,0.03211348700006056,1,3.0,1.0,0.0,3.0,1.0,0.0,0.0,0.0,0.0,1.0,,,10318.0,10318.0,,,0.09691800736576855,10318.0,hyperplane_gauss,20000,20,0.4,0.1,3,real,gradual,894,0.1414213562373095,0.6,False,medium,fast,real/gradual/K=3/medium/fast/partial/balanced/noisy,-0.00036842105263157343,0.027578947368421036,minority_share,0.25
scn-5acb1de02681,2,HDDM_A,0.8263157894736842,0.08120681800028251,1,3.0,1.0,1.0,2.0,0.0,0.0,1.0,0.3333333333333333,0.5,0.6666666666666667,1401.0,1401.0,inf,10318.0,inf,2.454913157268617,0.0,10318.0,hyperplane_gauss,20000,20,0.4,0.1,3,real,gradual,894,0.1414213562373095,0.6,False,medium,fast,real/gradual/K=3/medium/fast/partial/balanced/noisy,0.01784210526315788,0.009368421052631581,minority_share,0.25
scn-5acb1de02681,2,HDDM_W,0.8296842105263158,0.07858285500014972,2,3.0,2.0,2.0,1.0,0.0,0.0,1.0,0.6666666666666666,0.8,0.33333333333333337,1041.5,1041.5,inf,10318.0,inf,6.604576732277164,0.0,10318.0,hyperplane_gauss,20000,20,0.4,0.1,3,real,gradual,894,0.1414213562373095,0.6,False,medium,fast,real/gradual/K=3/medium/fast/partial/balanced/noisy,0.021210526315789457,0.006000000000000005,minority_share,0.25
scn-5acb1de02681,2,FHDDM,0.8235789473684211,0.03489982399969449,2,3.0,2.0,1.0,2.0,1.0,0.0,0.5,0.3333333333333333,0.4,0.6666666666666667,1331.0,1331.0,10318.0,10318.0,2.584022038567493,2.584022038567493,0.09691800736576855,10318.0,hyperplane_gauss,20000,20,0.4,0.1,3,real,gradual,894,0.1414213562373095,0.6,False,medium,fast,real/gradual/K=3/medium/fast/partial/balanced/noisy,0.015105263157894733,0.01210526315789473,minority_share,0.25
scn-5acb1de02681,2,NoDrift,0.8084736842105263,0.024770743000317452,0,3.0,0.0,0.0,3.0,0.0,0.0,,0.0,0.0,1.0,,,inf,10318.0,,,0.0,10318.0,hyperplane_gauss,20000,20,0.4,0.1,3,real,gradual,894,0.1414213562373095,0.6,False,medium,fast,real/gradual/K=3/medium/fast/partial/balanced/noisy,0.0,0.027210526315789463,minority_share,0.25
scn-5acb1de02681,2,Periodic(2000),0.8005263157894736,0.027464284999950905,9,3.0,9.0,3.0,0.0,5.0,1.0,0.3333333333333333,1.0,0.5,0.0,1280.6666666666667,1614.0,2063.6,2063.6,1.6113482561166057,1.6113482561166057,0.4845900368288428,10318.0,hyperplane_gauss,20000,20,0.4,0.1,3,real,gradual,894,0.1414213562373095,0.6,False,medium,fast,real/gradual/K=3/medium/fast/partial/balanced/noisy,-0.007947368421052703,0.035157894736842166,minority_share,0.25
scn-5acb1de02681,2,Oracle,0.8356842105263158,0.031345714000053704,3,3.0,3.0,3.0,0.0,0.0,0.0,1.0,1.0,1.0,0.0,448.0,448.0,inf,10318.0,inf,23.03125,0.0,10318.0,hyperplane_gauss,20000,20,0.4,0.1,3,real,gradual,894,0.1414213562373095,0.6,False,medium,fast,real/gradual/K=3/medium/fast/partial/balanced/noisy,0.027210526315789463,-0.0,minority_share,0.25
scn-e655f7a82719,0,ADWIN,0.8059473684210526,0.030085836999660387,0,3.0,0.0,0.0,3.0,0.0,0.0,,0.0,0.0,1.0,,,inf,10318.0,,,0.0,10318.0,hyperplane_gauss,20000,20,0.2,0.1,3,real,gradual,894,0.1414213562373095,0.6,False,medium,fast,real/gradual/K=3/medium/fast/partial/imbalanced/noisy,0.0,0.01836842105263159,minority_share,0.75
scn-e655f7a82719,0,PageHinkley,0.8110526315789474,0.04429446199992526,1,3.0,1.0,0.0,3.0,1.0,0.0,0.0,0.0,0.0,1.0,,,10318.0,10318.0,,,0.09691800736576855,10318.0,hyperplane_gauss,20000,20,0.2,0.1,3,real,gradual,894,0.1414213562373095,0.6,False,medium,fast,real/gradual/K=3/medium/fast/partial/imbalanced/noisy,0.005105263157894724,0.013263157894736866,minority_share,0.75
scn-e655f7a82719,0,PageHinkley-up,0.8110526315789474,0.034837328999856254,1,3.0,1.0,0.0,3.0,1.0,0.0,0.0,0.0,0.0,1.0,,,10318.0,10318.0,,,0.09691800736576855,10318.0,hyperplane_gauss,20000,20,0.2,0.1,3,real,gradual,894,0.1414213562373095,0.6,False,medium,fast,real/gradual/K=3/medium/fast/partial/imbalanced/noisy,0.005105263157894724,0.013263157894736866,minority_share,0.75
scn-e655f7a82719,0,DDM,0.8059473684210526,0.03397836299973278,0,3.0,0.0,0.0,3.0,0.0,0.0,,0.0,0.0,1.0,,,inf,10318.0,,,0.0,10318.0,hyperplane_gauss,20000,20,0.2,0.1,3,real,gradual,894,0.1414213562373095,0.6,False,medium,fast,real/gradual/K=3/medium/fast/partial/imbalanced/noisy,0.0,0.01836842105263159,minority_share,0.75
scn-e655f7a82719,0,EDDM,0.8056842105263158,0.04119963299990559,5,3.0,5.0,0.0,3.0,5.0,0.0,0.0,0.0,0.0,1.0,,,2063.6,2063.6,,,0.4845900368288428,10318.0,hyperplane_gauss,20000,20,0.2,0.1,3,real,gradual,894,0.1414213562373095,0.6,False,medium,fast,real/gradual/K=3/medium/fast/partial/imbalanced/noisy,-0.000263157894736854,0.018631578947368443,minority_share,0.75
scn-e655f7a82719,0,HDDM_A,0.8059473684210526,0.07095021100030863,0,3.0,0.0,0.0,3.0,0.0,0.0,,0.0,0.0,1.0,,,inf,10318.0,,,0.0,10318.0,hyperplane_gauss,20000,20,0.2,0.1,3,real,gradual,894,0.1414213562373095,0.6,False,medium,fast,real/gradual/K=3/medium/fast/partial/imbalanced/noisy,0.0,0.01836842105263159,minority_share,0.75
scn-e655f7a82719,0,HDDM_W,0.8198947368421052,0.07939148499963267,2,3.0,2.0,2.0,1.0,0.0,0.0,1.0,0.6666666666666666,0.8,0.33333333333333337,576.0,576.0,inf,10318.0,inf,11.942129629629628,0.0,10318.0,hyperplane_gauss,20000,20,0.2,0.1,3,real,gradual,894,0.1414213562373095,0.6,False,medium,fast,real/gradual/K=3/medium/fast/partial/imbalanced/noisy,0.013947368421052597,0.004421052631578992,minority_share,0.75
scn-e655f7a82719,0,FHDDM,0.8059473684210526,0.03137709100019492,0,3.0,0.0,0.0,3.0,0.0,0.0,,0.0,0.0,1.0,,,inf,10318.0,,,0.0,10318.0,hyperplane_gauss,20000,20,0.2,0.1,3,real,gradual,894,0.1414213562373095,0.6,False,medium,fast,real/gradual/K=3/medium/fast/partial/imbalanced/noisy,0.0,0.01836842105263159,minority_share,0.75
scn-e655f7a82719,0,NoDrift,0.8059473684210526,0.025548630000230332,0,3.0,0.0,0.0,3.0,0.0,0.0,,0.0,0.0,1.0,,,inf,10318.0,,,0.0,10318.0,hyperplane_gauss,20000,20,0.2,0.1,3,real,gradual,894,0.1414213562373095,0.6,False,medium,fast,real/gradual/K=3/medium/fast/partial/imbalanced/noisy,0.0,0.01836842105263159,minority_share,0.75
scn-e655f7a82719,0,Periodic(2000),0.8098421052631579,0.02800151800011008,9,3.0,9.0,3.0,0.0,5.0,1.0,0.3333333333333333,1.0,0.5,0.0,1280.6666666666667,1614.0,2063.6,2063.6,1.6113482561166057,1.6113482561166057,0.4845900368288428,10318.0,hyperplane_gauss,20000,20,0.2,0.1,3,real,gradual,894,0.1414213562373095,0.6,False,medium,fast,real/gradual/K=3/medium/fast/partial/imbalanced/noisy,0.003894736842105284,0.014473684210526305,minority_share,0.75
scn-e655f7a82719,0,Oracle,0.8243157894736842,0.03189629100006641,3,3.0,3.0,3.0,0.0,0.0,0.0,1.0,1.0,1.0,0.0,448.0,448.0,inf,10318.0,inf,23.03125,0.0,10318.0,hyperplane_gauss,20000,20,0.2,0.1,3,real,gradual,894,0.1414213562373095,0.6,False,medium,fast,real/gradual/K=3/medium/fast/partial/imbalanced/noisy,0.01836842105263159,-0.0,minority_share,0.75
scn-e59124d87d8e,1,ADWIN,0.814,0.0305094199998166,1,3.0,1.0,1.0,2.0,0.0,0.0,1.0,0.3333333333333333,0.5,0.6666666666666667,2830.0,2830.0,inf,10318.0,inf,1.2153121319199054,0.0,10318.0,hyperplane_gauss,20000,20,0.2,0.1,3,real,gradual,894,0.1414213562373095,0.6,False,medium,fast,real/gradual/K=3/medium/fast/partial/imbalanced/noisy,0.0017368421052631478,0.01847368421052642,minority_share,0.75
scn-e59124d87d8e,1,PageHinkley,0.8201052631578948,0.03625777899969762,2,3.0,2.0,1.0,2.0,1.0,0.0,0.5,0.3333333333333333,0.4,0.6666666666666667,2375.0,2375.0,10318.0,10318.0,1.4481403508771926,1.4481403508771926,0.09691800736576855,10318.0,hyperplane_gauss,20000,20,0.2,0.1,3,real,gradual,894,0.1414213562373095,0.6,False,medium,fast,real/gradual/K=3/medium/fast/partial/imbalanced/noisy,0.007842105263157984,0.012368421052631584,minority_share,0.75
scn-e59124d87d8e,1,PageHinkley-up,0.8201052631578948,0.03563088999999309,2,3.0,2.0,1.0,2.0,1.0,0.0,0.5,0.3333333333333333,0.4,0.6666666666666667,2375.0,2375.0,10318.0,10318.0,1.4481403508771926,1.4481403508771926,0.09691800736576855,10318.0,hyperplane_gauss,20000,20,0.2,0.1,3,real,gradual,894,0.1414213562373095,0.6,False,medium,fast,real/gradual/K=3/medium/fast/partial/imbalanced/noisy,0.007842105263157984,0.012368421052631584,minority_share,0.75
scn-e59124d87d8e,1,DDM,0.8127894736842105,0.03571591999980228,1,3.0,1.0,0.0,3.0,1.0,0.0,0.0,0.0,0.0,1.0,,,10318.0,10318.0,,,0.09691800736576855,10318.0,hyperplane_gauss,20000,20,0.2,0.1,3,real,gradual,894,0.1414213562373095,0.6,False,medium,fast,real/gradual/K=3/medium/fast/partial/imbalanced/noisy,0.000526315789473708,0.01968421052631586,minority_share,0.75
scn-e59124d87d8e,1,EDDM,0.8116842105263158,0.03302608900003179,1,3.0,1.0,0.0,3.0,1.0,0.0,0.0,0.0,0.0,1.0,,,10318.0,10318.0,,,0.09691800736576855,10318.0,hyperplane_gauss,20000,20,0.2,0.1,3,real,gradual,894,0.1414213562373095,0.6,False,medium,fast,real/gradual/K=3/medium/fast/partial/imbalanced/noisy,-0.0005789473684210122,0.02078947368421058,minority_share,0.75
scn-e59124d87d8e,1,HDDM_A,0.8122631578947368,0.07068952600002376,0,3.0,0.0,0.0,3.0,0.0,0.0,,0.0,0.0,1.0,,,inf,10318.0,,,0.0,10318.0,hyperplane_gauss,20000,20,0.2,0.1,3,real,gradual,894,0.1414213562373095,0.6,False,medium,fast,real/gradual/K=3/medium/fast/partial/imbalanced/noisy,0.0,0.020210526315789568,minority_share,0.75
scn-e59124d87d8e,1,HDDM_W,0.8141052631578948,0.0745929210002032,1,3.0,1.0,1.0,2.0,0.0,0.0,1.0,0.3333333333333333,0.5,0.6666666666666667,2835.0,2835.0,inf,10318.0,inf,1.213168724279835,0.0,10318.0,hyperplane_gauss,20000,20,0.2,0.1,3,real,gradual,894,0.1414213562373095,0.6,False,medium,fast,real/gradual/K=3/medium/fast/partial/imbalanced/noisy,0.0018421052631579782,0.01836842105263159,minority_share,0.75
scn-e59124d87d8e,1,FHDDM,0.8176315789473684,0.033469028000126855,1,3.0,1.0,1.0,2.0,0.0,0.0,1.0,0.3333333333333333,0.5,0.6666666666666667,2007.0,2007.0,inf,10318.0,inf,1.7136688257764487,0.0,10318.0,hyperplane_gauss,20000,20,0.2,0.1,3,real,gradual,894,0.1414213562373095,0.6,False,medium,fast,real/gradual/K=3/medium/fast/partial/imbalanced/noisy,0.005368421052631578,0.01484210526315799,minority_share,0.75
scn-e59124d87d8e,1,NoDrift,0.8122631578947368,0.025730801000008796,0,3.0,0.0,0.0,3.0,0.0,0.0,,0.0,0.0,1.0,,,inf,10318.0,,,0.0,10318.0,hyperplane_gauss,20000,20,0.2,0.1,3,real,gradual,894,0.1414213562373095,0.6,False,medium,fast,real/gradual/K=3/medium/fast/partial/imbalanced/noisy,0.0,0.020210526315789568,minority_share,0.75
scn-e59124d87d8e,1,Periodic(2000),0.8185789473684211,0.027880054999968706,9,3.0,9.0,3.0,0.0,5.0,1.0,0.3333333333333333,1.0,0.5,0.0,1280.6666666666667,1614.0,2063.6,2063.6,1.6113482561166057,1.6113482561166057,0.4845900368288428,10318.0,hyperplane_gauss,20000,20,0.2,0.1,3,real,gradual,894,0.1414213562373095,0.6,False,medium,fast,real/gradual/K=3/medium/fast/partial/imbalanced/noisy,0.006315789473684275,0.013894736842105293,minority_share,0.75
scn-e59124d87d8e,1,Oracle,0.8324736842105264,0.03200088299990966,3,3.0,3.0,3.0,0.0,0.0,0.0,1.0,1.0,1.0,0.0,448.0,448.0,inf,10318.0,inf,23.03125,0.0,10318.0,hyperplane_gauss,20000,20,0.2,0.1,3,real,gradual,894,0.1414213562373095,0.6,False,medium,fast,real/gradual/K=3/medium/fast/partial/imbalanced/noisy,0.020210526315789568,-0.0,minority_share,0.75
scn-1609ac73f981,2,ADWIN,0.8148947368421052,0.03385383199974967,3,3.0,3.0,2.0,1.0,0.0,1.0,0.6666666666666666,0.6666666666666666,0.6666666666666666,0.33333333333333337,1436.5,1436.5,inf,10318.0,inf,4.7884905441466525,0.0,10318.0,hyperplane_gauss,20000,20,0.2,0.1,3,real,gradual,894,0.1414213562373095,0.6,False,medium,fast,real/gradual/K=3/medium/fast/partial/imbalanced/noisy,0.011684210526315741,0.013736842105263158,minority_share,0.75
scn-1609ac73f981,2,PageHinkley,0.8083157894736842,0.043643658999826584,8,3.0,8.0,2.0,1.0,5.0,1.0,0.25,0.6666666666666666,0.36363636363636365,0.33333333333333337,1071.0,1071.0,2063.6,2063.6,1.2845315904139432,1.2845315904139432,0.4845900368288428,10318.0,hyperplane_gauss,20000,20,0.2,0.1,3,real,gradual,894,0.1414213562373095,0.6,False,medium,fast,real/gradual/K=3/medium/fast/partial/imbalanced/noisy,0.005105263157894724,0.020315789473684176,minority_share,0.75
scn-1609ac73f981,2,PageHinkley-up,0.8242105263157895,0.03631503300039185,3,3.0,3.0,3.0,0.0,0.0,0.0,1.0,1.0,1.0,0.0,1447.0,1329.0,inf,10318.0,inf,7.130615065653076,0.0,10318.0,hyperplane_gauss,20000,20,0.2,0.1,3,real,gradual,894,0.1414213562373095,0.6,False,medium,fast,real/gradual/K=3/medium/fast/partial/imbalanced/noisy,0.02100000000000002,0.004421052631578881,minority_share,0.75
scn-1609ac73f981,2,DDM,0.821,0.03606743000000279,3,3.0,3.0,3.0,0.0,0.0,0.0,1.0,1.0,1.0,0.0,1558.6666666666667,1572.0,inf,10318.0,inf,6.619760479041916,0.0,10318.0,hyperplane_gauss,20000,20,0.2,0.1,3,real,gradual,894,0.1414213562373095,0.6,False,medium,fast,real/gradual/K=3/medium/fast/partial/imbalanced/noisy,0.017789473684210466,0.007631578947368434,minority_share,0.75
scn-1609ac73f981,2,EDDM,0.8041578947368421,0.03250535999995918,1,3.0,1.0,0.0,3.0,1.0,0.0,0.0,0.0,0.0,1.0,,,10318.0,10318.0,,,0.09691800736576855,10318.0,hyperplane_gauss,20000,20,0.2,0.1,3,real,gradual,894,0.1414213562373095,0.6,False,medium,fast,real/gradual/K=3/medium/fast/partial/imbalanced/noisy,0.0009473684210525857,0.024473684210526314,minority_share,0.75
scn-1609ac73f981,2,HDDM_A,0.8032105263157895,0.0706816440001603,0,3.0,0.0,0.0,3.0,0.0,0.0,,0.0,0.0,1.0,,,inf,10318.0,,,0.0,10318.0,hyperplane_gauss,20000,20,0.2,0.1,3,real,gradual,894,0.1414213562373095,0.6,False,medium,fast,real/gradual/K=3/medium/fast/partial/imbalanced/noisy,0.0,0.0254210526315789,minority_share,0.75
scn-1609ac73f981,2,HDDM_W,0.8144736842105263,0.07952495400013504,2,3.0,2.0,1.0,2.0,1.0,0.0,0.5,0.3333333333333333,0.4,0.6666666666666667,1204.0,1204.0,10318.0,10318.0,2.856589147286821,2.856589147286821,0.09691800736576855,10318.0,hyperplane_gauss,20000,20,0.2,0.1,3,real,gradual,894,0.1414213562373095,0.6,False,medium,fast,real/gradual/K=3/medium/fast/partial/imbalanced/noisy,0.011263157894736864,0.014157894736842036,minority_share,0.75
scn-1609ac73f981,2,FHDDM,0.8217894736842105,0.03413885800000571,3,3.0,3.0,3.0,0.0,0.0,0.0,1.0,1.0,1.0,0.0,1587.3333333333333,1213.0,inf,10318.0,inf,6.500209995800084,0.0,10318.0,hyperplane_gauss,20000,20,0.2,0.1,3,real,gradual,894,0.1414213562373095,0.6,False,medium,fast,real/gradual/K=3/medium/fast/partial/imbalanced/noisy,0.018578947368421028,0.006842105263157872,minority_share,0.75
scn-1609ac73f981,2,NoDrift,0.8032105263157895,0.025033097000232374,0,3.0,0.0,0.0,3.0,0.0,0.0,,0.0,0.0,1.0,,,inf,10318.0,,,0.0,10318.0,hyperplane_gauss,20000,20,0.2,0.1,3,real,gradual,894,0.1414213562373095,0.6,False,medium,fast,real/gradual/K=3/medium/fast/partial/imbalanced/noisy,0.0,0.0254210526315789,minority_share,0.75
scn-1609ac73f981,2,Periodic(2000),0.8094210526315789,0.027505244000167295,9,3.0,9.0,3.0,0.0,5.0,1.0,0.3333333333333333,1.0,0.5,0.0,1280.6666666666667,1614.0,2063.6,2063.6,1.6113482561166057,1.6113482561166057,0.4845900368288428,10318.0,hyperplane_gauss,20000,20,0.2,0.1,3,real,gradual,894,0.1414213562373095,0.6,False,medium,fast,real/gradual/K=3/medium/fast/partial/imbalanced/noisy,0.006210526315789444,0.019210526315789456,minority_share,0.75
scn-1609ac73f981,2,Oracle,0.8286315789473684,0.03140490000032514,3,3.0,3.0,3.0,0.0,0.0,0.0,1.0,1.0,1.0,0.0,448.0,448.0,inf,10318.0,inf,23.03125,0.0,10318.0,hyperplane_gauss,20000,20,0.2,0.1,3,real,gradual,894,0.1414213562373095,0.6,False,medium,fast,real/gradual/K=3/medium/fast/partial/imbalanced/noisy,0.0254210526315789,-0.0,minority_share,0.75
scn-f5038bb6f138,0,ADWIN,0.8235789473684211,0.029282092999892484,0,3.0,0.0,0.0,3.0,0.0,0.0,,0.0,0.0,1.0,,,inf,10318.0,,,0.0,10318.0,hyperplane_gauss,20000,20,0.1,0.1,3,real,gradual,894,0.1414213562373095,0.6,False,medium,fast,real/gradual/K=3/medium/fast/partial/imbalanced/noisy,0.0,0.010736842105263156,minority_share,1.0
scn-f5038bb6f138,0,PageHinkley,0.8279473684210527,0.037635233999935735,1,3.0,1.0,1.0,2.0,0.0,0.0,1.0,0.3333333333333333,0.5,0.6666666666666667,645.0,645.0,inf,10318.0,inf,5.332299741602066,0.0,10318.0,hyperplane_gauss,20000,20,0.1,0.1,3,real,gradual,894,0.1414213562373095,0.6,False,medium,fast,real/gradual/K=3/medium/fast/partial/imbalanced/noisy,0.004368421052631577,0.006368421052631579,minority_share,1.0
scn-f5038bb6f138,0,PageHinkley-up,0.8279473684210527,0.03451991499969154,1,3.0,1.0,1.0,2.0,0.0,0.0,1.0,0.3333333333333333,0.5,0.6666666666666667,645.0,645.0,inf,10318.0,inf,5.332299741602066,0.0,10318.0,hyperplane_gauss,20000,20,0.1,0.1,3,real,gradual,894,0.1414213562373095,0.6,False,medium,fast,real/gradual/K=3/medium/fast/partial/imbalanced/noisy,0.004368421052631577,0.006368421052631579,minority_share,1.0
scn-f5038bb6f138,0,DDM,0.8235789473684211,0.03394878500012055,0,3.0,0.0,0.0,3.0,0.0,0.0,,0.0,0.0,1.0,,,inf,10318.0,,,0.0,10318.0,hyperplane_gauss,20000,20,0.1,0.1,3,real,gradual,894,0.1414213562373095,0.6,False,medium,fast,real/gradual/K=3/medium/fast/partial/imbalanced/noisy,0.0,0.010736842105263156,minority_share,1.0
scn-f5038bb6f138,0,EDDM,0.8256315789473684,0.07193805399992925,19,3.0,19.0,2.0,1.0,14.0,3.0,0.10526315789473684,0.6666666666666666,0.18181818181818182,0.33333333333333337,90.0,90.0,737.0,737.0,5.459259259259259,5.459259259259259,1.3568521031207599,10318.0,hyperplane_gauss,20000,20,0.1,0.1,3,real,gradual,894,0.1414213562373095,0.6,False,medium,fast,real/gradual/K=3/medium/fast/partial/imbalanced/noisy,0.002052631578947306,0.00868421052631585,minority_share,1.0
scn-f5038bb6f138,0,HDDM_A,0.8235789473684211,0.07158744800017303,0,3.0,0.0,0.0,3.0,0.0,0.0,,0.0,0.0,1.0,,,inf,10318.0,,,0.0,10318.0,hyperplane_gauss,20000,20,0.1,0.1,3,real,gradual,894,0.1414213562373095,0.6,False,medium,fast,real/gradual/K=3/medium/fast/partial/imbalanced/noisy,0.0,0.010736842105263156,minority_share,1.0
scn-f5038bb6f138,0,HDDM_W,0.8276842105263158,0.0788951550002821,1,3.0,1.0,1.0,2.0,0.0,0.0,1.0,0.3333333333333333,0.5,0.6666666666666667,463.0,463.0,inf,10318.0,inf,7.428365730741539,0.0,10318.0,hyperplane_gauss,20000,20,0.1,0.1,3,real,gradual,894,0.1414213562373095,0.6,False,medium,fast,real/gradual/K=3/medium/fast/partial/imbalanced/noisy,0.004105263157894723,0.006631578947368433,minority_share,1.0
scn-f5038bb6f138,0,FHDDM,0.8235789473684211,0.031382347000089794,0,3.0,0.0,0.0,3.0,0.0,0.0,,0.0,0.0,1.0,,,inf,10318.0,,,0.0,10318.0,hyperplane_gauss,20000,20,0.1,0.1,3,real,gradual,894,0.1414213562373095,0.6,False,medium,fast,real/gradual/K=3/medium/fast/partial/imbalanced/noisy,0.0,0.010736842105263156,minority_share,1.0
scn-f5038bb6f138,0,NoDrift,0.8235789473684211,0.025097762999848783,0,3.0,0.0,0.0,3.0,0.0,0.0,,0.0,0.0,1.0,,,inf,10318.0,,,0.0,10318.0,hyperplane_gauss,20000,20,0.1,0.1,3,real,gradual,894,0.1414213562373095,0.6,False,medium,fast,real/gradual/K=3/medium/fast/partial/imbalanced/noisy,0.0,0.010736842105263156,minority_share,1.0
scn-f5038bb6f138,0,Periodic(2000),0.8298947368421052,0.027796550999937608,9,3.0,9.0,3.0,0.0,5.0,1.0,0.3333333333333333,1.0,0.5,0.0,1280.6666666666667,1614.0,2063.6,2063.6,1.6113482561166057,1.6113482561166057,0.4845900368288428,10318.0,hyperplane_gauss,20000,20,0.1,0.1,3,real,gradual,894,0.1414213562373095,0.6,False,medium,fast,real/gradual/K=3/medium/fast/partial/imbalanced/noisy,0.0063157894736841635,0.004421052631578992,minority_share,1.0
scn-f5038bb6f138,0,Oracle,0.8343157894736842,0.031513882000126614,3,3.0,3.0,3.0,0.0,0.0,0.0,1.0,1.0,1.0,0.0,448.0,448.0,inf,10318.0,inf,23.03125,0.0,10318.0,hyperplane_gauss,20000,20,0.1,0.1,3,real,gradual,894,0.1414213562373095,0.6,False,medium,fast,real/gradual/K=3/medium/fast/partial/imbalanced/noisy,0.010736842105263156,-0.0,minority_share,1.0
scn-5c1fbabef1d5,1,ADWIN,0.8335789473684211,0.029980141000123695,0,3.0,0.0,0.0,3.0,0.0,0.0,,0.0,0.0,1.0,,,inf,10318.0,,,0.0,10318.0,hyperplane_gauss,20000,20,0.1,0.1,3,real,gradual,894,0.1414213562373095,0.6,False,medium,fast,real/gradual/K=3/medium/fast/partial/imbalanced/noisy,0.0,0.0084736842105263,minority_share,1.0
scn-5c1fbabef1d5,1,PageHinkley,0.8335789473684211,0.0350844870004039,0,3.0,0.0,0.0,3.0,0.0,0.0,,0.0,0.0,1.0,,,inf,10318.0,,,0.0,10318.0,hyperplane_gauss,20000,20,0.1,0.1,3,real,gradual,894,0.1414213562373095,0.6,False,medium,fast,real/gradual/K=3/medium/fast/partial/imbalanced/noisy,0.0,0.0084736842105263,minority_share,1.0
scn-5c1fbabef1d5,1,PageHinkley-up,0.8335789473684211,0.03465828199978205,0,3.0,0.0,0.0,3.0,0.0,0.0,,0.0,0.0,1.0,,,inf,10318.0,,,0.0,10318.0,hyperplane_gauss,20000,20,0.1,0.1,3,real,gradual,894,0.1414213562373095,0.6,False,medium,fast,real/gradual/K=3/medium/fast/partial/imbalanced/noisy,0.0,0.0084736842105263,minority_share,1.0
scn-5c1fbabef1d5,1,DDM,0.8338421052631579,0.03669568200029971,1,3.0,1.0,0.0,3.0,1.0,0.0,0.0,0.0,0.0,1.0,,,10318.0,10318.0,,,0.09691800736576855,10318.0,hyperplane_gauss,20000,20,0.1,0.1,3,real,gradual,894,0.1414213562373095,0.6,False,medium,fast,real/gradual/K=3/medium/fast/partial/imbalanced/noisy,0.000263157894736854,0.008210526315789446,minority_share,1.0
scn-5c1fbabef1d5,1,EDDM,0.833,0.03491068399989672,2,3.0,2.0,0.0,3.0,2.0,0.0,0.0,0.0,0.0,1.0,,,5159.0,5159.0,,,0.1938360147315371,10318.0,hyperplane_gauss,20000,20,0.1,0.1,3,real,gradual,894,0.1414213562373095,0.6,False,medium,fast,real/gradual/K=3/medium/fast/partial/imbalanced/noisy,-0.0005789473684211233,0.009052631578947423,minority_share,1.0
scn-5c1fbabef1d5,1,HDDM_A,0.8335789473684211,0.07098549800002729,0,3.0,0.0,0.0,3.0,0.0,0.0,,0.0,0.0,1.0,,,inf,10318.0,,,0.0,10318.0,hyperplane_gauss,20000,20,0.1,0.1,3,real,gradual,894,0.1414213562373095,0.6,False,medium,fast,real/gradual/K=3/medium/fast/partial/imbalanced/noisy,0.0,0.0084736842105263,minority_share,1.0
scn-5c1fbabef1d5,1,HDDM_W,0.8335789473684211,0.07446695700036798,0,3.0,0.0,0.0,3.0,0.0,0.0,,0.0,0.0,1.0,,,inf,10318.0,,,0.0,10318.0,hyperplane_gauss,20000,20,0.1,0.1,3,real,gradual,894,0.1414213562373095,0.6,False,medium,fast,real/gradual/K=3/medium/fast/partial/imbalanced/noisy,0.0,0.0084736842105263,minority_share,1.0
scn-5c1fbabef1d5,1,FHDDM,0.8335789473684211,0.03202526399991257,0,3.0,0.0,0.0,3.0,0.0,0.0,,0.0,0.0,1.0,,,inf,10318.0,,,0.0,10318.0,hyperplane_gauss,20000,20,0.1,0.1,3,real,gradual,894,0.1414213562373095,0.6,False,medium,fast,real/gradual/K=3/medium/fast/partial/imbalanced/noisy,0.0,0.0084736842105263,minority_share,1.0
scn-5c1fbabef1d5,1,NoDrift,0.8335789473684211,0.02632716400012214,0,3.0,0.0,0.0,3.0,0.0,0.0,,0.0,0.0,1.0,,,inf,10318.0,,,0.0,10318.0,hyperplane_gauss,20000,20,0.1,0.1,3,real,gradual,894,0.1414213562373095,0.6,False,medium,fast,real/gradual/K=3/medium/fast/partial/imbalanced/noisy,0.0,0.0084736842105263,minority_share,1.0
scn-5c1fbabef1d5,1,Periodic(2000),0.8366315789473684,0.028548704000058933,9,3.0,9.0,3.0,0.0,5.0,1.0,0.3333333333333333,1.0,0.5,0.0,1280.6666666666667,1614.0,2063.6,2063.6,1.6113482561166057,1.6113482561166057,0.4845900368288428,10318.0,hyperplane_gauss,20000,20,0.1,0.1,3,real,gradual,894,0.1414213562373095,0.6,False,medium,fast,real/gradual/K=3/medium/fast/partial/imbalanced/noisy,0.003052631578947307,0.005421052631578993,minority_share,1.0
scn-5c1fbabef1d5,1,Oracle,0.8420526315789474,0.03221254299978682,3,3.0,3.0,3.0,0.0,0.0,0.0,1.0,1.0,1.0,0.0,448.0,448.0,inf,10318.0,inf,23.03125,0.0,10318.0,hyperplane_gauss,20000,20,0.1,0.1,3,real,gradual,894,0.1414213562373095,0.6,False,medium,fast,real/gradual/K=3/medium/fast/partial/imbalanced/noisy,0.0084736842105263,-0.0,minority_share,1.0
scn-324b5a7eabb4,2,ADWIN,0.8301052631578948,0.03216939000003549,1,3.0,1.0,1.0,2.0,0.0,0.0,1.0,0.3333333333333333,0.5,0.6666666666666667,1611.0,1611.0,inf,10318.0,inf,2.134905855576246,0.0,10318.0,hyperplane_gauss,20000,20,0.1,0.1,3,real,gradual,894,0.1414213562373095,0.6,False,medium,fast,real/gradual/K=3/medium/fast/partial/imbalanced/noisy,0.004894736842105285,0.0129999999999999,minority_share,1.0
scn-324b5a7eabb4,2,PageHinkley,0.8315263157894737,0.04049990199973763,4,3.0,4.0,1.0,2.0,3.0,0.0,0.25,0.3333333333333333,0.28571428571428575,0.6666666666666667,1953.0,1953.0,3439.3333333333335,3439.3333333333335,0.5870171246515331,0.5870171246515331,0.29075402209730566,10318.0,hyperplane_gauss,20000,20,0.1,0.1,3,real,gradual,894,0.1414213562373095,0.6,False,medium,fast,real/gradual/K=3/medium/fast/partial/imbalanced/noisy,0.0063157894736841635,0.011578947368421022,minority_share,1.0
scn-324b5a7eabb4,2,PageHinkley-up,0.8393157894736842,0.039933298000050854,3,3.0,3.0,3.0,0.0,0.0,0.0,1.0,1.0,1.0,0.0,1452.6666666666667,1211.0,inf,10318.0,inf,7.102799449288664,0.0,10318.0,hyperplane_gauss,20000,20,0.1,0.1,3,real,gradual,894,0.1414213562373095,0.6,False,medium,fast,real/gradual/K=3/medium/fast/partial/imbalanced/noisy,0.014105263157894732,0.0037894736842104537,minority_share,1.0
scn-324b5a7eabb4,2,DDM,0.837,0.0387832299998081,3,3.0,3.0,3.0,0.0,0.0,0.0,1.0,1.0,1.0,0.0,1621.0,1727.0,inf,10318.0,inf,6.365206662553979,0.0,10318.0,hyperplane_gauss,20000,20,0.1,0.1,3,real,gradual,894,0.1414213562373095,0.6,False,medium,fast,real/gradual/K=3/medium/fast/partial/imbalanced/noisy,0.01178947368421046,0.006105263157894725,minority_share,1.0
scn-324b5a7eabb4,2,EDDM,0.8258947368421052,0.05094644700011486,9,3.0,9.0,1.0,2.0,1.0,7.0,0.1111111111111111,0.3333333333333333,0.16666666666666666,0.6666666666666667,863.0,863.0,10318.0,10318.0,3.9853225183468513,3.9853225183468513,0.09691800736576855,10318.0,hyperplane_gauss,20000,20,0.1,0.1,3,real,gradual,894,0.1414213562373095,0.6,False,medium,fast,real/gradual/K=3/medium/fast/partial/imbalanced/noisy,0.0006842105263157316,0.017210526315789454,minority_share,1.0
scn-324b5a7eabb4,2,HDDM_A,0.8252105263157895,0.0691623179995986,0,3.0,0.0,0.0,3.0,0.0,0.0,,0.0,0.0,1.0,,,inf,10318.0,,,0.0,10318.0,hyperplane_gauss,20000,20,0.1,0.1,3,real,gradual,894,0.1414213562373095,0.6,False,medium,fast,real/gradual/K=3/medium/fast/partial/imbalanced/noisy,0.0,0.017894736842105186,minority_share,1.0
scn-324b5a7eabb4,2,HDDM_W,0.8311578947368421,0.07789399600005709,1,3.0,1.0,1.0,2.0,0.0,0.0,1.0,0.3333333333333333,0.5,0.6666666666666667,1212.0,1212.0,inf,10318.0,inf,2.8377337733773373,0.0,10318.0,hyperplane_gauss,20000,20,0.1,0.1,3,real,gradual,894,0.1414213562373095,0.6,False,medium,fast,real/gradual/K=3/medium/fast/partial/imbalanced/noisy,0.00594736842105259,0.011947368421052595,minority_share,1.0
scn-324b5a7eabb4,2,FHDDM,0.8310526315789474,0.03432815199994366,1,3.0,1.0,1.0,2.0,0.0,0.0,1.0,0.3333333333333333,0.5,0.6666666666666667,1262.0,1262.0,inf,10318.0,inf,2.725303750660327,0.0,10318.0,hyperplane_gauss,20000,20,0.1,0.1,3,real,gradual,894,0.1414213562373095,0.6,False,medium,fast,real/gradual/K=3/medium/fast/partial/imbalanced/noisy,0.005842105263157871,0.012052631578947315,minority_share,1.0
scn-324b5a7eabb4,2,NoDrift,0.8252105263157895,0.02572136499975386,0,3.0,0.0,0.0,3.0,0.0,0.0,,0.0,0.0,1.0,,,inf,10318.0,,,0.0,10318.0,hyperplane_gauss,20000,20,0.1,0.1,3,real,gradual,894,0.1414213562373095,0.6,False,medium,fast,real/gradual/K=3/medium/fast/partial/imbalanced/noisy,0.0,0.017894736842105186,minority_share,1.0
scn-324b5a7eabb4,2,Periodic(2000),0.8326315789473684,0.027946906000124727,9,3.0,9.0,3.0,0.0,5.0,1.0,0.3333333333333333,1.0,0.5,0.0,1280.6666666666667,1614.0,2063.6,2063.6,1.6113482561166057,1.6113482561166057,0.4845900368288428,10318.0,hyperplane_gauss,20000,20,0.1,0.1,3,real,gradual,894,0.1414213562373095,0.6,False,medium,fast,real/gradual/K=3/medium/fast/partial/imbalanced/noisy,0.007421052631578884,0.010473684210526302,minority_share,1.0
scn-324b5a7eabb4,2,Oracle,0.8431052631578947,0.03159983100022146,3,3.0,3.0,3.0,0.0,0.0,0.0,1.0,1.0,1.0,0.0,448.0,448.0,inf,10318.0,inf,23.03125,0.0,10318.0,hyperplane_gauss,20000,20,0.1,0.1,3,real,gradual,894,0.1414213562373095,0.6,False,medium,fast,real/gradual/K=3/medium/fast/partial/imbalanced/noisy,0.017894736842105186,-0.0,minority_share,1.0
