scenario_id,seed,detector,accuracy,runtime_s,n_resets,n_events,n_detections,tp,fn,fp_out,fp_red,precision,recall,f1,mdr,mtd,median_delay,mtfa,mtfa_capped,mtr,mtr_capped,far,t_stable,family,n,d,pi0,eta,K,kind,form,width,magnitude,alpha,recurring,severity,speed,signature,delta_accuracy,oracle_gap
scn-8fc6c99986d3,2027,ADWIN,0.9464210526315789,0.014416298000014649,3,3.0,3.0,3.0,0.0,0.0,0.0,1.0,1.0,1.0,0.0,385.6666666666667,490.0,inf,13000.0,inf,33.70786516853932,0.0,13000.0,river:SEA,20000,3,0.5,0.0,3,real,sudden,0,,1.0,False,n/a,abrupt,real/sudden/K=3/n/a/abrupt/global/balanced/clean,0.039105263157894754,0.0057894736842105665
scn-8fc6c99986d3,2027,KSWIN,0.9073157894736842,4.075672532999761,0,3.0,0.0,0.0,3.0,0.0,0.0,,0.0,0.0,1.0,,,inf,13000.0,,,0.0,13000.0,river:SEA,20000,3,0.5,0.0,3,real,sudden,0,,1.0,False,n/a,abrupt,real/sudden/K=3/n/a/abrupt/global/balanced/clean,0.0,0.04489473684210532
scn-8fc6c99986d3,2027,PageHinkley,0.9422631578947368,0.019354177999957756,3,3.0,3.0,3.0,0.0,0.0,0.0,1.0,1.0,1.0,0.0,648.3333333333334,646.0,inf,13000.0,inf,20.051413881748072,0.0,13000.0,river:SEA,20000,3,0.5,0.0,3,real,sudden,0,,1.0,False,n/a,abrupt,real/sudden/K=3/n/a/abrupt/global/balanced/clean,0.034947368421052616,0.009947368421052705
scn-8fc6c99986d3,2027,PageHinkley-up,0.9422631578947368,0.018741063000106806,3,3.0,3.0,3.0,0.0,0.0,0.0,1.0,1.0,1.0,0.0,648.3333333333334,646.0,inf,13000.0,inf,20.051413881748072,0.0,13000.0,river:SEA,20000,3,0.5,0.0,3,real,sudden,0,,1.0,False,n/a,abrupt,real/sudden/K=3/n/a/abrupt/global/balanced/clean,0.034947368421052616,0.009947368421052705
scn-8fc6c99986d3,2027,DDM,0.945,0.018754103999981453,3,3.0,3.0,3.0,0.0,0.0,0.0,1.0,1.0,1.0,0.0,393.0,474.0,inf,13000.0,inf,33.07888040712468,0.0,13000.0,river:SEA,20000,3,0.5,0.0,3,real,sudden,0,,1.0,False,n/a,abrupt,real/sudden/K=3/n/a/abrupt/global/balanced/clean,0.037684210526315765,0.007210526315789556
scn-8fc6c99986d3,2027,EDDM,0.9420526315789474,0.017478850999850692,10,3.0,10.0,3.0,0.0,4.0,3.0,0.3,1.0,0.4615384615384615,0.0,311.3333333333333,189.0,3250.0,3250.0,10.4389721627409,10.4389721627409,0.3076923076923077,13000.0,river:SEA,20000,3,0.5,0.0,3,real,sudden,0,,1.0,False,n/a,abrupt,real/sudden/K=3/n/a/abrupt/global/balanced/clean,0.03473684210526318,0.010157894736842144
scn-8fc6c99986d3,2027,HDDM_A,0.933,0.08437140800015186,2,3.0,2.0,2.0,1.0,0.0,0.0,1.0,0.6666666666666666,0.8,0.33333333333333337,1283.5,1283.5,inf,13000.0,inf,6.752369822101025,0.0,13000.0,river:SEA,20000,3,0.5,0.0,3,real,sudden,0,,1.0,False,n/a,abrupt,real/sudden/K=3/n/a/abrupt/global/balanced/clean,0.025684210526315865,0.019210526315789456
scn-8fc6c99986d3,2027,HDDM_W,0.9073157894736842,0.056376611000359844,0,3.0,0.0,0.0,3.0,0.0,0.0,,0.0,0.0,1.0,,,inf,13000.0,,,0.0,13000.0,river:SEA,20000,3,0.5,0.0,3,real,sudden,0,,1.0,False,n/a,abrupt,real/sudden/K=3/n/a/abrupt/global/balanced/clean,0.0,0.04489473684210532
scn-8fc6c99986d3,2027,FHDDM,0.9073157894736842,0.014956440999867482,0,3.0,0.0,0.0,3.0,0.0,0.0,,0.0,0.0,1.0,,,inf,13000.0,,,0.0,13000.0,river:SEA,20000,3,0.5,0.0,3,real,sudden,0,,1.0,False,n/a,abrupt,real/sudden/K=3/n/a/abrupt/global/balanced/clean,0.0,0.04489473684210532
scn-8fc6c99986d3,2027,NoDrift,0.9073157894736842,0.009210269000050175,0,3.0,0.0,0.0,3.0,0.0,0.0,,0.0,0.0,1.0,,,inf,13000.0,,,0.0,13000.0,river:SEA,20000,3,0.5,0.0,3,real,sudden,0,,1.0,False,n/a,abrupt,real/sudden/K=3/n/a/abrupt/global/balanced/clean,0.0,0.04489473684210532
scn-8fc6c99986d3,2027,Periodic(2000),0.9375789473684211,0.00999515200010137,9,3.0,9.0,3.0,0.0,6.0,0.0,0.3333333333333333,1.0,0.5,0.0,1500.3333333333333,1500.0,2166.6666666666665,2166.6666666666665,1.4441235281048657,1.4441235281048657,0.46153846153846156,13000.0,river:SEA,20000,3,0.5,0.0,3,real,sudden,0,,1.0,False,n/a,abrupt,real/sudden/K=3/n/a/abrupt/global/balanced/clean,0.03026315789473688,0.01463157894736844
scn-8fc6c99986d3,2027,Oracle,0.9522105263157895,0.011344778999955452,3,3.0,3.0,3.0,0.0,0.0,0.0,1.0,1.0,1.0,0.0,1.0,1.0,inf,13000.0,inf,13000.0,0.0,13000.0,river:SEA,20000,3,0.5,0.0,3,real,sudden,0,,1.0,False,n/a,abrupt,real/sudden/K=3/n/a/abrupt/global/balanced/clean,0.04489473684210532,-0.0
scn-8fc6c99986d3,2028,ADWIN,0.9366315789473684,0.014532740999584348,2,3.0,2.0,2.0,1.0,0.0,0.0,1.0,0.6666666666666666,0.8,0.33333333333333337,476.5,476.5,inf,13000.0,inf,18.18817768450507,0.0,13000.0,river:SEA,20000,3,0.5,0.0,3,real,sudden,0,,1.0,False,n/a,abrupt,real/sudden/K=3/n/a/abrupt/global/balanced/clean,0.032842105263157895,0.007736842105263153
scn-8fc6c99986d3,2028,KSWIN,0.9037894736842105,4.091315042999668,0,3.0,0.0,0.0,3.0,0.0,0.0,,0.0,0.0,1.0,,,inf,13000.0,,,0.0,13000.0,river:SEA,20000,3,0.5,0.0,3,real,sudden,0,,1.0,False,n/a,abrupt,real/sudden/K=3/n/a/abrupt/global/balanced/clean,0.0,0.04057894736842105
scn-8fc6c99986d3,2028,PageHinkley,0.9278421052631579,0.019712852999873576,3,3.0,3.0,1.0,2.0,2.0,0.0,0.3333333333333333,0.3333333333333333,0.3333333333333333,0.6666666666666667,830.0,830.0,6500.0,6500.0,2.6104417670682722,2.6104417670682722,0.15384615384615385,13000.0,river:SEA,20000,3,0.5,0.0,3,real,sudden,0,,1.0,False,n/a,abrupt,real/sudden/K=3/n/a/abrupt/global/balanced/clean,0.024052631578947437,0.01652631578947361
scn-8fc6c99986d3,2028,PageHinkley-up,0.9343157894736842,0.01875358799998139,2,3.0,2.0,2.0,1.0,0.0,0.0,1.0,0.6666666666666666,0.8,0.33333333333333337,678.5,678.5,inf,13000.0,inf,12.773274379759272,0.0,13000.0,river:SEA,20000,3,0.5,0.0,3,real,sudden,0,,1.0,False,n/a,abrupt,real/sudden/K=3/n/a/abrupt/global/balanced/clean,0.030526315789473735,0.010052631578947313
scn-8fc6c99986d3,2028,DDM,0.9388947368421052,0.018695229000059044,3,3.0,3.0,3.0,0.0,0.0,0.0,1.0,1.0,1.0,0.0,759.0,370.0,inf,13000.0,inf,17.127799736495387,0.0,13000.0,river:SEA,20000,3,0.5,0.0,3,real,sudden,0,,1.0,False,n/a,abrupt,real/sudden/K=3/n/a/abrupt/global/balanced/clean,0.03510526315789475,0.005473684210526297
scn-8fc6c99986d3,2028,EDDM,0.9360526315789474,0.016751605000081327,8,3.0,8.0,3.0,0.0,2.0,3.0,0.375,1.0,0.5454545454545454,0.0,648.3333333333334,374.0,6500.0,6500.0,10.025706940874036,10.025706940874036,0.15384615384615385,13000.0,river:SEA,20000,3,0.5,0.0,3,real,sudden,0,,1.0,False,n/a,abrupt,real/sudden/K=3/n/a/abrupt/global/balanced/clean,0.03226315789473688,0.008315789473684165
scn-8fc6c99986d3,2028,HDDM_A,0.9346315789473684,0.0894408439999097,2,3.0,2.0,2.0,1.0,0.0,0.0,1.0,0.6666666666666666,0.8,0.33333333333333337,853.0,853.0,inf,13000.0,inf,10.16021883548261,0.0,13000.0,river:SEA,20000,3,0.5,0.0,3,real,sudden,0,,1.0,False,n/a,abrupt,real/sudden/K=3/n/a/abrupt/global/balanced/clean,0.030842105263157893,0.009736842105263155
scn-8fc6c99986d3,2028,HDDM_W,0.9037894736842105,0.05753640800003268,0,3.0,0.0,0.0,3.0,0.0,0.0,,0.0,0.0,1.0,,,inf,13000.0,,,0.0,13000.0,river:SEA,20000,3,0.5,0.0,3,real,sudden,0,,1.0,False,n/a,abrupt,real/sudden/K=3/n/a/abrupt/global/balanced/clean,0.0,0.04057894736842105
scn-8fc6c99986d3,2028,FHDDM,0.9037894736842105,0.015267235999999684,0,3.0,0.0,0.0,3.0,0.0,0.0,,0.0,0.0,1.0,,,inf,13000.0,,,0.0,13000.0,river:SEA,20000,3,0.5,0.0,3,real,sudden,0,,1.0,False,n/a,abrupt,real/sudden/K=3/n/a/abrupt/global/balanced/clean,0.0,0.04057894736842105
scn-8fc6c99986d3,2028,NoDrift,0.9037894736842105,0.00906839899971601,0,3.0,0.0,0.0,3.0,0.0,0.0,,0.0,0.0,1.0,,,inf,13000.0,,,0.0,13000.0,river:SEA,20000,3,0.5,0.0,3,real,sudden,0,,1.0,False,n/a,abrupt,real/sudden/K=3/n/a/abrupt/global/balanced/clean,0.0,0.04057894736842105
scn-8fc6c99986d3,2028,Periodic(2000),0.9333157894736842,0.010408654999991995,9,3.0,9.0,3.0,0.0,6.0,0.0,0.3333333333333333,1.0,0.5,0.0,1500.3333333333333,1500.0,2166.6666666666665,2166.6666666666665,1.4441235281048657,1.4441235281048657,0.46153846153846156,13000.0,river:SEA,20000,3,0.5,0.0,3,real,sudden,0,,1.0,False,n/a,abrupt,real/sudden/K=3/n/a/abrupt/global/balanced/clean,0.029526315789473734,0.011052631578947314
scn-8fc6c99986d3,2028,Oracle,0.9443684210526315,0.01158713999984684,3,3.0,3.0,3.0,0.0,0.0,0.0,1.0,1.0,1.0,0.0,1.0,1.0,inf,13000.0,inf,13000.0,0.0,13000.0,river:SEA,20000,3,0.5,0.0,3,real,sudden,0,,1.0,False,n/a,abrupt,real/sudden/K=3/n/a/abrupt/global/balanced/clean,0.04057894736842105,-0.0
scn-8fc6c99986d3,2029,ADWIN,0.9437368421052632,0.014302470000075118,3,3.0,3.0,3.0,0.0,0.0,0.0,1.0,1.0,1.0,0.0,417.6666666666667,330.0,inf,13000.0,inf,31.125299281723862,0.0,13000.0,river:SEA,20000,3,0.5,0.0,3,real,sudden,0,,1.0,False,n/a,abrupt,real/sudden/K=3/n/a/abrupt/global/balanced/clean,0.0388421052631579,0.0034210526315788803
scn-8fc6c99986d3,2029,KSWIN,0.9048947368421053,4.08790202199998,0,3.0,0.0,0.0,3.0,0.0,0.0,,0.0,0.0,1.0,,,inf,13000.0,,,0.0,13000.0,river:SEA,20000,3,0.5,0.0,3,real,sudden,0,,1.0,False,n/a,abrupt,real/sudden/K=3/n/a/abrupt/global/balanced/clean,0.0,0.04226315789473678
scn-8fc6c99986d3,2029,PageHinkley,0.9367894736842105,0.019681116999890946,3,3.0,3.0,3.0,0.0,0.0,0.0,1.0,1.0,1.0,0.0,785.3333333333334,806.0,inf,13000.0,inf,16.553480475382003,0.0,13000.0,river:SEA,20000,3,0.5,0.0,3,real,sudden,0,,1.0,False,n/a,abrupt,real/sudden/K=3/n/a/abrupt/global/balanced/clean,0.0318947368421052,0.010368421052631582
scn-8fc6c99986d3,2029,PageHinkley-up,0.9367894736842105,0.019034250999993674,3,3.0,3.0,3.0,0.0,0.0,0.0,1.0,1.0,1.0,0.0,785.3333333333334,806.0,inf,13000.0,inf,16.553480475382003,0.0,13000.0,river:SEA,20000,3,0.5,0.0,3,real,sudden,0,,1.0,False,n/a,abrupt,real/sudden/K=3/n/a/abrupt/global/balanced/clean,0.0318947368421052,0.010368421052631582
scn-8fc6c99986d3,2029,DDM,0.9432105263157895,0.01861129400003847,3,3.0,3.0,3.0,0.0,0.0,0.0,1.0,1.0,1.0,0.0,416.3333333333333,306.0,inf,13000.0,inf,31.22497998398719,0.0,13000.0,river:SEA,20000,3,0.5,0.0,3,real,sudden,0,,1.0,False,n/a,abrupt,real/sudden/K=3/n/a/abrupt/global/balanced/clean,0.03831578947368419,0.003947368421052588
scn-8fc6c99986d3,2029,EDDM,0.9428421052631579,0.01719845500019801,8,3.0,8.0,3.0,0.0,3.0,2.0,0.375,1.0,0.5454545454545454,0.0,394.6666666666667,324.0,4333.333333333333,4333.333333333333,10.979729729729728,10.979729729729728,0.23076923076923078,13000.0,river:SEA,20000,3,0.5,0.0,3,real,sudden,0,,1.0,False,n/a,abrupt,real/sudden/K=3/n/a/abrupt/global/balanced/clean,0.03794736842105262,0.004315789473684162
scn-8fc6c99986d3,2029,HDDM_A,0.9373157894736842,0.08566636199975619,2,3.0,2.0,2.0,1.0,0.0,0.0,1.0,0.6666666666666666,0.8,0.33333333333333337,375.0,375.0,inf,13000.0,inf,23.111111111111107,0.0,13000.0,river:SEA,20000,3,0.5,0.0,3,real,sudden,0,,1.0,False,n/a,abrupt,real/sudden/K=3/n/a/abrupt/global/balanced/clean,0.032421052631578906,0.009842105263157874
scn-8fc6c99986d3,2029,HDDM_W,0.9048947368421053,0.056740783999885025,0,3.0,0.0,0.0,3.0,0.0,0.0,,0.0,0.0,1.0,,,inf,13000.0,,,0.0,13000.0,river:SEA,20000,3,0.5,0.0,3,real,sudden,0,,1.0,False,n/a,abrupt,real/sudden/K=3/n/a/abrupt/global/balanced/clean,0.0,0.04226315789473678
scn-8fc6c99986d3,2029,FHDDM,0.9262105263157895,0.015554606000023341,1,3.0,1.0,1.0,2.0,0.0,0.0,1.0,0.3333333333333333,0.5,0.6666666666666667,467.0,467.0,inf,13000.0,inf,9.279086366880797,0.0,13000.0,river:SEA,20000,3,0.5,0.0,3,real,sudden,0,,1.0,False,n/a,abrupt,real/sudden/K=3/n/a/abrupt/global/balanced/clean,0.021315789473684177,0.020947368421052603
scn-8fc6c99986d3,2029,NoDrift,0.9048947368421053,0.009094943999571115,0,3.0,0.0,0.0,3.0,0.0,0.0,,0.0,0.0,1.0,,,inf,13000.0,,,0.0,13000.0,river:SEA,20000,3,0.5,0.0,3,real,sudden,0,,1.0,False,n/a,abrupt,real/sudden/K=3/n/a/abrupt/global/balanced/clean,0.0,0.04226315789473678
scn-8fc6c99986d3,2029,Periodic(2000),0.9366842105263158,0.012923070999931952,9,3.0,9.0,3.0,0.0,6.0,0.0,0.3333333333333333,1.0,0.5,0.0,1500.3333333333333,1500.0,2166.6666666666665,2166.6666666666665,1.4441235281048657,1.4441235281048657,0.46153846153846156,13000.0,river:SEA,20000,3,0.5,0.0,3,real,sudden,0,,1.0,False,n/a,abrupt,real/sudden/K=3/n/a/abrupt/global/balanced/clean,0.03178947368421048,0.010473684210526302
scn-8fc6c99986d3,2029,Oracle,0.9471578947368421,0.01186777999964761,3,3.0,3.0,3.0,0.0,0.0,0.0,1.0,1.0,1.0,0.0,1.0,1.0,inf,13000.0,inf,13000.0,0.0,13000.0,river:SEA,20000,3,0.5,0.0,3,real,sudden,0,,1.0,False,n/a,abrupt,real/sudden/K=3/n/a/abrupt/global/balanced/clean,0.04226315789473678,-0.0
scn-4031448a3af6,2027,ADWIN,0.9411052631578948,0.014498829999865848,3,3.0,3.0,3.0,0.0,0.0,0.0,1.0,1.0,1.0,0.0,981.6666666666666,1022.0,inf,10000.0,inf,10.186757215619695,0.0,10000.0,river:SEA,20000,3,0.5,0.0,3,real,gradual,1000,,1.0,False,n/a,slow,real/gradual/K=3/n/a/slow/global/balanced/clean,0.033842105263157896,0.002789473684210453
scn-4031448a3af6,2027,KSWIN,0.9072631578947369,4.050756902000103,0,3.0,0.0,0.0,3.0,0.0,0.0,,0.0,0.0,1.0,,,inf,10000.0,,,0.0,10000.0,river:SEA,20000,3,0.5,0.0,3,real,gradual,1000,,1.0,False,n/a,slow,real/gradual/K=3/n/a/slow/global/balanced/clean,0.0,0.03663157894736835
scn-4031448a3af6,2027,PageHinkley,0.9416842105263158,0.019468785999833926,3,3.0,3.0,2.0,1.0,1.0,0.0,0.6666666666666666,0.6666666666666666,0.6666666666666666,0.33333333333333337,1253.5,1253.5,10000.0,10000.0,5.318441696582901,5.318441696582901,0.1,10000.0,river:SEA,20000,3,0.5,0.0,3,real,gradual,1000,,1.0,False,n/a,slow,real/gradual/K=3/n/a/slow/global/balanced/clean,0.03442105263157891,0.0022105263157894406
scn-4031448a3af6,2027,PageHinkley-up,0.9412105263157895,0.019487477999973635,3,3.0,3.0,3.0,0.0,0.0,0.0,1.0,1.0,1.0,0.0,1170.3333333333333,1096.0,inf,10000.0,inf,8.54457419538593,0.0,10000.0,river:SEA,20000,3,0.5,0.0,3,real,gradual,1000,,1.0,False,n/a,slow,real/gradual/K=3/n/a/slow/global/balanced/clean,0.033947368421052615,0.0026842105263157334
scn-4031448a3af6,2027,DDM,0.9437368421052632,0.019796889999724954,3,3.0,3.0,3.0,0.0,0.0,0.0,1.0,1.0,1.0,0.0,874.0,895.0,inf,10000.0,inf,11.441647597254004,0.0,10000.0,river:SEA,20000,3,0.5,0.0,3,real,gradual,1000,,1.0,False,n/a,slow,real/gradual/K=3/n/a/slow/global/balanced/clean,0.036473684210526325,0.0001578947368420236
scn-4031448a3af6,2027,EDDM,0.9402105263157895,0.019473021000067092,12,3.0,12.0,3.0,0.0,4.0,5.0,0.25,1.0,0.4,0.0,669.3333333333334,641.0,2500.0,2500.0,3.735059760956175,3.735059760956175,0.4,10000.0,river:SEA,20000,3,0.5,0.0,3,real,gradual,1000,,1.0,False,n/a,slow,real/gradual/K=3/n/a/slow/global/balanced/clean,0.032947368421052614,0.0036842105263157343
scn-4031448a3af6,2027,HDDM_A,0.9369473684210526,0.08935394399986762,2,3.0,2.0,2.0,1.0,0.0,0.0,1.0,0.6666666666666666,0.8,0.33333333333333337,1721.0,1721.0,inf,10000.0,inf,3.8737168312996317,0.0,10000.0,river:SEA,20000,3,0.5,0.0,3,real,gradual,1000,,1.0,False,n/a,slow,real/gradual/K=3/n/a/slow/global/balanced/clean,0.029684210526315757,0.006947368421052591
scn-4031448a3af6,2027,HDDM_W,0.9072631578947369,0.057215717999952176,0,3.0,0.0,0.0,3.0,0.0,0.0,,0.0,0.0,1.0,,,inf,10000.0,,,0.0,10000.0,river:SEA,20000,3,0.5,0.0,3,real,gradual,1000,,1.0,False,n/a,slow,real/gradual/K=3/n/a/slow/global/balanced/clean,0.0,0.03663157894736835
scn-4031448a3af6,2027,FHDDM,0.9072631578947369,0.015155666999817186,0,3.0,0.0,0.0,3.0,0.0,0.0,,0.0,0.0,1.0,,,inf,10000.0,,,0.0,10000.0,river:SEA,20000,3,0.5,0.0,3,real,gradual,1000,,1.0,False,n/a,slow,real/gradual/K=3/n/a/slow/global/balanced/clean,0.0,0.03663157894736835
scn-4031448a3af6,2027,NoDrift,0.9072631578947369,0.00889442900006543,0,3.0,0.0,0.0,3.0,0.0,0.0,,0.0,0.0,1.0,,,inf,10000.0,,,0.0,10000.0,river:SEA,20000,3,0.5,0.0,3,real,gradual,1000,,1.0,False,n/a,slow,real/gradual/K=3/n/a/slow/global/balanced/clean,0.0,0.03663157894736835
scn-4031448a3af6,2027,Periodic(2000),0.9366842105263158,0.010464562999914051,9,3.0,9.0,3.0,0.0,5.0,1.0,0.3333333333333333,1.0,0.5,0.0,1333.6666666666667,1667.0,2000.0,2000.0,1.4996250937265683,1.4996250937265683,0.5,10000.0,river:SEA,20000,3,0.5,0.0,3,real,gradual,1000,,1.0,False,n/a,slow,real/gradual/K=3/n/a/slow/global/balanced/clean,0.029421052631578903,0.007210526315789445
scn-4031448a3af6,2027,Oracle,0.9438947368421052,0.011720366999725229,3,3.0,3.0,3.0,0.0,0.0,0.0,1.0,1.0,1.0,0.0,501.0,501.0,inf,10000.0,inf,19.960079840319363,0.0,10000.0,river:SEA,20000,3,0.5,0.0,3,real,gradual,1000,,1.0,False,n/a,slow,real/gradual/K=3/n/a/slow/global/balanced/clean,0.03663157894736835,-0.0
scn-4031448a3af6,2028,ADWIN,0.9340526315789474,0.015617583000221202,2,3.0,2.0,2.0,1.0,0.0,0.0,1.0,0.6666666666666666,0.8,0.33333333333333337,1168.5,1168.5,inf,10000.0,inf,5.705320211096848,0.0,10000.0,river:SEA,20000,3,0.5,0.0,3,real,gradual,1000,,1.0,False,n/a,slow,real/gradual/K=3/n/a/slow/global/balanced/clean,0.0303684210526316,0.003842105263157869
scn-4031448a3af6,2028,KSWIN,0.9036842105263158,4.0781020839999655,0,3.0,0.0,0.0,3.0,0.0,0.0,,0.0,0.0,1.0,,,inf,10000.0,,,0.0,10000.0,river:SEA,20000,3,0.5,0.0,3,real,gradual,1000,,1.0,False,n/a,slow,real/gradual/K=3/n/a/slow/global/balanced/clean,0.0,0.03421052631578947
scn-4031448a3af6,2028,PageHinkley,0.9326842105263158,0.02056540400008089,2,3.0,2.0,2.0,1.0,0.0,0.0,1.0,0.6666666666666666,0.8,0.33333333333333337,1254.5,1254.5,inf,10000.0,inf,5.314202205393915,0.0,10000.0,river:SEA,20000,3,0.5,0.0,3,real,gradual,1000,,1.0,False,n/a,slow,real/gradual/K=3/n/a/slow/global/balanced/clean,0.029000000000000026,0.005210526315789443
scn-4031448a3af6,2028,PageHinkley-up,0.9326842105263158,0.01923105800005942,2,3.0,2.0,2.0,1.0,0.0,0.0,1.0,0.6666666666666666,0.8,0.33333333333333337,1254.5,1254.5,inf,10000.0,inf,5.314202205393915,0.0,10000.0,river:SEA,20000,3,0.5,0.0,3,real,gradual,1000,,1.0,False,n/a,slow,real/gradual/K=3/n/a/slow/global/balanced/clean,0.029000000000000026,0.005210526315789443
scn-4031448a3af6,2028,DDM,0.9338421052631579,0.019360625999979675,3,3.0,3.0,3.0,0.0,0.0,0.0,1.0,1.0,1.0,0.0,1203.6666666666667,974.0,inf,10000.0,inf,8.307947936859595,0.0,10000.0,river:SEA,20000,3,0.5,0.0,3,real,gradual,1000,,1.0,False,n/a,slow,real/gradual/K=3/n/a/slow/global/balanced/clean,0.03015789473684216,0.004052631578947308
scn-4031448a3af6,2028,EDDM,0.9318421052631579,0.017048750999947515,8,3.0,8.0,3.0,0.0,1.0,4.0,0.375,1.0,0.5454545454545454,0.0,886.6666666666666,569.0,10000.0,10000.0,11.278195488721805,11.278195488721805,0.1,10000.0,river:SEA,20000,3,0.5,0.0,3,real,gradual,1000,,1.0,False,n/a,slow,real/gradual/K=3/n/a/slow/global/balanced/clean,0.02815789473684216,0.0060526315789473095
scn-4031448a3af6,2028,HDDM_A,0.9301578947368421,0.0919116469999608,2,3.0,2.0,2.0,1.0,0.0,0.0,1.0,0.6666666666666666,0.8,0.33333333333333337,1939.0,1939.0,inf,10000.0,inf,3.438198384046759,0.0,10000.0,river:SEA,20000,3,0.5,0.0,3,real,gradual,1000,,1.0,False,n/a,slow,real/gradual/K=3/n/a/slow/global/balanced/clean,0.026473684210526316,0.007736842105263153
scn-4031448a3af6,2028,HDDM_W,0.9036842105263158,0.05813270799990278,0,3.0,0.0,0.0,3.0,0.0,0.0,,0.0,0.0,1.0,,,inf,10000.0,,,0.0,10000.0,river:SEA,20000,3,0.5,0.0,3,real,gradual,1000,,1.0,False,n/a,slow,real/gradual/K=3/n/a/slow/global/balanced/clean,0.0,0.03421052631578947
scn-4031448a3af6,2028,FHDDM,0.9036842105263158,0.01530612199985626,0,3.0,0.0,0.0,3.0,0.0,0.0,,0.0,0.0,1.0,,,inf,10000.0,,,0.0,10000.0,river:SEA,20000,3,0.5,0.0,3,real,gradual,1000,,1.0,False,n/a,slow,real/gradual/K=3/n/a/slow/global/balanced/clean,0.0,0.03421052631578947
scn-4031448a3af6,2028,NoDrift,0.9036842105263158,0.009071579000192287,0,3.0,0.0,0.0,3.0,0.0,0.0,,0.0,0.0,1.0,,,inf,10000.0,,,0.0,10000.0,river:SEA,20000,3,0.5,0.0,3,real,gradual,1000,,1.0,False,n/a,slow,real/gradual/K=3/n/a/slow/global/balanced/clean,0.0,0.03421052631578947
scn-4031448a3af6,2028,Periodic(2000),0.933,0.010059289999844623,9,3.0,9.0,3.0,0.0,5.0,1.0,0.3333333333333333,1.0,0.5,0.0,1333.6666666666667,1667.0,2000.0,2000.0,1.4996250937265683,1.4996250937265683,0.5,10000.0,river:SEA,20000,3,0.5,0.0,3,real,gradual,1000,,1.0,False,n/a,slow,real/gradual/K=3/n/a/slow/global/balanced/clean,0.029315789473684295,0.004894736842105174
scn-4031448a3af6,2028,Oracle,0.9378947368421052,0.011687042000176007,3,3.0,3.0,3.0,0.0,0.0,0.0,1.0,1.0,1.0,0.0,501.0,501.0,inf,10000.0,inf,19.960079840319363,0.0,10000.0,river:SEA,20000,3,0.5,0.0,3,real,gradual,1000,,1.0,False,n/a,slow,real/gradual/K=3/n/a/slow/global/balanced/clean,0.03421052631578947,-0.0
scn-4031448a3af6,2029,ADWIN,0.9333157894736842,0.01516793000018879,5,3.0,5.0,3.0,0.0,2.0,0.0,0.6,1.0,0.7499999999999999,0.0,1173.6666666666667,1022.0,5000.0,5000.0,4.260153365521158,4.260153365521158,0.2,10000.0,river:SEA,20000,3,0.5,0.0,3,real,gradual,1000,,1.0,False,n/a,slow,real/gradual/K=3/n/a/slow/global/balanced/clean,0.028473684210526318,0.007421052631578995
scn-4031448a3af6,2029,KSWIN,0.9048421052631579,4.075150976999794,0,3.0,0.0,0.0,3.0,0.0,0.0,,0.0,0.0,1.0,,,inf,10000.0,,,0.0,10000.0,river:SEA,20000,3,0.5,0.0,3,real,gradual,1000,,1.0,False,n/a,slow,real/gradual/K=3/n/a/slow/global/balanced/clean,0.0,0.03589473684210531
scn-4031448a3af6,2029,PageHinkley,0.9306842105263158,0.02031991099966035,5,3.0,5.0,3.0,0.0,1.0,1.0,0.6,1.0,0.7499999999999999,0.0,1601.6666666666667,1373.0,10000.0,10000.0,6.243496357960457,6.243496357960457,0.1,10000.0,river:SEA,20000,3,0.5,0.0,3,real,gradual,1000,,1.0,False,n/a,slow,real/gradual/K=3/n/a/slow/global/balanced/clean,0.02584210526315789,0.010052631578947424
scn-4031448a3af6,2029,PageHinkley-up,0.9311052631578948,0.018913458000042738,3,3.0,3.0,3.0,0.0,0.0,0.0,1.0,1.0,1.0,0.0,1601.6666666666667,1373.0,inf,10000.0,inf,6.243496357960457,0.0,10000.0,river:SEA,20000,3,0.5,0.0,3,real,gradual,1000,,1.0,False,n/a,slow,real/gradual/K=3/n/a/slow/global/balanced/clean,0.026263157894736877,0.009631578947368435
scn-4031448a3af6,2029,DDM,0.9344736842105263,0.018793930999891018,3,3.0,3.0,3.0,0.0,0.0,0.0,1.0,1.0,1.0,0.0,1041.0,997.0,inf,10000.0,inf,9.606147934678194,0.0,10000.0,river:SEA,20000,3,0.5,0.0,3,real,gradual,1000,,1.0,False,n/a,slow,real/gradual/K=3/n/a/slow/global/balanced/clean,0.029631578947368453,0.006263157894736859
scn-4031448a3af6,2029,EDDM,0.9386315789473684,0.01839168599963159,10,3.0,10.0,3.0,0.0,3.0,4.0,0.3,1.0,0.4615384615384615,0.0,663.6666666666666,792.0,3333.3333333333335,3333.3333333333335,5.022601707684581,5.022601707684581,0.3,10000.0,river:SEA,20000,3,0.5,0.0,3,real,gradual,1000,,1.0,False,n/a,slow,real/gradual/K=3/n/a/slow/global/balanced/clean,0.03378947368421048,0.002105263157894832
scn-4031448a3af6,2029,HDDM_A,0.9306315789473685,0.0932435390000137,2,3.0,2.0,1.0,2.0,1.0,0.0,0.5,0.3333333333333333,0.4,0.6666666666666667,816.0,816.0,10000.0,10000.0,4.084967320261438,4.084967320261438,0.1,10000.0,river:SEA,20000,3,0.5,0.0,3,real,gradual,1000,,1.0,False,n/a,slow,real/gradual/K=3/n/a/slow/global/balanced/clean,0.025789473684210584,0.010105263157894728
scn-4031448a3af6,2029,HDDM_W,0.9048421052631579,0.05706221699983871,0,3.0,0.0,0.0,3.0,0.0,0.0,,0.0,0.0,1.0,,,inf,10000.0,,,0.0,10000.0,river:SEA,20000,3,0.5,0.0,3,real,gradual,1000,,1.0,False,n/a,slow,real/gradual/K=3/n/a/slow/global/balanced/clean,0.0,0.03589473684210531
scn-4031448a3af6,2029,FHDDM,0.9262631578947368,0.015100779000022158,1,3.0,1.0,1.0,2.0,0.0,0.0,1.0,0.3333333333333333,0.5,0.6666666666666667,972.0,972.0,inf,10000.0,inf,3.4293552812071324,0.0,10000.0,river:SEA,20000,3,0.5,0.0,3,real,gradual,1000,,1.0,False,n/a,slow,real/gradual/K=3/n/a/slow/global/balanced/clean,0.021421052631578896,0.014473684210526416
scn-4031448a3af6,2029,NoDrift,0.9048421052631579,0.008835427000121854,0,3.0,0.0,0.0,3.0,0.0,0.0,,0.0,0.0,1.0,,,inf,10000.0,,,0.0,10000.0,river:SEA,20000,3,0.5,0.0,3,real,gradual,1000,,1.0,False,n/a,slow,real/gradual/K=3/n/a/slow/global/balanced/clean,0.0,0.03589473684210531
scn-4031448a3af6,2029,Periodic(2000),0.9364210526315789,0.009923543000240898,9,3.0,9.0,3.0,0.0,5.0,1.0,0.3333333333333333,1.0,0.5,0.0,1333.6666666666667,1667.0,2000.0,2000.0,1.4996250937265683,1.4996250937265683,0.5,10000.0,river:SEA,20000,3,0.5,0.0,3,real,gradual,1000,,1.0,False,n/a,slow,real/gradual/K=3/n/a/slow/global/balanced/clean,0.03157894736842104,0.004315789473684273
scn-4031448a3af6,2029,Oracle,0.9407368421052632,0.011235555999974167,3,3.0,3.0,3.0,0.0,0.0,0.0,1.0,1.0,1.0,0.0,501.0,501.0,inf,10000.0,inf,19.960079840319363,0.0,10000.0,river:SEA,20000,3,0.5,0.0,3,real,gradual,1000,,1.0,False,n/a,slow,real/gradual/K=3/n/a/slow/global/balanced/clean,0.03589473684210531,-0.0
scn-41edad907a3b,2027,ADWIN,0.6856842105263158,0.02131365500008542,3,3.0,3.0,3.0,0.0,0.0,0.0,1.0,1.0,1.0,0.0,183.0,143.0,inf,13000.0,inf,71.03825136612022,0.0,13000.0,river:Agrawal,20000,9,0.5,0.0,3,real,sudden,0,,1.0,False,n/a,abrupt,real/sudden/K=3/n/a/abrupt/global/balanced/clean,0.0916315789473684,0.007473684210526299
scn-41edad907a3b,2027,KSWIN,0.6467368421052632,3.9546877950001544,3,3.0,3.0,1.0,2.0,2.0,0.0,0.3333333333333333,0.3333333333333333,0.3333333333333333,0.6666666666666667,21.0,21.0,6500.0,6500.0,103.17460317460315,103.17460317460315,0.15384615384615385,13000.0,river:Agrawal,20000,9,0.5,0.0,3,real,sudden,0,,1.0,False,n/a,abrupt,real/sudden/K=3/n/a/abrupt/global/balanced/clean,0.05268421052631578,0.04642105263157892
scn-41edad907a3b,2027,PageHinkley,0.6722105263157895,0.030152426999848103,7,3.0,7.0,3.0,0.0,3.0,1.0,0.42857142857142855,1.0,0.6,0.0,266.0,185.0,4333.333333333333,4333.333333333333,16.290726817042604,16.290726817042604,0.23076923076923078,13000.0,river:Agrawal,20000,9,0.5,0.0,3,real,sudden,0,,1.0,False,n/a,abrupt,real/sudden/K=3/n/a/abrupt/global/balanced/clean,0.07815789473684209,0.020947368421052603
scn-41edad907a3b,2027,PageHinkley-up,0.6866842105263158,0.026866944000175863,3,3.0,3.0,3.0,0.0,0.0,0.0,1.0,1.0,1.0,0.0,155.66666666666666,185.0,inf,13000.0,inf,83.5117773019272,0.0,13000.0,river:Agrawal,20000,9,0.5,0.0,3,real,sudden,0,,1.0,False,n/a,abrupt,real/sudden/K=3/n/a/abrupt/global/balanced/clean,0.0926315789473684,0.006473684210526298
scn-41edad907a3b,2027,DDM,0.6662105263157895,0.026286776000233658,3,3.0,3.0,3.0,0.0,0.0,0.0,1.0,1.0,1.0,0.0,809.6666666666666,392.0,inf,13000.0,inf,16.055990119390696,0.0,13000.0,river:Agrawal,20000,9,0.5,0.0,3,real,sudden,0,,1.0,False,n/a,abrupt,real/sudden/K=3/n/a/abrupt/global/balanced/clean,0.07215789473684209,0.02694736842105261
scn-41edad907a3b,2027,EDDM,0.6695263157894736,0.04034494999996241,19,3.0,19.0,2.0,1.0,12.0,5.0,0.10526315789473684,0.6666666666666666,0.18181818181818182,0.33333333333333337,10.5,10.5,1083.3333333333333,1083.3333333333333,68.78306878306877,68.78306878306877,0.9230769230769231,13000.0,river:Agrawal,20000,9,0.5,0.0,3,real,sudden,0,,1.0,False,n/a,abrupt,real/sudden/K=3/n/a/abrupt/global/balanced/clean,0.07547368421052625,0.023631578947368448
scn-41edad907a3b,2027,HDDM_A,0.6839473684210526,0.08117019100018297,4,3.0,4.0,3.0,0.0,1.0,0.0,0.75,1.0,0.8571428571428571,0.0,117.33333333333333,77.0,13000.0,13000.0,110.79545454545455,110.79545454545455,0.07692307692307693,13000.0,river:Agrawal,20000,9,0.5,0.0,3,real,sudden,0,,1.0,False,n/a,abrupt,real/sudden/K=3/n/a/abrupt/global/balanced/clean,0.08989473684210525,0.009210526315789447
scn-41edad907a3b,2027,HDDM_W,0.6806842105263158,0.07992311799989693,8,3.0,8.0,2.0,1.0,6.0,0.0,0.25,0.6666666666666666,0.36363636363636365,0.33333333333333337,21.5,21.5,2166.6666666666665,2166.6666666666665,67.18346253229973,67.18346253229973,0.46153846153846156,13000.0,river:Agrawal,20000,9,0.5,0.0,3,real,sudden,0,,1.0,False,n/a,abrupt,real/sudden/K=3/n/a/abrupt/global/balanced/clean,0.08663157894736839,0.012473684210526303
scn-41edad907a3b,2027,FHDDM,0.6913684210526316,0.023106411000298976,3,3.0,3.0,2.0,1.0,1.0,0.0,0.6666666666666666,0.6666666666666666,0.6666666666666666,0.33333333333333337,49.5,49.5,13000.0,13000.0,175.0841750841751,175.0841750841751,0.07692307692307693,13000.0,river:Agrawal,20000,9,0.5,0.0,3,real,sudden,0,,1.0,False,n/a,abrupt,real/sudden/K=3/n/a/abrupt/global/balanced/clean,0.09731578947368424,0.001789473684210452
scn-41edad907a3b,2027,NoDrift,0.5940526315789474,0.01579793399969276,0,3.0,0.0,0.0,3.0,0.0,0.0,,0.0,0.0,1.0,,,inf,13000.0,,,0.0,13000.0,river:Agrawal,20000,9,0.5,0.0,3,real,sudden,0,,1.0,False,n/a,abrupt,real/sudden/K=3/n/a/abrupt/global/balanced/clean,0.0,0.0991052631578947
scn-41edad907a3b,2027,Periodic(2000),0.667,0.016083083000012266,9,3.0,9.0,3.0,0.0,6.0,0.0,0.3333333333333333,1.0,0.5,0.0,1500.3333333333333,1500.0,2166.6666666666665,2166.6666666666665,1.4441235281048657,1.4441235281048657,0.46153846153846156,13000.0,river:Agrawal,20000,9,0.5,0.0,3,real,sudden,0,,1.0,False,n/a,abrupt,real/sudden/K=3/n/a/abrupt/global/balanced/clean,0.07294736842105265,0.026157894736842047
scn-41edad907a3b,2027,Oracle,0.6931578947368421,0.018494854000437044,3,3.0,3.0,3.0,0.0,0.0,0.0,1.0,1.0,1.0,0.0,1.0,1.0,inf,13000.0,inf,13000.0,0.0,13000.0,river:Agrawal,20000,9,0.5,0.0,3,real,sudden,0,,1.0,False,n/a,abrupt,real/sudden/K=3/n/a/abrupt/global/balanced/clean,0.0991052631578947,-0.0
scn-41edad907a3b,2028,ADWIN,0.674,0.02224298800001634,3,3.0,3.0,3.0,0.0,0.0,0.0,1.0,1.0,1.0,0.0,236.33333333333334,271.0,inf,13000.0,inf,55.00705218617771,0.0,13000.0,river:Agrawal,20000,9,0.5,0.0,3,real,sudden,0,,1.0,False,n/a,abrupt,real/sudden/K=3/n/a/abrupt/global/balanced/clean,0.08347368421052637,0.007263157894736749
scn-41edad907a3b,2028,KSWIN,0.5976315789473684,3.925876247999895,2,3.0,2.0,1.0,2.0,1.0,0.0,0.5,0.3333333333333333,0.4,0.6666666666666667,83.0,83.0,13000.0,13000.0,52.20883534136545,52.20883534136545,0.07692307692307693,13000.0,river:Agrawal,20000,9,0.5,0.0,3,real,sudden,0,,1.0,False,n/a,abrupt,real/sudden/K=3/n/a/abrupt/global/balanced/clean,0.007105263157894726,0.08363157894736839
scn-41edad907a3b,2028,PageHinkley,0.6642631578947369,0.028424668999832647,6,3.0,6.0,3.0,0.0,3.0,0.0,0.5,1.0,0.6666666666666666,0.0,390.0,335.0,4333.333333333333,4333.333333333333,11.11111111111111,11.11111111111111,0.23076923076923078,13000.0,river:Agrawal,20000,9,0.5,0.0,3,real,sudden,0,,1.0,False,n/a,abrupt,real/sudden/K=3/n/a/abrupt/global/balanced/clean,0.07373684210526321,0.016999999999999904
scn-41edad907a3b,2028,PageHinkley-up,0.671,0.02682801999981166,3,3.0,3.0,3.0,0.0,0.0,0.0,1.0,1.0,1.0,0.0,242.66666666666666,291.0,inf,13000.0,inf,53.57142857142858,0.0,13000.0,river:Agrawal,20000,9,0.5,0.0,3,real,sudden,0,,1.0,False,n/a,abrupt,real/sudden/K=3/n/a/abrupt/global/balanced/clean,0.08047368421052636,0.010263157894736752
scn-41edad907a3b,2028,DDM,0.6643684210526316,0.024835959000029106,3,3.0,3.0,3.0,0.0,0.0,0.0,1.0,1.0,1.0,0.0,594.3333333333334,377.0,inf,13000.0,inf,21.873247335950644,0.0,13000.0,river:Agrawal,20000,9,0.5,0.0,3,real,sudden,0,,1.0,False,n/a,abrupt,real/sudden/K=3/n/a/abrupt/global/balanced/clean,0.07384210526315793,0.016894736842105185
scn-41edad907a3b,2028,EDDM,0.6471578947368422,0.028576845999850775,8,3.0,8.0,2.0,1.0,4.0,2.0,0.25,0.6666666666666666,0.36363636363636365,0.33333333333333337,949.5,949.5,3250.0,3250.0,2.281902755836405,2.281902755836405,0.3076923076923077,13000.0,river:Agrawal,20000,9,0.5,0.0,3,real,sudden,0,,1.0,False,n/a,abrupt,real/sudden/K=3/n/a/abrupt/global/balanced/clean,0.05663157894736848,0.03410526315789464
scn-41edad907a3b,2028,HDDM_A,0.6739473684210526,0.07351249800012738,3,3.0,3.0,3.0,0.0,0.0,0.0,1.0,1.0,1.0,0.0,164.66666666666666,165.0,inf,13000.0,inf,78.94736842105263,0.0,13000.0,river:Agrawal,20000,9,0.5,0.0,3,real,sudden,0,,1.0,False,n/a,abrupt,real/sudden/K=3/n/a/abrupt/global/balanced/clean,0.08342105263157895,0.0073157894736841644
scn-41edad907a3b,2028,HDDM_W,0.6608947368421053,0.08622923200027799,13,3.0,13.0,2.0,1.0,9.0,2.0,0.15384615384615385,0.6666666666666666,0.25,0.33333333333333337,86.5,86.5,1444.4444444444443,1444.4444444444443,11.132519803040033,11.132519803040033,0.6923076923076923,13000.0,river:Agrawal,20000,9,0.5,0.0,3,real,sudden,0,,1.0,False,n/a,abrupt,real/sudden/K=3/n/a/abrupt/global/balanced/clean,0.07036842105263164,0.02036842105263148
scn-41edad907a3b,2028,FHDDM,0.6772105263157895,0.023494669000228896,3,3.0,3.0,3.0,0.0,0.0,0.0,1.0,1.0,1.0,0.0,98.33333333333333,102.0,inf,13000.0,inf,132.20338983050848,0.0,13000.0,river:Agrawal,20000,9,0.5,0.0,3,real,sudden,0,,1.0,False,n/a,abrupt,real/sudden/K=3/n/a/abrupt/global/balanced/clean,0.08668421052631581,0.004052631578947308
scn-41edad907a3b,2028,NoDrift,0.5905263157894737,0.014229376000002958,0,3.0,0.0,0.0,3.0,0.0,0.0,,0.0,0.0,1.0,,,inf,13000.0,,,0.0,13000.0,river:Agrawal,20000,9,0.5,0.0,3,real,sudden,0,,1.0,False,n/a,abrupt,real/sudden/K=3/n/a/abrupt/global/balanced/clean,0.0,0.09073684210526312
scn-41edad907a3b,2028,Periodic(2000),0.6561052631578947,0.01590198199983206,9,3.0,9.0,3.0,0.0,6.0,0.0,0.3333333333333333,1.0,0.5,0.0,1500.3333333333333,1500.0,2166.6666666666665,2166.6666666666665,1.4441235281048657,1.4441235281048657,0.46153846153846156,13000.0,river:Agrawal,20000,9,0.5,0.0,3,real,sudden,0,,1.0,False,n/a,abrupt,real/sudden/K=3/n/a/abrupt/global/balanced/clean,0.06557894736842107,0.025157894736842046
scn-41edad907a3b,2028,Oracle,0.6812631578947368,0.018029562999799964,3,3.0,3.0,3.0,0.0,0.0,0.0,1.0,1.0,1.0,0.0,1.0,1.0,inf,13000.0,inf,13000.0,0.0,13000.0,river:Agrawal,20000,9,0.5,0.0,3,real,sudden,0,,1.0,False,n/a,abrupt,real/sudden/K=3/n/a/abrupt/global/balanced/clean,0.09073684210526312,-0.0
scn-41edad907a3b,2029,ADWIN,0.6758421052631579,0.023694269000316126,3,3.0,3.0,3.0,0.0,0.0,0.0,1.0,1.0,1.0,0.0,204.33333333333334,268.0,inf,13000.0,inf,63.62153344208809,0.0,13000.0,river:Agrawal,20000,9,0.5,0.0,3,real,sudden,0,,1.0,False,n/a,abrupt,real/sudden/K=3/n/a/abrupt/global/balanced/clean,0.08399999999999996,0.007157894736842141
scn-41edad907a3b,2029,KSWIN,0.6285263157894737,4.117037528999845,5,3.0,5.0,2.0,1.0,3.0,0.0,0.4,0.6666666666666666,0.5,0.33333333333333337,1382.0,1382.0,4333.333333333333,4333.333333333333,2.0903682264029584,2.0903682264029584,0.23076923076923078,13000.0,river:Agrawal,20000,9,0.5,0.0,3,real,sudden,0,,1.0,False,n/a,abrupt,real/sudden/K=3/n/a/abrupt/global/balanced/clean,0.036684210526315764,0.05447368421052634
scn-41edad907a3b,2029,PageHinkley,0.6608947368421053,0.042873641999904066,7,3.0,7.0,3.0,0.0,3.0,1.0,0.42857142857142855,1.0,0.6,0.0,347.0,422.0,4333.333333333333,4333.333333333333,12.487992315081652,12.487992315081652,0.23076923076923078,13000.0,river:Agrawal,20000,9,0.5,0.0,3,real,sudden,0,,1.0,False,n/a,abrupt,real/sudden/K=3/n/a/abrupt/global/balanced/clean,0.06905263157894737,0.02210526315789474
scn-41edad907a3b,2029,PageHinkley-up,0.6744736842105263,0.028160576000118454,3,3.0,3.0,3.0,0.0,0.0,0.0,1.0,1.0,1.0,0.0,209.0,210.0,inf,13000.0,inf,62.20095693779904,0.0,13000.0,river:Agrawal,20000,9,0.5,0.0,3,real,sudden,0,,1.0,False,n/a,abrupt,real/sudden/K=3/n/a/abrupt/global/balanced/clean,0.08263157894736839,0.008526315789473715
scn-41edad907a3b,2029,DDM,0.665578947368421,0.028238058000169985,3,3.0,3.0,3.0,0.0,0.0,0.0,1.0,1.0,1.0,0.0,389.3333333333333,522.0,inf,13000.0,inf,33.39041095890411,0.0,13000.0,river:Agrawal,20000,9,0.5,0.0,3,real,sudden,0,,1.0,False,n/a,abrupt,real/sudden/K=3/n/a/abrupt/global/balanced/clean,0.0737368421052631,0.017421052631579004
scn-41edad907a3b,2029,EDDM,0.6395263157894737,0.05435389900003429,18,3.0,18.0,2.0,1.0,9.0,7.0,0.1111111111111111,0.6666666666666666,0.1904761904761905,0.33333333333333337,890.5,890.5,1444.4444444444443,1444.4444444444443,1.0813733441470665,1.0813733441470665,0.6923076923076923,13000.0,river:Agrawal,20000,9,0.5,0.0,3,real,sudden,0,,1.0,False,n/a,abrupt,real/sudden/K=3/n/a/abrupt/global/balanced/clean,0.04768421052631577,0.04347368421052633
scn-41edad907a3b,2029,HDDM_A,0.6796842105263158,0.07951172100001713,3,3.0,3.0,3.0,0.0,0.0,0.0,1.0,1.0,1.0,0.0,101.66666666666667,109.0,inf,13000.0,inf,127.86885245901638,0.0,13000.0,river:Agrawal,20000,9,0.5,0.0,3,real,sudden,0,,1.0,False,n/a,abrupt,real/sudden/K=3/n/a/abrupt/global/balanced/clean,0.08784210526315783,0.003315789473684272
scn-41edad907a3b,2029,HDDM_W,0.6683684210526316,0.08715218999986973,9,3.0,9.0,2.0,1.0,7.0,0.0,0.2222222222222222,0.6666666666666666,0.3333333333333333,0.33333333333333337,83.5,83.5,1857.142857142857,1857.142857142857,14.827487881380096,14.827487881380096,0.5384615384615384,13000.0,river:Agrawal,20000,9,0.5,0.0,3,real,sudden,0,,1.0,False,n/a,abrupt,real/sudden/K=3/n/a/abrupt/global/balanced/clean,0.07652631578947366,0.01463157894736844
scn-41edad907a3b,2029,FHDDM,0.6796315789473685,0.026958960000229126,5,3.0,5.0,3.0,0.0,2.0,0.0,0.6,1.0,0.7499999999999999,0.0,72.33333333333333,65.0,6500.0,6500.0,89.86175115207374,89.86175115207374,0.15384615384615385,13000.0,river:Agrawal,20000,9,0.5,0.0,3,real,sudden,0,,1.0,False,n/a,abrupt,real/sudden/K=3/n/a/abrupt/global/balanced/clean,0.08778947368421053,0.003368421052631576
scn-41edad907a3b,2029,NoDrift,0.591842105263158,0.015491897000174504,0,3.0,0.0,0.0,3.0,0.0,0.0,,0.0,0.0,1.0,,,inf,13000.0,,,0.0,13000.0,river:Agrawal,20000,9,0.5,0.0,3,real,sudden,0,,1.0,False,n/a,abrupt,real/sudden/K=3/n/a/abrupt/global/balanced/clean,0.0,0.0911578947368421
scn-41edad907a3b,2029,Periodic(2000),0.6598947368421053,0.01741753000032986,9,3.0,9.0,3.0,0.0,6.0,0.0,0.3333333333333333,1.0,0.5,0.0,1500.3333333333333,1500.0,2166.6666666666665,2166.6666666666665,1.4441235281048657,1.4441235281048657,0.46153846153846156,13000.0,river:Agrawal,20000,9,0.5,0.0,3,real,sudden,0,,1.0,False,n/a,abrupt,real/sudden/K=3/n/a/abrupt/global/balanced/clean,0.06805263157894736,0.02310526315789474
scn-41edad907a3b,2029,Oracle,0.683,0.020461833999888768,3,3.0,3.0,3.0,0.0,0.0,0.0,1.0,1.0,1.0,0.0,1.0,1.0,inf,13000.0,inf,13000.0,0.0,13000.0,river:Agrawal,20000,9,0.5,0.0,3,real,sudden,0,,1.0,False,n/a,abrupt,real/sudden/K=3/n/a/abrupt/global/balanced/clean,0.0911578947368421,-0.0
scn-4d0d9f9a52ac,2027,ADWIN,0.6867894736842105,0.0225783189998765,3,3.0,3.0,3.0,0.0,0.0,0.0,1.0,1.0,1.0,0.0,651.0,739.0,inf,10000.0,inf,15.360983102918587,0.0,10000.0,river:Agrawal,20000,9,0.5,0.0,3,real,gradual,1000,,1.0,False,n/a,slow,real/gradual/K=3/n/a/slow/global/balanced/clean,0.09252631578947368,-0.0008947368421052815
scn-4d0d9f9a52ac,2027,KSWIN,0.6658421052631579,4.214659946000211,5,3.0,5.0,3.0,0.0,2.0,0.0,0.6,1.0,0.7499999999999999,0.0,1125.6666666666667,1018.0,5000.0,5000.0,4.441812259401836,4.441812259401836,0.2,10000.0,river:Agrawal,20000,9,0.5,0.0,3,real,gradual,1000,,1.0,False,n/a,slow,real/gradual/K=3/n/a/slow/global/balanced/clean,0.07157894736842108,0.020052631578947322
scn-4d0d9f9a52ac,2027,PageHinkley,0.6675263157894736,0.05178714300018328,7,3.0,7.0,3.0,0.0,3.0,1.0,0.42857142857142855,1.0,0.6,0.0,814.6666666666666,514.0,3333.3333333333335,3333.3333333333335,4.091653027823241,4.091653027823241,0.3,10000.0,river:Agrawal,20000,9,0.5,0.0,3,real,gradual,1000,,1.0,False,n/a,slow,real/gradual/K=3/n/a/slow/global/balanced/clean,0.07326315789473681,0.01836842105263159
scn-4d0d9f9a52ac,2027,PageHinkley-up,0.6871578947368421,0.029354387000239512,3,3.0,3.0,3.0,0.0,0.0,0.0,1.0,1.0,1.0,0.0,576.0,514.0,inf,10000.0,inf,17.36111111111111,0.0,10000.0,river:Agrawal,20000,9,0.5,0.0,3,real,gradual,1000,,1.0,False,n/a,slow,real/gradual/K=3/n/a/slow/global/balanced/clean,0.09289473684210525,-0.001263157894736855
scn-4d0d9f9a52ac,2027,DDM,0.6632631578947369,0.029809688000113965,2,3.0,2.0,2.0,1.0,0.0,0.0,1.0,0.6666666666666666,0.8,0.33333333333333337,635.5,635.5,inf,10000.0,inf,10.49042748492001,0.0,10000.0,river:Agrawal,20000,9,0.5,0.0,3,real,gradual,1000,,1.0,False,n/a,slow,real/gradual/K=3/n/a/slow/global/balanced/clean,0.06900000000000006,0.022631578947368336
scn-4d0d9f9a52ac,2027,EDDM,0.6454210526315789,0.046594148999702156,16,3.0,16.0,2.0,1.0,0.0,14.0,0.125,0.6666666666666666,0.21052631578947367,0.33333333333333337,1001.0,1001.0,inf,10000.0,inf,6.660006660006659,0.0,10000.0,river:Agrawal,20000,9,0.5,0.0,3,real,gradual,1000,,1.0,False,n/a,slow,real/gradual/K=3/n/a/slow/global/balanced/clean,0.05115789473684207,0.04047368421052633
scn-4d0d9f9a52ac,2027,HDDM_A,0.6760526315789473,0.08273271799998838,4,3.0,4.0,3.0,0.0,1.0,0.0,0.75,1.0,0.8571428571428571,0.0,688.6666666666666,663.0,10000.0,10000.0,14.520813165537271,14.520813165537271,0.1,10000.0,river:Agrawal,20000,9,0.5,0.0,3,real,gradual,1000,,1.0,False,n/a,slow,real/gradual/K=3/n/a/slow/global/balanced/clean,0.08178947368421052,0.009842105263157874
scn-4d0d9f9a52ac,2027,HDDM_W,0.6673684210526316,0.1045953890002238,13,3.0,13.0,3.0,0.0,6.0,4.0,0.23076923076923078,1.0,0.375,0.0,511.6666666666667,480.0,1666.6666666666667,1666.6666666666667,3.257328990228013,3.257328990228013,0.6,10000.0,river:Agrawal,20000,9,0.5,0.0,3,real,gradual,1000,,1.0,False,n/a,slow,real/gradual/K=3/n/a/slow/global/balanced/clean,0.07310526315789478,0.018526315789473613
scn-4d0d9f9a52ac,2027,FHDDM,0.6792631578947368,0.06159835800008295,4,3.0,4.0,2.0,1.0,2.0,0.0,0.5,0.6666666666666666,0.5714285714285715,0.33333333333333337,471.5,471.5,5000.0,5000.0,7.069635913750442,7.069635913750442,0.2,10000.0,river:Agrawal,20000,9,0.5,0.0,3,real,gradual,1000,,1.0,False,n/a,slow,real/gradual/K=3/n/a/slow/global/balanced/clean,0.08499999999999996,0.006631578947368433
scn-4d0d9f9a52ac,2027,NoDrift,0.5942631578947368,0.015836991000014677,0,3.0,0.0,0.0,3.0,0.0,0.0,,0.0,0.0,1.0,,,inf,10000.0,,,0.0,10000.0,river:Agrawal,20000,9,0.5,0.0,3,real,gradual,1000,,1.0,False,n/a,slow,real/gradual/K=3/n/a/slow/global/balanced/clean,0.0,0.0916315789473684
scn-4d0d9f9a52ac,2027,Periodic(2000),0.6621578947368421,0.017686260000118637,9,3.0,9.0,3.0,0.0,5.0,1.0,0.3333333333333333,1.0,0.5,0.0,1333.6666666666667,1667.0,2000.0,2000.0,1.4996250937265683,1.4996250937265683,0.5,10000.0,river:Agrawal,20000,9,0.5,0.0,3,real,gradual,1000,,1.0,False,n/a,slow,real/gradual/K=3/n/a/slow/global/balanced/clean,0.06789473684210523,0.023736842105263167
scn-4d0d9f9a52ac,2027,Oracle,0.6858947368421052,0.01890522699977737,3,3.0,3.0,3.0,0.0,0.0,0.0,1.0,1.0,1.0,0.0,501.0,501.0,inf,10000.0,inf,19.960079840319363,0.0,10000.0,river:Agrawal,20000,9,0.5,0.0,3,real,gradual,1000,,1.0,False,n/a,slow,real/gradual/K=3/n/a/slow/global/balanced/clean,0.0916315789473684,-0.0
scn-4d0d9f9a52ac,2028,ADWIN,0.6637894736842105,0.021142397999938112,3,3.0,3.0,3.0,0.0,0.0,0.0,1.0,1.0,1.0,0.0,800.3333333333334,835.0,inf,10000.0,inf,12.494793835901707,0.0,10000.0,river:Agrawal,20000,9,0.5,0.0,3,real,gradual,1000,,1.0,False,n/a,slow,real/gradual/K=3/n/a/slow/global/balanced/clean,0.07236842105263153,0.003368421052631576
scn-4d0d9f9a52ac,2028,KSWIN,0.6487368421052632,4.039397344999998,8,3.0,8.0,2.0,1.0,3.0,3.0,0.25,0.6666666666666666,0.36363636363636365,0.33333333333333337,1503.5,1503.5,3333.3333333333335,3333.3333333333335,1.478032738425156,1.478032738425156,0.3,10000.0,river:Agrawal,20000,9,0.5,0.0,3,real,gradual,1000,,1.0,False,n/a,slow,real/gradual/K=3/n/a/slow/global/balanced/clean,0.05731578947368421,0.018421052631578894
scn-4d0d9f9a52ac,2028,PageHinkley,0.6542105263157895,0.040168057000300905,6,3.0,6.0,3.0,0.0,1.0,2.0,0.5,1.0,0.6666666666666666,0.0,887.0,1002.0,10000.0,10000.0,11.273957158962796,11.273957158962796,0.1,10000.0,river:Agrawal,20000,9,0.5,0.0,3,real,gradual,1000,,1.0,False,n/a,slow,real/gradual/K=3/n/a/slow/global/balanced/clean,0.0627894736842105,0.012947368421052596
scn-4d0d9f9a52ac,2028,PageHinkley-up,0.6641578947368421,0.056435896000039065,3,3.0,3.0,3.0,0.0,0.0,0.0,1.0,1.0,1.0,0.0,705.0,714.0,inf,10000.0,inf,14.184397163120567,0.0,10000.0,river:Agrawal,20000,9,0.5,0.0,3,real,gradual,1000,,1.0,False,n/a,slow,real/gradual/K=3/n/a/slow/global/balanced/clean,0.0727368421052631,0.0030000000000000027
scn-4d0d9f9a52ac,2028,DDM,0.6618421052631579,0.02737294300004578,3,3.0,3.0,3.0,0.0,0.0,0.0,1.0,1.0,1.0,0.0,886.3333333333334,950.0,inf,10000.0,inf,11.28243700639338,0.0,10000.0,river:Agrawal,20000,9,0.5,0.0,3,real,gradual,1000,,1.0,False,n/a,slow,real/gradual/K=3/n/a/slow/global/balanced/clean,0.07042105263157894,0.005315789473684163
scn-4d0d9f9a52ac,2028,EDDM,0.6392105263157895,0.028479873999913252,6,3.0,6.0,1.0,2.0,5.0,0.0,0.16666666666666666,0.3333333333333333,0.2222222222222222,0.6666666666666667,444.0,444.0,2000.0,2000.0,1.5015015015015012,1.5015015015015012,0.5,10000.0,river:Agrawal,20000,9,0.5,0.0,3,real,gradual,1000,,1.0,False,n/a,slow,real/gradual/K=3/n/a/slow/global/balanced/clean,0.04778947368421049,0.02794736842105261
scn-4d0d9f9a52ac,2028,HDDM_A,0.6649473684210526,0.09665223199999673,3,3.0,3.0,3.0,0.0,0.0,0.0,1.0,1.0,1.0,0.0,642.3333333333334,630.0,inf,10000.0,inf,15.568240788790865,0.0,10000.0,river:Agrawal,20000,9,0.5,0.0,3,real,gradual,1000,,1.0,False,n/a,slow,real/gradual/K=3/n/a/slow/global/balanced/clean,0.07352631578947366,0.0022105263157894406
scn-4d0d9f9a52ac,2028,HDDM_W,0.6578421052631579,0.09278002499968352,13,3.0,13.0,3.0,0.0,6.0,4.0,0.23076923076923078,1.0,0.375,0.0,1231.0,602.0,1666.6666666666667,1666.6666666666667,1.353912808015164,1.353912808015164,0.6,10000.0,river:Agrawal,20000,9,0.5,0.0,3,real,gradual,1000,,1.0,False,n/a,slow,real/gradual/K=3/n/a/slow/global/balanced/clean,0.06642105263157894,0.009315789473684166
scn-4d0d9f9a52ac,2028,FHDDM,0.6652105263157895,0.02353667300030793,4,3.0,4.0,3.0,0.0,0.0,1.0,0.75,1.0,0.8571428571428571,0.0,614.6666666666666,598.0,inf,10000.0,inf,16.26898047722343,0.0,10000.0,river:Agrawal,20000,9,0.5,0.0,3,real,gradual,1000,,1.0,False,n/a,slow,real/gradual/K=3/n/a/slow/global/balanced/clean,0.07378947368421052,0.0019473684210525866
scn-4d0d9f9a52ac,2028,NoDrift,0.591421052631579,0.014979793999827962,0,3.0,0.0,0.0,3.0,0.0,0.0,,0.0,0.0,1.0,,,inf,10000.0,,,0.0,10000.0,river:Agrawal,20000,9,0.5,0.0,3,real,gradual,1000,,1.0,False,n/a,slow,real/gradual/K=3/n/a/slow/global/balanced/clean,0.0,0.0757368421052631
scn-4d0d9f9a52ac,2028,Periodic(2000),0.6521578947368422,0.016658559999996214,9,3.0,9.0,3.0,0.0,5.0,1.0,0.3333333333333333,1.0,0.5,0.0,1333.6666666666667,1667.0,2000.0,2000.0,1.4996250937265683,1.4996250937265683,0.5,10000.0,river:Agrawal,20000,9,0.5,0.0,3,real,gradual,1000,,1.0,False,n/a,slow,real/gradual/K=3/n/a/slow/global/balanced/clean,0.0607368421052632,0.014999999999999902
scn-4d0d9f9a52ac,2028,Oracle,0.6671578947368421,0.018668941999749222,3,3.0,3.0,3.0,0.0,0.0,0.0,1.0,1.0,1.0,0.0,501.0,501.0,inf,10000.0,inf,19.960079840319363,0.0,10000.0,river:Agrawal,20000,9,0.5,0.0,3,real,gradual,1000,,1.0,False,n/a,slow,real/gradual/K=3/n/a/slow/global/balanced/clean,0.0757368421052631,-0.0
scn-4d0d9f9a52ac,2029,ADWIN,0.6636315789473685,0.02327489199979027,3,3.0,3.0,3.0,0.0,0.0,0.0,1.0,1.0,1.0,0.0,832.3333333333334,963.0,inf,10000.0,inf,12.014417300760913,0.0,10000.0,river:Agrawal,20000,9,0.5,0.0,3,real,gradual,1000,,1.0,False,n/a,slow,real/gradual/K=3/n/a/slow/global/balanced/clean,0.07236842105263164,0.006842105263157872
scn-4d0d9f9a52ac,2029,KSWIN,0.6100526315789474,4.266435055999864,2,3.0,2.0,1.0,2.0,1.0,0.0,0.5,0.3333333333333333,0.4,0.6666666666666667,2177.0,2177.0,10000.0,10000.0,1.5311590874291836,1.5311590874291836,0.1,10000.0,river:Agrawal,20000,9,0.5,0.0,3,real,gradual,1000,,1.0,False,n/a,slow,real/gradual/K=3/n/a/slow/global/balanced/clean,0.018789473684210578,0.06042105263157893
scn-4d0d9f9a52ac,2029,PageHinkley,0.656578947368421,0.033266522999838344,7,3.0,7.0,3.0,0.0,3.0,1.0,0.42857142857142855,1.0,0.6,0.0,1113.0,973.0,3333.3333333333335,3333.3333333333335,2.994908655286014,2.994908655286014,0.3,10000.0,river:Agrawal,20000,9,0.5,0.0,3,real,gradual,1000,,1.0,False,n/a,slow,real/gradual/K=3/n/a/slow/global/balanced/clean,0.06531578947368422,0.013894736842105293
scn-4d0d9f9a52ac,2029,PageHinkley-up,0.6722105263157895,0.027316341000187094,3,3.0,3.0,3.0,0.0,0.0,0.0,1.0,1.0,1.0,0.0,583.3333333333334,506.0,inf,10000.0,inf,17.142857142857142,0.0,10000.0,river:Agrawal,20000,9,0.5,0.0,3,real,gradual,1000,,1.0,False,n/a,slow,real/gradual/K=3/n/a/slow/global/balanced/clean,0.08094736842105266,-0.0017368421052631478
scn-4d0d9f9a52ac,2029,DDM,0.636578947368421,0.02511720799975592,1,3.0,1.0,1.0,2.0,0.0,0.0,1.0,0.3333333333333333,0.5,0.6666666666666667,304.0,304.0,inf,10000.0,inf,10.964912280701752,0.0,10000.0,river:Agrawal,20000,9,0.5,0.0,3,real,gradual,1000,,1.0,False,n/a,slow,real/gradual/K=3/n/a/slow/global/balanced/clean,0.0453157894736842,0.03389473684210531
scn-4d0d9f9a52ac,2029,EDDM,0.6347368421052632,0.05030032599961487,22,3.0,22.0,2.0,1.0,18.0,2.0,0.09090909090909091,0.6666666666666666,0.16,0.33333333333333337,1652.5,1652.5,555.5555555555555,555.5555555555555,0.22412730430884742,0.22412730430884742,1.8,10000.0,river:Agrawal,20000,9,0.5,0.0,3,real,gradual,1000,,1.0,False,n/a,slow,real/gradual/K=3/n/a/slow/global/balanced/clean,0.04347368421052633,0.03573684210526318
scn-4d0d9f9a52ac,2029,HDDM_A,0.6677894736842105,0.0771517779999158,3,3.0,3.0,3.0,0.0,0.0,0.0,1.0,1.0,1.0,0.0,648.6666666666666,600.0,inf,10000.0,inf,15.416238437821173,0.0,10000.0,river:Agrawal,20000,9,0.5,0.0,3,real,gradual,1000,,1.0,False,n/a,slow,real/gradual/K=3/n/a/slow/global/balanced/clean,0.07652631578947366,0.0026842105263158444
scn-4d0d9f9a52ac,2029,HDDM_W,0.6604736842105263,0.09491814300008627,16,3.0,16.0,3.0,0.0,10.0,3.0,0.1875,1.0,0.3157894736842105,0.0,618.0,513.0,1000.0,1000.0,1.6181229773462784,1.6181229773462784,1.0,10000.0,river:Agrawal,20000,9,0.5,0.0,3,real,gradual,1000,,1.0,False,n/a,slow,real/gradual/K=3/n/a/slow/global/balanced/clean,0.0692105263157895,0.010000000000000009
scn-4d0d9f9a52ac,2029,FHDDM,0.6694210526315789,0.024682209999809857,5,3.0,5.0,3.0,0.0,2.0,0.0,0.6,1.0,0.7499999999999999,0.0,439.3333333333333,411.0,5000.0,5000.0,11.380880121396055,11.380880121396055,0.2,10000.0,river:Agrawal,20000,9,0.5,0.0,3,real,gradual,1000,,1.0,False,n/a,slow,real/gradual/K=3/n/a/slow/global/balanced/clean,0.07815789473684209,0.001052631578947416
scn-4d0d9f9a52ac,2029,NoDrift,0.5912631578947368,0.01493261200039342,0,3.0,0.0,0.0,3.0,0.0,0.0,,0.0,0.0,1.0,,,inf,10000.0,,,0.0,10000.0,river:Agrawal,20000,9,0.5,0.0,3,real,gradual,1000,,1.0,False,n/a,slow,real/gradual/K=3/n/a/slow/global/balanced/clean,0.0,0.07921052631578951
scn-4d0d9f9a52ac,2029,Periodic(2000),0.6597894736842105,0.016610942000170326,9,3.0,9.0,3.0,0.0,5.0,1.0,0.3333333333333333,1.0,0.5,0.0,1333.6666666666667,1667.0,2000.0,2000.0,1.4996250937265683,1.4996250937265683,0.5,10000.0,river:Agrawal,20000,9,0.5,0.0,3,real,gradual,1000,,1.0,False,n/a,slow,real/gradual/K=3/n/a/slow/global/balanced/clean,0.06852631578947366,0.010684210526315852
scn-4d0d9f9a52ac,2029,Oracle,0.6704736842105263,0.019443340000179887,3,3.0,3.0,3.0,0.0,0.0,0.0,1.0,1.0,1.0,0.0,501.0,501.0,inf,10000.0,inf,19.960079840319363,0.0,10000.0,river:Agrawal,20000,9,0.5,0.0,3,real,gradual,1000,,1.0,False,n/a,slow,real/gradual/K=3/n/a/slow/global/balanced/clean,0.07921052631578951,-0.0
scn-55532f9d2e19,2027,ADWIN,0.8238421052631579,0.016053340999860666,5,3.0,5.0,3.0,0.0,2.0,0.0,0.6,1.0,0.7499999999999999,0.0,65.66666666666667,76.0,6500.0,6500.0,98.98477157360405,98.98477157360405,0.15384615384615385,13000.0,river:STAGGER,20000,3,0.5,0.0,3,real,sudden,0,,1.0,False,n/a,abrupt,real/sudden/K=3/n/a/abrupt/global/balanced/clean,0.2081052631578948,0.005631578947368432
scn-55532f9d2e19,2027,KSWIN,0.8267894736842105,4.070223066000381,3,3.0,3.0,3.0,0.0,0.0,0.0,1.0,1.0,1.0,0.0,23.666666666666668,22.0,inf,13000.0,inf,549.2957746478872,0.0,13000.0,river:STAGGER,20000,3,0.5,0.0,3,real,sudden,0,,1.0,False,n/a,abrupt,real/sudden/K=3/n/a/abrupt/global/balanced/clean,0.21105263157894738,0.0026842105263158444
scn-55532f9d2e19,2027,PageHinkley,0.8181052631578948,0.020535665999886987,3,3.0,3.0,3.0,0.0,0.0,0.0,1.0,1.0,1.0,0.0,115.33333333333333,105.0,inf,13000.0,inf,112.71676300578035,0.0,13000.0,river:STAGGER,20000,3,0.5,0.0,3,real,sudden,0,,1.0,False,n/a,abrupt,real/sudden/K=3/n/a/abrupt/global/balanced/clean,0.20236842105263164,0.011368421052631583
scn-55532f9d2e19,2027,PageHinkley-up,0.8181052631578948,0.023404839000249922,3,3.0,3.0,3.0,0.0,0.0,0.0,1.0,1.0,1.0,0.0,115.33333333333333,105.0,inf,13000.0,inf,112.71676300578035,0.0,13000.0,river:STAGGER,20000,3,0.5,0.0,3,real,sudden,0,,1.0,False,n/a,abrupt,real/sudden/K=3/n/a/abrupt/global/balanced/clean,0.20236842105263164,0.011368421052631583
scn-55532f9d2e19,2027,DDM,0.8226315789473684,0.021198929000092903,7,3.0,7.0,3.0,0.0,2.0,2.0,0.42857142857142855,1.0,0.6,0.0,114.0,80.0,6500.0,6500.0,57.01754385964912,57.01754385964912,0.15384615384615385,13000.0,river:STAGGER,20000,3,0.5,0.0,3,real,sudden,0,,1.0,False,n/a,abrupt,real/sudden/K=3/n/a/abrupt/global/balanced/clean,0.20689473684210524,0.006842105263157983
scn-55532f9d2e19,2027,EDDM,0.8137368421052632,0.04197208799996588,41,3.0,41.0,3.0,0.0,25.0,13.0,0.07317073170731707,1.0,0.13636363636363635,0.0,189.33333333333334,169.0,520.0,520.0,2.7464788732394365,2.7464788732394365,1.9230769230769231,13000.0,river:STAGGER,20000,3,0.5,0.0,3,real,sudden,0,,1.0,False,n/a,abrupt,real/sudden/K=3/n/a/abrupt/global/balanced/clean,0.19800000000000006,0.01573684210526316
scn-55532f9d2e19,2027,HDDM_A,0.8253684210526315,0.08084701300003871,4,3.0,4.0,3.0,0.0,1.0,0.0,0.75,1.0,0.8571428571428571,0.0,86.66666666666667,64.0,13000.0,13000.0,150.0,150.0,0.07692307692307693,13000.0,river:STAGGER,20000,3,0.5,0.0,3,real,sudden,0,,1.0,False,n/a,abrupt,real/sudden/K=3/n/a/abrupt/global/balanced/clean,0.2096315789473684,0.004105263157894834
scn-55532f9d2e19,2027,HDDM_W,0.8281052631578948,0.07175648800011913,7,3.0,7.0,3.0,0.0,2.0,2.0,0.42857142857142855,1.0,0.6,0.0,16.666666666666668,15.0,6500.0,6500.0,390.0,390.0,0.15384615384615385,13000.0,river:STAGGER,20000,3,0.5,0.0,3,real,sudden,0,,1.0,False,n/a,abrupt,real/sudden/K=3/n/a/abrupt/global/balanced/clean,0.21236842105263165,0.0013684210526315743
scn-55532f9d2e19,2027,FHDDM,0.8267894736842105,0.017281256999922334,3,3.0,3.0,3.0,0.0,0.0,0.0,1.0,1.0,1.0,0.0,38.333333333333336,34.0,inf,13000.0,inf,339.1304347826087,0.0,13000.0,river:STAGGER,20000,3,0.5,0.0,3,real,sudden,0,,1.0,False,n/a,abrupt,real/sudden/K=3/n/a/abrupt/global/balanced/clean,0.21105263157894738,0.0026842105263158444
scn-55532f9d2e19,2027,NoDrift,0.6157368421052631,0.008966070000042237,0,3.0,0.0,0.0,3.0,0.0,0.0,,0.0,0.0,1.0,,,inf,13000.0,,,0.0,13000.0,river:STAGGER,20000,3,0.5,0.0,3,real,sudden,0,,1.0,False,n/a,abrupt,real/sudden/K=3/n/a/abrupt/global/balanced/clean,0.0,0.21373684210526323
scn-55532f9d2e19,2027,Periodic(2000),0.8232105263157895,0.010126619999937247,9,3.0,9.0,3.0,0.0,6.0,0.0,0.3333333333333333,1.0,0.5,0.0,1500.3333333333333,1500.0,2166.6666666666665,2166.6666666666665,1.4441235281048657,1.4441235281048657,0.46153846153846156,13000.0,river:STAGGER,20000,3,0.5,0.0,3,real,sudden,0,,1.0,False,n/a,abrupt,real/sudden/K=3/n/a/abrupt/global/balanced/clean,0.20747368421052637,0.006263157894736859
scn-55532f9d2e19,2027,Oracle,0.8294736842105264,0.011462977000064711,3,3.0,3.0,3.0,0.0,0.0,0.0,1.0,1.0,1.0,0.0,1.0,1.0,inf,13000.0,inf,13000.0,0.0,13000.0,river:STAGGER,20000,3,0.5,0.0,3,real,sudden,0,,1.0,False,n/a,abrupt,real/sudden/K=3/n/a/abrupt/global/balanced/clean,0.21373684210526323,-0.0
scn-55532f9d2e19,2028,ADWIN,0.8163157894736842,0.019985879000159912,3,3.0,3.0,3.0,0.0,0.0,0.0,1.0,1.0,1.0,0.0,33.666666666666664,42.0,inf,13000.0,inf,386.13861386138615,0.0,13000.0,river:STAGGER,20000,3,0.5,0.0,3,real,sudden,0,,1.0,False,n/a,abrupt,real/sudden/K=3/n/a/abrupt/global/balanced/clean,0.20057894736842108,0.00042105263157898865
scn-55532f9d2e19,2028,KSWIN,0.8177368421052632,4.009834635000061,2,3.0,2.0,2.0,1.0,0.0,0.0,1.0,0.6666666666666666,0.8,0.33333333333333337,25.5,25.5,inf,13000.0,inf,339.8692810457516,0.0,13000.0,river:STAGGER,20000,3,0.5,0.0,3,real,sudden,0,,1.0,False,n/a,abrupt,real/sudden/K=3/n/a/abrupt/global/balanced/clean,0.20200000000000007,-0.0010000000000000009
scn-55532f9d2e19,2028,PageHinkley,0.8101578947368421,0.022300403999906848,3,3.0,3.0,3.0,0.0,0.0,0.0,1.0,1.0,1.0,0.0,66.66666666666667,90.0,inf,13000.0,inf,195.0,0.0,13000.0,river:STAGGER,20000,3,0.5,0.0,3,real,sudden,0,,1.0,False,n/a,abrupt,real/sudden/K=3/n/a/abrupt/global/balanced/clean,0.19442105263157894,0.006578947368421129
scn-55532f9d2e19,2028,PageHinkley-up,0.8101578947368421,0.01996298599988222,3,3.0,3.0,3.0,0.0,0.0,0.0,1.0,1.0,1.0,0.0,66.66666666666667,90.0,inf,13000.0,inf,195.0,0.0,13000.0,river:STAGGER,20000,3,0.5,0.0,3,real,sudden,0,,1.0,False,n/a,abrupt,real/sudden/K=3/n/a/abrupt/global/balanced/clean,0.19442105263157894,0.006578947368421129
scn-55532f9d2e19,2028,DDM,0.8091052631578948,0.019963202999861096,4,3.0,4.0,3.0,0.0,1.0,0.0,0.75,1.0,0.8571428571428571,0.0,109.0,86.0,13000.0,13000.0,119.26605504587155,119.26605504587155,0.07692307692307693,13000.0,river:STAGGER,20000,3,0.5,0.0,3,real,sudden,0,,1.0,False,n/a,abrupt,real/sudden/K=3/n/a/abrupt/global/balanced/clean,0.19336842105263163,0.007631578947368434
scn-55532f9d2e19,2028,EDDM,0.805,0.03057453900009932,26,3.0,26.0,3.0,0.0,10.0,13.0,0.11538461538461539,1.0,0.20689655172413793,0.0,281.0,49.0,1300.0,1300.0,4.6263345195729535,4.6263345195729535,0.7692307692307693,13000.0,river:STAGGER,20000,3,0.5,0.0,3,real,sudden,0,,1.0,False,n/a,abrupt,real/sudden/K=3/n/a/abrupt/global/balanced/clean,0.1892631578947369,0.011736842105263157
scn-55532f9d2e19,2028,HDDM_A,0.8139473684210526,0.07865122599969254,3,3.0,3.0,3.0,0.0,0.0,0.0,1.0,1.0,1.0,0.0,62.333333333333336,28.0,inf,13000.0,inf,208.55614973262033,0.0,13000.0,river:STAGGER,20000,3,0.5,0.0,3,real,sudden,0,,1.0,False,n/a,abrupt,real/sudden/K=3/n/a/abrupt/global/balanced/clean,0.1982105263157895,0.002789473684210564
scn-55532f9d2e19,2028,HDDM_W,0.8153684210526316,0.06557712499989066,5,3.0,5.0,3.0,0.0,2.0,0.0,0.6,1.0,0.7499999999999999,0.0,23.666666666666668,19.0,6500.0,6500.0,274.6478873239436,274.6478873239436,0.15384615384615385,13000.0,river:STAGGER,20000,3,0.5,0.0,3,real,sudden,0,,1.0,False,n/a,abrupt,real/sudden/K=3/n/a/abrupt/global/balanced/clean,0.1996315789473685,0.0013684210526315743
scn-55532f9d2e19,2028,FHDDM,0.8161578947368421,0.017361185000027035,3,3.0,3.0,3.0,0.0,0.0,0.0,1.0,1.0,1.0,0.0,39.0,35.0,inf,13000.0,inf,333.3333333333333,0.0,13000.0,river:STAGGER,20000,3,0.5,0.0,3,real,sudden,0,,1.0,False,n/a,abrupt,real/sudden/K=3/n/a/abrupt/global/balanced/clean,0.20042105263157894,0.0005789473684211233
scn-55532f9d2e19,2028,NoDrift,0.6157368421052631,0.008913423999729275,0,3.0,0.0,0.0,3.0,0.0,0.0,,0.0,0.0,1.0,,,inf,13000.0,,,0.0,13000.0,river:STAGGER,20000,3,0.5,0.0,3,real,sudden,0,,1.0,False,n/a,abrupt,real/sudden/K=3/n/a/abrupt/global/balanced/clean,0.0,0.20100000000000007
scn-55532f9d2e19,2028,Periodic(2000),0.8116842105263158,0.010068104000310996,9,3.0,9.0,3.0,0.0,6.0,0.0,0.3333333333333333,1.0,0.5,0.0,1500.3333333333333,1500.0,2166.6666666666665,2166.6666666666665,1.4441235281048657,1.4441235281048657,0.46153846153846156,13000.0,river:STAGGER,20000,3,0.5,0.0,3,real,sudden,0,,1.0,False,n/a,abrupt,real/sudden/K=3/n/a/abrupt/global/balanced/clean,0.19594736842105265,0.00505263157894742
scn-55532f9d2e19,2028,Oracle,0.8167368421052632,0.01139487199998257,3,3.0,3.0,3.0,0.0,0.0,0.0,1.0,1.0,1.0,0.0,1.0,1.0,inf,13000.0,inf,13000.0,0.0,13000.0,river:STAGGER,20000,3,0.5,0.0,3,real,sudden,0,,1.0,False,n/a,abrupt,real/sudden/K=3/n/a/abrupt/global/balanced/clean,0.20100000000000007,-0.0
scn-55532f9d2e19,2029,ADWIN,0.8253157894736842,0.018153081000036764,5,3.0,5.0,3.0,0.0,1.0,1.0,0.6,1.0,0.7499999999999999,0.0,55.0,44.0,13000.0,13000.0,236.36363636363637,236.36363636363637,0.07692307692307693,13000.0,river:STAGGER,20000,3,0.5,0.0,3,real,sudden,0,,1.0,False,n/a,abrupt,real/sudden/K=3/n/a/abrupt/global/balanced/clean,0.2155789473684211,0.005157894736842139
scn-55532f9d2e19,2029,KSWIN,0.8305263157894737,4.0576974179998615,3,3.0,3.0,3.0,0.0,0.0,0.0,1.0,1.0,1.0,0.0,25.333333333333332,23.0,inf,13000.0,inf,513.1578947368421,0.0,13000.0,river:STAGGER,20000,3,0.5,0.0,3,real,sudden,0,,1.0,False,n/a,abrupt,real/sudden/K=3/n/a/abrupt/global/balanced/clean,0.22078947368421054,-5.263157894730419e-05
scn-55532f9d2e19,2029,PageHinkley,0.8256842105263158,0.020809153000300284,4,3.0,4.0,3.0,0.0,1.0,0.0,0.75,1.0,0.8571428571428571,0.0,60.0,79.0,13000.0,13000.0,216.66666666666666,216.66666666666666,0.07692307692307693,13000.0,river:STAGGER,20000,3,0.5,0.0,3,real,sudden,0,,1.0,False,n/a,abrupt,real/sudden/K=3/n/a/abrupt/global/balanced/clean,0.21594736842105267,0.004789473684210566
scn-55532f9d2e19,2029,PageHinkley-up,0.8256842105263158,0.020018342999719607,4,3.0,4.0,3.0,0.0,1.0,0.0,0.75,1.0,0.8571428571428571,0.0,60.0,79.0,13000.0,13000.0,216.66666666666666,216.66666666666666,0.07692307692307693,13000.0,river:STAGGER,20000,3,0.5,0.0,3,real,sudden,0,,1.0,False,n/a,abrupt,real/sudden/K=3/n/a/abrupt/global/balanced/clean,0.21594736842105267,0.004789473684210566
scn-55532f9d2e19,2029,DDM,0.815,0.02040975099998832,6,3.0,6.0,3.0,0.0,3.0,0.0,0.5,1.0,0.6666666666666666,0.0,156.66666666666666,38.0,4333.333333333333,4333.333333333333,27.659574468085108,27.659574468085108,0.23076923076923078,13000.0,river:STAGGER,20000,3,0.5,0.0,3,real,sudden,0,,1.0,False,n/a,abrupt,real/sudden/K=3/n/a/abrupt/global/balanced/clean,0.20526315789473681,0.015473684210526417
scn-55532f9d2e19,2029,EDDM,0.8233684210526315,0.030186973000127182,26,3.0,26.0,3.0,0.0,17.0,6.0,0.11538461538461539,1.0,0.20689655172413793,0.0,92.66666666666667,19.0,764.7058823529412,764.7058823529412,8.252221752010156,8.252221752010156,1.3076923076923077,13000.0,river:STAGGER,20000,3,0.5,0.0,3,real,sudden,0,,1.0,False,n/a,abrupt,real/sudden/K=3/n/a/abrupt/global/balanced/clean,0.2136315789473684,0.007105263157894837
scn-55532f9d2e19,2029,HDDM_A,0.8296315789473684,0.07722199399995588,3,3.0,3.0,3.0,0.0,0.0,0.0,1.0,1.0,1.0,0.0,28.333333333333332,22.0,inf,13000.0,inf,458.82352941176475,0.0,13000.0,river:STAGGER,20000,3,0.5,0.0,3,real,sudden,0,,1.0,False,n/a,abrupt,real/sudden/K=3/n/a/abrupt/global/balanced/clean,0.21989473684210525,0.0008421052631579773
scn-55532f9d2e19,2029,HDDM_W,0.8313157894736842,0.06942706799964071,4,3.0,4.0,3.0,0.0,1.0,0.0,0.75,1.0,0.8571428571428571,0.0,12.666666666666666,11.0,13000.0,13000.0,1026.3157894736842,1026.3157894736842,0.07692307692307693,13000.0,river:STAGGER,20000,3,0.5,0.0,3,real,sudden,0,,1.0,False,n/a,abrupt,real/sudden/K=3/n/a/abrupt/global/balanced/clean,0.2215789473684211,-0.0008421052631578663
scn-55532f9d2e19,2029,FHDDM,0.8299473684210527,0.01774778899971352,4,3.0,4.0,3.0,0.0,1.0,0.0,0.75,1.0,0.8571428571428571,0.0,37.0,38.0,13000.0,13000.0,351.35135135135135,351.35135135135135,0.07692307692307693,13000.0,river:STAGGER,20000,3,0.5,0.0,3,real,sudden,0,,1.0,False,n/a,abrupt,real/sudden/K=3/n/a/abrupt/global/balanced/clean,0.22021052631578952,0.000526315789473708
scn-55532f9d2e19,2029,NoDrift,0.6097368421052631,0.009222651000072801,0,3.0,0.0,0.0,3.0,0.0,0.0,,0.0,0.0,1.0,,,inf,13000.0,,,0.0,13000.0,river:STAGGER,20000,3,0.5,0.0,3,real,sudden,0,,1.0,False,n/a,abrupt,real/sudden/K=3/n/a/abrupt/global/balanced/clean,0.0,0.22073684210526323
scn-55532f9d2e19,2029,Periodic(2000),0.8054210526315789,0.010109656000167888,9,3.0,9.0,3.0,0.0,6.0,0.0,0.3333333333333333,1.0,0.5,0.0,1500.3333333333333,1500.0,2166.6666666666665,2166.6666666666665,1.4441235281048657,1.4441235281048657,0.46153846153846156,13000.0,river:STAGGER,20000,3,0.5,0.0,3,real,sudden,0,,1.0,False,n/a,abrupt,real/sudden/K=3/n/a/abrupt/global/balanced/clean,0.1956842105263158,0.025052631578947437
scn-55532f9d2e19,2029,Oracle,0.8304736842105264,0.011678097000185517,3,3.0,3.0,3.0,0.0,0.0,0.0,1.0,1.0,1.0,0.0,1.0,1.0,inf,13000.0,inf,13000.0,0.0,13000.0,river:STAGGER,20000,3,0.5,0.0,3,real,sudden,0,,1.0,False,n/a,abrupt,real/sudden/K=3/n/a/abrupt/global/balanced/clean,0.22073684210526323,-0.0
scn-4f689bfaecd3,2027,ADWIN,0.8238947368421052,0.01839124400021319,7,3.0,7.0,3.0,0.0,0.0,4.0,0.42857142857142855,1.0,0.6,0.0,320.3333333333333,320.0,inf,10000.0,inf,31.217481789802292,0.0,10000.0,river:STAGGER,20000,3,0.5,0.0,3,real,gradual,1000,,1.0,False,n/a,slow,real/gradual/K=3/n/a/slow/global/balanced/clean,0.2061578947368421,0.13178947368421057
scn-4f689bfaecd3,2027,KSWIN,0.6928947368421052,4.081013066999731,2,3.0,2.0,2.0,1.0,0.0,0.0,1.0,0.6666666666666666,0.8,0.33333333333333337,1939.5,1939.5,inf,10000.0,inf,3.437312021998797,0.0,10000.0,river:STAGGER,20000,3,0.5,0.0,3,real,gradual,1000,,1.0,False,n/a,slow,real/gradual/K=3/n/a/slow/global/balanced/clean,0.07515789473684209,0.2627894736842106
scn-4f689bfaecd3,2027,PageHinkley,0.8223684210526315,0.021669306000148936,7,3.0,7.0,3.0,0.0,0.0,4.0,0.42857142857142855,1.0,0.6,0.0,361.3333333333333,355.0,inf,10000.0,inf,27.67527675276753,0.0,10000.0,river:STAGGER,20000,3,0.5,0.0,3,real,gradual,1000,,1.0,False,n/a,slow,real/gradual/K=3/n/a/slow/global/balanced/clean,0.2046315789473684,0.13331578947368428
scn-4f689bfaecd3,2027,PageHinkley-up,0.952421052631579,0.020111428000291198,3,3.0,3.0,3.0,0.0,0.0,0.0,1.0,1.0,1.0,0.0,475.3333333333333,446.0,inf,10000.0,inf,21.03786816269285,0.0,10000.0,river:STAGGER,20000,3,0.5,0.0,3,real,gradual,1000,,1.0,False,n/a,slow,real/gradual/K=3/n/a/slow/global/balanced/clean,0.3346842105263158,0.0032631578947368567
scn-4f689bfaecd3,2027,DDM,0.9552105263157895,0.021355389000291325,5,3.0,5.0,3.0,0.0,1.0,1.0,0.6,1.0,0.7499999999999999,0.0,373.3333333333333,341.0,10000.0,10000.0,26.78571428571429,26.78571428571429,0.1,10000.0,river:STAGGER,20000,3,0.5,0.0,3,real,gradual,1000,,1.0,False,n/a,slow,real/gradual/K=3/n/a/slow/global/balanced/clean,0.33747368421052637,0.00047368421052629284
scn-4f689bfaecd3,2027,EDDM,0.9435789473684211,0.02176499799998055,15,3.0,15.0,3.0,0.0,6.0,6.0,0.2,1.0,0.33333333333333337,0.0,297.6666666666667,212.0,1666.6666666666667,1666.6666666666667,5.599104143337066,5.599104143337066,0.6,10000.0,river:STAGGER,20000,3,0.5,0.0,3,real,gradual,1000,,1.0,False,n/a,slow,real/gradual/K=3/n/a/slow/global/balanced/clean,0.32584210526315793,0.01210526315789473
scn-4f689bfaecd3,2027,HDDM_A,0.9495789473684211,0.1746058250000715,3,3.0,3.0,3.0,0.0,0.0,0.0,1.0,1.0,1.0,0.0,421.6666666666667,412.0,inf,10000.0,inf,23.715415019762844,0.0,10000.0,river:STAGGER,20000,3,0.5,0.0,3,real,gradual,1000,,1.0,False,n/a,slow,real/gradual/K=3/n/a/slow/global/balanced/clean,0.33184210526315794,0.006105263157894725
scn-4f689bfaecd3,2027,HDDM_W,0.953421052631579,0.0829130229999464,3,3.0,3.0,3.0,0.0,0.0,0.0,1.0,1.0,1.0,0.0,542.0,567.0,inf,10000.0,inf,18.45018450184502,0.0,10000.0,river:STAGGER,20000,3,0.5,0.0,3,real,gradual,1000,,1.0,False,n/a,slow,real/gradual/K=3/n/a/slow/global/balanced/clean,0.3356842105263158,0.002263157894736856
scn-4f689bfaecd3,2027,FHDDM,0.9532631578947368,0.01686552799992569,3,3.0,3.0,3.0,0.0,0.0,0.0,1.0,1.0,1.0,0.0,484.6666666666667,519.0,inf,10000.0,inf,20.63273727647868,0.0,10000.0,river:STAGGER,20000,3,0.5,0.0,3,real,gradual,1000,,1.0,False,n/a,slow,real/gradual/K=3/n/a/slow/global/balanced/clean,0.3355263157894737,0.0024210526315789904
scn-4f689bfaecd3,2027,NoDrift,0.6177368421052631,0.009015361999900051,0,3.0,0.0,0.0,3.0,0.0,0.0,,0.0,0.0,1.0,,,inf,10000.0,,,0.0,10000.0,river:STAGGER,20000,3,0.5,0.0,3,real,gradual,1000,,1.0,False,n/a,slow,real/gradual/K=3/n/a/slow/global/balanced/clean,0.0,0.33794736842105266
scn-4f689bfaecd3,2027,Periodic(2000),0.8275263157894737,0.010124865999841859,9,3.0,9.0,3.0,0.0,5.0,1.0,0.3333333333333333,1.0,0.5,0.0,1333.6666666666667,1667.0,2000.0,2000.0,1.4996250937265683,1.4996250937265683,0.5,10000.0,river:STAGGER,20000,3,0.5,0.0,3,real,gradual,1000,,1.0,False,n/a,slow,real/gradual/K=3/n/a/slow/global/balanced/clean,0.20978947368421053,0.12815789473684214
scn-4f689bfaecd3,2027,Oracle,0.9556842105263158,0.01130746899980295,3,3.0,3.0,3.0,0.0,0.0,0.0,1.0,1.0,1.0,0.0,501.0,501.0,inf,10000.0,inf,19.960079840319363,0.0,10000.0,river:STAGGER,20000,3,0.5,0.0,3,real,gradual,1000,,1.0,False,n/a,slow,real/gradual/K=3/n/a/slow/global/balanced/clean,0.33794736842105266,-0.0
scn-4f689bfaecd3,2028,ADWIN,0.8171052631578948,0.015943788000186032,6,3.0,6.0,3.0,0.0,0.0,3.0,0.5,1.0,0.6666666666666666,0.0,352.3333333333333,320.0,inf,10000.0,inf,28.38221381267739,0.0,10000.0,river:STAGGER,20000,3,0.5,0.0,3,real,gradual,1000,,1.0,False,n/a,slow,real/gradual/K=3/n/a/slow/global/balanced/clean,0.19847368421052636,0.1364736842105263
scn-4f689bfaecd3,2028,KSWIN,0.6829473684210526,4.131144377000055,1,3.0,1.0,0.0,3.0,1.0,0.0,0.0,0.0,0.0,1.0,,,10000.0,10000.0,,,0.1,10000.0,river:STAGGER,20000,3,0.5,0.0,3,real,gradual,1000,,1.0,False,n/a,slow,real/gradual/K=3/n/a/slow/global/balanced/clean,0.06431578947368422,0.27063157894736845
scn-4f689bfaecd3,2028,PageHinkley,0.840842105263158,0.021139457999652222,6,3.0,6.0,3.0,0.0,0.0,3.0,0.5,1.0,0.6666666666666666,0.0,334.0,295.0,inf,10000.0,inf,29.940119760479043,0.0,10000.0,river:STAGGER,20000,3,0.5,0.0,3,real,gradual,1000,,1.0,False,n/a,slow,real/gradual/K=3/n/a/slow/global/balanced/clean,0.22221052631578952,0.11273684210526314
scn-4f689bfaecd3,2028,PageHinkley-up,0.9462105263157895,0.019979274999968766,3,3.0,3.0,3.0,0.0,0.0,0.0,1.0,1.0,1.0,0.0,454.3333333333333,463.0,inf,10000.0,inf,22.010271460014675,0.0,10000.0,river:STAGGER,20000,3,0.5,0.0,3,real,gradual,1000,,1.0,False,n/a,slow,real/gradual/K=3/n/a/slow/global/balanced/clean,0.3275789473684211,0.00736842105263158
scn-4f689bfaecd3,2028,DDM,0.9527894736842105,0.0200596710001264,4,3.0,4.0,3.0,0.0,0.0,1.0,0.75,1.0,0.8571428571428571,0.0,387.6666666666667,311.0,inf,10000.0,inf,25.79535683576956,0.0,10000.0,river:STAGGER,20000,3,0.5,0.0,3,real,gradual,1000,,1.0,False,n/a,slow,real/gradual/K=3/n/a/slow/global/balanced/clean,0.3341578947368421,0.0007894736842105621
scn-4f689bfaecd3,2028,EDDM,0.9458947368421052,0.022099672999956965,16,3.0,16.0,3.0,0.0,3.0,10.0,0.1875,1.0,0.3157894736842105,0.0,263.6666666666667,192.0,3333.3333333333335,3333.3333333333335,12.642225031605562,12.642225031605562,0.3,10000.0,river:STAGGER,20000,3,0.5,0.0,3,real,gradual,1000,,1.0,False,n/a,slow,real/gradual/K=3/n/a/slow/global/balanced/clean,0.3272631578947368,0.007684210526315849
scn-4f689bfaecd3,2028,HDDM_A,0.9426842105263158,0.16639320400008728,3,3.0,3.0,3.0,0.0,0.0,0.0,1.0,1.0,1.0,0.0,402.0,434.0,inf,10000.0,inf,24.875621890547265,0.0,10000.0,river:STAGGER,20000,3,0.5,0.0,3,real,gradual,1000,,1.0,False,n/a,slow,real/gradual/K=3/n/a/slow/global/balanced/clean,0.32405263157894737,0.01089473684210529
scn-4f689bfaecd3,2028,HDDM_W,0.9500526315789474,0.0814941080002427,3,3.0,3.0,3.0,0.0,0.0,0.0,1.0,1.0,1.0,0.0,538.0,509.0,inf,10000.0,inf,18.587360594795538,0.0,10000.0,river:STAGGER,20000,3,0.5,0.0,3,real,gradual,1000,,1.0,False,n/a,slow,real/gradual/K=3/n/a/slow/global/balanced/clean,0.33142105263157895,0.0035263157894737107
scn-4f689bfaecd3,2028,FHDDM,0.9462631578947368,0.01640342500013503,3,3.0,3.0,3.0,0.0,0.0,0.0,1.0,1.0,1.0,0.0,468.0,501.0,inf,10000.0,inf,21.367521367521366,0.0,10000.0,river:STAGGER,20000,3,0.5,0.0,3,real,gradual,1000,,1.0,False,n/a,slow,real/gradual/K=3/n/a/slow/global/balanced/clean,0.3276315789473684,0.0073157894736842755
scn-4f689bfaecd3,2028,NoDrift,0.6186315789473684,0.008982180000202789,0,3.0,0.0,0.0,3.0,0.0,0.0,,0.0,0.0,1.0,,,inf,10000.0,,,0.0,10000.0,river:STAGGER,20000,3,0.5,0.0,3,real,gradual,1000,,1.0,False,n/a,slow,real/gradual/K=3/n/a/slow/global/balanced/clean,0.0,0.33494736842105266
scn-4f689bfaecd3,2028,Periodic(2000),0.8166842105263158,0.009915534999890951,9,3.0,9.0,3.0,0.0,5.0,1.0,0.3333333333333333,1.0,0.5,0.0,1333.6666666666667,1667.0,2000.0,2000.0,1.4996250937265683,1.4996250937265683,0.5,10000.0,river:STAGGER,20000,3,0.5,0.0,3,real,gradual,1000,,1.0,False,n/a,slow,real/gradual/K=3/n/a/slow/global/balanced/clean,0.19805263157894737,0.1368947368421053
scn-4f689bfaecd3,2028,Oracle,0.9535789473684211,0.011335672999848612,3,3.0,3.0,3.0,0.0,0.0,0.0,1.0,1.0,1.0,0.0,501.0,501.0,inf,10000.0,inf,19.960079840319363,0.0,10000.0,river:STAGGER,20000,3,0.5,0.0,3,real,gradual,1000,,1.0,False,n/a,slow,real/gradual/K=3/n/a/slow/global/balanced/clean,0.33494736842105266,-0.0
scn-4f689bfaecd3,2029,ADWIN,0.8207894736842105,0.025724021999849356,8,3.0,8.0,3.0,0.0,1.0,4.0,0.375,1.0,0.5454545454545454,0.0,341.6666666666667,384.0,10000.0,10000.0,29.268292682926827,29.268292682926827,0.1,10000.0,river:STAGGER,20000,3,0.5,0.0,3,real,gradual,1000,,1.0,False,n/a,slow,real/gradual/K=3/n/a/slow/global/balanced/clean,0.20857894736842109,0.12905263157894742
scn-4f689bfaecd3,2029,KSWIN,0.7019473684210527,3.9583306980002817,1,3.0,1.0,1.0,2.0,0.0,0.0,1.0,0.3333333333333333,0.5,0.6666666666666667,404.0,404.0,inf,10000.0,inf,8.25082508250825,0.0,10000.0,river:STAGGER,20000,3,0.5,0.0,3,real,gradual,1000,,1.0,False,n/a,slow,real/gradual/K=3/n/a/slow/global/balanced/clean,0.08973684210526323,0.24789473684210528
scn-4f689bfaecd3,2029,PageHinkley,0.8208947368421052,0.021498397999948793,7,3.0,7.0,3.0,0.0,1.0,3.0,0.42857142857142855,1.0,0.6,0.0,356.0,225.0,10000.0,10000.0,28.089887640449437,28.089887640449437,0.1,10000.0,river:STAGGER,20000,3,0.5,0.0,3,real,gradual,1000,,1.0,False,n/a,slow,real/gradual/K=3/n/a/slow/global/balanced/clean,0.2086842105263158,0.1289473684210527
scn-4f689bfaecd3,2029,PageHinkley-up,0.9394210526315789,0.019472472999950696,3,3.0,3.0,3.0,0.0,0.0,0.0,1.0,1.0,1.0,0.0,373.6666666666667,381.0,inf,10000.0,inf,26.761819803746654,0.0,10000.0,river:STAGGER,20000,3,0.5,0.0,3,real,gradual,1000,,1.0,False,n/a,slow,real/gradual/K=3/n/a/slow/global/balanced/clean,0.3272105263157895,0.010421052631578998
scn-4f689bfaecd3,2029,DDM,0.9364210526315789,0.019789507999576017,4,3.0,4.0,3.0,0.0,1.0,0.0,0.75,1.0,0.8571428571428571,0.0,360.0,349.0,10000.0,10000.0,27.77777777777778,27.77777777777778,0.1,10000.0,river:STAGGER,20000,3,0.5,0.0,3,real,gradual,1000,,1.0,False,n/a,slow,real/gradual/K=3/n/a/slow/global/balanced/clean,0.3242105263157895,0.013421052631579
scn-4f689bfaecd3,2029,EDDM,0.9446315789473684,0.026672648999920057,22,3.0,22.0,3.0,0.0,10.0,9.0,0.13636363636363635,1.0,0.24000000000000002,0.0,162.33333333333334,197.0,1000.0,1000.0,6.160164271047227,6.160164271047227,1.0,10000.0,river:STAGGER,20000,3,0.5,0.0,3,real,gradual,1000,,1.0,False,n/a,slow,real/gradual/K=3/n/a/slow/global/balanced/clean,0.33242105263157895,0.005210526315789554
scn-4f689bfaecd3,2029,HDDM_A,0.9399473684210526,0.1499829750000572,3,3.0,3.0,3.0,0.0,0.0,0.0,1.0,1.0,1.0,0.0,444.0,505.0,inf,10000.0,inf,22.52252252252252,0.0,10000.0,river:STAGGER,20000,3,0.5,0.0,3,real,gradual,1000,,1.0,False,n/a,slow,real/gradual/K=3/n/a/slow/global/balanced/clean,0.3277368421052632,0.00989473684210529
scn-4f689bfaecd3,2029,HDDM_W,0.9499473684210527,0.08282827099992573,3,3.0,3.0,3.0,0.0,0.0,0.0,1.0,1.0,1.0,0.0,571.6666666666666,570.0,inf,10000.0,inf,17.49271137026239,0.0,10000.0,river:STAGGER,20000,3,0.5,0.0,3,real,gradual,1000,,1.0,False,n/a,slow,real/gradual/K=3/n/a/slow/global/balanced/clean,0.3377368421052632,-0.0001052631578947194
scn-4f689bfaecd3,2029,FHDDM,0.9458947368421052,0.016856433000157267,3,3.0,3.0,3.0,0.0,0.0,0.0,1.0,1.0,1.0,0.0,490.3333333333333,481.0,inf,10000.0,inf,20.394289598912305,0.0,10000.0,river:STAGGER,20000,3,0.5,0.0,3,real,gradual,1000,,1.0,False,n/a,slow,real/gradual/K=3/n/a/slow/global/balanced/clean,0.3336842105263158,0.003947368421052699
scn-4f689bfaecd3,2029,NoDrift,0.6122105263157894,0.00894400900006076,0,3.0,0.0,0.0,3.0,0.0,0.0,,0.0,0.0,1.0,,,inf,10000.0,,,0.0,10000.0,river:STAGGER,20000,3,0.5,0.0,3,real,gradual,1000,,1.0,False,n/a,slow,real/gradual/K=3/n/a/slow/global/balanced/clean,0.0,0.3376315789473685
scn-4f689bfaecd3,2029,Periodic(2000),0.8112105263157895,0.009944342999915534,9,3.0,9.0,3.0,0.0,5.0,1.0,0.3333333333333333,1.0,0.5,0.0,1333.6666666666667,1667.0,2000.0,2000.0,1.4996250937265683,1.4996250937265683,0.5,10000.0,river:STAGGER,20000,3,0.5,0.0,3,real,gradual,1000,,1.0,False,n/a,slow,real/gradual/K=3/n/a/slow/global/balanced/clean,0.19900000000000007,0.13863157894736844
scn-4f689bfaecd3,2029,Oracle,0.9498421052631579,0.011505461000069772,3,3.0,3.0,3.0,0.0,0.0,0.0,1.0,1.0,1.0,0.0,501.0,501.0,inf,10000.0,inf,19.960079840319363,0.0,10000.0,river:STAGGER,20000,3,0.5,0.0,3,real,gradual,1000,,1.0,False,n/a,slow,real/gradual/K=3/n/a/slow/global/balanced/clean,0.3376315789473685,-0.0
scn-84c7399e35c7,2027,ADWIN,0.8770526315789474,0.01488656900028218,3,3.0,3.0,3.0,0.0,0.0,0.0,1.0,1.0,1.0,0.0,44.333333333333336,44.0,inf,13000.0,inf,293.2330827067669,0.0,13000.0,river:Sine,20000,2,0.5,0.0,3,real,sudden,0,,1.0,False,n/a,abrupt,real/sudden/K=3/n/a/abrupt/global/balanced/clean,0.33884210526315794,0.004578947368421016
scn-84c7399e35c7,2027,KSWIN,0.879578947368421,4.025082438000027,3,3.0,3.0,3.0,0.0,0.0,0.0,1.0,1.0,1.0,0.0,19.666666666666668,22.0,inf,13000.0,inf,661.0169491525423,0.0,13000.0,river:Sine,20000,2,0.5,0.0,3,real,sudden,0,,1.0,False,n/a,abrupt,real/sudden/K=3/n/a/abrupt/global/balanced/clean,0.34136842105263154,0.002052631578947417
scn-84c7399e35c7,2027,PageHinkley,0.874578947368421,0.019743360000120447,3,3.0,3.0,3.0,0.0,0.0,0.0,1.0,1.0,1.0,0.0,62.666666666666664,60.0,inf,13000.0,inf,207.4468085106383,0.0,13000.0,river:Sine,20000,2,0.5,0.0,3,real,sudden,0,,1.0,False,n/a,abrupt,real/sudden/K=3/n/a/abrupt/global/balanced/clean,0.33636842105263154,0.007052631578947421
scn-84c7399e35c7,2027,PageHinkley-up,0.874578947368421,0.019024254999749246,3,3.0,3.0,3.0,0.0,0.0,0.0,1.0,1.0,1.0,0.0,62.666666666666664,60.0,inf,13000.0,inf,207.4468085106383,0.0,13000.0,river:Sine,20000,2,0.5,0.0,3,real,sudden,0,,1.0,False,n/a,abrupt,real/sudden/K=3/n/a/abrupt/global/balanced/clean,0.33636842105263154,0.007052631578947421
scn-84c7399e35c7,2027,DDM,0.875421052631579,0.01895174199989924,3,3.0,3.0,3.0,0.0,0.0,0.0,1.0,1.0,1.0,0.0,59.333333333333336,47.0,inf,13000.0,inf,219.1011235955056,0.0,13000.0,river:Sine,20000,2,0.5,0.0,3,real,sudden,0,,1.0,False,n/a,abrupt,real/sudden/K=3/n/a/abrupt/global/balanced/clean,0.3372105263157895,0.006210526315789444
scn-84c7399e35c7,2027,EDDM,0.8645263157894737,0.028696673000013107,32,3.0,32.0,3.0,0.0,17.0,12.0,0.09375,1.0,0.17142857142857143,0.0,65.0,19.0,764.7058823529412,764.7058823529412,11.764705882352942,11.764705882352942,1.3076923076923077,13000.0,river:Sine,20000,2,0.5,0.0,3,real,sudden,0,,1.0,False,n/a,abrupt,real/sudden/K=3/n/a/abrupt/global/balanced/clean,0.3263157894736842,0.017105263157894735
scn-84c7399e35c7,2027,HDDM_A,0.8802631578947369,0.08343584299973372,3,3.0,3.0,3.0,0.0,0.0,0.0,1.0,1.0,1.0,0.0,14.666666666666666,14.0,inf,13000.0,inf,886.3636363636364,0.0,13000.0,river:Sine,20000,2,0.5,0.0,3,real,sudden,0,,1.0,False,n/a,abrupt,real/sudden/K=3/n/a/abrupt/global/balanced/clean,0.3420526315789474,0.0013684210526315743
scn-84c7399e35c7,2027,HDDM_W,0.8807894736842106,0.06205355400015833,3,3.0,3.0,3.0,0.0,0.0,0.0,1.0,1.0,1.0,0.0,11.666666666666666,11.0,inf,13000.0,inf,1114.2857142857144,0.0,13000.0,river:Sine,20000,2,0.5,0.0,3,real,sudden,0,,1.0,False,n/a,abrupt,real/sudden/K=3/n/a/abrupt/global/balanced/clean,0.3425789473684211,0.0008421052631578663
scn-84c7399e35c7,2027,FHDDM,0.8789473684210526,0.016143354999712756,3,3.0,3.0,3.0,0.0,0.0,0.0,1.0,1.0,1.0,0.0,27.0,27.0,inf,13000.0,inf,481.48148148148147,0.0,13000.0,river:Sine,20000,2,0.5,0.0,3,real,sudden,0,,1.0,False,n/a,abrupt,real/sudden/K=3/n/a/abrupt/global/balanced/clean,0.3407368421052631,0.0026842105263158444
scn-84c7399e35c7,2027,NoDrift,0.5382105263157895,0.008182763000149862,0,3.0,0.0,0.0,3.0,0.0,0.0,,0.0,0.0,1.0,,,inf,13000.0,,,0.0,13000.0,river:Sine,20000,2,0.5,0.0,3,real,sudden,0,,1.0,False,n/a,abrupt,real/sudden/K=3/n/a/abrupt/global/balanced/clean,0.0,0.34342105263157896
scn-84c7399e35c7,2027,Periodic(2000),0.8254736842105264,0.009197823999784305,9,3.0,9.0,3.0,0.0,6.0,0.0,0.3333333333333333,1.0,0.5,0.0,1500.3333333333333,1500.0,2166.6666666666665,2166.6666666666665,1.4441235281048657,1.4441235281048657,0.46153846153846156,13000.0,river:Sine,20000,2,0.5,0.0,3,real,sudden,0,,1.0,False,n/a,abrupt,real/sudden/K=3/n/a/abrupt/global/balanced/clean,0.2872631578947369,0.05615789473684207
scn-84c7399e35c7,2027,Oracle,0.8816315789473684,0.010526045999995404,3,3.0,3.0,3.0,0.0,0.0,0.0,1.0,1.0,1.0,0.0,1.0,1.0,inf,13000.0,inf,13000.0,0.0,13000.0,river:Sine,20000,2,0.5,0.0,3,real,sudden,0,,1.0,False,n/a,abrupt,real/sudden/K=3/n/a/abrupt/global/balanced/clean,0.34342105263157896,-0.0
scn-84c7399e35c7,2028,ADWIN,0.8732105263157894,0.015287150999938603,3,3.0,3.0,3.0,0.0,0.0,0.0,1.0,1.0,1.0,0.0,44.333333333333336,44.0,inf,13000.0,inf,293.2330827067669,0.0,13000.0,river:Sine,20000,2,0.5,0.0,3,real,sudden,0,,1.0,False,n/a,abrupt,real/sudden/K=3/n/a/abrupt/global/balanced/clean,0.3292105263157894,0.004578947368421127
scn-84c7399e35c7,2028,KSWIN,0.8760526315789474,4.094857735000005,3,3.0,3.0,3.0,0.0,0.0,0.0,1.0,1.0,1.0,0.0,18.0,16.0,inf,13000.0,inf,722.2222222222222,0.0,13000.0,river:Sine,20000,2,0.5,0.0,3,real,sudden,0,,1.0,False,n/a,abrupt,real/sudden/K=3/n/a/abrupt/global/balanced/clean,0.3320526315789474,0.0017368421052631478
scn-84c7399e35c7,2028,PageHinkley,0.8718421052631579,0.01949337599990031,3,3.0,3.0,3.0,0.0,0.0,0.0,1.0,1.0,1.0,0.0,60.333333333333336,71.0,inf,13000.0,inf,215.4696132596685,0.0,13000.0,river:Sine,20000,2,0.5,0.0,3,real,sudden,0,,1.0,False,n/a,abrupt,real/sudden/K=3/n/a/abrupt/global/balanced/clean,0.3278421052631578,0.005947368421052701
scn-84c7399e35c7,2028,PageHinkley-up,0.8718421052631579,0.019055033999848092,3,3.0,3.0,3.0,0.0,0.0,0.0,1.0,1.0,1.0,0.0,60.333333333333336,71.0,inf,13000.0,inf,215.4696132596685,0.0,13000.0,river:Sine,20000,2,0.5,0.0,3,real,sudden,0,,1.0,False,n/a,abrupt,real/sudden/K=3/n/a/abrupt/global/balanced/clean,0.3278421052631578,0.005947368421052701
scn-84c7399e35c7,2028,DDM,0.8714736842105263,0.019402035999974032,4,3.0,4.0,3.0,0.0,1.0,0.0,0.75,1.0,0.8571428571428571,0.0,56.0,54.0,13000.0,13000.0,232.14285714285714,232.14285714285714,0.07692307692307693,13000.0,river:Sine,20000,2,0.5,0.0,3,real,sudden,0,,1.0,False,n/a,abrupt,real/sudden/K=3/n/a/abrupt/global/balanced/clean,0.32747368421052625,0.006315789473684275
scn-84c7399e35c7,2028,EDDM,0.8660526315789474,0.02343954500020118,20,3.0,20.0,3.0,0.0,5.0,12.0,0.15,1.0,0.2608695652173913,0.0,101.66666666666667,20.0,2600.0,2600.0,25.573770491803277,25.573770491803277,0.38461538461538464,13000.0,river:Sine,20000,2,0.5,0.0,3,real,sudden,0,,1.0,False,n/a,abrupt,real/sudden/K=3/n/a/abrupt/global/balanced/clean,0.32205263157894737,0.011736842105263157
scn-84c7399e35c7,2028,HDDM_A,0.8752105263157894,0.08387859000004028,3,3.0,3.0,3.0,0.0,0.0,0.0,1.0,1.0,1.0,0.0,26.666666666666668,18.0,inf,13000.0,inf,487.5,0.0,13000.0,river:Sine,20000,2,0.5,0.0,3,real,sudden,0,,1.0,False,n/a,abrupt,real/sudden/K=3/n/a/abrupt/global/balanced/clean,0.3312105263157894,0.002578947368421125
scn-84c7399e35c7,2028,HDDM_W,0.8773157894736842,0.06356071000027441,3,3.0,3.0,3.0,0.0,0.0,0.0,1.0,1.0,1.0,0.0,10.666666666666666,11.0,inf,13000.0,inf,1218.75,0.0,13000.0,river:Sine,20000,2,0.5,0.0,3,real,sudden,0,,1.0,False,n/a,abrupt,real/sudden/K=3/n/a/abrupt/global/balanced/clean,0.3333157894736841,0.00047368421052640386
scn-84c7399e35c7,2028,FHDDM,0.875,0.016175583000404004,3,3.0,3.0,3.0,0.0,0.0,0.0,1.0,1.0,1.0,0.0,26.666666666666668,30.0,inf,13000.0,inf,487.5,0.0,13000.0,river:Sine,20000,2,0.5,0.0,3,real,sudden,0,,1.0,False,n/a,abrupt,real/sudden/K=3/n/a/abrupt/global/balanced/clean,0.33099999999999996,0.002789473684210564
scn-84c7399e35c7,2028,NoDrift,0.544,0.008154853000178264,0,3.0,0.0,0.0,3.0,0.0,0.0,,0.0,0.0,1.0,,,inf,13000.0,,,0.0,13000.0,river:Sine,20000,2,0.5,0.0,3,real,sudden,0,,1.0,False,n/a,abrupt,real/sudden/K=3/n/a/abrupt/global/balanced/clean,0.0,0.3337894736842105
scn-84c7399e35c7,2028,Periodic(2000),0.8203684210526315,0.009213451000050554,9,3.0,9.0,3.0,0.0,6.0,0.0,0.3333333333333333,1.0,0.5,0.0,1500.3333333333333,1500.0,2166.6666666666665,2166.6666666666665,1.4441235281048657,1.4441235281048657,0.46153846153846156,13000.0,river:Sine,20000,2,0.5,0.0,3,real,sudden,0,,1.0,False,n/a,abrupt,real/sudden/K=3/n/a/abrupt/global/balanced/clean,0.2763684210526315,0.05742105263157904
scn-84c7399e35c7,2028,Oracle,0.8777894736842106,0.010571703000096022,3,3.0,3.0,3.0,0.0,0.0,0.0,1.0,1.0,1.0,0.0,1.0,1.0,inf,13000.0,inf,13000.0,0.0,13000.0,river:Sine,20000,2,0.5,0.0,3,real,sudden,0,,1.0,False,n/a,abrupt,real/sudden/K=3/n/a/abrupt/global/balanced/clean,0.3337894736842105,-0.0
scn-84c7399e35c7,2029,ADWIN,0.8804736842105263,0.014545827999882022,3,3.0,3.0,3.0,0.0,0.0,0.0,1.0,1.0,1.0,0.0,44.333333333333336,44.0,inf,13000.0,inf,293.2330827067669,0.0,13000.0,river:Sine,20000,2,0.5,0.0,3,real,sudden,0,,1.0,False,n/a,abrupt,real/sudden/K=3/n/a/abrupt/global/balanced/clean,0.3517368421052631,0.005157894736842139
scn-84c7399e35c7,2029,KSWIN,0.8836315789473684,4.0239300410003125,3,3.0,3.0,3.0,0.0,0.0,0.0,1.0,1.0,1.0,0.0,16.0,16.0,inf,13000.0,inf,812.5,0.0,13000.0,river:Sine,20000,2,0.5,0.0,3,real,sudden,0,,1.0,False,n/a,abrupt,real/sudden/K=3/n/a/abrupt/global/balanced/clean,0.35489473684210526,0.0020000000000000018
scn-84c7399e35c7,2029,PageHinkley,0.8818947368421053,0.019327256999986275,3,3.0,3.0,3.0,0.0,0.0,0.0,1.0,1.0,1.0,0.0,34.666666666666664,30.0,inf,13000.0,inf,375.0,0.0,13000.0,river:Sine,20000,2,0.5,0.0,3,real,sudden,0,,1.0,False,n/a,abrupt,real/sudden/K=3/n/a/abrupt/global/balanced/clean,0.3531578947368421,0.0037368421052631495
scn-84c7399e35c7,2029,PageHinkley-up,0.8818947368421053,0.018490643999939493,3,3.0,3.0,3.0,0.0,0.0,0.0,1.0,1.0,1.0,0.0,34.666666666666664,30.0,inf,13000.0,inf,375.0,0.0,13000.0,river:Sine,20000,2,0.5,0.0,3,real,sudden,0,,1.0,False,n/a,abrupt,real/sudden/K=3/n/a/abrupt/global/balanced/clean,0.3531578947368421,0.0037368421052631495
scn-84c7399e35c7,2029,DDM,0.8813684210526316,0.019434444999660627,4,3.0,4.0,3.0,0.0,1.0,0.0,0.75,1.0,0.8571428571428571,0.0,27.666666666666668,18.0,13000.0,13000.0,469.87951807228916,469.87951807228916,0.07692307692307693,13000.0,river:Sine,20000,2,0.5,0.0,3,real,sudden,0,,1.0,False,n/a,abrupt,real/sudden/K=3/n/a/abrupt/global/balanced/clean,0.3526315789473684,0.004263157894736858
scn-84c7399e35c7,2029,EDDM,0.8621052631578947,0.0314902240002084,37,3.0,37.0,3.0,0.0,17.0,17.0,0.08108108108108109,1.0,0.15,0.0,92.66666666666667,86.0,764.7058823529412,764.7058823529412,8.252221752010156,8.252221752010156,1.3076923076923077,13000.0,river:Sine,20000,2,0.5,0.0,3,real,sudden,0,,1.0,False,n/a,abrupt,real/sudden/K=3/n/a/abrupt/global/balanced/clean,0.33336842105263154,0.02352631578947373
scn-84c7399e35c7,2029,HDDM_A,0.8808421052631579,0.08545917500032374,3,3.0,3.0,3.0,0.0,0.0,0.0,1.0,1.0,1.0,0.0,41.333333333333336,28.0,inf,13000.0,inf,314.51612903225805,0.0,13000.0,river:Sine,20000,2,0.5,0.0,3,real,sudden,0,,1.0,False,n/a,abrupt,real/sudden/K=3/n/a/abrupt/global/balanced/clean,0.3521052631578947,0.004789473684210566
scn-84c7399e35c7,2029,HDDM_W,0.883578947368421,0.06299080600001616,3,3.0,3.0,3.0,0.0,0.0,0.0,1.0,1.0,1.0,0.0,12.666666666666666,12.0,inf,13000.0,inf,1026.3157894736842,0.0,13000.0,river:Sine,20000,2,0.5,0.0,3,real,sudden,0,,1.0,False,n/a,abrupt,real/sudden/K=3/n/a/abrupt/global/balanced/clean,0.35484210526315785,0.002052631578947417
scn-84c7399e35c7,2029,FHDDM,0.882421052631579,0.016183671000362665,3,3.0,3.0,3.0,0.0,0.0,0.0,1.0,1.0,1.0,0.0,27.0,25.0,inf,13000.0,inf,481.48148148148147,0.0,13000.0,river:Sine,20000,2,0.5,0.0,3,real,sudden,0,,1.0,False,n/a,abrupt,real/sudden/K=3/n/a/abrupt/global/balanced/clean,0.3536842105263158,0.0032105263157894415
scn-84c7399e35c7,2029,NoDrift,0.5287368421052632,0.008162199999787845,0,3.0,0.0,0.0,3.0,0.0,0.0,,0.0,0.0,1.0,,,inf,13000.0,,,0.0,13000.0,river:Sine,20000,2,0.5,0.0,3,real,sudden,0,,1.0,False,n/a,abrupt,real/sudden/K=3/n/a/abrupt/global/balanced/clean,0.0,0.35689473684210526
scn-84c7399e35c7,2029,Periodic(2000),0.8268421052631579,0.009179906000099436,9,3.0,9.0,3.0,0.0,6.0,0.0,0.3333333333333333,1.0,0.5,0.0,1500.3333333333333,1500.0,2166.6666666666665,2166.6666666666665,1.4441235281048657,1.4441235281048657,0.46153846153846156,13000.0,river:Sine,20000,2,0.5,0.0,3,real,sudden,0,,1.0,False,n/a,abrupt,real/sudden/K=3/n/a/abrupt/global/balanced/clean,0.29810526315789476,0.0587894736842105
scn-84c7399e35c7,2029,Oracle,0.8856315789473684,0.01047688400012703,3,3.0,3.0,3.0,0.0,0.0,0.0,1.0,1.0,1.0,0.0,1.0,1.0,inf,13000.0,inf,13000.0,0.0,13000.0,river:Sine,20000,2,0.5,0.0,3,real,sudden,0,,1.0,False,n/a,abrupt,real/sudden/K=3/n/a/abrupt/global/balanced/clean,0.35689473684210526,-0.0
scn-078a005701b2,2027,ADWIN,0.8463157894736842,0.01534190700022009,6,3.0,6.0,3.0,0.0,0.0,3.0,0.5,1.0,0.6666666666666666,0.0,309.6666666666667,320.0,inf,10000.0,inf,32.29278794402583,0.0,10000.0,river:Sine,20000,2,0.5,0.0,3,real,gradual,1000,,1.0,False,n/a,slow,real/gradual/K=3/n/a/slow/global/balanced/clean,0.30894736842105264,0.010526315789473606
scn-078a005701b2,2027,KSWIN,0.5735789473684211,4.033183162000114,1,3.0,1.0,1.0,2.0,0.0,0.0,1.0,0.3333333333333333,0.5,0.6666666666666667,949.0,949.0,inf,10000.0,inf,3.5124692658939223,0.0,10000.0,river:Sine,20000,2,0.5,0.0,3,real,gradual,1000,,1.0,False,n/a,slow,real/gradual/K=3/n/a/slow/global/balanced/clean,0.03621052631578947,0.2832631578947368
scn-078a005701b2,2027,PageHinkley,0.8477368421052631,0.020543134000035934,6,3.0,6.0,3.0,0.0,0.0,3.0,0.5,1.0,0.6666666666666666,0.0,361.0,362.0,inf,10000.0,inf,27.700831024930746,0.0,10000.0,river:Sine,20000,2,0.5,0.0,3,real,gradual,1000,,1.0,False,n/a,slow,real/gradual/K=3/n/a/slow/global/balanced/clean,0.3103684210526315,0.009105263157894727
scn-078a005701b2,2027,PageHinkley-up,0.8553684210526316,0.01952071200003047,3,3.0,3.0,3.0,0.0,0.0,0.0,1.0,1.0,1.0,0.0,366.3333333333333,360.0,inf,10000.0,inf,27.2975432211101,0.0,10000.0,river:Sine,20000,2,0.5,0.0,3,real,gradual,1000,,1.0,False,n/a,slow,real/gradual/K=3/n/a/slow/global/balanced/clean,0.31799999999999995,0.0014736842105262937
scn-078a005701b2,2027,DDM,0.8497368421052631,0.021509430000151042,4,3.0,4.0,3.0,0.0,0.0,1.0,0.75,1.0,0.8571428571428571,0.0,336.0,315.0,inf,10000.0,inf,29.761904761904763,0.0,10000.0,river:Sine,20000,2,0.5,0.0,3,real,gradual,1000,,1.0,False,n/a,slow,real/gradual/K=3/n/a/slow/global/balanced/clean,0.3123684210526315,0.007105263157894726
scn-078a005701b2,2027,EDDM,0.851,0.02188335700020616,14,3.0,14.0,3.0,0.0,4.0,7.0,0.21428571428571427,1.0,0.35294117647058826,0.0,439.0,353.0,2500.0,2500.0,5.694760820045558,5.694760820045558,0.4,10000.0,river:Sine,20000,2,0.5,0.0,3,real,gradual,1000,,1.0,False,n/a,slow,real/gradual/K=3/n/a/slow/global/balanced/clean,0.3136315789473684,0.005842105263157871
scn-078a005701b2,2027,HDDM_A,0.8535263157894737,0.11516604999997071,3,3.0,3.0,3.0,0.0,0.0,0.0,1.0,1.0,1.0,0.0,326.0,335.0,inf,10000.0,inf,30.67484662576687,0.0,10000.0,river:Sine,20000,2,0.5,0.0,3,real,gradual,1000,,1.0,False,n/a,slow,real/gradual/K=3/n/a/slow/global/balanced/clean,0.3161578947368421,0.003315789473684161
scn-078a005701b2,2027,HDDM_W,0.8535263157894737,0.06486031399981584,4,3.0,4.0,3.0,0.0,0.0,1.0,0.75,1.0,0.8571428571428571,0.0,329.0,315.0,inf,10000.0,inf,30.3951367781155,0.0,10000.0,river:Sine,20000,2,0.5,0.0,3,real,gradual,1000,,1.0,False,n/a,slow,real/gradual/K=3/n/a/slow/global/balanced/clean,0.3161578947368421,0.003315789473684161
scn-078a005701b2,2027,FHDDM,0.8498421052631578,0.016696433999641158,5,3.0,5.0,3.0,0.0,0.0,2.0,0.6,1.0,0.7499999999999999,0.0,281.6666666666667,308.0,inf,10000.0,inf,35.50295857988166,0.0,10000.0,river:Sine,20000,2,0.5,0.0,3,real,gradual,1000,,1.0,False,n/a,slow,real/gradual/K=3/n/a/slow/global/balanced/clean,0.31247368421052624,0.007000000000000006
scn-078a005701b2,2027,NoDrift,0.5373684210526316,0.008148036999955366,0,3.0,0.0,0.0,3.0,0.0,0.0,,0.0,0.0,1.0,,,inf,10000.0,,,0.0,10000.0,river:Sine,20000,2,0.5,0.0,3,real,gradual,1000,,1.0,False,n/a,slow,real/gradual/K=3/n/a/slow/global/balanced/clean,0.0,0.31947368421052624
scn-078a005701b2,2027,Periodic(2000),0.8184210526315789,0.009775817999980063,9,3.0,9.0,3.0,0.0,5.0,1.0,0.3333333333333333,1.0,0.5,0.0,1333.6666666666667,1667.0,2000.0,2000.0,1.4996250937265683,1.4996250937265683,0.5,10000.0,river:Sine,20000,2,0.5,0.0,3,real,gradual,1000,,1.0,False,n/a,slow,real/gradual/K=3/n/a/slow/global/balanced/clean,0.28105263157894733,0.03842105263157891
scn-078a005701b2,2027,Oracle,0.8568421052631578,0.010524177000206691,3,3.0,3.0,3.0,0.0,0.0,0.0,1.0,1.0,1.0,0.0,501.0,501.0,inf,10000.0,inf,19.960079840319363,0.0,10000.0,river:Sine,20000,2,0.5,0.0,3,real,gradual,1000,,1.0,False,n/a,slow,real/gradual/K=3/n/a/slow/global/balanced/clean,0.31947368421052624,-0.0
scn-078a005701b2,2028,ADWIN,0.8421052631578947,0.014892502000293462,6,3.0,6.0,3.0,0.0,0.0,3.0,0.5,1.0,0.6666666666666666,0.0,320.3333333333333,286.0,inf,10000.0,inf,31.217481789802292,0.0,10000.0,river:Sine,20000,2,0.5,0.0,3,real,gradual,1000,,1.0,False,n/a,slow,real/gradual/K=3/n/a/slow/global/balanced/clean,0.29805263157894735,0.013368421052631585
scn-078a005701b2,2028,KSWIN,0.5591052631578948,4.015241993000018,2,3.0,2.0,0.0,3.0,2.0,0.0,0.0,0.0,0.0,1.0,,,5000.0,5000.0,,,0.2,10000.0,river:Sine,20000,2,0.5,0.0,3,real,gradual,1000,,1.0,False,n/a,slow,real/gradual/K=3/n/a/slow/global/balanced/clean,0.015052631578947429,0.2963684210526315
scn-078a005701b2,2028,PageHinkley,0.8448947368421053,0.02035925199970734,6,3.0,6.0,3.0,0.0,0.0,3.0,0.5,1.0,0.6666666666666666,0.0,385.3333333333333,383.0,inf,10000.0,inf,25.951557093425606,0.0,10000.0,river:Sine,20000,2,0.5,0.0,3,real,gradual,1000,,1.0,False,n/a,slow,real/gradual/K=3/n/a/slow/global/balanced/clean,0.3008421052631579,0.010578947368421021
scn-078a005701b2,2028,PageHinkley-up,0.8494736842105263,0.018838090999906854,3,3.0,3.0,3.0,0.0,0.0,0.0,1.0,1.0,1.0,0.0,375.0,352.0,inf,10000.0,inf,26.666666666666668,0.0,10000.0,river:Sine,20000,2,0.5,0.0,3,real,gradual,1000,,1.0,False,n/a,slow,real/gradual/K=3/n/a/slow/global/balanced/clean,0.3054210526315789,0.006000000000000005
scn-078a005701b2,2028,DDM,0.8481578947368421,0.01916929600020012,5,3.0,5.0,3.0,0.0,1.0,1.0,0.6,1.0,0.7499999999999999,0.0,372.6666666666667,337.0,10000.0,10000.0,26.833631484794275,26.833631484794275,0.1,10000.0,river:Sine,20000,2,0.5,0.0,3,real,gradual,1000,,1.0,False,n/a,slow,real/gradual/K=3/n/a/slow/global/balanced/clean,0.30410526315789477,0.0073157894736841644
scn-078a005701b2,2028,EDDM,0.8456842105263158,0.020185109000067314,12,3.0,12.0,3.0,0.0,2.0,7.0,0.25,1.0,0.4,0.0,435.6666666666667,321.0,5000.0,5000.0,11.476664116296863,11.476664116296863,0.2,10000.0,river:Sine,20000,2,0.5,0.0,3,real,gradual,1000,,1.0,False,n/a,slow,real/gradual/K=3/n/a/slow/global/balanced/clean,0.3016315789473685,0.009789473684210459
scn-078a005701b2,2028,HDDM_A,0.8487894736842105,0.11248574899991581,3,3.0,3.0,3.0,0.0,0.0,0.0,1.0,1.0,1.0,0.0,354.6666666666667,323.0,inf,10000.0,inf,28.19548872180451,0.0,10000.0,river:Sine,20000,2,0.5,0.0,3,real,gradual,1000,,1.0,False,n/a,slow,real/gradual/K=3/n/a/slow/global/balanced/clean,0.3047368421052632,0.006684210526315737
scn-078a005701b2,2028,HDDM_W,0.851,0.0645774109998456,4,3.0,4.0,3.0,0.0,0.0,1.0,0.75,1.0,0.8571428571428571,0.0,333.6666666666667,334.0,inf,10000.0,inf,29.97002997002997,0.0,10000.0,river:Sine,20000,2,0.5,0.0,3,real,gradual,1000,,1.0,False,n/a,slow,real/gradual/K=3/n/a/slow/global/balanced/clean,0.30694736842105264,0.004473684210526296
scn-078a005701b2,2028,FHDDM,0.8479473684210527,0.01662770900020405,4,3.0,4.0,3.0,0.0,0.0,1.0,0.75,1.0,0.8571428571428571,0.0,332.6666666666667,336.0,inf,10000.0,inf,30.06012024048096,0.0,10000.0,river:Sine,20000,2,0.5,0.0,3,real,gradual,1000,,1.0,False,n/a,slow,real/gradual/K=3/n/a/slow/global/balanced/clean,0.30389473684210533,0.007526315789473603
scn-078a005701b2,2028,NoDrift,0.5440526315789473,0.008378335000088555,0,3.0,0.0,0.0,3.0,0.0,0.0,,0.0,0.0,1.0,,,inf,10000.0,,,0.0,10000.0,river:Sine,20000,2,0.5,0.0,3,real,gradual,1000,,1.0,False,n/a,slow,real/gradual/K=3/n/a/slow/global/balanced/clean,0.0,0.31142105263157893
scn-078a005701b2,2028,Periodic(2000),0.8171052631578948,0.009382729000208201,9,3.0,9.0,3.0,0.0,5.0,1.0,0.3333333333333333,1.0,0.5,0.0,1333.6666666666667,1667.0,2000.0,2000.0,1.4996250937265683,1.4996250937265683,0.5,10000.0,river:Sine,20000,2,0.5,0.0,3,real,gradual,1000,,1.0,False,n/a,slow,real/gradual/K=3/n/a/slow/global/balanced/clean,0.27305263157894744,0.038368421052631496
scn-078a005701b2,2028,Oracle,0.8554736842105263,0.010540183000102843,3,3.0,3.0,3.0,0.0,0.0,0.0,1.0,1.0,1.0,0.0,501.0,501.0,inf,10000.0,inf,19.960079840319363,0.0,10000.0,river:Sine,20000,2,0.5,0.0,3,real,gradual,1000,,1.0,False,n/a,slow,real/gradual/K=3/n/a/slow/global/balanced/clean,0.31142105263157893,-0.0
scn-078a005701b2,2029,ADWIN,0.8426842105263158,0.015396271999634337,7,3.0,7.0,3.0,0.0,0.0,4.0,0.42857142857142855,1.0,0.6,0.0,267.0,256.0,inf,10000.0,inf,37.453183520599254,0.0,10000.0,river:Sine,20000,2,0.5,0.0,3,real,gradual,1000,,1.0,False,n/a,slow,real/gradual/K=3/n/a/slow/global/balanced/clean,0.31436842105263163,0.016789473684210465
scn-078a005701b2,2029,KSWIN,0.5283157894736842,4.1028757389999555,0,3.0,0.0,0.0,3.0,0.0,0.0,,0.0,0.0,1.0,,,inf,10000.0,,,0.0,10000.0,river:Sine,20000,2,0.5,0.0,3,real,gradual,1000,,1.0,False,n/a,slow,real/gradual/K=3/n/a/slow/global/balanced/clean,0.0,0.3311578947368421
scn-078a005701b2,2029,PageHinkley,0.8461578947368421,0.019818834000034258,6,3.0,6.0,3.0,0.0,0.0,3.0,0.5,1.0,0.6666666666666666,0.0,310.0,337.0,inf,10000.0,inf,32.25806451612903,0.0,10000.0,river:Sine,20000,2,0.5,0.0,3,real,gradual,1000,,1.0,False,n/a,slow,real/gradual/K=3/n/a/slow/global/balanced/clean,0.3178421052631579,0.01331578947368417
scn-078a005701b2,2029,PageHinkley-up,0.8546842105263158,0.019094412999947963,3,3.0,3.0,3.0,0.0,0.0,0.0,1.0,1.0,1.0,0.0,318.3333333333333,310.0,inf,10000.0,inf,31.41361256544503,0.0,10000.0,river:Sine,20000,2,0.5,0.0,3,real,gradual,1000,,1.0,False,n/a,slow,real/gradual/K=3/n/a/slow/global/balanced/clean,0.32636842105263164,0.004789473684210455
scn-078a005701b2,2029,DDM,0.8532105263157894,0.019300125999961892,5,3.0,5.0,3.0,0.0,1.0,1.0,0.6,1.0,0.7499999999999999,0.0,338.0,300.0,10000.0,10000.0,29.585798816568047,29.585798816568047,0.1,10000.0,river:Sine,20000,2,0.5,0.0,3,real,gradual,1000,,1.0,False,n/a,slow,real/gradual/K=3/n/a/slow/global/balanced/clean,0.32489473684210524,0.006263157894736859
scn-078a005701b2,2029,EDDM,0.8558421052631578,0.01807094000014331,9,3.0,9.0,3.0,0.0,3.0,3.0,0.3333333333333333,1.0,0.5,0.0,408.3333333333333,440.0,3333.3333333333335,3333.3333333333335,8.16326530612245,8.16326530612245,0.3,10000.0,river:Sine,20000,2,0.5,0.0,3,real,gradual,1000,,1.0,False,n/a,slow,real/gradual/K=3/n/a/slow/global/balanced/clean,0.32752631578947367,0.00363157894736843
scn-078a005701b2,2029,HDDM_A,0.8535263157894737,0.12290450499995131,3,3.0,3.0,3.0,0.0,0.0,0.0,1.0,1.0,1.0,0.0,294.6666666666667,298.0,inf,10000.0,inf,33.93665158371041,0.0,10000.0,river:Sine,20000,2,0.5,0.0,3,real,gradual,1000,,1.0,False,n/a,slow,real/gradual/K=3/n/a/slow/global/balanced/clean,0.3252105263157895,0.00594736842105259
scn-078a005701b2,2029,HDDM_W,0.8573157894736843,0.06457507100003568,3,3.0,3.0,3.0,0.0,0.0,0.0,1.0,1.0,1.0,0.0,346.3333333333333,341.0,inf,10000.0,inf,28.87391722810395,0.0,10000.0,river:Sine,20000,2,0.5,0.0,3,real,gradual,1000,,1.0,False,n/a,slow,real/gradual/K=3/n/a/slow/global/balanced/clean,0.32900000000000007,0.0021578947368420254
scn-078a005701b2,2029,FHDDM,0.8528947368421053,0.0158852909999041,5,3.0,5.0,3.0,0.0,1.0,1.0,0.6,1.0,0.7499999999999999,0.0,314.6666666666667,309.0,10000.0,10000.0,31.779661016949152,31.779661016949152,0.1,10000.0,river:Sine,20000,2,0.5,0.0,3,real,gradual,1000,,1.0,False,n/a,slow,real/gradual/K=3/n/a/slow/global/balanced/clean,0.3245789473684211,0.006578947368421018
scn-078a005701b2,2029,NoDrift,0.5283157894736842,0.008153424000283849,0,3.0,0.0,0.0,3.0,0.0,0.0,,0.0,0.0,1.0,,,inf,10000.0,,,0.0,10000.0,river:Sine,20000,2,0.5,0.0,3,real,gradual,1000,,1.0,False,n/a,slow,real/gradual/K=3/n/a/slow/global/balanced/clean,0.0,0.3311578947368421
scn-078a005701b2,2029,Periodic(2000),0.8211578947368421,0.009156502000223554,9,3.0,9.0,3.0,0.0,5.0,1.0,0.3333333333333333,1.0,0.5,0.0,1333.6666666666667,1667.0,2000.0,2000.0,1.4996250937265683,1.4996250937265683,0.5,10000.0,river:Sine,20000,2,0.5,0.0,3,real,gradual,1000,,1.0,False,n/a,slow,real/gradual/K=3/n/a/slow/global/balanced/clean,0.2928421052631579,0.03831578947368419
scn-078a005701b2,2029,Oracle,0.8594736842105263,0.028596179000032862,3,3.0,3.0,3.0,0.0,0.0,0.0,1.0,1.0,1.0,0.0,501.0,501.0,inf,10000.0,inf,19.960079840319363,0.0,10000.0,river:Sine,20000,2,0.5,0.0,3,real,gradual,1000,,1.0,False,n/a,slow,real/gradual/K=3/n/a/slow/global/balanced/clean,0.3311578947368421,-0.0
scn-1d2b8936d2bc,2027,ADWIN,0.9024736842105263,0.020025819999773375,6,3.0,6.0,3.0,0.0,1.0,2.0,0.5,1.0,0.6666666666666666,0.0,44.333333333333336,44.0,13000.0,13000.0,293.2330827067669,293.2330827067669,0.07692307692307693,13000.0,river:Mixed,20000,4,0.5,0.0,3,real,sudden,0,,1.0,False,n/a,abrupt,real/sudden/K=3/n/a/abrupt/global/balanced/clean,0.4076315789473684,0.007842105263157872
scn-1d2b8936d2bc,2027,KSWIN,0.9080526315789473,4.006441101999826,3,3.0,3.0,3.0,0.0,0.0,0.0,1.0,1.0,1.0,0.0,19.333333333333332,20.0,inf,13000.0,inf,672.4137931034484,0.0,13000.0,river:Mixed,20000,4,0.5,0.0,3,real,sudden,0,,1.0,False,n/a,abrupt,real/sudden/K=3/n/a/abrupt/global/balanced/clean,0.4132105263157894,0.002263157894736856
scn-1d2b8936d2bc,2027,PageHinkley,0.9003157894736842,0.021664539000084915,6,3.0,6.0,3.0,0.0,1.0,2.0,0.5,1.0,0.6666666666666666,0.0,57.0,59.0,13000.0,13000.0,228.0701754385965,228.0701754385965,0.07692307692307693,13000.0,river:Mixed,20000,4,0.5,0.0,3,real,sudden,0,,1.0,False,n/a,abrupt,real/sudden/K=3/n/a/abrupt/global/balanced/clean,0.40547368421052626,0.010000000000000009
scn-1d2b8936d2bc,2027,PageHinkley-up,0.9047894736842105,0.028984921999835933,3,3.0,3.0,3.0,0.0,0.0,0.0,1.0,1.0,1.0,0.0,52.666666666666664,52.0,inf,13000.0,inf,246.8354430379747,0.0,13000.0,river:Mixed,20000,4,0.5,0.0,3,real,sudden,0,,1.0,False,n/a,abrupt,real/sudden/K=3/n/a/abrupt/global/balanced/clean,0.40994736842105256,0.0055263157894737125
scn-1d2b8936d2bc,2027,DDM,0.9032105263157895,0.02167146400006459,4,3.0,4.0,3.0,0.0,1.0,0.0,0.75,1.0,0.8571428571428571,0.0,49.333333333333336,51.0,13000.0,13000.0,263.5135135135135,263.5135135135135,0.07692307692307693,13000.0,river:Mixed,20000,4,0.5,0.0,3,real,sudden,0,,1.0,False,n/a,abrupt,real/sudden/K=3/n/a/abrupt/global/balanced/clean,0.40836842105263155,0.007105263157894726
scn-1d2b8936d2bc,2027,EDDM,0.89,0.016595289000179037,4,3.0,4.0,3.0,0.0,1.0,0.0,0.75,1.0,0.8571428571428571,0.0,140.33333333333334,176.0,13000.0,13000.0,92.63657957244655,92.63657957244655,0.07692307692307693,13000.0,river:Mixed,20000,4,0.5,0.0,3,real,sudden,0,,1.0,False,n/a,abrupt,real/sudden/K=3/n/a/abrupt/global/balanced/clean,0.3951578947368421,0.020315789473684176
scn-1d2b8936d2bc,2027,HDDM_A,0.9069473684210526,0.09055178199969305,3,3.0,3.0,3.0,0.0,0.0,0.0,1.0,1.0,1.0,0.0,28.666666666666668,22.0,inf,13000.0,inf,453.48837209302326,0.0,13000.0,river:Mixed,20000,4,0.5,0.0,3,real,sudden,0,,1.0,False,n/a,abrupt,real/sudden/K=3/n/a/abrupt/global/balanced/clean,0.4121052631578947,0.003368421052631576
scn-1d2b8936d2bc,2027,HDDM_W,0.9093684210526316,0.0652182960002392,3,3.0,3.0,3.0,0.0,0.0,0.0,1.0,1.0,1.0,0.0,12.333333333333334,11.0,inf,13000.0,inf,1054.054054054054,0.0,13000.0,river:Mixed,20000,4,0.5,0.0,3,real,sudden,0,,1.0,False,n/a,abrupt,real/sudden/K=3/n/a/abrupt/global/balanced/clean,0.4145263157894737,0.0009473684210525857
scn-1d2b8936d2bc,2027,FHDDM,0.907578947368421,0.018347073999848362,3,3.0,3.0,3.0,0.0,0.0,0.0,1.0,1.0,1.0,0.0,24.333333333333332,26.0,inf,13000.0,inf,534.2465753424658,0.0,13000.0,river:Mixed,20000,4,0.5,0.0,3,real,sudden,0,,1.0,False,n/a,abrupt,real/sudden/K=3/n/a/abrupt/global/balanced/clean,0.4127368421052631,0.0027368421052631486
scn-1d2b8936d2bc,2027,NoDrift,0.4948421052631579,0.009751233999850228,0,3.0,0.0,0.0,3.0,0.0,0.0,,0.0,0.0,1.0,,,inf,13000.0,,,0.0,13000.0,river:Mixed,20000,4,0.5,0.0,3,real,sudden,0,,1.0,False,n/a,abrupt,real/sudden/K=3/n/a/abrupt/global/balanced/clean,0.0,0.4154736842105263
scn-1d2b8936d2bc,2027,Periodic(2000),0.8352105263157895,0.010798365000027843,9,3.0,9.0,3.0,0.0,6.0,0.0,0.3333333333333333,1.0,0.5,0.0,1500.3333333333333,1500.0,2166.6666666666665,2166.6666666666665,1.4441235281048657,1.4441235281048657,0.46153846153846156,13000.0,river:Mixed,20000,4,0.5,0.0,3,real,sudden,0,,1.0,False,n/a,abrupt,real/sudden/K=3/n/a/abrupt/global/balanced/clean,0.3403684210526316,0.07510526315789467
scn-1d2b8936d2bc,2027,Oracle,0.9103157894736842,0.012642580999909114,3,3.0,3.0,3.0,0.0,0.0,0.0,1.0,1.0,1.0,0.0,1.0,1.0,inf,13000.0,inf,13000.0,0.0,13000.0,river:Mixed,20000,4,0.5,0.0,3,real,sudden,0,,1.0,False,n/a,abrupt,real/sudden/K=3/n/a/abrupt/global/balanced/clean,0.4154736842105263,-0.0
scn-1d2b8936d2bc,2028,ADWIN,0.9073157894736842,0.01948986600018543,4,3.0,4.0,3.0,0.0,0.0,1.0,0.75,1.0,0.8571428571428571,0.0,44.333333333333336,44.0,inf,13000.0,inf,293.2330827067669,0.0,13000.0,river:Mixed,20000,4,0.5,0.0,3,real,sudden,0,,1.0,False,n/a,abrupt,real/sudden/K=3/n/a/abrupt/global/balanced/clean,0.4015263157894736,0.006263157894736859
scn-1d2b8936d2bc,2028,KSWIN,0.9112631578947369,4.066007679999984,3,3.0,3.0,3.0,0.0,0.0,0.0,1.0,1.0,1.0,0.0,17.333333333333332,18.0,inf,13000.0,inf,750.0,0.0,13000.0,river:Mixed,20000,4,0.5,0.0,3,real,sudden,0,,1.0,False,n/a,abrupt,real/sudden/K=3/n/a/abrupt/global/balanced/clean,0.4054736842105263,0.00231578947368416
scn-1d2b8936d2bc,2028,PageHinkley,0.9075263157894737,0.022278815999925428,4,3.0,4.0,3.0,0.0,0.0,1.0,0.75,1.0,0.8571428571428571,0.0,45.333333333333336,42.0,inf,13000.0,inf,286.7647058823529,0.0,13000.0,river:Mixed,20000,4,0.5,0.0,3,real,sudden,0,,1.0,False,n/a,abrupt,real/sudden/K=3/n/a/abrupt/global/balanced/clean,0.40173684210526317,0.0060526315789473095
scn-1d2b8936d2bc,2028,PageHinkley-up,0.9081052631578947,0.021362955999848054,3,3.0,3.0,3.0,0.0,0.0,0.0,1.0,1.0,1.0,0.0,45.333333333333336,42.0,inf,13000.0,inf,286.7647058823529,0.0,13000.0,river:Mixed,20000,4,0.5,0.0,3,real,sudden,0,,1.0,False,n/a,abrupt,real/sudden/K=3/n/a/abrupt/global/balanced/clean,0.4023157894736842,0.005473684210526297
scn-1d2b8936d2bc,2028,DDM,0.9062631578947369,0.021040543999788497,3,3.0,3.0,3.0,0.0,0.0,0.0,1.0,1.0,1.0,0.0,59.0,44.0,inf,13000.0,inf,220.33898305084745,0.0,13000.0,river:Mixed,20000,4,0.5,0.0,3,real,sudden,0,,1.0,False,n/a,abrupt,real/sudden/K=3/n/a/abrupt/global/balanced/clean,0.4004736842105263,0.0073157894736841644
scn-1d2b8936d2bc,2028,EDDM,0.8996315789473684,0.02165936099981991,12,3.0,12.0,3.0,0.0,5.0,4.0,0.25,1.0,0.4,0.0,49.666666666666664,39.0,2600.0,2600.0,52.348993288590606,52.348993288590606,0.38461538461538464,13000.0,river:Mixed,20000,4,0.5,0.0,3,real,sudden,0,,1.0,False,n/a,abrupt,real/sudden/K=3/n/a/abrupt/global/balanced/clean,0.3938421052631579,0.013947368421052597
scn-1d2b8936d2bc,2028,HDDM_A,0.9103157894736842,0.09197721299960904,3,3.0,3.0,3.0,0.0,0.0,0.0,1.0,1.0,1.0,0.0,31.666666666666668,24.0,inf,13000.0,inf,410.52631578947364,0.0,13000.0,river:Mixed,20000,4,0.5,0.0,3,real,sudden,0,,1.0,False,n/a,abrupt,real/sudden/K=3/n/a/abrupt/global/balanced/clean,0.4045263157894736,0.0032631578947368567
scn-1d2b8936d2bc,2028,HDDM_W,0.9121052631578948,0.06451377799976399,3,3.0,3.0,3.0,0.0,0.0,0.0,1.0,1.0,1.0,0.0,12.0,11.0,inf,13000.0,inf,1083.3333333333333,0.0,13000.0,river:Mixed,20000,4,0.5,0.0,3,real,sudden,0,,1.0,False,n/a,abrupt,real/sudden/K=3/n/a/abrupt/global/balanced/clean,0.4063157894736842,0.0014736842105262937
scn-1d2b8936d2bc,2028,FHDDM,0.9108421052631579,0.018371435000062775,3,3.0,3.0,3.0,0.0,0.0,0.0,1.0,1.0,1.0,0.0,25.0,24.0,inf,13000.0,inf,520.0,0.0,13000.0,river:Mixed,20000,4,0.5,0.0,3,real,sudden,0,,1.0,False,n/a,abrupt,real/sudden/K=3/n/a/abrupt/global/balanced/clean,0.40505263157894733,0.0027368421052631486
scn-1d2b8936d2bc,2028,NoDrift,0.5057894736842106,0.01003166800001054,0,3.0,0.0,0.0,3.0,0.0,0.0,,0.0,0.0,1.0,,,inf,13000.0,,,0.0,13000.0,river:Mixed,20000,4,0.5,0.0,3,real,sudden,0,,1.0,False,n/a,abrupt,real/sudden/K=3/n/a/abrupt/global/balanced/clean,0.0,0.4077894736842105
scn-1d2b8936d2bc,2028,Periodic(2000),0.8412631578947368,0.011005188000126509,9,3.0,9.0,3.0,0.0,6.0,0.0,0.3333333333333333,1.0,0.5,0.0,1500.3333333333333,1500.0,2166.6666666666665,2166.6666666666665,1.4441235281048657,1.4441235281048657,0.46153846153846156,13000.0,river:Mixed,20000,4,0.5,0.0,3,real,sudden,0,,1.0,False,n/a,abrupt,real/sudden/K=3/n/a/abrupt/global/balanced/clean,0.33547368421052626,0.07231578947368422
scn-1d2b8936d2bc,2028,Oracle,0.913578947368421,0.012661121999826719,3,3.0,3.0,3.0,0.0,0.0,0.0,1.0,1.0,1.0,0.0,1.0,1.0,inf,13000.0,inf,13000.0,0.0,13000.0,river:Mixed,20000,4,0.5,0.0,3,real,sudden,0,,1.0,False,n/a,abrupt,real/sudden/K=3/n/a/abrupt/global/balanced/clean,0.4077894736842105,-0.0
scn-1d2b8936d2bc,2029,ADWIN,0.910578947368421,0.018473540999821125,3,3.0,3.0,3.0,0.0,0.0,0.0,1.0,1.0,1.0,0.0,33.666666666666664,42.0,inf,13000.0,inf,386.13861386138615,0.0,13000.0,river:Mixed,20000,4,0.5,0.0,3,real,sudden,0,,1.0,False,n/a,abrupt,real/sudden/K=3/n/a/abrupt/global/balanced/clean,0.4084210526315789,0.004105263157894723
scn-1d2b8936d2bc,2029,KSWIN,0.9126315789473685,3.9831112950000716,3,3.0,3.0,3.0,0.0,0.0,0.0,1.0,1.0,1.0,0.0,15.0,15.0,inf,13000.0,inf,866.6666666666666,0.0,13000.0,river:Mixed,20000,4,0.5,0.0,3,real,sudden,0,,1.0,False,n/a,abrupt,real/sudden/K=3/n/a/abrupt/global/balanced/clean,0.4104736842105263,0.002052631578947306
scn-1d2b8936d2bc,2029,PageHinkley,0.9063157894736842,0.022560957999758102,4,3.0,4.0,3.0,0.0,1.0,0.0,0.75,1.0,0.8571428571428571,0.0,58.666666666666664,57.0,13000.0,13000.0,221.5909090909091,221.5909090909091,0.07692307692307693,13000.0,river:Mixed,20000,4,0.5,0.0,3,real,sudden,0,,1.0,False,n/a,abrupt,real/sudden/K=3/n/a/abrupt/global/balanced/clean,0.40415789473684205,0.00836842105263158
scn-1d2b8936d2bc,2029,PageHinkley-up,0.9084736842105263,0.021404590999736683,3,3.0,3.0,3.0,0.0,0.0,0.0,1.0,1.0,1.0,0.0,56.333333333333336,57.0,inf,13000.0,inf,230.76923076923077,0.0,13000.0,river:Mixed,20000,4,0.5,0.0,3,real,sudden,0,,1.0,False,n/a,abrupt,real/sudden/K=3/n/a/abrupt/global/balanced/clean,0.4063157894736842,0.006210526315789444
scn-1d2b8936d2bc,2029,DDM,0.9076842105263158,0.02236327800028448,4,3.0,4.0,3.0,0.0,1.0,0.0,0.75,1.0,0.8571428571428571,0.0,42.333333333333336,44.0,13000.0,13000.0,307.0866141732283,307.0866141732283,0.07692307692307693,13000.0,river:Mixed,20000,4,0.5,0.0,3,real,sudden,0,,1.0,False,n/a,abrupt,real/sudden/K=3/n/a/abrupt/global/balanced/clean,0.4055263157894736,0.007000000000000006
scn-1d2b8936d2bc,2029,EDDM,0.9004210526315789,0.02022213999998712,9,3.0,9.0,3.0,0.0,6.0,0.0,0.3333333333333333,1.0,0.5,0.0,74.66666666666667,90.0,2166.6666666666665,2166.6666666666665,29.01785714285714,29.01785714285714,0.46153846153846156,13000.0,river:Mixed,20000,4,0.5,0.0,3,real,sudden,0,,1.0,False,n/a,abrupt,real/sudden/K=3/n/a/abrupt/global/balanced/clean,0.39826315789473676,0.014263157894736866
scn-1d2b8936d2bc,2029,HDDM_A,0.9134736842105263,0.09236003399973924,3,3.0,3.0,3.0,0.0,0.0,0.0,1.0,1.0,1.0,0.0,9.333333333333334,6.0,inf,13000.0,inf,1392.8571428571427,0.0,13000.0,river:Mixed,20000,4,0.5,0.0,3,real,sudden,0,,1.0,False,n/a,abrupt,real/sudden/K=3/n/a/abrupt/global/balanced/clean,0.4113157894736842,0.0012105263157894397
scn-1d2b8936d2bc,2029,HDDM_W,0.9128421052631579,0.06672736100017573,3,3.0,3.0,3.0,0.0,0.0,0.0,1.0,1.0,1.0,0.0,10.666666666666666,11.0,inf,13000.0,inf,1218.75,0.0,13000.0,river:Mixed,20000,4,0.5,0.0,3,real,sudden,0,,1.0,False,n/a,abrupt,real/sudden/K=3/n/a/abrupt/global/balanced/clean,0.41068421052631576,0.0018421052631578672
scn-1d2b8936d2bc,2029,FHDDM,0.9113157894736842,0.018455006000294816,3,3.0,3.0,3.0,0.0,0.0,0.0,1.0,1.0,1.0,0.0,23.0,25.0,inf,13000.0,inf,565.2173913043479,0.0,13000.0,river:Mixed,20000,4,0.5,0.0,3,real,sudden,0,,1.0,False,n/a,abrupt,real/sudden/K=3/n/a/abrupt/global/balanced/clean,0.40915789473684205,0.003368421052631576
scn-1d2b8936d2bc,2029,NoDrift,0.5021578947368421,0.00992908400030501,0,3.0,0.0,0.0,3.0,0.0,0.0,,0.0,0.0,1.0,,,inf,13000.0,,,0.0,13000.0,river:Mixed,20000,4,0.5,0.0,3,real,sudden,0,,1.0,False,n/a,abrupt,real/sudden/K=3/n/a/abrupt/global/balanced/clean,0.0,0.41252631578947363
scn-1d2b8936d2bc,2029,Periodic(2000),0.8372631578947368,0.01103171700015082,9,3.0,9.0,3.0,0.0,6.0,0.0,0.3333333333333333,1.0,0.5,0.0,1500.3333333333333,1500.0,2166.6666666666665,2166.6666666666665,1.4441235281048657,1.4441235281048657,0.46153846153846156,13000.0,river:Mixed,20000,4,0.5,0.0,3,real,sudden,0,,1.0,False,n/a,abrupt,real/sudden/K=3/n/a/abrupt/global/balanced/clean,0.3351052631578947,0.07742105263157895
scn-1d2b8936d2bc,2029,Oracle,0.9146842105263158,0.012900572000035027,3,3.0,3.0,3.0,0.0,0.0,0.0,1.0,1.0,1.0,0.0,1.0,1.0,inf,13000.0,inf,13000.0,0.0,13000.0,river:Mixed,20000,4,0.5,0.0,3,real,sudden,0,,1.0,False,n/a,abrupt,real/sudden/K=3/n/a/abrupt/global/balanced/clean,0.41252631578947363,-0.0
scn-5d6db0459170,2027,ADWIN,0.8687894736842106,0.01933563399961713,7,3.0,7.0,3.0,0.0,0.0,4.0,0.42857142857142855,1.0,0.6,0.0,309.6666666666667,318.0,inf,10000.0,inf,32.29278794402583,0.0,10000.0,river:Mixed,20000,4,0.5,0.0,3,real,gradual,1000,,1.0,False,n/a,slow,real/gradual/K=3/n/a/slow/global/balanced/clean,0.37447368421052635,0.010210526315789448
scn-5d6db0459170,2027,KSWIN,0.4943157894736842,4.063852857999791,0,3.0,0.0,0.0,3.0,0.0,0.0,,0.0,0.0,1.0,,,inf,10000.0,,,0.0,10000.0,river:Mixed,20000,4,0.5,0.0,3,real,gradual,1000,,1.0,False,n/a,slow,real/gradual/K=3/n/a/slow/global/balanced/clean,0.0,0.3846842105263158
scn-5d6db0459170,2027,PageHinkley,0.8659473684210526,0.025707864000196423,11,3.0,11.0,3.0,0.0,2.0,6.0,0.2727272727272727,1.0,0.42857142857142855,0.0,362.6666666666667,365.0,5000.0,5000.0,13.786764705882351,13.786764705882351,0.2,10000.0,river:Mixed,20000,4,0.5,0.0,3,real,gradual,1000,,1.0,False,n/a,slow,real/gradual/K=3/n/a/slow/global/balanced/clean,0.37163157894736837,0.013052631578947427
scn-5d6db0459170,2027,PageHinkley-up,0.8771578947368421,0.022029634000318765,3,3.0,3.0,3.0,0.0,0.0,0.0,1.0,1.0,1.0,0.0,368.0,365.0,inf,10000.0,inf,27.17391304347826,0.0,10000.0,river:Mixed,20000,4,0.5,0.0,3,real,gradual,1000,,1.0,False,n/a,slow,real/gradual/K=3/n/a/slow/global/balanced/clean,0.38284210526315793,0.0018421052631578672
scn-5d6db0459170,2027,DDM,0.8738421052631579,0.020808376999866596,4,3.0,4.0,3.0,0.0,1.0,0.0,0.75,1.0,0.8571428571428571,0.0,358.6666666666667,399.0,10000.0,10000.0,27.881040892193308,27.881040892193308,0.1,10000.0,river:Mixed,20000,4,0.5,0.0,3,real,gradual,1000,,1.0,False,n/a,slow,real/gradual/K=3/n/a/slow/global/balanced/clean,0.37952631578947366,0.005157894736842139
scn-5d6db0459170,2027,EDDM,0.8785263157894737,0.023894373999610252,12,3.0,12.0,3.0,0.0,1.0,8.0,0.25,1.0,0.4,0.0,446.0,514.0,10000.0,10000.0,22.42152466367713,22.42152466367713,0.1,10000.0,river:Mixed,20000,4,0.5,0.0,3,real,gradual,1000,,1.0,False,n/a,slow,real/gradual/K=3/n/a/slow/global/balanced/clean,0.3842105263157895,0.00047368421052629284
scn-5d6db0459170,2027,HDDM_A,0.8751052631578947,0.12669062999975722,3,3.0,3.0,3.0,0.0,0.0,0.0,1.0,1.0,1.0,0.0,314.3333333333333,310.0,inf,10000.0,inf,31.81336161187699,0.0,10000.0,river:Mixed,20000,4,0.5,0.0,3,real,gradual,1000,,1.0,False,n/a,slow,real/gradual/K=3/n/a/slow/global/balanced/clean,0.3807894736842105,0.003894736842105284
scn-5d6db0459170,2027,HDDM_W,0.874421052631579,0.06680444399989938,3,3.0,3.0,3.0,0.0,0.0,0.0,1.0,1.0,1.0,0.0,312.0,324.0,inf,10000.0,inf,32.05128205128205,0.0,10000.0,river:Mixed,20000,4,0.5,0.0,3,real,gradual,1000,,1.0,False,n/a,slow,real/gradual/K=3/n/a/slow/global/balanced/clean,0.3801052631578948,0.004578947368421016
scn-5d6db0459170,2027,FHDDM,0.874578947368421,0.018353645999923174,3,3.0,3.0,3.0,0.0,0.0,0.0,1.0,1.0,1.0,0.0,302.6666666666667,308.0,inf,10000.0,inf,33.03964757709251,0.0,10000.0,river:Mixed,20000,4,0.5,0.0,3,real,gradual,1000,,1.0,False,n/a,slow,real/gradual/K=3/n/a/slow/global/balanced/clean,0.3802631578947368,0.004421052631578992
scn-5d6db0459170,2027,NoDrift,0.4943157894736842,0.010071247999803745,0,3.0,0.0,0.0,3.0,0.0,0.0,,0.0,0.0,1.0,,,inf,10000.0,,,0.0,10000.0,river:Mixed,20000,4,0.5,0.0,3,real,gradual,1000,,1.0,False,n/a,slow,real/gradual/K=3/n/a/slow/global/balanced/clean,0.0,0.3846842105263158
scn-5d6db0459170,2027,Periodic(2000),0.831421052631579,0.011562041000161116,9,3.0,9.0,3.0,0.0,5.0,1.0,0.3333333333333333,1.0,0.5,0.0,1333.6666666666667,1667.0,2000.0,2000.0,1.4996250937265683,1.4996250937265683,0.5,10000.0,river:Mixed,20000,4,0.5,0.0,3,real,gradual,1000,,1.0,False,n/a,slow,real/gradual/K=3/n/a/slow/global/balanced/clean,0.33710526315789474,0.047578947368421054
scn-5d6db0459170,2027,Oracle,0.879,0.013558264000039344,3,3.0,3.0,3.0,0.0,0.0,0.0,1.0,1.0,1.0,0.0,501.0,501.0,inf,10000.0,inf,19.960079840319363,0.0,10000.0,river:Mixed,20000,4,0.5,0.0,3,real,gradual,1000,,1.0,False,n/a,slow,real/gradual/K=3/n/a/slow/global/balanced/clean,0.3846842105263158,-0.0
scn-5d6db0459170,2028,ADWIN,0.869,0.01704647799988379,6,3.0,6.0,3.0,0.0,0.0,3.0,0.5,1.0,0.6666666666666666,0.0,256.3333333333333,259.0,inf,10000.0,inf,39.01170351105332,0.0,10000.0,river:Mixed,20000,4,0.5,0.0,3,real,gradual,1000,,1.0,False,n/a,slow,real/gradual/K=3/n/a/slow/global/balanced/clean,0.36273684210526314,0.011052631578947425
scn-5d6db0459170,2028,KSWIN,0.5128947368421053,3.9710217420001754,2,3.0,2.0,0.0,3.0,2.0,0.0,0.0,0.0,0.0,1.0,,,5000.0,5000.0,,,0.2,10000.0,river:Mixed,20000,4,0.5,0.0,3,real,gradual,1000,,1.0,False,n/a,slow,real/gradual/K=3/n/a/slow/global/balanced/clean,0.006631578947368433,0.3671578947368421
scn-5d6db0459170,2028,PageHinkley,0.8654736842105263,0.02613852499962377,13,3.0,13.0,3.0,0.0,4.0,6.0,0.23076923076923078,1.0,0.375,0.0,415.3333333333333,407.0,2500.0,2500.0,6.019261637239166,6.019261637239166,0.4,10000.0,river:Mixed,20000,4,0.5,0.0,3,real,gradual,1000,,1.0,False,n/a,slow,real/gradual/K=3/n/a/slow/global/balanced/clean,0.3592105263157894,0.014578947368421136
scn-5d6db0459170,2028,PageHinkley-up,0.8761052631578947,0.021908826000071713,3,3.0,3.0,3.0,0.0,0.0,0.0,1.0,1.0,1.0,0.0,339.0,311.0,inf,10000.0,inf,29.49852507374631,0.0,10000.0,river:Mixed,20000,4,0.5,0.0,3,real,gradual,1000,,1.0,False,n/a,slow,real/gradual/K=3/n/a/slow/global/balanced/clean,0.36984210526315786,0.003947368421052699
scn-5d6db0459170,2028,DDM,0.8769473684210526,0.021305613000095036,3,3.0,3.0,3.0,0.0,0.0,0.0,1.0,1.0,1.0,0.0,385.0,375.0,inf,10000.0,inf,25.974025974025974,0.0,10000.0,river:Mixed,20000,4,0.5,0.0,3,real,gradual,1000,,1.0,False,n/a,slow,real/gradual/K=3/n/a/slow/global/balanced/clean,0.3706842105263157,0.003105263157894833
scn-5d6db0459170,2028,EDDM,0.8771052631578947,0.02261566400011361,11,3.0,11.0,3.0,0.0,2.0,6.0,0.2727272727272727,1.0,0.42857142857142855,0.0,422.3333333333333,405.0,5000.0,5000.0,11.838989739542226,11.838989739542226,0.2,10000.0,river:Mixed,20000,4,0.5,0.0,3,real,gradual,1000,,1.0,False,n/a,slow,real/gradual/K=3/n/a/slow/global/balanced/clean,0.37084210526315786,0.0029473684210526985
scn-5d6db0459170,2028,HDDM_A,0.875,0.12510060700014947,3,3.0,3.0,3.0,0.0,0.0,0.0,1.0,1.0,1.0,0.0,306.6666666666667,312.0,inf,10000.0,inf,32.608695652173914,0.0,10000.0,river:Mixed,20000,4,0.5,0.0,3,real,gradual,1000,,1.0,False,n/a,slow,real/gradual/K=3/n/a/slow/global/balanced/clean,0.36873684210526314,0.00505263157894742
scn-5d6db0459170,2028,HDDM_W,0.8771052631578947,0.06547337900019556,3,3.0,3.0,3.0,0.0,0.0,0.0,1.0,1.0,1.0,0.0,351.0,336.0,inf,10000.0,inf,28.49002849002849,0.0,10000.0,river:Mixed,20000,4,0.5,0.0,3,real,gradual,1000,,1.0,False,n/a,slow,real/gradual/K=3/n/a/slow/global/balanced/clean,0.37084210526315786,0.0029473684210526985
scn-5d6db0459170,2028,FHDDM,0.8728947368421053,0.018219096999928297,4,3.0,4.0,3.0,0.0,0.0,1.0,0.75,1.0,0.8571428571428571,0.0,275.6666666666667,292.0,inf,10000.0,inf,36.27569528415961,0.0,10000.0,river:Mixed,20000,4,0.5,0.0,3,real,gradual,1000,,1.0,False,n/a,slow,real/gradual/K=3/n/a/slow/global/balanced/clean,0.3666315789473684,0.007157894736842141
scn-5d6db0459170,2028,NoDrift,0.5062631578947369,0.009841745999892737,0,3.0,0.0,0.0,3.0,0.0,0.0,,0.0,0.0,1.0,,,inf,10000.0,,,0.0,10000.0,river:Mixed,20000,4,0.5,0.0,3,real,gradual,1000,,1.0,False,n/a,slow,real/gradual/K=3/n/a/slow/global/balanced/clean,0.0,0.37378947368421056
scn-5d6db0459170,2028,Periodic(2000),0.8351578947368421,0.011405031999856874,9,3.0,9.0,3.0,0.0,5.0,1.0,0.3333333333333333,1.0,0.5,0.0,1333.6666666666667,1667.0,2000.0,2000.0,1.4996250937265683,1.4996250937265683,0.5,10000.0,river:Mixed,20000,4,0.5,0.0,3,real,gradual,1000,,1.0,False,n/a,slow,real/gradual/K=3/n/a/slow/global/balanced/clean,0.32889473684210524,0.04489473684210532
scn-5d6db0459170,2028,Oracle,0.8800526315789474,0.012680580000051123,3,3.0,3.0,3.0,0.0,0.0,0.0,1.0,1.0,1.0,0.0,501.0,501.0,inf,10000.0,inf,19.960079840319363,0.0,10000.0,river:Mixed,20000,4,0.5,0.0,3,real,gradual,1000,,1.0,False,n/a,slow,real/gradual/K=3/n/a/slow/global/balanced/clean,0.37378947368421056,-0.0
scn-5d6db0459170,2029,ADWIN,0.8662631578947368,0.018270928999754688,7,3.0,7.0,3.0,0.0,0.0,4.0,0.42857142857142855,1.0,0.6,0.0,256.3333333333333,254.0,inf,10000.0,inf,39.01170351105332,0.0,10000.0,river:Mixed,20000,4,0.5,0.0,3,real,gradual,1000,,1.0,False,n/a,slow,real/gradual/K=3/n/a/slow/global/balanced/clean,0.36526315789473685,0.016105263157894734
scn-5d6db0459170,2029,KSWIN,0.5117894736842106,4.029274160000114,1,3.0,1.0,0.0,3.0,1.0,0.0,0.0,0.0,0.0,1.0,,,10000.0,10000.0,,,0.1,10000.0,river:Mixed,20000,4,0.5,0.0,3,real,gradual,1000,,1.0,False,n/a,slow,real/gradual/K=3/n/a/slow/global/balanced/clean,0.010789473684210571,0.370578947368421
scn-5d6db0459170,2029,PageHinkley,0.8627894736842106,0.025940419000107795,12,3.0,12.0,3.0,0.0,3.0,6.0,0.25,1.0,0.4,0.0,376.6666666666667,371.0,3333.3333333333335,3333.3333333333335,8.849557522123893,8.849557522123893,0.3,10000.0,river:Mixed,20000,4,0.5,0.0,3,real,gradual,1000,,1.0,False,n/a,slow,real/gradual/K=3/n/a/slow/global/balanced/clean,0.36178947368421055,0.01957894736842103
scn-5d6db0459170,2029,PageHinkley-up,0.8750526315789474,0.021051022999927227,3,3.0,3.0,3.0,0.0,0.0,0.0,1.0,1.0,1.0,0.0,351.0,357.0,inf,10000.0,inf,28.49002849002849,0.0,10000.0,river:Mixed,20000,4,0.5,0.0,3,real,gradual,1000,,1.0,False,n/a,slow,real/gradual/K=3/n/a/slow/global/balanced/clean,0.3740526315789474,0.0073157894736841644
scn-5d6db0459170,2029,DDM,0.8736315789473684,0.02150604700000258,4,3.0,4.0,3.0,0.0,1.0,0.0,0.75,1.0,0.8571428571428571,0.0,349.3333333333333,374.0,10000.0,10000.0,28.625954198473284,28.625954198473284,0.1,10000.0,river:Mixed,20000,4,0.5,0.0,3,real,gradual,1000,,1.0,False,n/a,slow,real/gradual/K=3/n/a/slow/global/balanced/clean,0.3726315789473684,0.008736842105263154
scn-5d6db0459170,2029,EDDM,0.8736842105263158,0.02826464500003567,19,3.0,19.0,3.0,0.0,4.0,12.0,0.15789473684210525,1.0,0.2727272727272727,0.0,406.0,481.0,2500.0,2500.0,6.157635467980295,6.157635467980295,0.4,10000.0,river:Mixed,20000,4,0.5,0.0,3,real,gradual,1000,,1.0,False,n/a,slow,real/gradual/K=3/n/a/slow/global/balanced/clean,0.37268421052631584,0.008684210526315739
scn-5d6db0459170,2029,HDDM_A,0.8726842105263158,0.12584824100031256,3,3.0,3.0,3.0,0.0,0.0,0.0,1.0,1.0,1.0,0.0,274.6666666666667,271.0,inf,10000.0,inf,36.40776699029126,0.0,10000.0,river:Mixed,20000,4,0.5,0.0,3,real,gradual,1000,,1.0,False,n/a,slow,real/gradual/K=3/n/a/slow/global/balanced/clean,0.37168421052631584,0.00968421052631574
scn-5d6db0459170,2029,HDDM_W,0.8776315789473684,0.0693486270001813,5,3.0,5.0,3.0,0.0,0.0,2.0,0.6,1.0,0.7499999999999999,0.0,297.6666666666667,295.0,inf,10000.0,inf,33.59462486002239,0.0,10000.0,river:Mixed,20000,4,0.5,0.0,3,real,gradual,1000,,1.0,False,n/a,slow,real/gradual/K=3/n/a/slow/global/balanced/clean,0.37663157894736843,0.00473684210526315
scn-5d6db0459170,2029,FHDDM,0.8753684210526316,0.01879191100033495,4,3.0,4.0,3.0,0.0,0.0,1.0,0.75,1.0,0.8571428571428571,0.0,274.3333333333333,274.0,inf,10000.0,inf,36.452004860267316,0.0,10000.0,river:Mixed,20000,4,0.5,0.0,3,real,gradual,1000,,1.0,False,n/a,slow,real/gradual/K=3/n/a/slow/global/balanced/clean,0.3743684210526316,0.007000000000000006
scn-5d6db0459170,2029,NoDrift,0.501,0.010202080999988539,0,3.0,0.0,0.0,3.0,0.0,0.0,,0.0,0.0,1.0,,,inf,10000.0,,,0.0,10000.0,river:Mixed,20000,4,0.5,0.0,3,real,gradual,1000,,1.0,False,n/a,slow,real/gradual/K=3/n/a/slow/global/balanced/clean,0.0,0.3813684210526316
scn-5d6db0459170,2029,Periodic(2000),0.8310526315789474,0.01107908399990265,9,3.0,9.0,3.0,0.0,5.0,1.0,0.3333333333333333,1.0,0.5,0.0,1333.6666666666667,1667.0,2000.0,2000.0,1.4996250937265683,1.4996250937265683,0.5,10000.0,river:Mixed,20000,4,0.5,0.0,3,real,gradual,1000,,1.0,False,n/a,slow,real/gradual/K=3/n/a/slow/global/balanced/clean,0.3300526315789474,0.051315789473684204
scn-5d6db0459170,2029,Oracle,0.8823684210526316,0.01252294100004292,3,3.0,3.0,3.0,0.0,0.0,0.0,1.0,1.0,1.0,0.0,501.0,501.0,inf,10000.0,inf,19.960079840319363,0.0,10000.0,river:Mixed,20000,4,0.5,0.0,3,real,gradual,1000,,1.0,False,n/a,slow,real/gradual/K=3/n/a/slow/global/balanced/clean,0.3813684210526316,-0.0
