scenario_id,seed,detector,accuracy,runtime_s,n_resets,n_events,n_detections,tp,fn,fp_out,fp_red,precision,recall,f1,mdr,mtd,median_delay,mtfa,mtfa_capped,mtr,mtr_capped,far,t_stable,family,n,d,pi0,eta,K,kind,form,width,magnitude,alpha,recurring,severity,speed,signature,delta_accuracy,oracle_gap,набор,источник,W4
scn-45e412cf7d77,2027,ADWIN,0.6466842105263158,0.013799713000025804,3,3.0,3.0,2.0,1.0,1.0,0.0,0.6666666666666666,0.6666666666666666,0.6666666666666666,0.33333333333333337,2223.0,2223.0,10000.0,10000.0,2.9989503673714197,2.9989503673714197,0.1,10000.0,real:bananas,20000,2,0.45,0.0,3,real,gradual,1000,0.1,1.0,False,medium,slow,real/gradual/K=3/medium/slow/global/balanced/clean,-0.0029473684210526985,0.01757894736842114,bananas,реальные,True
scn-45e412cf7d77,2027,KSWIN,0.6682105263157895,3.8689487550000194,7,3.0,7.0,2.0,1.0,5.0,0.0,0.2857142857142857,0.6666666666666666,0.4,0.33333333333333337,1936.5,1936.5,2000.0,2000.0,0.68852741199759,0.68852741199759,0.5,10000.0,real:bananas,20000,2,0.45,0.0,3,real,gradual,1000,0.1,1.0,False,medium,slow,real/gradual/K=3/medium/slow/global/balanced/clean,0.018578947368421028,-0.003947368421052588,bananas,реальные,True
scn-45e412cf7d77,2027,PageHinkley,0.6563684210526316,0.01939672900016376,9,3.0,9.0,3.0,0.0,5.0,1.0,0.3333333333333333,1.0,0.5,0.0,784.6666666666666,1049.0,2000.0,2000.0,2.548853016142736,2.548853016142736,0.5,10000.0,real:bananas,20000,2,0.45,0.0,3,real,gradual,1000,0.1,1.0,False,medium,slow,real/gradual/K=3/medium/slow/global/balanced/clean,0.006736842105263152,0.007894736842105288,bananas,реальные,True
scn-45e412cf7d77,2027,PageHinkley-up,0.6447894736842106,0.018763905000014347,2,3.0,2.0,2.0,1.0,0.0,0.0,1.0,0.6666666666666666,0.8,0.33333333333333337,2360.0,2360.0,inf,10000.0,inf,2.824858757062147,0.0,10000.0,real:bananas,20000,2,0.45,0.0,3,real,gradual,1000,0.1,1.0,False,medium,slow,real/gradual/K=3/medium/slow/global/balanced/clean,-0.00484210526315787,0.01947368421052631,bananas,реальные,True
scn-45e412cf7d77,2027,DDM,0.6496315789473684,0.016875186000106623,0,3.0,0.0,0.0,3.0,0.0,0.0,,0.0,0.0,1.0,,,inf,10000.0,,,0.0,10000.0,real:bananas,20000,2,0.45,0.0,3,real,gradual,1000,0.1,1.0,False,medium,slow,real/gradual/K=3/medium/slow/global/balanced/clean,0.0,0.01463157894736844,bananas,реальные,True
scn-45e412cf7d77,2027,EDDM,0.651578947368421,0.022389563000160706,12,3.0,12.0,1.0,2.0,11.0,0.0,0.08333333333333333,0.3333333333333333,0.13333333333333333,0.6666666666666667,55.0,55.0,909.0909090909091,909.0909090909091,5.509641873278237,5.509641873278237,1.1,10000.0,real:bananas,20000,2,0.45,0.0,3,real,gradual,1000,0.1,1.0,False,medium,slow,real/gradual/K=3/medium/slow/global/balanced/clean,0.0019473684210525866,0.012684210526315853,bananas,реальные,True
scn-45e412cf7d77,2027,HDDM_A,0.6396315789473684,0.06084491899991917,1,3.0,1.0,0.0,3.0,1.0,0.0,0.0,0.0,0.0,1.0,,,10000.0,10000.0,,,0.1,10000.0,real:bananas,20000,2,0.45,0.0,3,real,gradual,1000,0.1,1.0,False,medium,slow,real/gradual/K=3/medium/slow/global/balanced/clean,-0.010000000000000009,0.02463157894736845,bananas,реальные,True
scn-45e412cf7d77,2027,HDDM_W,0.6627368421052632,0.06854772499991668,10,3.0,10.0,2.0,1.0,6.0,2.0,0.2,0.6666666666666666,0.30769230769230765,0.33333333333333337,973.0,973.0,1666.6666666666667,1666.6666666666667,1.1419435879867534,1.1419435879867534,0.6,10000.0,real:bananas,20000,2,0.45,0.0,3,real,gradual,1000,0.1,1.0,False,medium,slow,real/gradual/K=3/medium/slow/global/balanced/clean,0.013105263157894731,0.001526315789473709,bananas,реальные,True
scn-45e412cf7d77,2027,FHDDM,0.6700526315789473,0.015658504999919387,5,3.0,5.0,2.0,1.0,3.0,0.0,0.4,0.6666666666666666,0.5,0.33333333333333337,1371.0,1371.0,3333.3333333333335,3333.3333333333335,1.6208768943998701,1.6208768943998701,0.3,10000.0,real:bananas,20000,2,0.45,0.0,3,real,gradual,1000,0.1,1.0,False,medium,slow,real/gradual/K=3/medium/slow/global/balanced/clean,0.020421052631578895,-0.0057894736842104555,bananas,реальные,True
scn-45e412cf7d77,2027,NoDrift,0.6496315789473684,0.008194338000066637,0,3.0,0.0,0.0,3.0,0.0,0.0,,0.0,0.0,1.0,,,inf,10000.0,,,0.0,10000.0,real:bananas,20000,2,0.45,0.0,3,real,gradual,1000,0.1,1.0,False,medium,slow,real/gradual/K=3/medium/slow/global/balanced/clean,0.0,0.01463157894736844,bananas,реальные,True
scn-45e412cf7d77,2027,Periodic(2000),0.6528421052631579,0.009144510999703925,9,3.0,9.0,3.0,0.0,5.0,1.0,0.3333333333333333,1.0,0.5,0.0,1333.6666666666667,1667.0,2000.0,2000.0,1.4996250937265683,1.4996250937265683,0.5,10000.0,real:bananas,20000,2,0.45,0.0,3,real,gradual,1000,0.1,1.0,False,medium,slow,real/gradual/K=3/medium/slow/global/balanced/clean,0.0032105263157894415,0.011421052631578998,bananas,реальные,True
scn-45e412cf7d77,2027,Oracle,0.6642631578947369,0.010414704000140773,3,3.0,3.0,3.0,0.0,0.0,0.0,1.0,1.0,1.0,0.0,501.0,501.0,inf,10000.0,inf,19.960079840319363,0.0,10000.0,real:bananas,20000,2,0.45,0.0,3,real,gradual,1000,0.1,1.0,False,medium,slow,real/gradual/K=3/medium/slow/global/balanced/clean,0.01463157894736844,-0.0,bananas,реальные,True
scn-45e412cf7d77,2028,ADWIN,0.6541052631578947,0.013015550999625702,2,3.0,2.0,2.0,1.0,0.0,0.0,1.0,0.6666666666666666,0.8,0.33333333333333337,2096.5,2096.5,inf,10000.0,inf,3.1799030129581043,0.0,10000.0,real:bananas,20000,2,0.45,0.0,3,real,gradual,1000,0.1,1.0,False,medium,slow,real/gradual/K=3/medium/slow/global/balanced/clean,0.0016842105263158436,0.016421052631578892,bananas,реальные,True
scn-45e412cf7d77,2028,KSWIN,0.657,4.049070228999881,2,3.0,2.0,1.0,2.0,0.0,1.0,0.5,0.3333333333333333,0.4,0.6666666666666667,1625.0,1625.0,inf,10000.0,inf,2.051282051282051,0.0,10000.0,real:bananas,20000,2,0.45,0.0,3,real,gradual,1000,0.1,1.0,False,medium,slow,real/gradual/K=3/medium/slow/global/balanced/clean,0.004578947368421127,0.013526315789473609,bananas,реальные,True
scn-45e412cf7d77,2028,PageHinkley,0.6678421052631579,0.020026275999953214,7,3.0,7.0,3.0,0.0,1.0,3.0,0.42857142857142855,1.0,0.6,0.0,892.0,789.0,10000.0,10000.0,11.210762331838565,11.210762331838565,0.1,10000.0,real:bananas,20000,2,0.45,0.0,3,real,gradual,1000,0.1,1.0,False,medium,slow,real/gradual/K=3/medium/slow/global/balanced/clean,0.015421052631579002,0.0026842105263157334,bananas,реальные,True
scn-45e412cf7d77,2028,PageHinkley-up,0.6565263157894737,0.018033335999916744,3,3.0,3.0,2.0,1.0,1.0,0.0,0.6666666666666666,0.6666666666666666,0.6666666666666666,0.33333333333333337,1138.0,1138.0,10000.0,10000.0,5.858230814294083,5.858230814294083,0.1,10000.0,real:bananas,20000,2,0.45,0.0,3,real,gradual,1000,0.1,1.0,False,medium,slow,real/gradual/K=3/medium/slow/global/balanced/clean,0.004105263157894834,0.013999999999999901,bananas,реальные,True
scn-45e412cf7d77,2028,DDM,0.6623157894736842,0.017110987000251043,1,3.0,1.0,1.0,2.0,0.0,0.0,1.0,0.3333333333333333,0.5,0.6666666666666667,171.0,171.0,inf,10000.0,inf,19.493177387914226,0.0,10000.0,real:bananas,20000,2,0.45,0.0,3,real,gradual,1000,0.1,1.0,False,medium,slow,real/gradual/K=3/medium/slow/global/balanced/clean,0.00989473684210529,0.008210526315789446,bananas,реальные,True
scn-45e412cf7d77,2028,EDDM,0.6597894736842105,0.016049457999997685,1,3.0,1.0,0.0,3.0,1.0,0.0,0.0,0.0,0.0,1.0,,,10000.0,10000.0,,,0.1,10000.0,real:bananas,20000,2,0.45,0.0,3,real,gradual,1000,0.1,1.0,False,medium,slow,real/gradual/K=3/medium/slow/global/balanced/clean,0.00736842105263158,0.010736842105263156,bananas,реальные,True
scn-45e412cf7d77,2028,HDDM_A,0.6524210526315789,0.05183341899964944,0,3.0,0.0,0.0,3.0,0.0,0.0,,0.0,0.0,1.0,,,inf,10000.0,,,0.0,10000.0,real:bananas,20000,2,0.45,0.0,3,real,gradual,1000,0.1,1.0,False,medium,slow,real/gradual/K=3/medium/slow/global/balanced/clean,0.0,0.018105263157894735,bananas,реальные,True
scn-45e412cf7d77,2028,HDDM_W,0.6653157894736842,0.0750211350000427,12,3.0,12.0,3.0,0.0,4.0,5.0,0.25,1.0,0.4,0.0,954.3333333333334,1150.0,2500.0,2500.0,2.619629758994062,2.619629758994062,0.4,10000.0,real:bananas,20000,2,0.45,0.0,3,real,gradual,1000,0.1,1.0,False,medium,slow,real/gradual/K=3/medium/slow/global/balanced/clean,0.012894736842105292,0.005210526315789443,bananas,реальные,True
scn-45e412cf7d77,2028,FHDDM,0.6614736842105263,0.015427209999870684,4,3.0,4.0,2.0,1.0,1.0,1.0,0.5,0.6666666666666666,0.5714285714285715,0.33333333333333337,1011.0,1011.0,10000.0,10000.0,6.594131223211342,6.594131223211342,0.1,10000.0,real:bananas,20000,2,0.45,0.0,3,real,gradual,1000,0.1,1.0,False,medium,slow,real/gradual/K=3/medium/slow/global/balanced/clean,0.009052631578947423,0.009052631578947312,bananas,реальные,True
scn-45e412cf7d77,2028,NoDrift,0.6524210526315789,0.0082323230003567,0,3.0,0.0,0.0,3.0,0.0,0.0,,0.0,0.0,1.0,,,inf,10000.0,,,0.0,10000.0,real:bananas,20000,2,0.45,0.0,3,real,gradual,1000,0.1,1.0,False,medium,slow,real/gradual/K=3/medium/slow/global/balanced/clean,0.0,0.018105263157894735,bananas,реальные,True
scn-45e412cf7d77,2028,Periodic(2000),0.6543157894736842,0.009357498999634117,9,3.0,9.0,3.0,0.0,5.0,1.0,0.3333333333333333,1.0,0.5,0.0,1333.6666666666667,1667.0,2000.0,2000.0,1.4996250937265683,1.4996250937265683,0.5,10000.0,real:bananas,20000,2,0.45,0.0,3,real,gradual,1000,0.1,1.0,False,medium,slow,real/gradual/K=3/medium/slow/global/balanced/clean,0.0018947368421052824,0.016210526315789453,bananas,реальные,True
scn-45e412cf7d77,2028,Oracle,0.6705263157894736,0.010403188000054797,3,3.0,3.0,3.0,0.0,0.0,0.0,1.0,1.0,1.0,0.0,501.0,501.0,inf,10000.0,inf,19.960079840319363,0.0,10000.0,real:bananas,20000,2,0.45,0.0,3,real,gradual,1000,0.1,1.0,False,medium,slow,real/gradual/K=3/medium/slow/global/balanced/clean,0.018105263157894735,-0.0,bananas,реальные,True
scn-45e412cf7d77,2029,ADWIN,0.6752631578947368,0.013451834000079543,1,3.0,1.0,1.0,2.0,0.0,0.0,1.0,0.3333333333333333,0.5,0.6666666666666667,1854.0,1854.0,inf,10000.0,inf,1.7979144192736423,0.0,10000.0,real:bananas,20000,2,0.45,0.0,3,real,gradual,1000,0.1,1.0,False,medium,slow,real/gradual/K=3/medium/slow/global/balanced/clean,0.014105263157894732,-0.008526315789473604,bananas,реальные,True
scn-45e412cf7d77,2029,KSWIN,0.6781578947368421,3.909687321000092,3,3.0,3.0,3.0,0.0,0.0,0.0,1.0,1.0,1.0,0.0,1863.3333333333333,1919.0,inf,10000.0,inf,5.366726296958856,0.0,10000.0,real:bananas,20000,2,0.45,0.0,3,real,gradual,1000,0.1,1.0,False,medium,slow,real/gradual/K=3/medium/slow/global/balanced/clean,0.017000000000000015,-0.011421052631578887,bananas,реальные,True
scn-45e412cf7d77,2029,PageHinkley,0.6798947368421052,0.01786763299969607,3,3.0,3.0,2.0,1.0,1.0,0.0,0.6666666666666666,0.6666666666666666,0.6666666666666666,0.33333333333333337,1138.0,1138.0,10000.0,10000.0,5.858230814294083,5.858230814294083,0.1,10000.0,real:bananas,20000,2,0.45,0.0,3,real,gradual,1000,0.1,1.0,False,medium,slow,real/gradual/K=3/medium/slow/global/balanced/clean,0.018736842105263163,-0.013157894736842035,bananas,реальные,True
scn-45e412cf7d77,2029,PageHinkley-up,0.660157894736842,0.018014534000030835,3,3.0,3.0,2.0,1.0,1.0,0.0,0.6666666666666666,0.6666666666666666,0.6666666666666666,0.33333333333333337,1571.5,1571.5,10000.0,10000.0,4.242231413723618,4.242231413723618,0.1,10000.0,real:bananas,20000,2,0.45,0.0,3,real,gradual,1000,0.1,1.0,False,medium,slow,real/gradual/K=3/medium/slow/global/balanced/clean,-0.0010000000000000009,0.006578947368421129,bananas,реальные,True
scn-45e412cf7d77,2029,DDM,0.6611578947368421,0.016561163999995188,0,3.0,0.0,0.0,3.0,0.0,0.0,,0.0,0.0,1.0,,,inf,10000.0,,,0.0,10000.0,real:bananas,20000,2,0.45,0.0,3,real,gradual,1000,0.1,1.0,False,medium,slow,real/gradual/K=3/medium/slow/global/balanced/clean,0.0,0.005578947368421128,bananas,реальные,True
scn-45e412cf7d77,2029,EDDM,0.6650526315789473,0.018130331999600457,2,3.0,2.0,0.0,3.0,2.0,0.0,0.0,0.0,0.0,1.0,,,5000.0,5000.0,,,0.2,10000.0,real:bananas,20000,2,0.45,0.0,3,real,gradual,1000,0.1,1.0,False,medium,slow,real/gradual/K=3/medium/slow/global/balanced/clean,0.003894736842105284,0.0016842105263158436,bananas,реальные,True
scn-45e412cf7d77,2029,HDDM_A,0.6611578947368421,0.05269749899980525,0,3.0,0.0,0.0,3.0,0.0,0.0,,0.0,0.0,1.0,,,inf,10000.0,,,0.0,10000.0,real:bananas,20000,2,0.45,0.0,3,real,gradual,1000,0.1,1.0,False,medium,slow,real/gradual/K=3/medium/slow/global/balanced/clean,0.0,0.005578947368421128,bananas,реальные,True
scn-45e412cf7d77,2029,HDDM_W,0.6659473684210526,0.06800842700022258,8,3.0,8.0,2.0,1.0,6.0,0.0,0.25,0.6666666666666666,0.36363636363636365,0.33333333333333337,1265.5,1265.5,1666.6666666666667,1666.6666666666667,0.8780016682031696,0.8780016682031696,0.6,10000.0,real:bananas,20000,2,0.45,0.0,3,real,gradual,1000,0.1,1.0,False,medium,slow,real/gradual/K=3/medium/slow/global/balanced/clean,0.004789473684210566,0.0007894736842105621,bananas,реальные,True
scn-45e412cf7d77,2029,FHDDM,0.6753157894736842,0.015053890000217507,4,3.0,4.0,2.0,1.0,2.0,0.0,0.5,0.6666666666666666,0.5714285714285715,0.33333333333333337,1024.5,1024.5,5000.0,5000.0,3.2536196518626967,3.2536196518626967,0.2,10000.0,real:bananas,20000,2,0.45,0.0,3,real,gradual,1000,0.1,1.0,False,medium,slow,real/gradual/K=3/medium/slow/global/balanced/clean,0.014157894736842147,-0.00857894736842102,bananas,реальные,True
scn-45e412cf7d77,2029,NoDrift,0.6611578947368421,0.008018113999696652,0,3.0,0.0,0.0,3.0,0.0,0.0,,0.0,0.0,1.0,,,inf,10000.0,,,0.0,10000.0,real:bananas,20000,2,0.45,0.0,3,real,gradual,1000,0.1,1.0,False,medium,slow,real/gradual/K=3/medium/slow/global/balanced/clean,0.0,0.005578947368421128,bananas,реальные,True
scn-45e412cf7d77,2029,Periodic(2000),0.6564736842105263,0.009157845999652636,9,3.0,9.0,3.0,0.0,5.0,1.0,0.3333333333333333,1.0,0.5,0.0,1333.6666666666667,1667.0,2000.0,2000.0,1.4996250937265683,1.4996250937265683,0.5,10000.0,real:bananas,20000,2,0.45,0.0,3,real,gradual,1000,0.1,1.0,False,medium,slow,real/gradual/K=3/medium/slow/global/balanced/clean,-0.004684210526315735,0.010263157894736863,bananas,реальные,True
scn-45e412cf7d77,2029,Oracle,0.6667368421052632,0.0104267050000999,3,3.0,3.0,3.0,0.0,0.0,0.0,1.0,1.0,1.0,0.0,501.0,501.0,inf,10000.0,inf,19.960079840319363,0.0,10000.0,real:bananas,20000,2,0.45,0.0,3,real,gradual,1000,0.1,1.0,False,medium,slow,real/gradual/K=3/medium/slow/global/balanced/clean,0.005578947368421128,-0.0,bananas,реальные,True
scn-2a189262f109,2027,ADWIN,0.6518947368421053,0.013475897000262194,3,3.0,3.0,1.0,2.0,2.0,0.0,0.3333333333333333,0.3333333333333333,0.3333333333333333,0.6666666666666667,1600.0,1600.0,5000.0,5000.0,1.0416666666666665,1.0416666666666665,0.2,10000.0,real:bananas,20000,2,0.45,0.0,3,real,gradual,1000,0.3,1.0,False,high,slow,real/gradual/K=3/high/slow/global/balanced/clean,0.007157894736842141,0.03810526315789464,bananas,реальные,True
scn-2a189262f109,2027,KSWIN,0.6585263157894737,3.925038789000155,2,3.0,2.0,1.0,2.0,1.0,0.0,0.5,0.3333333333333333,0.4,0.6666666666666667,310.0,310.0,10000.0,10000.0,10.752688172043008,10.752688172043008,0.1,10000.0,real:bananas,20000,2,0.45,0.0,3,real,gradual,1000,0.3,1.0,False,high,slow,real/gradual/K=3/high/slow/global/balanced/clean,0.013789473684210574,0.03147368421052621,bananas,реальные,True
scn-2a189262f109,2027,PageHinkley,0.6735263157894736,0.020003460999760136,5,3.0,5.0,3.0,0.0,1.0,1.0,0.6,1.0,0.7499999999999999,0.0,908.3333333333334,888.0,10000.0,10000.0,11.009174311926605,11.009174311926605,0.1,10000.0,real:bananas,20000,2,0.45,0.0,3,real,gradual,1000,0.3,1.0,False,high,slow,real/gradual/K=3/high/slow/global/balanced/clean,0.028789473684210476,0.016473684210526307,bananas,реальные,True
scn-2a189262f109,2027,PageHinkley-up,0.6517368421052632,0.017577189999883558,1,3.0,1.0,1.0,2.0,0.0,0.0,1.0,0.3333333333333333,0.5,0.6666666666666667,1037.0,1037.0,inf,10000.0,inf,3.2144005143040815,0.0,10000.0,real:bananas,20000,2,0.45,0.0,3,real,gradual,1000,0.3,1.0,False,high,slow,real/gradual/K=3/high/slow/global/balanced/clean,0.007000000000000006,0.03826315789473678,bananas,реальные,True
scn-2a189262f109,2027,DDM,0.647,0.01787773299975015,1,3.0,1.0,1.0,2.0,0.0,0.0,1.0,0.3333333333333333,0.5,0.6666666666666667,1910.0,1910.0,inf,10000.0,inf,1.7452006980802788,0.0,10000.0,real:bananas,20000,2,0.45,0.0,3,real,gradual,1000,0.3,1.0,False,high,slow,real/gradual/K=3/high/slow/global/balanced/clean,0.002263157894736856,0.04299999999999993,bananas,реальные,True
scn-2a189262f109,2027,EDDM,0.6621578947368421,0.023255549000168685,12,3.0,12.0,2.0,1.0,10.0,0.0,0.16666666666666666,0.6666666666666666,0.26666666666666666,0.33333333333333337,1213.5,1213.5,1000.0,1000.0,0.5493750858398572,0.5493750858398572,1.0,10000.0,real:bananas,20000,2,0.45,0.0,3,real,gradual,1000,0.3,1.0,False,high,slow,real/gradual/K=3/high/slow/global/balanced/clean,0.017421052631578893,0.02784210526315789,bananas,реальные,True
scn-2a189262f109,2027,HDDM_A,0.6483684210526316,0.06497242099976575,1,3.0,1.0,1.0,2.0,0.0,0.0,1.0,0.3333333333333333,0.5,0.6666666666666667,1520.0,1520.0,inf,10000.0,inf,2.19298245614035,0.0,10000.0,real:bananas,20000,2,0.45,0.0,3,real,gradual,1000,0.3,1.0,False,high,slow,real/gradual/K=3/high/slow/global/balanced/clean,0.00363157894736843,0.04163157894736835,bananas,реальные,True
scn-2a189262f109,2027,HDDM_W,0.6684736842105263,0.06873453299976973,9,3.0,9.0,2.0,1.0,6.0,1.0,0.2222222222222222,0.6666666666666666,0.3333333333333333,0.33333333333333337,325.5,325.5,1666.6666666666667,1666.6666666666667,3.413551800648575,3.413551800648575,0.6,10000.0,real:bananas,20000,2,0.45,0.0,3,real,gradual,1000,0.3,1.0,False,high,slow,real/gradual/K=3/high/slow/global/balanced/clean,0.023736842105263167,0.021526315789473616,bananas,реальные,True
scn-2a189262f109,2027,FHDDM,0.6769473684210526,0.015829432999908022,3,3.0,3.0,1.0,2.0,2.0,0.0,0.3333333333333333,0.3333333333333333,0.3333333333333333,0.6666666666666667,424.0,424.0,5000.0,5000.0,3.9308176100628924,3.9308176100628924,0.2,10000.0,real:bananas,20000,2,0.45,0.0,3,real,gradual,1000,0.3,1.0,False,high,slow,real/gradual/K=3/high/slow/global/balanced/clean,0.03221052631578947,0.013052631578947316,bananas,реальные,True
scn-2a189262f109,2027,NoDrift,0.6447368421052632,0.008597563999956037,0,3.0,0.0,0.0,3.0,0.0,0.0,,0.0,0.0,1.0,,,inf,10000.0,,,0.0,10000.0,real:bananas,20000,2,0.45,0.0,3,real,gradual,1000,0.3,1.0,False,high,slow,real/gradual/K=3/high/slow/global/balanced/clean,0.0,0.04526315789473678,bananas,реальные,True
scn-2a189262f109,2027,Periodic(2000),0.6603684210526316,0.00924655900007565,9,3.0,9.0,3.0,0.0,5.0,1.0,0.3333333333333333,1.0,0.5,0.0,1333.6666666666667,1667.0,2000.0,2000.0,1.4996250937265683,1.4996250937265683,0.5,10000.0,real:bananas,20000,2,0.45,0.0,3,real,gradual,1000,0.3,1.0,False,high,slow,real/gradual/K=3/high/slow/global/balanced/clean,0.01563157894736844,0.029631578947368342,bananas,реальные,True
scn-2a189262f109,2027,Oracle,0.69,0.010413677000087773,3,3.0,3.0,3.0,0.0,0.0,0.0,1.0,1.0,1.0,0.0,501.0,501.0,inf,10000.0,inf,19.960079840319363,0.0,10000.0,real:bananas,20000,2,0.45,0.0,3,real,gradual,1000,0.3,1.0,False,high,slow,real/gradual/K=3/high/slow/global/balanced/clean,0.04526315789473678,-0.0,bananas,реальные,True
scn-2a189262f109,2028,ADWIN,0.6852105263157895,0.013961039999685454,3,3.0,3.0,3.0,0.0,0.0,0.0,1.0,1.0,1.0,0.0,1611.0,1347.0,inf,10000.0,inf,6.207324643078833,0.0,10000.0,real:bananas,20000,2,0.45,0.0,3,real,gradual,1000,0.3,1.0,False,high,slow,real/gradual/K=3/high/slow/global/balanced/clean,0.034052631578947334,0.012473684210526303,bananas,реальные,True
scn-2a189262f109,2028,KSWIN,0.6592105263157895,3.9366060319998724,2,3.0,2.0,0.0,3.0,2.0,0.0,0.0,0.0,0.0,1.0,,,5000.0,5000.0,,,0.2,10000.0,real:bananas,20000,2,0.45,0.0,3,real,gradual,1000,0.3,1.0,False,high,slow,real/gradual/K=3/high/slow/global/balanced/clean,0.008052631578947311,0.03847368421052633,bananas,реальные,True
scn-2a189262f109,2028,PageHinkley,0.672,0.021089416999984678,8,3.0,8.0,3.0,0.0,4.0,1.0,0.375,1.0,0.5454545454545454,0.0,1571.6666666666667,1682.0,2500.0,2500.0,1.5906680805938493,1.5906680805938493,0.4,10000.0,real:bananas,20000,2,0.45,0.0,3,real,gradual,1000,0.3,1.0,False,high,slow,real/gradual/K=3/high/slow/global/balanced/clean,0.020842105263157884,0.025684210526315754,bananas,реальные,True
scn-2a189262f109,2028,PageHinkley-up,0.6744736842105263,0.017239670999970258,2,3.0,2.0,2.0,1.0,0.0,0.0,1.0,0.6666666666666666,0.8,0.33333333333333337,1012.0,1012.0,inf,10000.0,inf,6.587615283267457,0.0,10000.0,real:bananas,20000,2,0.45,0.0,3,real,gradual,1000,0.3,1.0,False,high,slow,real/gradual/K=3/high/slow/global/balanced/clean,0.02331578947368418,0.02321052631578946,bananas,реальные,True
scn-2a189262f109,2028,DDM,0.6660526315789473,0.01761416699991969,2,3.0,2.0,2.0,1.0,0.0,0.0,1.0,0.6666666666666666,0.8,0.33333333333333337,1471.0,1471.0,inf,10000.0,inf,4.532064355313845,0.0,10000.0,real:bananas,20000,2,0.45,0.0,3,real,gradual,1000,0.3,1.0,False,high,slow,real/gradual/K=3/high/slow/global/balanced/clean,0.014894736842105183,0.031631578947368455,bananas,реальные,True
scn-2a189262f109,2028,EDDM,0.6603157894736842,0.015962228999796935,1,3.0,1.0,0.0,3.0,1.0,0.0,0.0,0.0,0.0,1.0,,,10000.0,10000.0,,,0.1,10000.0,real:bananas,20000,2,0.45,0.0,3,real,gradual,1000,0.3,1.0,False,high,slow,real/gradual/K=3/high/slow/global/balanced/clean,0.009157894736842032,0.037368421052631606,bananas,реальные,True
scn-2a189262f109,2028,HDDM_A,0.6744736842105263,0.0635253189998366,2,3.0,2.0,2.0,1.0,0.0,0.0,1.0,0.6666666666666666,0.8,0.33333333333333337,1017.0,1017.0,inf,10000.0,inf,6.555227794165846,0.0,10000.0,real:bananas,20000,2,0.45,0.0,3,real,gradual,1000,0.3,1.0,False,high,slow,real/gradual/K=3/high/slow/global/balanced/clean,0.02331578947368418,0.02321052631578946,bananas,реальные,True
scn-2a189262f109,2028,HDDM_W,0.6791578947368421,0.06616542800020397,8,3.0,8.0,3.0,0.0,5.0,0.0,0.375,1.0,0.5454545454545454,0.0,1018.0,1222.0,2000.0,2000.0,1.9646365422396856,1.9646365422396856,0.5,10000.0,real:bananas,20000,2,0.45,0.0,3,real,gradual,1000,0.3,1.0,False,high,slow,real/gradual/K=3/high/slow/global/balanced/clean,0.027999999999999914,0.018526315789473724,bananas,реальные,True
scn-2a189262f109,2028,FHDDM,0.6818421052631579,0.014996869999777118,3,3.0,3.0,3.0,0.0,0.0,0.0,1.0,1.0,1.0,0.0,1201.3333333333333,864.0,inf,10000.0,inf,8.32408435072142,0.0,10000.0,real:bananas,20000,2,0.45,0.0,3,real,gradual,1000,0.3,1.0,False,high,slow,real/gradual/K=3/high/slow/global/balanced/clean,0.03068421052631576,0.01584210526315788,bananas,реальные,True
scn-2a189262f109,2028,NoDrift,0.6511578947368422,0.008229958999891096,0,3.0,0.0,0.0,3.0,0.0,0.0,,0.0,0.0,1.0,,,inf,10000.0,,,0.0,10000.0,real:bananas,20000,2,0.45,0.0,3,real,gradual,1000,0.3,1.0,False,high,slow,real/gradual/K=3/high/slow/global/balanced/clean,0.0,0.04652631578947364,bananas,реальные,True
scn-2a189262f109,2028,Periodic(2000),0.6757368421052632,0.009164791999864974,9,3.0,9.0,3.0,0.0,5.0,1.0,0.3333333333333333,1.0,0.5,0.0,1333.6666666666667,1667.0,2000.0,2000.0,1.4996250937265683,1.4996250937265683,0.5,10000.0,real:bananas,20000,2,0.45,0.0,3,real,gradual,1000,0.3,1.0,False,high,slow,real/gradual/K=3/high/slow/global/balanced/clean,0.024578947368421034,0.021947368421052604,bananas,реальные,True
scn-2a189262f109,2028,Oracle,0.6976842105263158,0.010472088000369695,3,3.0,3.0,3.0,0.0,0.0,0.0,1.0,1.0,1.0,0.0,501.0,501.0,inf,10000.0,inf,19.960079840319363,0.0,10000.0,real:bananas,20000,2,0.45,0.0,3,real,gradual,1000,0.3,1.0,False,high,slow,real/gradual/K=3/high/slow/global/balanced/clean,0.04652631578947364,-0.0,bananas,реальные,True
scn-2a189262f109,2029,ADWIN,0.6622631578947369,0.014008022999860259,4,3.0,4.0,1.0,2.0,3.0,0.0,0.25,0.3333333333333333,0.28571428571428575,0.6666666666666667,1280.0,1280.0,3333.3333333333335,3333.3333333333335,0.8680555555555555,0.8680555555555555,0.3,10000.0,real:bananas,20000,2,0.45,0.0,3,real,gradual,1000,0.3,1.0,False,high,slow,real/gradual/K=3/high/slow/global/balanced/clean,0.01100000000000001,0.025368421052631485,bananas,реальные,True
scn-2a189262f109,2029,KSWIN,0.6576315789473685,3.885689149999962,4,3.0,4.0,0.0,3.0,4.0,0.0,0.0,0.0,0.0,1.0,,,2500.0,2500.0,,,0.4,10000.0,real:bananas,20000,2,0.45,0.0,3,real,gradual,1000,0.3,1.0,False,high,slow,real/gradual/K=3/high/slow/global/balanced/clean,0.006368421052631579,0.029999999999999916,bananas,реальные,True
scn-2a189262f109,2029,PageHinkley,0.6771578947368421,0.019093908999820997,6,3.0,6.0,3.0,0.0,2.0,1.0,0.5,1.0,0.6666666666666666,0.0,1350.3333333333333,1525.0,5000.0,5000.0,3.70278943470748,3.70278943470748,0.2,10000.0,real:bananas,20000,2,0.45,0.0,3,real,gradual,1000,0.3,1.0,False,high,slow,real/gradual/K=3/high/slow/global/balanced/clean,0.025894736842105193,0.010473684210526302,bananas,реальные,True
scn-2a189262f109,2029,PageHinkley-up,0.6754210526315789,0.01808483000013439,2,3.0,2.0,2.0,1.0,0.0,0.0,1.0,0.6666666666666666,0.8,0.33333333333333337,1027.0,1027.0,inf,10000.0,inf,6.491398896462187,0.0,10000.0,real:bananas,20000,2,0.45,0.0,3,real,gradual,1000,0.3,1.0,False,high,slow,real/gradual/K=3/high/slow/global/balanced/clean,0.024157894736842045,0.01221052631578945,bananas,реальные,True
scn-2a189262f109,2029,DDM,0.657,0.01740463299984185,1,3.0,1.0,1.0,2.0,0.0,0.0,1.0,0.3333333333333333,0.5,0.6666666666666667,1657.0,1657.0,inf,10000.0,inf,2.0116676725005025,0.0,10000.0,real:bananas,20000,2,0.45,0.0,3,real,gradual,1000,0.3,1.0,False,high,slow,real/gradual/K=3/high/slow/global/balanced/clean,0.005736842105263151,0.030631578947368343,bananas,реальные,True
scn-2a189262f109,2029,EDDM,0.6564736842105263,0.0229698590001135,12,3.0,12.0,0.0,3.0,12.0,0.0,0.0,0.0,0.0,1.0,,,833.3333333333334,833.3333333333334,,,1.2,10000.0,real:bananas,20000,2,0.45,0.0,3,real,gradual,1000,0.3,1.0,False,high,slow,real/gradual/K=3/high/slow/global/balanced/clean,0.005210526315789443,0.03115789473684205,bananas,реальные,True
scn-2a189262f109,2029,HDDM_A,0.6681578947368421,0.0694211519999044,2,3.0,2.0,1.0,2.0,1.0,0.0,0.5,0.3333333333333333,0.4,0.6666666666666667,1251.0,1251.0,10000.0,10000.0,2.6645350386357576,2.6645350386357576,0.1,10000.0,real:bananas,20000,2,0.45,0.0,3,real,gradual,1000,0.3,1.0,False,high,slow,real/gradual/K=3/high/slow/global/balanced/clean,0.016894736842105185,0.01947368421052631,bananas,реальные,True
scn-2a189262f109,2029,HDDM_W,0.6758947368421052,0.07031621599981008,10,3.0,10.0,3.0,0.0,6.0,1.0,0.3,1.0,0.4615384615384615,0.0,889.6666666666666,933.0,1666.6666666666667,1666.6666666666667,1.8733608092918699,1.8733608092918699,0.6,10000.0,real:bananas,20000,2,0.45,0.0,3,real,gradual,1000,0.3,1.0,False,high,slow,real/gradual/K=3/high/slow/global/balanced/clean,0.024631578947368338,0.011736842105263157,bananas,реальные,True
scn-2a189262f109,2029,FHDDM,0.6652631578947369,0.015246400000251015,2,3.0,2.0,2.0,1.0,0.0,0.0,1.0,0.6666666666666666,0.8,0.33333333333333337,1804.0,1804.0,inf,10000.0,inf,3.695491500369549,0.0,10000.0,real:bananas,20000,2,0.45,0.0,3,real,gradual,1000,0.3,1.0,False,high,slow,real/gradual/K=3/high/slow/global/balanced/clean,0.014000000000000012,0.022368421052631482,bananas,реальные,True
scn-2a189262f109,2029,NoDrift,0.6512631578947369,0.00815291899971271,0,3.0,0.0,0.0,3.0,0.0,0.0,,0.0,0.0,1.0,,,inf,10000.0,,,0.0,10000.0,real:bananas,20000,2,0.45,0.0,3,real,gradual,1000,0.3,1.0,False,high,slow,real/gradual/K=3/high/slow/global/balanced/clean,0.0,0.036368421052631494,bananas,реальные,True
scn-2a189262f109,2029,Periodic(2000),0.6713684210526316,0.009127099000124872,9,3.0,9.0,3.0,0.0,5.0,1.0,0.3333333333333333,1.0,0.5,0.0,1333.6666666666667,1667.0,2000.0,2000.0,1.4996250937265683,1.4996250937265683,0.5,10000.0,real:bananas,20000,2,0.45,0.0,3,real,gradual,1000,0.3,1.0,False,high,slow,real/gradual/K=3/high/slow/global/balanced/clean,0.020105263157894737,0.016263157894736757,bananas,реальные,True
scn-2a189262f109,2029,Oracle,0.6876315789473684,0.01045716499993432,3,3.0,3.0,3.0,0.0,0.0,0.0,1.0,1.0,1.0,0.0,501.0,501.0,inf,10000.0,inf,19.960079840319363,0.0,10000.0,real:bananas,20000,2,0.45,0.0,3,real,gradual,1000,0.3,1.0,False,high,slow,real/gradual/K=3/high/slow/global/balanced/clean,0.036368421052631494,-0.0,bananas,реальные,True
scn-9bfaaf8adc02,2027,ADWIN,0.5956315789473684,0.012470576999930927,1,3.0,1.0,1.0,2.0,0.0,0.0,1.0,0.3333333333333333,0.5,0.6666666666666667,2947.0,2947.0,inf,10000.0,inf,1.13109376767334,0.0,10000.0,real:bananas,20000,2,0.45,0.0,3,virtual,gradual,1000,0.1,1.0,False,medium,slow,virtual/gradual/K=3/medium/slow/global/balanced/clean,-0.004052631578947419,0.00615789473684214,bananas,реальные,False
scn-9bfaaf8adc02,2027,KSWIN,0.5930526315789474,3.9253945899999962,2,3.0,2.0,0.0,3.0,2.0,0.0,0.0,0.0,0.0,1.0,,,5000.0,5000.0,,,0.2,10000.0,real:bananas,20000,2,0.45,0.0,3,virtual,gradual,1000,0.1,1.0,False,medium,slow,virtual/gradual/K=3/medium/slow/global/balanced/clean,-0.006631578947368433,0.008736842105263154,bananas,реальные,False
scn-9bfaaf8adc02,2027,PageHinkley,0.596,0.021266882000418263,3,3.0,3.0,3.0,0.0,0.0,0.0,1.0,1.0,1.0,0.0,912.0,974.0,inf,10000.0,inf,10.964912280701755,0.0,10000.0,real:bananas,20000,2,0.45,0.0,3,virtual,gradual,1000,0.1,1.0,False,medium,slow,virtual/gradual/K=3/medium/slow/global/balanced/clean,-0.0036842105263158453,0.0057894736842105665,bananas,реальные,False
scn-9bfaaf8adc02,2027,PageHinkley-up,0.598421052631579,0.018350241000007372,1,3.0,1.0,1.0,2.0,0.0,0.0,1.0,0.3333333333333333,0.5,0.6666666666666667,1495.0,1495.0,inf,10000.0,inf,2.2296544035674466,0.0,10000.0,real:bananas,20000,2,0.45,0.0,3,virtual,gradual,1000,0.1,1.0,False,medium,slow,virtual/gradual/K=3/medium/slow/global/balanced/clean,-0.001263157894736855,0.003368421052631576,bananas,реальные,False
scn-9bfaaf8adc02,2027,DDM,0.5996842105263158,0.017117702999712492,0,3.0,0.0,0.0,3.0,0.0,0.0,,0.0,0.0,1.0,,,inf,10000.0,,,0.0,10000.0,real:bananas,20000,2,0.45,0.0,3,virtual,gradual,1000,0.1,1.0,False,medium,slow,virtual/gradual/K=3/medium/slow/global/balanced/clean,0.0,0.002105263157894721,bananas,реальные,False
scn-9bfaaf8adc02,2027,EDDM,0.6009473684210527,0.022740197000075568,11,3.0,11.0,1.0,2.0,10.0,0.0,0.09090909090909091,0.3333333333333333,0.14285714285714288,0.6666666666666667,56.0,56.0,1000.0,1000.0,5.952380952380952,5.952380952380952,1.0,10000.0,real:bananas,20000,2,0.45,0.0,3,virtual,gradual,1000,0.1,1.0,False,medium,slow,virtual/gradual/K=3/medium/slow/global/balanced/clean,0.001263157894736855,0.0008421052631578663,bananas,реальные,False
scn-9bfaaf8adc02,2027,HDDM_A,0.5996842105263158,0.05372874899967428,0,3.0,0.0,0.0,3.0,0.0,0.0,,0.0,0.0,1.0,,,inf,10000.0,,,0.0,10000.0,real:bananas,20000,2,0.45,0.0,3,virtual,gradual,1000,0.1,1.0,False,medium,slow,virtual/gradual/K=3/medium/slow/global/balanced/clean,0.0,0.002105263157894721,bananas,реальные,False
scn-9bfaaf8adc02,2027,HDDM_W,0.5883157894736842,0.06993081699965842,11,3.0,11.0,3.0,0.0,6.0,2.0,0.2727272727272727,1.0,0.42857142857142855,0.0,839.0,616.0,1666.6666666666667,1666.6666666666667,1.986491855383393,1.986491855383393,0.6,10000.0,real:bananas,20000,2,0.45,0.0,3,virtual,gradual,1000,0.1,1.0,False,medium,slow,virtual/gradual/K=3/medium/slow/global/balanced/clean,-0.011368421052631583,0.013473684210526304,bananas,реальные,False
scn-9bfaaf8adc02,2027,FHDDM,0.5976842105263158,0.016992955000205257,6,3.0,6.0,1.0,2.0,5.0,0.0,0.16666666666666666,0.3333333333333333,0.2222222222222222,0.6666666666666667,2048.0,2048.0,2000.0,2000.0,0.32552083333333326,0.32552083333333326,0.5,10000.0,real:bananas,20000,2,0.45,0.0,3,virtual,gradual,1000,0.1,1.0,False,medium,slow,virtual/gradual/K=3/medium/slow/global/balanced/clean,-0.0020000000000000018,0.004105263157894723,bananas,реальные,False
scn-9bfaaf8adc02,2027,NoDrift,0.5996842105263158,0.008167361999767309,0,3.0,0.0,0.0,3.0,0.0,0.0,,0.0,0.0,1.0,,,inf,10000.0,,,0.0,10000.0,real:bananas,20000,2,0.45,0.0,3,virtual,gradual,1000,0.1,1.0,False,medium,slow,virtual/gradual/K=3/medium/slow/global/balanced/clean,0.0,0.002105263157894721,bananas,реальные,False
scn-9bfaaf8adc02,2027,Periodic(2000),0.5926315789473684,0.009137482000369346,9,3.0,9.0,3.0,0.0,5.0,1.0,0.3333333333333333,1.0,0.5,0.0,1333.6666666666667,1667.0,2000.0,2000.0,1.4996250937265683,1.4996250937265683,0.5,10000.0,real:bananas,20000,2,0.45,0.0,3,virtual,gradual,1000,0.1,1.0,False,medium,slow,virtual/gradual/K=3/medium/slow/global/balanced/clean,-0.007052631578947421,0.009157894736842143,bananas,реальные,False
scn-9bfaaf8adc02,2027,Oracle,0.6017894736842105,0.010443658999975014,3,3.0,3.0,3.0,0.0,0.0,0.0,1.0,1.0,1.0,0.0,501.0,501.0,inf,10000.0,inf,19.960079840319363,0.0,10000.0,real:bananas,20000,2,0.45,0.0,3,virtual,gradual,1000,0.1,1.0,False,medium,slow,virtual/gradual/K=3/medium/slow/global/balanced/clean,0.002105263157894721,-0.0,bananas,реальные,False
scn-9bfaaf8adc02,2028,ADWIN,0.6083157894736843,0.012755969000409095,1,3.0,1.0,0.0,3.0,1.0,0.0,0.0,0.0,0.0,1.0,,,10000.0,10000.0,,,0.1,10000.0,real:bananas,20000,2,0.45,0.0,3,virtual,gradual,1000,0.1,1.0,False,medium,slow,virtual/gradual/K=3/medium/slow/global/balanced/clean,0.0014736842105264047,-0.00473684210526315,bananas,реальные,False
scn-9bfaaf8adc02,2028,KSWIN,0.6068947368421053,4.018746951999674,2,3.0,2.0,0.0,3.0,2.0,0.0,0.0,0.0,0.0,1.0,,,5000.0,5000.0,,,0.2,10000.0,real:bananas,20000,2,0.45,0.0,3,virtual,gradual,1000,0.1,1.0,False,medium,slow,virtual/gradual/K=3/medium/slow/global/balanced/clean,5.2631578947415214e-05,-0.003315789473684161,bananas,реальные,False
scn-9bfaaf8adc02,2028,PageHinkley,0.6082631578947368,0.019604595999680896,3,3.0,3.0,2.0,1.0,1.0,0.0,0.6666666666666666,0.6666666666666666,0.6666666666666666,0.33333333333333337,1097.0,1097.0,10000.0,10000.0,6.077180188392585,6.077180188392585,0.1,10000.0,real:bananas,20000,2,0.45,0.0,3,virtual,gradual,1000,0.1,1.0,False,medium,slow,virtual/gradual/K=3/medium/slow/global/balanced/clean,0.0014210526315789895,-0.004684210526315735,bananas,реальные,False
scn-9bfaaf8adc02,2028,PageHinkley-up,0.6128421052631579,0.01919888099973832,1,3.0,1.0,0.0,3.0,1.0,0.0,0.0,0.0,0.0,1.0,,,10000.0,10000.0,,,0.1,10000.0,real:bananas,20000,2,0.45,0.0,3,virtual,gradual,1000,0.1,1.0,False,medium,slow,virtual/gradual/K=3/medium/slow/global/balanced/clean,0.006000000000000005,-0.009263157894736751,bananas,реальные,False
scn-9bfaaf8adc02,2028,DDM,0.6068421052631578,0.018044814999939263,0,3.0,0.0,0.0,3.0,0.0,0.0,,0.0,0.0,1.0,,,inf,10000.0,,,0.0,10000.0,real:bananas,20000,2,0.45,0.0,3,virtual,gradual,1000,0.1,1.0,False,medium,slow,virtual/gradual/K=3/medium/slow/global/balanced/clean,0.0,-0.0032631578947367457,bananas,реальные,False
scn-9bfaaf8adc02,2028,EDDM,0.6065263157894737,0.02343367899993609,12,3.0,12.0,1.0,2.0,2.0,9.0,0.08333333333333333,0.3333333333333333,0.13333333333333333,0.6666666666666667,39.0,39.0,5000.0,5000.0,42.735042735042725,42.735042735042725,0.2,10000.0,real:bananas,20000,2,0.45,0.0,3,virtual,gradual,1000,0.1,1.0,False,medium,slow,virtual/gradual/K=3/medium/slow/global/balanced/clean,-0.0003157894736841582,-0.0029473684210525875,bananas,реальные,False
scn-9bfaaf8adc02,2028,HDDM_A,0.6068421052631578,0.0540953729996545,0,3.0,0.0,0.0,3.0,0.0,0.0,,0.0,0.0,1.0,,,inf,10000.0,,,0.0,10000.0,real:bananas,20000,2,0.45,0.0,3,virtual,gradual,1000,0.1,1.0,False,medium,slow,virtual/gradual/K=3/medium/slow/global/balanced/clean,0.0,-0.0032631578947367457,bananas,реальные,False
scn-9bfaaf8adc02,2028,HDDM_W,0.6065263157894737,0.0713053120002769,11,3.0,11.0,3.0,0.0,6.0,2.0,0.2727272727272727,1.0,0.42857142857142855,0.0,1041.0,943.0,1666.6666666666667,1666.6666666666667,1.601024655779699,1.601024655779699,0.6,10000.0,real:bananas,20000,2,0.45,0.0,3,virtual,gradual,1000,0.1,1.0,False,medium,slow,virtual/gradual/K=3/medium/slow/global/balanced/clean,-0.0003157894736841582,-0.0029473684210525875,bananas,реальные,False
scn-9bfaaf8adc02,2028,FHDDM,0.6123684210526316,0.015499462999741809,3,3.0,3.0,2.0,1.0,1.0,0.0,0.6666666666666666,0.6666666666666666,0.6666666666666666,0.33333333333333337,2566.0,2566.0,10000.0,10000.0,2.5980774227071963,2.5980774227071963,0.1,10000.0,real:bananas,20000,2,0.45,0.0,3,virtual,gradual,1000,0.1,1.0,False,medium,slow,virtual/gradual/K=3/medium/slow/global/balanced/clean,0.0055263157894737125,-0.008789473684210458,bananas,реальные,False
scn-9bfaaf8adc02,2028,NoDrift,0.6068421052631578,0.008176135999747203,0,3.0,0.0,0.0,3.0,0.0,0.0,,0.0,0.0,1.0,,,inf,10000.0,,,0.0,10000.0,real:bananas,20000,2,0.45,0.0,3,virtual,gradual,1000,0.1,1.0,False,medium,slow,virtual/gradual/K=3/medium/slow/global/balanced/clean,0.0,-0.0032631578947367457,bananas,реальные,False
scn-9bfaaf8adc02,2028,Periodic(2000),0.5965789473684211,0.009234838999873318,9,3.0,9.0,3.0,0.0,5.0,1.0,0.3333333333333333,1.0,0.5,0.0,1333.6666666666667,1667.0,2000.0,2000.0,1.4996250937265683,1.4996250937265683,0.5,10000.0,real:bananas,20000,2,0.45,0.0,3,virtual,gradual,1000,0.1,1.0,False,medium,slow,virtual/gradual/K=3/medium/slow/global/balanced/clean,-0.010263157894736752,0.007000000000000006,bananas,реальные,False
scn-9bfaaf8adc02,2028,Oracle,0.6035789473684211,0.010377667999819096,3,3.0,3.0,3.0,0.0,0.0,0.0,1.0,1.0,1.0,0.0,501.0,501.0,inf,10000.0,inf,19.960079840319363,0.0,10000.0,real:bananas,20000,2,0.45,0.0,3,virtual,gradual,1000,0.1,1.0,False,medium,slow,virtual/gradual/K=3/medium/slow/global/balanced/clean,-0.0032631578947367457,-0.0,bananas,реальные,False
scn-9bfaaf8adc02,2029,ADWIN,0.6052105263157894,0.0130756870003097,0,3.0,0.0,0.0,3.0,0.0,0.0,,0.0,0.0,1.0,,,inf,10000.0,,,0.0,10000.0,real:bananas,20000,2,0.45,0.0,3,virtual,gradual,1000,0.1,1.0,False,medium,slow,virtual/gradual/K=3/medium/slow/global/balanced/clean,0.0,-0.006736842105263152,bananas,реальные,False
scn-9bfaaf8adc02,2029,KSWIN,0.5991578947368421,3.8937270669998725,4,3.0,4.0,1.0,2.0,3.0,0.0,0.25,0.3333333333333333,0.28571428571428575,0.6666666666666667,2466.0,2466.0,3333.3333333333335,3333.3333333333335,0.45057222672794445,0.45057222672794445,0.3,10000.0,real:bananas,20000,2,0.45,0.0,3,virtual,gradual,1000,0.1,1.0,False,medium,slow,virtual/gradual/K=3/medium/slow/global/balanced/clean,-0.0060526315789473095,-0.0006842105263158427,bananas,реальные,False
scn-9bfaaf8adc02,2029,PageHinkley,0.6006842105263158,0.019054890999996132,4,3.0,4.0,3.0,0.0,1.0,0.0,0.75,1.0,0.8571428571428571,0.0,2109.6666666666665,1993.0,10000.0,10000.0,4.740085321535788,4.740085321535788,0.1,10000.0,real:bananas,20000,2,0.45,0.0,3,virtual,gradual,1000,0.1,1.0,False,medium,slow,virtual/gradual/K=3/medium/slow/global/balanced/clean,-0.004526315789473601,-0.0022105263157895516,bananas,реальные,False
scn-9bfaaf8adc02,2029,PageHinkley-up,0.6053684210526316,0.017271758999868325,1,3.0,1.0,1.0,2.0,0.0,0.0,1.0,0.3333333333333333,0.5,0.6666666666666667,2977.0,2977.0,inf,10000.0,inf,1.1196954428395474,0.0,10000.0,real:bananas,20000,2,0.45,0.0,3,virtual,gradual,1000,0.1,1.0,False,medium,slow,virtual/gradual/K=3/medium/slow/global/balanced/clean,0.00015789473684213462,-0.006894736842105287,bananas,реальные,False
scn-9bfaaf8adc02,2029,DDM,0.6052105263157894,0.01676235100012491,0,3.0,0.0,0.0,3.0,0.0,0.0,,0.0,0.0,1.0,,,inf,10000.0,,,0.0,10000.0,real:bananas,20000,2,0.45,0.0,3,virtual,gradual,1000,0.1,1.0,False,medium,slow,virtual/gradual/K=3/medium/slow/global/balanced/clean,0.0,-0.006736842105263152,bananas,реальные,False
scn-9bfaaf8adc02,2029,EDDM,0.6056315789473684,0.017367759000080696,2,3.0,2.0,0.0,3.0,2.0,0.0,0.0,0.0,0.0,1.0,,,5000.0,5000.0,,,0.2,10000.0,real:bananas,20000,2,0.45,0.0,3,virtual,gradual,1000,0.1,1.0,False,medium,slow,virtual/gradual/K=3/medium/slow/global/balanced/clean,0.00042105263157898865,-0.007157894736842141,bananas,реальные,False
scn-9bfaaf8adc02,2029,HDDM_A,0.6052105263157894,0.06638940799984994,0,3.0,0.0,0.0,3.0,0.0,0.0,,0.0,0.0,1.0,,,inf,10000.0,,,0.0,10000.0,real:bananas,20000,2,0.45,0.0,3,virtual,gradual,1000,0.1,1.0,False,medium,slow,virtual/gradual/K=3/medium/slow/global/balanced/clean,0.0,-0.006736842105263152,bananas,реальные,False
scn-9bfaaf8adc02,2029,HDDM_W,0.594,0.07288581600005273,11,3.0,11.0,3.0,0.0,5.0,3.0,0.2727272727272727,1.0,0.42857142857142855,0.0,1043.0,613.0,2000.0,2000.0,1.9175455417066156,1.9175455417066156,0.5,10000.0,real:bananas,20000,2,0.45,0.0,3,virtual,gradual,1000,0.1,1.0,False,medium,slow,virtual/gradual/K=3/medium/slow/global/balanced/clean,-0.011210526315789449,0.004473684210526296,bananas,реальные,False
scn-9bfaaf8adc02,2029,FHDDM,0.6040526315789474,0.015258936999998696,1,3.0,1.0,0.0,3.0,1.0,0.0,0.0,0.0,0.0,1.0,,,10000.0,10000.0,,,0.1,10000.0,real:bananas,20000,2,0.45,0.0,3,virtual,gradual,1000,0.1,1.0,False,medium,slow,virtual/gradual/K=3/medium/slow/global/balanced/clean,-0.0011578947368420245,-0.005578947368421128,bananas,реальные,False
scn-9bfaaf8adc02,2029,NoDrift,0.6052105263157894,0.008568108999952528,0,3.0,0.0,0.0,3.0,0.0,0.0,,0.0,0.0,1.0,,,inf,10000.0,,,0.0,10000.0,real:bananas,20000,2,0.45,0.0,3,virtual,gradual,1000,0.1,1.0,False,medium,slow,virtual/gradual/K=3/medium/slow/global/balanced/clean,0.0,-0.006736842105263152,bananas,реальные,False
scn-9bfaaf8adc02,2029,Periodic(2000),0.5981578947368421,0.009531883999898128,9,3.0,9.0,3.0,0.0,5.0,1.0,0.3333333333333333,1.0,0.5,0.0,1333.6666666666667,1667.0,2000.0,2000.0,1.4996250937265683,1.4996250937265683,0.5,10000.0,real:bananas,20000,2,0.45,0.0,3,virtual,gradual,1000,0.1,1.0,False,medium,slow,virtual/gradual/K=3/medium/slow/global/balanced/clean,-0.00705263157894731,0.0003157894736841582,bananas,реальные,False
scn-9bfaaf8adc02,2029,Oracle,0.5984736842105263,0.011129028000141261,3,3.0,3.0,3.0,0.0,0.0,0.0,1.0,1.0,1.0,0.0,501.0,501.0,inf,10000.0,inf,19.960079840319363,0.0,10000.0,real:bananas,20000,2,0.45,0.0,3,virtual,gradual,1000,0.1,1.0,False,medium,slow,virtual/gradual/K=3/medium/slow/global/balanced/clean,-0.006736842105263152,-0.0,bananas,реальные,False
scn-efcab075c5b7,2027,ADWIN,0.6151052631578947,0.013514321999991807,2,3.0,2.0,2.0,1.0,0.0,0.0,1.0,0.6666666666666666,0.8,0.33333333333333337,1377.5,1377.5,inf,10000.0,inf,4.839685420447671,0.0,10000.0,real:bananas,20000,2,0.45,0.0,3,virtual,gradual,1000,0.3,1.0,False,high,slow,virtual/gradual/K=3/high/slow/global/balanced/clean,-0.006789473684210567,0.012736842105263158,bananas,реальные,True
scn-efcab075c5b7,2027,KSWIN,0.6184736842105263,3.9068724230000953,4,3.0,4.0,2.0,1.0,2.0,0.0,0.5,0.6666666666666666,0.5714285714285715,0.33333333333333337,1303.0,1303.0,5000.0,5000.0,2.558199027884369,2.558199027884369,0.2,10000.0,real:bananas,20000,2,0.45,0.0,3,virtual,gradual,1000,0.3,1.0,False,high,slow,virtual/gradual/K=3/high/slow/global/balanced/clean,-0.0034210526315789913,0.009368421052631581,bananas,реальные,True
scn-efcab075c5b7,2027,PageHinkley,0.6238947368421053,0.021132939000381157,6,3.0,6.0,3.0,0.0,2.0,1.0,0.5,1.0,0.6666666666666666,0.0,1027.3333333333333,419.0,5000.0,5000.0,4.866969500324465,4.866969500324465,0.2,10000.0,real:bananas,20000,2,0.45,0.0,3,virtual,gradual,1000,0.3,1.0,False,high,slow,virtual/gradual/K=3/high/slow/global/balanced/clean,0.0020000000000000018,0.003947368421052588,bananas,реальные,True
scn-efcab075c5b7,2027,PageHinkley-up,0.635,0.017653660000178206,1,3.0,1.0,1.0,2.0,0.0,0.0,1.0,0.3333333333333333,0.5,0.6666666666666667,418.0,418.0,inf,10000.0,inf,7.974481658692183,0.0,10000.0,real:bananas,20000,2,0.45,0.0,3,virtual,gradual,1000,0.3,1.0,False,high,slow,virtual/gradual/K=3/high/slow/global/balanced/clean,0.013105263157894731,-0.007157894736842141,bananas,реальные,True
scn-efcab075c5b7,2027,DDM,0.6366842105263157,0.018684693000068364,1,3.0,1.0,1.0,2.0,0.0,0.0,1.0,0.3333333333333333,0.5,0.6666666666666667,928.0,928.0,inf,10000.0,inf,3.591954022988505,0.0,10000.0,real:bananas,20000,2,0.45,0.0,3,virtual,gradual,1000,0.3,1.0,False,high,slow,virtual/gradual/K=3/high/slow/global/balanced/clean,0.014789473684210463,-0.008842105263157873,bananas,реальные,True
scn-efcab075c5b7,2027,EDDM,0.6348421052631579,0.033840710000276886,12,3.0,12.0,1.0,2.0,10.0,1.0,0.08333333333333333,0.3333333333333333,0.13333333333333333,0.6666666666666667,56.0,56.0,1000.0,1000.0,5.952380952380952,5.952380952380952,1.0,10000.0,real:bananas,20000,2,0.45,0.0,3,virtual,gradual,1000,0.3,1.0,False,high,slow,virtual/gradual/K=3/high/slow/global/balanced/clean,0.012947368421052596,-0.007000000000000006,bananas,реальные,True
scn-efcab075c5b7,2027,HDDM_A,0.6362105263157894,0.06041205400015315,2,3.0,2.0,2.0,1.0,0.0,0.0,1.0,0.6666666666666666,0.8,0.33333333333333337,1243.5,1243.5,inf,10000.0,inf,5.361211633829246,0.0,10000.0,real:bananas,20000,2,0.45,0.0,3,virtual,gradual,1000,0.3,1.0,False,high,slow,virtual/gradual/K=3/high/slow/global/balanced/clean,0.01431578947368417,-0.00836842105263158,bananas,реальные,True
scn-efcab075c5b7,2027,HDDM_W,0.618,0.07677976399963882,13,3.0,13.0,3.0,0.0,6.0,4.0,0.23076923076923078,1.0,0.375,0.0,798.0,418.0,1666.6666666666667,1666.6666666666667,2.0885547201336676,2.0885547201336676,0.6,10000.0,real:bananas,20000,2,0.45,0.0,3,virtual,gradual,1000,0.3,1.0,False,high,slow,virtual/gradual/K=3/high/slow/global/balanced/clean,-0.003894736842105284,0.009842105263157874,bananas,реальные,True
scn-efcab075c5b7,2027,FHDDM,0.6327368421052632,0.016407426000114356,4,3.0,4.0,1.0,2.0,3.0,0.0,0.25,0.3333333333333333,0.28571428571428575,0.6666666666666667,420.0,420.0,3333.3333333333335,3333.3333333333335,2.645502645502645,2.645502645502645,0.3,10000.0,real:bananas,20000,2,0.45,0.0,3,virtual,gradual,1000,0.3,1.0,False,high,slow,virtual/gradual/K=3/high/slow/global/balanced/clean,0.010842105263157875,-0.004894736842105285,bananas,реальные,True
scn-efcab075c5b7,2027,NoDrift,0.6218947368421053,0.008630725999864808,0,3.0,0.0,0.0,3.0,0.0,0.0,,0.0,0.0,1.0,,,inf,10000.0,,,0.0,10000.0,real:bananas,20000,2,0.45,0.0,3,virtual,gradual,1000,0.3,1.0,False,high,slow,virtual/gradual/K=3/high/slow/global/balanced/clean,0.0,0.00594736842105259,bananas,реальные,True
scn-efcab075c5b7,2027,Periodic(2000),0.6184736842105263,0.010141758000372647,9,3.0,9.0,3.0,0.0,5.0,1.0,0.3333333333333333,1.0,0.5,0.0,1333.6666666666667,1667.0,2000.0,2000.0,1.4996250937265683,1.4996250937265683,0.5,10000.0,real:bananas,20000,2,0.45,0.0,3,virtual,gradual,1000,0.3,1.0,False,high,slow,virtual/gradual/K=3/high/slow/global/balanced/clean,-0.0034210526315789913,0.009368421052631581,bananas,реальные,True
scn-efcab075c5b7,2027,Oracle,0.6278421052631579,0.011192733999905613,3,3.0,3.0,3.0,0.0,0.0,0.0,1.0,1.0,1.0,0.0,501.0,501.0,inf,10000.0,inf,19.960079840319363,0.0,10000.0,real:bananas,20000,2,0.45,0.0,3,virtual,gradual,1000,0.3,1.0,False,high,slow,virtual/gradual/K=3/high/slow/global/balanced/clean,0.00594736842105259,-0.0,bananas,реальные,True
scn-efcab075c5b7,2028,ADWIN,0.6233157894736842,0.019501573000070493,3,3.0,3.0,1.0,2.0,2.0,0.0,0.3333333333333333,0.3333333333333333,0.3333333333333333,0.6666666666666667,1027.0,1027.0,5000.0,5000.0,1.6228497241155466,1.6228497241155466,0.2,10000.0,real:bananas,20000,2,0.45,0.0,3,virtual,gradual,1000,0.3,1.0,False,high,slow,virtual/gradual/K=3/high/slow/global/balanced/clean,0.002578947368421014,0.0073157894736842755,bananas,реальные,True
scn-efcab075c5b7,2028,KSWIN,0.6242105263157894,3.9163708490000317,3,3.0,3.0,0.0,3.0,3.0,0.0,0.0,0.0,0.0,1.0,,,3333.3333333333335,3333.3333333333335,,,0.3,10000.0,real:bananas,20000,2,0.45,0.0,3,virtual,gradual,1000,0.3,1.0,False,high,slow,virtual/gradual/K=3/high/slow/global/balanced/clean,0.0034736842105262955,0.006421052631578994,bananas,реальные,True
scn-efcab075c5b7,2028,PageHinkley,0.629,0.01994568000009167,5,3.0,5.0,3.0,0.0,1.0,1.0,0.6,1.0,0.7499999999999999,0.0,1455.6666666666667,1267.0,10000.0,10000.0,6.869704602702083,6.869704602702083,0.1,10000.0,real:bananas,20000,2,0.45,0.0,3,virtual,gradual,1000,0.3,1.0,False,high,slow,virtual/gradual/K=3/high/slow/global/balanced/clean,0.008263157894736861,0.0016315789473684283,bananas,реальные,True
scn-efcab075c5b7,2028,PageHinkley-up,0.632,0.017675048999990395,2,3.0,2.0,1.0,2.0,1.0,0.0,0.5,0.3333333333333333,0.4,0.6666666666666667,1267.0,1267.0,10000.0,10000.0,2.630886608787161,2.630886608787161,0.1,10000.0,real:bananas,20000,2,0.45,0.0,3,virtual,gradual,1000,0.3,1.0,False,high,slow,virtual/gradual/K=3/high/slow/global/balanced/clean,0.011263157894736864,-0.0013684210526315743,bananas,реальные,True
scn-efcab075c5b7,2028,DDM,0.6315263157894737,0.028372011999636015,2,3.0,2.0,1.0,2.0,1.0,0.0,0.5,0.3333333333333333,0.4,0.6666666666666667,1381.0,1381.0,10000.0,10000.0,2.413709872073376,2.413709872073376,0.1,10000.0,real:bananas,20000,2,0.45,0.0,3,virtual,gradual,1000,0.3,1.0,False,high,slow,virtual/gradual/K=3/high/slow/global/balanced/clean,0.010789473684210571,-0.0008947368421052815,bananas,реальные,True
scn-efcab075c5b7,2028,EDDM,0.6182631578947368,0.0201331719999871,7,3.0,7.0,1.0,2.0,1.0,5.0,0.14285714285714285,0.3333333333333333,0.2,0.6666666666666667,2181.0,2181.0,10000.0,10000.0,1.5283509093687908,1.5283509093687908,0.1,10000.0,real:bananas,20000,2,0.45,0.0,3,virtual,gradual,1000,0.3,1.0,False,high,slow,virtual/gradual/K=3/high/slow/global/balanced/clean,-0.0024736842105262946,0.012368421052631584,bananas,реальные,True
scn-efcab075c5b7,2028,HDDM_A,0.6317894736842106,0.06999122000024727,2,3.0,2.0,1.0,2.0,1.0,0.0,0.5,0.3333333333333333,0.4,0.6666666666666667,1380.0,1380.0,10000.0,10000.0,2.4154589371980673,2.4154589371980673,0.1,10000.0,real:bananas,20000,2,0.45,0.0,3,virtual,gradual,1000,0.3,1.0,False,high,slow,virtual/gradual/K=3/high/slow/global/balanced/clean,0.011052631578947425,-0.0011578947368421355,bananas,реальные,True
scn-efcab075c5b7,2028,HDDM_W,0.6263157894736842,0.0800637940001252,15,3.0,15.0,3.0,0.0,9.0,3.0,0.2,1.0,0.33333333333333337,0.0,1017.0,785.0,1111.111111111111,1111.111111111111,1.092537965694308,1.092537965694308,0.9,10000.0,real:bananas,20000,2,0.45,0.0,3,virtual,gradual,1000,0.3,1.0,False,high,slow,virtual/gradual/K=3/high/slow/global/balanced/clean,0.005578947368421017,0.004315789473684273,bananas,реальные,True
scn-efcab075c5b7,2028,FHDDM,0.6278947368421053,0.015976519000105327,4,3.0,4.0,2.0,1.0,2.0,0.0,0.5,0.6666666666666666,0.5714285714285715,0.33333333333333337,1215.0,1215.0,5000.0,5000.0,2.743484224965706,2.743484224965706,0.2,10000.0,real:bananas,20000,2,0.45,0.0,3,virtual,gradual,1000,0.3,1.0,False,high,slow,virtual/gradual/K=3/high/slow/global/balanced/clean,0.007157894736842141,0.0027368421052631486,bananas,реальные,True
scn-efcab075c5b7,2028,NoDrift,0.6207368421052631,0.008703917000275396,0,3.0,0.0,0.0,3.0,0.0,0.0,,0.0,0.0,1.0,,,inf,10000.0,,,0.0,10000.0,real:bananas,20000,2,0.45,0.0,3,virtual,gradual,1000,0.3,1.0,False,high,slow,virtual/gradual/K=3/high/slow/global/balanced/clean,0.0,0.00989473684210529,bananas,реальные,True
scn-efcab075c5b7,2028,Periodic(2000),0.6212631578947369,0.009764479999830655,9,3.0,9.0,3.0,0.0,5.0,1.0,0.3333333333333333,1.0,0.5,0.0,1333.6666666666667,1667.0,2000.0,2000.0,1.4996250937265683,1.4996250937265683,0.5,10000.0,real:bananas,20000,2,0.45,0.0,3,virtual,gradual,1000,0.3,1.0,False,high,slow,virtual/gradual/K=3/high/slow/global/balanced/clean,0.000526315789473708,0.009368421052631581,bananas,реальные,True
scn-efcab075c5b7,2028,Oracle,0.6306315789473684,0.010647877999872435,3,3.0,3.0,3.0,0.0,0.0,0.0,1.0,1.0,1.0,0.0,501.0,501.0,inf,10000.0,inf,19.960079840319363,0.0,10000.0,real:bananas,20000,2,0.45,0.0,3,virtual,gradual,1000,0.3,1.0,False,high,slow,virtual/gradual/K=3/high/slow/global/balanced/clean,0.00989473684210529,-0.0,bananas,реальные,True
scn-efcab075c5b7,2029,ADWIN,0.6227368421052631,0.013221410999904037,2,3.0,2.0,2.0,1.0,0.0,0.0,1.0,0.6666666666666666,0.8,0.33333333333333337,1345.5,1345.5,inf,10000.0,inf,4.954787563483215,0.0,10000.0,real:bananas,20000,2,0.45,0.0,3,virtual,gradual,1000,0.3,1.0,False,high,slow,virtual/gradual/K=3/high/slow/global/balanced/clean,-0.0019473684210526976,0.010105263157894728,bananas,реальные,True
scn-efcab075c5b7,2029,KSWIN,0.6382631578947369,4.009450408999783,6,3.0,6.0,1.0,2.0,5.0,0.0,0.16666666666666666,0.3333333333333333,0.2222222222222222,0.6666666666666667,830.0,830.0,2000.0,2000.0,0.8032128514056224,0.8032128514056224,0.5,10000.0,real:bananas,20000,2,0.45,0.0,3,virtual,gradual,1000,0.3,1.0,False,high,slow,virtual/gradual/K=3/high/slow/global/balanced/clean,0.013578947368421024,-0.005421052631578993,bananas,реальные,True
scn-efcab075c5b7,2029,PageHinkley,0.6317894736842106,0.02114253500030827,5,3.0,5.0,3.0,0.0,2.0,0.0,0.6,1.0,0.7499999999999999,0.0,1182.0,1356.0,5000.0,5000.0,4.230118443316413,4.230118443316413,0.2,10000.0,real:bananas,20000,2,0.45,0.0,3,virtual,gradual,1000,0.3,1.0,False,high,slow,virtual/gradual/K=3/high/slow/global/balanced/clean,0.007105263157894726,0.001052631578947305,bananas,реальные,True
scn-efcab075c5b7,2029,PageHinkley-up,0.6380526315789473,0.018393209999885585,1,3.0,1.0,1.0,2.0,0.0,0.0,1.0,0.3333333333333333,0.5,0.6666666666666667,1447.0,1447.0,inf,10000.0,inf,2.3036166781847496,0.0,10000.0,real:bananas,20000,2,0.45,0.0,3,virtual,gradual,1000,0.3,1.0,False,high,slow,virtual/gradual/K=3/high/slow/global/balanced/clean,0.013368421052631474,-0.005210526315789443,bananas,реальные,True
scn-efcab075c5b7,2029,DDM,0.6246842105263158,0.019571936999909667,0,3.0,0.0,0.0,3.0,0.0,0.0,,0.0,0.0,1.0,,,inf,10000.0,,,0.0,10000.0,real:bananas,20000,2,0.45,0.0,3,virtual,gradual,1000,0.3,1.0,False,high,slow,virtual/gradual/K=3/high/slow/global/balanced/clean,0.0,0.00815789473684203,bananas,реальные,True
scn-efcab075c5b7,2029,EDDM,0.6346315789473684,0.019441885000105685,6,3.0,6.0,1.0,2.0,5.0,0.0,0.16666666666666666,0.3333333333333333,0.2222222222222222,0.6666666666666667,2954.0,2954.0,2000.0,2000.0,0.2256826901376664,0.2256826901376664,0.5,10000.0,real:bananas,20000,2,0.45,0.0,3,virtual,gradual,1000,0.3,1.0,False,high,slow,virtual/gradual/K=3/high/slow/global/balanced/clean,0.009947368421052594,-0.001789473684210563,bananas,реальные,True
scn-efcab075c5b7,2029,HDDM_A,0.636578947368421,0.06985553000004074,1,3.0,1.0,1.0,2.0,0.0,0.0,1.0,0.3333333333333333,0.5,0.6666666666666667,1538.0,1538.0,inf,10000.0,inf,2.1673168617251837,0.0,10000.0,real:bananas,20000,2,0.45,0.0,3,virtual,gradual,1000,0.3,1.0,False,high,slow,virtual/gradual/K=3/high/slow/global/balanced/clean,0.01189473684210518,-0.0037368421052631495,bananas,реальные,True
scn-efcab075c5b7,2029,HDDM_W,0.6294736842105263,0.06787791499982632,8,3.0,8.0,2.0,1.0,4.0,2.0,0.25,0.6666666666666666,0.36363636363636365,0.33333333333333337,382.5,382.5,2500.0,2500.0,4.357298474945534,4.357298474945534,0.4,10000.0,real:bananas,20000,2,0.45,0.0,3,virtual,gradual,1000,0.3,1.0,False,high,slow,virtual/gradual/K=3/high/slow/global/balanced/clean,0.004789473684210455,0.003368421052631576,bananas,реальные,True
scn-efcab075c5b7,2029,FHDDM,0.6313157894736842,0.015614953999829595,3,3.0,3.0,2.0,1.0,1.0,0.0,0.6666666666666666,0.6666666666666666,0.6666666666666666,0.33333333333333337,2221.0,2221.0,10000.0,10000.0,3.0016509079994,3.0016509079994,0.1,10000.0,real:bananas,20000,2,0.45,0.0,3,virtual,gradual,1000,0.3,1.0,False,high,slow,virtual/gradual/K=3/high/slow/global/balanced/clean,0.006631578947368322,0.001526315789473709,bananas,реальные,True
scn-efcab075c5b7,2029,NoDrift,0.6246842105263158,0.008420814000146493,0,3.0,0.0,0.0,3.0,0.0,0.0,,0.0,0.0,1.0,,,inf,10000.0,,,0.0,10000.0,real:bananas,20000,2,0.45,0.0,3,virtual,gradual,1000,0.3,1.0,False,high,slow,virtual/gradual/K=3/high/slow/global/balanced/clean,0.0,0.00815789473684203,bananas,реальные,True
scn-efcab075c5b7,2029,Periodic(2000),0.6266842105263158,0.00925395700005538,9,3.0,9.0,3.0,0.0,5.0,1.0,0.3333333333333333,1.0,0.5,0.0,1333.6666666666667,1667.0,2000.0,2000.0,1.4996250937265683,1.4996250937265683,0.5,10000.0,real:bananas,20000,2,0.45,0.0,3,virtual,gradual,1000,0.3,1.0,False,high,slow,virtual/gradual/K=3/high/slow/global/balanced/clean,0.0020000000000000018,0.006157894736842029,bananas,реальные,True
scn-efcab075c5b7,2029,Oracle,0.6328421052631579,0.01066876000004413,3,3.0,3.0,3.0,0.0,0.0,0.0,1.0,1.0,1.0,0.0,501.0,501.0,inf,10000.0,inf,19.960079840319363,0.0,10000.0,real:bananas,20000,2,0.45,0.0,3,virtual,gradual,1000,0.3,1.0,False,high,slow,virtual/gradual/K=3/high/slow/global/balanced/clean,0.00815789473684203,-0.0,bananas,реальные,True
scn-d0bb13c37cb0,2027,ADWIN,0.6402105263157895,0.016991602999951283,2,3.0,2.0,1.0,2.0,1.0,0.0,0.5,0.3333333333333333,0.4,0.6666666666666667,1731.0,1731.0,10000.0,10000.0,1.9256691700365873,1.9256691700365873,0.1,10000.0,real:bananas,20000,2,0.45,0.0,3,prior,gradual,1000,0.1,1.0,False,medium,slow,prior/gradual/K=3/medium/slow/n/a/balanced/clean,-0.008315789473684276,0.002052631578947417,bananas,реальные,False
scn-d0bb13c37cb0,2027,KSWIN,0.6494210526315789,3.9617657979997603,1,3.0,1.0,0.0,3.0,1.0,0.0,0.0,0.0,0.0,1.0,,,10000.0,10000.0,,,0.1,10000.0,real:bananas,20000,2,0.45,0.0,3,prior,gradual,1000,0.1,1.0,False,medium,slow,prior/gradual/K=3/medium/slow/n/a/balanced/clean,0.0008947368421051705,-0.00715789473684203,bananas,реальные,False
scn-d0bb13c37cb0,2027,PageHinkley,0.6384736842105263,0.019456180999895878,4,3.0,4.0,3.0,0.0,0.0,1.0,0.75,1.0,0.8571428571428571,0.0,961.0,962.0,inf,10000.0,inf,10.40582726326743,0.0,10000.0,real:bananas,20000,2,0.45,0.0,3,prior,gradual,1000,0.1,1.0,False,medium,slow,prior/gradual/K=3/medium/slow/n/a/balanced/clean,-0.010052631578947424,0.0037894736842105647,bananas,реальные,False
scn-d0bb13c37cb0,2027,PageHinkley-up,0.6383684210526316,0.01721148600017841,1,3.0,1.0,1.0,2.0,0.0,0.0,1.0,0.3333333333333333,0.5,0.6666666666666667,859.0,859.0,inf,10000.0,inf,3.8804811796662775,0.0,10000.0,real:bananas,20000,2,0.45,0.0,3,prior,gradual,1000,0.1,1.0,False,medium,slow,prior/gradual/K=3/medium/slow/n/a/balanced/clean,-0.010157894736842144,0.003894736842105284,bananas,реальные,False
scn-d0bb13c37cb0,2027,DDM,0.6485263157894737,0.016941346999828966,0,3.0,0.0,0.0,3.0,0.0,0.0,,0.0,0.0,1.0,,,inf,10000.0,,,0.0,10000.0,real:bananas,20000,2,0.45,0.0,3,prior,gradual,1000,0.1,1.0,False,medium,slow,prior/gradual/K=3/medium/slow/n/a/balanced/clean,0.0,-0.006263157894736859,bananas,реальные,False
scn-d0bb13c37cb0,2027,EDDM,0.6430526315789473,0.02217187099995499,11,3.0,11.0,1.0,2.0,10.0,0.0,0.09090909090909091,0.3333333333333333,0.14285714285714288,0.6666666666666667,52.0,52.0,1000.0,1000.0,6.410256410256409,6.410256410256409,1.0,10000.0,real:bananas,20000,2,0.45,0.0,3,prior,gradual,1000,0.1,1.0,False,medium,slow,prior/gradual/K=3/medium/slow/n/a/balanced/clean,-0.005473684210526408,-0.0007894736842104511,bananas,реальные,False
scn-d0bb13c37cb0,2027,HDDM_A,0.6485263157894737,0.06669870400037325,0,3.0,0.0,0.0,3.0,0.0,0.0,,0.0,0.0,1.0,,,inf,10000.0,,,0.0,10000.0,real:bananas,20000,2,0.45,0.0,3,prior,gradual,1000,0.1,1.0,False,medium,slow,prior/gradual/K=3/medium/slow/n/a/balanced/clean,0.0,-0.006263157894736859,bananas,реальные,False
scn-d0bb13c37cb0,2027,HDDM_W,0.637421052631579,0.06765584699996907,9,3.0,9.0,2.0,1.0,4.0,3.0,0.2222222222222222,0.6666666666666666,0.3333333333333333,0.33333333333333337,1362.0,1362.0,2500.0,2500.0,1.2236906510034262,1.2236906510034262,0.4,10000.0,real:bananas,20000,2,0.45,0.0,3,prior,gradual,1000,0.1,1.0,False,medium,slow,prior/gradual/K=3/medium/slow/n/a/balanced/clean,-0.01110526315789473,0.00484210526315787,bananas,реальные,False
scn-d0bb13c37cb0,2027,FHDDM,0.6424736842105263,0.014880571000048803,3,3.0,3.0,1.0,2.0,2.0,0.0,0.3333333333333333,0.3333333333333333,0.3333333333333333,0.6666666666666667,1644.0,1644.0,5000.0,5000.0,1.0137875101378748,1.0137875101378748,0.2,10000.0,real:bananas,20000,2,0.45,0.0,3,prior,gradual,1000,0.1,1.0,False,medium,slow,prior/gradual/K=3/medium/slow/n/a/balanced/clean,-0.0060526315789474205,-0.0002105263157894388,bananas,реальные,False
scn-d0bb13c37cb0,2027,NoDrift,0.6485263157894737,0.008266186000128073,0,3.0,0.0,0.0,3.0,0.0,0.0,,0.0,0.0,1.0,,,inf,10000.0,,,0.0,10000.0,real:bananas,20000,2,0.45,0.0,3,prior,gradual,1000,0.1,1.0,False,medium,slow,prior/gradual/K=3/medium/slow/n/a/balanced/clean,0.0,-0.006263157894736859,bananas,реальные,False
scn-d0bb13c37cb0,2027,Periodic(2000),0.636421052631579,0.009125289999701636,9,3.0,9.0,3.0,0.0,5.0,1.0,0.3333333333333333,1.0,0.5,0.0,1333.6666666666667,1667.0,2000.0,2000.0,1.4996250937265683,1.4996250937265683,0.5,10000.0,real:bananas,20000,2,0.45,0.0,3,prior,gradual,1000,0.1,1.0,False,medium,slow,prior/gradual/K=3/medium/slow/n/a/balanced/clean,-0.01210526315789473,0.005842105263157871,bananas,реальные,False
scn-d0bb13c37cb0,2027,Oracle,0.6422631578947369,0.010506379999696946,3,3.0,3.0,3.0,0.0,0.0,0.0,1.0,1.0,1.0,0.0,501.0,501.0,inf,10000.0,inf,19.960079840319363,0.0,10000.0,real:bananas,20000,2,0.45,0.0,3,prior,gradual,1000,0.1,1.0,False,medium,slow,prior/gradual/K=3/medium/slow/n/a/balanced/clean,-0.006263157894736859,-0.0,bananas,реальные,False
scn-d0bb13c37cb0,2028,ADWIN,0.6455263157894737,0.013610866999897553,2,3.0,2.0,1.0,2.0,1.0,0.0,0.5,0.3333333333333333,0.4,0.6666666666666667,1251.0,1251.0,10000.0,10000.0,2.6645350386357576,2.6645350386357576,0.1,10000.0,real:bananas,20000,2,0.45,0.0,3,prior,gradual,1000,0.1,1.0,False,medium,slow,prior/gradual/K=3/medium/slow/n/a/balanced/clean,-0.007947368421052592,0.0017368421052631478,bananas,реальные,False
scn-d0bb13c37cb0,2028,KSWIN,0.6430526315789473,3.894879359999777,3,3.0,3.0,2.0,1.0,1.0,0.0,0.6666666666666666,0.6666666666666666,0.6666666666666666,0.33333333333333337,766.5,766.5,10000.0,10000.0,8.697542944118286,8.697542944118286,0.1,10000.0,real:bananas,20000,2,0.45,0.0,3,prior,gradual,1000,0.1,1.0,False,medium,slow,prior/gradual/K=3/medium/slow/n/a/balanced/clean,-0.010421052631578998,0.004210526315789553,bananas,реальные,False
scn-d0bb13c37cb0,2028,PageHinkley,0.6416315789473684,0.02055239099991013,5,3.0,5.0,3.0,0.0,1.0,1.0,0.6,1.0,0.7499999999999999,0.0,1332.3333333333333,1364.0,10000.0,10000.0,7.505629221916438,7.505629221916438,0.1,10000.0,real:bananas,20000,2,0.45,0.0,3,prior,gradual,1000,0.1,1.0,False,medium,slow,prior/gradual/K=3/medium/slow/n/a/balanced/clean,-0.011842105263157876,0.005631578947368432,bananas,реальные,False
scn-d0bb13c37cb0,2028,PageHinkley-up,0.6413684210526316,0.018390091999663127,2,3.0,2.0,1.0,2.0,1.0,0.0,0.5,0.3333333333333333,0.4,0.6666666666666667,1662.0,1662.0,10000.0,10000.0,2.005615724027276,2.005615724027276,0.1,10000.0,real:bananas,20000,2,0.45,0.0,3,prior,gradual,1000,0.1,1.0,False,medium,slow,prior/gradual/K=3/medium/slow/n/a/balanced/clean,-0.01210526315789473,0.005894736842105286,bananas,реальные,False
scn-d0bb13c37cb0,2028,DDM,0.6366842105263157,0.017223149000074045,1,3.0,1.0,0.0,3.0,1.0,0.0,0.0,0.0,0.0,1.0,,,10000.0,10000.0,,,0.1,10000.0,real:bananas,20000,2,0.45,0.0,3,prior,gradual,1000,0.1,1.0,False,medium,slow,prior/gradual/K=3/medium/slow/n/a/balanced/clean,-0.016789473684210576,0.010578947368421132,bananas,реальные,False
scn-d0bb13c37cb0,2028,EDDM,0.6530526315789473,0.016006598999865673,1,3.0,1.0,0.0,3.0,1.0,0.0,0.0,0.0,0.0,1.0,,,10000.0,10000.0,,,0.1,10000.0,real:bananas,20000,2,0.45,0.0,3,prior,gradual,1000,0.1,1.0,False,medium,slow,prior/gradual/K=3/medium/slow/n/a/balanced/clean,-0.00042105263157898865,-0.0057894736842104555,bananas,реальные,False
scn-d0bb13c37cb0,2028,HDDM_A,0.6534736842105263,0.06639028300014616,0,3.0,0.0,0.0,3.0,0.0,0.0,,0.0,0.0,1.0,,,inf,10000.0,,,0.0,10000.0,real:bananas,20000,2,0.45,0.0,3,prior,gradual,1000,0.1,1.0,False,medium,slow,prior/gradual/K=3/medium/slow/n/a/balanced/clean,0.0,-0.006210526315789444,bananas,реальные,False
scn-d0bb13c37cb0,2028,HDDM_W,0.6389473684210526,0.07621599200001583,14,3.0,14.0,2.0,1.0,6.0,6.0,0.14285714285714285,0.6666666666666666,0.23529411764705882,0.33333333333333337,347.5,347.5,1666.6666666666667,1666.6666666666667,3.1974420463629096,3.1974420463629096,0.6,10000.0,real:bananas,20000,2,0.45,0.0,3,prior,gradual,1000,0.1,1.0,False,medium,slow,prior/gradual/K=3/medium/slow/n/a/balanced/clean,-0.01452631578947372,0.008315789473684276,bananas,реальные,False
scn-d0bb13c37cb0,2028,FHDDM,0.6390526315789473,0.014909404999798426,4,3.0,4.0,2.0,1.0,2.0,0.0,0.5,0.6666666666666666,0.5714285714285715,0.33333333333333337,2567.5,2567.5,5000.0,5000.0,1.2982797792924374,1.2982797792924374,0.2,10000.0,real:bananas,20000,2,0.45,0.0,3,prior,gradual,1000,0.1,1.0,False,medium,slow,prior/gradual/K=3/medium/slow/n/a/balanced/clean,-0.014421052631579001,0.008210526315789557,bananas,реальные,False
scn-d0bb13c37cb0,2028,NoDrift,0.6534736842105263,0.008222521999869059,0,3.0,0.0,0.0,3.0,0.0,0.0,,0.0,0.0,1.0,,,inf,10000.0,,,0.0,10000.0,real:bananas,20000,2,0.45,0.0,3,prior,gradual,1000,0.1,1.0,False,medium,slow,prior/gradual/K=3/medium/slow/n/a/balanced/clean,0.0,-0.006210526315789444,bananas,реальные,False
scn-d0bb13c37cb0,2028,Periodic(2000),0.641421052631579,0.009265729999697214,9,3.0,9.0,3.0,0.0,5.0,1.0,0.3333333333333333,1.0,0.5,0.0,1333.6666666666667,1667.0,2000.0,2000.0,1.4996250937265683,1.4996250937265683,0.5,10000.0,real:bananas,20000,2,0.45,0.0,3,prior,gradual,1000,0.1,1.0,False,medium,slow,prior/gradual/K=3/medium/slow/n/a/balanced/clean,-0.012052631578947315,0.005842105263157871,bananas,реальные,False
scn-d0bb13c37cb0,2028,Oracle,0.6472631578947369,0.01072450400033631,3,3.0,3.0,3.0,0.0,0.0,0.0,1.0,1.0,1.0,0.0,501.0,501.0,inf,10000.0,inf,19.960079840319363,0.0,10000.0,real:bananas,20000,2,0.45,0.0,3,prior,gradual,1000,0.1,1.0,False,medium,slow,prior/gradual/K=3/medium/slow/n/a/balanced/clean,-0.006210526315789444,-0.0,bananas,реальные,False
scn-d0bb13c37cb0,2029,ADWIN,0.6492631578947369,0.013312613999914902,2,3.0,2.0,1.0,2.0,1.0,0.0,0.5,0.3333333333333333,0.4,0.6666666666666667,2115.0,2115.0,10000.0,10000.0,1.5760441292356182,1.5760441292356182,0.1,10000.0,real:bananas,20000,2,0.45,0.0,3,prior,gradual,1000,0.1,1.0,False,medium,slow,prior/gradual/K=3/medium/slow/n/a/balanced/clean,-0.009157894736842032,-0.004473684210526296,bananas,реальные,False
scn-d0bb13c37cb0,2029,KSWIN,0.6541578947368422,3.9184805009999764,3,3.0,3.0,1.0,2.0,2.0,0.0,0.3333333333333333,0.3333333333333333,0.3333333333333333,0.6666666666666667,1941.0,1941.0,5000.0,5000.0,0.8586639189421259,0.8586639189421259,0.2,10000.0,real:bananas,20000,2,0.45,0.0,3,prior,gradual,1000,0.1,1.0,False,medium,slow,prior/gradual/K=3/medium/slow/n/a/balanced/clean,-0.0042631578947367466,-0.009368421052631581,bananas,реальные,False
scn-d0bb13c37cb0,2029,PageHinkley,0.6452105263157895,0.01960879299986118,3,3.0,3.0,2.0,1.0,1.0,0.0,0.6666666666666666,0.6666666666666666,0.6666666666666666,0.33333333333333337,1385.5,1385.5,10000.0,10000.0,4.811740647179117,4.811740647179117,0.1,10000.0,real:bananas,20000,2,0.45,0.0,3,prior,gradual,1000,0.1,1.0,False,medium,slow,prior/gradual/K=3/medium/slow/n/a/balanced/clean,-0.01321052631578945,-0.0004210526315788776,bananas,реальные,False
scn-d0bb13c37cb0,2029,PageHinkley-up,0.6584210526315789,0.01744648799967763,0,3.0,0.0,0.0,3.0,0.0,0.0,,0.0,0.0,1.0,,,inf,10000.0,,,0.0,10000.0,real:bananas,20000,2,0.45,0.0,3,prior,gradual,1000,0.1,1.0,False,medium,slow,prior/gradual/K=3/medium/slow/n/a/balanced/clean,0.0,-0.013631578947368328,bananas,реальные,False
scn-d0bb13c37cb0,2029,DDM,0.6584210526315789,0.017177957000058086,0,3.0,0.0,0.0,3.0,0.0,0.0,,0.0,0.0,1.0,,,inf,10000.0,,,0.0,10000.0,real:bananas,20000,2,0.45,0.0,3,prior,gradual,1000,0.1,1.0,False,medium,slow,prior/gradual/K=3/medium/slow/n/a/balanced/clean,0.0,-0.013631578947368328,bananas,реальные,False
scn-d0bb13c37cb0,2029,EDDM,0.6568947368421053,0.01671392600019317,2,3.0,2.0,0.0,3.0,2.0,0.0,0.0,0.0,0.0,1.0,,,5000.0,5000.0,,,0.2,10000.0,real:bananas,20000,2,0.45,0.0,3,prior,gradual,1000,0.1,1.0,False,medium,slow,prior/gradual/K=3/medium/slow/n/a/balanced/clean,-0.001526315789473598,-0.01210526315789473,bananas,реальные,False
scn-d0bb13c37cb0,2029,HDDM_A,0.6584210526315789,0.06388658500009115,0,3.0,0.0,0.0,3.0,0.0,0.0,,0.0,0.0,1.0,,,inf,10000.0,,,0.0,10000.0,real:bananas,20000,2,0.45,0.0,3,prior,gradual,1000,0.1,1.0,False,medium,slow,prior/gradual/K=3/medium/slow/n/a/balanced/clean,0.0,-0.013631578947368328,bananas,реальные,False
scn-d0bb13c37cb0,2029,HDDM_W,0.6421578947368421,0.07275340200021674,11,3.0,11.0,2.0,1.0,7.0,2.0,0.18181818181818182,0.6666666666666666,0.28571428571428575,0.33333333333333337,1405.5,1405.5,1428.5714285714287,1428.5714285714287,0.6776100692856295,0.6776100692856295,0.7,10000.0,real:bananas,20000,2,0.45,0.0,3,prior,gradual,1000,0.1,1.0,False,medium,slow,prior/gradual/K=3/medium/slow/n/a/balanced/clean,-0.016263157894736757,0.0026315789473684292,bananas,реальные,False
scn-d0bb13c37cb0,2029,FHDDM,0.6488947368421053,0.015386160000161908,3,3.0,3.0,1.0,2.0,2.0,0.0,0.3333333333333333,0.3333333333333333,0.3333333333333333,0.6666666666666667,2123.0,2123.0,5000.0,5000.0,0.7850525985241009,0.7850525985241009,0.2,10000.0,real:bananas,20000,2,0.45,0.0,3,prior,gradual,1000,0.1,1.0,False,medium,slow,prior/gradual/K=3/medium/slow/n/a/balanced/clean,-0.009526315789473605,-0.004105263157894723,bananas,реальные,False
scn-d0bb13c37cb0,2029,NoDrift,0.6584210526315789,0.008334010999988095,0,3.0,0.0,0.0,3.0,0.0,0.0,,0.0,0.0,1.0,,,inf,10000.0,,,0.0,10000.0,real:bananas,20000,2,0.45,0.0,3,prior,gradual,1000,0.1,1.0,False,medium,slow,prior/gradual/K=3/medium/slow/n/a/balanced/clean,0.0,-0.013631578947368328,bananas,реальные,False
scn-d0bb13c37cb0,2029,Periodic(2000),0.6450526315789473,0.009305098999902839,9,3.0,9.0,3.0,0.0,5.0,1.0,0.3333333333333333,1.0,0.5,0.0,1333.6666666666667,1667.0,2000.0,2000.0,1.4996250937265683,1.4996250937265683,0.5,10000.0,real:bananas,20000,2,0.45,0.0,3,prior,gradual,1000,0.1,1.0,False,medium,slow,prior/gradual/K=3/medium/slow/n/a/balanced/clean,-0.013368421052631585,-0.000263157894736743,bananas,реальные,False
scn-d0bb13c37cb0,2029,Oracle,0.6447894736842106,0.010768446999918524,3,3.0,3.0,3.0,0.0,0.0,0.0,1.0,1.0,1.0,0.0,501.0,501.0,inf,10000.0,inf,19.960079840319363,0.0,10000.0,real:bananas,20000,2,0.45,0.0,3,prior,gradual,1000,0.1,1.0,False,medium,slow,prior/gradual/K=3/medium/slow/n/a/balanced/clean,-0.013631578947368328,-0.0,bananas,реальные,False
scn-4630cb4bbec4,2027,ADWIN,0.6573684210526316,0.014298726000106399,3,3.0,3.0,3.0,0.0,0.0,0.0,1.0,1.0,1.0,0.0,1088.3333333333333,1091.0,inf,10000.0,inf,9.188361408882084,0.0,10000.0,real:bananas,20000,2,0.45,0.0,3,prior,gradual,1000,0.3,1.0,False,high,slow,prior/gradual/K=3/high/slow/n/a/balanced/clean,0.03905263157894734,0.006947368421052591,bananas,реальные,False
scn-4630cb4bbec4,2027,KSWIN,0.6216842105263158,4.051860540999769,2,3.0,2.0,1.0,2.0,1.0,0.0,0.5,0.3333333333333333,0.4,0.6666666666666667,170.0,170.0,10000.0,10000.0,19.607843137254896,19.607843137254896,0.1,10000.0,real:bananas,20000,2,0.45,0.0,3,prior,gradual,1000,0.3,1.0,False,high,slow,prior/gradual/K=3/high/slow/n/a/balanced/clean,0.003368421052631576,0.042631578947368354,bananas,реальные,False
scn-4630cb4bbec4,2027,PageHinkley,0.6673157894736842,0.019983418000265374,3,3.0,3.0,3.0,0.0,0.0,0.0,1.0,1.0,1.0,0.0,648.0,630.0,inf,10000.0,inf,15.432098765432098,0.0,10000.0,real:bananas,20000,2,0.45,0.0,3,prior,gradual,1000,0.3,1.0,False,high,slow,prior/gradual/K=3/high/slow/n/a/balanced/clean,0.04899999999999993,-0.0030000000000000027,bananas,реальные,False
scn-4630cb4bbec4,2027,PageHinkley-up,0.6673157894736842,0.01895818799994231,3,3.0,3.0,3.0,0.0,0.0,0.0,1.0,1.0,1.0,0.0,648.0,630.0,inf,10000.0,inf,15.432098765432098,0.0,10000.0,real:bananas,20000,2,0.45,0.0,3,prior,gradual,1000,0.3,1.0,False,high,slow,prior/gradual/K=3/high/slow/n/a/balanced/clean,0.04899999999999993,-0.0030000000000000027,bananas,реальные,False
scn-4630cb4bbec4,2027,DDM,0.6558947368421053,0.018361020000156714,3,3.0,3.0,3.0,0.0,0.0,0.0,1.0,1.0,1.0,0.0,1113.0,1302.0,inf,10000.0,inf,8.984725965858042,0.0,10000.0,real:bananas,20000,2,0.45,0.0,3,prior,gradual,1000,0.3,1.0,False,high,slow,prior/gradual/K=3/high/slow/n/a/balanced/clean,0.037578947368421045,0.008421052631578885,bananas,реальные,False
scn-4630cb4bbec4,2027,EDDM,0.6477894736842106,0.02347523199978241,13,3.0,13.0,2.0,1.0,10.0,1.0,0.15384615384615385,0.6666666666666666,0.25,0.33333333333333337,825.0,825.0,1000.0,1000.0,0.8080808080808081,0.8080808080808081,1.0,10000.0,real:bananas,20000,2,0.45,0.0,3,prior,gradual,1000,0.3,1.0,False,high,slow,prior/gradual/K=3/high/slow/n/a/balanced/clean,0.02947368421052632,0.01652631578947361,bananas,реальные,False
scn-4630cb4bbec4,2027,HDDM_A,0.6602105263157895,0.06476893499984726,3,3.0,3.0,3.0,0.0,0.0,0.0,1.0,1.0,1.0,0.0,757.6666666666666,676.0,inf,10000.0,inf,13.198416190057193,0.0,10000.0,real:bananas,20000,2,0.45,0.0,3,prior,gradual,1000,0.3,1.0,False,high,slow,prior/gradual/K=3/high/slow/n/a/balanced/clean,0.04189473684210521,0.004105263157894723,bananas,реальные,False
scn-4630cb4bbec4,2027,HDDM_W,0.6652631578947369,0.06785545299999285,7,3.0,7.0,3.0,0.0,3.0,1.0,0.42857142857142855,1.0,0.6,0.0,1097.0,396.0,3333.3333333333335,3333.3333333333335,3.038590094196293,3.038590094196293,0.3,10000.0,real:bananas,20000,2,0.45,0.0,3,prior,gradual,1000,0.3,1.0,False,high,slow,prior/gradual/K=3/high/slow/n/a/balanced/clean,0.046947368421052627,-0.0009473684210526967,bananas,реальные,False
scn-4630cb4bbec4,2027,FHDDM,0.6656315789473685,0.015747371000088606,4,3.0,4.0,2.0,1.0,1.0,1.0,0.5,0.6666666666666666,0.5714285714285715,0.33333333333333337,621.0,621.0,10000.0,10000.0,10.735373054213634,10.735373054213634,0.1,10000.0,real:bananas,20000,2,0.45,0.0,3,prior,gradual,1000,0.3,1.0,False,high,slow,prior/gradual/K=3/high/slow/n/a/balanced/clean,0.0473157894736842,-0.0013157894736842701,bananas,реальные,False
scn-4630cb4bbec4,2027,NoDrift,0.6183157894736843,0.008122741000079259,0,3.0,0.0,0.0,3.0,0.0,0.0,,0.0,0.0,1.0,,,inf,10000.0,,,0.0,10000.0,real:bananas,20000,2,0.45,0.0,3,prior,gradual,1000,0.3,1.0,False,high,slow,prior/gradual/K=3/high/slow/n/a/balanced/clean,0.0,0.04599999999999993,bananas,реальные,False
scn-4630cb4bbec4,2027,Periodic(2000),0.6639473684210526,0.009209755000028963,9,3.0,9.0,3.0,0.0,5.0,1.0,0.3333333333333333,1.0,0.5,0.0,1333.6666666666667,1667.0,2000.0,2000.0,1.4996250937265683,1.4996250937265683,0.5,10000.0,real:bananas,20000,2,0.45,0.0,3,prior,gradual,1000,0.3,1.0,False,high,slow,prior/gradual/K=3/high/slow/n/a/balanced/clean,0.045631578947368356,0.00036842105263157343,bananas,реальные,False
scn-4630cb4bbec4,2027,Oracle,0.6643157894736842,0.010517801999867515,3,3.0,3.0,3.0,0.0,0.0,0.0,1.0,1.0,1.0,0.0,501.0,501.0,inf,10000.0,inf,19.960079840319363,0.0,10000.0,real:bananas,20000,2,0.45,0.0,3,prior,gradual,1000,0.3,1.0,False,high,slow,prior/gradual/K=3/high/slow/n/a/balanced/clean,0.04599999999999993,-0.0,bananas,реальные,False
scn-4630cb4bbec4,2028,ADWIN,0.6628421052631579,0.01455226500002027,3,3.0,3.0,3.0,0.0,0.0,0.0,1.0,1.0,1.0,0.0,1184.3333333333333,963.0,inf,10000.0,inf,8.443568815085843,0.0,10000.0,real:bananas,20000,2,0.45,0.0,3,prior,gradual,1000,0.3,1.0,False,high,slow,prior/gradual/K=3/high/slow/n/a/balanced/clean,0.04042105263157891,0.009210526315789447,bananas,реальные,False
scn-4630cb4bbec4,2028,KSWIN,0.657,3.8773479690003114,3,3.0,3.0,2.0,1.0,1.0,0.0,0.6666666666666666,0.6666666666666666,0.6666666666666666,0.33333333333333337,1000.0,1000.0,10000.0,10000.0,6.666666666666666,6.666666666666666,0.1,10000.0,real:bananas,20000,2,0.45,0.0,3,prior,gradual,1000,0.3,1.0,False,high,slow,prior/gradual/K=3/high/slow/n/a/balanced/clean,0.03457894736842104,0.015052631578947318,bananas,реальные,False
scn-4630cb4bbec4,2028,PageHinkley,0.6710526315789473,0.019492917000206944,5,3.0,5.0,3.0,0.0,0.0,2.0,0.6,1.0,0.7499999999999999,0.0,610.6666666666666,576.0,inf,10000.0,inf,16.375545851528386,0.0,10000.0,real:bananas,20000,2,0.45,0.0,3,prior,gradual,1000,0.3,1.0,False,high,slow,prior/gradual/K=3/high/slow/n/a/balanced/clean,0.04863157894736836,0.0010000000000000009,bananas,реальные,False
scn-4630cb4bbec4,2028,PageHinkley-up,0.673,0.0181072509999467,3,3.0,3.0,3.0,0.0,0.0,0.0,1.0,1.0,1.0,0.0,632.6666666666666,642.0,inf,10000.0,inf,15.806111696522656,0.0,10000.0,real:bananas,20000,2,0.45,0.0,3,prior,gradual,1000,0.3,1.0,False,high,slow,prior/gradual/K=3/high/slow/n/a/balanced/clean,0.05057894736842106,-0.0009473684210526967,bananas,реальные,False
scn-4630cb4bbec4,2028,DDM,0.6562105263157895,0.017684299999928044,3,3.0,3.0,2.0,1.0,0.0,1.0,0.6666666666666666,0.6666666666666666,0.6666666666666666,0.33333333333333337,1032.0,1032.0,inf,10000.0,inf,6.459948320413436,0.0,10000.0,real:bananas,20000,2,0.45,0.0,3,prior,gradual,1000,0.3,1.0,False,high,slow,prior/gradual/K=3/high/slow/n/a/balanced/clean,0.03378947368421048,0.01584210526315788,bananas,реальные,False
scn-4630cb4bbec4,2028,EDDM,0.6497894736842105,0.030616359999839915,24,3.0,24.0,2.0,1.0,17.0,5.0,0.08333333333333333,0.6666666666666666,0.14814814814814814,0.33333333333333337,1582.0,1582.0,588.2352941176471,588.2352941176471,0.24788676532559928,0.24788676532559928,1.7,10000.0,real:bananas,20000,2,0.45,0.0,3,prior,gradual,1000,0.3,1.0,False,high,slow,prior/gradual/K=3/high/slow/n/a/balanced/clean,0.027368421052631486,0.022263157894736874,bananas,реальные,False
scn-4630cb4bbec4,2028,HDDM_A,0.663578947368421,0.06625331299983372,4,3.0,4.0,3.0,0.0,1.0,0.0,0.75,1.0,0.8571428571428571,0.0,903.3333333333334,844.0,10000.0,10000.0,11.07011070110701,11.07011070110701,0.1,10000.0,real:bananas,20000,2,0.45,0.0,3,prior,gradual,1000,0.3,1.0,False,high,slow,prior/gradual/K=3/high/slow/n/a/balanced/clean,0.04115789473684206,0.0084736842105263,bananas,реальные,False
scn-4630cb4bbec4,2028,HDDM_W,0.6643684210526316,0.0669454809999479,9,3.0,9.0,3.0,0.0,5.0,1.0,0.3333333333333333,1.0,0.5,0.0,951.0,719.0,2000.0,2000.0,2.103049421661409,2.103049421661409,0.5,10000.0,real:bananas,20000,2,0.45,0.0,3,prior,gradual,1000,0.3,1.0,False,high,slow,prior/gradual/K=3/high/slow/n/a/balanced/clean,0.04194736842105262,0.007684210526315738,bananas,реальные,False
scn-4630cb4bbec4,2028,FHDDM,0.6686315789473685,0.01544048199957615,4,3.0,4.0,3.0,0.0,1.0,0.0,0.75,1.0,0.8571428571428571,0.0,689.6666666666666,718.0,10000.0,10000.0,14.499758337361044,14.499758337361044,0.1,10000.0,real:bananas,20000,2,0.45,0.0,3,prior,gradual,1000,0.3,1.0,False,high,slow,prior/gradual/K=3/high/slow/n/a/balanced/clean,0.04621052631578948,0.0034210526315788803,bananas,реальные,False
scn-4630cb4bbec4,2028,NoDrift,0.622421052631579,0.008156779000273673,0,3.0,0.0,0.0,3.0,0.0,0.0,,0.0,0.0,1.0,,,inf,10000.0,,,0.0,10000.0,real:bananas,20000,2,0.45,0.0,3,prior,gradual,1000,0.3,1.0,False,high,slow,prior/gradual/K=3/high/slow/n/a/balanced/clean,0.0,0.04963157894736836,bananas,реальные,False
scn-4630cb4bbec4,2028,Periodic(2000),0.6637368421052632,0.00910559399972044,9,3.0,9.0,3.0,0.0,5.0,1.0,0.3333333333333333,1.0,0.5,0.0,1333.6666666666667,1667.0,2000.0,2000.0,1.4996250937265683,1.4996250937265683,0.5,10000.0,real:bananas,20000,2,0.45,0.0,3,prior,gradual,1000,0.3,1.0,False,high,slow,prior/gradual/K=3/high/slow/n/a/balanced/clean,0.041315789473684195,0.008315789473684165,bananas,реальные,False
scn-4630cb4bbec4,2028,Oracle,0.6720526315789473,0.010492952999811678,3,3.0,3.0,3.0,0.0,0.0,0.0,1.0,1.0,1.0,0.0,501.0,501.0,inf,10000.0,inf,19.960079840319363,0.0,10000.0,real:bananas,20000,2,0.45,0.0,3,prior,gradual,1000,0.3,1.0,False,high,slow,prior/gradual/K=3/high/slow/n/a/balanced/clean,0.04963157894736836,-0.0,bananas,реальные,False
scn-4630cb4bbec4,2029,ADWIN,0.6605263157894737,0.013710090000131459,3,3.0,3.0,3.0,0.0,0.0,0.0,1.0,1.0,1.0,0.0,1077.6666666666667,1251.0,inf,10000.0,inf,9.2793071450665,0.0,10000.0,real:bananas,20000,2,0.45,0.0,3,prior,gradual,1000,0.3,1.0,False,high,slow,prior/gradual/K=3/high/slow/n/a/balanced/clean,0.03257894736842115,0.011315789473684168,bananas,реальные,False
scn-4630cb4bbec4,2029,KSWIN,0.633578947368421,3.9766945229998782,3,3.0,3.0,2.0,1.0,0.0,1.0,0.6666666666666666,0.6666666666666666,0.6666666666666666,0.33333333333333337,1734.0,1734.0,inf,10000.0,inf,3.8446751249519413,0.0,10000.0,real:bananas,20000,2,0.45,0.0,3,prior,gradual,1000,0.3,1.0,False,high,slow,prior/gradual/K=3/high/slow/n/a/balanced/clean,0.005631578947368432,0.03826315789473689,bananas,реальные,False
scn-4630cb4bbec4,2029,PageHinkley,0.6656315789473685,0.018283407000126317,4,3.0,4.0,3.0,0.0,0.0,1.0,0.75,1.0,0.8571428571428571,0.0,918.6666666666666,811.0,inf,10000.0,inf,10.88534107402032,0.0,10000.0,real:bananas,20000,2,0.45,0.0,3,prior,gradual,1000,0.3,1.0,False,high,slow,prior/gradual/K=3/high/slow/n/a/balanced/clean,0.037684210526315876,0.006210526315789444,bananas,реальные,False
scn-4630cb4bbec4,2029,PageHinkley-up,0.659578947368421,0.01774932699981946,2,3.0,2.0,2.0,1.0,0.0,0.0,1.0,0.6666666666666666,0.8,0.33333333333333337,825.0,825.0,inf,10000.0,inf,8.08080808080808,0.0,10000.0,real:bananas,20000,2,0.45,0.0,3,prior,gradual,1000,0.3,1.0,False,high,slow,prior/gradual/K=3/high/slow/n/a/balanced/clean,0.031631578947368455,0.012263157894736865,bananas,реальные,False
scn-4630cb4bbec4,2029,DDM,0.6513157894736842,0.017403826999725425,2,3.0,2.0,2.0,1.0,0.0,0.0,1.0,0.6666666666666666,0.8,0.33333333333333337,1174.0,1174.0,inf,10000.0,inf,5.6785917092561045,0.0,10000.0,real:bananas,20000,2,0.45,0.0,3,prior,gradual,1000,0.3,1.0,False,high,slow,prior/gradual/K=3/high/slow/n/a/balanced/clean,0.023368421052631594,0.020526315789473726,bananas,реальные,False
scn-4630cb4bbec4,2029,EDDM,0.6455263157894737,0.016829375000270375,3,3.0,3.0,1.0,2.0,2.0,0.0,0.3333333333333333,0.3333333333333333,0.3333333333333333,0.6666666666666667,2317.0,2317.0,5000.0,5000.0,0.7193209610128037,0.7193209610128037,0.2,10000.0,real:bananas,20000,2,0.45,0.0,3,prior,gradual,1000,0.3,1.0,False,high,slow,prior/gradual/K=3/high/slow/n/a/balanced/clean,0.01757894736842114,0.02631578947368418,bananas,реальные,False
scn-4630cb4bbec4,2029,HDDM_A,0.665,0.06534705500007476,4,3.0,4.0,3.0,0.0,0.0,1.0,0.75,1.0,0.8571428571428571,0.0,854.3333333333334,912.0,inf,10000.0,inf,11.705033164260632,0.0,10000.0,real:bananas,20000,2,0.45,0.0,3,prior,gradual,1000,0.3,1.0,False,high,slow,prior/gradual/K=3/high/slow/n/a/balanced/clean,0.03705263157894745,0.006842105263157872,bananas,реальные,False
scn-4630cb4bbec4,2029,HDDM_W,0.6712631578947369,0.07135299000037776,10,3.0,10.0,3.0,0.0,4.0,3.0,0.3,1.0,0.4615384615384615,0.0,841.0,613.0,2500.0,2500.0,2.972651605231867,2.972651605231867,0.4,10000.0,real:bananas,20000,2,0.45,0.0,3,prior,gradual,1000,0.3,1.0,False,high,slow,prior/gradual/K=3/high/slow/n/a/balanced/clean,0.04331578947368431,0.0005789473684210122,bananas,реальные,False
scn-4630cb4bbec4,2029,FHDDM,0.6692631578947369,0.016637354000067717,6,3.0,6.0,3.0,0.0,1.0,2.0,0.5,1.0,0.6666666666666666,0.0,587.6666666666666,631.0,10000.0,10000.0,17.016449234259785,17.016449234259785,0.1,10000.0,real:bananas,20000,2,0.45,0.0,3,prior,gradual,1000,0.3,1.0,False,high,slow,prior/gradual/K=3/high/slow/n/a/balanced/clean,0.041315789473684306,0.002578947368421014,bananas,реальные,False
scn-4630cb4bbec4,2029,NoDrift,0.6279473684210526,0.008329530000082741,0,3.0,0.0,0.0,3.0,0.0,0.0,,0.0,0.0,1.0,,,inf,10000.0,,,0.0,10000.0,real:bananas,20000,2,0.45,0.0,3,prior,gradual,1000,0.3,1.0,False,high,slow,prior/gradual/K=3/high/slow/n/a/balanced/clean,0.0,0.04389473684210532,bananas,реальные,False
scn-4630cb4bbec4,2029,Periodic(2000),0.6644736842105263,0.009248864000255708,9,3.0,9.0,3.0,0.0,5.0,1.0,0.3333333333333333,1.0,0.5,0.0,1333.6666666666667,1667.0,2000.0,2000.0,1.4996250937265683,1.4996250937265683,0.5,10000.0,real:bananas,20000,2,0.45,0.0,3,prior,gradual,1000,0.3,1.0,False,high,slow,prior/gradual/K=3/high/slow/n/a/balanced/clean,0.03652631578947374,0.00736842105263158,bananas,реальные,False
scn-4630cb4bbec4,2029,Oracle,0.6718421052631579,0.010586651000267011,3,3.0,3.0,3.0,0.0,0.0,0.0,1.0,1.0,1.0,0.0,501.0,501.0,inf,10000.0,inf,19.960079840319363,0.0,10000.0,real:bananas,20000,2,0.45,0.0,3,prior,gradual,1000,0.3,1.0,False,high,slow,prior/gradual/K=3/high/slow/n/a/balanced/clean,0.04389473684210532,-0.0,bananas,реальные,False
scn-301b46a00e96,2027,ADWIN,0.9552631578947368,0.014750797000033344,4,3.0,4.0,3.0,0.0,0.0,1.0,0.75,1.0,0.8571428571428571,0.0,949.6666666666666,990.0,inf,10000.0,inf,10.53001053001053,0.0,10000.0,hyperplane_gauss,20000,2,0.45,0.0,3,real,gradual,1000,0.1,1.0,False,medium,slow,real/gradual/K=3/medium/slow/global/balanced/clean,0.029736842105263173,0.0034210526315789913,bananas,синтетика,False
scn-301b46a00e96,2027,KSWIN,0.9255263157894736,4.076504002000092,0,3.0,0.0,0.0,3.0,0.0,0.0,,0.0,0.0,1.0,,,inf,10000.0,,,0.0,10000.0,hyperplane_gauss,20000,2,0.45,0.0,3,real,gradual,1000,0.1,1.0,False,medium,slow,real/gradual/K=3/medium/slow/global/balanced/clean,0.0,0.033157894736842164,bananas,синтетика,False
scn-301b46a00e96,2027,PageHinkley,0.9611052631578947,0.018552608999925724,4,3.0,4.0,2.0,1.0,1.0,1.0,0.5,0.6666666666666666,0.5714285714285715,0.33333333333333337,1276.0,1276.0,10000.0,10000.0,5.22466039707419,5.22466039707419,0.1,10000.0,hyperplane_gauss,20000,2,0.45,0.0,3,real,gradual,1000,0.1,1.0,False,medium,slow,real/gradual/K=3/medium/slow/global/balanced/clean,0.03557894736842104,-0.0024210526315788794,bananas,синтетика,False
scn-301b46a00e96,2027,PageHinkley-up,0.9576842105263158,0.018344884000271122,3,3.0,3.0,3.0,0.0,0.0,0.0,1.0,1.0,1.0,0.0,1267.3333333333333,1250.0,inf,10000.0,inf,7.890583903208838,0.0,10000.0,hyperplane_gauss,20000,2,0.45,0.0,3,real,gradual,1000,0.1,1.0,False,medium,slow,real/gradual/K=3/medium/slow/global/balanced/clean,0.03215789473684216,0.0010000000000000009,bananas,синтетика,False
scn-301b46a00e96,2027,DDM,0.9556842105263158,0.018339465000281052,4,3.0,4.0,3.0,0.0,1.0,0.0,0.75,1.0,0.8571428571428571,0.0,930.3333333333334,982.0,10000.0,10000.0,10.748835542816195,10.748835542816195,0.1,10000.0,hyperplane_gauss,20000,2,0.45,0.0,3,real,gradual,1000,0.1,1.0,False,medium,slow,real/gradual/K=3/medium/slow/global/balanced/clean,0.03015789473684216,0.0030000000000000027,bananas,синтетика,False
scn-301b46a00e96,2027,EDDM,0.9663684210526315,0.014248363999740832,4,3.0,4.0,2.0,1.0,1.0,1.0,0.5,0.6666666666666666,0.5714285714285715,0.33333333333333337,697.0,697.0,10000.0,10000.0,9.564801530368245,9.564801530368245,0.1,10000.0,hyperplane_gauss,20000,2,0.45,0.0,3,real,gradual,1000,0.1,1.0,False,medium,slow,real/gradual/K=3/medium/slow/global/balanced/clean,0.0408421052631579,-0.007684210526315738,bananas,синтетика,False
scn-301b46a00e96,2027,HDDM_A,0.9588421052631579,0.12337110999987999,2,3.0,2.0,2.0,1.0,0.0,0.0,1.0,0.6666666666666666,0.8,0.33333333333333337,1787.5,1787.5,inf,10000.0,inf,3.7296037296037294,0.0,10000.0,hyperplane_gauss,20000,2,0.45,0.0,3,real,gradual,1000,0.1,1.0,False,medium,slow,real/gradual/K=3/medium/slow/global/balanced/clean,0.0333157894736843,-0.00015789473684213462,bananas,синтетика,False
scn-301b46a00e96,2027,HDDM_W,0.9255263157894736,0.061080695999862655,0,3.0,0.0,0.0,3.0,0.0,0.0,,0.0,0.0,1.0,,,inf,10000.0,,,0.0,10000.0,hyperplane_gauss,20000,2,0.45,0.0,3,real,gradual,1000,0.1,1.0,False,medium,slow,real/gradual/K=3/medium/slow/global/balanced/clean,0.0,0.033157894736842164,bananas,синтетика,False
scn-301b46a00e96,2027,FHDDM,0.9255263157894736,0.015213852999750088,0,3.0,0.0,0.0,3.0,0.0,0.0,,0.0,0.0,1.0,,,inf,10000.0,,,0.0,10000.0,hyperplane_gauss,20000,2,0.45,0.0,3,real,gradual,1000,0.1,1.0,False,medium,slow,real/gradual/K=3/medium/slow/global/balanced/clean,0.0,0.033157894736842164,bananas,синтетика,False
scn-301b46a00e96,2027,NoDrift,0.9255263157894736,0.00860086800003046,0,3.0,0.0,0.0,3.0,0.0,0.0,,0.0,0.0,1.0,,,inf,10000.0,,,0.0,10000.0,hyperplane_gauss,20000,2,0.45,0.0,3,real,gradual,1000,0.1,1.0,False,medium,slow,real/gradual/K=3/medium/slow/global/balanced/clean,0.0,0.033157894736842164,bananas,синтетика,False
scn-301b46a00e96,2027,Periodic(2000),0.9561052631578948,0.010281997999754822,9,3.0,9.0,3.0,0.0,5.0,1.0,0.3333333333333333,1.0,0.5,0.0,1333.6666666666667,1667.0,2000.0,2000.0,1.4996250937265683,1.4996250937265683,0.5,10000.0,hyperplane_gauss,20000,2,0.45,0.0,3,real,gradual,1000,0.1,1.0,False,medium,slow,real/gradual/K=3/medium/slow/global/balanced/clean,0.03057894736842115,0.002578947368421014,bananas,синтетика,False
scn-301b46a00e96,2027,Oracle,0.9586842105263158,0.011077209999712068,3,3.0,3.0,3.0,0.0,0.0,0.0,1.0,1.0,1.0,0.0,501.0,501.0,inf,10000.0,inf,19.960079840319363,0.0,10000.0,hyperplane_gauss,20000,2,0.45,0.0,3,real,gradual,1000,0.1,1.0,False,medium,slow,real/gradual/K=3/medium/slow/global/balanced/clean,0.033157894736842164,-0.0,bananas,синтетика,False
scn-301b46a00e96,2028,ADWIN,0.9534736842105264,0.01521193200005655,4,3.0,4.0,3.0,0.0,0.0,1.0,0.75,1.0,0.8571428571428571,0.0,907.0,867.0,inf,10000.0,inf,11.025358324145534,0.0,10000.0,hyperplane_gauss,20000,2,0.45,0.0,3,real,gradual,1000,0.1,1.0,False,medium,slow,real/gradual/K=3/medium/slow/global/balanced/clean,0.03126315789473688,0.005421052631578882,bananas,синтетика,False
scn-301b46a00e96,2028,KSWIN,0.9222105263157895,4.164212145999954,0,3.0,0.0,0.0,3.0,0.0,0.0,,0.0,0.0,1.0,,,inf,10000.0,,,0.0,10000.0,hyperplane_gauss,20000,2,0.45,0.0,3,real,gradual,1000,0.1,1.0,False,medium,slow,real/gradual/K=3/medium/slow/global/balanced/clean,0.0,0.036684210526315764,bananas,синтетика,False
scn-301b46a00e96,2028,PageHinkley,0.9548421052631579,0.01916416299991397,3,3.0,3.0,2.0,1.0,1.0,0.0,0.6666666666666666,0.6666666666666666,0.6666666666666666,0.33333333333333337,1136.5,1136.5,10000.0,10000.0,5.8659627511365295,5.8659627511365295,0.1,10000.0,hyperplane_gauss,20000,2,0.45,0.0,3,real,gradual,1000,0.1,1.0,False,medium,slow,real/gradual/K=3/medium/slow/global/balanced/clean,0.032631578947368456,0.004052631578947308,bananas,синтетика,False
scn-301b46a00e96,2028,PageHinkley-up,0.9617368421052631,0.01797652899995228,2,3.0,2.0,2.0,1.0,0.0,0.0,1.0,0.6666666666666666,0.8,0.33333333333333337,1127.5,1127.5,inf,10000.0,inf,5.912786400591278,0.0,10000.0,hyperplane_gauss,20000,2,0.45,0.0,3,real,gradual,1000,0.1,1.0,False,medium,slow,real/gradual/K=3/medium/slow/global/balanced/clean,0.03952631578947363,-0.002842105263157868,bananas,синтетика,False
scn-301b46a00e96,2028,DDM,0.9564736842105264,0.018304490000446094,4,3.0,4.0,3.0,0.0,1.0,0.0,0.75,1.0,0.8571428571428571,0.0,800.3333333333334,737.0,10000.0,10000.0,12.494793835901707,12.494793835901707,0.1,10000.0,hyperplane_gauss,20000,2,0.45,0.0,3,real,gradual,1000,0.1,1.0,False,medium,slow,real/gradual/K=3/medium/slow/global/balanced/clean,0.034263157894736884,0.0024210526315788794,bananas,синтетика,False
scn-301b46a00e96,2028,EDDM,0.9533157894736842,0.022660301000087202,9,3.0,9.0,3.0,0.0,1.0,5.0,0.3333333333333333,1.0,0.5,0.0,790.0,702.0,10000.0,10000.0,12.658227848101266,12.658227848101266,0.1,10000.0,hyperplane_gauss,20000,2,0.45,0.0,3,real,gradual,1000,0.1,1.0,False,medium,slow,real/gradual/K=3/medium/slow/global/balanced/clean,0.031105263157894747,0.005578947368421017,bananas,синтетика,False
scn-301b46a00e96,2028,HDDM_A,0.9625789473684211,0.10721288700005971,1,3.0,1.0,1.0,2.0,0.0,0.0,1.0,0.3333333333333333,0.5,0.6666666666666667,1555.0,1555.0,inf,10000.0,inf,2.143622722400857,0.0,10000.0,hyperplane_gauss,20000,2,0.45,0.0,3,real,gradual,1000,0.1,1.0,False,medium,slow,real/gradual/K=3/medium/slow/global/balanced/clean,0.04036842105263161,-0.0036842105263158453,bananas,синтетика,False
scn-301b46a00e96,2028,HDDM_W,0.9222105263157895,0.05706880199977604,0,3.0,0.0,0.0,3.0,0.0,0.0,,0.0,0.0,1.0,,,inf,10000.0,,,0.0,10000.0,hyperplane_gauss,20000,2,0.45,0.0,3,real,gradual,1000,0.1,1.0,False,medium,slow,real/gradual/K=3/medium/slow/global/balanced/clean,0.0,0.036684210526315764,bananas,синтетика,False
scn-301b46a00e96,2028,FHDDM,0.9222105263157895,0.014481565000096452,0,3.0,0.0,0.0,3.0,0.0,0.0,,0.0,0.0,1.0,,,inf,10000.0,,,0.0,10000.0,hyperplane_gauss,20000,2,0.45,0.0,3,real,gradual,1000,0.1,1.0,False,medium,slow,real/gradual/K=3/medium/slow/global/balanced/clean,0.0,0.036684210526315764,bananas,синтетика,False
scn-301b46a00e96,2028,NoDrift,0.9222105263157895,0.00817337199987378,0,3.0,0.0,0.0,3.0,0.0,0.0,,0.0,0.0,1.0,,,inf,10000.0,,,0.0,10000.0,hyperplane_gauss,20000,2,0.45,0.0,3,real,gradual,1000,0.1,1.0,False,medium,slow,real/gradual/K=3/medium/slow/global/balanced/clean,0.0,0.036684210526315764,bananas,синтетика,False
scn-301b46a00e96,2028,Periodic(2000),0.9488421052631579,0.009187570999984018,9,3.0,9.0,3.0,0.0,5.0,1.0,0.3333333333333333,1.0,0.5,0.0,1333.6666666666667,1667.0,2000.0,2000.0,1.4996250937265683,1.4996250937265683,0.5,10000.0,hyperplane_gauss,20000,2,0.45,0.0,3,real,gradual,1000,0.1,1.0,False,medium,slow,real/gradual/K=3/medium/slow/global/balanced/clean,0.02663157894736845,0.010052631578947313,bananas,синтетика,False
scn-301b46a00e96,2028,Oracle,0.9588947368421052,0.0107534610001494,3,3.0,3.0,3.0,0.0,0.0,0.0,1.0,1.0,1.0,0.0,501.0,501.0,inf,10000.0,inf,19.960079840319363,0.0,10000.0,hyperplane_gauss,20000,2,0.45,0.0,3,real,gradual,1000,0.1,1.0,False,medium,slow,real/gradual/K=3/medium/slow/global/balanced/clean,0.036684210526315764,-0.0,bananas,синтетика,False
scn-301b46a00e96,2029,ADWIN,0.9292105263157895,0.013287846999901376,2,3.0,2.0,1.0,2.0,1.0,0.0,0.5,0.3333333333333333,0.4,0.6666666666666667,1379.0,1379.0,10000.0,10000.0,2.4172105390379497,2.4172105390379497,0.1,10000.0,hyperplane_gauss,20000,2,0.45,0.0,3,real,gradual,1000,0.1,1.0,False,medium,slow,real/gradual/K=3/medium/slow/global/balanced/clean,0.006684210526315848,0.02905263157894733,bananas,синтетика,False
scn-301b46a00e96,2029,KSWIN,0.9225263157894736,4.132554446000086,0,3.0,0.0,0.0,3.0,0.0,0.0,,0.0,0.0,1.0,,,inf,10000.0,,,0.0,10000.0,hyperplane_gauss,20000,2,0.45,0.0,3,real,gradual,1000,0.1,1.0,False,medium,slow,real/gradual/K=3/medium/slow/global/balanced/clean,0.0,0.03573684210526318,bananas,синтетика,False
scn-301b46a00e96,2029,PageHinkley,0.937,0.018811568999808514,3,3.0,3.0,1.0,2.0,2.0,0.0,0.3333333333333333,0.3333333333333333,0.3333333333333333,0.6666666666666667,1456.0,1456.0,5000.0,5000.0,1.1446886446886444,1.1446886446886444,0.2,10000.0,hyperplane_gauss,20000,2,0.45,0.0,3,real,gradual,1000,0.1,1.0,False,medium,slow,real/gradual/K=3/medium/slow/global/balanced/clean,0.014473684210526416,0.02126315789473676,bananas,синтетика,False
scn-301b46a00e96,2029,PageHinkley-up,0.9572105263157895,0.018634214000030624,2,3.0,2.0,2.0,1.0,0.0,0.0,1.0,0.6666666666666666,0.8,0.33333333333333337,1503.0,1503.0,inf,10000.0,inf,4.435573297848746,0.0,10000.0,hyperplane_gauss,20000,2,0.45,0.0,3,real,gradual,1000,0.1,1.0,False,medium,slow,real/gradual/K=3/medium/slow/global/balanced/clean,0.03468421052631587,0.001052631578947305,bananas,синтетика,False
scn-301b46a00e96,2029,DDM,0.9572105263157895,0.018646949999947537,3,3.0,3.0,2.0,1.0,1.0,0.0,0.6666666666666666,0.6666666666666666,0.6666666666666666,0.33333333333333337,865.5,865.5,10000.0,10000.0,7.702676680146351,7.702676680146351,0.1,10000.0,hyperplane_gauss,20000,2,0.45,0.0,3,real,gradual,1000,0.1,1.0,False,medium,slow,real/gradual/K=3/medium/slow/global/balanced/clean,0.03468421052631587,0.001052631578947305,bananas,синтетика,False
scn-301b46a00e96,2029,EDDM,0.9488947368421052,0.015355144999830372,7,3.0,7.0,1.0,2.0,5.0,1.0,0.14285714285714285,0.3333333333333333,0.2,0.6666666666666667,2025.0,2025.0,2000.0,2000.0,0.32921810699588466,0.32921810699588466,0.5,10000.0,hyperplane_gauss,20000,2,0.45,0.0,3,real,gradual,1000,0.1,1.0,False,medium,slow,real/gradual/K=3/medium/slow/global/balanced/clean,0.026368421052631597,0.009368421052631581,bananas,синтетика,False
scn-301b46a00e96,2029,HDDM_A,0.9576315789473684,0.10311457599982532,1,3.0,1.0,1.0,2.0,0.0,0.0,1.0,0.3333333333333333,0.5,0.6666666666666667,2470.0,2470.0,inf,10000.0,inf,1.3495276653171386,0.0,10000.0,hyperplane_gauss,20000,2,0.45,0.0,3,real,gradual,1000,0.1,1.0,False,medium,slow,real/gradual/K=3/medium/slow/global/balanced/clean,0.03510526315789475,0.0006315789473684275,bananas,синтетика,False
scn-301b46a00e96,2029,HDDM_W,0.9225263157894736,0.05716779199974553,0,3.0,0.0,0.0,3.0,0.0,0.0,,0.0,0.0,1.0,,,inf,10000.0,,,0.0,10000.0,hyperplane_gauss,20000,2,0.45,0.0,3,real,gradual,1000,0.1,1.0,False,medium,slow,real/gradual/K=3/medium/slow/global/balanced/clean,0.0,0.03573684210526318,bananas,синтетика,False
scn-301b46a00e96,2029,FHDDM,0.9225263157894736,0.014547274000051402,0,3.0,0.0,0.0,3.0,0.0,0.0,,0.0,0.0,1.0,,,inf,10000.0,,,0.0,10000.0,hyperplane_gauss,20000,2,0.45,0.0,3,real,gradual,1000,0.1,1.0,False,medium,slow,real/gradual/K=3/medium/slow/global/balanced/clean,0.0,0.03573684210526318,bananas,синтетика,False
scn-301b46a00e96,2029,NoDrift,0.9225263157894736,0.008550373000161926,0,3.0,0.0,0.0,3.0,0.0,0.0,,0.0,0.0,1.0,,,inf,10000.0,,,0.0,10000.0,hyperplane_gauss,20000,2,0.45,0.0,3,real,gradual,1000,0.1,1.0,False,medium,slow,real/gradual/K=3/medium/slow/global/balanced/clean,0.0,0.03573684210526318,bananas,синтетика,False
scn-301b46a00e96,2029,Periodic(2000),0.9485789473684211,0.009555993000049057,9,3.0,9.0,3.0,0.0,5.0,1.0,0.3333333333333333,1.0,0.5,0.0,1333.6666666666667,1667.0,2000.0,2000.0,1.4996250937265683,1.4996250937265683,0.5,10000.0,hyperplane_gauss,20000,2,0.45,0.0,3,real,gradual,1000,0.1,1.0,False,medium,slow,real/gradual/K=3/medium/slow/global/balanced/clean,0.02605263157894744,0.00968421052631574,bananas,синтетика,False
scn-301b46a00e96,2029,Oracle,0.9582631578947368,0.010498146999907476,3,3.0,3.0,3.0,0.0,0.0,0.0,1.0,1.0,1.0,0.0,501.0,501.0,inf,10000.0,inf,19.960079840319363,0.0,10000.0,hyperplane_gauss,20000,2,0.45,0.0,3,real,gradual,1000,0.1,1.0,False,medium,slow,real/gradual/K=3/medium/slow/global/balanced/clean,0.03573684210526318,-0.0,bananas,синтетика,False
scn-a2d64bfaa04b,2027,ADWIN,0.9562105263157895,0.020482728999922983,6,3.0,6.0,3.0,0.0,1.0,2.0,0.5,1.0,0.6666666666666666,0.0,491.0,480.0,10000.0,10000.0,20.36659877800407,20.36659877800407,0.1,10000.0,hyperplane_gauss,20000,2,0.45,0.0,3,real,gradual,1000,0.3,1.0,False,high,slow,real/gradual/K=3/high/slow/global/balanced/clean,0.15300000000000002,-0.0018947368421052824,bananas,синтетика,False
scn-a2d64bfaa04b,2027,KSWIN,0.8032105263157895,4.0655929559998185,0,3.0,0.0,0.0,3.0,0.0,0.0,,0.0,0.0,1.0,,,inf,10000.0,,,0.0,10000.0,hyperplane_gauss,20000,2,0.45,0.0,3,real,gradual,1000,0.3,1.0,False,high,slow,real/gradual/K=3/high/slow/global/balanced/clean,0.0,0.15110526315789474,bananas,синтетика,False
scn-a2d64bfaa04b,2027,PageHinkley,0.9515263157894737,0.020354495999981737,7,3.0,7.0,3.0,0.0,2.0,2.0,0.42857142857142855,1.0,0.6,0.0,666.0,681.0,5000.0,5000.0,7.5075075075075075,7.5075075075075075,0.2,10000.0,hyperplane_gauss,20000,2,0.45,0.0,3,real,gradual,1000,0.3,1.0,False,high,slow,real/gradual/K=3/high/slow/global/balanced/clean,0.14831578947368418,0.002789473684210564,bananas,синтетика,False
scn-a2d64bfaa04b,2027,PageHinkley-up,0.9557894736842105,0.018980814999849827,3,3.0,3.0,3.0,0.0,0.0,0.0,1.0,1.0,1.0,0.0,629.6666666666666,681.0,inf,10000.0,inf,15.881418740074114,0.0,10000.0,hyperplane_gauss,20000,2,0.45,0.0,3,real,gradual,1000,0.3,1.0,False,high,slow,real/gradual/K=3/high/slow/global/balanced/clean,0.15257894736842104,-0.0014736842105262937,bananas,синтетика,False
scn-a2d64bfaa04b,2027,DDM,0.9547368421052631,0.01930257399999391,4,3.0,4.0,3.0,0.0,1.0,0.0,0.75,1.0,0.8571428571428571,0.0,550.3333333333334,533.0,10000.0,10000.0,18.170805572380374,18.170805572380374,0.1,10000.0,hyperplane_gauss,20000,2,0.45,0.0,3,real,gradual,1000,0.3,1.0,False,high,slow,real/gradual/K=3/high/slow/global/balanced/clean,0.15152631578947362,-0.0004210526315788776,bananas,синтетика,False
scn-a2d64bfaa04b,2027,EDDM,0.9548947368421052,0.015545289000328921,7,3.0,7.0,3.0,0.0,3.0,1.0,0.42857142857142855,1.0,0.6,0.0,564.6666666666666,563.0,3333.3333333333335,3333.3333333333335,5.90318772136954,5.90318772136954,0.3,10000.0,hyperplane_gauss,20000,2,0.45,0.0,3,real,gradual,1000,0.3,1.0,False,high,slow,real/gradual/K=3/high/slow/global/balanced/clean,0.15168421052631575,-0.0005789473684210122,bananas,синтетика,False
scn-a2d64bfaa04b,2027,HDDM_A,0.9562631578947368,0.13531419199989614,3,3.0,3.0,3.0,0.0,0.0,0.0,1.0,1.0,1.0,0.0,641.6666666666666,671.0,inf,10000.0,inf,15.584415584415586,0.0,10000.0,hyperplane_gauss,20000,2,0.45,0.0,3,real,gradual,1000,0.3,1.0,False,high,slow,real/gradual/K=3/high/slow/global/balanced/clean,0.15305263157894733,-0.0019473684210525866,bananas,синтетика,False
scn-a2d64bfaa04b,2027,HDDM_W,0.8802631578947369,0.05951013300000341,1,3.0,1.0,1.0,2.0,0.0,0.0,1.0,0.3333333333333333,0.5,0.6666666666666667,636.0,636.0,inf,10000.0,inf,5.241090146750523,0.0,10000.0,hyperplane_gauss,20000,2,0.45,0.0,3,real,gradual,1000,0.3,1.0,False,high,slow,real/gradual/K=3/high/slow/global/balanced/clean,0.07705263157894737,0.07405263157894737,bananas,синтетика,False
scn-a2d64bfaa04b,2027,FHDDM,0.9553157894736842,0.015470569000171963,3,3.0,3.0,3.0,0.0,0.0,0.0,1.0,1.0,1.0,0.0,744.6666666666666,806.0,inf,10000.0,inf,13.428827215756492,0.0,10000.0,hyperplane_gauss,20000,2,0.45,0.0,3,real,gradual,1000,0.3,1.0,False,high,slow,real/gradual/K=3/high/slow/global/balanced/clean,0.15210526315789474,-0.0010000000000000009,bananas,синтетика,False
scn-a2d64bfaa04b,2027,NoDrift,0.8032105263157895,0.008248825000009674,0,3.0,0.0,0.0,3.0,0.0,0.0,,0.0,0.0,1.0,,,inf,10000.0,,,0.0,10000.0,hyperplane_gauss,20000,2,0.45,0.0,3,real,gradual,1000,0.3,1.0,False,high,slow,real/gradual/K=3/high/slow/global/balanced/clean,0.0,0.15110526315789474,bananas,синтетика,False
scn-a2d64bfaa04b,2027,Periodic(2000),0.9417368421052632,0.009276649000184989,9,3.0,9.0,3.0,0.0,5.0,1.0,0.3333333333333333,1.0,0.5,0.0,1333.6666666666667,1667.0,2000.0,2000.0,1.4996250937265683,1.4996250937265683,0.5,10000.0,hyperplane_gauss,20000,2,0.45,0.0,3,real,gradual,1000,0.3,1.0,False,high,slow,real/gradual/K=3/high/slow/global/balanced/clean,0.13852631578947372,0.012578947368421023,bananas,синтетика,False
scn-a2d64bfaa04b,2027,Oracle,0.9543157894736842,0.010336258999814163,3,3.0,3.0,3.0,0.0,0.0,0.0,1.0,1.0,1.0,0.0,501.0,501.0,inf,10000.0,inf,19.960079840319363,0.0,10000.0,hyperplane_gauss,20000,2,0.45,0.0,3,real,gradual,1000,0.3,1.0,False,high,slow,real/gradual/K=3/high/slow/global/balanced/clean,0.15110526315789474,-0.0,bananas,синтетика,False
scn-a2d64bfaa04b,2028,ADWIN,0.9516315789473684,0.017174755999803892,7,3.0,7.0,3.0,0.0,1.0,3.0,0.42857142857142855,1.0,0.6,0.0,416.3333333333333,446.0,10000.0,10000.0,24.01921537229784,24.01921537229784,0.1,10000.0,hyperplane_gauss,20000,2,0.45,0.0,3,real,gradual,1000,0.3,1.0,False,high,slow,real/gradual/K=3/high/slow/global/balanced/clean,0.1548947368421052,0.003052631578947418,bananas,синтетика,False
scn-a2d64bfaa04b,2028,KSWIN,0.7967368421052632,4.064205535999918,0,3.0,0.0,0.0,3.0,0.0,0.0,,0.0,0.0,1.0,,,inf,10000.0,,,0.0,10000.0,hyperplane_gauss,20000,2,0.45,0.0,3,real,gradual,1000,0.3,1.0,False,high,slow,real/gradual/K=3/high/slow/global/balanced/clean,0.0,0.15794736842105261,bananas,синтетика,False
scn-a2d64bfaa04b,2028,PageHinkley,0.9575263157894737,0.019729855000150565,6,3.0,6.0,3.0,0.0,0.0,3.0,0.5,1.0,0.6666666666666666,0.0,638.0,641.0,inf,10000.0,inf,15.67398119122257,0.0,10000.0,hyperplane_gauss,20000,2,0.45,0.0,3,real,gradual,1000,0.3,1.0,False,high,slow,real/gradual/K=3/high/slow/global/balanced/clean,0.16078947368421048,-0.002842105263157868,bananas,синтетика,False
scn-a2d64bfaa04b,2028,PageHinkley-up,0.9563157894736842,0.018631297999945673,3,3.0,3.0,3.0,0.0,0.0,0.0,1.0,1.0,1.0,0.0,623.0,639.0,inf,10000.0,inf,16.051364365971107,0.0,10000.0,hyperplane_gauss,20000,2,0.45,0.0,3,real,gradual,1000,0.3,1.0,False,high,slow,real/gradual/K=3/high/slow/global/balanced/clean,0.15957894736842104,-0.0016315789473684283,bananas,синтетика,False
scn-a2d64bfaa04b,2028,DDM,0.9547368421052631,0.019227095000132977,4,3.0,4.0,3.0,0.0,1.0,0.0,0.75,1.0,0.8571428571428571,0.0,486.6666666666667,534.0,10000.0,10000.0,20.54794520547945,20.54794520547945,0.1,10000.0,hyperplane_gauss,20000,2,0.45,0.0,3,real,gradual,1000,0.3,1.0,False,high,slow,real/gradual/K=3/high/slow/global/balanced/clean,0.15799999999999992,-5.263157894730419e-05,bananas,синтетика,False
scn-a2d64bfaa04b,2028,EDDM,0.9559473684210527,0.013790806000088196,6,3.0,6.0,3.0,0.0,1.0,2.0,0.5,1.0,0.6666666666666666,0.0,380.3333333333333,344.0,10000.0,10000.0,26.29272567922875,26.29272567922875,0.1,10000.0,hyperplane_gauss,20000,2,0.45,0.0,3,real,gradual,1000,0.3,1.0,False,high,slow,real/gradual/K=3/high/slow/global/balanced/clean,0.15921052631578947,-0.001263157894736855,bananas,синтетика,False
scn-a2d64bfaa04b,2028,HDDM_A,0.9585789473684211,0.1288069639999776,3,3.0,3.0,3.0,0.0,0.0,0.0,1.0,1.0,1.0,0.0,635.0,639.0,inf,10000.0,inf,15.748031496062993,0.0,10000.0,hyperplane_gauss,20000,2,0.45,0.0,3,real,gradual,1000,0.3,1.0,False,high,slow,real/gradual/K=3/high/slow/global/balanced/clean,0.1618421052631579,-0.003894736842105284,bananas,синтетика,False
scn-a2d64bfaa04b,2028,HDDM_W,0.9264210526315789,0.06575778199976412,2,3.0,2.0,2.0,1.0,0.0,0.0,1.0,0.6666666666666666,0.8,0.33333333333333337,831.5,831.5,inf,10000.0,inf,8.017638805371817,0.0,10000.0,hyperplane_gauss,20000,2,0.45,0.0,3,real,gradual,1000,0.3,1.0,False,high,slow,real/gradual/K=3/high/slow/global/balanced/clean,0.12968421052631574,0.02826315789473688,bananas,синтетика,False
scn-a2d64bfaa04b,2028,FHDDM,0.9562631578947368,0.015715917000306945,3,3.0,3.0,3.0,0.0,0.0,0.0,1.0,1.0,1.0,0.0,784.0,730.0,inf,10000.0,inf,12.755102040816327,0.0,10000.0,hyperplane_gauss,20000,2,0.45,0.0,3,real,gradual,1000,0.3,1.0,False,high,slow,real/gradual/K=3/high/slow/global/balanced/clean,0.15952631578947363,-0.0015789473684210131,bananas,синтетика,False
scn-a2d64bfaa04b,2028,NoDrift,0.7967368421052632,0.008285659000193846,0,3.0,0.0,0.0,3.0,0.0,0.0,,0.0,0.0,1.0,,,inf,10000.0,,,0.0,10000.0,hyperplane_gauss,20000,2,0.45,0.0,3,real,gradual,1000,0.3,1.0,False,high,slow,real/gradual/K=3/high/slow/global/balanced/clean,0.0,0.15794736842105261,bananas,синтетика,False
scn-a2d64bfaa04b,2028,Periodic(2000),0.9408947368421052,0.009132809999755409,9,3.0,9.0,3.0,0.0,5.0,1.0,0.3333333333333333,1.0,0.5,0.0,1333.6666666666667,1667.0,2000.0,2000.0,1.4996250937265683,1.4996250937265683,0.5,10000.0,hyperplane_gauss,20000,2,0.45,0.0,3,real,gradual,1000,0.3,1.0,False,high,slow,real/gradual/K=3/high/slow/global/balanced/clean,0.14415789473684204,0.013789473684210574,bananas,синтетика,False
scn-a2d64bfaa04b,2028,Oracle,0.9546842105263158,0.010628332999658596,3,3.0,3.0,3.0,0.0,0.0,0.0,1.0,1.0,1.0,0.0,501.0,501.0,inf,10000.0,inf,19.960079840319363,0.0,10000.0,hyperplane_gauss,20000,2,0.45,0.0,3,real,gradual,1000,0.3,1.0,False,high,slow,real/gradual/K=3/high/slow/global/balanced/clean,0.15794736842105261,-0.0,bananas,синтетика,False
scn-a2d64bfaa04b,2029,ADWIN,0.9511052631578948,0.015030576999834011,7,3.0,7.0,3.0,0.0,0.0,4.0,0.42857142857142855,1.0,0.6,0.0,341.6666666666667,318.0,inf,10000.0,inf,29.268292682926827,0.0,10000.0,hyperplane_gauss,20000,2,0.45,0.0,3,real,gradual,1000,0.3,1.0,False,high,slow,real/gradual/K=3/high/slow/global/balanced/clean,0.1553157894736843,-5.2631578947415214e-05,bananas,синтетика,False
scn-a2d64bfaa04b,2029,KSWIN,0.8142631578947368,4.135812239000188,1,3.0,1.0,0.0,3.0,1.0,0.0,0.0,0.0,0.0,1.0,,,10000.0,10000.0,,,0.1,10000.0,hyperplane_gauss,20000,2,0.45,0.0,3,real,gradual,1000,0.3,1.0,False,high,slow,real/gradual/K=3/high/slow/global/balanced/clean,0.01847368421052631,0.13678947368421057,bananas,синтетика,False
scn-a2d64bfaa04b,2029,PageHinkley,0.9516842105263158,0.021494999999958964,7,3.0,7.0,3.0,0.0,2.0,2.0,0.42857142857142855,1.0,0.6,0.0,617.6666666666666,649.0,5000.0,5000.0,8.094981111710739,8.094981111710739,0.2,10000.0,hyperplane_gauss,20000,2,0.45,0.0,3,real,gradual,1000,0.3,1.0,False,high,slow,real/gradual/K=3/high/slow/global/balanced/clean,0.1558947368421053,-0.0006315789473684275,bananas,синтетика,False
scn-a2d64bfaa04b,2029,PageHinkley-up,0.9563157894736842,0.019432222999967053,3,3.0,3.0,3.0,0.0,0.0,0.0,1.0,1.0,1.0,0.0,616.0,649.0,inf,10000.0,inf,16.233766233766232,0.0,10000.0,hyperplane_gauss,20000,2,0.45,0.0,3,real,gradual,1000,0.3,1.0,False,high,slow,real/gradual/K=3/high/slow/global/balanced/clean,0.16052631578947374,-0.0052631578947368585,bananas,синтетика,False
scn-a2d64bfaa04b,2029,DDM,0.9486315789473684,0.0201743269999497,4,3.0,4.0,3.0,0.0,1.0,0.0,0.75,1.0,0.8571428571428571,0.0,415.3333333333333,319.0,10000.0,10000.0,24.077046548956663,24.077046548956663,0.1,10000.0,hyperplane_gauss,20000,2,0.45,0.0,3,real,gradual,1000,0.3,1.0,False,high,slow,real/gradual/K=3/high/slow/global/balanced/clean,0.1528421052631579,0.0024210526315789904,bananas,синтетика,False
scn-a2d64bfaa04b,2029,EDDM,0.9497368421052632,0.016060840000136523,8,3.0,8.0,3.0,0.0,2.0,3.0,0.375,1.0,0.5454545454545454,0.0,432.3333333333333,321.0,5000.0,5000.0,11.56515034695451,11.56515034695451,0.2,10000.0,hyperplane_gauss,20000,2,0.45,0.0,3,real,gradual,1000,0.3,1.0,False,high,slow,real/gradual/K=3/high/slow/global/balanced/clean,0.15394736842105272,0.001315789473684159,bananas,синтетика,False
scn-a2d64bfaa04b,2029,HDDM_A,0.9542631578947368,0.13318108500016024,3,3.0,3.0,3.0,0.0,0.0,0.0,1.0,1.0,1.0,0.0,579.6666666666666,532.0,inf,10000.0,inf,17.25129384703853,0.0,10000.0,hyperplane_gauss,20000,2,0.45,0.0,3,real,gradual,1000,0.3,1.0,False,high,slow,real/gradual/K=3/high/slow/global/balanced/clean,0.15847368421052632,-0.0032105263157894415,bananas,синтетика,False
scn-a2d64bfaa04b,2029,HDDM_W,0.9002631578947369,0.06397578199994314,2,3.0,2.0,1.0,2.0,1.0,0.0,0.5,0.3333333333333333,0.4,0.6666666666666667,995.0,995.0,10000.0,10000.0,3.350083752093802,3.350083752093802,0.1,10000.0,hyperplane_gauss,20000,2,0.45,0.0,3,real,gradual,1000,0.3,1.0,False,high,slow,real/gradual/K=3/high/slow/global/balanced/clean,0.10447368421052639,0.050789473684210495,bananas,синтетика,False
scn-a2d64bfaa04b,2029,FHDDM,0.9521052631578948,0.01581007899994802,3,3.0,3.0,3.0,0.0,0.0,0.0,1.0,1.0,1.0,0.0,879.0,826.0,inf,10000.0,inf,11.376564277588168,0.0,10000.0,hyperplane_gauss,20000,2,0.45,0.0,3,real,gradual,1000,0.3,1.0,False,high,slow,real/gradual/K=3/high/slow/global/balanced/clean,0.1563157894736843,-0.001052631578947416,bananas,синтетика,False
scn-a2d64bfaa04b,2029,NoDrift,0.7957894736842105,0.00823645199989187,0,3.0,0.0,0.0,3.0,0.0,0.0,,0.0,0.0,1.0,,,inf,10000.0,,,0.0,10000.0,hyperplane_gauss,20000,2,0.45,0.0,3,real,gradual,1000,0.3,1.0,False,high,slow,real/gradual/K=3/high/slow/global/balanced/clean,0.0,0.15526315789473688,bananas,синтетика,False
scn-a2d64bfaa04b,2029,Periodic(2000),0.9406315789473684,0.009162353000192525,9,3.0,9.0,3.0,0.0,5.0,1.0,0.3333333333333333,1.0,0.5,0.0,1333.6666666666667,1667.0,2000.0,2000.0,1.4996250937265683,1.4996250937265683,0.5,10000.0,hyperplane_gauss,20000,2,0.45,0.0,3,real,gradual,1000,0.3,1.0,False,high,slow,real/gradual/K=3/high/slow/global/balanced/clean,0.14484210526315788,0.010421052631578998,bananas,синтетика,False
scn-a2d64bfaa04b,2029,Oracle,0.9510526315789474,0.010450269000102708,3,3.0,3.0,3.0,0.0,0.0,0.0,1.0,1.0,1.0,0.0,501.0,501.0,inf,10000.0,inf,19.960079840319363,0.0,10000.0,hyperplane_gauss,20000,2,0.45,0.0,3,real,gradual,1000,0.3,1.0,False,high,slow,real/gradual/K=3/high/slow/global/balanced/clean,0.15526315789473688,-0.0,bananas,синтетика,False
scn-a69fe0ecc46d,2027,ADWIN,0.9814736842105263,0.012748656999974628,0,3.0,0.0,0.0,3.0,0.0,0.0,,0.0,0.0,1.0,,,inf,10000.0,,,0.0,10000.0,hyperplane_gauss,20000,2,0.45,0.0,3,virtual,gradual,1000,0.1,1.0,False,medium,slow,virtual/gradual/K=3/medium/slow/global/balanced/clean,0.0,-0.004210526315789442,bananas,синтетика,False
scn-a69fe0ecc46d,2027,KSWIN,0.9814736842105263,4.0383963130002485,0,3.0,0.0,0.0,3.0,0.0,0.0,,0.0,0.0,1.0,,,inf,10000.0,,,0.0,10000.0,hyperplane_gauss,20000,2,0.45,0.0,3,virtual,gradual,1000,0.1,1.0,False,medium,slow,virtual/gradual/K=3/medium/slow/global/balanced/clean,0.0,-0.004210526315789442,bananas,синтетика,False
scn-a69fe0ecc46d,2027,PageHinkley,0.9814736842105263,0.017579568999735784,0,3.0,0.0,0.0,3.0,0.0,0.0,,0.0,0.0,1.0,,,inf,10000.0,,,0.0,10000.0,hyperplane_gauss,20000,2,0.45,0.0,3,virtual,gradual,1000,0.1,1.0,False,medium,slow,virtual/gradual/K=3/medium/slow/global/balanced/clean,0.0,-0.004210526315789442,bananas,синтетика,False
scn-a69fe0ecc46d,2027,PageHinkley-up,0.9814736842105263,0.017250929000056203,0,3.0,0.0,0.0,3.0,0.0,0.0,,0.0,0.0,1.0,,,inf,10000.0,,,0.0,10000.0,hyperplane_gauss,20000,2,0.45,0.0,3,virtual,gradual,1000,0.1,1.0,False,medium,slow,virtual/gradual/K=3/medium/slow/global/balanced/clean,0.0,-0.004210526315789442,bananas,синтетика,False
scn-a69fe0ecc46d,2027,DDM,0.9787368421052631,0.017753797999830567,1,3.0,1.0,0.0,3.0,1.0,0.0,0.0,0.0,0.0,1.0,,,10000.0,10000.0,,,0.1,10000.0,hyperplane_gauss,20000,2,0.45,0.0,3,virtual,gradual,1000,0.1,1.0,False,medium,slow,virtual/gradual/K=3/medium/slow/global/balanced/clean,-0.0027368421052631486,-0.0014736842105262937,bananas,синтетика,False
scn-a69fe0ecc46d,2027,EDDM,0.9810526315789474,0.012610866000159149,1,3.0,1.0,0.0,3.0,1.0,0.0,0.0,0.0,0.0,1.0,,,10000.0,10000.0,,,0.1,10000.0,hyperplane_gauss,20000,2,0.45,0.0,3,virtual,gradual,1000,0.1,1.0,False,medium,slow,virtual/gradual/K=3/medium/slow/global/balanced/clean,-0.0004210526315788776,-0.0037894736842105647,bananas,синтетика,False
scn-a69fe0ecc46d,2027,HDDM_A,0.9814736842105263,0.12099020799996651,0,3.0,0.0,0.0,3.0,0.0,0.0,,0.0,0.0,1.0,,,inf,10000.0,,,0.0,10000.0,hyperplane_gauss,20000,2,0.45,0.0,3,virtual,gradual,1000,0.1,1.0,False,medium,slow,virtual/gradual/K=3/medium/slow/global/balanced/clean,0.0,-0.004210526315789442,bananas,синтетика,False
scn-a69fe0ecc46d,2027,HDDM_W,0.9814736842105263,0.05984596100006456,0,3.0,0.0,0.0,3.0,0.0,0.0,,0.0,0.0,1.0,,,inf,10000.0,,,0.0,10000.0,hyperplane_gauss,20000,2,0.45,0.0,3,virtual,gradual,1000,0.1,1.0,False,medium,slow,virtual/gradual/K=3/medium/slow/global/balanced/clean,0.0,-0.004210526315789442,bananas,синтетика,False
scn-a69fe0ecc46d,2027,FHDDM,0.9814736842105263,0.014883687999827089,0,3.0,0.0,0.0,3.0,0.0,0.0,,0.0,0.0,1.0,,,inf,10000.0,,,0.0,10000.0,hyperplane_gauss,20000,2,0.45,0.0,3,virtual,gradual,1000,0.1,1.0,False,medium,slow,virtual/gradual/K=3/medium/slow/global/balanced/clean,0.0,-0.004210526315789442,bananas,синтетика,False
scn-a69fe0ecc46d,2027,NoDrift,0.9814736842105263,0.008021465999718203,0,3.0,0.0,0.0,3.0,0.0,0.0,,0.0,0.0,1.0,,,inf,10000.0,,,0.0,10000.0,hyperplane_gauss,20000,2,0.45,0.0,3,virtual,gradual,1000,0.1,1.0,False,medium,slow,virtual/gradual/K=3/medium/slow/global/balanced/clean,0.0,-0.004210526315789442,bananas,синтетика,False
scn-a69fe0ecc46d,2027,Periodic(2000),0.9727894736842105,0.009082604000013816,9,3.0,9.0,3.0,0.0,5.0,1.0,0.3333333333333333,1.0,0.5,0.0,1333.6666666666667,1667.0,2000.0,2000.0,1.4996250937265683,1.4996250937265683,0.5,10000.0,hyperplane_gauss,20000,2,0.45,0.0,3,virtual,gradual,1000,0.1,1.0,False,medium,slow,virtual/gradual/K=3/medium/slow/global/balanced/clean,-0.008684210526315739,0.004473684210526296,bananas,синтетика,False
scn-a69fe0ecc46d,2027,Oracle,0.9772631578947368,0.010399641999811138,3,3.0,3.0,3.0,0.0,0.0,0.0,1.0,1.0,1.0,0.0,501.0,501.0,inf,10000.0,inf,19.960079840319363,0.0,10000.0,hyperplane_gauss,20000,2,0.45,0.0,3,virtual,gradual,1000,0.1,1.0,False,medium,slow,virtual/gradual/K=3/medium/slow/global/balanced/clean,-0.004210526315789442,-0.0,bananas,синтетика,False
scn-a69fe0ecc46d,2028,ADWIN,0.9781052631578947,0.012330370000199764,0,3.0,0.0,0.0,3.0,0.0,0.0,,0.0,0.0,1.0,,,inf,10000.0,,,0.0,10000.0,hyperplane_gauss,20000,2,0.45,0.0,3,virtual,gradual,1000,0.1,1.0,False,medium,slow,virtual/gradual/K=3/medium/slow/global/balanced/clean,0.0,0.00047368421052640386,bananas,синтетика,False
scn-a69fe0ecc46d,2028,KSWIN,0.9781052631578947,4.084057029000178,0,3.0,0.0,0.0,3.0,0.0,0.0,,0.0,0.0,1.0,,,inf,10000.0,,,0.0,10000.0,hyperplane_gauss,20000,2,0.45,0.0,3,virtual,gradual,1000,0.1,1.0,False,medium,slow,virtual/gradual/K=3/medium/slow/global/balanced/clean,0.0,0.00047368421052640386,bananas,синтетика,False
scn-a69fe0ecc46d,2028,PageHinkley,0.9781052631578947,0.017944574000011926,0,3.0,0.0,0.0,3.0,0.0,0.0,,0.0,0.0,1.0,,,inf,10000.0,,,0.0,10000.0,hyperplane_gauss,20000,2,0.45,0.0,3,virtual,gradual,1000,0.1,1.0,False,medium,slow,virtual/gradual/K=3/medium/slow/global/balanced/clean,0.0,0.00047368421052640386,bananas,синтетика,False
scn-a69fe0ecc46d,2028,PageHinkley-up,0.9781052631578947,0.017136203000063688,0,3.0,0.0,0.0,3.0,0.0,0.0,,0.0,0.0,1.0,,,inf,10000.0,,,0.0,10000.0,hyperplane_gauss,20000,2,0.45,0.0,3,virtual,gradual,1000,0.1,1.0,False,medium,slow,virtual/gradual/K=3/medium/slow/global/balanced/clean,0.0,0.00047368421052640386,bananas,синтетика,False
scn-a69fe0ecc46d,2028,DDM,0.9794736842105263,0.01762521899991043,1,3.0,1.0,0.0,3.0,1.0,0.0,0.0,0.0,0.0,1.0,,,10000.0,10000.0,,,0.1,10000.0,hyperplane_gauss,20000,2,0.45,0.0,3,virtual,gradual,1000,0.1,1.0,False,medium,slow,virtual/gradual/K=3/medium/slow/global/balanced/clean,0.0013684210526315743,-0.0008947368421051705,bananas,синтетика,False
scn-a69fe0ecc46d,2028,EDDM,0.9789473684210527,0.011913268000171229,1,3.0,1.0,0.0,3.0,1.0,0.0,0.0,0.0,0.0,1.0,,,10000.0,10000.0,,,0.1,10000.0,hyperplane_gauss,20000,2,0.45,0.0,3,virtual,gradual,1000,0.1,1.0,False,medium,slow,virtual/gradual/K=3/medium/slow/global/balanced/clean,0.0008421052631579773,-0.00036842105263157343,bananas,синтетика,False
scn-a69fe0ecc46d,2028,HDDM_A,0.9781052631578947,0.12111239799969553,0,3.0,0.0,0.0,3.0,0.0,0.0,,0.0,0.0,1.0,,,inf,10000.0,,,0.0,10000.0,hyperplane_gauss,20000,2,0.45,0.0,3,virtual,gradual,1000,0.1,1.0,False,medium,slow,virtual/gradual/K=3/medium/slow/global/balanced/clean,0.0,0.00047368421052640386,bananas,синтетика,False
scn-a69fe0ecc46d,2028,HDDM_W,0.9781052631578947,0.058998043999963556,0,3.0,0.0,0.0,3.0,0.0,0.0,,0.0,0.0,1.0,,,inf,10000.0,,,0.0,10000.0,hyperplane_gauss,20000,2,0.45,0.0,3,virtual,gradual,1000,0.1,1.0,False,medium,slow,virtual/gradual/K=3/medium/slow/global/balanced/clean,0.0,0.00047368421052640386,bananas,синтетика,False
scn-a69fe0ecc46d,2028,FHDDM,0.9781052631578947,0.014272704000177328,0,3.0,0.0,0.0,3.0,0.0,0.0,,0.0,0.0,1.0,,,inf,10000.0,,,0.0,10000.0,hyperplane_gauss,20000,2,0.45,0.0,3,virtual,gradual,1000,0.1,1.0,False,medium,slow,virtual/gradual/K=3/medium/slow/global/balanced/clean,0.0,0.00047368421052640386,bananas,синтетика,False
scn-a69fe0ecc46d,2028,NoDrift,0.9781052631578947,0.008207049999782612,0,3.0,0.0,0.0,3.0,0.0,0.0,,0.0,0.0,1.0,,,inf,10000.0,,,0.0,10000.0,hyperplane_gauss,20000,2,0.45,0.0,3,virtual,gradual,1000,0.1,1.0,False,medium,slow,virtual/gradual/K=3/medium/slow/global/balanced/clean,0.0,0.00047368421052640386,bananas,синтетика,False
scn-a69fe0ecc46d,2028,Periodic(2000),0.9696842105263158,0.009171151999908034,9,3.0,9.0,3.0,0.0,5.0,1.0,0.3333333333333333,1.0,0.5,0.0,1333.6666666666667,1667.0,2000.0,2000.0,1.4996250937265683,1.4996250937265683,0.5,10000.0,hyperplane_gauss,20000,2,0.45,0.0,3,virtual,gradual,1000,0.1,1.0,False,medium,slow,virtual/gradual/K=3/medium/slow/global/balanced/clean,-0.008421052631578885,0.008894736842105289,bananas,синтетика,False
scn-a69fe0ecc46d,2028,Oracle,0.9785789473684211,0.010423705999983213,3,3.0,3.0,3.0,0.0,0.0,0.0,1.0,1.0,1.0,0.0,501.0,501.0,inf,10000.0,inf,19.960079840319363,0.0,10000.0,hyperplane_gauss,20000,2,0.45,0.0,3,virtual,gradual,1000,0.1,1.0,False,medium,slow,virtual/gradual/K=3/medium/slow/global/balanced/clean,0.00047368421052640386,-0.0,bananas,синтетика,False
scn-a69fe0ecc46d,2029,ADWIN,0.975421052631579,0.01328749100002824,2,3.0,2.0,1.0,2.0,1.0,0.0,0.5,0.3333333333333333,0.4,0.6666666666666667,1859.0,1859.0,10000.0,10000.0,1.7930787161556387,1.7930787161556387,0.1,10000.0,hyperplane_gauss,20000,2,0.45,0.0,3,virtual,gradual,1000,0.1,1.0,False,medium,slow,virtual/gradual/K=3/medium/slow/global/balanced/clean,-0.001789473684210452,0.0026315789473684292,bananas,синтетика,False
scn-a69fe0ecc46d,2029,KSWIN,0.9772105263157894,4.104741012999966,0,3.0,0.0,0.0,3.0,0.0,0.0,,0.0,0.0,1.0,,,inf,10000.0,,,0.0,10000.0,hyperplane_gauss,20000,2,0.45,0.0,3,virtual,gradual,1000,0.1,1.0,False,medium,slow,virtual/gradual/K=3/medium/slow/global/balanced/clean,0.0,0.0008421052631579773,bananas,синтетика,False
scn-a69fe0ecc46d,2029,PageHinkley,0.9772105263157894,0.017687970000224595,0,3.0,0.0,0.0,3.0,0.0,0.0,,0.0,0.0,1.0,,,inf,10000.0,,,0.0,10000.0,hyperplane_gauss,20000,2,0.45,0.0,3,virtual,gradual,1000,0.1,1.0,False,medium,slow,virtual/gradual/K=3/medium/slow/global/balanced/clean,0.0,0.0008421052631579773,bananas,синтетика,False
scn-a69fe0ecc46d,2029,PageHinkley-up,0.9772105263157894,0.017189799999869138,0,3.0,0.0,0.0,3.0,0.0,0.0,,0.0,0.0,1.0,,,inf,10000.0,,,0.0,10000.0,hyperplane_gauss,20000,2,0.45,0.0,3,virtual,gradual,1000,0.1,1.0,False,medium,slow,virtual/gradual/K=3/medium/slow/global/balanced/clean,0.0,0.0008421052631579773,bananas,синтетика,False
scn-a69fe0ecc46d,2029,DDM,0.9755263157894737,0.017592607000096905,1,3.0,1.0,0.0,3.0,1.0,0.0,0.0,0.0,0.0,1.0,,,10000.0,10000.0,,,0.1,10000.0,hyperplane_gauss,20000,2,0.45,0.0,3,virtual,gradual,1000,0.1,1.0,False,medium,slow,virtual/gradual/K=3/medium/slow/global/balanced/clean,-0.0016842105263157325,0.00252631578947371,bananas,синтетика,False
scn-a69fe0ecc46d,2029,EDDM,0.9795789473684211,0.012830689000111306,2,3.0,2.0,0.0,3.0,2.0,0.0,0.0,0.0,0.0,1.0,,,5000.0,5000.0,,,0.2,10000.0,hyperplane_gauss,20000,2,0.45,0.0,3,virtual,gradual,1000,0.1,1.0,False,medium,slow,virtual/gradual/K=3/medium/slow/global/balanced/clean,0.0023684210526316862,-0.001526315789473709,bananas,синтетика,False
scn-a69fe0ecc46d,2029,HDDM_A,0.9772105263157894,0.11653081800022846,0,3.0,0.0,0.0,3.0,0.0,0.0,,0.0,0.0,1.0,,,inf,10000.0,,,0.0,10000.0,hyperplane_gauss,20000,2,0.45,0.0,3,virtual,gradual,1000,0.1,1.0,False,medium,slow,virtual/gradual/K=3/medium/slow/global/balanced/clean,0.0,0.0008421052631579773,bananas,синтетика,False
scn-a69fe0ecc46d,2029,HDDM_W,0.9772105263157894,0.06677472399996986,0,3.0,0.0,0.0,3.0,0.0,0.0,,0.0,0.0,1.0,,,inf,10000.0,,,0.0,10000.0,hyperplane_gauss,20000,2,0.45,0.0,3,virtual,gradual,1000,0.1,1.0,False,medium,slow,virtual/gradual/K=3/medium/slow/global/balanced/clean,0.0,0.0008421052631579773,bananas,синтетика,False
scn-a69fe0ecc46d,2029,FHDDM,0.9772105263157894,0.015789846000188845,0,3.0,0.0,0.0,3.0,0.0,0.0,,0.0,0.0,1.0,,,inf,10000.0,,,0.0,10000.0,hyperplane_gauss,20000,2,0.45,0.0,3,virtual,gradual,1000,0.1,1.0,False,medium,slow,virtual/gradual/K=3/medium/slow/global/balanced/clean,0.0,0.0008421052631579773,bananas,синтетика,False
scn-a69fe0ecc46d,2029,NoDrift,0.9772105263157894,0.00871988800008694,0,3.0,0.0,0.0,3.0,0.0,0.0,,0.0,0.0,1.0,,,inf,10000.0,,,0.0,10000.0,hyperplane_gauss,20000,2,0.45,0.0,3,virtual,gradual,1000,0.1,1.0,False,medium,slow,virtual/gradual/K=3/medium/slow/global/balanced/clean,0.0,0.0008421052631579773,bananas,синтетика,False
scn-a69fe0ecc46d,2029,Periodic(2000),0.969842105263158,0.009906392000175401,9,3.0,9.0,3.0,0.0,5.0,1.0,0.3333333333333333,1.0,0.5,0.0,1333.6666666666667,1667.0,2000.0,2000.0,1.4996250937265683,1.4996250937265683,0.5,10000.0,hyperplane_gauss,20000,2,0.45,0.0,3,virtual,gradual,1000,0.1,1.0,False,medium,slow,virtual/gradual/K=3/medium/slow/global/balanced/clean,-0.007368421052631469,0.008210526315789446,bananas,синтетика,False
scn-a69fe0ecc46d,2029,Oracle,0.9780526315789474,0.01115935100006027,3,3.0,3.0,3.0,0.0,0.0,0.0,1.0,1.0,1.0,0.0,501.0,501.0,inf,10000.0,inf,19.960079840319363,0.0,10000.0,hyperplane_gauss,20000,2,0.45,0.0,3,virtual,gradual,1000,0.1,1.0,False,medium,slow,virtual/gradual/K=3/medium/slow/global/balanced/clean,0.0008421052631579773,-0.0,bananas,синтетика,False
scn-c7813b6af32c,2027,ADWIN,0.9783684210526316,0.012177547999726812,0,3.0,0.0,0.0,3.0,0.0,0.0,,0.0,0.0,1.0,,,inf,10000.0,,,0.0,10000.0,hyperplane_gauss,20000,2,0.45,0.0,3,virtual,gradual,1000,0.3,1.0,False,high,slow,virtual/gradual/K=3/high/slow/global/balanced/clean,0.0,-0.0013684210526315743,bananas,синтетика,False
scn-c7813b6af32c,2027,KSWIN,0.9783684210526316,4.154291641999862,0,3.0,0.0,0.0,3.0,0.0,0.0,,0.0,0.0,1.0,,,inf,10000.0,,,0.0,10000.0,hyperplane_gauss,20000,2,0.45,0.0,3,virtual,gradual,1000,0.3,1.0,False,high,slow,virtual/gradual/K=3/high/slow/global/balanced/clean,0.0,-0.0013684210526315743,bananas,синтетика,False
scn-c7813b6af32c,2027,PageHinkley,0.9783684210526316,0.01742383000009795,0,3.0,0.0,0.0,3.0,0.0,0.0,,0.0,0.0,1.0,,,inf,10000.0,,,0.0,10000.0,hyperplane_gauss,20000,2,0.45,0.0,3,virtual,gradual,1000,0.3,1.0,False,high,slow,virtual/gradual/K=3/high/slow/global/balanced/clean,0.0,-0.0013684210526315743,bananas,синтетика,False
scn-c7813b6af32c,2027,PageHinkley-up,0.9783684210526316,0.017297983999924327,0,3.0,0.0,0.0,3.0,0.0,0.0,,0.0,0.0,1.0,,,inf,10000.0,,,0.0,10000.0,hyperplane_gauss,20000,2,0.45,0.0,3,virtual,gradual,1000,0.3,1.0,False,high,slow,virtual/gradual/K=3/high/slow/global/balanced/clean,0.0,-0.0013684210526315743,bananas,синтетика,False
scn-c7813b6af32c,2027,DDM,0.9770526315789474,0.01795784200021444,1,3.0,1.0,0.0,3.0,1.0,0.0,0.0,0.0,0.0,1.0,,,10000.0,10000.0,,,0.1,10000.0,hyperplane_gauss,20000,2,0.45,0.0,3,virtual,gradual,1000,0.3,1.0,False,high,slow,virtual/gradual/K=3/high/slow/global/balanced/clean,-0.001315789473684159,-5.2631578947415214e-05,bananas,синтетика,False
scn-c7813b6af32c,2027,EDDM,0.9791578947368421,0.01244062199975815,1,3.0,1.0,0.0,3.0,1.0,0.0,0.0,0.0,0.0,1.0,,,10000.0,10000.0,,,0.1,10000.0,hyperplane_gauss,20000,2,0.45,0.0,3,virtual,gradual,1000,0.3,1.0,False,high,slow,virtual/gradual/K=3/high/slow/global/balanced/clean,0.0007894736842105621,-0.0021578947368421364,bananas,синтетика,False
scn-c7813b6af32c,2027,HDDM_A,0.9783684210526316,0.11782799100001284,0,3.0,0.0,0.0,3.0,0.0,0.0,,0.0,0.0,1.0,,,inf,10000.0,,,0.0,10000.0,hyperplane_gauss,20000,2,0.45,0.0,3,virtual,gradual,1000,0.3,1.0,False,high,slow,virtual/gradual/K=3/high/slow/global/balanced/clean,0.0,-0.0013684210526315743,bananas,синтетика,False
scn-c7813b6af32c,2027,HDDM_W,0.9783684210526316,0.06081028799962951,0,3.0,0.0,0.0,3.0,0.0,0.0,,0.0,0.0,1.0,,,inf,10000.0,,,0.0,10000.0,hyperplane_gauss,20000,2,0.45,0.0,3,virtual,gradual,1000,0.3,1.0,False,high,slow,virtual/gradual/K=3/high/slow/global/balanced/clean,0.0,-0.0013684210526315743,bananas,синтетика,False
scn-c7813b6af32c,2027,FHDDM,0.9783684210526316,0.015010791999884532,0,3.0,0.0,0.0,3.0,0.0,0.0,,0.0,0.0,1.0,,,inf,10000.0,,,0.0,10000.0,hyperplane_gauss,20000,2,0.45,0.0,3,virtual,gradual,1000,0.3,1.0,False,high,slow,virtual/gradual/K=3/high/slow/global/balanced/clean,0.0,-0.0013684210526315743,bananas,синтетика,False
scn-c7813b6af32c,2027,NoDrift,0.9783684210526316,0.008721064999917871,0,3.0,0.0,0.0,3.0,0.0,0.0,,0.0,0.0,1.0,,,inf,10000.0,,,0.0,10000.0,hyperplane_gauss,20000,2,0.45,0.0,3,virtual,gradual,1000,0.3,1.0,False,high,slow,virtual/gradual/K=3/high/slow/global/balanced/clean,0.0,-0.0013684210526315743,bananas,синтетика,False
scn-c7813b6af32c,2027,Periodic(2000),0.9725263157894737,0.01004455699967366,9,3.0,9.0,3.0,0.0,5.0,1.0,0.3333333333333333,1.0,0.5,0.0,1333.6666666666667,1667.0,2000.0,2000.0,1.4996250937265683,1.4996250937265683,0.5,10000.0,hyperplane_gauss,20000,2,0.45,0.0,3,virtual,gradual,1000,0.3,1.0,False,high,slow,virtual/gradual/K=3/high/slow/global/balanced/clean,-0.005842105263157871,0.004473684210526296,bananas,синтетика,False
scn-c7813b6af32c,2027,Oracle,0.977,0.01096830599999521,3,3.0,3.0,3.0,0.0,0.0,0.0,1.0,1.0,1.0,0.0,501.0,501.0,inf,10000.0,inf,19.960079840319363,0.0,10000.0,hyperplane_gauss,20000,2,0.45,0.0,3,virtual,gradual,1000,0.3,1.0,False,high,slow,virtual/gradual/K=3/high/slow/global/balanced/clean,-0.0013684210526315743,-0.0,bananas,синтетика,False
scn-c7813b6af32c,2028,ADWIN,0.9751578947368421,0.012660646999847813,0,3.0,0.0,0.0,3.0,0.0,0.0,,0.0,0.0,1.0,,,inf,10000.0,,,0.0,10000.0,hyperplane_gauss,20000,2,0.45,0.0,3,virtual,gradual,1000,0.3,1.0,False,high,slow,virtual/gradual/K=3/high/slow/global/balanced/clean,0.0,0.003105263157894722,bananas,синтетика,False
scn-c7813b6af32c,2028,KSWIN,0.9751578947368421,4.174031098999876,0,3.0,0.0,0.0,3.0,0.0,0.0,,0.0,0.0,1.0,,,inf,10000.0,,,0.0,10000.0,hyperplane_gauss,20000,2,0.45,0.0,3,virtual,gradual,1000,0.3,1.0,False,high,slow,virtual/gradual/K=3/high/slow/global/balanced/clean,0.0,0.003105263157894722,bananas,синтетика,False
scn-c7813b6af32c,2028,PageHinkley,0.9751578947368421,0.017725203999816586,0,3.0,0.0,0.0,3.0,0.0,0.0,,0.0,0.0,1.0,,,inf,10000.0,,,0.0,10000.0,hyperplane_gauss,20000,2,0.45,0.0,3,virtual,gradual,1000,0.3,1.0,False,high,slow,virtual/gradual/K=3/high/slow/global/balanced/clean,0.0,0.003105263157894722,bananas,синтетика,False
scn-c7813b6af32c,2028,PageHinkley-up,0.9751578947368421,0.0174490889999106,0,3.0,0.0,0.0,3.0,0.0,0.0,,0.0,0.0,1.0,,,inf,10000.0,,,0.0,10000.0,hyperplane_gauss,20000,2,0.45,0.0,3,virtual,gradual,1000,0.3,1.0,False,high,slow,virtual/gradual/K=3/high/slow/global/balanced/clean,0.0,0.003105263157894722,bananas,синтетика,False
scn-c7813b6af32c,2028,DDM,0.9771052631578947,0.01762178400031189,1,3.0,1.0,0.0,3.0,1.0,0.0,0.0,0.0,0.0,1.0,,,10000.0,10000.0,,,0.1,10000.0,hyperplane_gauss,20000,2,0.45,0.0,3,virtual,gradual,1000,0.3,1.0,False,high,slow,virtual/gradual/K=3/high/slow/global/balanced/clean,0.0019473684210525866,0.0011578947368421355,bananas,синтетика,False
scn-c7813b6af32c,2028,EDDM,0.9769473684210527,0.012204770000153076,1,3.0,1.0,0.0,3.0,1.0,0.0,0.0,0.0,0.0,1.0,,,10000.0,10000.0,,,0.1,10000.0,hyperplane_gauss,20000,2,0.45,0.0,3,virtual,gradual,1000,0.3,1.0,False,high,slow,virtual/gradual/K=3/high/slow/global/balanced/clean,0.001789473684210563,0.001315789473684159,bananas,синтетика,False
scn-c7813b6af32c,2028,HDDM_A,0.9751578947368421,0.10603914100011025,0,3.0,0.0,0.0,3.0,0.0,0.0,,0.0,0.0,1.0,,,inf,10000.0,,,0.0,10000.0,hyperplane_gauss,20000,2,0.45,0.0,3,virtual,gradual,1000,0.3,1.0,False,high,slow,virtual/gradual/K=3/high/slow/global/balanced/clean,0.0,0.003105263157894722,bananas,синтетика,False
scn-c7813b6af32c,2028,HDDM_W,0.9751578947368421,0.057135948999984976,0,3.0,0.0,0.0,3.0,0.0,0.0,,0.0,0.0,1.0,,,inf,10000.0,,,0.0,10000.0,hyperplane_gauss,20000,2,0.45,0.0,3,virtual,gradual,1000,0.3,1.0,False,high,slow,virtual/gradual/K=3/high/slow/global/balanced/clean,0.0,0.003105263157894722,bananas,синтетика,False
scn-c7813b6af32c,2028,FHDDM,0.9751578947368421,0.014322496999739087,0,3.0,0.0,0.0,3.0,0.0,0.0,,0.0,0.0,1.0,,,inf,10000.0,,,0.0,10000.0,hyperplane_gauss,20000,2,0.45,0.0,3,virtual,gradual,1000,0.3,1.0,False,high,slow,virtual/gradual/K=3/high/slow/global/balanced/clean,0.0,0.003105263157894722,bananas,синтетика,False
scn-c7813b6af32c,2028,NoDrift,0.9751578947368421,0.008247860000210494,0,3.0,0.0,0.0,3.0,0.0,0.0,,0.0,0.0,1.0,,,inf,10000.0,,,0.0,10000.0,hyperplane_gauss,20000,2,0.45,0.0,3,virtual,gradual,1000,0.3,1.0,False,high,slow,virtual/gradual/K=3/high/slow/global/balanced/clean,0.0,0.003105263157894722,bananas,синтетика,False
scn-c7813b6af32c,2028,Periodic(2000),0.9696842105263158,0.009107190999657178,9,3.0,9.0,3.0,0.0,5.0,1.0,0.3333333333333333,1.0,0.5,0.0,1333.6666666666667,1667.0,2000.0,2000.0,1.4996250937265683,1.4996250937265683,0.5,10000.0,hyperplane_gauss,20000,2,0.45,0.0,3,virtual,gradual,1000,0.3,1.0,False,high,slow,virtual/gradual/K=3/high/slow/global/balanced/clean,-0.005473684210526297,0.00857894736842102,bananas,синтетика,False
scn-c7813b6af32c,2028,Oracle,0.9782631578947368,0.010425807000046916,3,3.0,3.0,3.0,0.0,0.0,0.0,1.0,1.0,1.0,0.0,501.0,501.0,inf,10000.0,inf,19.960079840319363,0.0,10000.0,hyperplane_gauss,20000,2,0.45,0.0,3,virtual,gradual,1000,0.3,1.0,False,high,slow,virtual/gradual/K=3/high/slow/global/balanced/clean,0.003105263157894722,-0.0,bananas,синтетика,False
scn-c7813b6af32c,2029,ADWIN,0.9702105263157895,0.013060206999853108,2,3.0,2.0,1.0,2.0,1.0,0.0,0.5,0.3333333333333333,0.4,0.6666666666666667,1827.0,1827.0,10000.0,10000.0,1.8244845831052725,1.8244845831052725,0.1,10000.0,hyperplane_gauss,20000,2,0.45,0.0,3,virtual,gradual,1000,0.3,1.0,False,high,slow,virtual/gradual/K=3/high/slow/global/balanced/clean,-0.002631578947368318,0.006894736842105176,bananas,синтетика,False
scn-c7813b6af32c,2029,KSWIN,0.9728421052631578,4.171715657999812,0,3.0,0.0,0.0,3.0,0.0,0.0,,0.0,0.0,1.0,,,inf,10000.0,,,0.0,10000.0,hyperplane_gauss,20000,2,0.45,0.0,3,virtual,gradual,1000,0.3,1.0,False,high,slow,virtual/gradual/K=3/high/slow/global/balanced/clean,0.0,0.004263157894736858,bananas,синтетика,False
scn-c7813b6af32c,2029,PageHinkley,0.9728421052631578,0.017671140000402374,0,3.0,0.0,0.0,3.0,0.0,0.0,,0.0,0.0,1.0,,,inf,10000.0,,,0.0,10000.0,hyperplane_gauss,20000,2,0.45,0.0,3,virtual,gradual,1000,0.3,1.0,False,high,slow,virtual/gradual/K=3/high/slow/global/balanced/clean,0.0,0.004263157894736858,bananas,синтетика,False
scn-c7813b6af32c,2029,PageHinkley-up,0.9728421052631578,0.017467293000208883,0,3.0,0.0,0.0,3.0,0.0,0.0,,0.0,0.0,1.0,,,inf,10000.0,,,0.0,10000.0,hyperplane_gauss,20000,2,0.45,0.0,3,virtual,gradual,1000,0.3,1.0,False,high,slow,virtual/gradual/K=3/high/slow/global/balanced/clean,0.0,0.004263157894736858,bananas,синтетика,False
scn-c7813b6af32c,2029,DDM,0.971421052631579,0.017470902999775717,1,3.0,1.0,0.0,3.0,1.0,0.0,0.0,0.0,0.0,1.0,,,10000.0,10000.0,,,0.1,10000.0,hyperplane_gauss,20000,2,0.45,0.0,3,virtual,gradual,1000,0.3,1.0,False,high,slow,virtual/gradual/K=3/high/slow/global/balanced/clean,-0.0014210526315788785,0.005684210526315736,bananas,синтетика,False
scn-c7813b6af32c,2029,EDDM,0.9767894736842105,0.012546516000384145,2,3.0,2.0,0.0,3.0,2.0,0.0,0.0,0.0,0.0,1.0,,,5000.0,5000.0,,,0.2,10000.0,hyperplane_gauss,20000,2,0.45,0.0,3,virtual,gradual,1000,0.3,1.0,False,high,slow,virtual/gradual/K=3/high/slow/global/balanced/clean,0.003947368421052699,0.0003157894736841582,bananas,синтетика,False
scn-c7813b6af32c,2029,HDDM_A,0.9728421052631578,0.10477641499983292,0,3.0,0.0,0.0,3.0,0.0,0.0,,0.0,0.0,1.0,,,inf,10000.0,,,0.0,10000.0,hyperplane_gauss,20000,2,0.45,0.0,3,virtual,gradual,1000,0.3,1.0,False,high,slow,virtual/gradual/K=3/high/slow/global/balanced/clean,0.0,0.004263157894736858,bananas,синтетика,False
scn-c7813b6af32c,2029,HDDM_W,0.9728421052631578,0.05797572299979947,0,3.0,0.0,0.0,3.0,0.0,0.0,,0.0,0.0,1.0,,,inf,10000.0,,,0.0,10000.0,hyperplane_gauss,20000,2,0.45,0.0,3,virtual,gradual,1000,0.3,1.0,False,high,slow,virtual/gradual/K=3/high/slow/global/balanced/clean,0.0,0.004263157894736858,bananas,синтетика,False
scn-c7813b6af32c,2029,FHDDM,0.9728421052631578,0.014559515000200918,0,3.0,0.0,0.0,3.0,0.0,0.0,,0.0,0.0,1.0,,,inf,10000.0,,,0.0,10000.0,hyperplane_gauss,20000,2,0.45,0.0,3,virtual,gradual,1000,0.3,1.0,False,high,slow,virtual/gradual/K=3/high/slow/global/balanced/clean,0.0,0.004263157894736858,bananas,синтетика,False
scn-c7813b6af32c,2029,NoDrift,0.9728421052631578,0.008172439000190934,0,3.0,0.0,0.0,3.0,0.0,0.0,,0.0,0.0,1.0,,,inf,10000.0,,,0.0,10000.0,hyperplane_gauss,20000,2,0.45,0.0,3,virtual,gradual,1000,0.3,1.0,False,high,slow,virtual/gradual/K=3/high/slow/global/balanced/clean,0.0,0.004263157894736858,bananas,синтетика,False
scn-c7813b6af32c,2029,Periodic(2000),0.968842105263158,0.009258329999738635,9,3.0,9.0,3.0,0.0,5.0,1.0,0.3333333333333333,1.0,0.5,0.0,1333.6666666666667,1667.0,2000.0,2000.0,1.4996250937265683,1.4996250937265683,0.5,10000.0,hyperplane_gauss,20000,2,0.45,0.0,3,virtual,gradual,1000,0.3,1.0,False,high,slow,virtual/gradual/K=3/high/slow/global/balanced/clean,-0.0039999999999998925,0.00826315789473675,bananas,синтетика,False
scn-c7813b6af32c,2029,Oracle,0.9771052631578947,0.0103354190000573,3,3.0,3.0,3.0,0.0,0.0,0.0,1.0,1.0,1.0,0.0,501.0,501.0,inf,10000.0,inf,19.960079840319363,0.0,10000.0,hyperplane_gauss,20000,2,0.45,0.0,3,virtual,gradual,1000,0.3,1.0,False,high,slow,virtual/gradual/K=3/high/slow/global/balanced/clean,0.004263157894736858,-0.0,bananas,синтетика,False
scn-5504313c11bf,2027,ADWIN,0.9642105263157895,0.0140103110002201,1,3.0,1.0,0.0,3.0,1.0,0.0,0.0,0.0,0.0,1.0,,,10000.0,10000.0,,,0.1,10000.0,hyperplane_gauss,20000,2,0.45,0.0,3,prior,gradual,1000,0.1,1.0,False,medium,slow,prior/gradual/K=3/medium/slow/n/a/balanced/clean,-0.009052631578947312,-0.023157894736842155,bananas,синтетика,False
scn-5504313c11bf,2027,KSWIN,0.9732631578947368,4.179991448999772,0,3.0,0.0,0.0,3.0,0.0,0.0,,0.0,0.0,1.0,,,inf,10000.0,,,0.0,10000.0,hyperplane_gauss,20000,2,0.45,0.0,3,prior,gradual,1000,0.1,1.0,False,medium,slow,prior/gradual/K=3/medium/slow/n/a/balanced/clean,0.0,-0.03221052631578947,bananas,синтетика,False
scn-5504313c11bf,2027,PageHinkley,0.9646842105263158,0.01803372299991679,1,3.0,1.0,0.0,3.0,1.0,0.0,0.0,0.0,0.0,1.0,,,10000.0,10000.0,,,0.1,10000.0,hyperplane_gauss,20000,2,0.45,0.0,3,prior,gradual,1000,0.1,1.0,False,medium,slow,prior/gradual/K=3/medium/slow/n/a/balanced/clean,-0.00857894736842102,-0.023631578947368448,bananas,синтетика,False
scn-5504313c11bf,2027,PageHinkley-up,0.9646842105263158,0.01769886299962309,1,3.0,1.0,0.0,3.0,1.0,0.0,0.0,0.0,0.0,1.0,,,10000.0,10000.0,,,0.1,10000.0,hyperplane_gauss,20000,2,0.45,0.0,3,prior,gradual,1000,0.1,1.0,False,medium,slow,prior/gradual/K=3/medium/slow/n/a/balanced/clean,-0.00857894736842102,-0.023631578947368448,bananas,синтетика,False
scn-5504313c11bf,2027,DDM,0.9568947368421052,0.017595430000255874,2,3.0,2.0,0.0,3.0,2.0,0.0,0.0,0.0,0.0,1.0,,,5000.0,5000.0,,,0.2,10000.0,hyperplane_gauss,20000,2,0.45,0.0,3,prior,gradual,1000,0.1,1.0,False,medium,slow,prior/gradual/K=3/medium/slow/n/a/balanced/clean,-0.016368421052631588,-0.01584210526315788,bananas,синтетика,False
scn-5504313c11bf,2027,EDDM,0.9445263157894737,0.015534999999999854,7,3.0,7.0,1.0,2.0,6.0,0.0,0.14285714285714285,0.3333333333333333,0.2,0.6666666666666667,325.0,325.0,1666.6666666666667,1666.6666666666667,1.709401709401709,1.709401709401709,0.6,10000.0,hyperplane_gauss,20000,2,0.45,0.0,3,prior,gradual,1000,0.1,1.0,False,medium,slow,prior/gradual/K=3/medium/slow/n/a/balanced/clean,-0.02873684210526317,-0.0034736842105262955,bananas,синтетика,False
scn-5504313c11bf,2027,HDDM_A,0.9732631578947368,0.09318184400035534,0,3.0,0.0,0.0,3.0,0.0,0.0,,0.0,0.0,1.0,,,inf,10000.0,,,0.0,10000.0,hyperplane_gauss,20000,2,0.45,0.0,3,prior,gradual,1000,0.1,1.0,False,medium,slow,prior/gradual/K=3/medium/slow/n/a/balanced/clean,0.0,-0.03221052631578947,bananas,синтетика,False
scn-5504313c11bf,2027,HDDM_W,0.9732631578947368,0.057861700000103156,0,3.0,0.0,0.0,3.0,0.0,0.0,,0.0,0.0,1.0,,,inf,10000.0,,,0.0,10000.0,hyperplane_gauss,20000,2,0.45,0.0,3,prior,gradual,1000,0.1,1.0,False,medium,slow,prior/gradual/K=3/medium/slow/n/a/balanced/clean,0.0,-0.03221052631578947,bananas,синтетика,False
scn-5504313c11bf,2027,FHDDM,0.9732631578947368,0.01462961200013524,0,3.0,0.0,0.0,3.0,0.0,0.0,,0.0,0.0,1.0,,,inf,10000.0,,,0.0,10000.0,hyperplane_gauss,20000,2,0.45,0.0,3,prior,gradual,1000,0.1,1.0,False,medium,slow,prior/gradual/K=3/medium/slow/n/a/balanced/clean,0.0,-0.03221052631578947,bananas,синтетика,False
scn-5504313c11bf,2027,NoDrift,0.9732631578947368,0.008651495999856706,0,3.0,0.0,0.0,3.0,0.0,0.0,,0.0,0.0,1.0,,,inf,10000.0,,,0.0,10000.0,hyperplane_gauss,20000,2,0.45,0.0,3,prior,gradual,1000,0.1,1.0,False,medium,slow,prior/gradual/K=3/medium/slow/n/a/balanced/clean,0.0,-0.03221052631578947,bananas,синтетика,False
scn-5504313c11bf,2027,Periodic(2000),0.9357894736842105,0.01020251099998859,9,3.0,9.0,3.0,0.0,5.0,1.0,0.3333333333333333,1.0,0.5,0.0,1333.6666666666667,1667.0,2000.0,2000.0,1.4996250937265683,1.4996250937265683,0.5,10000.0,hyperplane_gauss,20000,2,0.45,0.0,3,prior,gradual,1000,0.1,1.0,False,medium,slow,prior/gradual/K=3/medium/slow/n/a/balanced/clean,-0.037473684210526326,0.0052631578947368585,bananas,синтетика,False
scn-5504313c11bf,2027,Oracle,0.9410526315789474,0.01090894200024195,3,3.0,3.0,3.0,0.0,0.0,0.0,1.0,1.0,1.0,0.0,501.0,501.0,inf,10000.0,inf,19.960079840319363,0.0,10000.0,hyperplane_gauss,20000,2,0.45,0.0,3,prior,gradual,1000,0.1,1.0,False,medium,slow,prior/gradual/K=3/medium/slow/n/a/balanced/clean,-0.03221052631578947,-0.0,bananas,синтетика,False
scn-5504313c11bf,2028,ADWIN,0.959421052631579,0.01314542000000074,1,3.0,1.0,0.0,3.0,1.0,0.0,0.0,0.0,0.0,1.0,,,10000.0,10000.0,,,0.1,10000.0,hyperplane_gauss,20000,2,0.45,0.0,3,prior,gradual,1000,0.1,1.0,False,medium,slow,prior/gradual/K=3/medium/slow/n/a/balanced/clean,-0.014947368421052598,-0.01926315789473687,bananas,синтетика,False
scn-5504313c11bf,2028,KSWIN,0.9743684210526316,4.193340168999839,0,3.0,0.0,0.0,3.0,0.0,0.0,,0.0,0.0,1.0,,,inf,10000.0,,,0.0,10000.0,hyperplane_gauss,20000,2,0.45,0.0,3,prior,gradual,1000,0.1,1.0,False,medium,slow,prior/gradual/K=3/medium/slow/n/a/balanced/clean,0.0,-0.03421052631578947,bananas,синтетика,False
scn-5504313c11bf,2028,PageHinkley,0.963421052631579,0.017986102000122628,1,3.0,1.0,1.0,2.0,0.0,0.0,1.0,0.3333333333333333,0.5,0.6666666666666667,358.0,358.0,inf,10000.0,inf,9.310986964618248,0.0,10000.0,hyperplane_gauss,20000,2,0.45,0.0,3,prior,gradual,1000,0.1,1.0,False,medium,slow,prior/gradual/K=3/medium/slow/n/a/balanced/clean,-0.010947368421052595,-0.023263157894736874,bananas,синтетика,False
scn-5504313c11bf,2028,PageHinkley-up,0.963421052631579,0.017747315000178787,1,3.0,1.0,1.0,2.0,0.0,0.0,1.0,0.3333333333333333,0.5,0.6666666666666667,358.0,358.0,inf,10000.0,inf,9.310986964618248,0.0,10000.0,hyperplane_gauss,20000,2,0.45,0.0,3,prior,gradual,1000,0.1,1.0,False,medium,slow,prior/gradual/K=3/medium/slow/n/a/balanced/clean,-0.010947368421052595,-0.023263157894736874,bananas,синтетика,False
scn-5504313c11bf,2028,DDM,0.9575789473684211,0.018811851999998908,2,3.0,2.0,0.0,3.0,2.0,0.0,0.0,0.0,0.0,1.0,,,5000.0,5000.0,,,0.2,10000.0,hyperplane_gauss,20000,2,0.45,0.0,3,prior,gradual,1000,0.1,1.0,False,medium,slow,prior/gradual/K=3/medium/slow/n/a/balanced/clean,-0.016789473684210465,-0.017421052631579004,bananas,синтетика,False
scn-5504313c11bf,2028,EDDM,0.9501578947368421,0.019207720999929734,12,3.0,12.0,1.0,2.0,8.0,3.0,0.08333333333333333,0.3333333333333333,0.13333333333333333,0.6666666666666667,232.0,232.0,1250.0,1250.0,1.7959770114942526,1.7959770114942526,0.8,10000.0,hyperplane_gauss,20000,2,0.45,0.0,3,prior,gradual,1000,0.1,1.0,False,medium,slow,prior/gradual/K=3/medium/slow/n/a/balanced/clean,-0.02421052631578946,-0.010000000000000009,bananas,синтетика,False
scn-5504313c11bf,2028,HDDM_A,0.9743684210526316,0.10749948700004097,0,3.0,0.0,0.0,3.0,0.0,0.0,,0.0,0.0,1.0,,,inf,10000.0,,,0.0,10000.0,hyperplane_gauss,20000,2,0.45,0.0,3,prior,gradual,1000,0.1,1.0,False,medium,slow,prior/gradual/K=3/medium/slow/n/a/balanced/clean,0.0,-0.03421052631578947,bananas,синтетика,False
scn-5504313c11bf,2028,HDDM_W,0.9743684210526316,0.0616898090001996,0,3.0,0.0,0.0,3.0,0.0,0.0,,0.0,0.0,1.0,,,inf,10000.0,,,0.0,10000.0,hyperplane_gauss,20000,2,0.45,0.0,3,prior,gradual,1000,0.1,1.0,False,medium,slow,prior/gradual/K=3/medium/slow/n/a/balanced/clean,0.0,-0.03421052631578947,bananas,синтетика,False
scn-5504313c11bf,2028,FHDDM,0.9743684210526316,0.014170296999964194,0,3.0,0.0,0.0,3.0,0.0,0.0,,0.0,0.0,1.0,,,inf,10000.0,,,0.0,10000.0,hyperplane_gauss,20000,2,0.45,0.0,3,prior,gradual,1000,0.1,1.0,False,medium,slow,prior/gradual/K=3/medium/slow/n/a/balanced/clean,0.0,-0.03421052631578947,bananas,синтетика,False
scn-5504313c11bf,2028,NoDrift,0.9743684210526316,0.008272842000224045,0,3.0,0.0,0.0,3.0,0.0,0.0,,0.0,0.0,1.0,,,inf,10000.0,,,0.0,10000.0,hyperplane_gauss,20000,2,0.45,0.0,3,prior,gradual,1000,0.1,1.0,False,medium,slow,prior/gradual/K=3/medium/slow/n/a/balanced/clean,0.0,-0.03421052631578947,bananas,синтетика,False
scn-5504313c11bf,2028,Periodic(2000),0.9353684210526316,0.009267357999760861,9,3.0,9.0,3.0,0.0,5.0,1.0,0.3333333333333333,1.0,0.5,0.0,1333.6666666666667,1667.0,2000.0,2000.0,1.4996250937265683,1.4996250937265683,0.5,10000.0,hyperplane_gauss,20000,2,0.45,0.0,3,prior,gradual,1000,0.1,1.0,False,medium,slow,prior/gradual/K=3/medium/slow/n/a/balanced/clean,-0.038999999999999924,0.004789473684210455,bananas,синтетика,False
scn-5504313c11bf,2028,Oracle,0.9401578947368421,0.010316529000192531,3,3.0,3.0,3.0,0.0,0.0,0.0,1.0,1.0,1.0,0.0,501.0,501.0,inf,10000.0,inf,19.960079840319363,0.0,10000.0,hyperplane_gauss,20000,2,0.45,0.0,3,prior,gradual,1000,0.1,1.0,False,medium,slow,prior/gradual/K=3/medium/slow/n/a/balanced/clean,-0.03421052631578947,-0.0,bananas,синтетика,False
scn-5504313c11bf,2029,ADWIN,0.9667894736842105,0.012592704999860871,1,3.0,1.0,1.0,2.0,0.0,0.0,1.0,0.3333333333333333,0.5,0.6666666666666667,2819.0,2819.0,inf,10000.0,inf,1.1824524062906465,0.0,10000.0,hyperplane_gauss,20000,2,0.45,0.0,3,prior,gradual,1000,0.1,1.0,False,medium,slow,prior/gradual/K=3/medium/slow/n/a/balanced/clean,-0.004947368421052589,-0.02794736842105261,bananas,синтетика,False
scn-5504313c11bf,2029,KSWIN,0.9717368421052631,4.09258988900001,0,3.0,0.0,0.0,3.0,0.0,0.0,,0.0,0.0,1.0,,,inf,10000.0,,,0.0,10000.0,hyperplane_gauss,20000,2,0.45,0.0,3,prior,gradual,1000,0.1,1.0,False,medium,slow,prior/gradual/K=3/medium/slow/n/a/balanced/clean,0.0,-0.0328947368421052,bananas,синтетика,False
scn-5504313c11bf,2029,PageHinkley,0.9645263157894737,0.01835733200005052,1,3.0,1.0,1.0,2.0,0.0,0.0,1.0,0.3333333333333333,0.5,0.6666666666666667,2371.0,2371.0,inf,10000.0,inf,1.4058765640376771,0.0,10000.0,hyperplane_gauss,20000,2,0.45,0.0,3,prior,gradual,1000,0.1,1.0,False,medium,slow,prior/gradual/K=3/medium/slow/n/a/balanced/clean,-0.007210526315789445,-0.025684210526315754,bananas,синтетика,False
scn-5504313c11bf,2029,PageHinkley-up,0.9645263157894737,0.017910639000092488,1,3.0,1.0,1.0,2.0,0.0,0.0,1.0,0.3333333333333333,0.5,0.6666666666666667,2371.0,2371.0,inf,10000.0,inf,1.4058765640376771,0.0,10000.0,hyperplane_gauss,20000,2,0.45,0.0,3,prior,gradual,1000,0.1,1.0,False,medium,slow,prior/gradual/K=3/medium/slow/n/a/balanced/clean,-0.007210526315789445,-0.025684210526315754,bananas,синтетика,False
scn-5504313c11bf,2029,DDM,0.9579473684210527,0.01808525600017674,2,3.0,2.0,1.0,2.0,1.0,0.0,0.5,0.3333333333333333,0.4,0.6666666666666667,1190.0,1190.0,10000.0,10000.0,2.801120448179271,2.801120448179271,0.1,10000.0,hyperplane_gauss,20000,2,0.45,0.0,3,prior,gradual,1000,0.1,1.0,False,medium,slow,prior/gradual/K=3/medium/slow/n/a/balanced/clean,-0.013789473684210463,-0.019105263157894736,bananas,синтетика,False
scn-5504313c11bf,2029,EDDM,0.9435263157894737,0.015505165999911696,8,3.0,8.0,1.0,2.0,5.0,2.0,0.125,0.3333333333333333,0.18181818181818182,0.6666666666666667,165.0,165.0,2000.0,2000.0,4.04040404040404,4.04040404040404,0.5,10000.0,hyperplane_gauss,20000,2,0.45,0.0,3,prior,gradual,1000,0.1,1.0,False,medium,slow,prior/gradual/K=3/medium/slow/n/a/balanced/clean,-0.028210526315789464,-0.004684210526315735,bananas,синтетика,False
scn-5504313c11bf,2029,HDDM_A,0.9717368421052631,0.09150045199976375,0,3.0,0.0,0.0,3.0,0.0,0.0,,0.0,0.0,1.0,,,inf,10000.0,,,0.0,10000.0,hyperplane_gauss,20000,2,0.45,0.0,3,prior,gradual,1000,0.1,1.0,False,medium,slow,prior/gradual/K=3/medium/slow/n/a/balanced/clean,0.0,-0.0328947368421052,bananas,синтетика,False
scn-5504313c11bf,2029,HDDM_W,0.9717368421052631,0.05798435099995913,0,3.0,0.0,0.0,3.0,0.0,0.0,,0.0,0.0,1.0,,,inf,10000.0,,,0.0,10000.0,hyperplane_gauss,20000,2,0.45,0.0,3,prior,gradual,1000,0.1,1.0,False,medium,slow,prior/gradual/K=3/medium/slow/n/a/balanced/clean,0.0,-0.0328947368421052,bananas,синтетика,False
scn-5504313c11bf,2029,FHDDM,0.9717368421052631,0.014784171999963291,0,3.0,0.0,0.0,3.0,0.0,0.0,,0.0,0.0,1.0,,,inf,10000.0,,,0.0,10000.0,hyperplane_gauss,20000,2,0.45,0.0,3,prior,gradual,1000,0.1,1.0,False,medium,slow,prior/gradual/K=3/medium/slow/n/a/balanced/clean,0.0,-0.0328947368421052,bananas,синтетика,False
scn-5504313c11bf,2029,NoDrift,0.9717368421052631,0.008132055000260152,0,3.0,0.0,0.0,3.0,0.0,0.0,,0.0,0.0,1.0,,,inf,10000.0,,,0.0,10000.0,hyperplane_gauss,20000,2,0.45,0.0,3,prior,gradual,1000,0.1,1.0,False,medium,slow,prior/gradual/K=3/medium/slow/n/a/balanced/clean,0.0,-0.0328947368421052,bananas,синтетика,False
scn-5504313c11bf,2029,Periodic(2000),0.9362631578947368,0.009198450999974739,9,3.0,9.0,3.0,0.0,5.0,1.0,0.3333333333333333,1.0,0.5,0.0,1333.6666666666667,1667.0,2000.0,2000.0,1.4996250937265683,1.4996250937265683,0.5,10000.0,hyperplane_gauss,20000,2,0.45,0.0,3,prior,gradual,1000,0.1,1.0,False,medium,slow,prior/gradual/K=3/medium/slow/n/a/balanced/clean,-0.035473684210526324,0.002578947368421125,bananas,синтетика,False
scn-5504313c11bf,2029,Oracle,0.9388421052631579,0.010354875999837532,3,3.0,3.0,3.0,0.0,0.0,0.0,1.0,1.0,1.0,0.0,501.0,501.0,inf,10000.0,inf,19.960079840319363,0.0,10000.0,hyperplane_gauss,20000,2,0.45,0.0,3,prior,gradual,1000,0.1,1.0,False,medium,slow,prior/gradual/K=3/medium/slow/n/a/balanced/clean,-0.0328947368421052,-0.0,bananas,синтетика,False
scn-6aedd35995bf,2027,ADWIN,0.9514736842105264,0.013452572999995027,4,3.0,4.0,0.0,3.0,4.0,0.0,0.0,0.0,0.0,1.0,,,2500.0,2500.0,,,0.4,10000.0,hyperplane_gauss,20000,2,0.45,0.0,3,prior,gradual,1000,0.3,1.0,False,high,slow,prior/gradual/K=3/high/slow/n/a/balanced/clean,0.002315789473684271,-0.004631578947368431,bananas,синтетика,False
scn-6aedd35995bf,2027,KSWIN,0.9491578947368421,4.109431185999711,0,3.0,0.0,0.0,3.0,0.0,0.0,,0.0,0.0,1.0,,,inf,10000.0,,,0.0,10000.0,hyperplane_gauss,20000,2,0.45,0.0,3,prior,gradual,1000,0.3,1.0,False,high,slow,prior/gradual/K=3/high/slow/n/a/balanced/clean,0.0,-0.00231578947368416,bananas,синтетика,False
scn-6aedd35995bf,2027,PageHinkley,0.9656315789473684,0.019273543000053905,2,3.0,2.0,1.0,2.0,1.0,0.0,0.5,0.3333333333333333,0.4,0.6666666666666667,2859.0,2859.0,10000.0,10000.0,1.165908825929812,1.165908825929812,0.1,10000.0,hyperplane_gauss,20000,2,0.45,0.0,3,prior,gradual,1000,0.3,1.0,False,high,slow,prior/gradual/K=3/high/slow/n/a/balanced/clean,0.016473684210526307,-0.018789473684210467,bananas,синтетика,False
scn-6aedd35995bf,2027,PageHinkley-up,0.9694736842105263,0.017840001999957167,1,3.0,1.0,0.0,3.0,1.0,0.0,0.0,0.0,0.0,1.0,,,10000.0,10000.0,,,0.1,10000.0,hyperplane_gauss,20000,2,0.45,0.0,3,prior,gradual,1000,0.3,1.0,False,high,slow,prior/gradual/K=3/high/slow/n/a/balanced/clean,0.020315789473684176,-0.022631578947368336,bananas,синтетика,False
scn-6aedd35995bf,2027,DDM,0.9637368421052631,0.01861347499971089,3,3.0,3.0,1.0,2.0,2.0,0.0,0.3333333333333333,0.3333333333333333,0.3333333333333333,0.6666666666666667,990.0,990.0,5000.0,5000.0,1.683501683501683,1.683501683501683,0.2,10000.0,hyperplane_gauss,20000,2,0.45,0.0,3,prior,gradual,1000,0.3,1.0,False,high,slow,prior/gradual/K=3/high/slow/n/a/balanced/clean,0.014578947368421025,-0.016894736842105185,bananas,синтетика,False
scn-6aedd35995bf,2027,EDDM,0.956,0.015806141999746615,10,3.0,10.0,2.0,1.0,8.0,0.0,0.2,0.6666666666666666,0.30769230769230765,0.33333333333333337,1192.0,1192.0,1250.0,1250.0,0.6991051454138703,0.6991051454138703,0.8,10000.0,hyperplane_gauss,20000,2,0.45,0.0,3,prior,gradual,1000,0.3,1.0,False,high,slow,prior/gradual/K=3/high/slow/n/a/balanced/clean,0.006842105263157872,-0.009157894736842032,bananas,синтетика,False
scn-6aedd35995bf,2027,HDDM_A,0.9737894736842105,0.11954858999979479,1,3.0,1.0,1.0,2.0,0.0,0.0,1.0,0.3333333333333333,0.5,0.6666666666666667,1205.0,1205.0,inf,10000.0,inf,2.76625172890733,0.0,10000.0,hyperplane_gauss,20000,2,0.45,0.0,3,prior,gradual,1000,0.3,1.0,False,high,slow,prior/gradual/K=3/high/slow/n/a/balanced/clean,0.02463157894736845,-0.02694736842105261,bananas,синтетика,False
scn-6aedd35995bf,2027,HDDM_W,0.9491578947368421,0.05649195200021495,0,3.0,0.0,0.0,3.0,0.0,0.0,,0.0,0.0,1.0,,,inf,10000.0,,,0.0,10000.0,hyperplane_gauss,20000,2,0.45,0.0,3,prior,gradual,1000,0.3,1.0,False,high,slow,prior/gradual/K=3/high/slow/n/a/balanced/clean,0.0,-0.00231578947368416,bananas,синтетика,False
scn-6aedd35995bf,2027,FHDDM,0.9491578947368421,0.014294067000264477,0,3.0,0.0,0.0,3.0,0.0,0.0,,0.0,0.0,1.0,,,inf,10000.0,,,0.0,10000.0,hyperplane_gauss,20000,2,0.45,0.0,3,prior,gradual,1000,0.3,1.0,False,high,slow,prior/gradual/K=3/high/slow/n/a/balanced/clean,0.0,-0.00231578947368416,bananas,синтетика,False
scn-6aedd35995bf,2027,NoDrift,0.9491578947368421,0.008316657000250416,0,3.0,0.0,0.0,3.0,0.0,0.0,,0.0,0.0,1.0,,,inf,10000.0,,,0.0,10000.0,hyperplane_gauss,20000,2,0.45,0.0,3,prior,gradual,1000,0.3,1.0,False,high,slow,prior/gradual/K=3/high/slow/n/a/balanced/clean,0.0,-0.00231578947368416,bananas,синтетика,False
scn-6aedd35995bf,2027,Periodic(2000),0.938,0.009591347999958089,9,3.0,9.0,3.0,0.0,5.0,1.0,0.3333333333333333,1.0,0.5,0.0,1333.6666666666667,1667.0,2000.0,2000.0,1.4996250937265683,1.4996250937265683,0.5,10000.0,hyperplane_gauss,20000,2,0.45,0.0,3,prior,gradual,1000,0.3,1.0,False,high,slow,prior/gradual/K=3/high/slow/n/a/balanced/clean,-0.011157894736842144,0.008842105263157984,bananas,синтетика,False
scn-6aedd35995bf,2027,Oracle,0.9468421052631579,0.010644931999649998,3,3.0,3.0,3.0,0.0,0.0,0.0,1.0,1.0,1.0,0.0,501.0,501.0,inf,10000.0,inf,19.960079840319363,0.0,10000.0,hyperplane_gauss,20000,2,0.45,0.0,3,prior,gradual,1000,0.3,1.0,False,high,slow,prior/gradual/K=3/high/slow/n/a/balanced/clean,-0.00231578947368416,-0.0,bananas,синтетика,False
scn-6aedd35995bf,2028,ADWIN,0.9538947368421052,0.014681715999813605,5,3.0,5.0,2.0,1.0,3.0,0.0,0.4,0.6666666666666666,0.5,0.33333333333333337,465.5,465.5,3333.3333333333335,3333.3333333333335,4.773839360305526,4.773839360305526,0.3,10000.0,hyperplane_gauss,20000,2,0.45,0.0,3,prior,gradual,1000,0.3,1.0,False,high,slow,prior/gradual/K=3/high/slow/n/a/balanced/clean,0.002263157894736856,-0.00705263157894731,bananas,синтетика,False
scn-6aedd35995bf,2028,KSWIN,0.9516315789473684,4.0716106699997,0,3.0,0.0,0.0,3.0,0.0,0.0,,0.0,0.0,1.0,,,inf,10000.0,,,0.0,10000.0,hyperplane_gauss,20000,2,0.45,0.0,3,prior,gradual,1000,0.3,1.0,False,high,slow,prior/gradual/K=3/high/slow/n/a/balanced/clean,0.0,-0.004789473684210455,bananas,синтетика,False
scn-6aedd35995bf,2028,PageHinkley,0.968,0.01806026499980362,2,3.0,2.0,1.0,2.0,0.0,1.0,0.5,0.3333333333333333,0.4,0.6666666666666667,191.0,191.0,inf,10000.0,inf,17.45200698080279,0.0,10000.0,hyperplane_gauss,20000,2,0.45,0.0,3,prior,gradual,1000,0.3,1.0,False,high,slow,prior/gradual/K=3/high/slow/n/a/balanced/clean,0.016368421052631588,-0.021157894736842042,bananas,синтетика,False
scn-6aedd35995bf,2028,PageHinkley-up,0.9713157894736842,0.01766737399975682,1,3.0,1.0,1.0,2.0,0.0,0.0,1.0,0.3333333333333333,0.5,0.6666666666666667,191.0,191.0,inf,10000.0,inf,17.45200698080279,0.0,10000.0,hyperplane_gauss,20000,2,0.45,0.0,3,prior,gradual,1000,0.3,1.0,False,high,slow,prior/gradual/K=3/high/slow/n/a/balanced/clean,0.01968421052631586,-0.024473684210526314,bananas,синтетика,False
scn-6aedd35995bf,2028,DDM,0.9628947368421052,0.017652820000421343,3,3.0,3.0,1.0,2.0,2.0,0.0,0.3333333333333333,0.3333333333333333,0.3333333333333333,0.6666666666666667,855.0,855.0,5000.0,5000.0,1.9493177387914227,1.9493177387914227,0.2,10000.0,hyperplane_gauss,20000,2,0.45,0.0,3,prior,gradual,1000,0.3,1.0,False,high,slow,prior/gradual/K=3/high/slow/n/a/balanced/clean,0.011263157894736864,-0.01605263157894732,bananas,синтетика,False
scn-6aedd35995bf,2028,EDDM,0.955,0.016877819000001182,10,3.0,10.0,2.0,1.0,7.0,1.0,0.2,0.6666666666666666,0.30769230769230765,0.33333333333333337,1065.0,1065.0,1428.5714285714287,1428.5714285714287,0.894254415381176,0.894254415381176,0.7,10000.0,hyperplane_gauss,20000,2,0.45,0.0,3,prior,gradual,1000,0.3,1.0,False,high,slow,prior/gradual/K=3/high/slow/n/a/balanced/clean,0.003368421052631576,-0.00815789473684203,bananas,синтетика,False
scn-6aedd35995bf,2028,HDDM_A,0.968842105263158,0.109969190999891,1,3.0,1.0,1.0,2.0,0.0,0.0,1.0,0.3333333333333333,0.5,0.6666666666666667,1823.0,1823.0,inf,10000.0,inf,1.82848784055586,0.0,10000.0,hyperplane_gauss,20000,2,0.45,0.0,3,prior,gradual,1000,0.3,1.0,False,high,slow,prior/gradual/K=3/high/slow/n/a/balanced/clean,0.017210526315789565,-0.02200000000000002,bananas,синтетика,False
scn-6aedd35995bf,2028,HDDM_W,0.9516315789473684,0.058229814000242186,0,3.0,0.0,0.0,3.0,0.0,0.0,,0.0,0.0,1.0,,,inf,10000.0,,,0.0,10000.0,hyperplane_gauss,20000,2,0.45,0.0,3,prior,gradual,1000,0.3,1.0,False,high,slow,prior/gradual/K=3/high/slow/n/a/balanced/clean,0.0,-0.004789473684210455,bananas,синтетика,False
scn-6aedd35995bf,2028,FHDDM,0.9516315789473684,0.01447362399994745,0,3.0,0.0,0.0,3.0,0.0,0.0,,0.0,0.0,1.0,,,inf,10000.0,,,0.0,10000.0,hyperplane_gauss,20000,2,0.45,0.0,3,prior,gradual,1000,0.3,1.0,False,high,slow,prior/gradual/K=3/high/slow/n/a/balanced/clean,0.0,-0.004789473684210455,bananas,синтетика,False
scn-6aedd35995bf,2028,NoDrift,0.9516315789473684,0.00814507599989156,0,3.0,0.0,0.0,3.0,0.0,0.0,,0.0,0.0,1.0,,,inf,10000.0,,,0.0,10000.0,hyperplane_gauss,20000,2,0.45,0.0,3,prior,gradual,1000,0.3,1.0,False,high,slow,prior/gradual/K=3/high/slow/n/a/balanced/clean,0.0,-0.004789473684210455,bananas,синтетика,False
scn-6aedd35995bf,2028,Periodic(2000),0.9352105263157895,0.009179851000226336,9,3.0,9.0,3.0,0.0,5.0,1.0,0.3333333333333333,1.0,0.5,0.0,1333.6666666666667,1667.0,2000.0,2000.0,1.4996250937265683,1.4996250937265683,0.5,10000.0,hyperplane_gauss,20000,2,0.45,0.0,3,prior,gradual,1000,0.3,1.0,False,high,slow,prior/gradual/K=3/high/slow/n/a/balanced/clean,-0.016421052631578892,0.011631578947368437,bananas,синтетика,False
scn-6aedd35995bf,2028,Oracle,0.9468421052631579,0.010437766999984888,3,3.0,3.0,3.0,0.0,0.0,0.0,1.0,1.0,1.0,0.0,501.0,501.0,inf,10000.0,inf,19.960079840319363,0.0,10000.0,hyperplane_gauss,20000,2,0.45,0.0,3,prior,gradual,1000,0.3,1.0,False,high,slow,prior/gradual/K=3/high/slow/n/a/balanced/clean,-0.004789473684210455,-0.0,bananas,синтетика,False
scn-6aedd35995bf,2029,ADWIN,0.9703157894736842,0.012921494999773131,2,3.0,2.0,1.0,2.0,0.0,1.0,0.5,0.3333333333333333,0.4,0.6666666666666667,96.0,96.0,inf,10000.0,inf,34.722222222222214,0.0,10000.0,hyperplane_gauss,20000,2,0.45,0.0,3,prior,gradual,1000,0.3,1.0,False,high,slow,prior/gradual/K=3/high/slow/n/a/balanced/clean,0.02168421052631586,-0.025368421052631596,bananas,синтетика,False
scn-6aedd35995bf,2029,KSWIN,0.9486315789473684,4.202371158999995,0,3.0,0.0,0.0,3.0,0.0,0.0,,0.0,0.0,1.0,,,inf,10000.0,,,0.0,10000.0,hyperplane_gauss,20000,2,0.45,0.0,3,prior,gradual,1000,0.3,1.0,False,high,slow,prior/gradual/K=3/high/slow/n/a/balanced/clean,0.0,-0.0036842105263157343,bananas,синтетика,False
scn-6aedd35995bf,2029,PageHinkley,0.9730526315789474,0.018089830999997503,2,3.0,2.0,1.0,2.0,0.0,1.0,0.5,0.3333333333333333,0.4,0.6666666666666667,331.0,331.0,inf,10000.0,inf,10.070493454179251,0.0,10000.0,hyperplane_gauss,20000,2,0.45,0.0,3,prior,gradual,1000,0.3,1.0,False,high,slow,prior/gradual/K=3/high/slow/n/a/balanced/clean,0.02442105263157901,-0.028105263157894744,bananas,синтетика,False
scn-6aedd35995bf,2029,PageHinkley-up,0.976,0.017640939000102662,1,3.0,1.0,1.0,2.0,0.0,0.0,1.0,0.3333333333333333,0.5,0.6666666666666667,331.0,331.0,inf,10000.0,inf,10.070493454179251,0.0,10000.0,hyperplane_gauss,20000,2,0.45,0.0,3,prior,gradual,1000,0.3,1.0,False,high,slow,prior/gradual/K=3/high/slow/n/a/balanced/clean,0.027368421052631597,-0.03105263157894733,bananas,синтетика,False
scn-6aedd35995bf,2029,DDM,0.9602105263157895,0.017943034999916563,3,3.0,3.0,1.0,2.0,2.0,0.0,0.3333333333333333,0.3333333333333333,0.3333333333333333,0.6666666666666667,1123.0,1123.0,5000.0,5000.0,1.4841199168892842,1.4841199168892842,0.2,10000.0,hyperplane_gauss,20000,2,0.45,0.0,3,prior,gradual,1000,0.3,1.0,False,high,slow,prior/gradual/K=3/high/slow/n/a/balanced/clean,0.011578947368421133,-0.015263157894736867,bananas,синтетика,False
scn-6aedd35995bf,2029,EDDM,0.9566315789473684,0.019870155999797134,16,3.0,16.0,2.0,1.0,11.0,3.0,0.125,0.6666666666666666,0.21052631578947367,0.33333333333333337,972.0,972.0,909.0909090909091,909.0909090909091,0.6235191420376606,0.6235191420376606,1.1,10000.0,hyperplane_gauss,20000,2,0.45,0.0,3,prior,gradual,1000,0.3,1.0,False,high,slow,prior/gradual/K=3/high/slow/n/a/balanced/clean,0.008000000000000007,-0.011684210526315741,bananas,синтетика,False
scn-6aedd35995bf,2029,HDDM_A,0.9679473684210527,0.11181736299977274,1,3.0,1.0,1.0,2.0,0.0,0.0,1.0,0.3333333333333333,0.5,0.6666666666666667,1903.0,1903.0,inf,10000.0,inf,1.751620248730075,0.0,10000.0,hyperplane_gauss,20000,2,0.45,0.0,3,prior,gradual,1000,0.3,1.0,False,high,slow,prior/gradual/K=3/high/slow/n/a/balanced/clean,0.019315789473684286,-0.02300000000000002,bananas,синтетика,False
scn-6aedd35995bf,2029,HDDM_W,0.9486315789473684,0.05721082500031116,0,3.0,0.0,0.0,3.0,0.0,0.0,,0.0,0.0,1.0,,,inf,10000.0,,,0.0,10000.0,hyperplane_gauss,20000,2,0.45,0.0,3,prior,gradual,1000,0.3,1.0,False,high,slow,prior/gradual/K=3/high/slow/n/a/balanced/clean,0.0,-0.0036842105263157343,bananas,синтетика,False
scn-6aedd35995bf,2029,FHDDM,0.9486315789473684,0.014116760999968392,0,3.0,0.0,0.0,3.0,0.0,0.0,,0.0,0.0,1.0,,,inf,10000.0,,,0.0,10000.0,hyperplane_gauss,20000,2,0.45,0.0,3,prior,gradual,1000,0.3,1.0,False,high,slow,prior/gradual/K=3/high/slow/n/a/balanced/clean,0.0,-0.0036842105263157343,bananas,синтетика,False
scn-6aedd35995bf,2029,NoDrift,0.9486315789473684,0.008050901999922644,0,3.0,0.0,0.0,3.0,0.0,0.0,,0.0,0.0,1.0,,,inf,10000.0,,,0.0,10000.0,hyperplane_gauss,20000,2,0.45,0.0,3,prior,gradual,1000,0.3,1.0,False,high,slow,prior/gradual/K=3/high/slow/n/a/balanced/clean,0.0,-0.0036842105263157343,bananas,синтетика,False
scn-6aedd35995bf,2029,Periodic(2000),0.9348421052631579,0.009181634000015038,9,3.0,9.0,3.0,0.0,5.0,1.0,0.3333333333333333,1.0,0.5,0.0,1333.6666666666667,1667.0,2000.0,2000.0,1.4996250937265683,1.4996250937265683,0.5,10000.0,hyperplane_gauss,20000,2,0.45,0.0,3,prior,gradual,1000,0.3,1.0,False,high,slow,prior/gradual/K=3/high/slow/n/a/balanced/clean,-0.013789473684210463,0.010105263157894728,bananas,синтетика,False
scn-6aedd35995bf,2029,Oracle,0.9449473684210526,0.010361548000219045,3,3.0,3.0,3.0,0.0,0.0,0.0,1.0,1.0,1.0,0.0,501.0,501.0,inf,10000.0,inf,19.960079840319363,0.0,10000.0,hyperplane_gauss,20000,2,0.45,0.0,3,prior,gradual,1000,0.3,1.0,False,high,slow,prior/gradual/K=3/high/slow/n/a/balanced/clean,-0.0036842105263157343,-0.0,bananas,синтетика,False
scn-e6ed4b4e0650,2027,ADWIN,0.7487894736842106,0.02800187699995149,3,3.0,3.0,3.0,0.0,0.0,0.0,1.0,1.0,1.0,0.0,1536.3333333333333,1502.0,inf,10000.0,inf,6.509004122369277,0.0,10000.0,real:phishing,20000,9,0.45,0.0,3,real,gradual,1000,0.1,1.0,False,medium,slow,real/gradual/K=3/medium/slow/global/balanced/clean,0.0031578947368421373,0.0003157894736841582,phishing,реальные,True
scn-e6ed4b4e0650,2027,KSWIN,0.7477894736842106,3.963765581000189,1,3.0,1.0,1.0,2.0,0.0,0.0,1.0,0.3333333333333333,0.5,0.6666666666666667,2710.0,2710.0,inf,10000.0,inf,1.230012300123001,0.0,10000.0,real:phishing,20000,9,0.45,0.0,3,real,gradual,1000,0.1,1.0,False,medium,slow,real/gradual/K=3/medium/slow/global/balanced/clean,0.0021578947368421364,0.001315789473684159,phishing,реальные,True
scn-e6ed4b4e0650,2027,PageHinkley,0.7468421052631579,0.028985134000322432,5,3.0,5.0,3.0,0.0,1.0,1.0,0.6,1.0,0.7499999999999999,0.0,1406.0,1437.0,10000.0,10000.0,7.112375533428165,7.112375533428165,0.1,10000.0,real:phishing,20000,9,0.45,0.0,3,real,gradual,1000,0.1,1.0,False,medium,slow,real/gradual/K=3/medium/slow/global/balanced/clean,0.0012105263157894397,0.002263157894736856,phishing,реальные,True
scn-e6ed4b4e0650,2027,PageHinkley-up,0.748,0.026497271000152978,3,3.0,3.0,3.0,0.0,0.0,0.0,1.0,1.0,1.0,0.0,1358.3333333333333,1422.0,inf,10000.0,inf,7.361963190184049,0.0,10000.0,real:phishing,20000,9,0.45,0.0,3,real,gradual,1000,0.1,1.0,False,medium,slow,real/gradual/K=3/medium/slow/global/balanced/clean,0.002368421052631575,0.0011052631578947203,phishing,реальные,True
scn-e6ed4b4e0650,2027,DDM,0.7488421052631579,0.02644304000023112,5,3.0,5.0,3.0,0.0,2.0,0.0,0.6,1.0,0.7499999999999999,0.0,1687.6666666666667,1683.0,5000.0,5000.0,2.9626703535453287,2.9626703535453287,0.2,10000.0,real:phishing,20000,9,0.45,0.0,3,real,gradual,1000,0.1,1.0,False,medium,slow,real/gradual/K=3/medium/slow/global/balanced/clean,0.0032105263157894415,0.000263157894736854,phishing,реальные,True
scn-e6ed4b4e0650,2027,EDDM,0.7416842105263158,0.029365291999965848,11,3.0,11.0,2.0,1.0,7.0,2.0,0.18181818181818182,0.6666666666666666,0.28571428571428575,0.33333333333333337,1774.0,1774.0,1428.5714285714287,1428.5714285714287,0.5368551028077522,0.5368551028077522,0.7,10000.0,real:phishing,20000,9,0.45,0.0,3,real,gradual,1000,0.1,1.0,False,medium,slow,real/gradual/K=3/medium/slow/global/balanced/clean,-0.003947368421052588,0.007421052631578884,phishing,реальные,True
scn-e6ed4b4e0650,2027,HDDM_A,0.7452105263157894,0.08177764499987461,5,3.0,5.0,3.0,0.0,1.0,1.0,0.6,1.0,0.7499999999999999,0.0,1236.6666666666667,1304.0,10000.0,10000.0,8.086253369272237,8.086253369272237,0.1,10000.0,real:phishing,20000,9,0.45,0.0,3,real,gradual,1000,0.1,1.0,False,medium,slow,real/gradual/K=3/medium/slow/global/balanced/clean,-0.00042105263157898865,0.003894736842105284,phishing,реальные,True
scn-e6ed4b4e0650,2027,HDDM_W,0.7462105263157894,0.07450318999963201,6,3.0,6.0,2.0,1.0,2.0,2.0,0.3333333333333333,0.6666666666666666,0.4444444444444444,0.33333333333333337,931.5,931.5,5000.0,5000.0,3.5784576847378777,3.5784576847378777,0.2,10000.0,real:phishing,20000,9,0.45,0.0,3,real,gradual,1000,0.1,1.0,False,medium,slow,real/gradual/K=3/medium/slow/global/balanced/clean,0.0005789473684210122,0.0028947368421052833,phishing,реальные,True
scn-e6ed4b4e0650,2027,FHDDM,0.7488421052631579,0.022523487999933423,3,3.0,3.0,2.0,1.0,1.0,0.0,0.6666666666666666,0.6666666666666666,0.6666666666666666,0.33333333333333337,950.5,950.5,10000.0,10000.0,7.0138523584078545,7.0138523584078545,0.1,10000.0,real:phishing,20000,9,0.45,0.0,3,real,gradual,1000,0.1,1.0,False,medium,slow,real/gradual/K=3/medium/slow/global/balanced/clean,0.0032105263157894415,0.000263157894736854,phishing,реальные,True
scn-e6ed4b4e0650,2027,NoDrift,0.7456315789473684,0.014383240999904956,0,3.0,0.0,0.0,3.0,0.0,0.0,,0.0,0.0,1.0,,,inf,10000.0,,,0.0,10000.0,real:phishing,20000,9,0.45,0.0,3,real,gradual,1000,0.1,1.0,False,medium,slow,real/gradual/K=3/medium/slow/global/balanced/clean,0.0,0.0034736842105262955,phishing,реальные,True
scn-e6ed4b4e0650,2027,Periodic(2000),0.7441052631578947,0.015976533999946696,9,3.0,9.0,3.0,0.0,5.0,1.0,0.3333333333333333,1.0,0.5,0.0,1333.6666666666667,1667.0,2000.0,2000.0,1.4996250937265683,1.4996250937265683,0.5,10000.0,real:phishing,20000,9,0.45,0.0,3,real,gradual,1000,0.1,1.0,False,medium,slow,real/gradual/K=3/medium/slow/global/balanced/clean,-0.001526315789473709,0.0050000000000000044,phishing,реальные,True
scn-e6ed4b4e0650,2027,Oracle,0.7491052631578947,0.018239682999592333,3,3.0,3.0,3.0,0.0,0.0,0.0,1.0,1.0,1.0,0.0,501.0,501.0,inf,10000.0,inf,19.960079840319363,0.0,10000.0,real:phishing,20000,9,0.45,0.0,3,real,gradual,1000,0.1,1.0,False,medium,slow,real/gradual/K=3/medium/slow/global/balanced/clean,0.0034736842105262955,-0.0,phishing,реальные,True
scn-e6ed4b4e0650,2028,ADWIN,0.7424736842105263,0.02832655300016995,3,3.0,3.0,3.0,0.0,0.0,0.0,1.0,1.0,1.0,0.0,1355.0,1312.0,inf,10000.0,inf,7.380073800738008,0.0,10000.0,real:phishing,20000,9,0.45,0.0,3,real,gradual,1000,0.1,1.0,False,medium,slow,real/gradual/K=3/medium/slow/global/balanced/clean,-0.004105263157894723,-0.0014736842105262937,phishing,реальные,True
scn-e6ed4b4e0650,2028,KSWIN,0.7438947368421053,3.937021728000218,2,3.0,2.0,1.0,2.0,1.0,0.0,0.5,0.3333333333333333,0.4,0.6666666666666667,1932.0,1932.0,10000.0,10000.0,1.7253278122843336,1.7253278122843336,0.1,10000.0,real:phishing,20000,9,0.45,0.0,3,real,gradual,1000,0.1,1.0,False,medium,slow,real/gradual/K=3/medium/slow/global/balanced/clean,-0.0026842105263157334,-0.0028947368421052833,phishing,реальные,True
scn-e6ed4b4e0650,2028,PageHinkley,0.7426842105263158,0.02854925400015418,4,3.0,4.0,3.0,0.0,1.0,0.0,0.75,1.0,0.8571428571428571,0.0,1258.0,1154.0,10000.0,10000.0,7.94912559618442,7.94912559618442,0.1,10000.0,real:phishing,20000,9,0.45,0.0,3,real,gradual,1000,0.1,1.0,False,medium,slow,real/gradual/K=3/medium/slow/global/balanced/clean,-0.003894736842105173,-0.0016842105263158436,phishing,реальные,True
scn-e6ed4b4e0650,2028,PageHinkley-up,0.743,0.0271215270004177,3,3.0,3.0,3.0,0.0,0.0,0.0,1.0,1.0,1.0,0.0,1030.6666666666667,1074.0,inf,10000.0,inf,9.702457956015524,0.0,10000.0,real:phishing,20000,9,0.45,0.0,3,real,gradual,1000,0.1,1.0,False,medium,slow,real/gradual/K=3/medium/slow/global/balanced/clean,-0.003578947368421015,-0.0020000000000000018,phishing,реальные,True
scn-e6ed4b4e0650,2028,DDM,0.7419473684210526,0.02768826600004104,4,3.0,4.0,3.0,0.0,1.0,0.0,0.75,1.0,0.8571428571428571,0.0,1326.0,1327.0,10000.0,10000.0,7.541478129713424,7.541478129713424,0.1,10000.0,real:phishing,20000,9,0.45,0.0,3,real,gradual,1000,0.1,1.0,False,medium,slow,real/gradual/K=3/medium/slow/global/balanced/clean,-0.004631578947368431,-0.0009473684210525857,phishing,реальные,True
scn-e6ed4b4e0650,2028,EDDM,0.7348421052631579,0.03397080700005972,13,3.0,13.0,3.0,0.0,3.0,7.0,0.23076923076923078,1.0,0.375,0.0,1719.0,2071.0,3333.3333333333335,3333.3333333333335,1.9391118867558659,1.9391118867558659,0.3,10000.0,real:phishing,20000,9,0.45,0.0,3,real,gradual,1000,0.1,1.0,False,medium,slow,real/gradual/K=3/medium/slow/global/balanced/clean,-0.011736842105263157,0.00615789473684214,phishing,реальные,True
scn-e6ed4b4e0650,2028,HDDM_A,0.7421052631578947,0.07718229500005691,3,3.0,3.0,3.0,0.0,0.0,0.0,1.0,1.0,1.0,0.0,1339.0,1263.0,inf,10000.0,inf,7.468259895444361,0.0,10000.0,real:phishing,20000,9,0.45,0.0,3,real,gradual,1000,0.1,1.0,False,medium,slow,real/gradual/K=3/medium/slow/global/balanced/clean,-0.004473684210526296,-0.0011052631578947203,phishing,реальные,True
scn-e6ed4b4e0650,2028,HDDM_W,0.7375263157894737,0.079641588999948,8,3.0,8.0,2.0,1.0,3.0,3.0,0.25,0.6666666666666666,0.36363636363636365,0.33333333333333337,1246.5,1246.5,3333.3333333333335,3333.3333333333335,1.78276953246869,1.78276953246869,0.3,10000.0,real:phishing,20000,9,0.45,0.0,3,real,gradual,1000,0.1,1.0,False,medium,slow,real/gradual/K=3/medium/slow/global/balanced/clean,-0.009052631578947312,0.0034736842105262955,phishing,реальные,True
scn-e6ed4b4e0650,2028,FHDDM,0.7456315789473684,0.023209955999845988,4,3.0,4.0,3.0,0.0,1.0,0.0,0.75,1.0,0.8571428571428571,0.0,1908.0,1791.0,10000.0,10000.0,5.241090146750524,5.241090146750524,0.1,10000.0,real:phishing,20000,9,0.45,0.0,3,real,gradual,1000,0.1,1.0,False,medium,slow,real/gradual/K=3/medium/slow/global/balanced/clean,-0.0009473684210525857,-0.004631578947368431,phishing,реальные,True
scn-e6ed4b4e0650,2028,NoDrift,0.746578947368421,0.014974936999806232,0,3.0,0.0,0.0,3.0,0.0,0.0,,0.0,0.0,1.0,,,inf,10000.0,,,0.0,10000.0,real:phishing,20000,9,0.45,0.0,3,real,gradual,1000,0.1,1.0,False,medium,slow,real/gradual/K=3/medium/slow/global/balanced/clean,0.0,-0.005578947368421017,phishing,реальные,True
scn-e6ed4b4e0650,2028,Periodic(2000),0.735578947368421,0.016245100000105595,9,3.0,9.0,3.0,0.0,5.0,1.0,0.3333333333333333,1.0,0.5,0.0,1333.6666666666667,1667.0,2000.0,2000.0,1.4996250937265683,1.4996250937265683,0.5,10000.0,real:phishing,20000,9,0.45,0.0,3,real,gradual,1000,0.1,1.0,False,medium,slow,real/gradual/K=3/medium/slow/global/balanced/clean,-0.01100000000000001,0.005421052631578993,phishing,реальные,True
scn-e6ed4b4e0650,2028,Oracle,0.741,0.01871593500027302,3,3.0,3.0,3.0,0.0,0.0,0.0,1.0,1.0,1.0,0.0,501.0,501.0,inf,10000.0,inf,19.960079840319363,0.0,10000.0,real:phishing,20000,9,0.45,0.0,3,real,gradual,1000,0.1,1.0,False,medium,slow,real/gradual/K=3/medium/slow/global/balanced/clean,-0.005578947368421017,-0.0,phishing,реальные,True
scn-e6ed4b4e0650,2029,ADWIN,0.7457894736842106,0.026555561999884958,3,3.0,3.0,3.0,0.0,0.0,0.0,1.0,1.0,1.0,0.0,1333.6666666666667,1248.0,inf,10000.0,inf,7.498125468632842,0.0,10000.0,real:phishing,20000,9,0.45,0.0,3,real,gradual,1000,0.1,1.0,False,medium,slow,real/gradual/K=3/medium/slow/global/balanced/clean,0.002105263157894721,0.002105263157894721,phishing,реальные,True
scn-e6ed4b4e0650,2029,KSWIN,0.7441578947368421,3.9818585670000175,1,3.0,1.0,0.0,3.0,1.0,0.0,0.0,0.0,0.0,1.0,,,10000.0,10000.0,,,0.1,10000.0,real:phishing,20000,9,0.45,0.0,3,real,gradual,1000,0.1,1.0,False,medium,slow,real/gradual/K=3/medium/slow/global/balanced/clean,0.00047368421052629284,0.0037368421052631495,phishing,реальные,True
scn-e6ed4b4e0650,2029,PageHinkley,0.744578947368421,0.02793474000009155,5,3.0,5.0,3.0,0.0,1.0,1.0,0.6,1.0,0.7499999999999999,0.0,1229.6666666666667,1111.0,10000.0,10000.0,8.132285172133368,8.132285172133368,0.1,10000.0,real:phishing,20000,9,0.45,0.0,3,real,gradual,1000,0.1,1.0,False,medium,slow,real/gradual/K=3/medium/slow/global/balanced/clean,0.0008947368421051705,0.003315789473684272,phishing,реальные,True
scn-e6ed4b4e0650,2029,PageHinkley-up,0.7462105263157894,0.02647217499998078,3,3.0,3.0,3.0,0.0,0.0,0.0,1.0,1.0,1.0,0.0,1228.0,1111.0,inf,10000.0,inf,8.143322475570033,0.0,10000.0,real:phishing,20000,9,0.45,0.0,3,real,gradual,1000,0.1,1.0,False,medium,slow,real/gradual/K=3/medium/slow/global/balanced/clean,0.002526315789473599,0.0016842105263158436,phishing,реальные,True
scn-e6ed4b4e0650,2029,DDM,0.7432105263157894,0.029370775000188587,4,3.0,4.0,3.0,0.0,1.0,0.0,0.75,1.0,0.8571428571428571,0.0,1365.3333333333333,1245.0,10000.0,10000.0,7.32421875,7.32421875,0.1,10000.0,real:phishing,20000,9,0.45,0.0,3,real,gradual,1000,0.1,1.0,False,medium,slow,real/gradual/K=3/medium/slow/global/balanced/clean,-0.00047368421052640386,0.004684210526315846,phishing,реальные,True
scn-e6ed4b4e0650,2029,EDDM,0.7401578947368421,0.03505421699992439,13,3.0,13.0,3.0,0.0,1.0,9.0,0.23076923076923078,1.0,0.375,0.0,1289.3333333333333,1126.0,10000.0,10000.0,7.755946225439504,7.755946225439504,0.1,10000.0,real:phishing,20000,9,0.45,0.0,3,real,gradual,1000,0.1,1.0,False,medium,slow,real/gradual/K=3/medium/slow/global/balanced/clean,-0.0035263157894737107,0.007736842105263153,phishing,реальные,True
scn-e6ed4b4e0650,2029,HDDM_A,0.7458947368421053,0.0758973749998404,3,3.0,3.0,3.0,0.0,0.0,0.0,1.0,1.0,1.0,0.0,1470.3333333333333,1202.0,inf,10000.0,inf,6.801178871004308,0.0,10000.0,real:phishing,20000,9,0.45,0.0,3,real,gradual,1000,0.1,1.0,False,medium,slow,real/gradual/K=3/medium/slow/global/balanced/clean,0.0022105263157894406,0.0020000000000000018,phishing,реальные,True
scn-e6ed4b4e0650,2029,HDDM_W,0.7441578947368421,0.07264199099972757,6,3.0,6.0,3.0,0.0,1.0,2.0,0.5,1.0,0.6666666666666666,0.0,1190.3333333333333,1201.0,10000.0,10000.0,8.401008120974517,8.401008120974517,0.1,10000.0,real:phishing,20000,9,0.45,0.0,3,real,gradual,1000,0.1,1.0,False,medium,slow,real/gradual/K=3/medium/slow/global/balanced/clean,0.00047368421052629284,0.0037368421052631495,phishing,реальные,True
scn-e6ed4b4e0650,2029,FHDDM,0.7456842105263158,0.022067344000333833,3,3.0,3.0,2.0,1.0,0.0,1.0,0.6666666666666666,0.6666666666666666,0.6666666666666666,0.33333333333333337,574.0,574.0,inf,10000.0,inf,11.614401858304298,0.0,10000.0,real:phishing,20000,9,0.45,0.0,3,real,gradual,1000,0.1,1.0,False,medium,slow,real/gradual/K=3/medium/slow/global/balanced/clean,0.0020000000000000018,0.0022105263157894406,phishing,реальные,True
scn-e6ed4b4e0650,2029,NoDrift,0.7436842105263158,0.01508808600010525,0,3.0,0.0,0.0,3.0,0.0,0.0,,0.0,0.0,1.0,,,inf,10000.0,,,0.0,10000.0,real:phishing,20000,9,0.45,0.0,3,real,gradual,1000,0.1,1.0,False,medium,slow,real/gradual/K=3/medium/slow/global/balanced/clean,0.0,0.004210526315789442,phishing,реальные,True
scn-e6ed4b4e0650,2029,Periodic(2000),0.7387368421052631,0.016612022000117577,9,3.0,9.0,3.0,0.0,5.0,1.0,0.3333333333333333,1.0,0.5,0.0,1333.6666666666667,1667.0,2000.0,2000.0,1.4996250937265683,1.4996250937265683,0.5,10000.0,real:phishing,20000,9,0.45,0.0,3,real,gradual,1000,0.1,1.0,False,medium,slow,real/gradual/K=3/medium/slow/global/balanced/clean,-0.0049473684210527,0.009157894736842143,phishing,реальные,True
scn-e6ed4b4e0650,2029,Oracle,0.7478947368421053,0.018221278000055463,3,3.0,3.0,3.0,0.0,0.0,0.0,1.0,1.0,1.0,0.0,501.0,501.0,inf,10000.0,inf,19.960079840319363,0.0,10000.0,real:phishing,20000,9,0.45,0.0,3,real,gradual,1000,0.1,1.0,False,medium,slow,real/gradual/K=3/medium/slow/global/balanced/clean,0.004210526315789442,-0.0,phishing,реальные,True
scn-f1f827a88ef5,2027,ADWIN,0.6566315789473685,0.03662426900018545,2,3.0,2.0,2.0,1.0,0.0,0.0,1.0,0.6666666666666666,0.8,0.33333333333333337,847.0,847.0,inf,10000.0,inf,7.870916961826052,0.0,10000.0,real:phishing,20000,9,0.45,0.0,3,real,gradual,1000,0.3,1.0,False,high,slow,real/gradual/K=3/high/slow/global/balanced/clean,0.07484210526315793,0.004631578947368431,phishing,реальные,True
scn-f1f827a88ef5,2027,KSWIN,0.6598421052631579,3.9824733199998263,2,3.0,2.0,1.0,2.0,1.0,0.0,0.5,0.3333333333333333,0.4,0.6666666666666667,719.0,719.0,10000.0,10000.0,4.636068613815484,4.636068613815484,0.1,10000.0,real:phishing,20000,9,0.45,0.0,3,real,gradual,1000,0.3,1.0,False,high,slow,real/gradual/K=3/high/slow/global/balanced/clean,0.07805263157894737,0.0014210526315789895,phishing,реальные,True
scn-f1f827a88ef5,2027,PageHinkley,0.653,0.02803729300012492,3,3.0,3.0,2.0,1.0,1.0,0.0,0.6666666666666666,0.6666666666666666,0.6666666666666666,0.33333333333333337,785.0,785.0,10000.0,10000.0,8.492569002123142,8.492569002123142,0.1,10000.0,real:phishing,20000,9,0.45,0.0,3,real,gradual,1000,0.3,1.0,False,high,slow,real/gradual/K=3/high/slow/global/balanced/clean,0.0712105263157895,0.008263157894736861,phishing,реальные,True
scn-f1f827a88ef5,2027,PageHinkley-up,0.6566842105263158,0.02566558900025484,2,3.0,2.0,2.0,1.0,0.0,0.0,1.0,0.6666666666666666,0.8,0.33333333333333337,785.0,785.0,inf,10000.0,inf,8.492569002123142,0.0,10000.0,real:phishing,20000,9,0.45,0.0,3,real,gradual,1000,0.3,1.0,False,high,slow,real/gradual/K=3/high/slow/global/balanced/clean,0.07489473684210524,0.004578947368421127,phishing,реальные,True
scn-f1f827a88ef5,2027,DDM,0.6557368421052632,0.029467314999692462,4,3.0,4.0,2.0,1.0,1.0,1.0,0.5,0.6666666666666666,0.5714285714285715,0.33333333333333337,940.5,940.5,10000.0,10000.0,7.08842814105972,7.08842814105972,0.1,10000.0,real:phishing,20000,9,0.45,0.0,3,real,gradual,1000,0.3,1.0,False,high,slow,real/gradual/K=3/high/slow/global/balanced/clean,0.07394736842105265,0.0055263157894737125,phishing,реальные,True
scn-f1f827a88ef5,2027,EDDM,0.6437368421052632,0.03868604800027242,14,3.0,14.0,2.0,1.0,3.0,9.0,0.14285714285714285,0.6666666666666666,0.23529411764705882,0.33333333333333337,1493.0,1493.0,3333.3333333333335,3333.3333333333335,1.4884274763712138,1.4884274763712138,0.3,10000.0,real:phishing,20000,9,0.45,0.0,3,real,gradual,1000,0.3,1.0,False,high,slow,real/gradual/K=3/high/slow/global/balanced/clean,0.06194736842105264,0.017526315789473723,phishing,реальные,True
scn-f1f827a88ef5,2027,HDDM_A,0.6558421052631579,0.07053632599991033,2,3.0,2.0,2.0,1.0,0.0,0.0,1.0,0.6666666666666666,0.8,0.33333333333333337,868.5,868.5,inf,10000.0,inf,7.6760698522356545,0.0,10000.0,real:phishing,20000,9,0.45,0.0,3,real,gradual,1000,0.3,1.0,False,high,slow,real/gradual/K=3/high/slow/global/balanced/clean,0.07405263157894737,0.005421052631578993,phishing,реальные,True
scn-f1f827a88ef5,2027,HDDM_W,0.6559473684210526,0.0843708389998028,10,3.0,10.0,3.0,0.0,4.0,3.0,0.3,1.0,0.4615384615384615,0.0,395.0,181.0,2500.0,2500.0,6.329113924050633,6.329113924050633,0.4,10000.0,real:phishing,20000,9,0.45,0.0,3,real,gradual,1000,0.3,1.0,False,high,slow,real/gradual/K=3/high/slow/global/balanced/clean,0.07415789473684209,0.005315789473684274,phishing,реальные,True
scn-f1f827a88ef5,2027,FHDDM,0.6596842105263158,0.023616957999820443,4,3.0,4.0,2.0,1.0,1.0,1.0,0.5,0.6666666666666666,0.5714285714285715,0.33333333333333337,724.0,724.0,10000.0,10000.0,9.208103130755063,9.208103130755063,0.1,10000.0,real:phishing,20000,9,0.45,0.0,3,real,gradual,1000,0.3,1.0,False,high,slow,real/gradual/K=3/high/slow/global/balanced/clean,0.07789473684210524,0.0015789473684211242,phishing,реальные,True
scn-f1f827a88ef5,2027,NoDrift,0.5817894736842105,0.015097100999810209,0,3.0,0.0,0.0,3.0,0.0,0.0,,0.0,0.0,1.0,,,inf,10000.0,,,0.0,10000.0,real:phishing,20000,9,0.45,0.0,3,real,gradual,1000,0.3,1.0,False,high,slow,real/gradual/K=3/high/slow/global/balanced/clean,0.0,0.07947368421052636,phishing,реальные,True
scn-f1f827a88ef5,2027,Periodic(2000),0.6593684210526316,0.016185340999982145,9,3.0,9.0,3.0,0.0,5.0,1.0,0.3333333333333333,1.0,0.5,0.0,1333.6666666666667,1667.0,2000.0,2000.0,1.4996250937265683,1.4996250937265683,0.5,10000.0,real:phishing,20000,9,0.45,0.0,3,real,gradual,1000,0.3,1.0,False,high,slow,real/gradual/K=3/high/slow/global/balanced/clean,0.07757894736842108,0.0018947368421052824,phishing,реальные,True
scn-f1f827a88ef5,2027,Oracle,0.6612631578947369,0.018363568000040686,3,3.0,3.0,3.0,0.0,0.0,0.0,1.0,1.0,1.0,0.0,501.0,501.0,inf,10000.0,inf,19.960079840319363,0.0,10000.0,real:phishing,20000,9,0.45,0.0,3,real,gradual,1000,0.3,1.0,False,high,slow,real/gradual/K=3/high/slow/global/balanced/clean,0.07947368421052636,-0.0,phishing,реальные,True
scn-f1f827a88ef5,2028,ADWIN,0.6521052631578947,0.020897936999972444,2,3.0,2.0,2.0,1.0,0.0,0.0,1.0,0.6666666666666666,0.8,0.33333333333333337,719.0,719.0,inf,10000.0,inf,9.272137227630967,0.0,10000.0,real:phishing,20000,9,0.45,0.0,3,real,gradual,1000,0.3,1.0,False,high,slow,real/gradual/K=3/high/slow/global/balanced/clean,0.07563157894736838,0.0032631578947368567,phishing,реальные,True
scn-f1f827a88ef5,2028,KSWIN,0.6482105263157895,3.8781350170002042,4,3.0,4.0,1.0,2.0,2.0,1.0,0.25,0.3333333333333333,0.28571428571428575,0.6666666666666667,1742.0,1742.0,5000.0,5000.0,0.9567546880979715,0.9567546880979715,0.2,10000.0,real:phishing,20000,9,0.45,0.0,3,real,gradual,1000,0.3,1.0,False,high,slow,real/gradual/K=3/high/slow/global/balanced/clean,0.0717368421052631,0.007157894736842141,phishing,реальные,True
scn-f1f827a88ef5,2028,PageHinkley,0.6537368421052632,0.026858436999646074,2,3.0,2.0,2.0,1.0,0.0,0.0,1.0,0.6666666666666666,0.8,0.33333333333333337,693.5,693.5,inf,10000.0,inf,9.613073780341264,0.0,10000.0,real:phishing,20000,9,0.45,0.0,3,real,gradual,1000,0.3,1.0,False,high,slow,real/gradual/K=3/high/slow/global/balanced/clean,0.07726315789473681,0.0016315789473684283,phishing,реальные,True
scn-f1f827a88ef5,2028,PageHinkley-up,0.6537368421052632,0.02619767900023362,2,3.0,2.0,2.0,1.0,0.0,0.0,1.0,0.6666666666666666,0.8,0.33333333333333337,693.5,693.5,inf,10000.0,inf,9.613073780341264,0.0,10000.0,real:phishing,20000,9,0.45,0.0,3,real,gradual,1000,0.3,1.0,False,high,slow,real/gradual/K=3/high/slow/global/balanced/clean,0.07726315789473681,0.0016315789473684283,phishing,реальные,True
scn-f1f827a88ef5,2028,DDM,0.641,0.026152743000238843,3,3.0,3.0,2.0,1.0,1.0,0.0,0.6666666666666666,0.6666666666666666,0.6666666666666666,0.33333333333333337,1405.0,1405.0,10000.0,10000.0,4.744958481613286,4.744958481613286,0.1,10000.0,real:phishing,20000,9,0.45,0.0,3,real,gradual,1000,0.3,1.0,False,high,slow,real/gradual/K=3/high/slow/global/balanced/clean,0.06452631578947365,0.014368421052631586,phishing,реальные,True
scn-f1f827a88ef5,2028,EDDM,0.6392105263157895,0.03327522800009319,12,3.0,12.0,2.0,1.0,7.0,3.0,0.16666666666666666,0.6666666666666666,0.26666666666666666,0.33333333333333337,1232.5,1232.5,1428.5714285714287,1428.5714285714287,0.7727228822563508,0.7727228822563508,0.7,10000.0,real:phishing,20000,9,0.45,0.0,3,real,gradual,1000,0.3,1.0,False,high,slow,real/gradual/K=3/high/slow/global/balanced/clean,0.06273684210526309,0.01615789473684215,phishing,реальные,True
scn-f1f827a88ef5,2028,HDDM_A,0.6533157894736842,0.07072456700007024,2,3.0,2.0,2.0,1.0,0.0,0.0,1.0,0.6666666666666666,0.8,0.33333333333333337,713.0,713.0,inf,10000.0,inf,9.350163627863488,0.0,10000.0,real:phishing,20000,9,0.45,0.0,3,real,gradual,1000,0.3,1.0,False,high,slow,real/gradual/K=3/high/slow/global/balanced/clean,0.07684210526315782,0.002052631578947417,phishing,реальные,True
scn-f1f827a88ef5,2028,HDDM_W,0.6457368421052632,0.08419318999995085,11,3.0,11.0,3.0,0.0,7.0,1.0,0.2727272727272727,1.0,0.42857142857142855,0.0,721.0,728.0,1428.5714285714287,1428.5714285714287,1.9813750743015655,1.9813750743015655,0.7,10000.0,real:phishing,20000,9,0.45,0.0,3,real,gradual,1000,0.3,1.0,False,high,slow,real/gradual/K=3/high/slow/global/balanced/clean,0.0692631578947368,0.009631578947368435,phishing,реальные,True
scn-f1f827a88ef5,2028,FHDDM,0.6505263157894737,0.023316227999657713,4,3.0,4.0,3.0,0.0,1.0,0.0,0.75,1.0,0.8571428571428571,0.0,1161.3333333333333,954.0,10000.0,10000.0,8.610792192881746,8.610792192881746,0.1,10000.0,real:phishing,20000,9,0.45,0.0,3,real,gradual,1000,0.3,1.0,False,high,slow,real/gradual/K=3/high/slow/global/balanced/clean,0.07405263157894737,0.00484210526315787,phishing,реальные,True
scn-f1f827a88ef5,2028,NoDrift,0.5764736842105264,0.01448039000024437,0,3.0,0.0,0.0,3.0,0.0,0.0,,0.0,0.0,1.0,,,inf,10000.0,,,0.0,10000.0,real:phishing,20000,9,0.45,0.0,3,real,gradual,1000,0.3,1.0,False,high,slow,real/gradual/K=3/high/slow/global/balanced/clean,0.0,0.07889473684210524,phishing,реальные,True
scn-f1f827a88ef5,2028,Periodic(2000),0.645,0.016033269000217842,9,3.0,9.0,3.0,0.0,5.0,1.0,0.3333333333333333,1.0,0.5,0.0,1333.6666666666667,1667.0,2000.0,2000.0,1.4996250937265683,1.4996250937265683,0.5,10000.0,real:phishing,20000,9,0.45,0.0,3,real,gradual,1000,0.3,1.0,False,high,slow,real/gradual/K=3/high/slow/global/balanced/clean,0.06852631578947366,0.010368421052631582,phishing,реальные,True
scn-f1f827a88ef5,2028,Oracle,0.6553684210526316,0.01831955999978163,3,3.0,3.0,3.0,0.0,0.0,0.0,1.0,1.0,1.0,0.0,501.0,501.0,inf,10000.0,inf,19.960079840319363,0.0,10000.0,real:phishing,20000,9,0.45,0.0,3,real,gradual,1000,0.3,1.0,False,high,slow,real/gradual/K=3/high/slow/global/balanced/clean,0.07889473684210524,-0.0,phishing,реальные,True
scn-f1f827a88ef5,2029,ADWIN,0.6611052631578948,0.02142189899996083,2,3.0,2.0,2.0,1.0,0.0,0.0,1.0,0.6666666666666666,0.8,0.33333333333333337,703.0,703.0,inf,10000.0,inf,9.48316737790422,0.0,10000.0,real:phishing,20000,9,0.45,0.0,3,real,gradual,1000,0.3,1.0,False,high,slow,real/gradual/K=3/high/slow/global/balanced/clean,0.08031578947368423,0.005473684210526297,phishing,реальные,True
scn-f1f827a88ef5,2029,KSWIN,0.6606315789473685,3.9325986779999766,2,3.0,2.0,2.0,1.0,0.0,0.0,1.0,0.6666666666666666,0.8,0.33333333333333337,1878.0,1878.0,inf,10000.0,inf,3.549875754348598,0.0,10000.0,real:phishing,20000,9,0.45,0.0,3,real,gradual,1000,0.3,1.0,False,high,slow,real/gradual/K=3/high/slow/global/balanced/clean,0.07984210526315794,0.00594736842105259,phishing,реальные,True
scn-f1f827a88ef5,2029,PageHinkley,0.6625263157894736,0.026844453999729012,4,3.0,4.0,2.0,1.0,1.0,1.0,0.5,0.6666666666666666,0.5714285714285715,0.33333333333333337,643.5,643.5,10000.0,10000.0,10.36001036001036,10.36001036001036,0.1,10000.0,real:phishing,20000,9,0.45,0.0,3,real,gradual,1000,0.3,1.0,False,high,slow,real/gradual/K=3/high/slow/global/balanced/clean,0.08173684210526311,0.004052631578947419,phishing,реальные,True
scn-f1f827a88ef5,2029,PageHinkley-up,0.6616315789473685,0.025774697000088054,3,3.0,3.0,2.0,1.0,1.0,0.0,0.6666666666666666,0.6666666666666666,0.6666666666666666,0.33333333333333337,643.5,643.5,10000.0,10000.0,10.36001036001036,10.36001036001036,0.1,10000.0,real:phishing,20000,9,0.45,0.0,3,real,gradual,1000,0.3,1.0,False,high,slow,real/gradual/K=3/high/slow/global/balanced/clean,0.08084210526315794,0.004947368421052589,phishing,реальные,True
scn-f1f827a88ef5,2029,DDM,0.6614736842105263,0.026355338000030315,3,3.0,3.0,2.0,1.0,1.0,0.0,0.6666666666666666,0.6666666666666666,0.6666666666666666,0.33333333333333337,624.5,624.5,10000.0,10000.0,10.675206832132371,10.675206832132371,0.1,10000.0,real:phishing,20000,9,0.45,0.0,3,real,gradual,1000,0.3,1.0,False,high,slow,real/gradual/K=3/high/slow/global/balanced/clean,0.0806842105263158,0.005105263157894724,phishing,реальные,True
scn-f1f827a88ef5,2029,EDDM,0.6502631578947369,0.03578206800011685,13,3.0,13.0,2.0,1.0,4.0,7.0,0.15384615384615385,0.6666666666666666,0.25,0.33333333333333337,871.5,871.5,2500.0,2500.0,1.9124115509657678,1.9124115509657678,0.4,10000.0,real:phishing,20000,9,0.45,0.0,3,real,gradual,1000,0.3,1.0,False,high,slow,real/gradual/K=3/high/slow/global/balanced/clean,0.06947368421052635,0.016315789473684172,phishing,реальные,True
scn-f1f827a88ef5,2029,HDDM_A,0.6631578947368421,0.06788450099975307,2,3.0,2.0,2.0,1.0,0.0,0.0,1.0,0.6666666666666666,0.8,0.33333333333333337,643.5,643.5,inf,10000.0,inf,10.36001036001036,0.0,10000.0,real:phishing,20000,9,0.45,0.0,3,real,gradual,1000,0.3,1.0,False,high,slow,real/gradual/K=3/high/slow/global/balanced/clean,0.08236842105263154,0.0034210526315789913,phishing,реальные,True
scn-f1f827a88ef5,2029,HDDM_W,0.6601052631578948,0.07896370799971919,9,3.0,9.0,2.0,1.0,5.0,2.0,0.2222222222222222,0.6666666666666666,0.3333333333333333,0.33333333333333337,571.5,571.5,2000.0,2000.0,2.3330417031204433,2.3330417031204433,0.5,10000.0,real:phishing,20000,9,0.45,0.0,3,real,gradual,1000,0.3,1.0,False,high,slow,real/gradual/K=3/high/slow/global/balanced/clean,0.07931578947368423,0.006473684210526298,phishing,реальные,True
scn-f1f827a88ef5,2029,FHDDM,0.6594210526315789,0.02376764100017681,4,3.0,4.0,3.0,0.0,1.0,0.0,0.75,1.0,0.8571428571428571,0.0,1445.3333333333333,779.0,10000.0,10000.0,6.918819188191883,6.918819188191883,0.1,10000.0,real:phishing,20000,9,0.45,0.0,3,real,gradual,1000,0.3,1.0,False,high,slow,real/gradual/K=3/high/slow/global/balanced/clean,0.07863157894736839,0.007157894736842141,phishing,реальные,True
scn-f1f827a88ef5,2029,NoDrift,0.5807894736842105,0.014686515999983385,0,3.0,0.0,0.0,3.0,0.0,0.0,,0.0,0.0,1.0,,,inf,10000.0,,,0.0,10000.0,real:phishing,20000,9,0.45,0.0,3,real,gradual,1000,0.3,1.0,False,high,slow,real/gradual/K=3/high/slow/global/balanced/clean,0.0,0.08578947368421053,phishing,реальные,True
scn-f1f827a88ef5,2029,Periodic(2000),0.6599473684210526,0.016133109999827866,9,3.0,9.0,3.0,0.0,5.0,1.0,0.3333333333333333,1.0,0.5,0.0,1333.6666666666667,1667.0,2000.0,2000.0,1.4996250937265683,1.4996250937265683,0.5,10000.0,real:phishing,20000,9,0.45,0.0,3,real,gradual,1000,0.3,1.0,False,high,slow,real/gradual/K=3/high/slow/global/balanced/clean,0.0791578947368421,0.006631578947368433,phishing,реальные,True
scn-f1f827a88ef5,2029,Oracle,0.666578947368421,0.018400257999928726,3,3.0,3.0,3.0,0.0,0.0,0.0,1.0,1.0,1.0,0.0,501.0,501.0,inf,10000.0,inf,19.960079840319363,0.0,10000.0,real:phishing,20000,9,0.45,0.0,3,real,gradual,1000,0.3,1.0,False,high,slow,real/gradual/K=3/high/slow/global/balanced/clean,0.08578947368421053,-0.0,phishing,реальные,True
scn-c48fbebee477,2027,ADWIN,0.8948947368421053,0.01870904299994436,0,3.0,0.0,0.0,3.0,0.0,0.0,,0.0,0.0,1.0,,,inf,10000.0,,,0.0,10000.0,real:phishing,20000,9,0.45,0.0,3,virtual,gradual,1000,0.1,1.0,False,medium,slow,virtual/gradual/K=3/medium/slow/global/balanced/clean,0.0,-0.003368421052631576,phishing,реальные,True
scn-c48fbebee477,2027,KSWIN,0.8948947368421053,4.014084271000229,0,3.0,0.0,0.0,3.0,0.0,0.0,,0.0,0.0,1.0,,,inf,10000.0,,,0.0,10000.0,real:phishing,20000,9,0.45,0.0,3,virtual,gradual,1000,0.1,1.0,False,medium,slow,virtual/gradual/K=3/medium/slow/global/balanced/clean,0.0,-0.003368421052631576,phishing,реальные,True
scn-c48fbebee477,2027,PageHinkley,0.8948947368421053,0.024005458999909024,0,3.0,0.0,0.0,3.0,0.0,0.0,,0.0,0.0,1.0,,,inf,10000.0,,,0.0,10000.0,real:phishing,20000,9,0.45,0.0,3,virtual,gradual,1000,0.1,1.0,False,medium,slow,virtual/gradual/K=3/medium/slow/global/balanced/clean,0.0,-0.003368421052631576,phishing,реальные,True
scn-c48fbebee477,2027,PageHinkley-up,0.8948947368421053,0.023326501000155986,0,3.0,0.0,0.0,3.0,0.0,0.0,,0.0,0.0,1.0,,,inf,10000.0,,,0.0,10000.0,real:phishing,20000,9,0.45,0.0,3,virtual,gradual,1000,0.1,1.0,False,medium,slow,virtual/gradual/K=3/medium/slow/global/balanced/clean,0.0,-0.003368421052631576,phishing,реальные,True
scn-c48fbebee477,2027,DDM,0.8943684210526316,0.023868010000114737,1,3.0,1.0,0.0,3.0,1.0,0.0,0.0,0.0,0.0,1.0,,,10000.0,10000.0,,,0.1,10000.0,real:phishing,20000,9,0.45,0.0,3,virtual,gradual,1000,0.1,1.0,False,medium,slow,virtual/gradual/K=3/medium/slow/global/balanced/clean,-0.000526315789473708,-0.002842105263157868,phishing,реальные,True
scn-c48fbebee477,2027,EDDM,0.8928421052631579,0.021893090000048687,3,3.0,3.0,0.0,3.0,3.0,0.0,0.0,0.0,0.0,1.0,,,3333.3333333333335,3333.3333333333335,,,0.3,10000.0,real:phishing,20000,9,0.45,0.0,3,virtual,gradual,1000,0.1,1.0,False,medium,slow,virtual/gradual/K=3/medium/slow/global/balanced/clean,-0.002052631578947417,-0.001315789473684159,phishing,реальные,True
scn-c48fbebee477,2027,HDDM_A,0.8948947368421053,0.06838773100025719,0,3.0,0.0,0.0,3.0,0.0,0.0,,0.0,0.0,1.0,,,inf,10000.0,,,0.0,10000.0,real:phishing,20000,9,0.45,0.0,3,virtual,gradual,1000,0.1,1.0,False,medium,slow,virtual/gradual/K=3/medium/slow/global/balanced/clean,0.0,-0.003368421052631576,phishing,реальные,True
scn-c48fbebee477,2027,HDDM_W,0.8948947368421053,0.06401345099993705,0,3.0,0.0,0.0,3.0,0.0,0.0,,0.0,0.0,1.0,,,inf,10000.0,,,0.0,10000.0,real:phishing,20000,9,0.45,0.0,3,virtual,gradual,1000,0.1,1.0,False,medium,slow,virtual/gradual/K=3/medium/slow/global/balanced/clean,0.0,-0.003368421052631576,phishing,реальные,True
scn-c48fbebee477,2027,FHDDM,0.8948947368421053,0.02073863000032361,0,3.0,0.0,0.0,3.0,0.0,0.0,,0.0,0.0,1.0,,,inf,10000.0,,,0.0,10000.0,real:phishing,20000,9,0.45,0.0,3,virtual,gradual,1000,0.1,1.0,False,medium,slow,virtual/gradual/K=3/medium/slow/global/balanced/clean,0.0,-0.003368421052631576,phishing,реальные,True
scn-c48fbebee477,2027,NoDrift,0.8948947368421053,0.014534386000377708,0,3.0,0.0,0.0,3.0,0.0,0.0,,0.0,0.0,1.0,,,inf,10000.0,,,0.0,10000.0,real:phishing,20000,9,0.45,0.0,3,virtual,gradual,1000,0.1,1.0,False,medium,slow,virtual/gradual/K=3/medium/slow/global/balanced/clean,0.0,-0.003368421052631576,phishing,реальные,True
scn-c48fbebee477,2027,Periodic(2000),0.885578947368421,0.016075299000021914,9,3.0,9.0,3.0,0.0,5.0,1.0,0.3333333333333333,1.0,0.5,0.0,1333.6666666666667,1667.0,2000.0,2000.0,1.4996250937265683,1.4996250937265683,0.5,10000.0,real:phishing,20000,9,0.45,0.0,3,virtual,gradual,1000,0.1,1.0,False,medium,slow,virtual/gradual/K=3/medium/slow/global/balanced/clean,-0.009315789473684277,0.005947368421052701,phishing,реальные,True
scn-c48fbebee477,2027,Oracle,0.8915263157894737,0.018446372999733285,3,3.0,3.0,3.0,0.0,0.0,0.0,1.0,1.0,1.0,0.0,501.0,501.0,inf,10000.0,inf,19.960079840319363,0.0,10000.0,real:phishing,20000,9,0.45,0.0,3,virtual,gradual,1000,0.1,1.0,False,medium,slow,virtual/gradual/K=3/medium/slow/global/balanced/clean,-0.003368421052631576,-0.0,phishing,реальные,True
scn-c48fbebee477,2028,ADWIN,0.8995263157894737,0.019892145000085293,0,3.0,0.0,0.0,3.0,0.0,0.0,,0.0,0.0,1.0,,,inf,10000.0,,,0.0,10000.0,real:phishing,20000,9,0.45,0.0,3,virtual,gradual,1000,0.1,1.0,False,medium,slow,virtual/gradual/K=3/medium/slow/global/balanced/clean,0.0,-0.006631578947368433,phishing,реальные,True
scn-c48fbebee477,2028,KSWIN,0.8995263157894737,4.077675920000274,0,3.0,0.0,0.0,3.0,0.0,0.0,,0.0,0.0,1.0,,,inf,10000.0,,,0.0,10000.0,real:phishing,20000,9,0.45,0.0,3,virtual,gradual,1000,0.1,1.0,False,medium,slow,virtual/gradual/K=3/medium/slow/global/balanced/clean,0.0,-0.006631578947368433,phishing,реальные,True
scn-c48fbebee477,2028,PageHinkley,0.8995263157894737,0.02407657100002325,0,3.0,0.0,0.0,3.0,0.0,0.0,,0.0,0.0,1.0,,,inf,10000.0,,,0.0,10000.0,real:phishing,20000,9,0.45,0.0,3,virtual,gradual,1000,0.1,1.0,False,medium,slow,virtual/gradual/K=3/medium/slow/global/balanced/clean,0.0,-0.006631578947368433,phishing,реальные,True
scn-c48fbebee477,2028,PageHinkley-up,0.8995263157894737,0.02398725300008664,0,3.0,0.0,0.0,3.0,0.0,0.0,,0.0,0.0,1.0,,,inf,10000.0,,,0.0,10000.0,real:phishing,20000,9,0.45,0.0,3,virtual,gradual,1000,0.1,1.0,False,medium,slow,virtual/gradual/K=3/medium/slow/global/balanced/clean,0.0,-0.006631578947368433,phishing,реальные,True
scn-c48fbebee477,2028,DDM,0.8982631578947369,0.02419124500011094,1,3.0,1.0,0.0,3.0,1.0,0.0,0.0,0.0,0.0,1.0,,,10000.0,10000.0,,,0.1,10000.0,real:phishing,20000,9,0.45,0.0,3,virtual,gradual,1000,0.1,1.0,False,medium,slow,virtual/gradual/K=3/medium/slow/global/balanced/clean,-0.001263157894736855,-0.005368421052631578,phishing,реальные,True
scn-c48fbebee477,2028,EDDM,0.8957368421052632,0.021337881999897945,2,3.0,2.0,0.0,3.0,2.0,0.0,0.0,0.0,0.0,1.0,,,5000.0,5000.0,,,0.2,10000.0,real:phishing,20000,9,0.45,0.0,3,virtual,gradual,1000,0.1,1.0,False,medium,slow,virtual/gradual/K=3/medium/slow/global/balanced/clean,-0.0037894736842105647,-0.002842105263157868,phishing,реальные,True
scn-c48fbebee477,2028,HDDM_A,0.8995263157894737,0.06880373500007408,0,3.0,0.0,0.0,3.0,0.0,0.0,,0.0,0.0,1.0,,,inf,10000.0,,,0.0,10000.0,real:phishing,20000,9,0.45,0.0,3,virtual,gradual,1000,0.1,1.0,False,medium,slow,virtual/gradual/K=3/medium/slow/global/balanced/clean,0.0,-0.006631578947368433,phishing,реальные,True
scn-c48fbebee477,2028,HDDM_W,0.8995263157894737,0.06405911799993191,0,3.0,0.0,0.0,3.0,0.0,0.0,,0.0,0.0,1.0,,,inf,10000.0,,,0.0,10000.0,real:phishing,20000,9,0.45,0.0,3,virtual,gradual,1000,0.1,1.0,False,medium,slow,virtual/gradual/K=3/medium/slow/global/balanced/clean,0.0,-0.006631578947368433,phishing,реальные,True
scn-c48fbebee477,2028,FHDDM,0.8995263157894737,0.020937943999797426,0,3.0,0.0,0.0,3.0,0.0,0.0,,0.0,0.0,1.0,,,inf,10000.0,,,0.0,10000.0,real:phishing,20000,9,0.45,0.0,3,virtual,gradual,1000,0.1,1.0,False,medium,slow,virtual/gradual/K=3/medium/slow/global/balanced/clean,0.0,-0.006631578947368433,phishing,реальные,True
scn-c48fbebee477,2028,NoDrift,0.8995263157894737,0.014572529999895778,0,3.0,0.0,0.0,3.0,0.0,0.0,,0.0,0.0,1.0,,,inf,10000.0,,,0.0,10000.0,real:phishing,20000,9,0.45,0.0,3,virtual,gradual,1000,0.1,1.0,False,medium,slow,virtual/gradual/K=3/medium/slow/global/balanced/clean,0.0,-0.006631578947368433,phishing,реальные,True
scn-c48fbebee477,2028,Periodic(2000),0.8857368421052632,0.01617184199994881,9,3.0,9.0,3.0,0.0,5.0,1.0,0.3333333333333333,1.0,0.5,0.0,1333.6666666666667,1667.0,2000.0,2000.0,1.4996250937265683,1.4996250937265683,0.5,10000.0,real:phishing,20000,9,0.45,0.0,3,virtual,gradual,1000,0.1,1.0,False,medium,slow,virtual/gradual/K=3/medium/slow/global/balanced/clean,-0.013789473684210574,0.007157894736842141,phishing,реальные,True
scn-c48fbebee477,2028,Oracle,0.8928947368421053,0.018733787999735796,3,3.0,3.0,3.0,0.0,0.0,0.0,1.0,1.0,1.0,0.0,501.0,501.0,inf,10000.0,inf,19.960079840319363,0.0,10000.0,real:phishing,20000,9,0.45,0.0,3,virtual,gradual,1000,0.1,1.0,False,medium,slow,virtual/gradual/K=3/medium/slow/global/balanced/clean,-0.006631578947368433,-0.0,phishing,реальные,True
scn-c48fbebee477,2029,ADWIN,0.8981578947368422,0.01932861499972205,0,3.0,0.0,0.0,3.0,0.0,0.0,,0.0,0.0,1.0,,,inf,10000.0,,,0.0,10000.0,real:phishing,20000,9,0.45,0.0,3,virtual,gradual,1000,0.1,1.0,False,medium,slow,virtual/gradual/K=3/medium/slow/global/balanced/clean,0.0,-0.0013684210526315743,phishing,реальные,True
scn-c48fbebee477,2029,KSWIN,0.8981578947368422,4.055736421999882,0,3.0,0.0,0.0,3.0,0.0,0.0,,0.0,0.0,1.0,,,inf,10000.0,,,0.0,10000.0,real:phishing,20000,9,0.45,0.0,3,virtual,gradual,1000,0.1,1.0,False,medium,slow,virtual/gradual/K=3/medium/slow/global/balanced/clean,0.0,-0.0013684210526315743,phishing,реальные,True
scn-c48fbebee477,2029,PageHinkley,0.8980526315789473,0.026677587999984098,1,3.0,1.0,1.0,2.0,0.0,0.0,1.0,0.3333333333333333,0.5,0.6666666666666667,1862.0,1862.0,inf,10000.0,inf,1.790189760114572,0.0,10000.0,real:phishing,20000,9,0.45,0.0,3,virtual,gradual,1000,0.1,1.0,False,medium,slow,virtual/gradual/K=3/medium/slow/global/balanced/clean,-0.00010526315789483043,-0.0012631578947367439,phishing,реальные,True
scn-c48fbebee477,2029,PageHinkley-up,0.8981578947368422,0.02427767800008951,0,3.0,0.0,0.0,3.0,0.0,0.0,,0.0,0.0,1.0,,,inf,10000.0,,,0.0,10000.0,real:phishing,20000,9,0.45,0.0,3,virtual,gradual,1000,0.1,1.0,False,medium,slow,virtual/gradual/K=3/medium/slow/global/balanced/clean,0.0,-0.0013684210526315743,phishing,реальные,True
scn-c48fbebee477,2029,DDM,0.8964210526315789,0.024905266000132542,1,3.0,1.0,0.0,3.0,1.0,0.0,0.0,0.0,0.0,1.0,,,10000.0,10000.0,,,0.1,10000.0,real:phishing,20000,9,0.45,0.0,3,virtual,gradual,1000,0.1,1.0,False,medium,slow,virtual/gradual/K=3/medium/slow/global/balanced/clean,-0.0017368421052632588,0.00036842105263168445,phishing,реальные,True
scn-c48fbebee477,2029,EDDM,0.8972631578947369,0.02088346599975921,1,3.0,1.0,0.0,3.0,1.0,0.0,0.0,0.0,0.0,1.0,,,10000.0,10000.0,,,0.1,10000.0,real:phishing,20000,9,0.45,0.0,3,virtual,gradual,1000,0.1,1.0,False,medium,slow,virtual/gradual/K=3/medium/slow/global/balanced/clean,-0.0008947368421052815,-0.00047368421052629284,phishing,реальные,True
scn-c48fbebee477,2029,HDDM_A,0.8981578947368422,0.07082873099989229,0,3.0,0.0,0.0,3.0,0.0,0.0,,0.0,0.0,1.0,,,inf,10000.0,,,0.0,10000.0,real:phishing,20000,9,0.45,0.0,3,virtual,gradual,1000,0.1,1.0,False,medium,slow,virtual/gradual/K=3/medium/slow/global/balanced/clean,0.0,-0.0013684210526315743,phishing,реальные,True
scn-c48fbebee477,2029,HDDM_W,0.8981578947368422,0.06396665299962478,0,3.0,0.0,0.0,3.0,0.0,0.0,,0.0,0.0,1.0,,,inf,10000.0,,,0.0,10000.0,real:phishing,20000,9,0.45,0.0,3,virtual,gradual,1000,0.1,1.0,False,medium,slow,virtual/gradual/K=3/medium/slow/global/balanced/clean,0.0,-0.0013684210526315743,phishing,реальные,True
scn-c48fbebee477,2029,FHDDM,0.8981578947368422,0.02108795599997393,0,3.0,0.0,0.0,3.0,0.0,0.0,,0.0,0.0,1.0,,,inf,10000.0,,,0.0,10000.0,real:phishing,20000,9,0.45,0.0,3,virtual,gradual,1000,0.1,1.0,False,medium,slow,virtual/gradual/K=3/medium/slow/global/balanced/clean,0.0,-0.0013684210526315743,phishing,реальные,True
scn-c48fbebee477,2029,NoDrift,0.8981578947368422,0.014587573999961023,0,3.0,0.0,0.0,3.0,0.0,0.0,,0.0,0.0,1.0,,,inf,10000.0,,,0.0,10000.0,real:phishing,20000,9,0.45,0.0,3,virtual,gradual,1000,0.1,1.0,False,medium,slow,virtual/gradual/K=3/medium/slow/global/balanced/clean,0.0,-0.0013684210526315743,phishing,реальные,True
scn-c48fbebee477,2029,Periodic(2000),0.8908421052631579,0.016301360999932513,9,3.0,9.0,3.0,0.0,5.0,1.0,0.3333333333333333,1.0,0.5,0.0,1333.6666666666667,1667.0,2000.0,2000.0,1.4996250937265683,1.4996250937265683,0.5,10000.0,real:phishing,20000,9,0.45,0.0,3,virtual,gradual,1000,0.1,1.0,False,medium,slow,virtual/gradual/K=3/medium/slow/global/balanced/clean,-0.0073157894736842755,0.005947368421052701,phishing,реальные,True
scn-c48fbebee477,2029,Oracle,0.8967894736842106,0.018460660000073403,3,3.0,3.0,3.0,0.0,0.0,0.0,1.0,1.0,1.0,0.0,501.0,501.0,inf,10000.0,inf,19.960079840319363,0.0,10000.0,real:phishing,20000,9,0.45,0.0,3,virtual,gradual,1000,0.1,1.0,False,medium,slow,virtual/gradual/K=3/medium/slow/global/balanced/clean,-0.0013684210526315743,-0.0,phishing,реальные,True
scn-c6e608fcd4ae,2027,ADWIN,0.9089473684210526,0.019181099999968865,0,3.0,0.0,0.0,3.0,0.0,0.0,,0.0,0.0,1.0,,,inf,10000.0,,,0.0,10000.0,real:phishing,20000,9,0.45,0.0,3,virtual,gradual,1000,0.3,1.0,False,high,slow,virtual/gradual/K=3/high/slow/global/balanced/clean,0.0,-0.00736842105263158,phishing,реальные,True
scn-c6e608fcd4ae,2027,KSWIN,0.9089473684210526,4.018892512000093,0,3.0,0.0,0.0,3.0,0.0,0.0,,0.0,0.0,1.0,,,inf,10000.0,,,0.0,10000.0,real:phishing,20000,9,0.45,0.0,3,virtual,gradual,1000,0.3,1.0,False,high,slow,virtual/gradual/K=3/high/slow/global/balanced/clean,0.0,-0.00736842105263158,phishing,реальные,True
scn-c6e608fcd4ae,2027,PageHinkley,0.9081052631578947,0.02635564999991402,1,3.0,1.0,1.0,2.0,0.0,0.0,1.0,0.3333333333333333,0.5,0.6666666666666667,1697.0,1697.0,inf,10000.0,inf,1.964250638381457,0.0,10000.0,real:phishing,20000,9,0.45,0.0,3,virtual,gradual,1000,0.3,1.0,False,high,slow,virtual/gradual/K=3/high/slow/global/balanced/clean,-0.0008421052631578663,-0.006526315789473713,phishing,реальные,True
scn-c6e608fcd4ae,2027,PageHinkley-up,0.9089473684210526,0.024256198000330187,0,3.0,0.0,0.0,3.0,0.0,0.0,,0.0,0.0,1.0,,,inf,10000.0,,,0.0,10000.0,real:phishing,20000,9,0.45,0.0,3,virtual,gradual,1000,0.3,1.0,False,high,slow,virtual/gradual/K=3/high/slow/global/balanced/clean,0.0,-0.00736842105263158,phishing,реальные,True
scn-c6e608fcd4ae,2027,DDM,0.9070526315789473,0.02472519100001591,1,3.0,1.0,0.0,3.0,1.0,0.0,0.0,0.0,0.0,1.0,,,10000.0,10000.0,,,0.1,10000.0,real:phishing,20000,9,0.45,0.0,3,virtual,gradual,1000,0.3,1.0,False,high,slow,virtual/gradual/K=3/high/slow/global/balanced/clean,-0.0018947368421052824,-0.005473684210526297,phishing,реальные,True
scn-c6e608fcd4ae,2027,EDDM,0.9025263157894737,0.022468530999958602,4,3.0,4.0,1.0,2.0,3.0,0.0,0.25,0.3333333333333333,0.28571428571428575,0.6666666666666667,1053.0,1053.0,3333.3333333333335,3333.3333333333335,1.0551862403714254,1.0551862403714254,0.3,10000.0,real:phishing,20000,9,0.45,0.0,3,virtual,gradual,1000,0.3,1.0,False,high,slow,virtual/gradual/K=3/high/slow/global/balanced/clean,-0.006421052631578883,-0.0009473684210526967,phishing,реальные,True
scn-c6e608fcd4ae,2027,HDDM_A,0.9089473684210526,0.07627693099993849,0,3.0,0.0,0.0,3.0,0.0,0.0,,0.0,0.0,1.0,,,inf,10000.0,,,0.0,10000.0,real:phishing,20000,9,0.45,0.0,3,virtual,gradual,1000,0.3,1.0,False,high,slow,virtual/gradual/K=3/high/slow/global/balanced/clean,0.0,-0.00736842105263158,phishing,реальные,True
scn-c6e608fcd4ae,2027,HDDM_W,0.9089473684210526,0.06434102499997607,0,3.0,0.0,0.0,3.0,0.0,0.0,,0.0,0.0,1.0,,,inf,10000.0,,,0.0,10000.0,real:phishing,20000,9,0.45,0.0,3,virtual,gradual,1000,0.3,1.0,False,high,slow,virtual/gradual/K=3/high/slow/global/balanced/clean,0.0,-0.00736842105263158,phishing,реальные,True
scn-c6e608fcd4ae,2027,FHDDM,0.9089473684210526,0.020931313000346563,0,3.0,0.0,0.0,3.0,0.0,0.0,,0.0,0.0,1.0,,,inf,10000.0,,,0.0,10000.0,real:phishing,20000,9,0.45,0.0,3,virtual,gradual,1000,0.3,1.0,False,high,slow,virtual/gradual/K=3/high/slow/global/balanced/clean,0.0,-0.00736842105263158,phishing,реальные,True
scn-c6e608fcd4ae,2027,NoDrift,0.9089473684210526,0.014915114999894286,0,3.0,0.0,0.0,3.0,0.0,0.0,,0.0,0.0,1.0,,,inf,10000.0,,,0.0,10000.0,real:phishing,20000,9,0.45,0.0,3,virtual,gradual,1000,0.3,1.0,False,high,slow,virtual/gradual/K=3/high/slow/global/balanced/clean,0.0,-0.00736842105263158,phishing,реальные,True
scn-c6e608fcd4ae,2027,Periodic(2000),0.8963684210526316,0.016241158999946492,9,3.0,9.0,3.0,0.0,5.0,1.0,0.3333333333333333,1.0,0.5,0.0,1333.6666666666667,1667.0,2000.0,2000.0,1.4996250937265683,1.4996250937265683,0.5,10000.0,real:phishing,20000,9,0.45,0.0,3,virtual,gradual,1000,0.3,1.0,False,high,slow,virtual/gradual/K=3/high/slow/global/balanced/clean,-0.012578947368421023,0.005210526315789443,phishing,реальные,True
scn-c6e608fcd4ae,2027,Oracle,0.901578947368421,0.01834149000023899,3,3.0,3.0,3.0,0.0,0.0,0.0,1.0,1.0,1.0,0.0,501.0,501.0,inf,10000.0,inf,19.960079840319363,0.0,10000.0,real:phishing,20000,9,0.45,0.0,3,virtual,gradual,1000,0.3,1.0,False,high,slow,virtual/gradual/K=3/high/slow/global/balanced/clean,-0.00736842105263158,-0.0,phishing,реальные,True
scn-c6e608fcd4ae,2028,ADWIN,0.913578947368421,0.018704878000335157,0,3.0,0.0,0.0,3.0,0.0,0.0,,0.0,0.0,1.0,,,inf,10000.0,,,0.0,10000.0,real:phishing,20000,9,0.45,0.0,3,virtual,gradual,1000,0.3,1.0,False,high,slow,virtual/gradual/K=3/high/slow/global/balanced/clean,0.0,-0.007157894736842141,phishing,реальные,True
scn-c6e608fcd4ae,2028,KSWIN,0.913578947368421,4.035741650000091,0,3.0,0.0,0.0,3.0,0.0,0.0,,0.0,0.0,1.0,,,inf,10000.0,,,0.0,10000.0,real:phishing,20000,9,0.45,0.0,3,virtual,gradual,1000,0.3,1.0,False,high,slow,virtual/gradual/K=3/high/slow/global/balanced/clean,0.0,-0.007157894736842141,phishing,реальные,True
scn-c6e608fcd4ae,2028,PageHinkley,0.9023157894736842,0.028016750999995566,4,3.0,4.0,0.0,3.0,4.0,0.0,0.0,0.0,0.0,1.0,,,2500.0,2500.0,,,0.4,10000.0,real:phishing,20000,9,0.45,0.0,3,virtual,gradual,1000,0.3,1.0,False,high,slow,virtual/gradual/K=3/high/slow/global/balanced/clean,-0.011263157894736864,0.004105263157894723,phishing,реальные,True
scn-c6e608fcd4ae,2028,PageHinkley-up,0.913578947368421,0.02405126499979815,0,3.0,0.0,0.0,3.0,0.0,0.0,,0.0,0.0,1.0,,,inf,10000.0,,,0.0,10000.0,real:phishing,20000,9,0.45,0.0,3,virtual,gradual,1000,0.3,1.0,False,high,slow,virtual/gradual/K=3/high/slow/global/balanced/clean,0.0,-0.007157894736842141,phishing,реальные,True
scn-c6e608fcd4ae,2028,DDM,0.9121052631578948,0.023926544999994803,1,3.0,1.0,0.0,3.0,1.0,0.0,0.0,0.0,0.0,1.0,,,10000.0,10000.0,,,0.1,10000.0,real:phishing,20000,9,0.45,0.0,3,virtual,gradual,1000,0.3,1.0,False,high,slow,virtual/gradual/K=3/high/slow/global/balanced/clean,-0.0014736842105262937,-0.005684210526315847,phishing,реальные,True
scn-c6e608fcd4ae,2028,EDDM,0.9101052631578948,0.02125378400023692,2,3.0,2.0,0.0,3.0,2.0,0.0,0.0,0.0,0.0,1.0,,,5000.0,5000.0,,,0.2,10000.0,real:phishing,20000,9,0.45,0.0,3,virtual,gradual,1000,0.3,1.0,False,high,slow,virtual/gradual/K=3/high/slow/global/balanced/clean,-0.0034736842105262955,-0.0036842105263158453,phishing,реальные,True
scn-c6e608fcd4ae,2028,HDDM_A,0.913578947368421,0.07561701600025117,0,3.0,0.0,0.0,3.0,0.0,0.0,,0.0,0.0,1.0,,,inf,10000.0,,,0.0,10000.0,real:phishing,20000,9,0.45,0.0,3,virtual,gradual,1000,0.3,1.0,False,high,slow,virtual/gradual/K=3/high/slow/global/balanced/clean,0.0,-0.007157894736842141,phishing,реальные,True
scn-c6e608fcd4ae,2028,HDDM_W,0.913578947368421,0.06269208599997,0,3.0,0.0,0.0,3.0,0.0,0.0,,0.0,0.0,1.0,,,inf,10000.0,,,0.0,10000.0,real:phishing,20000,9,0.45,0.0,3,virtual,gradual,1000,0.3,1.0,False,high,slow,virtual/gradual/K=3/high/slow/global/balanced/clean,0.0,-0.007157894736842141,phishing,реальные,True
scn-c6e608fcd4ae,2028,FHDDM,0.913578947368421,0.020321172999956616,0,3.0,0.0,0.0,3.0,0.0,0.0,,0.0,0.0,1.0,,,inf,10000.0,,,0.0,10000.0,real:phishing,20000,9,0.45,0.0,3,virtual,gradual,1000,0.3,1.0,False,high,slow,virtual/gradual/K=3/high/slow/global/balanced/clean,0.0,-0.007157894736842141,phishing,реальные,True
scn-c6e608fcd4ae,2028,NoDrift,0.913578947368421,0.014439511000091443,0,3.0,0.0,0.0,3.0,0.0,0.0,,0.0,0.0,1.0,,,inf,10000.0,,,0.0,10000.0,real:phishing,20000,9,0.45,0.0,3,virtual,gradual,1000,0.3,1.0,False,high,slow,virtual/gradual/K=3/high/slow/global/balanced/clean,0.0,-0.007157894736842141,phishing,реальные,True
scn-c6e608fcd4ae,2028,Periodic(2000),0.8994210526315789,0.0159907529996417,9,3.0,9.0,3.0,0.0,5.0,1.0,0.3333333333333333,1.0,0.5,0.0,1333.6666666666667,1667.0,2000.0,2000.0,1.4996250937265683,1.4996250937265683,0.5,10000.0,real:phishing,20000,9,0.45,0.0,3,virtual,gradual,1000,0.3,1.0,False,high,slow,virtual/gradual/K=3/high/slow/global/balanced/clean,-0.014157894736842147,0.007000000000000006,phishing,реальные,True
scn-c6e608fcd4ae,2028,Oracle,0.9064210526315789,0.018419752000227163,3,3.0,3.0,3.0,0.0,0.0,0.0,1.0,1.0,1.0,0.0,501.0,501.0,inf,10000.0,inf,19.960079840319363,0.0,10000.0,real:phishing,20000,9,0.45,0.0,3,virtual,gradual,1000,0.3,1.0,False,high,slow,virtual/gradual/K=3/high/slow/global/balanced/clean,-0.007157894736842141,-0.0,phishing,реальные,True
scn-c6e608fcd4ae,2029,ADWIN,0.9148421052631579,0.01901844500025618,0,3.0,0.0,0.0,3.0,0.0,0.0,,0.0,0.0,1.0,,,inf,10000.0,,,0.0,10000.0,real:phishing,20000,9,0.45,0.0,3,virtual,gradual,1000,0.3,1.0,False,high,slow,virtual/gradual/K=3/high/slow/global/balanced/clean,0.0,-0.0040000000000000036,phishing,реальные,True
scn-c6e608fcd4ae,2029,KSWIN,0.9148421052631579,4.109212770999875,0,3.0,0.0,0.0,3.0,0.0,0.0,,0.0,0.0,1.0,,,inf,10000.0,,,0.0,10000.0,real:phishing,20000,9,0.45,0.0,3,virtual,gradual,1000,0.3,1.0,False,high,slow,virtual/gradual/K=3/high/slow/global/balanced/clean,0.0,-0.0040000000000000036,phishing,реальные,True
scn-c6e608fcd4ae,2029,PageHinkley,0.9118421052631579,0.026748890000362735,3,3.0,3.0,1.0,2.0,0.0,2.0,0.3333333333333333,0.3333333333333333,0.3333333333333333,0.6666666666666667,1231.0,1231.0,inf,10000.0,inf,2.707825616030327,0.0,10000.0,real:phishing,20000,9,0.45,0.0,3,virtual,gradual,1000,0.3,1.0,False,high,slow,virtual/gradual/K=3/high/slow/global/balanced/clean,-0.0030000000000000027,-0.0010000000000000009,phishing,реальные,True
scn-c6e608fcd4ae,2029,PageHinkley-up,0.9148421052631579,0.024184600999888062,0,3.0,0.0,0.0,3.0,0.0,0.0,,0.0,0.0,1.0,,,inf,10000.0,,,0.0,10000.0,real:phishing,20000,9,0.45,0.0,3,virtual,gradual,1000,0.3,1.0,False,high,slow,virtual/gradual/K=3/high/slow/global/balanced/clean,0.0,-0.0040000000000000036,phishing,реальные,True
scn-c6e608fcd4ae,2029,DDM,0.9131052631578948,0.024624321999908716,1,3.0,1.0,0.0,3.0,1.0,0.0,0.0,0.0,0.0,1.0,,,10000.0,10000.0,,,0.1,10000.0,real:phishing,20000,9,0.45,0.0,3,virtual,gradual,1000,0.3,1.0,False,high,slow,virtual/gradual/K=3/high/slow/global/balanced/clean,-0.0017368421052631478,-0.002263157894736856,phishing,реальные,True
scn-c6e608fcd4ae,2029,EDDM,0.9134210526315789,0.019664637000005314,1,3.0,1.0,0.0,3.0,1.0,0.0,0.0,0.0,0.0,1.0,,,10000.0,10000.0,,,0.1,10000.0,real:phishing,20000,9,0.45,0.0,3,virtual,gradual,1000,0.3,1.0,False,high,slow,virtual/gradual/K=3/high/slow/global/balanced/clean,-0.0014210526315789895,-0.002578947368421014,phishing,реальные,True
scn-c6e608fcd4ae,2029,HDDM_A,0.9148421052631579,0.08142416100008631,0,3.0,0.0,0.0,3.0,0.0,0.0,,0.0,0.0,1.0,,,inf,10000.0,,,0.0,10000.0,real:phishing,20000,9,0.45,0.0,3,virtual,gradual,1000,0.3,1.0,False,high,slow,virtual/gradual/K=3/high/slow/global/balanced/clean,0.0,-0.0040000000000000036,phishing,реальные,True
scn-c6e608fcd4ae,2029,HDDM_W,0.9148421052631579,0.08778363200008243,0,3.0,0.0,0.0,3.0,0.0,0.0,,0.0,0.0,1.0,,,inf,10000.0,,,0.0,10000.0,real:phishing,20000,9,0.45,0.0,3,virtual,gradual,1000,0.3,1.0,False,high,slow,virtual/gradual/K=3/high/slow/global/balanced/clean,0.0,-0.0040000000000000036,phishing,реальные,True
scn-c6e608fcd4ae,2029,FHDDM,0.9148421052631579,0.021180484000069555,0,3.0,0.0,0.0,3.0,0.0,0.0,,0.0,0.0,1.0,,,inf,10000.0,,,0.0,10000.0,real:phishing,20000,9,0.45,0.0,3,virtual,gradual,1000,0.3,1.0,False,high,slow,virtual/gradual/K=3/high/slow/global/balanced/clean,0.0,-0.0040000000000000036,phishing,реальные,True
scn-c6e608fcd4ae,2029,NoDrift,0.9148421052631579,0.029091558999880363,0,3.0,0.0,0.0,3.0,0.0,0.0,,0.0,0.0,1.0,,,inf,10000.0,,,0.0,10000.0,real:phishing,20000,9,0.45,0.0,3,virtual,gradual,1000,0.3,1.0,False,high,slow,virtual/gradual/K=3/high/slow/global/balanced/clean,0.0,-0.0040000000000000036,phishing,реальные,True
scn-c6e608fcd4ae,2029,Periodic(2000),0.9022105263157895,0.03995110599998952,9,3.0,9.0,3.0,0.0,5.0,1.0,0.3333333333333333,1.0,0.5,0.0,1333.6666666666667,1667.0,2000.0,2000.0,1.4996250937265683,1.4996250937265683,0.5,10000.0,real:phishing,20000,9,0.45,0.0,3,virtual,gradual,1000,0.3,1.0,False,high,slow,virtual/gradual/K=3/high/slow/global/balanced/clean,-0.012631578947368438,0.008631578947368435,phishing,реальные,True
scn-c6e608fcd4ae,2029,Oracle,0.9108421052631579,0.019543296999927406,3,3.0,3.0,3.0,0.0,0.0,0.0,1.0,1.0,1.0,0.0,501.0,501.0,inf,10000.0,inf,19.960079840319363,0.0,10000.0,real:phishing,20000,9,0.45,0.0,3,virtual,gradual,1000,0.3,1.0,False,high,slow,virtual/gradual/K=3/high/slow/global/balanced/clean,-0.0040000000000000036,-0.0,phishing,реальные,True
scn-d1b5e049c7c3,2027,ADWIN,0.9002631578947369,0.019191249999948923,0,3.0,0.0,0.0,3.0,0.0,0.0,,0.0,0.0,1.0,,,inf,10000.0,,,0.0,10000.0,real:phishing,20000,9,0.45,0.0,3,prior,gradual,1000,0.1,1.0,False,medium,slow,prior/gradual/K=3/medium/slow/n/a/balanced/clean,0.0,-0.0014210526315789895,phishing,реальные,False
scn-d1b5e049c7c3,2027,KSWIN,0.9002631578947369,4.120275250999839,0,3.0,0.0,0.0,3.0,0.0,0.0,,0.0,0.0,1.0,,,inf,10000.0,,,0.0,10000.0,real:phishing,20000,9,0.45,0.0,3,prior,gradual,1000,0.1,1.0,False,medium,slow,prior/gradual/K=3/medium/slow/n/a/balanced/clean,0.0,-0.0014210526315789895,phishing,реальные,False
scn-d1b5e049c7c3,2027,PageHinkley,0.9002631578947369,0.025368108000293432,0,3.0,0.0,0.0,3.0,0.0,0.0,,0.0,0.0,1.0,,,inf,10000.0,,,0.0,10000.0,real:phishing,20000,9,0.45,0.0,3,prior,gradual,1000,0.1,1.0,False,medium,slow,prior/gradual/K=3/medium/slow/n/a/balanced/clean,0.0,-0.0014210526315789895,phishing,реальные,False
scn-d1b5e049c7c3,2027,PageHinkley-up,0.9002631578947369,0.024308479000410443,0,3.0,0.0,0.0,3.0,0.0,0.0,,0.0,0.0,1.0,,,inf,10000.0,,,0.0,10000.0,real:phishing,20000,9,0.45,0.0,3,prior,gradual,1000,0.1,1.0,False,medium,slow,prior/gradual/K=3/medium/slow/n/a/balanced/clean,0.0,-0.0014210526315789895,phishing,реальные,False
scn-d1b5e049c7c3,2027,DDM,0.9006315789473684,0.026344740000240563,1,3.0,1.0,0.0,3.0,1.0,0.0,0.0,0.0,0.0,1.0,,,10000.0,10000.0,,,0.1,10000.0,real:phishing,20000,9,0.45,0.0,3,prior,gradual,1000,0.1,1.0,False,medium,slow,prior/gradual/K=3/medium/slow/n/a/balanced/clean,0.00036842105263157343,-0.001789473684210563,phishing,реальные,False
scn-d1b5e049c7c3,2027,EDDM,0.8982105263157895,0.022912264999831677,3,3.0,3.0,0.0,3.0,3.0,0.0,0.0,0.0,0.0,1.0,,,3333.3333333333335,3333.3333333333335,,,0.3,10000.0,real:phishing,20000,9,0.45,0.0,3,prior,gradual,1000,0.1,1.0,False,medium,slow,prior/gradual/K=3/medium/slow/n/a/balanced/clean,-0.002052631578947417,0.0006315789473684275,phishing,реальные,False
scn-d1b5e049c7c3,2027,HDDM_A,0.9007368421052632,0.08681261199990331,1,3.0,1.0,1.0,2.0,0.0,0.0,1.0,0.3333333333333333,0.5,0.6666666666666667,2020.0,2020.0,inf,10000.0,inf,1.6501650165016497,0.0,10000.0,real:phishing,20000,9,0.45,0.0,3,prior,gradual,1000,0.1,1.0,False,medium,slow,prior/gradual/K=3/medium/slow/n/a/balanced/clean,0.00047368421052629284,-0.0018947368421052824,phishing,реальные,False
scn-d1b5e049c7c3,2027,HDDM_W,0.9002631578947369,0.06513520399994377,0,3.0,0.0,0.0,3.0,0.0,0.0,,0.0,0.0,1.0,,,inf,10000.0,,,0.0,10000.0,real:phishing,20000,9,0.45,0.0,3,prior,gradual,1000,0.1,1.0,False,medium,slow,prior/gradual/K=3/medium/slow/n/a/balanced/clean,0.0,-0.0014210526315789895,phishing,реальные,False
scn-d1b5e049c7c3,2027,FHDDM,0.9002631578947369,0.021152518000235432,0,3.0,0.0,0.0,3.0,0.0,0.0,,0.0,0.0,1.0,,,inf,10000.0,,,0.0,10000.0,real:phishing,20000,9,0.45,0.0,3,prior,gradual,1000,0.1,1.0,False,medium,slow,prior/gradual/K=3/medium/slow/n/a/balanced/clean,0.0,-0.0014210526315789895,phishing,реальные,False
scn-d1b5e049c7c3,2027,NoDrift,0.9002631578947369,0.014724545000262879,0,3.0,0.0,0.0,3.0,0.0,0.0,,0.0,0.0,1.0,,,inf,10000.0,,,0.0,10000.0,real:phishing,20000,9,0.45,0.0,3,prior,gradual,1000,0.1,1.0,False,medium,slow,prior/gradual/K=3/medium/slow/n/a/balanced/clean,0.0,-0.0014210526315789895,phishing,реальные,False
scn-d1b5e049c7c3,2027,Periodic(2000),0.8947368421052632,0.016045202999976027,9,3.0,9.0,3.0,0.0,5.0,1.0,0.3333333333333333,1.0,0.5,0.0,1333.6666666666667,1667.0,2000.0,2000.0,1.4996250937265683,1.4996250937265683,0.5,10000.0,real:phishing,20000,9,0.45,0.0,3,prior,gradual,1000,0.1,1.0,False,medium,slow,prior/gradual/K=3/medium/slow/n/a/balanced/clean,-0.0055263157894737125,0.004105263157894723,phishing,реальные,False
scn-d1b5e049c7c3,2027,Oracle,0.8988421052631579,0.018507640999814612,3,3.0,3.0,3.0,0.0,0.0,0.0,1.0,1.0,1.0,0.0,501.0,501.0,inf,10000.0,inf,19.960079840319363,0.0,10000.0,real:phishing,20000,9,0.45,0.0,3,prior,gradual,1000,0.1,1.0,False,medium,slow,prior/gradual/K=3/medium/slow/n/a/balanced/clean,-0.0014210526315789895,-0.0,phishing,реальные,False
scn-d1b5e049c7c3,2028,ADWIN,0.9053157894736842,0.019202479999876232,0,3.0,0.0,0.0,3.0,0.0,0.0,,0.0,0.0,1.0,,,inf,10000.0,,,0.0,10000.0,real:phishing,20000,9,0.45,0.0,3,prior,gradual,1000,0.1,1.0,False,medium,slow,prior/gradual/K=3/medium/slow/n/a/balanced/clean,0.0,-0.0002105263157894388,phishing,реальные,False
scn-d1b5e049c7c3,2028,KSWIN,0.9053157894736842,4.105848731000151,0,3.0,0.0,0.0,3.0,0.0,0.0,,0.0,0.0,1.0,,,inf,10000.0,,,0.0,10000.0,real:phishing,20000,9,0.45,0.0,3,prior,gradual,1000,0.1,1.0,False,medium,slow,prior/gradual/K=3/medium/slow/n/a/balanced/clean,0.0,-0.0002105263157894388,phishing,реальные,False
scn-d1b5e049c7c3,2028,PageHinkley,0.9053157894736842,0.026414992999889364,0,3.0,0.0,0.0,3.0,0.0,0.0,,0.0,0.0,1.0,,,inf,10000.0,,,0.0,10000.0,real:phishing,20000,9,0.45,0.0,3,prior,gradual,1000,0.1,1.0,False,medium,slow,prior/gradual/K=3/medium/slow/n/a/balanced/clean,0.0,-0.0002105263157894388,phishing,реальные,False
scn-d1b5e049c7c3,2028,PageHinkley-up,0.9053157894736842,0.024037180000050284,0,3.0,0.0,0.0,3.0,0.0,0.0,,0.0,0.0,1.0,,,inf,10000.0,,,0.0,10000.0,real:phishing,20000,9,0.45,0.0,3,prior,gradual,1000,0.1,1.0,False,medium,slow,prior/gradual/K=3/medium/slow/n/a/balanced/clean,0.0,-0.0002105263157894388,phishing,реальные,False
scn-d1b5e049c7c3,2028,DDM,0.9048421052631579,0.02451959399968473,1,3.0,1.0,0.0,3.0,1.0,0.0,0.0,0.0,0.0,1.0,,,10000.0,10000.0,,,0.1,10000.0,real:phishing,20000,9,0.45,0.0,3,prior,gradual,1000,0.1,1.0,False,medium,slow,prior/gradual/K=3/medium/slow/n/a/balanced/clean,-0.00047368421052629284,0.000263157894736854,phishing,реальные,False
scn-d1b5e049c7c3,2028,EDDM,0.9027368421052632,0.021431485999983124,2,3.0,2.0,0.0,3.0,2.0,0.0,0.0,0.0,0.0,1.0,,,5000.0,5000.0,,,0.2,10000.0,real:phishing,20000,9,0.45,0.0,3,prior,gradual,1000,0.1,1.0,False,medium,slow,prior/gradual/K=3/medium/slow/n/a/balanced/clean,-0.002578947368421014,0.002368421052631575,phishing,реальные,False
scn-d1b5e049c7c3,2028,HDDM_A,0.9053157894736842,0.071780843000397,0,3.0,0.0,0.0,3.0,0.0,0.0,,0.0,0.0,1.0,,,inf,10000.0,,,0.0,10000.0,real:phishing,20000,9,0.45,0.0,3,prior,gradual,1000,0.1,1.0,False,medium,slow,prior/gradual/K=3/medium/slow/n/a/balanced/clean,0.0,-0.0002105263157894388,phishing,реальные,False
scn-d1b5e049c7c3,2028,HDDM_W,0.9053157894736842,0.07306101499989381,0,3.0,0.0,0.0,3.0,0.0,0.0,,0.0,0.0,1.0,,,inf,10000.0,,,0.0,10000.0,real:phishing,20000,9,0.45,0.0,3,prior,gradual,1000,0.1,1.0,False,medium,slow,prior/gradual/K=3/medium/slow/n/a/balanced/clean,0.0,-0.0002105263157894388,phishing,реальные,False
scn-d1b5e049c7c3,2028,FHDDM,0.9053157894736842,0.021539878999647044,0,3.0,0.0,0.0,3.0,0.0,0.0,,0.0,0.0,1.0,,,inf,10000.0,,,0.0,10000.0,real:phishing,20000,9,0.45,0.0,3,prior,gradual,1000,0.1,1.0,False,medium,slow,prior/gradual/K=3/medium/slow/n/a/balanced/clean,0.0,-0.0002105263157894388,phishing,реальные,False
scn-d1b5e049c7c3,2028,NoDrift,0.9053157894736842,0.014701693000006344,0,3.0,0.0,0.0,3.0,0.0,0.0,,0.0,0.0,1.0,,,inf,10000.0,,,0.0,10000.0,real:phishing,20000,9,0.45,0.0,3,prior,gradual,1000,0.1,1.0,False,medium,slow,prior/gradual/K=3/medium/slow/n/a/balanced/clean,0.0,-0.0002105263157894388,phishing,реальные,False
scn-d1b5e049c7c3,2028,Periodic(2000),0.8964210526315789,0.01622680299988133,9,3.0,9.0,3.0,0.0,5.0,1.0,0.3333333333333333,1.0,0.5,0.0,1333.6666666666667,1667.0,2000.0,2000.0,1.4996250937265683,1.4996250937265683,0.5,10000.0,real:phishing,20000,9,0.45,0.0,3,prior,gradual,1000,0.1,1.0,False,medium,slow,prior/gradual/K=3/medium/slow/n/a/balanced/clean,-0.008894736842105289,0.00868421052631585,phishing,реальные,False
scn-d1b5e049c7c3,2028,Oracle,0.9051052631578947,0.01851483099972029,3,3.0,3.0,3.0,0.0,0.0,0.0,1.0,1.0,1.0,0.0,501.0,501.0,inf,10000.0,inf,19.960079840319363,0.0,10000.0,real:phishing,20000,9,0.45,0.0,3,prior,gradual,1000,0.1,1.0,False,medium,slow,prior/gradual/K=3/medium/slow/n/a/balanced/clean,-0.0002105263157894388,-0.0,phishing,реальные,False
scn-d1b5e049c7c3,2029,ADWIN,0.9024736842105263,0.018957509999836475,0,3.0,0.0,0.0,3.0,0.0,0.0,,0.0,0.0,1.0,,,inf,10000.0,,,0.0,10000.0,real:phishing,20000,9,0.45,0.0,3,prior,gradual,1000,0.1,1.0,False,medium,slow,prior/gradual/K=3/medium/slow/n/a/balanced/clean,0.0,-0.0024210526315789904,phishing,реальные,False
scn-d1b5e049c7c3,2029,KSWIN,0.9024736842105263,4.183844385999691,0,3.0,0.0,0.0,3.0,0.0,0.0,,0.0,0.0,1.0,,,inf,10000.0,,,0.0,10000.0,real:phishing,20000,9,0.45,0.0,3,prior,gradual,1000,0.1,1.0,False,medium,slow,prior/gradual/K=3/medium/slow/n/a/balanced/clean,0.0,-0.0024210526315789904,phishing,реальные,False
scn-d1b5e049c7c3,2029,PageHinkley,0.9024736842105263,0.024848276999819063,0,3.0,0.0,0.0,3.0,0.0,0.0,,0.0,0.0,1.0,,,inf,10000.0,,,0.0,10000.0,real:phishing,20000,9,0.45,0.0,3,prior,gradual,1000,0.1,1.0,False,medium,slow,prior/gradual/K=3/medium/slow/n/a/balanced/clean,0.0,-0.0024210526315789904,phishing,реальные,False
scn-d1b5e049c7c3,2029,PageHinkley-up,0.9024736842105263,0.02323700099987036,0,3.0,0.0,0.0,3.0,0.0,0.0,,0.0,0.0,1.0,,,inf,10000.0,,,0.0,10000.0,real:phishing,20000,9,0.45,0.0,3,prior,gradual,1000,0.1,1.0,False,medium,slow,prior/gradual/K=3/medium/slow/n/a/balanced/clean,0.0,-0.0024210526315789904,phishing,реальные,False
scn-d1b5e049c7c3,2029,DDM,0.9011052631578947,0.02411278099998526,1,3.0,1.0,0.0,3.0,1.0,0.0,0.0,0.0,0.0,1.0,,,10000.0,10000.0,,,0.1,10000.0,real:phishing,20000,9,0.45,0.0,3,prior,gradual,1000,0.1,1.0,False,medium,slow,prior/gradual/K=3/medium/slow/n/a/balanced/clean,-0.0013684210526315743,-0.001052631578947416,phishing,реальные,False
scn-d1b5e049c7c3,2029,EDDM,0.9016842105263158,0.019972409000274638,1,3.0,1.0,0.0,3.0,1.0,0.0,0.0,0.0,0.0,1.0,,,10000.0,10000.0,,,0.1,10000.0,real:phishing,20000,9,0.45,0.0,3,prior,gradual,1000,0.1,1.0,False,medium,slow,prior/gradual/K=3/medium/slow/n/a/balanced/clean,-0.0007894736842105621,-0.0016315789473684283,phishing,реальные,False
scn-d1b5e049c7c3,2029,HDDM_A,0.9024736842105263,0.07096976800039556,0,3.0,0.0,0.0,3.0,0.0,0.0,,0.0,0.0,1.0,,,inf,10000.0,,,0.0,10000.0,real:phishing,20000,9,0.45,0.0,3,prior,gradual,1000,0.1,1.0,False,medium,slow,prior/gradual/K=3/medium/slow/n/a/balanced/clean,0.0,-0.0024210526315789904,phishing,реальные,False
scn-d1b5e049c7c3,2029,HDDM_W,0.9024736842105263,0.06170373200029644,0,3.0,0.0,0.0,3.0,0.0,0.0,,0.0,0.0,1.0,,,inf,10000.0,,,0.0,10000.0,real:phishing,20000,9,0.45,0.0,3,prior,gradual,1000,0.1,1.0,False,medium,slow,prior/gradual/K=3/medium/slow/n/a/balanced/clean,0.0,-0.0024210526315789904,phishing,реальные,False
scn-d1b5e049c7c3,2029,FHDDM,0.9024736842105263,0.020893745999728708,0,3.0,0.0,0.0,3.0,0.0,0.0,,0.0,0.0,1.0,,,inf,10000.0,,,0.0,10000.0,real:phishing,20000,9,0.45,0.0,3,prior,gradual,1000,0.1,1.0,False,medium,slow,prior/gradual/K=3/medium/slow/n/a/balanced/clean,0.0,-0.0024210526315789904,phishing,реальные,False
scn-d1b5e049c7c3,2029,NoDrift,0.9024736842105263,0.014606529000047885,0,3.0,0.0,0.0,3.0,0.0,0.0,,0.0,0.0,1.0,,,inf,10000.0,,,0.0,10000.0,real:phishing,20000,9,0.45,0.0,3,prior,gradual,1000,0.1,1.0,False,medium,slow,prior/gradual/K=3/medium/slow/n/a/balanced/clean,0.0,-0.0024210526315789904,phishing,реальные,False
scn-d1b5e049c7c3,2029,Periodic(2000),0.8972105263157895,0.015930931999719178,9,3.0,9.0,3.0,0.0,5.0,1.0,0.3333333333333333,1.0,0.5,0.0,1333.6666666666667,1667.0,2000.0,2000.0,1.4996250937265683,1.4996250937265683,0.5,10000.0,real:phishing,20000,9,0.45,0.0,3,prior,gradual,1000,0.1,1.0,False,medium,slow,prior/gradual/K=3/medium/slow/n/a/balanced/clean,-0.0052631578947368585,0.002842105263157868,phishing,реальные,False
scn-d1b5e049c7c3,2029,Oracle,0.9000526315789473,0.018275640999945608,3,3.0,3.0,3.0,0.0,0.0,0.0,1.0,1.0,1.0,0.0,501.0,501.0,inf,10000.0,inf,19.960079840319363,0.0,10000.0,real:phishing,20000,9,0.45,0.0,3,prior,gradual,1000,0.1,1.0,False,medium,slow,prior/gradual/K=3/medium/slow/n/a/balanced/clean,-0.0024210526315789904,-0.0,phishing,реальные,False
scn-b2ec42402498,2027,ADWIN,0.8979473684210526,0.018948600999920018,0,3.0,0.0,0.0,3.0,0.0,0.0,,0.0,0.0,1.0,,,inf,10000.0,,,0.0,10000.0,real:phishing,20000,9,0.45,0.0,3,prior,gradual,1000,0.3,1.0,False,high,slow,prior/gradual/K=3/high/slow/n/a/balanced/clean,0.0,-0.004526315789473712,phishing,реальные,False
scn-b2ec42402498,2027,KSWIN,0.8979473684210526,4.154718479999701,0,3.0,0.0,0.0,3.0,0.0,0.0,,0.0,0.0,1.0,,,inf,10000.0,,,0.0,10000.0,real:phishing,20000,9,0.45,0.0,3,prior,gradual,1000,0.3,1.0,False,high,slow,prior/gradual/K=3/high/slow/n/a/balanced/clean,0.0,-0.004526315789473712,phishing,реальные,False
scn-b2ec42402498,2027,PageHinkley,0.8979473684210526,0.025169799999730458,0,3.0,0.0,0.0,3.0,0.0,0.0,,0.0,0.0,1.0,,,inf,10000.0,,,0.0,10000.0,real:phishing,20000,9,0.45,0.0,3,prior,gradual,1000,0.3,1.0,False,high,slow,prior/gradual/K=3/high/slow/n/a/balanced/clean,0.0,-0.004526315789473712,phishing,реальные,False
scn-b2ec42402498,2027,PageHinkley-up,0.8979473684210526,0.023907770000278106,0,3.0,0.0,0.0,3.0,0.0,0.0,,0.0,0.0,1.0,,,inf,10000.0,,,0.0,10000.0,real:phishing,20000,9,0.45,0.0,3,prior,gradual,1000,0.3,1.0,False,high,slow,prior/gradual/K=3/high/slow/n/a/balanced/clean,0.0,-0.004526315789473712,phishing,реальные,False
scn-b2ec42402498,2027,DDM,0.8969473684210526,0.024284088000058546,1,3.0,1.0,0.0,3.0,1.0,0.0,0.0,0.0,0.0,1.0,,,10000.0,10000.0,,,0.1,10000.0,real:phishing,20000,9,0.45,0.0,3,prior,gradual,1000,0.3,1.0,False,high,slow,prior/gradual/K=3/high/slow/n/a/balanced/clean,-0.0010000000000000009,-0.0035263157894737107,phishing,реальные,False
scn-b2ec42402498,2027,EDDM,0.8940526315789473,0.022012213000380143,3,3.0,3.0,0.0,3.0,3.0,0.0,0.0,0.0,0.0,1.0,,,3333.3333333333335,3333.3333333333335,,,0.3,10000.0,real:phishing,20000,9,0.45,0.0,3,prior,gradual,1000,0.3,1.0,False,high,slow,prior/gradual/K=3/high/slow/n/a/balanced/clean,-0.003894736842105284,-0.0006315789473684275,phishing,реальные,False
scn-b2ec42402498,2027,HDDM_A,0.8979473684210526,0.07064760499997647,0,3.0,0.0,0.0,3.0,0.0,0.0,,0.0,0.0,1.0,,,inf,10000.0,,,0.0,10000.0,real:phishing,20000,9,0.45,0.0,3,prior,gradual,1000,0.3,1.0,False,high,slow,prior/gradual/K=3/high/slow/n/a/balanced/clean,0.0,-0.004526315789473712,phishing,реальные,False
scn-b2ec42402498,2027,HDDM_W,0.8979473684210526,0.06385892800017245,0,3.0,0.0,0.0,3.0,0.0,0.0,,0.0,0.0,1.0,,,inf,10000.0,,,0.0,10000.0,real:phishing,20000,9,0.45,0.0,3,prior,gradual,1000,0.3,1.0,False,high,slow,prior/gradual/K=3/high/slow/n/a/balanced/clean,0.0,-0.004526315789473712,phishing,реальные,False
scn-b2ec42402498,2027,FHDDM,0.8979473684210526,0.020691079000243917,0,3.0,0.0,0.0,3.0,0.0,0.0,,0.0,0.0,1.0,,,inf,10000.0,,,0.0,10000.0,real:phishing,20000,9,0.45,0.0,3,prior,gradual,1000,0.3,1.0,False,high,slow,prior/gradual/K=3/high/slow/n/a/balanced/clean,0.0,-0.004526315789473712,phishing,реальные,False
scn-b2ec42402498,2027,NoDrift,0.8979473684210526,0.01464172799978769,0,3.0,0.0,0.0,3.0,0.0,0.0,,0.0,0.0,1.0,,,inf,10000.0,,,0.0,10000.0,real:phishing,20000,9,0.45,0.0,3,prior,gradual,1000,0.3,1.0,False,high,slow,prior/gradual/K=3/high/slow/n/a/balanced/clean,0.0,-0.004526315789473712,phishing,реальные,False
scn-b2ec42402498,2027,Periodic(2000),0.8919473684210526,0.016256206999969436,9,3.0,9.0,3.0,0.0,5.0,1.0,0.3333333333333333,1.0,0.5,0.0,1333.6666666666667,1667.0,2000.0,2000.0,1.4996250937265683,1.4996250937265683,0.5,10000.0,real:phishing,20000,9,0.45,0.0,3,prior,gradual,1000,0.3,1.0,False,high,slow,prior/gradual/K=3/high/slow/n/a/balanced/clean,-0.006000000000000005,0.0014736842105262937,phishing,реальные,False
scn-b2ec42402498,2027,Oracle,0.8934210526315789,0.019306297000184713,3,3.0,3.0,3.0,0.0,0.0,0.0,1.0,1.0,1.0,0.0,501.0,501.0,inf,10000.0,inf,19.960079840319363,0.0,10000.0,real:phishing,20000,9,0.45,0.0,3,prior,gradual,1000,0.3,1.0,False,high,slow,prior/gradual/K=3/high/slow/n/a/balanced/clean,-0.004526315789473712,-0.0,phishing,реальные,False
scn-b2ec42402498,2028,ADWIN,0.9034736842105263,0.019159943999966345,0,3.0,0.0,0.0,3.0,0.0,0.0,,0.0,0.0,1.0,,,inf,10000.0,,,0.0,10000.0,real:phishing,20000,9,0.45,0.0,3,prior,gradual,1000,0.3,1.0,False,high,slow,prior/gradual/K=3/high/slow/n/a/balanced/clean,0.0,-0.0016842105263158436,phishing,реальные,False
scn-b2ec42402498,2028,KSWIN,0.9034736842105263,4.136422376000155,0,3.0,0.0,0.0,3.0,0.0,0.0,,0.0,0.0,1.0,,,inf,10000.0,,,0.0,10000.0,real:phishing,20000,9,0.45,0.0,3,prior,gradual,1000,0.3,1.0,False,high,slow,prior/gradual/K=3/high/slow/n/a/balanced/clean,0.0,-0.0016842105263158436,phishing,реальные,False
scn-b2ec42402498,2028,PageHinkley,0.9027894736842105,0.027862224000273272,1,3.0,1.0,0.0,3.0,1.0,0.0,0.0,0.0,0.0,1.0,,,10000.0,10000.0,,,0.1,10000.0,real:phishing,20000,9,0.45,0.0,3,prior,gradual,1000,0.3,1.0,False,high,slow,prior/gradual/K=3/high/slow/n/a/balanced/clean,-0.0006842105263158427,-0.0010000000000000009,phishing,реальные,False
scn-b2ec42402498,2028,PageHinkley-up,0.9034736842105263,0.024711406999813335,0,3.0,0.0,0.0,3.0,0.0,0.0,,0.0,0.0,1.0,,,inf,10000.0,,,0.0,10000.0,real:phishing,20000,9,0.45,0.0,3,prior,gradual,1000,0.3,1.0,False,high,slow,prior/gradual/K=3/high/slow/n/a/balanced/clean,0.0,-0.0016842105263158436,phishing,реальные,False
scn-b2ec42402498,2028,DDM,0.9015263157894737,0.02516004199969757,1,3.0,1.0,0.0,3.0,1.0,0.0,0.0,0.0,0.0,1.0,,,10000.0,10000.0,,,0.1,10000.0,real:phishing,20000,9,0.45,0.0,3,prior,gradual,1000,0.3,1.0,False,high,slow,prior/gradual/K=3/high/slow/n/a/balanced/clean,-0.0019473684210525866,0.000263157894736743,phishing,реальные,False
scn-b2ec42402498,2028,EDDM,0.8994210526315789,0.021416577999843867,2,3.0,2.0,0.0,3.0,2.0,0.0,0.0,0.0,0.0,1.0,,,5000.0,5000.0,,,0.2,10000.0,real:phishing,20000,9,0.45,0.0,3,prior,gradual,1000,0.3,1.0,False,high,slow,prior/gradual/K=3/high/slow/n/a/balanced/clean,-0.004052631578947419,0.002368421052631575,phishing,реальные,False
scn-b2ec42402498,2028,HDDM_A,0.9034736842105263,0.07255205000001297,0,3.0,0.0,0.0,3.0,0.0,0.0,,0.0,0.0,1.0,,,inf,10000.0,,,0.0,10000.0,real:phishing,20000,9,0.45,0.0,3,prior,gradual,1000,0.3,1.0,False,high,slow,prior/gradual/K=3/high/slow/n/a/balanced/clean,0.0,-0.0016842105263158436,phishing,реальные,False
scn-b2ec42402498,2028,HDDM_W,0.9034736842105263,0.06506506100004117,0,3.0,0.0,0.0,3.0,0.0,0.0,,0.0,0.0,1.0,,,inf,10000.0,,,0.0,10000.0,real:phishing,20000,9,0.45,0.0,3,prior,gradual,1000,0.3,1.0,False,high,slow,prior/gradual/K=3/high/slow/n/a/balanced/clean,0.0,-0.0016842105263158436,phishing,реальные,False
scn-b2ec42402498,2028,FHDDM,0.9034736842105263,0.02117554200003724,0,3.0,0.0,0.0,3.0,0.0,0.0,,0.0,0.0,1.0,,,inf,10000.0,,,0.0,10000.0,real:phishing,20000,9,0.45,0.0,3,prior,gradual,1000,0.3,1.0,False,high,slow,prior/gradual/K=3/high/slow/n/a/balanced/clean,0.0,-0.0016842105263158436,phishing,реальные,False
scn-b2ec42402498,2028,NoDrift,0.9034736842105263,0.014666880999811838,0,3.0,0.0,0.0,3.0,0.0,0.0,,0.0,0.0,1.0,,,inf,10000.0,,,0.0,10000.0,real:phishing,20000,9,0.45,0.0,3,prior,gradual,1000,0.3,1.0,False,high,slow,prior/gradual/K=3/high/slow/n/a/balanced/clean,0.0,-0.0016842105263158436,phishing,реальные,False
scn-b2ec42402498,2028,Periodic(2000),0.8937368421052632,0.017700504000004003,9,3.0,9.0,3.0,0.0,5.0,1.0,0.3333333333333333,1.0,0.5,0.0,1333.6666666666667,1667.0,2000.0,2000.0,1.4996250937265683,1.4996250937265683,0.5,10000.0,real:phishing,20000,9,0.45,0.0,3,prior,gradual,1000,0.3,1.0,False,high,slow,prior/gradual/K=3/high/slow/n/a/balanced/clean,-0.009736842105263155,0.008052631578947311,phishing,реальные,False
scn-b2ec42402498,2028,Oracle,0.9017894736842105,0.018626350999966235,3,3.0,3.0,3.0,0.0,0.0,0.0,1.0,1.0,1.0,0.0,501.0,501.0,inf,10000.0,inf,19.960079840319363,0.0,10000.0,real:phishing,20000,9,0.45,0.0,3,prior,gradual,1000,0.3,1.0,False,high,slow,prior/gradual/K=3/high/slow/n/a/balanced/clean,-0.0016842105263158436,-0.0,phishing,реальные,False
scn-b2ec42402498,2029,ADWIN,0.9021052631578947,0.01901917500026684,0,3.0,0.0,0.0,3.0,0.0,0.0,,0.0,0.0,1.0,,,inf,10000.0,,,0.0,10000.0,real:phishing,20000,9,0.45,0.0,3,prior,gradual,1000,0.3,1.0,False,high,slow,prior/gradual/K=3/high/slow/n/a/balanced/clean,0.0,-0.0014736842105262937,phishing,реальные,False
scn-b2ec42402498,2029,KSWIN,0.9021052631578947,4.103133706000335,0,3.0,0.0,0.0,3.0,0.0,0.0,,0.0,0.0,1.0,,,inf,10000.0,,,0.0,10000.0,real:phishing,20000,9,0.45,0.0,3,prior,gradual,1000,0.3,1.0,False,high,slow,prior/gradual/K=3/high/slow/n/a/balanced/clean,0.0,-0.0014736842105262937,phishing,реальные,False
scn-b2ec42402498,2029,PageHinkley,0.901578947368421,0.025785911999719247,1,3.0,1.0,1.0,2.0,0.0,0.0,1.0,0.3333333333333333,0.5,0.6666666666666667,2932.0,2932.0,inf,10000.0,inf,1.1368804001819006,0.0,10000.0,real:phishing,20000,9,0.45,0.0,3,prior,gradual,1000,0.3,1.0,False,high,slow,prior/gradual/K=3/high/slow/n/a/balanced/clean,-0.000526315789473708,-0.0009473684210525857,phishing,реальные,False
scn-b2ec42402498,2029,PageHinkley-up,0.9021052631578947,0.024583655999776965,0,3.0,0.0,0.0,3.0,0.0,0.0,,0.0,0.0,1.0,,,inf,10000.0,,,0.0,10000.0,real:phishing,20000,9,0.45,0.0,3,prior,gradual,1000,0.3,1.0,False,high,slow,prior/gradual/K=3/high/slow/n/a/balanced/clean,0.0,-0.0014736842105262937,phishing,реальные,False
scn-b2ec42402498,2029,DDM,0.899578947368421,0.024719357000321907,1,3.0,1.0,0.0,3.0,1.0,0.0,0.0,0.0,0.0,1.0,,,10000.0,10000.0,,,0.1,10000.0,real:phishing,20000,9,0.45,0.0,3,prior,gradual,1000,0.3,1.0,False,high,slow,prior/gradual/K=3/high/slow/n/a/balanced/clean,-0.00252631578947371,0.001052631578947416,phishing,реальные,False
scn-b2ec42402498,2029,EDDM,0.901,0.020505921999756538,1,3.0,1.0,0.0,3.0,1.0,0.0,0.0,0.0,0.0,1.0,,,10000.0,10000.0,,,0.1,10000.0,real:phishing,20000,9,0.45,0.0,3,prior,gradual,1000,0.3,1.0,False,high,slow,prior/gradual/K=3/high/slow/n/a/balanced/clean,-0.0011052631578947203,-0.00036842105263157343,phishing,реальные,False
scn-b2ec42402498,2029,HDDM_A,0.9021052631578947,0.07351111800016952,0,3.0,0.0,0.0,3.0,0.0,0.0,,0.0,0.0,1.0,,,inf,10000.0,,,0.0,10000.0,real:phishing,20000,9,0.45,0.0,3,prior,gradual,1000,0.3,1.0,False,high,slow,prior/gradual/K=3/high/slow/n/a/balanced/clean,0.0,-0.0014736842105262937,phishing,реальные,False
scn-b2ec42402498,2029,HDDM_W,0.9021052631578947,0.06356052099999943,0,3.0,0.0,0.0,3.0,0.0,0.0,,0.0,0.0,1.0,,,inf,10000.0,,,0.0,10000.0,real:phishing,20000,9,0.45,0.0,3,prior,gradual,1000,0.3,1.0,False,high,slow,prior/gradual/K=3/high/slow/n/a/balanced/clean,0.0,-0.0014736842105262937,phishing,реальные,False
scn-b2ec42402498,2029,FHDDM,0.9021052631578947,0.021189763999700517,0,3.0,0.0,0.0,3.0,0.0,0.0,,0.0,0.0,1.0,,,inf,10000.0,,,0.0,10000.0,real:phishing,20000,9,0.45,0.0,3,prior,gradual,1000,0.3,1.0,False,high,slow,prior/gradual/K=3/high/slow/n/a/balanced/clean,0.0,-0.0014736842105262937,phishing,реальные,False
scn-b2ec42402498,2029,NoDrift,0.9021052631578947,0.01510598899994875,0,3.0,0.0,0.0,3.0,0.0,0.0,,0.0,0.0,1.0,,,inf,10000.0,,,0.0,10000.0,real:phishing,20000,9,0.45,0.0,3,prior,gradual,1000,0.3,1.0,False,high,slow,prior/gradual/K=3/high/slow/n/a/balanced/clean,0.0,-0.0014736842105262937,phishing,реальные,False
scn-b2ec42402498,2029,Periodic(2000),0.8976315789473684,0.016598090000115917,9,3.0,9.0,3.0,0.0,5.0,1.0,0.3333333333333333,1.0,0.5,0.0,1333.6666666666667,1667.0,2000.0,2000.0,1.4996250937265683,1.4996250937265683,0.5,10000.0,real:phishing,20000,9,0.45,0.0,3,prior,gradual,1000,0.3,1.0,False,high,slow,prior/gradual/K=3/high/slow/n/a/balanced/clean,-0.004473684210526296,0.0030000000000000027,phishing,реальные,False
scn-b2ec42402498,2029,Oracle,0.9006315789473684,0.01882952200003274,3,3.0,3.0,3.0,0.0,0.0,0.0,1.0,1.0,1.0,0.0,501.0,501.0,inf,10000.0,inf,19.960079840319363,0.0,10000.0,real:phishing,20000,9,0.45,0.0,3,prior,gradual,1000,0.3,1.0,False,high,slow,prior/gradual/K=3/high/slow/n/a/balanced/clean,-0.0014736842105262937,-0.0,phishing,реальные,False
scn-6f2775f86118,2027,ADWIN,0.9360526315789474,0.023292679999940447,6,3.0,6.0,1.0,2.0,4.0,1.0,0.16666666666666666,0.3333333333333333,0.2222222222222222,0.6666666666666667,1248.0,1248.0,2500.0,2500.0,0.6677350427350426,0.6677350427350426,0.4,10000.0,hyperplane_gauss,20000,9,0.45,0.0,3,real,gradual,1000,0.1,1.0,False,medium,slow,real/gradual/K=3/medium/slow/global/balanced/clean,0.005210526315789443,0.014473684210526305,phishing,синтетика,False
scn-6f2775f86118,2027,KSWIN,0.9308421052631579,4.183519028999854,0,3.0,0.0,0.0,3.0,0.0,0.0,,0.0,0.0,1.0,,,inf,10000.0,,,0.0,10000.0,hyperplane_gauss,20000,9,0.45,0.0,3,real,gradual,1000,0.1,1.0,False,medium,slow,real/gradual/K=3/medium/slow/global/balanced/clean,0.0,0.01968421052631575,phishing,синтетика,False
scn-6f2775f86118,2027,PageHinkley,0.9248947368421052,0.049564436999844474,11,3.0,11.0,2.0,1.0,4.0,5.0,0.18181818181818182,0.6666666666666666,0.28571428571428575,0.33333333333333337,980.5,980.5,2500.0,2500.0,1.6998130205677375,1.6998130205677375,0.4,10000.0,hyperplane_gauss,20000,9,0.45,0.0,3,real,gradual,1000,0.1,1.0,False,medium,slow,real/gradual/K=3/medium/slow/global/balanced/clean,-0.005947368421052701,0.02563157894736845,phishing,синтетика,False
scn-6f2775f86118,2027,PageHinkley-up,0.9481578947368421,0.024786355999822263,2,3.0,2.0,2.0,1.0,0.0,0.0,1.0,0.6666666666666666,0.8,0.33333333333333337,1379.5,1379.5,inf,10000.0,inf,4.832668841367645,0.0,10000.0,hyperplane_gauss,20000,9,0.45,0.0,3,real,gradual,1000,0.1,1.0,False,medium,slow,real/gradual/K=3/medium/slow/global/balanced/clean,0.017315789473684173,0.002368421052631575,phishing,синтетика,False
scn-6f2775f86118,2027,DDM,0.9443684210526315,0.025098419000187278,3,3.0,3.0,3.0,0.0,0.0,0.0,1.0,1.0,1.0,0.0,1167.0,1034.0,inf,10000.0,inf,8.56898029134533,0.0,10000.0,hyperplane_gauss,20000,9,0.45,0.0,3,real,gradual,1000,0.1,1.0,False,medium,slow,real/gradual/K=3/medium/slow/global/balanced/clean,0.013526315789473609,0.00615789473684214,phishing,синтетика,False
scn-6f2775f86118,2027,EDDM,0.9446842105263158,0.02000947000033193,3,3.0,3.0,2.0,1.0,1.0,0.0,0.6666666666666666,0.6666666666666666,0.6666666666666666,0.33333333333333337,1490.0,1490.0,10000.0,10000.0,4.47427293064877,4.47427293064877,0.1,10000.0,hyperplane_gauss,20000,9,0.45,0.0,3,real,gradual,1000,0.1,1.0,False,medium,slow,real/gradual/K=3/medium/slow/global/balanced/clean,0.013842105263157878,0.005842105263157871,phishing,синтетика,False
scn-6f2775f86118,2027,HDDM_A,0.9431578947368421,0.10032111700002133,1,3.0,1.0,1.0,2.0,0.0,0.0,1.0,0.3333333333333333,0.5,0.6666666666666667,1766.0,1766.0,inf,10000.0,inf,1.8875047187617964,0.0,10000.0,hyperplane_gauss,20000,9,0.45,0.0,3,real,gradual,1000,0.1,1.0,False,medium,slow,real/gradual/K=3/medium/slow/global/balanced/clean,0.012315789473684169,0.00736842105263158,phishing,синтетика,False
scn-6f2775f86118,2027,HDDM_W,0.9308421052631579,0.06447941899978105,0,3.0,0.0,0.0,3.0,0.0,0.0,,0.0,0.0,1.0,,,inf,10000.0,,,0.0,10000.0,hyperplane_gauss,20000,9,0.45,0.0,3,real,gradual,1000,0.1,1.0,False,medium,slow,real/gradual/K=3/medium/slow/global/balanced/clean,0.0,0.01968421052631575,phishing,синтетика,False
scn-6f2775f86118,2027,FHDDM,0.9308421052631579,0.03375371699985408,0,3.0,0.0,0.0,3.0,0.0,0.0,,0.0,0.0,1.0,,,inf,10000.0,,,0.0,10000.0,hyperplane_gauss,20000,9,0.45,0.0,3,real,gradual,1000,0.1,1.0,False,medium,slow,real/gradual/K=3/medium/slow/global/balanced/clean,0.0,0.01968421052631575,phishing,синтетика,False
scn-6f2775f86118,2027,NoDrift,0.9308421052631579,0.015255275000072288,0,3.0,0.0,0.0,3.0,0.0,0.0,,0.0,0.0,1.0,,,inf,10000.0,,,0.0,10000.0,hyperplane_gauss,20000,9,0.45,0.0,3,real,gradual,1000,0.1,1.0,False,medium,slow,real/gradual/K=3/medium/slow/global/balanced/clean,0.0,0.01968421052631575,phishing,синтетика,False
scn-6f2775f86118,2027,Periodic(2000),0.9295789473684211,0.01601980299983552,9,3.0,9.0,3.0,0.0,5.0,1.0,0.3333333333333333,1.0,0.5,0.0,1333.6666666666667,1667.0,2000.0,2000.0,1.4996250937265683,1.4996250937265683,0.5,10000.0,hyperplane_gauss,20000,9,0.45,0.0,3,real,gradual,1000,0.1,1.0,False,medium,slow,real/gradual/K=3/medium/slow/global/balanced/clean,-0.001263157894736855,0.020947368421052603,phishing,синтетика,False
scn-6f2775f86118,2027,Oracle,0.9505263157894737,0.018453855000188923,3,3.0,3.0,3.0,0.0,0.0,0.0,1.0,1.0,1.0,0.0,501.0,501.0,inf,10000.0,inf,19.960079840319363,0.0,10000.0,hyperplane_gauss,20000,9,0.45,0.0,3,real,gradual,1000,0.1,1.0,False,medium,slow,real/gradual/K=3/medium/slow/global/balanced/clean,0.01968421052631575,-0.0,phishing,синтетика,False
scn-6f2775f86118,2028,ADWIN,0.9224736842105263,0.02457478299993454,8,3.0,8.0,2.0,1.0,6.0,0.0,0.25,0.6666666666666666,0.36363636363636365,0.33333333333333337,1873.5,1873.5,1666.6666666666667,1666.6666666666667,0.5930670462295762,0.5930670462295762,0.6,10000.0,hyperplane_gauss,20000,9,0.45,0.0,3,real,gradual,1000,0.1,1.0,False,medium,slow,real/gradual/K=3/medium/slow/global/balanced/clean,-0.0016315789473684283,0.026473684210526316,phishing,синтетика,False
scn-6f2775f86118,2028,KSWIN,0.9241052631578948,4.184780798999782,0,3.0,0.0,0.0,3.0,0.0,0.0,,0.0,0.0,1.0,,,inf,10000.0,,,0.0,10000.0,hyperplane_gauss,20000,9,0.45,0.0,3,real,gradual,1000,0.1,1.0,False,medium,slow,real/gradual/K=3/medium/slow/global/balanced/clean,0.0,0.024842105263157888,phishing,синтетика,False
scn-6f2775f86118,2028,PageHinkley,0.9215263157894736,0.03140897200000836,8,3.0,8.0,2.0,1.0,5.0,1.0,0.25,0.6666666666666666,0.36363636363636365,0.33333333333333337,2435.0,2435.0,2000.0,2000.0,0.5475701574264202,0.5475701574264202,0.5,10000.0,hyperplane_gauss,20000,9,0.45,0.0,3,real,gradual,1000,0.1,1.0,False,medium,slow,real/gradual/K=3/medium/slow/global/balanced/clean,-0.002578947368421125,0.027421052631579013,phishing,синтетика,False
scn-6f2775f86118,2028,PageHinkley-up,0.9388421052631579,0.025288452000040706,2,3.0,2.0,2.0,1.0,0.0,0.0,1.0,0.6666666666666666,0.8,0.33333333333333337,1698.5,1698.5,inf,10000.0,inf,3.925031890884113,0.0,10000.0,hyperplane_gauss,20000,9,0.45,0.0,3,real,gradual,1000,0.1,1.0,False,medium,slow,real/gradual/K=3/medium/slow/global/balanced/clean,0.01473684210526316,0.010105263157894728,phishing,синтетика,False
scn-6f2775f86118,2028,DDM,0.9437368421052632,0.030268427999999403,3,3.0,3.0,3.0,0.0,0.0,0.0,1.0,1.0,1.0,0.0,1282.0,1114.0,inf,10000.0,inf,7.800312012480499,0.0,10000.0,hyperplane_gauss,20000,9,0.45,0.0,3,real,gradual,1000,0.1,1.0,False,medium,slow,real/gradual/K=3/medium/slow/global/balanced/clean,0.019631578947368444,0.005210526315789443,phishing,синтетика,False
scn-6f2775f86118,2028,EDDM,0.9387368421052632,0.021623558000101184,4,3.0,4.0,3.0,0.0,1.0,0.0,0.75,1.0,0.8571428571428571,0.0,1461.3333333333333,1533.0,10000.0,10000.0,6.843065693430657,6.843065693430657,0.1,10000.0,hyperplane_gauss,20000,9,0.45,0.0,3,real,gradual,1000,0.1,1.0,False,medium,slow,real/gradual/K=3/medium/slow/global/balanced/clean,0.01463157894736844,0.010210526315789448,phishing,синтетика,False
scn-6f2775f86118,2028,HDDM_A,0.9252631578947368,0.08324435899976379,1,3.0,1.0,1.0,2.0,0.0,0.0,1.0,0.3333333333333333,0.5,0.6666666666666667,2638.0,2638.0,inf,10000.0,inf,1.2635835228708614,0.0,10000.0,hyperplane_gauss,20000,9,0.45,0.0,3,real,gradual,1000,0.1,1.0,False,medium,slow,real/gradual/K=3/medium/slow/global/balanced/clean,0.0011578947368420245,0.023684210526315863,phishing,синтетика,False
scn-6f2775f86118,2028,HDDM_W,0.9241052631578948,0.06658234299993637,0,3.0,0.0,0.0,3.0,0.0,0.0,,0.0,0.0,1.0,,,inf,10000.0,,,0.0,10000.0,hyperplane_gauss,20000,9,0.45,0.0,3,real,gradual,1000,0.1,1.0,False,medium,slow,real/gradual/K=3/medium/slow/global/balanced/clean,0.0,0.024842105263157888,phishing,синтетика,False
scn-6f2775f86118,2028,FHDDM,0.9241052631578948,0.021375612000156252,0,3.0,0.0,0.0,3.0,0.0,0.0,,0.0,0.0,1.0,,,inf,10000.0,,,0.0,10000.0,hyperplane_gauss,20000,9,0.45,0.0,3,real,gradual,1000,0.1,1.0,False,medium,slow,real/gradual/K=3/medium/slow/global/balanced/clean,0.0,0.024842105263157888,phishing,синтетика,False
scn-6f2775f86118,2028,NoDrift,0.9241052631578948,0.014833760999863443,0,3.0,0.0,0.0,3.0,0.0,0.0,,0.0,0.0,1.0,,,inf,10000.0,,,0.0,10000.0,hyperplane_gauss,20000,9,0.45,0.0,3,real,gradual,1000,0.1,1.0,False,medium,slow,real/gradual/K=3/medium/slow/global/balanced/clean,0.0,0.024842105263157888,phishing,синтетика,False
scn-6f2775f86118,2028,Periodic(2000),0.9293684210526316,0.016069572000105836,9,3.0,9.0,3.0,0.0,5.0,1.0,0.3333333333333333,1.0,0.5,0.0,1333.6666666666667,1667.0,2000.0,2000.0,1.4996250937265683,1.4996250937265683,0.5,10000.0,hyperplane_gauss,20000,9,0.45,0.0,3,real,gradual,1000,0.1,1.0,False,medium,slow,real/gradual/K=3/medium/slow/global/balanced/clean,0.0052631578947368585,0.01957894736842103,phishing,синтетика,False
scn-6f2775f86118,2028,Oracle,0.9489473684210527,0.01878144300007989,3,3.0,3.0,3.0,0.0,0.0,0.0,1.0,1.0,1.0,0.0,501.0,501.0,inf,10000.0,inf,19.960079840319363,0.0,10000.0,hyperplane_gauss,20000,9,0.45,0.0,3,real,gradual,1000,0.1,1.0,False,medium,slow,real/gradual/K=3/medium/slow/global/balanced/clean,0.024842105263157888,-0.0,phishing,синтетика,False
scn-6f2775f86118,2029,ADWIN,0.9244210526315789,0.02215447500020673,4,3.0,4.0,2.0,1.0,1.0,1.0,0.5,0.6666666666666666,0.5714285714285715,0.33333333333333337,1968.5,1968.5,10000.0,10000.0,3.3866734400135465,3.3866734400135465,0.1,10000.0,hyperplane_gauss,20000,9,0.45,0.0,3,real,gradual,1000,0.1,1.0,False,medium,slow,real/gradual/K=3/medium/slow/global/balanced/clean,0.002263157894736856,0.026105263157894742,phishing,синтетика,False
scn-6f2775f86118,2029,KSWIN,0.9221578947368421,4.075245303999964,0,3.0,0.0,0.0,3.0,0.0,0.0,,0.0,0.0,1.0,,,inf,10000.0,,,0.0,10000.0,hyperplane_gauss,20000,9,0.45,0.0,3,real,gradual,1000,0.1,1.0,False,medium,slow,real/gradual/K=3/medium/slow/global/balanced/clean,0.0,0.0283684210526316,phishing,синтетика,False
scn-6f2775f86118,2029,PageHinkley,0.9020526315789473,0.03946946000041862,18,3.0,18.0,3.0,0.0,10.0,5.0,0.16666666666666666,1.0,0.2857142857142857,0.0,841.6666666666666,944.0,1000.0,1000.0,1.188118811881188,1.188118811881188,1.0,10000.0,hyperplane_gauss,20000,9,0.45,0.0,3,real,gradual,1000,0.1,1.0,False,medium,slow,real/gradual/K=3/medium/slow/global/balanced/clean,-0.020105263157894737,0.048473684210526335,phishing,синтетика,False
scn-6f2775f86118,2029,PageHinkley-up,0.9384210526315789,0.02626361500006169,3,3.0,3.0,3.0,0.0,0.0,0.0,1.0,1.0,1.0,0.0,1703.6666666666667,1815.0,inf,10000.0,inf,5.869692819409117,0.0,10000.0,hyperplane_gauss,20000,9,0.45,0.0,3,real,gradual,1000,0.1,1.0,False,medium,slow,real/gradual/K=3/medium/slow/global/balanced/clean,0.016263157894736868,0.01210526315789473,phishing,синтетика,False
scn-6f2775f86118,2029,DDM,0.9471052631578948,0.025399509000180842,3,3.0,3.0,3.0,0.0,0.0,0.0,1.0,1.0,1.0,0.0,843.0,987.0,inf,10000.0,inf,11.862396204033216,0.0,10000.0,hyperplane_gauss,20000,9,0.45,0.0,3,real,gradual,1000,0.1,1.0,False,medium,slow,real/gradual/K=3/medium/slow/global/balanced/clean,0.024947368421052718,0.0034210526315788803,phishing,синтетика,False
scn-6f2775f86118,2029,EDDM,0.9319473684210526,0.022844385000098555,5,3.0,5.0,2.0,1.0,1.0,2.0,0.4,0.6666666666666666,0.5,0.33333333333333337,2080.5,2080.5,10000.0,10000.0,3.204357926780421,3.204357926780421,0.1,10000.0,hyperplane_gauss,20000,9,0.45,0.0,3,real,gradual,1000,0.1,1.0,False,medium,slow,real/gradual/K=3/medium/slow/global/balanced/clean,0.00978947368421057,0.018578947368421028,phishing,синтетика,False
scn-6f2775f86118,2029,HDDM_A,0.9221578947368421,0.07679195199989408,0,3.0,0.0,0.0,3.0,0.0,0.0,,0.0,0.0,1.0,,,inf,10000.0,,,0.0,10000.0,hyperplane_gauss,20000,9,0.45,0.0,3,real,gradual,1000,0.1,1.0,False,medium,slow,real/gradual/K=3/medium/slow/global/balanced/clean,0.0,0.0283684210526316,phishing,синтетика,False
scn-6f2775f86118,2029,HDDM_W,0.9221578947368421,0.06453917400040154,0,3.0,0.0,0.0,3.0,0.0,0.0,,0.0,0.0,1.0,,,inf,10000.0,,,0.0,10000.0,hyperplane_gauss,20000,9,0.45,0.0,3,real,gradual,1000,0.1,1.0,False,medium,slow,real/gradual/K=3/medium/slow/global/balanced/clean,0.0,0.0283684210526316,phishing,синтетика,False
scn-6f2775f86118,2029,FHDDM,0.9221578947368421,0.02133811700014121,0,3.0,0.0,0.0,3.0,0.0,0.0,,0.0,0.0,1.0,,,inf,10000.0,,,0.0,10000.0,hyperplane_gauss,20000,9,0.45,0.0,3,real,gradual,1000,0.1,1.0,False,medium,slow,real/gradual/K=3/medium/slow/global/balanced/clean,0.0,0.0283684210526316,phishing,синтетика,False
scn-6f2775f86118,2029,NoDrift,0.9221578947368421,0.0145139679998465,0,3.0,0.0,0.0,3.0,0.0,0.0,,0.0,0.0,1.0,,,inf,10000.0,,,0.0,10000.0,hyperplane_gauss,20000,9,0.45,0.0,3,real,gradual,1000,0.1,1.0,False,medium,slow,real/gradual/K=3/medium/slow/global/balanced/clean,0.0,0.0283684210526316,phishing,синтетика,False
scn-6f2775f86118,2029,Periodic(2000),0.9277368421052632,0.016872980000243842,9,3.0,9.0,3.0,0.0,5.0,1.0,0.3333333333333333,1.0,0.5,0.0,1333.6666666666667,1667.0,2000.0,2000.0,1.4996250937265683,1.4996250937265683,0.5,10000.0,hyperplane_gauss,20000,9,0.45,0.0,3,real,gradual,1000,0.1,1.0,False,medium,slow,real/gradual/K=3/medium/slow/global/balanced/clean,0.005578947368421128,0.02278947368421047,phishing,синтетика,False
scn-6f2775f86118,2029,Oracle,0.9505263157894737,0.02148920999979964,3,3.0,3.0,3.0,0.0,0.0,0.0,1.0,1.0,1.0,0.0,501.0,501.0,inf,10000.0,inf,19.960079840319363,0.0,10000.0,hyperplane_gauss,20000,9,0.45,0.0,3,real,gradual,1000,0.1,1.0,False,medium,slow,real/gradual/K=3/medium/slow/global/balanced/clean,0.0283684210526316,-0.0,phishing,синтетика,False
scn-3b9780bc191d,2027,ADWIN,0.9116315789473685,0.025560672000210616,8,3.0,8.0,2.0,1.0,3.0,3.0,0.25,0.6666666666666666,0.36363636363636365,0.33333333333333337,511.0,511.0,3333.3333333333335,3333.3333333333335,4.348771472059143,4.348771472059143,0.3,10000.0,hyperplane_gauss,20000,9,0.45,0.0,3,real,gradual,1000,0.3,1.0,False,high,slow,real/gradual/K=3/high/slow/global/balanced/clean,0.09978947368421054,0.02521052631578946,phishing,синтетика,False
scn-3b9780bc191d,2027,KSWIN,0.8118421052631579,4.04537508500016,0,3.0,0.0,0.0,3.0,0.0,0.0,,0.0,0.0,1.0,,,inf,10000.0,,,0.0,10000.0,hyperplane_gauss,20000,9,0.45,0.0,3,real,gradual,1000,0.3,1.0,False,high,slow,real/gradual/K=3/high/slow/global/balanced/clean,0.0,0.125,phishing,синтетика,False
scn-3b9780bc191d,2027,PageHinkley,0.8974210526315789,0.047640823000165256,17,3.0,17.0,3.0,0.0,8.0,6.0,0.17647058823529413,1.0,0.3,0.0,1119.0,859.0,1250.0,1250.0,1.1170688114387846,1.1170688114387846,0.8,10000.0,hyperplane_gauss,20000,9,0.45,0.0,3,real,gradual,1000,0.3,1.0,False,high,slow,real/gradual/K=3/high/slow/global/balanced/clean,0.08557894736842098,0.03942105263157902,phishing,синтетика,False
scn-3b9780bc191d,2027,PageHinkley-up,0.9357894736842105,0.02830664800012528,3,3.0,3.0,3.0,0.0,0.0,0.0,1.0,1.0,1.0,0.0,635.0,616.0,inf,10000.0,inf,15.748031496062993,0.0,10000.0,hyperplane_gauss,20000,9,0.45,0.0,3,real,gradual,1000,0.3,1.0,False,high,slow,real/gradual/K=3/high/slow/global/balanced/clean,0.12394736842105258,0.001052631578947416,phishing,синтетика,False
scn-3b9780bc191d,2027,DDM,0.9374210526315789,0.026983132000168553,3,3.0,3.0,3.0,0.0,0.0,0.0,1.0,1.0,1.0,0.0,507.6666666666667,552.0,inf,10000.0,inf,19.697964543663822,0.0,10000.0,hyperplane_gauss,20000,9,0.45,0.0,3,real,gradual,1000,0.3,1.0,False,high,slow,real/gradual/K=3/high/slow/global/balanced/clean,0.125578947368421,-0.0005789473684210122,phishing,синтетика,False
scn-3b9780bc191d,2027,EDDM,0.9335263157894736,0.022290444999725878,4,3.0,4.0,3.0,0.0,1.0,0.0,0.75,1.0,0.8571428571428571,0.0,570.6666666666666,612.0,10000.0,10000.0,17.52336448598131,17.52336448598131,0.1,10000.0,hyperplane_gauss,20000,9,0.45,0.0,3,real,gradual,1000,0.3,1.0,False,high,slow,real/gradual/K=3/high/slow/global/balanced/clean,0.12168421052631573,0.003315789473684272,phishing,синтетика,False
scn-3b9780bc191d,2027,HDDM_A,0.9363157894736842,0.12886785299997428,3,3.0,3.0,3.0,0.0,0.0,0.0,1.0,1.0,1.0,0.0,627.6666666666666,595.0,inf,10000.0,inf,15.932023366967606,0.0,10000.0,hyperplane_gauss,20000,9,0.45,0.0,3,real,gradual,1000,0.3,1.0,False,high,slow,real/gradual/K=3/high/slow/global/balanced/clean,0.12447368421052629,0.000526315789473708,phishing,синтетика,False
scn-3b9780bc191d,2027,HDDM_W,0.9077368421052632,0.0756293449999248,3,3.0,3.0,2.0,1.0,1.0,0.0,0.6666666666666666,0.6666666666666666,0.6666666666666666,0.33333333333333337,888.0,888.0,10000.0,10000.0,7.507507507507507,7.507507507507507,0.1,10000.0,hyperplane_gauss,20000,9,0.45,0.0,3,real,gradual,1000,0.3,1.0,False,high,slow,real/gradual/K=3/high/slow/global/balanced/clean,0.09589473684210525,0.029105263157894745,phishing,синтетика,False
scn-3b9780bc191d,2027,FHDDM,0.9357368421052632,0.02437575999965702,3,3.0,3.0,3.0,0.0,0.0,0.0,1.0,1.0,1.0,0.0,706.3333333333334,733.0,inf,10000.0,inf,14.157621519584708,0.0,10000.0,hyperplane_gauss,20000,9,0.45,0.0,3,real,gradual,1000,0.3,1.0,False,high,slow,real/gradual/K=3/high/slow/global/balanced/clean,0.12389473684210528,0.0011052631578947203,phishing,синтетика,False
scn-3b9780bc191d,2027,NoDrift,0.8118421052631579,0.015072145999965869,0,3.0,0.0,0.0,3.0,0.0,0.0,,0.0,0.0,1.0,,,inf,10000.0,,,0.0,10000.0,hyperplane_gauss,20000,9,0.45,0.0,3,real,gradual,1000,0.3,1.0,False,high,slow,real/gradual/K=3/high/slow/global/balanced/clean,0.0,0.125,phishing,синтетика,False
scn-3b9780bc191d,2027,Periodic(2000),0.9137368421052632,0.016684985000210872,9,3.0,9.0,3.0,0.0,5.0,1.0,0.3333333333333333,1.0,0.5,0.0,1333.6666666666667,1667.0,2000.0,2000.0,1.4996250937265683,1.4996250937265683,0.5,10000.0,hyperplane_gauss,20000,9,0.45,0.0,3,real,gradual,1000,0.3,1.0,False,high,slow,real/gradual/K=3/high/slow/global/balanced/clean,0.10189473684210526,0.02310526315789474,phishing,синтетика,False
scn-3b9780bc191d,2027,Oracle,0.9368421052631579,0.019115971999781323,3,3.0,3.0,3.0,0.0,0.0,0.0,1.0,1.0,1.0,0.0,501.0,501.0,inf,10000.0,inf,19.960079840319363,0.0,10000.0,hyperplane_gauss,20000,9,0.45,0.0,3,real,gradual,1000,0.3,1.0,False,high,slow,real/gradual/K=3/high/slow/global/balanced/clean,0.125,-0.0,phishing,синтетика,False
scn-3b9780bc191d,2028,ADWIN,0.9127894736842105,0.028499091999947268,11,3.0,11.0,3.0,0.0,3.0,5.0,0.2727272727272727,1.0,0.42857142857142855,0.0,619.0,579.0,3333.3333333333335,3333.3333333333335,5.385029617662897,5.385029617662897,0.3,10000.0,hyperplane_gauss,20000,9,0.45,0.0,3,real,gradual,1000,0.3,1.0,False,high,slow,real/gradual/K=3/high/slow/global/balanced/clean,0.10784210526315785,0.020105263157894737,phishing,синтетика,False
scn-3b9780bc191d,2028,KSWIN,0.8049473684210526,4.095787251999809,0,3.0,0.0,0.0,3.0,0.0,0.0,,0.0,0.0,1.0,,,inf,10000.0,,,0.0,10000.0,hyperplane_gauss,20000,9,0.45,0.0,3,real,gradual,1000,0.3,1.0,False,high,slow,real/gradual/K=3/high/slow/global/balanced/clean,0.0,0.1279473684210526,phishing,синтетика,False
scn-3b9780bc191d,2028,PageHinkley,0.9031052631578947,0.03586586699975669,12,3.0,12.0,3.0,0.0,6.0,3.0,0.25,1.0,0.4,0.0,1349.0,1035.0,1666.6666666666667,1666.6666666666667,1.2354830738818878,1.2354830738818878,0.6,10000.0,hyperplane_gauss,20000,9,0.45,0.0,3,real,gradual,1000,0.3,1.0,False,high,slow,real/gradual/K=3/high/slow/global/balanced/clean,0.09815789473684211,0.029789473684210477,phishing,синтетика,False
scn-3b9780bc191d,2028,PageHinkley-up,0.9328947368421052,0.027421867000157363,3,3.0,3.0,3.0,0.0,0.0,0.0,1.0,1.0,1.0,0.0,631.3333333333334,624.0,inf,10000.0,inf,15.83949313621964,0.0,10000.0,hyperplane_gauss,20000,9,0.45,0.0,3,real,gradual,1000,0.3,1.0,False,high,slow,real/gradual/K=3/high/slow/global/balanced/clean,0.1279473684210526,-0.0,phishing,синтетика,False
scn-3b9780bc191d,2028,DDM,0.9330526315789474,0.02711395899996205,3,3.0,3.0,3.0,0.0,0.0,0.0,1.0,1.0,1.0,0.0,590.0,574.0,inf,10000.0,inf,16.949152542372882,0.0,10000.0,hyperplane_gauss,20000,9,0.45,0.0,3,real,gradual,1000,0.3,1.0,False,high,slow,real/gradual/K=3/high/slow/global/balanced/clean,0.12810526315789472,-0.00015789473684213462,phishing,синтетика,False
scn-3b9780bc191d,2028,EDDM,0.9281578947368421,0.02772038800003429,9,3.0,9.0,3.0,0.0,1.0,5.0,0.3333333333333333,1.0,0.5,0.0,588.0,603.0,10000.0,10000.0,17.006802721088434,17.006802721088434,0.1,10000.0,hyperplane_gauss,20000,9,0.45,0.0,3,real,gradual,1000,0.3,1.0,False,high,slow,real/gradual/K=3/high/slow/global/balanced/clean,0.12321052631578944,0.00473684210526315,phishing,синтетика,False
scn-3b9780bc191d,2028,HDDM_A,0.9321578947368421,0.13009261399975003,3,3.0,3.0,3.0,0.0,0.0,0.0,1.0,1.0,1.0,0.0,625.6666666666666,632.0,inf,10000.0,inf,15.982951518380395,0.0,10000.0,hyperplane_gauss,20000,9,0.45,0.0,3,real,gradual,1000,0.3,1.0,False,high,slow,real/gradual/K=3/high/slow/global/balanced/clean,0.12721052631578944,0.0007368421052631469,phishing,синтетика,False
scn-3b9780bc191d,2028,HDDM_W,0.9266842105263158,0.07318271399981313,3,3.0,3.0,3.0,0.0,0.0,0.0,1.0,1.0,1.0,0.0,1006.3333333333334,925.0,inf,10000.0,inf,9.937065253395163,0.0,10000.0,hyperplane_gauss,20000,9,0.45,0.0,3,real,gradual,1000,0.3,1.0,False,high,slow,real/gradual/K=3/high/slow/global/balanced/clean,0.12173684210526314,0.006210526315789444,phishing,синтетика,False
scn-3b9780bc191d,2028,FHDDM,0.9309473684210526,0.02400145700039502,3,3.0,3.0,3.0,0.0,0.0,0.0,1.0,1.0,1.0,0.0,757.3333333333334,756.0,inf,10000.0,inf,13.204225352112676,0.0,10000.0,hyperplane_gauss,20000,9,0.45,0.0,3,real,gradual,1000,0.3,1.0,False,high,slow,real/gradual/K=3/high/slow/global/balanced/clean,0.126,0.0019473684210525866,phishing,синтетика,False
scn-3b9780bc191d,2028,NoDrift,0.8049473684210526,0.014917211000010866,0,3.0,0.0,0.0,3.0,0.0,0.0,,0.0,0.0,1.0,,,inf,10000.0,,,0.0,10000.0,hyperplane_gauss,20000,9,0.45,0.0,3,real,gradual,1000,0.3,1.0,False,high,slow,real/gradual/K=3/high/slow/global/balanced/clean,0.0,0.1279473684210526,phishing,синтетика,False
scn-3b9780bc191d,2028,Periodic(2000),0.9071052631578947,0.016335487999640463,9,3.0,9.0,3.0,0.0,5.0,1.0,0.3333333333333333,1.0,0.5,0.0,1333.6666666666667,1667.0,2000.0,2000.0,1.4996250937265683,1.4996250937265683,0.5,10000.0,hyperplane_gauss,20000,9,0.45,0.0,3,real,gradual,1000,0.3,1.0,False,high,slow,real/gradual/K=3/high/slow/global/balanced/clean,0.10215789473684211,0.025789473684210473,phishing,синтетика,False
scn-3b9780bc191d,2028,Oracle,0.9328947368421052,0.0187390249998316,3,3.0,3.0,3.0,0.0,0.0,0.0,1.0,1.0,1.0,0.0,501.0,501.0,inf,10000.0,inf,19.960079840319363,0.0,10000.0,hyperplane_gauss,20000,9,0.45,0.0,3,real,gradual,1000,0.3,1.0,False,high,slow,real/gradual/K=3/high/slow/global/balanced/clean,0.1279473684210526,-0.0,phishing,синтетика,False
scn-3b9780bc191d,2029,ADWIN,0.9136315789473685,0.02538916799994695,9,3.0,9.0,2.0,1.0,4.0,3.0,0.2222222222222222,0.6666666666666666,0.3333333333333333,0.33333333333333337,495.0,495.0,2500.0,2500.0,3.3670033670033668,3.3670033670033668,0.4,10000.0,hyperplane_gauss,20000,9,0.45,0.0,3,real,gradual,1000,0.3,1.0,False,high,slow,real/gradual/K=3/high/slow/global/balanced/clean,0.10963157894736841,0.023052631578947325,phishing,синтетика,False
scn-3b9780bc191d,2029,KSWIN,0.8423684210526315,4.158525998999721,1,3.0,1.0,0.0,3.0,1.0,0.0,0.0,0.0,0.0,1.0,,,10000.0,10000.0,,,0.1,10000.0,hyperplane_gauss,20000,9,0.45,0.0,3,real,gradual,1000,0.3,1.0,False,high,slow,real/gradual/K=3/high/slow/global/balanced/clean,0.038368421052631496,0.09431578947368424,phishing,синтетика,False
scn-3b9780bc191d,2029,PageHinkley,0.8997894736842105,0.04028027699996528,15,3.0,15.0,3.0,0.0,8.0,4.0,0.2,1.0,0.33333333333333337,0.0,1354.6666666666667,857.0,1250.0,1250.0,0.9227362204724409,0.9227362204724409,0.8,10000.0,hyperplane_gauss,20000,9,0.45,0.0,3,real,gradual,1000,0.3,1.0,False,high,slow,real/gradual/K=3/high/slow/global/balanced/clean,0.09578947368421042,0.03689473684210531,phishing,синтетика,False
scn-3b9780bc191d,2029,PageHinkley-up,0.9356842105263158,0.027076424999904702,3,3.0,3.0,3.0,0.0,0.0,0.0,1.0,1.0,1.0,0.0,621.6666666666666,620.0,inf,10000.0,inf,16.0857908847185,0.0,10000.0,hyperplane_gauss,20000,9,0.45,0.0,3,real,gradual,1000,0.3,1.0,False,high,slow,real/gradual/K=3/high/slow/global/balanced/clean,0.13168421052631574,0.0010000000000000009,phishing,синтетика,False
scn-3b9780bc191d,2029,DDM,0.9346842105263158,0.02685420099987823,3,3.0,3.0,3.0,0.0,0.0,0.0,1.0,1.0,1.0,0.0,497.6666666666667,594.0,inf,10000.0,inf,20.093770931011385,0.0,10000.0,hyperplane_gauss,20000,9,0.45,0.0,3,real,gradual,1000,0.3,1.0,False,high,slow,real/gradual/K=3/high/slow/global/balanced/clean,0.13068421052631574,0.0020000000000000018,phishing,синтетика,False
scn-3b9780bc191d,2029,EDDM,0.9272105263157895,0.027865040000051522,9,3.0,9.0,3.0,0.0,1.0,5.0,0.3333333333333333,1.0,0.5,0.0,599.6666666666666,641.0,10000.0,10000.0,16.675931072818234,16.675931072818234,0.1,10000.0,hyperplane_gauss,20000,9,0.45,0.0,3,real,gradual,1000,0.3,1.0,False,high,slow,real/gradual/K=3/high/slow/global/balanced/clean,0.12321052631578944,0.0094736842105263,phishing,синтетика,False
scn-3b9780bc191d,2029,HDDM_A,0.9360526315789474,0.14128430400023717,3,3.0,3.0,3.0,0.0,0.0,0.0,1.0,1.0,1.0,0.0,601.6666666666666,617.0,inf,10000.0,inf,16.62049861495845,0.0,10000.0,hyperplane_gauss,20000,9,0.45,0.0,3,real,gradual,1000,0.3,1.0,False,high,slow,real/gradual/K=3/high/slow/global/balanced/clean,0.1320526315789473,0.0006315789473684275,phishing,синтетика,False
scn-3b9780bc191d,2029,HDDM_W,0.92,0.07419515799983856,3,3.0,3.0,3.0,0.0,0.0,0.0,1.0,1.0,1.0,0.0,1219.3333333333333,1118.0,inf,10000.0,inf,8.201202843083653,0.0,10000.0,hyperplane_gauss,20000,9,0.45,0.0,3,real,gradual,1000,0.3,1.0,False,high,slow,real/gradual/K=3/high/slow/global/balanced/clean,0.11599999999999999,0.016684210526315746,phishing,синтетика,False
scn-3b9780bc191d,2029,FHDDM,0.9340526315789474,0.02334173000008377,3,3.0,3.0,3.0,0.0,0.0,0.0,1.0,1.0,1.0,0.0,765.0,713.0,inf,10000.0,inf,13.071895424836601,0.0,10000.0,hyperplane_gauss,20000,9,0.45,0.0,3,real,gradual,1000,0.3,1.0,False,high,slow,real/gradual/K=3/high/slow/global/balanced/clean,0.1300526315789473,0.0026315789473684292,phishing,синтетика,False
scn-3b9780bc191d,2029,NoDrift,0.804,0.01497971700018752,0,3.0,0.0,0.0,3.0,0.0,0.0,,0.0,0.0,1.0,,,inf,10000.0,,,0.0,10000.0,hyperplane_gauss,20000,9,0.45,0.0,3,real,gradual,1000,0.3,1.0,False,high,slow,real/gradual/K=3/high/slow/global/balanced/clean,0.0,0.13268421052631574,phishing,синтетика,False
scn-3b9780bc191d,2029,Periodic(2000),0.9067368421052632,0.016318863999913447,9,3.0,9.0,3.0,0.0,5.0,1.0,0.3333333333333333,1.0,0.5,0.0,1333.6666666666667,1667.0,2000.0,2000.0,1.4996250937265683,1.4996250937265683,0.5,10000.0,hyperplane_gauss,20000,9,0.45,0.0,3,real,gradual,1000,0.3,1.0,False,high,slow,real/gradual/K=3/high/slow/global/balanced/clean,0.10273684210526313,0.02994736842105261,phishing,синтетика,False
scn-3b9780bc191d,2029,Oracle,0.9366842105263158,0.018795736999891233,3,3.0,3.0,3.0,0.0,0.0,0.0,1.0,1.0,1.0,0.0,501.0,501.0,inf,10000.0,inf,19.960079840319363,0.0,10000.0,hyperplane_gauss,20000,9,0.45,0.0,3,real,gradual,1000,0.3,1.0,False,high,slow,real/gradual/K=3/high/slow/global/balanced/clean,0.13268421052631574,-0.0,phishing,синтетика,False
scn-5375f4a82541,2027,ADWIN,0.9683157894736842,0.019166943000072934,0,3.0,0.0,0.0,3.0,0.0,0.0,,0.0,0.0,1.0,,,inf,10000.0,,,0.0,10000.0,hyperplane_gauss,20000,9,0.45,0.0,3,virtual,gradual,1000,0.1,1.0,False,medium,slow,virtual/gradual/K=3/medium/slow/global/balanced/clean,0.0,-0.014578947368421136,phishing,синтетика,False
scn-5375f4a82541,2027,KSWIN,0.9683157894736842,4.216790121000031,0,3.0,0.0,0.0,3.0,0.0,0.0,,0.0,0.0,1.0,,,inf,10000.0,,,0.0,10000.0,hyperplane_gauss,20000,9,0.45,0.0,3,virtual,gradual,1000,0.1,1.0,False,medium,slow,virtual/gradual/K=3/medium/slow/global/balanced/clean,0.0,-0.014578947368421136,phishing,синтетика,False
scn-5375f4a82541,2027,PageHinkley,0.9683157894736842,0.024654479999753676,0,3.0,0.0,0.0,3.0,0.0,0.0,,0.0,0.0,1.0,,,inf,10000.0,,,0.0,10000.0,hyperplane_gauss,20000,9,0.45,0.0,3,virtual,gradual,1000,0.1,1.0,False,medium,slow,virtual/gradual/K=3/medium/slow/global/balanced/clean,0.0,-0.014578947368421136,phishing,синтетика,False
scn-5375f4a82541,2027,PageHinkley-up,0.9683157894736842,0.02395612100008293,0,3.0,0.0,0.0,3.0,0.0,0.0,,0.0,0.0,1.0,,,inf,10000.0,,,0.0,10000.0,hyperplane_gauss,20000,9,0.45,0.0,3,virtual,gradual,1000,0.1,1.0,False,medium,slow,virtual/gradual/K=3/medium/slow/global/balanced/clean,0.0,-0.014578947368421136,phishing,синтетика,False
scn-5375f4a82541,2027,DDM,0.9683157894736842,0.024097702000290155,0,3.0,0.0,0.0,3.0,0.0,0.0,,0.0,0.0,1.0,,,inf,10000.0,,,0.0,10000.0,hyperplane_gauss,20000,9,0.45,0.0,3,virtual,gradual,1000,0.1,1.0,False,medium,slow,virtual/gradual/K=3/medium/slow/global/balanced/clean,0.0,-0.014578947368421136,phishing,синтетика,False
scn-5375f4a82541,2027,EDDM,0.9632631578947368,0.019019335999928444,1,3.0,1.0,0.0,3.0,1.0,0.0,0.0,0.0,0.0,1.0,,,10000.0,10000.0,,,0.1,10000.0,hyperplane_gauss,20000,9,0.45,0.0,3,virtual,gradual,1000,0.1,1.0,False,medium,slow,virtual/gradual/K=3/medium/slow/global/balanced/clean,-0.00505263157894742,-0.009526315789473716,phishing,синтетика,False
scn-5375f4a82541,2027,HDDM_A,0.9683157894736842,0.10144297400029245,0,3.0,0.0,0.0,3.0,0.0,0.0,,0.0,0.0,1.0,,,inf,10000.0,,,0.0,10000.0,hyperplane_gauss,20000,9,0.45,0.0,3,virtual,gradual,1000,0.1,1.0,False,medium,slow,virtual/gradual/K=3/medium/slow/global/balanced/clean,0.0,-0.014578947368421136,phishing,синтетика,False
scn-5375f4a82541,2027,HDDM_W,0.9683157894736842,0.06604785800027457,0,3.0,0.0,0.0,3.0,0.0,0.0,,0.0,0.0,1.0,,,inf,10000.0,,,0.0,10000.0,hyperplane_gauss,20000,9,0.45,0.0,3,virtual,gradual,1000,0.1,1.0,False,medium,slow,virtual/gradual/K=3/medium/slow/global/balanced/clean,0.0,-0.014578947368421136,phishing,синтетика,False
scn-5375f4a82541,2027,FHDDM,0.9683157894736842,0.02111028699982853,0,3.0,0.0,0.0,3.0,0.0,0.0,,0.0,0.0,1.0,,,inf,10000.0,,,0.0,10000.0,hyperplane_gauss,20000,9,0.45,0.0,3,virtual,gradual,1000,0.1,1.0,False,medium,slow,virtual/gradual/K=3/medium/slow/global/balanced/clean,0.0,-0.014578947368421136,phishing,синтетика,False
scn-5375f4a82541,2027,NoDrift,0.9683157894736842,0.014385666000180208,0,3.0,0.0,0.0,3.0,0.0,0.0,,0.0,0.0,1.0,,,inf,10000.0,,,0.0,10000.0,hyperplane_gauss,20000,9,0.45,0.0,3,virtual,gradual,1000,0.1,1.0,False,medium,slow,virtual/gradual/K=3/medium/slow/global/balanced/clean,0.0,-0.014578947368421136,phishing,синтетика,False
scn-5375f4a82541,2027,Periodic(2000),0.9340526315789474,0.01607483499992668,9,3.0,9.0,3.0,0.0,5.0,1.0,0.3333333333333333,1.0,0.5,0.0,1333.6666666666667,1667.0,2000.0,2000.0,1.4996250937265683,1.4996250937265683,0.5,10000.0,hyperplane_gauss,20000,9,0.45,0.0,3,virtual,gradual,1000,0.1,1.0,False,medium,slow,virtual/gradual/K=3/medium/slow/global/balanced/clean,-0.034263157894736884,0.01968421052631575,phishing,синтетика,False
scn-5375f4a82541,2027,Oracle,0.9537368421052631,0.01845895200040104,3,3.0,3.0,3.0,0.0,0.0,0.0,1.0,1.0,1.0,0.0,501.0,501.0,inf,10000.0,inf,19.960079840319363,0.0,10000.0,hyperplane_gauss,20000,9,0.45,0.0,3,virtual,gradual,1000,0.1,1.0,False,medium,slow,virtual/gradual/K=3/medium/slow/global/balanced/clean,-0.014578947368421136,-0.0,phishing,синтетика,False
scn-5375f4a82541,2028,ADWIN,0.9282105263157895,0.027769753000029596,11,3.0,11.0,2.0,1.0,4.0,5.0,0.18181818181818182,0.6666666666666666,0.28571428571428575,0.33333333333333337,833.5,833.5,2500.0,2500.0,1.999600079984003,1.999600079984003,0.4,10000.0,hyperplane_gauss,20000,9,0.45,0.0,3,virtual,gradual,1000,0.1,1.0,False,medium,slow,virtual/gradual/K=3/medium/slow/global/balanced/clean,-0.0358947368421052,0.02463157894736845,phishing,синтетика,False
scn-5375f4a82541,2028,KSWIN,0.9641052631578947,4.345643578000363,0,3.0,0.0,0.0,3.0,0.0,0.0,,0.0,0.0,1.0,,,inf,10000.0,,,0.0,10000.0,hyperplane_gauss,20000,9,0.45,0.0,3,virtual,gradual,1000,0.1,1.0,False,medium,slow,virtual/gradual/K=3/medium/slow/global/balanced/clean,0.0,-0.011263157894736753,phishing,синтетика,False
scn-5375f4a82541,2028,PageHinkley,0.9197368421052632,0.03558728899997732,14,3.0,14.0,2.0,1.0,7.0,5.0,0.14285714285714285,0.6666666666666666,0.23529411764705882,0.33333333333333337,831.5,831.5,1428.5714285714287,1428.5714285714287,1.1453769721959741,1.1453769721959741,0.7,10000.0,hyperplane_gauss,20000,9,0.45,0.0,3,virtual,gradual,1000,0.1,1.0,False,medium,slow,virtual/gradual/K=3/medium/slow/global/balanced/clean,-0.0443684210526315,0.03310526315789475,phishing,синтетика,False
scn-5375f4a82541,2028,PageHinkley-up,0.9641052631578947,0.024038342000039847,0,3.0,0.0,0.0,3.0,0.0,0.0,,0.0,0.0,1.0,,,inf,10000.0,,,0.0,10000.0,hyperplane_gauss,20000,9,0.45,0.0,3,virtual,gradual,1000,0.1,1.0,False,medium,slow,virtual/gradual/K=3/medium/slow/global/balanced/clean,0.0,-0.011263157894736753,phishing,синтетика,False
scn-5375f4a82541,2028,DDM,0.9641052631578947,0.023567726999772276,0,3.0,0.0,0.0,3.0,0.0,0.0,,0.0,0.0,1.0,,,inf,10000.0,,,0.0,10000.0,hyperplane_gauss,20000,9,0.45,0.0,3,virtual,gradual,1000,0.1,1.0,False,medium,slow,virtual/gradual/K=3/medium/slow/global/balanced/clean,0.0,-0.011263157894736753,phishing,синтетика,False
scn-5375f4a82541,2028,EDDM,0.9617894736842105,0.019411647000197263,1,3.0,1.0,0.0,3.0,1.0,0.0,0.0,0.0,0.0,1.0,,,10000.0,10000.0,,,0.1,10000.0,hyperplane_gauss,20000,9,0.45,0.0,3,virtual,gradual,1000,0.1,1.0,False,medium,slow,virtual/gradual/K=3/medium/slow/global/balanced/clean,-0.00231578947368416,-0.008947368421052593,phishing,синтетика,False
scn-5375f4a82541,2028,HDDM_A,0.9641052631578947,0.10609339499978887,0,3.0,0.0,0.0,3.0,0.0,0.0,,0.0,0.0,1.0,,,inf,10000.0,,,0.0,10000.0,hyperplane_gauss,20000,9,0.45,0.0,3,virtual,gradual,1000,0.1,1.0,False,medium,slow,virtual/gradual/K=3/medium/slow/global/balanced/clean,0.0,-0.011263157894736753,phishing,синтетика,False
scn-5375f4a82541,2028,HDDM_W,0.9641052631578947,0.06395347300031062,0,3.0,0.0,0.0,3.0,0.0,0.0,,0.0,0.0,1.0,,,inf,10000.0,,,0.0,10000.0,hyperplane_gauss,20000,9,0.45,0.0,3,virtual,gradual,1000,0.1,1.0,False,medium,slow,virtual/gradual/K=3/medium/slow/global/balanced/clean,0.0,-0.011263157894736753,phishing,синтетика,False
scn-5375f4a82541,2028,FHDDM,0.9641052631578947,0.020768366999618593,0,3.0,0.0,0.0,3.0,0.0,0.0,,0.0,0.0,1.0,,,inf,10000.0,,,0.0,10000.0,hyperplane_gauss,20000,9,0.45,0.0,3,virtual,gradual,1000,0.1,1.0,False,medium,slow,virtual/gradual/K=3/medium/slow/global/balanced/clean,0.0,-0.011263157894736753,phishing,синтетика,False
scn-5375f4a82541,2028,NoDrift,0.9641052631578947,0.014659113000107027,0,3.0,0.0,0.0,3.0,0.0,0.0,,0.0,0.0,1.0,,,inf,10000.0,,,0.0,10000.0,hyperplane_gauss,20000,9,0.45,0.0,3,virtual,gradual,1000,0.1,1.0,False,medium,slow,virtual/gradual/K=3/medium/slow/global/balanced/clean,0.0,-0.011263157894736753,phishing,синтетика,False
scn-5375f4a82541,2028,Periodic(2000),0.9335789473684211,0.016494031999627623,9,3.0,9.0,3.0,0.0,5.0,1.0,0.3333333333333333,1.0,0.5,0.0,1333.6666666666667,1667.0,2000.0,2000.0,1.4996250937265683,1.4996250937265683,0.5,10000.0,hyperplane_gauss,20000,9,0.45,0.0,3,virtual,gradual,1000,0.1,1.0,False,medium,slow,virtual/gradual/K=3/medium/slow/global/balanced/clean,-0.030526315789473624,0.01926315789473687,phishing,синтетика,False
scn-5375f4a82541,2028,Oracle,0.9528421052631579,0.01863609700012603,3,3.0,3.0,3.0,0.0,0.0,0.0,1.0,1.0,1.0,0.0,501.0,501.0,inf,10000.0,inf,19.960079840319363,0.0,10000.0,hyperplane_gauss,20000,9,0.45,0.0,3,virtual,gradual,1000,0.1,1.0,False,medium,slow,virtual/gradual/K=3/medium/slow/global/balanced/clean,-0.011263157894736753,-0.0,phishing,синтетика,False
scn-5375f4a82541,2029,ADWIN,0.9618947368421052,0.019578722000005655,0,3.0,0.0,0.0,3.0,0.0,0.0,,0.0,0.0,1.0,,,inf,10000.0,,,0.0,10000.0,hyperplane_gauss,20000,9,0.45,0.0,3,virtual,gradual,1000,0.1,1.0,False,medium,slow,virtual/gradual/K=3/medium/slow/global/balanced/clean,0.0,-0.00857894736842102,phishing,синтетика,False
scn-5375f4a82541,2029,KSWIN,0.9618947368421052,4.201255926000158,0,3.0,0.0,0.0,3.0,0.0,0.0,,0.0,0.0,1.0,,,inf,10000.0,,,0.0,10000.0,hyperplane_gauss,20000,9,0.45,0.0,3,virtual,gradual,1000,0.1,1.0,False,medium,slow,virtual/gradual/K=3/medium/slow/global/balanced/clean,0.0,-0.00857894736842102,phishing,синтетика,False
scn-5375f4a82541,2029,PageHinkley,0.9618947368421052,0.024710608000077627,0,3.0,0.0,0.0,3.0,0.0,0.0,,0.0,0.0,1.0,,,inf,10000.0,,,0.0,10000.0,hyperplane_gauss,20000,9,0.45,0.0,3,virtual,gradual,1000,0.1,1.0,False,medium,slow,virtual/gradual/K=3/medium/slow/global/balanced/clean,0.0,-0.00857894736842102,phishing,синтетика,False
scn-5375f4a82541,2029,PageHinkley-up,0.9618947368421052,0.023614240999904723,0,3.0,0.0,0.0,3.0,0.0,0.0,,0.0,0.0,1.0,,,inf,10000.0,,,0.0,10000.0,hyperplane_gauss,20000,9,0.45,0.0,3,virtual,gradual,1000,0.1,1.0,False,medium,slow,virtual/gradual/K=3/medium/slow/global/balanced/clean,0.0,-0.00857894736842102,phishing,синтетика,False
scn-5375f4a82541,2029,DDM,0.9618947368421052,0.023348983000232693,0,3.0,0.0,0.0,3.0,0.0,0.0,,0.0,0.0,1.0,,,inf,10000.0,,,0.0,10000.0,hyperplane_gauss,20000,9,0.45,0.0,3,virtual,gradual,1000,0.1,1.0,False,medium,slow,virtual/gradual/K=3/medium/slow/global/balanced/clean,0.0,-0.00857894736842102,phishing,синтетика,False
scn-5375f4a82541,2029,EDDM,0.9592105263157895,0.01887137400035499,1,3.0,1.0,0.0,3.0,1.0,0.0,0.0,0.0,0.0,1.0,,,10000.0,10000.0,,,0.1,10000.0,hyperplane_gauss,20000,9,0.45,0.0,3,virtual,gradual,1000,0.1,1.0,False,medium,slow,virtual/gradual/K=3/medium/slow/global/balanced/clean,-0.0026842105263157334,-0.005894736842105286,phishing,синтетика,False
scn-5375f4a82541,2029,HDDM_A,0.9618947368421052,0.09773771800018949,0,3.0,0.0,0.0,3.0,0.0,0.0,,0.0,0.0,1.0,,,inf,10000.0,,,0.0,10000.0,hyperplane_gauss,20000,9,0.45,0.0,3,virtual,gradual,1000,0.1,1.0,False,medium,slow,virtual/gradual/K=3/medium/slow/global/balanced/clean,0.0,-0.00857894736842102,phishing,синтетика,False
scn-5375f4a82541,2029,HDDM_W,0.9618947368421052,0.0636266749997958,0,3.0,0.0,0.0,3.0,0.0,0.0,,0.0,0.0,1.0,,,inf,10000.0,,,0.0,10000.0,hyperplane_gauss,20000,9,0.45,0.0,3,virtual,gradual,1000,0.1,1.0,False,medium,slow,virtual/gradual/K=3/medium/slow/global/balanced/clean,0.0,-0.00857894736842102,phishing,синтетика,False
scn-5375f4a82541,2029,FHDDM,0.9618947368421052,0.020540428000003885,0,3.0,0.0,0.0,3.0,0.0,0.0,,0.0,0.0,1.0,,,inf,10000.0,,,0.0,10000.0,hyperplane_gauss,20000,9,0.45,0.0,3,virtual,gradual,1000,0.1,1.0,False,medium,slow,virtual/gradual/K=3/medium/slow/global/balanced/clean,0.0,-0.00857894736842102,phishing,синтетика,False
scn-5375f4a82541,2029,NoDrift,0.9618947368421052,0.014487537000150041,0,3.0,0.0,0.0,3.0,0.0,0.0,,0.0,0.0,1.0,,,inf,10000.0,,,0.0,10000.0,hyperplane_gauss,20000,9,0.45,0.0,3,virtual,gradual,1000,0.1,1.0,False,medium,slow,virtual/gradual/K=3/medium/slow/global/balanced/clean,0.0,-0.00857894736842102,phishing,синтетика,False
scn-5375f4a82541,2029,Periodic(2000),0.9324210526315789,0.016603273999862722,9,3.0,9.0,3.0,0.0,5.0,1.0,0.3333333333333333,1.0,0.5,0.0,1333.6666666666667,1667.0,2000.0,2000.0,1.4996250937265683,1.4996250937265683,0.5,10000.0,hyperplane_gauss,20000,9,0.45,0.0,3,virtual,gradual,1000,0.1,1.0,False,medium,slow,virtual/gradual/K=3/medium/slow/global/balanced/clean,-0.02947368421052632,0.0208947368421053,phishing,синтетика,False
scn-5375f4a82541,2029,Oracle,0.9533157894736842,0.01840874499976053,3,3.0,3.0,3.0,0.0,0.0,0.0,1.0,1.0,1.0,0.0,501.0,501.0,inf,10000.0,inf,19.960079840319363,0.0,10000.0,hyperplane_gauss,20000,9,0.45,0.0,3,virtual,gradual,1000,0.1,1.0,False,medium,slow,virtual/gradual/K=3/medium/slow/global/balanced/clean,-0.00857894736842102,-0.0,phishing,синтетика,False
scn-09732bc9c68d,2027,ADWIN,0.968,0.01975910200008002,0,3.0,0.0,0.0,3.0,0.0,0.0,,0.0,0.0,1.0,,,inf,10000.0,,,0.0,10000.0,hyperplane_gauss,20000,9,0.45,0.0,3,virtual,gradual,1000,0.3,1.0,False,high,slow,virtual/gradual/K=3/high/slow/global/balanced/clean,0.0,-0.013947368421052597,phishing,синтетика,False
scn-09732bc9c68d,2027,KSWIN,0.968,4.160940440000104,0,3.0,0.0,0.0,3.0,0.0,0.0,,0.0,0.0,1.0,,,inf,10000.0,,,0.0,10000.0,hyperplane_gauss,20000,9,0.45,0.0,3,virtual,gradual,1000,0.3,1.0,False,high,slow,virtual/gradual/K=3/high/slow/global/balanced/clean,0.0,-0.013947368421052597,phishing,синтетика,False
scn-09732bc9c68d,2027,PageHinkley,0.968,0.025458944000092742,0,3.0,0.0,0.0,3.0,0.0,0.0,,0.0,0.0,1.0,,,inf,10000.0,,,0.0,10000.0,hyperplane_gauss,20000,9,0.45,0.0,3,virtual,gradual,1000,0.3,1.0,False,high,slow,virtual/gradual/K=3/high/slow/global/balanced/clean,0.0,-0.013947368421052597,phishing,синтетика,False
scn-09732bc9c68d,2027,PageHinkley-up,0.968,0.024829019000208064,0,3.0,0.0,0.0,3.0,0.0,0.0,,0.0,0.0,1.0,,,inf,10000.0,,,0.0,10000.0,hyperplane_gauss,20000,9,0.45,0.0,3,virtual,gradual,1000,0.3,1.0,False,high,slow,virtual/gradual/K=3/high/slow/global/balanced/clean,0.0,-0.013947368421052597,phishing,синтетика,False
scn-09732bc9c68d,2027,DDM,0.968,0.02366103700023814,0,3.0,0.0,0.0,3.0,0.0,0.0,,0.0,0.0,1.0,,,inf,10000.0,,,0.0,10000.0,hyperplane_gauss,20000,9,0.45,0.0,3,virtual,gradual,1000,0.3,1.0,False,high,slow,virtual/gradual/K=3/high/slow/global/balanced/clean,0.0,-0.013947368421052597,phishing,синтетика,False
scn-09732bc9c68d,2027,EDDM,0.9616842105263158,0.019242426000346313,1,3.0,1.0,0.0,3.0,1.0,0.0,0.0,0.0,0.0,1.0,,,10000.0,10000.0,,,0.1,10000.0,hyperplane_gauss,20000,9,0.45,0.0,3,virtual,gradual,1000,0.3,1.0,False,high,slow,virtual/gradual/K=3/high/slow/global/balanced/clean,-0.0063157894736841635,-0.007631578947368434,phishing,синтетика,False
scn-09732bc9c68d,2027,HDDM_A,0.968,0.10269181100011338,0,3.0,0.0,0.0,3.0,0.0,0.0,,0.0,0.0,1.0,,,inf,10000.0,,,0.0,10000.0,hyperplane_gauss,20000,9,0.45,0.0,3,virtual,gradual,1000,0.3,1.0,False,high,slow,virtual/gradual/K=3/high/slow/global/balanced/clean,0.0,-0.013947368421052597,phishing,синтетика,False
scn-09732bc9c68d,2027,HDDM_W,0.968,0.06707443499999499,0,3.0,0.0,0.0,3.0,0.0,0.0,,0.0,0.0,1.0,,,inf,10000.0,,,0.0,10000.0,hyperplane_gauss,20000,9,0.45,0.0,3,virtual,gradual,1000,0.3,1.0,False,high,slow,virtual/gradual/K=3/high/slow/global/balanced/clean,0.0,-0.013947368421052597,phishing,синтетика,False
scn-09732bc9c68d,2027,FHDDM,0.968,0.021306919999915408,0,3.0,0.0,0.0,3.0,0.0,0.0,,0.0,0.0,1.0,,,inf,10000.0,,,0.0,10000.0,hyperplane_gauss,20000,9,0.45,0.0,3,virtual,gradual,1000,0.3,1.0,False,high,slow,virtual/gradual/K=3/high/slow/global/balanced/clean,0.0,-0.013947368421052597,phishing,синтетика,False
scn-09732bc9c68d,2027,NoDrift,0.968,0.014741202000095655,0,3.0,0.0,0.0,3.0,0.0,0.0,,0.0,0.0,1.0,,,inf,10000.0,,,0.0,10000.0,hyperplane_gauss,20000,9,0.45,0.0,3,virtual,gradual,1000,0.3,1.0,False,high,slow,virtual/gradual/K=3/high/slow/global/balanced/clean,0.0,-0.013947368421052597,phishing,синтетика,False
scn-09732bc9c68d,2027,Periodic(2000),0.9335789473684211,0.01625234500033912,9,3.0,9.0,3.0,0.0,5.0,1.0,0.3333333333333333,1.0,0.5,0.0,1333.6666666666667,1667.0,2000.0,2000.0,1.4996250937265683,1.4996250937265683,0.5,10000.0,hyperplane_gauss,20000,9,0.45,0.0,3,virtual,gradual,1000,0.3,1.0,False,high,slow,virtual/gradual/K=3/high/slow/global/balanced/clean,-0.03442105263157891,0.02047368421052631,phishing,синтетика,False
scn-09732bc9c68d,2027,Oracle,0.9540526315789474,0.01846946100022251,3,3.0,3.0,3.0,0.0,0.0,0.0,1.0,1.0,1.0,0.0,501.0,501.0,inf,10000.0,inf,19.960079840319363,0.0,10000.0,hyperplane_gauss,20000,9,0.45,0.0,3,virtual,gradual,1000,0.3,1.0,False,high,slow,virtual/gradual/K=3/high/slow/global/balanced/clean,-0.013947368421052597,-0.0,phishing,синтетика,False
scn-09732bc9c68d,2028,ADWIN,0.9567368421052631,0.019956640000145853,2,3.0,2.0,1.0,2.0,1.0,0.0,0.5,0.3333333333333333,0.4,0.6666666666666667,2723.0,2723.0,10000.0,10000.0,1.224140041620761,1.224140041620761,0.1,10000.0,hyperplane_gauss,20000,9,0.45,0.0,3,virtual,gradual,1000,0.3,1.0,False,high,slow,virtual/gradual/K=3/high/slow/global/balanced/clean,-0.00726315789473686,-0.004526315789473601,phishing,синтетика,False
scn-09732bc9c68d,2028,KSWIN,0.964,4.072033982999983,0,3.0,0.0,0.0,3.0,0.0,0.0,,0.0,0.0,1.0,,,inf,10000.0,,,0.0,10000.0,hyperplane_gauss,20000,9,0.45,0.0,3,virtual,gradual,1000,0.3,1.0,False,high,slow,virtual/gradual/K=3/high/slow/global/balanced/clean,0.0,-0.01178947368421046,phishing,синтетика,False
scn-09732bc9c68d,2028,PageHinkley,0.9607368421052631,0.02489516800005731,1,3.0,1.0,0.0,3.0,1.0,0.0,0.0,0.0,0.0,1.0,,,10000.0,10000.0,,,0.1,10000.0,hyperplane_gauss,20000,9,0.45,0.0,3,virtual,gradual,1000,0.3,1.0,False,high,slow,virtual/gradual/K=3/high/slow/global/balanced/clean,-0.0032631578947368567,-0.008526315789473604,phishing,синтетика,False
scn-09732bc9c68d,2028,PageHinkley-up,0.964,0.02378578500020012,0,3.0,0.0,0.0,3.0,0.0,0.0,,0.0,0.0,1.0,,,inf,10000.0,,,0.0,10000.0,hyperplane_gauss,20000,9,0.45,0.0,3,virtual,gradual,1000,0.3,1.0,False,high,slow,virtual/gradual/K=3/high/slow/global/balanced/clean,0.0,-0.01178947368421046,phishing,синтетика,False
scn-09732bc9c68d,2028,DDM,0.964,0.023281082000266906,0,3.0,0.0,0.0,3.0,0.0,0.0,,0.0,0.0,1.0,,,inf,10000.0,,,0.0,10000.0,hyperplane_gauss,20000,9,0.45,0.0,3,virtual,gradual,1000,0.3,1.0,False,high,slow,virtual/gradual/K=3/high/slow/global/balanced/clean,0.0,-0.01178947368421046,phishing,синтетика,False
scn-09732bc9c68d,2028,EDDM,0.9608421052631579,0.018954056999973545,1,3.0,1.0,0.0,3.0,1.0,0.0,0.0,0.0,0.0,1.0,,,10000.0,10000.0,,,0.1,10000.0,hyperplane_gauss,20000,9,0.45,0.0,3,virtual,gradual,1000,0.3,1.0,False,high,slow,virtual/gradual/K=3/high/slow/global/balanced/clean,-0.0031578947368420263,-0.008631578947368435,phishing,синтетика,False
scn-09732bc9c68d,2028,HDDM_A,0.964,0.10553787800017744,0,3.0,0.0,0.0,3.0,0.0,0.0,,0.0,0.0,1.0,,,inf,10000.0,,,0.0,10000.0,hyperplane_gauss,20000,9,0.45,0.0,3,virtual,gradual,1000,0.3,1.0,False,high,slow,virtual/gradual/K=3/high/slow/global/balanced/clean,0.0,-0.01178947368421046,phishing,синтетика,False
scn-09732bc9c68d,2028,HDDM_W,0.964,0.06377208999992945,0,3.0,0.0,0.0,3.0,0.0,0.0,,0.0,0.0,1.0,,,inf,10000.0,,,0.0,10000.0,hyperplane_gauss,20000,9,0.45,0.0,3,virtual,gradual,1000,0.3,1.0,False,high,slow,virtual/gradual/K=3/high/slow/global/balanced/clean,0.0,-0.01178947368421046,phishing,синтетика,False
scn-09732bc9c68d,2028,FHDDM,0.964,0.02081576099999438,0,3.0,0.0,0.0,3.0,0.0,0.0,,0.0,0.0,1.0,,,inf,10000.0,,,0.0,10000.0,hyperplane_gauss,20000,9,0.45,0.0,3,virtual,gradual,1000,0.3,1.0,False,high,slow,virtual/gradual/K=3/high/slow/global/balanced/clean,0.0,-0.01178947368421046,phishing,синтетика,False
scn-09732bc9c68d,2028,NoDrift,0.964,0.014258566000080464,0,3.0,0.0,0.0,3.0,0.0,0.0,,0.0,0.0,1.0,,,inf,10000.0,,,0.0,10000.0,hyperplane_gauss,20000,9,0.45,0.0,3,virtual,gradual,1000,0.3,1.0,False,high,slow,virtual/gradual/K=3/high/slow/global/balanced/clean,0.0,-0.01178947368421046,phishing,синтетика,False
scn-09732bc9c68d,2028,Periodic(2000),0.9324210526315789,0.015872229999786214,9,3.0,9.0,3.0,0.0,5.0,1.0,0.3333333333333333,1.0,0.5,0.0,1333.6666666666667,1667.0,2000.0,2000.0,1.4996250937265683,1.4996250937265683,0.5,10000.0,hyperplane_gauss,20000,9,0.45,0.0,3,virtual,gradual,1000,0.3,1.0,False,high,slow,virtual/gradual/K=3/high/slow/global/balanced/clean,-0.03157894736842104,0.01978947368421058,phishing,синтетика,False
scn-09732bc9c68d,2028,Oracle,0.9522105263157895,0.018204954999873735,3,3.0,3.0,3.0,0.0,0.0,0.0,1.0,1.0,1.0,0.0,501.0,501.0,inf,10000.0,inf,19.960079840319363,0.0,10000.0,hyperplane_gauss,20000,9,0.45,0.0,3,virtual,gradual,1000,0.3,1.0,False,high,slow,virtual/gradual/K=3/high/slow/global/balanced/clean,-0.01178947368421046,-0.0,phishing,синтетика,False
scn-09732bc9c68d,2029,ADWIN,0.961421052631579,0.03147672399973089,0,3.0,0.0,0.0,3.0,0.0,0.0,,0.0,0.0,1.0,,,inf,10000.0,,,0.0,10000.0,hyperplane_gauss,20000,9,0.45,0.0,3,virtual,gradual,1000,0.3,1.0,False,high,slow,virtual/gradual/K=3/high/slow/global/balanced/clean,0.0,-0.008947368421052593,phishing,синтетика,False
scn-09732bc9c68d,2029,KSWIN,0.961421052631579,4.105410288000257,0,3.0,0.0,0.0,3.0,0.0,0.0,,0.0,0.0,1.0,,,inf,10000.0,,,0.0,10000.0,hyperplane_gauss,20000,9,0.45,0.0,3,virtual,gradual,1000,0.3,1.0,False,high,slow,virtual/gradual/K=3/high/slow/global/balanced/clean,0.0,-0.008947368421052593,phishing,синтетика,False
scn-09732bc9c68d,2029,PageHinkley,0.961421052631579,0.024770074000116438,0,3.0,0.0,0.0,3.0,0.0,0.0,,0.0,0.0,1.0,,,inf,10000.0,,,0.0,10000.0,hyperplane_gauss,20000,9,0.45,0.0,3,virtual,gradual,1000,0.3,1.0,False,high,slow,virtual/gradual/K=3/high/slow/global/balanced/clean,0.0,-0.008947368421052593,phishing,синтетика,False
scn-09732bc9c68d,2029,PageHinkley-up,0.961421052631579,0.024437332000161405,0,3.0,0.0,0.0,3.0,0.0,0.0,,0.0,0.0,1.0,,,inf,10000.0,,,0.0,10000.0,hyperplane_gauss,20000,9,0.45,0.0,3,virtual,gradual,1000,0.3,1.0,False,high,slow,virtual/gradual/K=3/high/slow/global/balanced/clean,0.0,-0.008947368421052593,phishing,синтетика,False
scn-09732bc9c68d,2029,DDM,0.961421052631579,0.023693577999893023,0,3.0,0.0,0.0,3.0,0.0,0.0,,0.0,0.0,1.0,,,inf,10000.0,,,0.0,10000.0,hyperplane_gauss,20000,9,0.45,0.0,3,virtual,gradual,1000,0.3,1.0,False,high,slow,virtual/gradual/K=3/high/slow/global/balanced/clean,0.0,-0.008947368421052593,phishing,синтетика,False
scn-09732bc9c68d,2029,EDDM,0.9587894736842105,0.018937198000003264,1,3.0,1.0,0.0,3.0,1.0,0.0,0.0,0.0,0.0,1.0,,,10000.0,10000.0,,,0.1,10000.0,hyperplane_gauss,20000,9,0.45,0.0,3,virtual,gradual,1000,0.3,1.0,False,high,slow,virtual/gradual/K=3/high/slow/global/balanced/clean,-0.0026315789473684292,-0.0063157894736841635,phishing,синтетика,False
scn-09732bc9c68d,2029,HDDM_A,0.961421052631579,0.09695267699999022,0,3.0,0.0,0.0,3.0,0.0,0.0,,0.0,0.0,1.0,,,inf,10000.0,,,0.0,10000.0,hyperplane_gauss,20000,9,0.45,0.0,3,virtual,gradual,1000,0.3,1.0,False,high,slow,virtual/gradual/K=3/high/slow/global/balanced/clean,0.0,-0.008947368421052593,phishing,синтетика,False
scn-09732bc9c68d,2029,HDDM_W,0.961421052631579,0.06382446699990396,0,3.0,0.0,0.0,3.0,0.0,0.0,,0.0,0.0,1.0,,,inf,10000.0,,,0.0,10000.0,hyperplane_gauss,20000,9,0.45,0.0,3,virtual,gradual,1000,0.3,1.0,False,high,slow,virtual/gradual/K=3/high/slow/global/balanced/clean,0.0,-0.008947368421052593,phishing,синтетика,False
scn-09732bc9c68d,2029,FHDDM,0.961421052631579,0.021136553999895114,0,3.0,0.0,0.0,3.0,0.0,0.0,,0.0,0.0,1.0,,,inf,10000.0,,,0.0,10000.0,hyperplane_gauss,20000,9,0.45,0.0,3,virtual,gradual,1000,0.3,1.0,False,high,slow,virtual/gradual/K=3/high/slow/global/balanced/clean,0.0,-0.008947368421052593,phishing,синтетика,False
scn-09732bc9c68d,2029,NoDrift,0.961421052631579,0.014671106000150758,0,3.0,0.0,0.0,3.0,0.0,0.0,,0.0,0.0,1.0,,,inf,10000.0,,,0.0,10000.0,hyperplane_gauss,20000,9,0.45,0.0,3,virtual,gradual,1000,0.3,1.0,False,high,slow,virtual/gradual/K=3/high/slow/global/balanced/clean,0.0,-0.008947368421052593,phishing,синтетика,False
scn-09732bc9c68d,2029,Periodic(2000),0.9318421052631579,0.016906239000036294,9,3.0,9.0,3.0,0.0,5.0,1.0,0.3333333333333333,1.0,0.5,0.0,1333.6666666666667,1667.0,2000.0,2000.0,1.4996250937265683,1.4996250937265683,0.5,10000.0,hyperplane_gauss,20000,9,0.45,0.0,3,virtual,gradual,1000,0.3,1.0,False,high,slow,virtual/gradual/K=3/high/slow/global/balanced/clean,-0.029578947368421038,0.020631578947368445,phishing,синтетика,False
scn-09732bc9c68d,2029,Oracle,0.9524736842105264,0.019537727999704657,3,3.0,3.0,3.0,0.0,0.0,0.0,1.0,1.0,1.0,0.0,501.0,501.0,inf,10000.0,inf,19.960079840319363,0.0,10000.0,hyperplane_gauss,20000,9,0.45,0.0,3,virtual,gradual,1000,0.3,1.0,False,high,slow,virtual/gradual/K=3/high/slow/global/balanced/clean,-0.008947368421052593,-0.0,phishing,синтетика,False
scn-9e5a7319bcdb,2027,ADWIN,0.965,0.01959307400011312,1,3.0,1.0,0.0,3.0,1.0,0.0,0.0,0.0,0.0,1.0,,,10000.0,10000.0,,,0.1,10000.0,hyperplane_gauss,20000,9,0.45,0.0,3,prior,gradual,1000,0.1,1.0,False,medium,slow,prior/gradual/K=3/medium/slow/n/a/balanced/clean,-0.0007894736842105621,-0.04510526315789476,phishing,синтетика,False
scn-9e5a7319bcdb,2027,KSWIN,0.9657894736842105,4.078851603999738,0,3.0,0.0,0.0,3.0,0.0,0.0,,0.0,0.0,1.0,,,inf,10000.0,,,0.0,10000.0,hyperplane_gauss,20000,9,0.45,0.0,3,prior,gradual,1000,0.1,1.0,False,medium,slow,prior/gradual/K=3/medium/slow/n/a/balanced/clean,0.0,-0.04589473684210532,phishing,синтетика,False
scn-9e5a7319bcdb,2027,PageHinkley,0.9496842105263158,0.024810662999698252,1,3.0,1.0,1.0,2.0,0.0,0.0,1.0,0.3333333333333333,0.5,0.6666666666666667,490.0,490.0,inf,10000.0,inf,6.802721088435373,0.0,10000.0,hyperplane_gauss,20000,9,0.45,0.0,3,prior,gradual,1000,0.1,1.0,False,medium,slow,prior/gradual/K=3/medium/slow/n/a/balanced/clean,-0.016105263157894734,-0.029789473684210588,phishing,синтетика,False
scn-9e5a7319bcdb,2027,PageHinkley-up,0.9496842105263158,0.024083251999854838,1,3.0,1.0,1.0,2.0,0.0,0.0,1.0,0.3333333333333333,0.5,0.6666666666666667,490.0,490.0,inf,10000.0,inf,6.802721088435373,0.0,10000.0,hyperplane_gauss,20000,9,0.45,0.0,3,prior,gradual,1000,0.1,1.0,False,medium,slow,prior/gradual/K=3/medium/slow/n/a/balanced/clean,-0.016105263157894734,-0.029789473684210588,phishing,синтетика,False
scn-9e5a7319bcdb,2027,DDM,0.9501052631578948,0.024866810999810696,1,3.0,1.0,0.0,3.0,1.0,0.0,0.0,0.0,0.0,1.0,,,10000.0,10000.0,,,0.1,10000.0,hyperplane_gauss,20000,9,0.45,0.0,3,prior,gradual,1000,0.1,1.0,False,medium,slow,prior/gradual/K=3/medium/slow/n/a/balanced/clean,-0.015684210526315745,-0.030210526315789576,phishing,синтетика,False
scn-9e5a7319bcdb,2027,EDDM,0.9422631578947368,0.021421755000119447,2,3.0,2.0,0.0,3.0,2.0,0.0,0.0,0.0,0.0,1.0,,,5000.0,5000.0,,,0.2,10000.0,hyperplane_gauss,20000,9,0.45,0.0,3,prior,gradual,1000,0.1,1.0,False,medium,slow,prior/gradual/K=3/medium/slow/n/a/balanced/clean,-0.02352631578947373,-0.022368421052631593,phishing,синтетика,False
scn-9e5a7319bcdb,2027,HDDM_A,0.9657894736842105,0.0890735789998871,0,3.0,0.0,0.0,3.0,0.0,0.0,,0.0,0.0,1.0,,,inf,10000.0,,,0.0,10000.0,hyperplane_gauss,20000,9,0.45,0.0,3,prior,gradual,1000,0.1,1.0,False,medium,slow,prior/gradual/K=3/medium/slow/n/a/balanced/clean,0.0,-0.04589473684210532,phishing,синтетика,False
scn-9e5a7319bcdb,2027,HDDM_W,0.9657894736842105,0.06462135899982968,0,3.0,0.0,0.0,3.0,0.0,0.0,,0.0,0.0,1.0,,,inf,10000.0,,,0.0,10000.0,hyperplane_gauss,20000,9,0.45,0.0,3,prior,gradual,1000,0.1,1.0,False,medium,slow,prior/gradual/K=3/medium/slow/n/a/balanced/clean,0.0,-0.04589473684210532,phishing,синтетика,False
scn-9e5a7319bcdb,2027,FHDDM,0.9657894736842105,0.02052969899978052,0,3.0,0.0,0.0,3.0,0.0,0.0,,0.0,0.0,1.0,,,inf,10000.0,,,0.0,10000.0,hyperplane_gauss,20000,9,0.45,0.0,3,prior,gradual,1000,0.1,1.0,False,medium,slow,prior/gradual/K=3/medium/slow/n/a/balanced/clean,0.0,-0.04589473684210532,phishing,синтетика,False
scn-9e5a7319bcdb,2027,NoDrift,0.9657894736842105,0.014498591000119632,0,3.0,0.0,0.0,3.0,0.0,0.0,,0.0,0.0,1.0,,,inf,10000.0,,,0.0,10000.0,hyperplane_gauss,20000,9,0.45,0.0,3,prior,gradual,1000,0.1,1.0,False,medium,slow,prior/gradual/K=3/medium/slow/n/a/balanced/clean,0.0,-0.04589473684210532,phishing,синтетика,False
scn-9e5a7319bcdb,2027,Periodic(2000),0.9045263157894737,0.016337075000137702,9,3.0,9.0,3.0,0.0,5.0,1.0,0.3333333333333333,1.0,0.5,0.0,1333.6666666666667,1667.0,2000.0,2000.0,1.4996250937265683,1.4996250937265683,0.5,10000.0,hyperplane_gauss,20000,9,0.45,0.0,3,prior,gradual,1000,0.1,1.0,False,medium,slow,prior/gradual/K=3/medium/slow/n/a/balanced/clean,-0.0612631578947368,0.015368421052631476,phishing,синтетика,False
scn-9e5a7319bcdb,2027,Oracle,0.9198947368421052,0.0181786429998283,3,3.0,3.0,3.0,0.0,0.0,0.0,1.0,1.0,1.0,0.0,501.0,501.0,inf,10000.0,inf,19.960079840319363,0.0,10000.0,hyperplane_gauss,20000,9,0.45,0.0,3,prior,gradual,1000,0.1,1.0,False,medium,slow,prior/gradual/K=3/medium/slow/n/a/balanced/clean,-0.04589473684210532,-0.0,phishing,синтетика,False
scn-9e5a7319bcdb,2028,ADWIN,0.9224210526315789,0.02265290300010747,3,3.0,3.0,1.0,2.0,2.0,0.0,0.3333333333333333,0.3333333333333333,0.3333333333333333,0.6666666666666667,2718.0,2718.0,5000.0,5000.0,0.6131959774343879,0.6131959774343879,0.2,10000.0,hyperplane_gauss,20000,9,0.45,0.0,3,prior,gradual,1000,0.1,1.0,False,medium,slow,prior/gradual/K=3/medium/slow/n/a/balanced/clean,-0.041000000000000036,-0.009421052631578886,phishing,синтетика,False
scn-9e5a7319bcdb,2028,KSWIN,0.963421052631579,4.087535272999958,0,3.0,0.0,0.0,3.0,0.0,0.0,,0.0,0.0,1.0,,,inf,10000.0,,,0.0,10000.0,hyperplane_gauss,20000,9,0.45,0.0,3,prior,gradual,1000,0.1,1.0,False,medium,slow,prior/gradual/K=3/medium/slow/n/a/balanced/clean,0.0,-0.05042105263157892,phishing,синтетика,False
scn-9e5a7319bcdb,2028,PageHinkley,0.905157894736842,0.02892456699964896,7,3.0,7.0,2.0,1.0,4.0,1.0,0.2857142857142857,0.6666666666666666,0.4,0.33333333333333337,720.0,720.0,2500.0,2500.0,2.314814814814815,2.314814814814815,0.4,10000.0,hyperplane_gauss,20000,9,0.45,0.0,3,prior,gradual,1000,0.1,1.0,False,medium,slow,prior/gradual/K=3/medium/slow/n/a/balanced/clean,-0.058263157894736906,0.007842105263157984,phishing,синтетика,False
scn-9e5a7319bcdb,2028,PageHinkley-up,0.9489473684210527,0.025333832000342227,1,3.0,1.0,0.0,3.0,1.0,0.0,0.0,0.0,0.0,1.0,,,10000.0,10000.0,,,0.1,10000.0,hyperplane_gauss,20000,9,0.45,0.0,3,prior,gradual,1000,0.1,1.0,False,medium,slow,prior/gradual/K=3/medium/slow/n/a/balanced/clean,-0.014473684210526305,-0.03594736842105262,phishing,синтетика,False
scn-9e5a7319bcdb,2028,DDM,0.9511052631578948,0.025103961999775493,1,3.0,1.0,1.0,2.0,0.0,0.0,1.0,0.3333333333333333,0.5,0.6666666666666667,1488.0,1488.0,inf,10000.0,inf,2.2401433691756267,0.0,10000.0,hyperplane_gauss,20000,9,0.45,0.0,3,prior,gradual,1000,0.1,1.0,False,medium,slow,prior/gradual/K=3/medium/slow/n/a/balanced/clean,-0.012315789473684169,-0.03810526315789475,phishing,синтетика,False
scn-9e5a7319bcdb,2028,EDDM,0.9407368421052632,0.02405708100013726,6,3.0,6.0,1.0,2.0,1.0,4.0,0.16666666666666666,0.3333333333333333,0.2222222222222222,0.6666666666666667,1377.0,1377.0,10000.0,10000.0,2.4207213749697405,2.4207213749697405,0.1,10000.0,hyperplane_gauss,20000,9,0.45,0.0,3,prior,gradual,1000,0.1,1.0,False,medium,slow,prior/gradual/K=3/medium/slow/n/a/balanced/clean,-0.02268421052631575,-0.02773684210526317,phishing,синтетика,False
scn-9e5a7319bcdb,2028,HDDM_A,0.963421052631579,0.09928743899990877,0,3.0,0.0,0.0,3.0,0.0,0.0,,0.0,0.0,1.0,,,inf,10000.0,,,0.0,10000.0,hyperplane_gauss,20000,9,0.45,0.0,3,prior,gradual,1000,0.1,1.0,False,medium,slow,prior/gradual/K=3/medium/slow/n/a/balanced/clean,0.0,-0.05042105263157892,phishing,синтетика,False
scn-9e5a7319bcdb,2028,HDDM_W,0.963421052631579,0.06772411100018871,0,3.0,0.0,0.0,3.0,0.0,0.0,,0.0,0.0,1.0,,,inf,10000.0,,,0.0,10000.0,hyperplane_gauss,20000,9,0.45,0.0,3,prior,gradual,1000,0.1,1.0,False,medium,slow,prior/gradual/K=3/medium/slow/n/a/balanced/clean,0.0,-0.05042105263157892,phishing,синтетика,False
scn-9e5a7319bcdb,2028,FHDDM,0.963421052631579,0.021232674000202678,0,3.0,0.0,0.0,3.0,0.0,0.0,,0.0,0.0,1.0,,,inf,10000.0,,,0.0,10000.0,hyperplane_gauss,20000,9,0.45,0.0,3,prior,gradual,1000,0.1,1.0,False,medium,slow,prior/gradual/K=3/medium/slow/n/a/balanced/clean,0.0,-0.05042105263157892,phishing,синтетика,False
scn-9e5a7319bcdb,2028,NoDrift,0.963421052631579,0.014760426999600895,0,3.0,0.0,0.0,3.0,0.0,0.0,,0.0,0.0,1.0,,,inf,10000.0,,,0.0,10000.0,hyperplane_gauss,20000,9,0.45,0.0,3,prior,gradual,1000,0.1,1.0,False,medium,slow,prior/gradual/K=3/medium/slow/n/a/balanced/clean,0.0,-0.05042105263157892,phishing,синтетика,False
scn-9e5a7319bcdb,2028,Periodic(2000),0.903,0.016149720000157686,9,3.0,9.0,3.0,0.0,5.0,1.0,0.3333333333333333,1.0,0.5,0.0,1333.6666666666667,1667.0,2000.0,2000.0,1.4996250937265683,1.4996250937265683,0.5,10000.0,hyperplane_gauss,20000,9,0.45,0.0,3,prior,gradual,1000,0.1,1.0,False,medium,slow,prior/gradual/K=3/medium/slow/n/a/balanced/clean,-0.06042105263157893,0.010000000000000009,phishing,синтетика,False
scn-9e5a7319bcdb,2028,Oracle,0.913,0.018314168999950198,3,3.0,3.0,3.0,0.0,0.0,0.0,1.0,1.0,1.0,0.0,501.0,501.0,inf,10000.0,inf,19.960079840319363,0.0,10000.0,hyperplane_gauss,20000,9,0.45,0.0,3,prior,gradual,1000,0.1,1.0,False,medium,slow,prior/gradual/K=3/medium/slow/n/a/balanced/clean,-0.05042105263157892,-0.0,phishing,синтетика,False
scn-9e5a7319bcdb,2029,ADWIN,0.9348421052631579,0.019511392999902455,1,3.0,1.0,1.0,2.0,0.0,0.0,1.0,0.3333333333333333,0.5,0.6666666666666667,320.0,320.0,inf,10000.0,inf,10.416666666666664,0.0,10000.0,hyperplane_gauss,20000,9,0.45,0.0,3,prior,gradual,1000,0.1,1.0,False,medium,slow,prior/gradual/K=3/medium/slow/n/a/balanced/clean,-0.02773684210526317,-0.020631578947368445,phishing,синтетика,False
scn-9e5a7319bcdb,2029,KSWIN,0.9625789473684211,4.068972611999925,0,3.0,0.0,0.0,3.0,0.0,0.0,,0.0,0.0,1.0,,,inf,10000.0,,,0.0,10000.0,hyperplane_gauss,20000,9,0.45,0.0,3,prior,gradual,1000,0.1,1.0,False,medium,slow,prior/gradual/K=3/medium/slow/n/a/balanced/clean,0.0,-0.048368421052631616,phishing,синтетика,False
scn-9e5a7319bcdb,2029,PageHinkley,0.9474736842105264,0.025143737999769655,1,3.0,1.0,0.0,3.0,1.0,0.0,0.0,0.0,0.0,1.0,,,10000.0,10000.0,,,0.1,10000.0,hyperplane_gauss,20000,9,0.45,0.0,3,prior,gradual,1000,0.1,1.0,False,medium,slow,prior/gradual/K=3/medium/slow/n/a/balanced/clean,-0.015105263157894733,-0.03326315789473688,phishing,синтетика,False
scn-9e5a7319bcdb,2029,PageHinkley-up,0.9474736842105264,0.02511577999985093,1,3.0,1.0,0.0,3.0,1.0,0.0,0.0,0.0,0.0,1.0,,,10000.0,10000.0,,,0.1,10000.0,hyperplane_gauss,20000,9,0.45,0.0,3,prior,gradual,1000,0.1,1.0,False,medium,slow,prior/gradual/K=3/medium/slow/n/a/balanced/clean,-0.015105263157894733,-0.03326315789473688,phishing,синтетика,False
scn-9e5a7319bcdb,2029,DDM,0.9475263157894737,0.024324102999798924,1,3.0,1.0,1.0,2.0,0.0,0.0,1.0,0.3333333333333333,0.5,0.6666666666666667,171.0,171.0,inf,10000.0,inf,19.493177387914226,0.0,10000.0,hyperplane_gauss,20000,9,0.45,0.0,3,prior,gradual,1000,0.1,1.0,False,medium,slow,prior/gradual/K=3/medium/slow/n/a/balanced/clean,-0.015052631578947429,-0.03331578947368419,phishing,синтетика,False
scn-9e5a7319bcdb,2029,EDDM,0.9436315789473684,0.022679351000078896,4,3.0,4.0,1.0,2.0,3.0,0.0,0.25,0.3333333333333333,0.28571428571428575,0.6666666666666667,2821.0,2821.0,3333.3333333333335,3333.3333333333335,0.393871361613297,0.393871361613297,0.3,10000.0,hyperplane_gauss,20000,9,0.45,0.0,3,prior,gradual,1000,0.1,1.0,False,medium,slow,prior/gradual/K=3/medium/slow/n/a/balanced/clean,-0.018947368421052713,-0.029421052631578903,phishing,синтетика,False
scn-9e5a7319bcdb,2029,HDDM_A,0.9625789473684211,0.09150714099996549,0,3.0,0.0,0.0,3.0,0.0,0.0,,0.0,0.0,1.0,,,inf,10000.0,,,0.0,10000.0,hyperplane_gauss,20000,9,0.45,0.0,3,prior,gradual,1000,0.1,1.0,False,medium,slow,prior/gradual/K=3/medium/slow/n/a/balanced/clean,0.0,-0.048368421052631616,phishing,синтетика,False
scn-9e5a7319bcdb,2029,HDDM_W,0.9625789473684211,0.06459361399993213,0,3.0,0.0,0.0,3.0,0.0,0.0,,0.0,0.0,1.0,,,inf,10000.0,,,0.0,10000.0,hyperplane_gauss,20000,9,0.45,0.0,3,prior,gradual,1000,0.1,1.0,False,medium,slow,prior/gradual/K=3/medium/slow/n/a/balanced/clean,0.0,-0.048368421052631616,phishing,синтетика,False
scn-9e5a7319bcdb,2029,FHDDM,0.9625789473684211,0.020696463999684056,0,3.0,0.0,0.0,3.0,0.0,0.0,,0.0,0.0,1.0,,,inf,10000.0,,,0.0,10000.0,hyperplane_gauss,20000,9,0.45,0.0,3,prior,gradual,1000,0.1,1.0,False,medium,slow,prior/gradual/K=3/medium/slow/n/a/balanced/clean,0.0,-0.048368421052631616,phishing,синтетика,False
scn-9e5a7319bcdb,2029,NoDrift,0.9625789473684211,0.014288560000295547,0,3.0,0.0,0.0,3.0,0.0,0.0,,0.0,0.0,1.0,,,inf,10000.0,,,0.0,10000.0,hyperplane_gauss,20000,9,0.45,0.0,3,prior,gradual,1000,0.1,1.0,False,medium,slow,prior/gradual/K=3/medium/slow/n/a/balanced/clean,0.0,-0.048368421052631616,phishing,синтетика,False
scn-9e5a7319bcdb,2029,Periodic(2000),0.9046315789473685,0.01578350399995543,9,3.0,9.0,3.0,0.0,5.0,1.0,0.3333333333333333,1.0,0.5,0.0,1333.6666666666667,1667.0,2000.0,2000.0,1.4996250937265683,1.4996250937265683,0.5,10000.0,hyperplane_gauss,20000,9,0.45,0.0,3,prior,gradual,1000,0.1,1.0,False,medium,slow,prior/gradual/K=3/medium/slow/n/a/balanced/clean,-0.057947368421052636,0.00957894736842102,phishing,синтетика,False
scn-9e5a7319bcdb,2029,Oracle,0.9142105263157895,0.018023453000296286,3,3.0,3.0,3.0,0.0,0.0,0.0,1.0,1.0,1.0,0.0,501.0,501.0,inf,10000.0,inf,19.960079840319363,0.0,10000.0,hyperplane_gauss,20000,9,0.45,0.0,3,prior,gradual,1000,0.1,1.0,False,medium,slow,prior/gradual/K=3/medium/slow/n/a/balanced/clean,-0.048368421052631616,-0.0,phishing,синтетика,False
scn-451f57788606,2027,ADWIN,0.9297894736842105,0.023030884000036167,4,3.0,4.0,1.0,2.0,3.0,0.0,0.25,0.3333333333333333,0.28571428571428575,0.6666666666666667,2912.0,2912.0,3333.3333333333335,3333.3333333333335,0.38156288156288154,0.38156288156288154,0.3,10000.0,hyperplane_gauss,20000,9,0.45,0.0,3,prior,gradual,1000,0.3,1.0,False,high,slow,prior/gradual/K=3/high/slow/n/a/balanced/clean,-0.006105263157894725,-0.00705263157894731,phishing,синтетика,False
scn-451f57788606,2027,KSWIN,0.9358947368421052,4.083213069000067,0,3.0,0.0,0.0,3.0,0.0,0.0,,0.0,0.0,1.0,,,inf,10000.0,,,0.0,10000.0,hyperplane_gauss,20000,9,0.45,0.0,3,prior,gradual,1000,0.3,1.0,False,high,slow,prior/gradual/K=3/high/slow/n/a/balanced/clean,0.0,-0.013157894736842035,phishing,синтетика,False
scn-451f57788606,2027,PageHinkley,0.9199473684210526,0.029508854000141582,6,3.0,6.0,2.0,1.0,4.0,0.0,0.3333333333333333,0.6666666666666666,0.4444444444444444,0.33333333333333337,1387.5,1387.5,2500.0,2500.0,1.2012012012012012,1.2012012012012012,0.4,10000.0,hyperplane_gauss,20000,9,0.45,0.0,3,prior,gradual,1000,0.3,1.0,False,high,slow,prior/gradual/K=3/high/slow/n/a/balanced/clean,-0.0159473684210526,0.002789473684210564,phishing,синтетика,False
scn-451f57788606,2027,PageHinkley-up,0.9468947368421052,0.02501738299997669,1,3.0,1.0,0.0,3.0,1.0,0.0,0.0,0.0,0.0,1.0,,,10000.0,10000.0,,,0.1,10000.0,hyperplane_gauss,20000,9,0.45,0.0,3,prior,gradual,1000,0.3,1.0,False,high,slow,prior/gradual/K=3/high/slow/n/a/balanced/clean,0.01100000000000001,-0.024157894736842045,phishing,синтетика,False
scn-451f57788606,2027,DDM,0.9547368421052631,0.025479308999820205,2,3.0,2.0,1.0,2.0,1.0,0.0,0.5,0.3333333333333333,0.4,0.6666666666666667,782.0,782.0,10000.0,10000.0,4.262574595055413,4.262574595055413,0.1,10000.0,hyperplane_gauss,20000,9,0.45,0.0,3,prior,gradual,1000,0.3,1.0,False,high,slow,prior/gradual/K=3/high/slow/n/a/balanced/clean,0.018842105263157882,-0.03199999999999992,phishing,синтетика,False
scn-451f57788606,2027,EDDM,0.9418947368421052,0.020636516999729793,3,3.0,3.0,1.0,2.0,2.0,0.0,0.3333333333333333,0.3333333333333333,0.3333333333333333,0.6666666666666667,1044.0,1044.0,5000.0,5000.0,1.5964240102171134,1.5964240102171134,0.2,10000.0,hyperplane_gauss,20000,9,0.45,0.0,3,prior,gradual,1000,0.3,1.0,False,high,slow,prior/gradual/K=3/high/slow/n/a/balanced/clean,0.006000000000000005,-0.01915789473684204,phishing,синтетика,False
scn-451f57788606,2027,HDDM_A,0.9602105263157895,0.11913999199987302,1,3.0,1.0,1.0,2.0,0.0,0.0,1.0,0.3333333333333333,0.5,0.6666666666666667,1001.0,1001.0,inf,10000.0,inf,3.330003330003329,0.0,10000.0,hyperplane_gauss,20000,9,0.45,0.0,3,prior,gradual,1000,0.3,1.0,False,high,slow,prior/gradual/K=3/high/slow/n/a/balanced/clean,0.02431578947368429,-0.037473684210526326,phishing,синтетика,False
scn-451f57788606,2027,HDDM_W,0.9358947368421052,0.06519424999987677,0,3.0,0.0,0.0,3.0,0.0,0.0,,0.0,0.0,1.0,,,inf,10000.0,,,0.0,10000.0,hyperplane_gauss,20000,9,0.45,0.0,3,prior,gradual,1000,0.3,1.0,False,high,slow,prior/gradual/K=3/high/slow/n/a/balanced/clean,0.0,-0.013157894736842035,phishing,синтетика,False
scn-451f57788606,2027,FHDDM,0.9358947368421052,0.024562736000007135,0,3.0,0.0,0.0,3.0,0.0,0.0,,0.0,0.0,1.0,,,inf,10000.0,,,0.0,10000.0,hyperplane_gauss,20000,9,0.45,0.0,3,prior,gradual,1000,0.3,1.0,False,high,slow,prior/gradual/K=3/high/slow/n/a/balanced/clean,0.0,-0.013157894736842035,phishing,синтетика,False
scn-451f57788606,2027,NoDrift,0.9358947368421052,0.014382257000306709,0,3.0,0.0,0.0,3.0,0.0,0.0,,0.0,0.0,1.0,,,inf,10000.0,,,0.0,10000.0,hyperplane_gauss,20000,9,0.45,0.0,3,prior,gradual,1000,0.3,1.0,False,high,slow,prior/gradual/K=3/high/slow/n/a/balanced/clean,0.0,-0.013157894736842035,phishing,синтетика,False
scn-451f57788606,2027,Periodic(2000),0.9078421052631579,0.015849763000005623,9,3.0,9.0,3.0,0.0,5.0,1.0,0.3333333333333333,1.0,0.5,0.0,1333.6666666666667,1667.0,2000.0,2000.0,1.4996250937265683,1.4996250937265683,0.5,10000.0,hyperplane_gauss,20000,9,0.45,0.0,3,prior,gradual,1000,0.3,1.0,False,high,slow,prior/gradual/K=3/high/slow/n/a/balanced/clean,-0.02805263157894733,0.014894736842105294,phishing,синтетика,False
scn-451f57788606,2027,Oracle,0.9227368421052632,0.018443174999902112,3,3.0,3.0,3.0,0.0,0.0,0.0,1.0,1.0,1.0,0.0,501.0,501.0,inf,10000.0,inf,19.960079840319363,0.0,10000.0,hyperplane_gauss,20000,9,0.45,0.0,3,prior,gradual,1000,0.3,1.0,False,high,slow,prior/gradual/K=3/high/slow/n/a/balanced/clean,-0.013157894736842035,-0.0,phishing,синтетика,False
scn-451f57788606,2028,ADWIN,0.9312631578947368,0.026072466000186978,6,3.0,6.0,1.0,2.0,3.0,2.0,0.16666666666666666,0.3333333333333333,0.2222222222222222,0.6666666666666667,544.0,544.0,3333.3333333333335,3333.3333333333335,2.042483660130719,2.042483660130719,0.3,10000.0,hyperplane_gauss,20000,9,0.45,0.0,3,prior,gradual,1000,0.3,1.0,False,high,slow,prior/gradual/K=3/high/slow/n/a/balanced/clean,-0.0007368421052632579,-0.011473684210526303,phishing,синтетика,False
scn-451f57788606,2028,KSWIN,0.932,4.051227188000212,0,3.0,0.0,0.0,3.0,0.0,0.0,,0.0,0.0,1.0,,,inf,10000.0,,,0.0,10000.0,hyperplane_gauss,20000,9,0.45,0.0,3,prior,gradual,1000,0.3,1.0,False,high,slow,prior/gradual/K=3/high/slow/n/a/balanced/clean,0.0,-0.01221052631578956,phishing,синтетика,False
scn-451f57788606,2028,PageHinkley,0.9195263157894736,0.029770730000109324,9,3.0,9.0,2.0,1.0,4.0,3.0,0.2222222222222222,0.6666666666666666,0.3333333333333333,0.33333333333333337,580.0,580.0,2500.0,2500.0,2.873563218390805,2.873563218390805,0.4,10000.0,hyperplane_gauss,20000,9,0.45,0.0,3,prior,gradual,1000,0.3,1.0,False,high,slow,prior/gradual/K=3/high/slow/n/a/balanced/clean,-0.012473684210526415,0.000263157894736854,phishing,синтетика,False
scn-451f57788606,2028,PageHinkley-up,0.9589473684210527,0.02459348999991562,1,3.0,1.0,1.0,2.0,0.0,0.0,1.0,0.3333333333333333,0.5,0.6666666666666667,327.0,327.0,inf,10000.0,inf,10.193679918450558,0.0,10000.0,hyperplane_gauss,20000,9,0.45,0.0,3,prior,gradual,1000,0.3,1.0,False,high,slow,prior/gradual/K=3/high/slow/n/a/balanced/clean,0.02694736842105261,-0.03915789473684217,phishing,синтетика,False
scn-451f57788606,2028,DDM,0.9540526315789474,0.02589329500005988,2,3.0,2.0,1.0,2.0,1.0,0.0,0.5,0.3333333333333333,0.4,0.6666666666666667,529.0,529.0,10000.0,10000.0,6.301197227473218,6.301197227473218,0.1,10000.0,hyperplane_gauss,20000,9,0.45,0.0,3,prior,gradual,1000,0.3,1.0,False,high,slow,prior/gradual/K=3/high/slow/n/a/balanced/clean,0.022052631578947324,-0.034263157894736884,phishing,синтетика,False
scn-451f57788606,2028,EDDM,0.9461578947368421,0.019756899000185513,3,3.0,3.0,1.0,2.0,2.0,0.0,0.3333333333333333,0.3333333333333333,0.3333333333333333,0.6666666666666667,540.0,540.0,5000.0,5000.0,3.0864197530864192,3.0864197530864192,0.2,10000.0,hyperplane_gauss,20000,9,0.45,0.0,3,prior,gradual,1000,0.3,1.0,False,high,slow,prior/gradual/K=3/high/slow/n/a/balanced/clean,0.014157894736842036,-0.026368421052631597,phishing,синтетика,False
scn-451f57788606,2028,HDDM_A,0.9527894736842105,0.11375763199976063,1,3.0,1.0,1.0,2.0,0.0,0.0,1.0,0.3333333333333333,0.5,0.6666666666666667,1509.0,1509.0,inf,10000.0,inf,2.2089684117517114,0.0,10000.0,hyperplane_gauss,20000,9,0.45,0.0,3,prior,gradual,1000,0.3,1.0,False,high,slow,prior/gradual/K=3/high/slow/n/a/balanced/clean,0.02078947368421047,-0.03300000000000003,phishing,синтетика,False
scn-451f57788606,2028,HDDM_W,0.932,0.06373301999974501,0,3.0,0.0,0.0,3.0,0.0,0.0,,0.0,0.0,1.0,,,inf,10000.0,,,0.0,10000.0,hyperplane_gauss,20000,9,0.45,0.0,3,prior,gradual,1000,0.3,1.0,False,high,slow,prior/gradual/K=3/high/slow/n/a/balanced/clean,0.0,-0.01221052631578956,phishing,синтетика,False
scn-451f57788606,2028,FHDDM,0.932,0.020534145000056014,0,3.0,0.0,0.0,3.0,0.0,0.0,,0.0,0.0,1.0,,,inf,10000.0,,,0.0,10000.0,hyperplane_gauss,20000,9,0.45,0.0,3,prior,gradual,1000,0.3,1.0,False,high,slow,prior/gradual/K=3/high/slow/n/a/balanced/clean,0.0,-0.01221052631578956,phishing,синтетика,False
scn-451f57788606,2028,NoDrift,0.932,0.014517162999709399,0,3.0,0.0,0.0,3.0,0.0,0.0,,0.0,0.0,1.0,,,inf,10000.0,,,0.0,10000.0,hyperplane_gauss,20000,9,0.45,0.0,3,prior,gradual,1000,0.3,1.0,False,high,slow,prior/gradual/K=3/high/slow/n/a/balanced/clean,0.0,-0.01221052631578956,phishing,синтетика,False
scn-451f57788606,2028,Periodic(2000),0.9047368421052632,0.016134294000039517,9,3.0,9.0,3.0,0.0,5.0,1.0,0.3333333333333333,1.0,0.5,0.0,1333.6666666666667,1667.0,2000.0,2000.0,1.4996250937265683,1.4996250937265683,0.5,10000.0,hyperplane_gauss,20000,9,0.45,0.0,3,prior,gradual,1000,0.3,1.0,False,high,slow,prior/gradual/K=3/high/slow/n/a/balanced/clean,-0.027263157894736878,0.015052631578947318,phishing,синтетика,False
scn-451f57788606,2028,Oracle,0.9197894736842105,0.018428178999783995,3,3.0,3.0,3.0,0.0,0.0,0.0,1.0,1.0,1.0,0.0,501.0,501.0,inf,10000.0,inf,19.960079840319363,0.0,10000.0,hyperplane_gauss,20000,9,0.45,0.0,3,prior,gradual,1000,0.3,1.0,False,high,slow,prior/gradual/K=3/high/slow/n/a/balanced/clean,-0.01221052631578956,-0.0,phishing,синтетика,False
scn-451f57788606,2029,ADWIN,0.9218421052631579,0.022902694000094925,7,3.0,7.0,2.0,1.0,5.0,0.0,0.2857142857142857,0.6666666666666666,0.4,0.33333333333333337,1249.5,1249.5,2000.0,2000.0,1.0670935040682938,1.0670935040682938,0.5,10000.0,hyperplane_gauss,20000,9,0.45,0.0,3,prior,gradual,1000,0.3,1.0,False,high,slow,prior/gradual/K=3/high/slow/n/a/balanced/clean,-0.009210526315789447,-0.005157894736842139,phishing,синтетика,False
scn-451f57788606,2029,KSWIN,0.9310526315789474,4.1025635259998126,0,3.0,0.0,0.0,3.0,0.0,0.0,,0.0,0.0,1.0,,,inf,10000.0,,,0.0,10000.0,hyperplane_gauss,20000,9,0.45,0.0,3,prior,gradual,1000,0.3,1.0,False,high,slow,prior/gradual/K=3/high/slow/n/a/balanced/clean,0.0,-0.014368421052631586,phishing,синтетика,False
scn-451f57788606,2029,PageHinkley,0.9161578947368421,0.03311028799998894,9,3.0,9.0,2.0,1.0,5.0,2.0,0.2222222222222222,0.6666666666666666,0.3333333333333333,0.33333333333333337,920.0,920.0,2000.0,2000.0,1.4492753623188404,1.4492753623188404,0.5,10000.0,hyperplane_gauss,20000,9,0.45,0.0,3,prior,gradual,1000,0.3,1.0,False,high,slow,prior/gradual/K=3/high/slow/n/a/balanced/clean,-0.014894736842105294,0.000526315789473708,phishing,синтетика,False
scn-451f57788606,2029,PageHinkley-up,0.9581052631578947,0.024991838000005373,1,3.0,1.0,0.0,3.0,1.0,0.0,0.0,0.0,0.0,1.0,,,10000.0,10000.0,,,0.1,10000.0,hyperplane_gauss,20000,9,0.45,0.0,3,prior,gradual,1000,0.3,1.0,False,high,slow,prior/gradual/K=3/high/slow/n/a/balanced/clean,0.027052631578947328,-0.041421052631578914,phishing,синтетика,False
scn-451f57788606,2029,DDM,0.9475263157894737,0.02625369999987015,2,3.0,2.0,1.0,2.0,1.0,0.0,0.5,0.3333333333333333,0.4,0.6666666666666667,816.0,816.0,10000.0,10000.0,4.084967320261438,4.084967320261438,0.1,10000.0,hyperplane_gauss,20000,9,0.45,0.0,3,prior,gradual,1000,0.3,1.0,False,high,slow,prior/gradual/K=3/high/slow/n/a/balanced/clean,0.016473684210526307,-0.030842105263157893,phishing,синтетика,False
scn-451f57788606,2029,EDDM,0.9449473684210526,0.02144954899995355,3,3.0,3.0,1.0,2.0,2.0,0.0,0.3333333333333333,0.3333333333333333,0.3333333333333333,0.6666666666666667,538.0,538.0,5000.0,5000.0,3.097893432465922,3.097893432465922,0.2,10000.0,hyperplane_gauss,20000,9,0.45,0.0,3,prior,gradual,1000,0.3,1.0,False,high,slow,prior/gradual/K=3/high/slow/n/a/balanced/clean,0.013894736842105293,-0.02826315789473688,phishing,синтетика,False
scn-451f57788606,2029,HDDM_A,0.9561052631578948,0.11810572500007765,1,3.0,1.0,1.0,2.0,0.0,0.0,1.0,0.3333333333333333,0.5,0.6666666666666667,1075.0,1075.0,inf,10000.0,inf,3.100775193798449,0.0,10000.0,hyperplane_gauss,20000,9,0.45,0.0,3,prior,gradual,1000,0.3,1.0,False,high,slow,prior/gradual/K=3/high/slow/n/a/balanced/clean,0.025052631578947437,-0.03942105263157902,phishing,синтетика,False
scn-451f57788606,2029,HDDM_W,0.9310526315789474,0.06442016399978456,0,3.0,0.0,0.0,3.0,0.0,0.0,,0.0,0.0,1.0,,,inf,10000.0,,,0.0,10000.0,hyperplane_gauss,20000,9,0.45,0.0,3,prior,gradual,1000,0.3,1.0,False,high,slow,prior/gradual/K=3/high/slow/n/a/balanced/clean,0.0,-0.014368421052631586,phishing,синтетика,False
scn-451f57788606,2029,FHDDM,0.9310526315789474,0.021003798000037932,0,3.0,0.0,0.0,3.0,0.0,0.0,,0.0,0.0,1.0,,,inf,10000.0,,,0.0,10000.0,hyperplane_gauss,20000,9,0.45,0.0,3,prior,gradual,1000,0.3,1.0,False,high,slow,prior/gradual/K=3/high/slow/n/a/balanced/clean,0.0,-0.014368421052631586,phishing,синтетика,False
scn-451f57788606,2029,NoDrift,0.9310526315789474,0.01440946700040513,0,3.0,0.0,0.0,3.0,0.0,0.0,,0.0,0.0,1.0,,,inf,10000.0,,,0.0,10000.0,hyperplane_gauss,20000,9,0.45,0.0,3,prior,gradual,1000,0.3,1.0,False,high,slow,prior/gradual/K=3/high/slow/n/a/balanced/clean,0.0,-0.014368421052631586,phishing,синтетика,False
scn-451f57788606,2029,Periodic(2000),0.9034736842105263,0.01615660699962973,9,3.0,9.0,3.0,0.0,5.0,1.0,0.3333333333333333,1.0,0.5,0.0,1333.6666666666667,1667.0,2000.0,2000.0,1.4996250937265683,1.4996250937265683,0.5,10000.0,hyperplane_gauss,20000,9,0.45,0.0,3,prior,gradual,1000,0.3,1.0,False,high,slow,prior/gradual/K=3/high/slow/n/a/balanced/clean,-0.027578947368421036,0.01321052631578945,phishing,синтетика,False
scn-451f57788606,2029,Oracle,0.9166842105263158,0.01847524599997996,3,3.0,3.0,3.0,0.0,0.0,0.0,1.0,1.0,1.0,0.0,501.0,501.0,inf,10000.0,inf,19.960079840319363,0.0,10000.0,hyperplane_gauss,20000,9,0.45,0.0,3,prior,gradual,1000,0.3,1.0,False,high,slow,prior/gradual/K=3/high/slow/n/a/balanced/clean,-0.014368421052631586,-0.0,phishing,синтетика,False
